stage,sequence,release_ns,queued_ns,start_ns,end_ns,age_ms,queue_ms,service_ms,output_samples
live,0,17005144219616,17005144575491,17005144745829,17005166187210,21.967594,0.170338,21.441381,3840
live,1,17005154219616,17005154528188,17005166543566,17005169914455,15.694839,12.015378,3.370889,3840
live,2,17005164219616,17005165808741,17005170011736,17005173043453,8.823837,4.202995,3.031717,3840
live,3,17005174219616,17005174422158,17005174524079,17005177516276,3.29666,0.101921,2.992197,3840
live,4,17005184219616,17005184385639,17005184478120,17005187450956,3.23134,0.092481,2.972836,3840
live,5,17005194219616,17005194383360,17005194473026,17005197336708,3.117092,0.089666,2.863682,3840
live,6,17005204219616,17005204370970,17005204436763,17005206940921,2.721305,0.065793,2.504158,3840
live,7,17005214219616,17005214345747,17005214666711,17005218712904,4.493288,0.320964,4.046193,3840
live,8,17005224219616,17005224362189,17005224462510,17005227948184,3.728568,0.100321,3.485674,3840
live,9,17005234219616,17005234371046,17005234467687,17005237957138,3.737522,0.096641,3.489451,3840
live,10,17005244219616,17005244367616,17005244467009,17005247941771,3.722155,0.099393,3.474762,3840
live,11,17005254219616,17005254373145,17005254470234,17005257944229,3.724613,0.097089,3.473995,3840
live,12,17005264219616,17005264433331,17005264966138,17005268617286,4.39767,0.532807,3.651148,3840
live,13,17005274219616,17005274400652,17005274795249,17005278385757,4.166141,0.394597,3.590508,3840
live,14,17005284219616,17005284359301,17005284663273,17005286892164,2.672548,0.303972,2.228891,3840
live,15,17005294219616,17005294353087,17005294676515,17005298071212,3.851596,0.323428,3.394697,3840
live,16,17005304219616,17005304372313,17005304728893,17005308374601,4.154985,0.35658,3.645708,3840
live,17,17005314219616,17005314343634,17005314645685,17005317966462,3.746846,0.302051,3.320777,3840
live,18,17005324219616,17005324374508,17005324755312,17005328772001,4.552385,0.380804,4.016689,3840
live,19,17005334219616,17005334379141,17005334749994,17005338582840,4.363224,0.370853,3.832846,3840
live,20,17005344219616,17005344379039,17005344750147,17005362888543,18.668927,0.371108,18.138396,3840
live,21,17005354219616,17005354396248,17005363023585,17005366509483,12.289867,8.627337,3.485898,3840
live,22,17005364219616,17005364375953,17005366623917,17005369964597,5.744981,2.247964,3.34068,3840
live,23,17005374219616,17005374374635,17005374743919,17005378282394,4.062778,0.369284,3.538475,3840
live,24,17005384219616,17005384380516,17005384472614,17005387876495,3.656879,0.092098,3.403881,3840
live,25,17005394219616,17005394371998,17005394456415,17005397625093,3.405477,0.084417,3.168678,3840
live,26,17005404219616,17005404360055,17005404452568,17005407638463,3.418847,0.092513,3.185895,3840
live,27,17005414219616,17005414344208,17005414420689,17005417718009,3.498393,0.076481,3.29732,3840
live,28,17005424219616,17005424372234,17005424482572,17005428199833,3.980217,0.110338,3.717261,3840
live,29,17005434219616,17005434373636,17005434463493,17005438231443,4.011827,0.089857,3.76795,3840
live,30,17005444219616,17005444365117,17005444437310,17005448117291,3.897675,0.072193,3.679981,3840
live,31,17005454219616,17005454366199,17005454452408,17005458226022,4.006406,0.086209,3.773614,3840
live,32,17005464219616,17005464367664,17005464438673,17005468111934,3.892318,0.071009,3.673261,3840
live,33,17005474219616,17005474369834,17005474458315,17005478156472,3.936856,0.088481,3.698157,3840
live,34,17005484219616,17005484375139,17005484473476,17005488143793,3.924177,0.098337,3.670317,3840
live,35,17005494219616,17005494370205,17005494459070,17005498165963,3.946347,0.088865,3.706893,3840
live,36,17005504219616,17005504372982,17005504453239,17005507805536,3.58592,0.080257,3.352297,3840
live,37,17005514219616,17005514350319,17005514419952,17005517800153,3.580537,0.069633,3.380201,3840
live,38,17005524219616,17005524641644,17005524745262,17005528615613,4.395997,0.103618,3.870351,3840
live,39,17005534219616,17005534371619,17005534443875,17005538363315,4.143699,0.072256,3.91944,3840
live,40,17005544219616,17005544366364,17005544456285,17005562605914,18.386298,0.089921,18.149629,3840
live,41,17005554219616,17005554408246,17005562718843,17005566189317,11.969701,8.310597,3.470474,3840
live,42,17005564219616,17005564370383,17005566297446,17005569531086,5.31147,1.927063,3.23364,3840
live,43,17005574219616,17005574359624,17005574461290,17005577791378,3.571762,0.101666,3.330088,3840
live,44,17005584219616,17005584375266,17005584461091,17005588075439,3.855823,0.085825,3.614348,3840
live,45,17005594219616,17005594372827,17005594463613,17005597953095,3.733479,0.090786,3.489482,3840
live,46,17005604219616,17005604368821,17005604476406,17005608281828,4.062212,0.107585,3.805422,3840
live,47,17005614219616,17005614363534,17005614446191,17005618213661,3.994045,0.082657,3.76747,3840
live,48,17005624219616,17005624364392,17005624456649,17005628358296,4.13868,0.092257,3.901647,3840
live,49,17005634219616,17005634369217,17005634462594,17005638161199,3.941583,0.093377,3.698605,3840
live,50,17005644219616,17005644370331,17005644460476,17005648186121,3.966505,0.090145,3.725645,3840
live,51,17005654219616,17005654361556,17005654447509,17005658193763,3.974147,0.085953,3.746254,3840
live,52,17005664219616,17005664366990,17005664441423,17005668220317,4.000701,0.074433,3.778894,3840
live,53,17005674219616,17005674362311,17005674442888,17005679034016,4.8144,0.080577,4.591128,3840
live,54,17005684219616,17005684375841,17005684469922,17005688286192,4.066576,0.094081,3.81627,3840
live,55,17005694219616,17005694365498,17005694449115,17005698225385,4.005769,0.083617,3.77627,3840
live,56,17005704219616,17005704372212,17005704445077,17005708361860,4.142244,0.072865,3.916783,3840
live,57,17005714219616,17005714360557,17005714434958,17005718213660,3.994044,0.074401,3.778702,3840
live,58,17005724219616,17005724405607,17005724538633,17005727581454,3.361838,0.133026,3.042821,3840
live,59,17005734219616,17005734383936,17005734470529,17005737036608,2.816992,0.086593,2.566079,3840
live,60,17005744219616,17005744357273,17005744438842,17005762489174,18.269558,0.081569,18.050332,3840
live,61,17005754219616,17005754413524,17005762621975,17005766233507,12.013891,8.208451,3.611532,3840
live,62,17005764219616,17005764404397,17005766337796,17005769629900,5.410284,1.933399,3.292104,3840
live,63,17005774219616,17005774372934,17005774468871,17005777572621,3.353005,0.095937,3.10375,3840
live,64,17005784219616,17005784387616,17005784498529,17005788129261,3.909645,0.110913,3.630732,3840
live,65,17005794219616,17005794378073,17005794481114,17005797953092,3.733476,0.103041,3.471978,3840
live,66,17005804219616,17005804379635,17005804477204,17005807991070,3.771454,0.097569,3.513866,3840
live,67,17005814219616,17005814374764,17005814460877,17005817961720,3.742104,0.086113,3.500843,3840
live,68,17005824219616,17005824370469,17005824463143,17005827934897,3.715281,0.092674,3.471754,3840
live,69,17005834219616,17005834373375,17005834464320,17005837974283,3.754667,0.090945,3.509963,3840
live,70,17005844219616,17005844369016,17005844466106,17005847928964,3.709348,0.09709,3.462858,3840
live,71,17005854219616,17005854364530,17005854446131,17005857947581,3.727965,0.081601,3.50145,3840
live,72,17005864219616,17005864369931,17005864458636,17005868522846,4.30323,0.088705,4.06421,3840
live,73,17005874219616,17005874362693,17005874434566,17005878217236,3.99762,0.071873,3.78267,3840
live,74,17005884219616,17005884377662,17005884483488,17005888287726,4.06811,0.105826,3.804238,3840
live,75,17005894219616,17005894370136,17005894442073,17005898257927,4.038311,0.071937,3.815854,3840
live,76,17005904219616,17005904422354,17005904527155,17005908300481,4.080865,0.104801,3.773326,3840
live,77,17005914219616,17005914400075,17005914484556,17005918247514,4.027898,0.084481,3.762958,3840
live,78,17005924219616,17005924371268,17005924478853,17005928289204,4.069588,0.107585,3.810351,3840
live,79,17005934219616,17005934380062,17005934470463,17005938238061,4.018445,0.090401,3.767598,3840
live,80,17005944219616,17005944373271,17005944475896,17005962273681,18.054065,0.102625,17.797785,3840
live,81,17005954219616,17005954411313,17005962392690,17005964927313,10.707697,7.981377,2.534623,3840
live,82,17005964219616,17005964688686,17005965014770,17005968029111,3.809495,0.326084,3.014341,3840
live,83,17005974219616,17005974358691,17005974445124,17005977540362,3.320746,0.086433,3.095238,3840
live,84,17005984219616,17005984623680,17005984739138,17005988406446,4.18683,0.115458,3.667308,3840
live,85,17005994219616,17005994381335,17005994472248,17005998237702,4.018086,0.090913,3.765454,3840
live,86,17006004219616,17006004376016,17006004467473,17006008309856,4.09024,0.091457,3.842383,3840
live,87,17006014219616,17006014367625,17006014454763,17006018240761,4.021145,0.087138,3.785998,3840
live,88,17006024219616,17006024371075,17006024446948,17006028126705,3.907089,0.075873,3.679757,3840
live,89,17006034219616,17006034370460,17006034440413,17006038203147,3.983531,0.069953,3.762734,3840
live,90,17006044219616,17006044372214,17006044450487,17006048239685,4.020069,0.078273,3.789198,3840
live,91,17006054219616,17006054369583,17006054442320,17006058210686,3.99107,0.072737,3.768366,3840
live,92,17006064219616,17006064367081,17006064441066,17006068223640,4.004024,0.073985,3.782574,3840
live,93,17006074219616,17006074362658,17006074436515,17006078180497,3.960881,0.073857,3.743982,3840
live,94,17006084219616,17006084365628,17006084443133,17006088230635,4.011019,0.077505,3.787502,3840
live,95,17006094219616,17006094366293,17006094455158,17006098219332,3.999716,0.088865,3.764174,3840
live,96,17006104219616,17006104376111,17006104453712,17006108247614,4.027998,0.077601,3.793902,3840
live,97,17006114219616,17006114364264,17006114451209,17006118215799,3.996183,0.086945,3.76459,3840
live,98,17006124219616,17006124367266,17006124446275,17006128224049,4.004433,0.079009,3.777774,3840
live,99,17006134219616,17006136703224,17006136883130,17006141725493,7.505877,0.179906,4.842363,3840
replay,99,17006134219616,17006136780377,17006137234942,17006241973175,107.753559,0.454565,104.738233,292352
live,100,17006144219616,17006145800518,17006146148298,17006166759621,22.540005,0.34778,20.611323,3840
live,101,17006154219616,17006154707666,17006167008168,17006169680520,15.460904,12.300502,2.672352,3840
live,102,17006164219616,17006164552522,17006169780266,17006172957744,8.738128,5.227744,3.177478,3840
live,103,17006174219616,17006174432930,17006174533123,17006177774091,3.554475,0.100193,3.240968,3840
live,104,17006184219616,17006184396027,17006184502748,17006188305803,4.086187,0.106721,3.803055,3840
live,105,17006194219616,17006194394645,17006194492406,17006197762333,3.542717,0.097761,3.269927,3840
live,106,17006204219616,17006204346765,17006204426414,17006207254737,3.035121,0.079649,2.828323,3840
live,107,17006214219616,17006214348199,17006214432968,17006217409932,3.190316,0.084769,2.976964,3840
live,108,17006224219616,17006224350176,17006224431809,17006227757194,3.537578,0.081633,3.325385,3840
live,109,17006234219616,17006234953665,17006235160164,17006239422520,5.202904,0.206499,4.262356,3840
live,110,17006244219616,17006244416948,17006244515285,17006247768829,3.549213,0.098337,3.253544,3840
live,111,17006254219616,17006254343533,17006254424942,17006257677877,3.458261,0.081409,3.252935,3840
live,112,17006264219616,17006264331558,17006264405575,17006267592526,3.37291,0.074017,3.186951,3840
live,113,17006274219616,17006274326528,17006274394240,17006277747913,3.528297,0.067712,3.353673,3840
live,114,17006284219616,17006284420122,17006284519867,17006288249513,4.029897,0.099745,3.729646,3840
live,115,17006294219616,17006294630870,17006294720791,17006298472517,4.252901,0.089921,3.751726,3840
live,116,17006304219616,17006304399149,17006304500110,17006308226203,4.006587,0.100961,3.726093,3840
live,117,17006314219616,17006314398662,17006314490311,17006317932273,3.712657,0.091649,3.441962,3840
live,118,17006324219616,17006324396128,17006324484961,17006328209358,3.989742,0.088833,3.724397,3840
live,119,17006334219616,17006334397081,17006334486650,17006337936836,3.71722,0.089569,3.450186,3840
live,120,17006344219616,17006344371699,17006344449203,17006362287468,18.067852,0.077504,17.838265,3840
live,121,17006354219616,17006354321483,17006362419662,17006365553108,11.333492,8.098179,3.133446,3840
live,122,17006364219616,17006364412742,17006365676693,17006369012798,4.793182,1.263951,3.336105,3840
live,123,17006374219616,17006374406591,17006374504193,17006377771304,3.551688,0.097602,3.267111,3840
live,124,17006384219616,17006384415897,17006384512378,17006388152294,3.932678,0.096481,3.639916,3840
live,125,17006394219616,17006394397298,17006394504660,17006398057151,3.837535,0.107362,3.552491,3840
live,126,17006404219616,17006404433164,17006404542829,17006408307483,4.087867,0.109665,3.764654,3840
live,127,17006414219616,17006414700169,17006414797546,17006418630553,4.410937,0.097377,3.833007,3840
live,128,17006424219616,17006424396767,17006424487168,17006428249261,4.029645,0.090401,3.762093,3840
live,129,17006434219616,17006434393688,17006434493497,17006438238951,4.019335,0.099809,3.745454,3840
live,130,17006444219616,17006444420658,17006444504339,17006448379746,4.16013,0.083681,3.875407,3840
live,131,17006454219616,17006454378923,17006454455756,17006457620082,3.400466,0.076833,3.164326,3840
live,132,17006464219616,17006464353348,17006464433637,17006468083409,3.863793,0.080289,3.649772,3840
live,133,17006474219616,17006474396670,17006474488575,17006477905801,3.686185,0.091905,3.417226,3840
live,134,17006484219616,17006484402520,17006484502777,17006487935171,3.715555,0.100257,3.432394,3840
live,135,17006494219616,17006494403569,17006494499026,17006498525283,4.305667,0.095457,4.026257,3840
live,136,17006504219616,17006504401131,17006504495244,17006508327034,4.107418,0.094113,3.83179,3840
live,137,17006514219616,17006514411492,17006514508165,17006518326740,4.107124,0.096673,3.818575,3840
live,138,17006524219616,17006524404734,17006524492031,17006528206988,3.987372,0.087297,3.714957,3840
live,139,17006534219616,17006534381335,17006534478552,17006537919330,3.699714,0.097217,3.440778,3840
live,140,17006544219616,17006544393680,17006544478033,17006562440236,18.22062,0.084353,17.962203,3840
live,141,17006554219616,17006554397514,17006562579501,17006565292558,11.072942,8.181987,2.713057,3840
live,142,17006564219616,17006564477124,17006565398288,17006568634103,4.414487,0.921164,3.235815,3840
live,143,17006574219616,17006574408029,17006574495646,17006577602660,3.383044,0.087617,3.107014,3840
live,144,17006584219616,17006584393334,17006584488376,17006587714879,3.495263,0.095042,3.226503,3840
live,145,17006594219616,17006594409776,17006594507505,17006598147293,3.927677,0.097729,3.639788,3840
live,146,17006604219616,17006604403465,17006604511243,17006608287929,4.068313,0.107778,3.776686,3840
live,147,17006614219616,17006614413571,17006614497604,17006617977038,3.757422,0.084033,3.479434,3840
live,148,17006624219616,17006624454493,17006624594655,17006628107369,3.887753,0.140162,3.512714,3840
live,149,17006634219616,17006634432758,17006634568728,17006638055490,3.835874,0.13597,3.486762,3840
live,150,17006644219616,17006644420496,17006644518065,17006647959451,3.739835,0.097569,3.441386,3840
live,151,17006654219616,17006654435273,17006654560395,17006658404346,4.18473,0.125122,3.843951,3840
live,152,17006664219616,17006664519268,17006664625957,17006668447124,4.227508,0.106689,3.821167,3840
live,153,17006674219616,17006674446716,17006674562174,17006678286379,4.066763,0.115458,3.724205,3840
live,154,17006684219616,17006684406037,17006684500087,17006688219556,3.99994,0.09405,3.719469,3840
live,155,17006694219616,17006694393679,17006694482288,17006697909177,3.689561,0.088609,3.426889,3840
live,156,17006704219616,17006704419145,17006704542186,17006707951891,3.732275,0.123041,3.409705,3840
live,157,17006714219616,17006714407010,17006714502691,17006717929165,3.709549,0.095681,3.426474,3840
live,158,17006724219616,17006724400283,17006724493340,17006727889414,3.669798,0.093057,3.396074,3840
live,159,17006734219616,17006734398837,17006734489366,17006737920031,3.700415,0.090529,3.430665,3840
live,160,17006744219616,17006744488943,17006744578192,17006763371445,19.151829,0.089249,18.793253,3840
live,161,17006754219616,17006754430984,17006763513718,17006767126242,12.906626,9.082734,3.612524,3840
live,162,17006764219616,17006764399969,17006767247460,17006770690702,6.471086,2.847491,3.443242,3840
live,163,17006774219616,17006774421371,17006774524284,17006778013767,3.794151,0.102913,3.489483,3840
live,164,17006784219616,17006784404372,17006784499605,17006787464057,3.244441,0.095233,2.964452,3840
live,165,17006794219616,17006794404622,17006794494447,17006797703414,3.483798,0.089825,3.208967,3840
live,166,17006804219616,17006804873197,17006804996974,17006808346039,4.126423,0.123777,3.349065,3840
live,167,17006814219616,17006814423521,17006814537730,17006817972716,3.7531,0.114209,3.434986,3840
live,168,17006824219616,17006824409018,17006824501083,17006827907173,3.687557,0.092065,3.40609,3840
live,169,17006834219616,17006834391859,17006834490421,17006837935359,3.715743,0.098562,3.444938,3840
live,170,17006844219616,17006844395757,17006844484526,17006848383453,4.163837,0.088769,3.898927,3840
live,171,17006854219616,17006854421799,17006854549512,17006858297142,4.077526,0.127713,3.74763,3840
live,172,17006864219616,17006864413952,17006864525250,17006868371792,4.152176,0.111298,3.846542,3840
live,173,17006874219616,17006874411802,17006874514619,17006878440811,4.221195,0.102817,3.926192,3840
live,174,17006884219616,17006884410259,17006884509204,17006888346531,4.126915,0.098945,3.837327,3840
live,175,17006894219616,17006894405133,17006894500782,17006898324540,4.104924,0.095649,3.823758,3840
live,176,17006904219616,17006904396582,17006904480775,17006908633145,4.413529,0.084193,4.15237,3840
live,177,17006914219616,17006914397695,17006914488353,17006918308527,4.088911,0.090658,3.820174,3840
live,178,17006924219616,17006924395353,17006924477818,17006928315336,4.09572,0.082465,3.837518,3840
live,179,17006934219616,17006934396882,17006934477299,17006938296514,4.076898,0.080417,3.819215,3840
live,180,17006944219616,17006944394540,17006944493709,17006962526760,18.307144,0.099169,18.033051,3840
live,181,17006954219616,17006954424294,17006962662986,17006965323594,11.103978,8.238692,2.660608,3840
live,182,17006964219616,17006964438591,17006965431083,17006969005111,4.785495,0.992492,3.574028,3840
live,183,17006974219616,17006974425049,17006974531418,17006977972420,3.752804,0.106369,3.441002,3840
live,184,17006984219616,17006984392818,17006984492403,17006988141183,3.921567,0.099585,3.64878,3840
live,185,17006994219616,17006994422380,17006994515405,17006998161369,3.941753,0.093025,3.645964,3840
live,186,17007004219616,17007004393253,17007004477382,17007008320532,4.100916,0.084129,3.84315,3840
live,187,17007014219616,17007014393982,17007014490303,17007018269869,4.050253,0.096321,3.779566,3840
live,188,17007024219616,17007024425464,17007024515513,17007028268103,4.048487,0.090049,3.75259,3840
live,189,17007034219616,17007034396081,17007034476818,17007038217504,3.997888,0.080737,3.740686,3840
live,190,17007044219616,17007044381739,17007044466252,17007048211225,3.991609,0.084513,3.744973,3840
live,191,17007054219616,17007054415876,17007054509382,17007058262003,4.042387,0.093506,3.752621,3840
live,192,17007064219616,17007064394174,17007064478943,17007068224748,4.005132,0.084769,3.745805,3840
live,193,17007074219616,17007074385783,17007074473912,17007078210726,3.99111,0.088129,3.736814,3840
live,194,17007084219616,17007084396465,17007084486354,17007088286528,4.066912,0.089889,3.800174,3840
live,195,17007094219616,17007094404746,17007094499947,17007098243513,4.023897,0.095201,3.743566,3840
live,196,17007104219616,17007104409220,17007104511621,17007108311187,4.091571,0.102401,3.799566,3840
live,197,17007114219616,17007114398173,17007114483934,17007118248908,4.029292,0.085761,3.764974,3840
live,198,17007124219616,17007124394551,17007124481880,17007128209701,3.990085,0.087329,3.727821,3840
live,199,17007134219616,17007136592971,17007136783725,17007142035053,7.815437,0.190754,5.251328,3840
replay,199,17007134219616,17007136657740,17007136896495,17007240848061,106.628445,0.238755,103.951566,292352
live,200,17007144219616,17007144753550,17007145074674,17007166468406,22.24879,0.321124,21.393732,3840
live,201,17007154219616,17007154712999,17007166714841,17007169377241,15.157625,12.001842,2.6624,3840
live,202,17007164219616,17007164818818,17007169508187,17007171806263,7.586647,4.689369,2.298076,3840
live,203,17007174219616,17007174431703,17007174558328,17007176775251,2.555635,0.126625,2.216923,3840
live,204,17007184219616,17007184423984,17007184541265,17007187645239,3.425623,0.117281,3.103974,3840
live,205,17007194219616,17007194423529,17007194535019,17007197046857,2.827241,0.11149,2.511838,3840
live,206,17007204219616,17007204372194,17007204451811,17007207329222,3.109606,0.079617,2.877411,3840
live,207,17007214219616,17007214368316,17007214459453,17007217938375,3.718759,0.091137,3.478922,3840
live,208,17007224219616,17007224385653,17007224477559,17007227906944,3.687328,0.091906,3.429385,3840
live,209,17007234219616,17007234513232,17007234681203,17007238846437,4.626821,0.167971,4.165234,3840
live,210,17007244219616,17007244429353,17007244527402,17007247766929,3.547313,0.098049,3.239527,3840
live,211,17007254219616,17007254344385,17007254419010,17007257086115,2.866499,0.074625,2.667105,3840
live,212,17007264219616,17007264340059,17007264403644,17007267701988,3.482372,0.063585,3.298344,3840
live,213,17007274219616,17007274335700,17007274401045,17007277616636,3.39702,0.065345,3.215591,3840
live,214,17007284219616,17007284335758,17007284403759,17007287543285,3.323669,0.068001,3.139526,3840
live,215,17007294219616,17007294335271,17007294404520,17007297555598,3.335982,0.069249,3.151078,3840
live,216,17007304219616,17007304355009,17007304439778,17007307652873,3.433257,0.084769,3.213095,3840
live,217,17007314219616,17007314363483,17007314449468,17007317966150,3.746534,0.085985,3.516682,3840
live,218,17007324219616,17007324410229,17007324533686,17007328069025,3.849409,0.123457,3.535339,3840
live,219,17007334219616,17007334408302,17007334508015,17007338630273,4.410657,0.099713,4.122258,3840
live,220,17007344219616,17007344392903,17007344472648,17007361152403,16.932787,0.079745,16.679755,3840
live,221,17007354219616,17007354326560,17007361265492,17007363649649,9.430033,6.938932,2.384157,3840
live,222,17007364219616,17007364426043,17007364836128,17007368157288,3.937672,0.410085,3.32116,3840
live,223,17007374219616,17007374405140,17007374801049,17007378174594,3.954978,0.395909,3.373545,3840
live,224,17007384219616,17007384395277,17007384786226,17007388566944,4.347328,0.390949,3.780718,3840
live,225,17007394219616,17007394392007,17007394801996,17007398370711,4.151095,0.409989,3.568715,3840
live,226,17007404219616,17007404387840,17007404789861,17007407608135,3.388519,0.402021,2.818274,3840
live,227,17007414219616,17007414375546,17007414794879,17007417620641,3.401025,0.419333,2.825762,3840
live,228,17007424219616,17007424485012,17007424894169,17007427695195,3.475579,0.409157,2.801026,3840
live,229,17007434219616,17007434461198,17007434561455,17007437227983,3.008367,0.100257,2.666528,3840
live,230,17007444219616,17007444382054,17007444450151,17007447253449,3.033833,0.068097,2.803298,3840
live,231,17007454219616,17007454348255,17007454409152,17007457418629,3.199013,0.060897,3.009477,3840
live,232,17007464219616,17007464394137,17007464497371,17007467860675,3.641059,0.103234,3.363304,3840
live,233,17007474219616,17007474410003,17007474825336,17007478373923,4.154307,0.415333,3.548587,3840
live,234,17007484219616,17007484395180,17007484804337,17007488328060,4.108444,0.409157,3.523723,3840
live,235,17007494219616,17007494396326,17007494802763,17007498343926,4.12431,0.406437,3.541163,3840
live,236,17007504219616,17007504397855,17007504497217,17007508106124,3.886508,0.099362,3.608907,3840
live,237,17007514219616,17007514404473,17007514505146,17007517901155,3.681539,0.100673,3.396009,3840
live,238,17007524219616,17007524395506,17007524499476,17007527889373,3.669757,0.10397,3.389897,3840
live,239,17007534219616,17007534407820,17007534504621,17007537979863,3.760247,0.096801,3.475242,3840
live,240,17007544219616,17007544384293,17007544463398,17007565100033,20.880417,0.079105,20.636635,3840
live,241,17007554219616,17007554398527,17007565237602,17007568925935,14.706319,10.839075,3.688333,3840
live,242,17007564219616,17007564525178,17007569040721,17007572308888,8.089272,4.515543,3.268167,3840
live,243,17007574219616,17007574690229,17007574839415,17007578535460,4.315844,0.149186,3.696045,3840
live,244,17007584219616,17007584416363,17007584512941,17007587739028,3.519412,0.096578,3.226087,3840
live,245,17007594219616,17007594415813,17007594516038,17007597583723,3.364107,0.100225,3.067685,3840
live,246,17007604219616,17007604418622,17007604517056,17007607730471,3.510855,0.098434,3.213415,3840
live,247,17007614219616,17007614392792,17007614481209,17007618104901,3.885285,0.088417,3.623692,3840
live,248,17007624219616,17007624395537,17007624478034,17007628065118,3.845502,0.082497,3.587084,3840
live,249,17007634219616,17007634421131,17007634541932,17007637988470,3.768854,0.120801,3.446538,3840
live,250,17007644219616,17007644389668,17007644475397,17007647911695,3.692079,0.085729,3.436298,3840
live,251,17007654219616,17007654410718,17007654504255,17007657945737,3.726121,0.093537,3.441482,3840
live,252,17007664219616,17007664399319,17007664500152,17007668343719,4.124103,0.100833,3.843567,3840
live,253,17007674219616,17007674404817,17007674489586,17007678712837,4.493221,0.084769,4.223251,3840
live,254,17007684219616,17007684412490,17007684496971,17007688298746,4.07913,0.084481,3.801775,3840
live,255,17007694219616,17007694404516,17007694494117,17007698175986,3.95637,0.089601,3.681869,3840
live,256,17007704219616,17007704397501,17007704483742,17007707862567,3.642951,0.086241,3.378825,3840
live,257,17007714219616,17007714388598,17007714481400,17007717898529,3.678913,0.092802,3.417129,3840
live,258,17007724219616,17007724397936,17007724480017,17007728566339,4.346723,0.082081,4.086322,3840
live,259,17007734219616,17007734396266,17007734505707,17007737935637,3.716021,0.109441,3.42993,3840
live,260,17007744219616,17007744394243,17007744476612,17007762070490,17.850874,0.082369,17.593878,3840
live,261,17007754219616,17007754381532,17007762198619,17007764803131,10.583515,7.817087,2.604512,3840
live,262,17007764219616,17007764603993,17007764906108,17007767737247,3.517631,0.302115,2.831139,3840
live,263,17007774219616,17007774442832,17007774878997,17007778146685,3.927069,0.436165,3.267688,3840
live,264,17007784219616,17007784409929,17007784825102,17007788124534,3.904918,0.415173,3.299432,3840
live,265,17007794219616,17007794417923,17007794829384,17007797901389,3.681773,0.411461,3.072005,3840
live,266,17007804219616,17007804405436,17007804810817,17007807941415,3.721799,0.405381,3.130598,3840
live,267,17007814219616,17007814399030,17007814804538,17007818106275,3.886659,0.405508,3.301737,3840
live,268,17007824219616,17007824399887,17007824819956,17007828406944,4.187328,0.420069,3.586988,3840
live,269,17007834219616,17007834393928,17007834490186,17007838008212,3.788596,0.096258,3.518026,3840
live,270,17007844219616,17007844386082,17007844483107,17007847182180,2.962564,0.097025,2.699073,3840
live,271,17007854219616,17007854395227,17007854484829,17007857128733,2.909117,0.089602,2.643904,3840
live,272,17007864219616,17007864397749,17007864484534,17007867101526,2.88191,0.086785,2.616992,3840
live,273,17007874219616,17007874411663,17007874496880,17007877484724,3.265108,0.085217,2.987844,3840
live,274,17007884219616,17007884404840,17007884484969,17007887429741,3.210125,0.080129,2.944772,3840
live,275,17007894219616,17007894384833,17007894462338,17007897436902,3.217286,0.077505,2.974564,3840
live,276,17007904219616,17007904395131,17007904482556,17007907382207,3.162591,0.087425,2.899651,3840
live,277,17007914219616,17007914394580,17007914473621,17007917079733,2.860117,0.079041,2.606112,3840
live,278,17007924219616,17007924397166,17007924472527,17007927041134,2.821518,0.075361,2.568607,3840
live,279,17007934219616,17007934738284,17007934871501,17007937691951,3.472335,0.133217,2.82045,3840
live,280,17007944219616,17007944400513,17007944473090,17007962159257,17.939641,0.072577,17.686167,3840
live,281,17007954219616,17007954387386,17007962293786,17007965422976,11.20336,7.9064,3.12919,3840
live,282,17007964219616,17007964456149,17007965520161,17007968264995,4.045379,1.064012,2.744834,3840
live,283,17007974219616,17007974429326,17007974560943,17007977161103,2.941487,0.131617,2.60016,3840
live,284,17007984219616,17007984401031,17007984798700,17007987685135,3.465519,0.397669,2.886435,3840
live,285,17007994219616,17007994388992,17007994773061,17007997109185,2.889569,0.384069,2.336124,3840
live,286,17008004219616,17008004389370,17008004508283,17008007285373,3.065757,0.118913,2.77709,3840
live,287,17008014219616,17008014384915,17008014476084,17008016072744,1.853128,0.091169,1.59666,3840
live,288,17008024219616,17008024352716,17008024428365,17008026086177,1.866561,0.075649,1.657812,3840
live,289,17008034219616,17008034394086,17008034476071,17008036744739,2.525123,0.081985,2.268668,3840
live,290,17008044219616,17008044406368,17008044512545,17008046953535,2.733919,0.106177,2.44099,3840
live,291,17008054219616,17008054408025,17008054828159,17008058333833,4.114217,0.420134,3.505674,3840
live,292,17008064219616,17008064383123,17008064796344,17008068668455,4.448839,0.413221,3.872111,3840
live,293,17008074219616,17008074392652,17008074792561,17008078603679,4.384063,0.399909,3.811118,3840
live,294,17008084219616,17008084386310,17008084469159,17008087526764,3.307148,0.082849,3.057605,3840
live,295,17008094219616,17008094399263,17008094479616,17008097449028,3.229412,0.080353,2.969412,3840
live,296,17008104219616,17008104402809,17008104487514,17008107054905,2.835289,0.084705,2.567391,3840
live,297,17008114219616,17008114376754,17008114454995,17008117061779,2.842163,0.078241,2.606784,3840
live,298,17008124219616,17008124391692,17008124479373,17008127042348,2.822732,0.087681,2.562975,3840
live,299,17008134219616,17008135120430,17008135316816,17008139203552,4.983936,0.196386,3.886736,3840
replay,299,17008134219616,17008135190287,17008135435986,17008235261743,101.042127,0.245699,99.825757,292352
live,300,17008144219616,17008144682850,17008144966054,17008164281744,20.062128,0.283204,19.31569,3840
live,301,17008154219616,17008154732764,17008164685429,17008167379798,13.160182,9.952665,2.694369,3840
live,302,17008164219616,17008164763414,17008167498359,17008169788083,5.568467,2.734945,2.289724,3840
live,303,17008174219616,17008174442092,17008174572045,17008176835081,2.615465,0.129953,2.263036,3840
live,304,17008184219616,17008184514470,17008184629672,17008187220199,3.000583,0.115202,2.590527,3840
live,305,17008194219616,17008194387166,17008194462751,17008197011198,2.791582,0.075585,2.548447,3840
live,306,17008204219616,17008204377656,17008204455960,17008207209818,2.990202,0.078304,2.753858,3840
live,307,17008214219616,17008214376433,17008214728725,17008217941756,3.72214,0.352292,3.213031,3840
live,308,17008224219616,17008224401579,17008224517388,17008228471836,4.25222,0.115809,3.954448,3840
live,309,17008234219616,17008235401328,17008235542706,17008239055837,4.836221,0.141378,3.513131,3840
live,310,17008244219616,17008244557344,17008244636801,17008248111851,3.892235,0.079457,3.47505,3840
live,311,17008254219616,17008254330774,17008254404311,17008257667391,3.447775,0.073537,3.26308,3840
live,312,17008264219616,17008264339856,17008264419185,17008267813338,3.593722,0.079329,3.394153,3840
live,313,17008274219616,17008274389002,17008274484619,17008277977686,3.75807,0.095617,3.493067,3840
live,314,17008284219616,17008284380548,17008284488837,17008287944879,3.725263,0.108289,3.456042,3840
live,315,17008294219616,17008294412509,17008294515423,17008298432462,4.212846,0.102914,3.917039,3840
live,316,17008304219616,17008304395863,17008304493624,17008307922530,3.702914,0.097761,3.428906,3840
live,317,17008314219616,17008314397904,17008314502193,17008318002460,3.782844,0.104289,3.500267,3840
live,318,17008324219616,17008324403786,17008324502827,17008327936885,3.717269,0.099041,3.434058,3840
live,319,17008334219616,17008334411875,17008334522533,17008337969007,3.749391,0.110658,3.446474,3840
live,320,17008344219616,17008344371516,17008344447453,17008362430584,18.210968,0.075937,17.983131,3840
live,321,17008354219616,17008354349558,17008362579354,17008365289403,11.069787,8.229796,2.710049,3840
live,322,17008364219616,17008364424848,17008365396700,17008368649251,4.429635,0.971852,3.252551,3840
live,323,17008374219616,17008374421641,17008374520779,17008377677169,3.457553,0.099138,3.15639,3840
live,324,17008384219616,17008384410051,17008384506628,17008387953518,3.733902,0.096577,3.44689,3840
live,325,17008394219616,17008394396220,17008394491101,17008398512590,4.292974,0.094881,4.021489,3840
live,326,17008404219616,17008404397814,17008404502519,17008408414854,4.195238,0.104705,3.912335,3840
live,327,17008414219616,17008414457040,17008414602866,17008418496193,4.276577,0.145826,3.893327,3840
live,328,17008424219616,17008424420361,17008424533514,17008428302616,4.083,0.113153,3.769102,3840
live,329,17008434219616,17008434410050,17008434506019,17008438019374,3.799758,0.095969,3.513355,3840
live,330,17008444219616,17008444377947,17008444455772,17008447801829,3.582213,0.077825,3.346057,3840
live,331,17008454219616,17008454354421,17008454441174,17008457630236,3.41062,0.086753,3.189062,3840
live,332,17008464219616,17008464385039,17008464486384,17008467974042,3.754426,0.101345,3.487658,3840
live,333,17008474219616,17008474397288,17008474483369,17008477955443,3.735827,0.086081,3.472074,3840
live,334,17008484219616,17008484389922,17008484480003,17008487955597,3.735981,0.090081,3.475594,3840
live,335,17008494219616,17008494552861,17008494655006,17008498230026,4.01041,0.102145,3.57502,3840
live,336,17008504219616,17008504390421,17008504485814,17008508440806,4.22119,0.095393,3.954992,3840
live,337,17008514219616,17008514396686,17008514487631,17008518370302,4.150686,0.090945,3.882671,3840
live,338,17008524219616,17008524398376,17008524489737,17008528252118,4.032502,0.091361,3.762381,3840
live,339,17008534219616,17008534400577,17008534493218,17008538238160,4.018544,0.092641,3.744942,3840
live,340,17008544219616,17008544397883,17008544483036,17008561571307,17.351691,0.085153,17.088271,3840
live,341,17008554219616,17008554380532,17008561697869,17008564202475,9.982859,7.317337,2.504606,3840
live,342,17008564219616,17008564414798,17008564550351,17008567554548,3.334932,0.135553,3.004197,3840
live,343,17008574219616,17008574402247,17008574496168,17008578034739,3.815123,0.093921,3.538571,3840
live,344,17008584219616,17008584409313,17008584496386,17008587968492,3.748876,0.087073,3.472106,3840
live,345,17008594219616,17008594395098,17008594486363,17008597750819,3.531203,0.091265,3.264456,3840
live,346,17008604219616,17008604376307,17008604465588,17008608219618,4.000002,0.089281,3.75403,3840
live,347,17008614219616,17008614404781,17008614492462,17008618373629,4.154013,0.087681,3.881167,3840
live,348,17008624219616,17008624387334,17008624473896,17008628386199,4.166583,0.086562,3.912303,3840
live,349,17008634219616,17008634392672,17008634481025,17008638323760,4.104144,0.088353,3.842735,3840
live,350,17008644219616,17008644395962,17008644481083,17008647934117,3.714501,0.085121,3.453034,3840
live,351,17008654219616,17008654389523,17008654475412,17008657976415,3.756799,0.085889,3.501003,3840
live,352,17008664219616,17008664390156,17008664476046,17008667930904,3.711288,0.08589,3.454858,3840
live,353,17008674219616,17008674388934,17008674489319,17008677966961,3.747345,0.100385,3.477642,3840
live,354,17008684219616,17008684399680,17008684488417,17008687939531,3.719915,0.088737,3.451114,3840
live,355,17008694219616,17008694388921,17008694471706,17008698022885,3.803269,0.082785,3.551179,3840
live,356,17008704219616,17008704559861,17008704650646,17008708209601,3.989985,0.090785,3.558955,3840
live,357,17008714219616,17008714397004,17008714501101,17008718382396,4.16278,0.104097,3.881295,3840
live,358,17008724219616,17008724421382,17008724517799,17008728418230,4.198614,0.096417,3.900431,3840
live,359,17008734219616,17008734397663,17008734493088,17008738371567,4.151951,0.095425,3.878479,3840
live,360,17008744219616,17008744396057,17008744487130,17008761444072,17.224456,0.091073,16.956942,3840
live,361,17008754219616,17008754415698,17008761568393,17008764748112,10.528496,7.152695,3.179719,3840
live,362,17008764219616,17008764534509,17008764868945,17008768196474,3.976858,0.334436,3.327529,3840
live,363,17008774219616,17008774402277,17008774489286,17008777564364,3.344748,0.087009,3.075078,3840
live,364,17008784219616,17008784391262,17008784492192,17008787726311,3.506695,0.10093,3.234119,3840
live,365,17008794219616,17008794393688,17008794484953,17008797718400,3.498784,0.091265,3.233447,3840
live,366,17008804219616,17008804393297,17008804476018,17008807924380,3.704764,0.082721,3.448362,3840
live,367,17008814219616,17008814382475,17008814473996,17008818253786,4.03417,0.091521,3.77979,3840
live,368,17008824219616,17008824387044,17008824473669,17008828427029,4.207413,0.086625,3.95336,3840
live,369,17008834219616,17008834404958,17008834495583,17008838399663,4.180047,0.090625,3.90408,3840
live,370,17008844219616,17008844403224,17008844489049,17008848246790,4.027174,0.085825,3.757741,3840
live,371,17008854219616,17008854401137,17008854483826,17008858404226,4.18461,0.082689,3.9204,3840
live,372,17008864219616,17008864380682,17008864465163,17008867923797,3.704181,0.084481,3.458634,3840
live,373,17008874219616,17008874389060,17008874486533,17008878008112,3.788496,0.097473,3.521579,3840
live,374,17008884219616,17008884425310,17008884519007,17008887198944,2.979328,0.093697,2.679937,3840
live,375,17008894219616,17008894390967,17008894472088,17008897119416,2.8998,0.081121,2.647328,3840
live,376,17008904219616,17008904390256,17008904471249,17008907087057,2.867441,0.080993,2.615808,3840
live,377,17008914219616,17008914377802,17008914462763,17008917105803,2.886187,0.084961,2.64304,3840
live,378,17008924219616,17008924418116,17008924500165,17008927448329,3.228713,0.082049,2.948164,3840
live,379,17008934219616,17008934399869,17008934479454,17008937492227,3.272611,0.079585,3.012773,3840
live,380,17008944219616,17008944477111,17008944562040,17008962105646,17.88603,0.084929,17.543606,3840
live,381,17008954219616,17008954455281,17008962232559,17008964989937,10.770321,7.777278,2.757378,3840
live,382,17008964219616,17008964715277,17008965097970,17008967468431,3.248815,0.382693,2.370461,3840
live,383,17008974219616,17008974415459,17008974501156,17008976918562,2.698946,0.085697,2.417406,3840
live,384,17008984219616,17008984403965,17008984485662,17008987073789,2.854173,0.081697,2.588127,3840
live,385,17008994219616,17008994393718,17008994470359,17008997085623,2.866007,0.076641,2.615264,3840
live,386,17009004219616,17009004393935,17009004476976,17009007104720,2.885104,0.083041,2.627744,3840
live,387,17009014219616,17009014394505,17009014490122,17009017937844,3.718228,0.095617,3.447722,3840
live,388,17009024219616,17009024426339,17009024514052,17009028397107,4.177491,0.087713,3.883055,3840
live,389,17009034219616,17009034401660,17009034483453,17009038309644,4.090028,0.081793,3.826191,3840
live,390,17009044219616,17009044398742,17009044484695,17009048376006,4.15639,0.085953,3.891311,3840
live,391,17009054219616,17009054393839,17009054479952,17009058233598,4.013982,0.086113,3.753646,3840
live,392,17009064219616,17009064380104,17009064472937,17009067906611,3.686995,0.092833,3.433674,3840
live,393,17009074219616,17009074383714,17009074471267,17009077936589,3.716973,0.087553,3.465322,3840
live,394,17009084219616,17009084397595,17009084494077,17009087938503,3.718887,0.096482,3.444426,3840
live,395,17009094219616,17009094401205,17009094482646,17009097957920,3.738304,0.081441,3.475274,3840
live,396,17009104219616,17009104388974,17009104473711,17009107898873,3.679257,0.084737,3.425162,3840
live,397,17009114219616,17009114384872,17009114477321,17009117990452,3.770836,0.092449,3.513131,3840
live,398,17009124219616,17009124395937,17009124484643,17009127940333,3.720717,0.088706,3.45569,3840
replay,399,17009134219616,17009135173636,17009135321862,17009236284657,102.065041,0.148226,100.962795,292352
live,399,17009134219616,17009135086115,17009136143312,17009140966091,6.746475,1.057197,4.822779,3840
live,400,17009144219616,17009144768281,17009145109597,17009167843825,23.624209,0.341316,22.734228,3840
live,401,17009154219616,17009154563280,17009168132053,17009171502110,17.282494,13.568773,3.370057,3840
live,402,17009164219616,17009165225586,17009171645888,17009173949244,9.729628,6.420302,2.303356,3840
live,403,17009174219616,17009174472898,17009174613828,17009177973996,3.75438,0.14093,3.360168,3840
live,404,17009184219616,17009184426363,17009184566525,17009187575809,3.356193,0.140162,3.009284,3840
live,405,17009194219616,17009194380212,17009194490901,17009196692432,2.472816,0.110689,2.201531,3840
live,406,17009204219616,17009204371149,17009204466958,17009207111695,2.892079,0.095809,2.644737,3840
live,407,17009214219616,17009214370951,17009214463656,17009217868337,3.648721,0.092705,3.404681,3840
live,408,17009224219616,17009224378080,17009224477986,17009227726121,3.506505,0.099906,3.248135,3840
live,409,17009234219616,17009236380530,17009236540020,17009240490660,6.271044,0.15949,3.95064,3840
live,410,17009244219616,17009244354323,17009244428660,17009247775229,3.555613,0.074337,3.346569,3840
live,411,17009254219616,17009254323308,17009254392685,17009257573588,3.353972,0.069377,3.180903,3840
live,412,17009264219616,17009264325990,17009264395047,17009267551309,3.331693,0.069057,3.156262,3840
live,413,17009274219616,17009274375840,17009274460673,17009277936651,3.717035,0.084833,3.475978,3840
live,414,17009284219616,17009284374521,17009284461882,17009287924836,3.70522,0.087361,3.462954,3840
live,415,17009294219616,17009294393459,17009294488692,17009297954110,3.734494,0.095233,3.465418,3840
live,416,17009304219616,17009304394829,17009304481934,17009307987512,3.767896,0.087105,3.505578,3840
live,417,17009314219616,17009314382662,17009314472519,17009317933969,3.714353,0.089857,3.46145,3840
live,418,17009324219616,17009324387999,17009324479297,17009327910570,3.690954,0.091298,3.431273,3840
live,419,17009334219616,17009334387513,17009334472378,17009338048965,3.829349,0.084865,3.576587,3840
live,420,17009344219616,17009344357074,17009344432307,17009362316748,18.097132,0.075233,17.884441,3840
live,421,17009354219616,17009354348299,17009362474638,17009365283824,11.064208,8.126339,2.809186,3840
live,422,17009364219616,17009364458950,17009365388466,17009368581048,4.361432,0.929516,3.192582,3840
live,423,17009374219616,17009374408255,17009374504288,17009378138637,3.919021,0.096033,3.634349,3840
live,424,17009384219616,17009384395673,17009384484922,17009388193255,3.973639,0.089249,3.708333,3840
live,425,17009394219616,17009394404914,17009394500851,17009397812956,3.59334,0.095937,3.312105,3840
live,426,17009404219616,17009404394188,17009404487661,17009408375676,4.15606,0.093473,3.888015,3840
live,427,17009414219616,17009414394117,17009414495654,17009418016689,3.797073,0.101537,3.521035,3840
live,428,17009424219616,17009424393439,17009424483008,17009427957642,3.738026,0.089569,3.474634,3840
live,429,17009434219616,17009434384472,17009434468985,17009438051876,3.83226,0.084513,3.582891,3840
live,430,17009444219616,17009444361553,17009444440594,17009448156927,3.937311,0.079041,3.716333,3840
live,431,17009454219616,17009454344906,17009454423083,17009457921462,3.701846,0.078177,3.498379,3840
live,432,17009464219616,17009464386340,17009464472358,17009468329236,4.10962,0.086018,3.856878,3840
live,433,17009474219616,17009474391070,17009474478911,17009478245421,4.025805,0.087841,3.76651,3840
live,434,17009484219616,17009484393880,17009484480697,17009487944003,3.724387,0.086817,3.463306,3840
live,435,17009494219616,17009494387985,17009494471378,17009497947036,3.72742,0.083393,3.475658,3840
live,436,17009504219616,17009504394891,17009504480524,17009507150764,2.931148,0.085633,2.67024,3840
live,437,17009514219616,17009514383300,17009514460805,17009517093125,2.873509,0.077505,2.63232,3840
live,438,17009524219616,17009524384637,17009524466814,17009527085790,2.866174,0.082177,2.618976,3840
live,439,17009534219616,17009534391767,17009534467608,17009537114296,2.89468,0.075841,2.646688,3840
live,440,17009544219616,17009544354672,17009544422577,17009561611778,17.392162,0.067905,17.189201,3840
live,441,17009554219616,17009554345161,17009561726083,17009564604998,10.385382,7.380922,2.878915,3840
live,442,17009564219616,17009564396388,17009564709767,17009567398920,3.179304,0.313379,2.689153,3840
live,443,17009574219616,17009574476862,17009574561055,17009577279648,3.060032,0.084193,2.718593,3840
live,444,17009584219616,17009584383254,17009584462135,17009587041143,2.821527,0.078881,2.579008,3840
live,445,17009594219616,17009594379440,17009594459217,17009597055440,2.835824,0.079777,2.596223,3840
live,446,17009604219616,17009604393002,17009604472811,17009607065322,2.845706,0.079809,2.592511,3840
live,447,17009614219616,17009614387683,17009614473380,17009617131204,2.911588,0.085697,2.657824,3840
live,448,17009624219616,17009624391613,17009624474942,17009627270368,3.050752,0.083329,2.795426,3840
live,449,17009634219616,17009634402646,17009634526648,17009638074435,3.854819,0.124002,3.547787,3840
live,450,17009644219616,17009644409040,17009644514001,17009647971899,3.752283,0.104961,3.457898,3840
live,451,17009654219616,17009654402473,17009654484682,17009657940820,3.721204,0.082209,3.456138,3840
live,452,17009664219616,17009664399875,17009664496324,17009667955374,3.735758,0.096449,3.45905,3840
live,453,17009674219616,17009674402012,17009674491069,17009678477038,4.257422,0.089057,3.985969,3840
live,454,17009684219616,17009684398166,17009684495543,17009688393542,4.173926,0.097377,3.897999,3840
live,455,17009694219616,17009694389839,17009694475472,17009698189853,3.970237,0.085633,3.714381,3840
live,456,17009704219616,17009704471594,17009704569515,17009708040149,3.820533,0.097921,3.470634,3840
live,457,17009714219616,17009714435555,17009714526244,17009717990350,3.770734,0.090689,3.464106,3840
live,458,17009724219616,17009724410652,17009724495325,17009728767409,4.547793,0.084673,4.272084,3840
live,459,17009734219616,17009734397269,17009734496054,17009737970465,3.750849,0.098785,3.474411,3840
live,460,17009744219616,17009744410831,17009744501136,17009762646348,18.426732,0.090305,18.145212,3840
live,461,17009754219616,17009754392904,17009762782510,17009766333881,12.114265,8.389606,3.551371,3840
live,462,17009764219616,17009764405762,17009766460603,17009769562176,5.34256,2.054841,3.101573,3840
live,463,17009774219616,17009774404155,17009774500988,17009777701731,3.482115,0.096833,3.200743,3840
live,464,17009784219616,17009784383284,17009784472374,17009787651644,3.432028,0.08909,3.17927,3840
live,465,17009794219616,17009794399438,17009794480303,17009797755607,3.535991,0.080865,3.275304,3840
live,466,17009804219616,17009804394472,17009804488201,17009807826353,3.606737,0.093729,3.338152,3840
live,467,17009814219616,17009814392417,17009814478786,17009817979501,3.759885,0.086369,3.500715,3840
live,468,17009824219616,17009824405467,17009824494908,17009827945958,3.726342,0.089441,3.45105,3840
live,469,17009834219616,17009834395604,17009834485269,17009838076929,3.857313,0.089665,3.59166,3840
live,470,17009844219616,17009844385614,17009844472495,17009847930809,3.711193,0.086881,3.458314,3840
live,471,17009854219616,17009854391079,17009854480552,17009857996723,3.777107,0.089473,3.516171,3840
live,472,17009864219616,17009864402881,17009864495362,17009868418834,4.199218,0.092481,3.923472,3840
live,473,17009874219616,17009874396602,17009874482299,17009878371562,4.151946,0.085697,3.889263,3840
live,474,17009884219616,17009884379155,17009884465109,17009888341348,4.121732,0.085954,3.876239,3840
live,475,17009894219616,17009894407053,17009894499918,17009898245340,4.025724,0.092865,3.745422,3840
live,476,17009904219616,17009904411239,17009904500200,17009907908081,3.688465,0.088961,3.407881,3840
live,477,17009914219616,17009914394304,17009914489121,17009917950539,3.730923,0.094817,3.461418,3840
live,478,17009924219616,17009924412154,17009924513371,17009927946021,3.726405,0.101217,3.43265,3840
live,479,17009934219616,17009934396595,17009934483412,17009937975327,3.755711,0.086817,3.491915,3840
live,480,17009944219616,17009944393773,17009944481934,17009961395995,17.176379,0.088161,16.914061,3840
live,481,17009954219616,17009954393062,17009961514749,17009964889062,10.669446,7.121687,3.374313,3840
live,482,17009964219616,17009964661795,17009965018215,17009968675156,4.45554,0.35642,3.656941,3840
live,483,17009974219616,17009974432186,17009974519643,17009977948644,3.729028,0.087457,3.429001,3840
live,484,17009984219616,17009984387571,17009984478932,17009988110336,3.89072,0.091361,3.631404,3840
live,485,17009994219616,17009994390188,17009994482797,17009997985752,3.766136,0.092609,3.502955,3840
live,486,17010004219616,17010004383558,17010004468679,17010007930865,3.711249,0.085121,3.462186,3840
live,487,17010014219616,17010014399487,17010014483776,17010017966667,3.747051,0.084289,3.482891,3840
live,488,17010024219616,17010024391225,17010024476186,17010027895651,3.676035,0.084961,3.419465,3840
live,489,17010034219616,17010034393874,17010034480179,17010037942781,3.723165,0.086305,3.462602,3840
live,490,17010044219616,17010044382284,17010044471885,17010047924151,3.704535,0.089601,3.452266,3840
live,491,17010054219616,17010054392773,17010054488230,17010057933840,3.714224,0.095457,3.44561,3840
live,492,17010064219616,17010064406271,17010064494016,17010067911689,3.692073,0.087745,3.417673,3840
live,493,17010074219616,17010074389496,17010074475641,17010078303912,4.084296,0.086145,3.828271,3840
live,494,17010084219616,17010084386098,17010084472979,17010088294401,4.074785,0.086881,3.821422,3840
live,495,17010094219616,17010094409707,17010094506253,17010098242330,4.022714,0.096546,3.736077,3840
live,496,17010104219616,17010104407493,17010104498790,17010107923184,3.703568,0.091297,3.424394,3840
live,497,17010114219616,17010114394462,17010114490975,17010117969514,3.749898,0.096513,3.478539,3840
live,498,17010124219616,17010124407992,17010124493049,17010127910883,3.691267,0.085057,3.417834,3840
replay,499,17010134219616,17010135606720,17010135741218,17010235783969,101.564353,0.134498,100.042751,292352
live,499,17010134219616,17010135519199,17010136454314,17010141604745,7.385129,0.935115,5.150431,3840
live,500,17010144219616,17010144628590,17010145177940,17010165532012,21.312396,0.54935,20.354072,3840
live,501,17010154219616,17010154725000,17010165780143,17010169434715,15.215099,11.055143,3.654572,3840
live,502,17010164219616,17010165121383,17010169638078,17010172196861,7.977245,4.516695,2.558783,3840
live,503,17010174219616,17010174458968,17010175077120,17010178758092,4.538476,0.618152,3.680972,3840
live,504,17010184219616,17010184442161,17010184994008,17010189724594,5.504978,0.551847,4.730586,3840
live,505,17010194219616,17010194375850,17010194468171,17010196802408,2.582792,0.092321,2.334237,3840
live,506,17010204219616,17010204381028,17010204468581,17010206859842,2.640226,0.087553,2.391261,3840
live,507,17010214219616,17010214388157,17010214472894,17010216908668,2.689052,0.084737,2.435774,3840
live,508,17010224219616,17010224399063,17010224497592,17010227146968,2.927352,0.098529,2.649376,3840
live,509,17010234219616,17010235924835,17010236066533,17010239438606,5.21899,0.141698,3.372073,3840
live,510,17010244219616,17010244354793,17010244424106,17010247308973,3.089357,0.069313,2.884867,3840
live,511,17010254219616,17010254333347,17010254409156,17010257300391,3.080775,0.075809,2.891235,3840
live,512,17010264219616,17010264376861,17010264460766,17010267467938,3.248322,0.083905,3.007172,3840
live,513,17010274219616,17010274397686,17010274481303,17010277547645,3.328029,0.083617,3.066342,3840
live,514,17010284219616,17010284396624,17010284474993,17010287492086,3.27247,0.078369,3.017093,3840
live,515,17010294219616,17010294387049,17010294473066,17010297518671,3.299055,0.086017,3.045605,3840
live,516,17010304219616,17010304409379,17010304509444,17010307698635,3.479019,0.100065,3.189191,3840
live,517,17010314219616,17010314385692,17010314481950,17010317268255,3.048639,0.096258,2.786305,3840
live,518,17010324219616,17010324411382,17010324510199,17010327195704,2.976088,0.098817,2.685505,3840
live,519,17010334219616,17010334413264,17010334506673,17010337422580,3.202964,0.093409,2.915907,3840
live,520,17010344219616,17010344364073,17010344434825,17010361869757,17.650141,0.070752,17.434932,3840
live,521,17010354219616,17010354342786,17010362000927,17010365251782,11.032166,7.658141,3.250855,3840
live,522,17010364219616,17010364435037,17010365357256,17010368229323,4.009707,0.922219,2.872067,3840
live,523,17010374219616,17010374395734,17010374474518,17010377325401,3.105785,0.078784,2.850883,3840
live,524,17010384219616,17010384401263,17010384853365,17010388500769,4.281153,0.452102,3.647404,3840
live,525,17010394219616,17010394382696,17010394466921,17010398326616,4.107,0.084225,3.859695,3840
live,526,17010404219616,17010404395810,17010404485155,17010408299153,4.079537,0.089345,3.813998,3840
live,527,17010414219616,17010414394044,17010414479389,17010418274379,4.054763,0.085345,3.79499,3840
live,528,17010424219616,17010424384341,17010424471222,17010428279332,4.059716,0.086881,3.80811,3840
live,529,17010434219616,17010434401519,17010434486768,17010438283582,4.063966,0.085249,3.796814,3840
live,530,17010444219616,17010444369384,17010444445129,17010448097237,3.877621,0.075745,3.652108,3840
live,531,17010454219616,17010454349249,17010454427970,17010457807883,3.588267,0.078721,3.379913,3840
live,532,17010464219616,17010464465724,17010464551613,17010468257322,4.037706,0.085889,3.705709,3840
live,533,17010474219616,17010474434069,17010474529910,17010478240579,4.020963,0.095841,3.710669,3840
live,534,17010484219616,17010484428975,17010484516816,17010488253149,4.033533,0.087841,3.736333,3840
live,535,17010494219616,17010494437192,17010494523465,17010498231446,4.01183,0.086273,3.707981,3840
live,536,17010504219616,17010504394337,17010504484898,17010508229008,4.009392,0.090561,3.74411,3840
live,537,17010514219616,17010514378970,17010514461627,17010518201545,3.981929,0.082657,3.739918,3840
live,538,17010524219616,17010524382100,17010524469653,17010528202498,3.982882,0.087553,3.732845,3840
live,539,17010534219616,17010534398830,17010534489647,17010538305565,4.085949,0.090817,3.815918,3840
live,540,17010544219616,17010544398119,17010544500392,17010562712870,18.493254,0.102273,18.212478,3840
live,541,17010554219616,17010554431105,17010562851079,17010566392050,12.172434,8.419974,3.540971,3840
live,542,17010564219616,17010564409626,17010566513044,17010569616378,5.396762,2.103418,3.103334,3840
live,543,17010574219616,17010574395796,17010574490677,17010577803229,3.583613,0.094881,3.312552,3840
live,544,17010584219616,17010584392525,17010584480590,17010587785398,3.565782,0.088065,3.304808,3840
live,545,17010594219616,17010594393031,17010594483752,17010598763484,4.543868,0.090721,4.279732,3840
live,546,17010604219616,17010604438049,17010604574018,17010608094189,3.874573,0.135969,3.520171,3840
live,547,17010614219616,17010614418298,17010614513019,17010618004550,3.784934,0.094721,3.491531,3840
live,548,17010624219616,17010624400403,17010624502869,17010628235778,4.016162,0.102466,3.732909,3840
live,549,17010634219616,17010634411949,17010634498542,17010638334429,4.114813,0.086593,3.835887,3840
live,550,17010644219616,17010644399430,17010644487015,17010648203285,3.983669,0.087585,3.71627,3840
live,551,17010654219616,17010654389120,17010654475457,17010658232142,4.012526,0.086337,3.756685,3840
live,552,17010664219616,17010664396441,17010664485882,17010668237096,4.01748,0.089441,3.751214,3840
live,553,17010674219616,17010674399827,17010674486068,17010678233921,4.014305,0.086241,3.747853,3840
live,554,17010684219616,17010684389804,17010684476493,17010688171674,3.952058,0.086689,3.695181,3840
live,555,17010694219616,17010694401510,17010694489351,17010698222452,4.002836,0.087841,3.733101,3840
live,556,17010704219616,17010704382207,17010704470496,17010708212302,3.992686,0.088289,3.741806,3840
live,557,17010714219616,17010714396857,17010714484218,17010718192583,3.972967,0.087361,3.708365,3840
live,558,17010724219616,17010724399058,17010724484563,17010727479704,3.260088,0.085505,2.995141,3840
live,559,17010734219616,17010734385516,17010734472813,17010737433553,3.213937,0.087297,2.96074,3840
live,560,17010744219616,17010744414246,17010744486150,17010761702296,17.48268,0.071904,17.216146,3840
live,561,17010754219616,17010754383103,17010761816121,17010764722236,10.50262,7.433018,2.906115,3840
live,562,17010764219616,17010764532090,17010764822942,17010767199194,2.979578,0.290852,2.376252,3840
live,563,17010774219616,17010774397458,17010774481651,17010776774767,2.555151,0.084193,2.293116,3840
live,564,17010784219616,17010784424204,17010784532333,17010787261422,3.041806,0.108129,2.729089,3840
live,565,17010794219616,17010794416901,17010794501766,17010797210247,2.990631,0.084865,2.708481,3840
live,566,17010804219616,17010804387998,17010804465791,17010807386659,3.167043,0.077793,2.920868,3840
live,567,17010814219616,17010814395064,17010814476697,17010817427837,3.208221,0.081633,2.95114,3840
live,568,17010824219616,17010824400465,17010824482418,17010827385654,3.166038,0.081953,2.903236,3840
live,569,17010834219616,17010834387339,17010834471180,17010837416112,3.196496,0.083841,2.944932,3840
live,570,17010844219616,17010844392164,17010844814826,17010848550455,4.330839,0.422662,3.735629,3840
live,571,17010854219616,17010854390270,17010854477919,17010858211116,3.9915,0.087649,3.733197,3840
live,572,17010864219616,17010864388599,17010864479032,17010868218214,3.998598,0.090433,3.739182,3840
live,573,17010874219616,17010874388657,17010874473810,17010878222783,4.003167,0.085153,3.748973,3840
live,574,17010884219616,17010884394506,17010884481196,17010888215897,3.996281,0.08669,3.734701,3840
live,575,17010894219616,17010894379652,17010894464965,17010898165746,3.94613,0.085313,3.700781,3840
live,576,17010904219616,17010904376733,17010904463518,17010908224140,4.004524,0.086785,3.760622,3840
live,577,17010914219616,17010914385751,17010914483864,17010918193669,3.974053,0.098113,3.709805,3840
live,578,17010924219616,17010924406385,17010924492530,17010928200703,3.981087,0.086145,3.708173,3840
live,579,17010934219616,17010934385130,17010934470699,17010938155768,3.936152,0.085569,3.685069,3840
live,580,17010944219616,17010944392131,17010944486405,17010962370526,18.15091,0.094274,17.884121,3840
live,581,17010954219616,17010954617472,17010962504064,17010966008970,11.789354,7.886592,3.504906,3840
live,582,17010964219616,17010964383542,17010966138636,17010969212369,4.992753,1.755094,3.073733,3840
live,583,17010974219616,17010974407568,17010974498801,17010977811386,3.59177,0.091233,3.312585,3840
live,584,17010984219616,17010984386345,17010984474315,17010987713394,3.493778,0.08797,3.239079,3840
live,585,17010994219616,17010994399843,17010994487684,17010997997423,3.777807,0.087841,3.509739,3840
live,586,17011004219616,17011004408637,17011004528926,17011007738725,3.519109,0.120289,3.209799,3840
live,587,17011014219616,17011014404982,17011014504759,17011017548508,3.328892,0.099777,3.043749,3840
live,588,17011024219616,17011024393040,17011024478609,17011027462645,3.243029,0.085569,2.984036,3840
live,589,17011034219616,17011034405513,17011034491786,17011037846899,3.627283,0.086273,3.355113,3840
live,590,17011044219616,17011044392739,17011044496036,17011048319378,4.099762,0.103297,3.823342,3840
live,591,17011054219616,17011054404892,17011054492221,17011058622224,4.402608,0.087329,4.130003,3840
live,592,17011064219616,17011064387670,17011064474295,17011068229796,4.01018,0.086625,3.755501,3840
live,593,17011074219616,17011074384303,17011074473552,17011078188701,3.969085,0.089249,3.715149,3840
live,594,17011084219616,17011084382249,17011084467274,17011088230327,4.010711,0.085025,3.763053,3840
live,595,17011094219616,17011094399458,17011094485891,17011098267697,4.048081,0.086433,3.781806,3840
live,596,17011104219616,17011104387548,17011104476157,17011108720208,4.500592,0.088609,4.244051,3840
live,597,17011114219616,17011114395829,17011114481718,17011118251300,4.031684,0.085889,3.769582,3840
live,598,17011124219616,17011124382927,17011124474064,17011128214557,3.994941,0.091137,3.740493,3840
live,599,17011134219616,17011135155826,17011135372884,17011139499238,5.279622,0.217058,4.126354,3840
replay,599,17011134219616,17011135240851,17011135719992,17011241941603,107.721987,0.479141,106.221611,292352
live,600,17011144219616,17011145379214,17011145653489,17011166581007,22.361391,0.274275,20.927518,3840
live,601,17011154219616,17011154711615,17011166807538,17011170197435,15.977819,12.095923,3.389897,3840
live,602,17011164219616,17011164623416,17011170336701,17011172782651,8.563035,5.713285,2.44595,3840
live,603,17011174219616,17011174425615,17011174553232,17011176798604,2.578988,0.127617,2.245372,3840
live,604,17011184219616,17011184414920,17011184523817,17011187692272,3.472656,0.108897,3.168455,3840
live,605,17011194219616,17011194420258,17011194541571,17011197571688,3.352072,0.121313,3.030117,3840
live,606,17011204219616,17011204360346,17011204453212,17011207328319,3.108703,0.092866,2.875107,3840
live,607,17011214219616,17011214341140,17011214426421,17011217575355,3.355739,0.085281,3.148934,3840
live,608,17011224219616,17011224369134,17011224479535,17011227555220,3.335604,0.110401,3.075685,3840
live,609,17011234219616,17011234561673,17011234659659,17011238540474,4.320858,0.097986,3.880815,3840
live,610,17011244219616,17011244431041,17011244518498,17011247412550,3.192934,0.087457,2.894052,3840
live,611,17011254219616,17011254335738,17011254402427,17011257303454,3.083838,0.066689,2.901027,3840
live,612,17011264219616,17011264322195,17011264410548,17011267409433,3.189817,0.088353,2.998885,3840
live,613,17011274219616,17011274335021,17011274397998,17011277243664,3.024048,0.062977,2.845666,3840
live,614,17011284219616,17011284381991,17011284457224,17011287495021,3.275405,0.075233,3.037797,3840
live,615,17011294219616,17011294396577,17011294485346,17011297527815,3.308199,0.088769,3.042469,3840
live,616,17011304219616,17011304399514,17011304483163,17011307494368,3.274752,0.083649,3.011205,3840
live,617,17011314219616,17011314384659,17011314475189,17011317521818,3.302202,0.09053,3.046629,3840
live,618,17011324219616,17011324410957,17011324509806,17011327466578,3.246962,0.098849,2.956772,3840
live,619,17011334219616,17011334394823,17011334483592,17011337470188,3.250572,0.088769,2.986596,3840
live,620,17011344219616,17011344381408,17011344451713,17011362399355,18.179739,0.070305,17.947642,3840
live,621,17011354219616,17011354319609,17011362530268,17011365617250,11.397634,8.210659,3.086982,3840
live,622,17011364219616,17011364346067,17011365749668,17011369147213,4.927597,1.403601,3.397545,3840
live,623,17011374219616,17011374415533,17011374830066,17011378214715,3.995099,0.414533,3.384649,3840
live,624,17011384219616,17011384384166,17011384476775,17011387742511,3.522895,0.092609,3.265736,3840
live,625,17011394219616,17011394396192,17011394493441,17011397758345,3.538729,0.097249,3.264904,3840
live,626,17011404219616,17011404393177,17011404479482,17011408231720,4.012104,0.086305,3.752238,3840
live,627,17011414219616,17011414394195,17011414475892,17011418993163,4.773547,0.081697,4.517271,3840
live,628,17011424219616,17011424400812,17011424502702,17011428240091,4.020475,0.10189,3.737389,3840
live,629,17011434219616,17011434412966,17011434509255,17011438274101,4.054485,0.096289,3.764846,3840
live,630,17011444219616,17011444384799,17011444463072,17011448091372,3.871756,0.078273,3.6283,3840
live,631,17011454219616,17011454373368,17011454449209,17011457954148,3.734532,0.075841,3.504939,3840
live,632,17011464219616,17011464355986,17011464452019,17011467922461,3.702845,0.096033,3.470442,3840
live,633,17011474219616,17011474387788,17011474476749,17011478239866,4.02025,0.088961,3.763117,3840
live,634,17011484219616,17011484408357,17011484495271,17011488252948,4.033332,0.086914,3.757677,3840
live,635,17011494219616,17011494405087,17011494487584,17011498206957,3.987341,0.082497,3.719373,3840
live,636,17011504219616,17011504402648,17011504492314,17011508228839,4.009223,0.089666,3.736525,3840
live,637,17011514219616,17011514400178,17011514484211,17011518201472,3.981856,0.084033,3.717261,3840
live,638,17011524219616,17011524385963,17011524471308,17011528202714,3.983098,0.085345,3.731406,3840
live,639,17011534219616,17011534383749,17011534476070,17011538168691,3.949075,0.092321,3.692621,3840
live,640,17011544219616,17011544368990,17011544446687,17011562586459,18.366843,0.077697,18.139772,3840
live,641,17011554219616,17011554386392,17011562722429,17011566019909,11.800293,8.336037,3.29748,3840
live,642,17011564219616,17011564402194,17011566140487,17011568502979,4.283363,1.738293,2.362492,3840
live,643,17011574219616,17011574397451,17011574486892,17011576789032,2.569416,0.089441,2.30214,3840
live,644,17011584219616,17011584393860,17011584476389,17011587046821,2.827205,0.082529,2.570432,3840
live,645,17011594219616,17011594386366,17011594473375,17011597186304,2.966688,0.087009,2.712929,3840
live,646,17011604219616,17011604403960,17011604494713,17011607390844,3.171228,0.090753,2.896131,3840
live,647,17011614219616,17011614410481,17011614493650,17011617138642,2.919026,0.083169,2.644992,3840
live,648,17011624219616,17011624373066,17011624452331,17011627366191,3.146575,0.079265,2.91386,3840
live,649,17011634219616,17011634390148,17011634469733,17011637108933,2.889317,0.079585,2.6392,3840
live,650,17011644219616,17011644375997,17011644449790,17011647025245,2.805629,0.073793,2.575455,3840
live,651,17011654219616,17011654387319,17011654462392,17011657070584,2.850968,0.075073,2.608192,3840
live,652,17011664219616,17011664377552,17011664445041,17011667287124,3.067508,0.067489,2.842083,3840
live,653,17011674219616,17011674345065,17011674405706,17011676917801,2.698185,0.060641,2.512095,3840
live,654,17011684219616,17011684350467,17011684430212,17011686992931,2.773315,0.079745,2.562719,3840
live,655,17011694219616,17011694406077,17011694487006,17011697109758,2.890142,0.080929,2.622752,3840
live,656,17011704219616,17011704412535,17011704499288,17011707080663,2.861047,0.086753,2.581375,3840
live,657,17011714219616,17011714392848,17011714475313,17011717124721,2.905105,0.082465,2.649408,3840
live,658,17011724219616,17011724387882,17011724485227,17011727883156,3.66354,0.097345,3.397929,3840
live,659,17011734219616,17011734405731,17011734496324,17011737970863,3.751247,0.090593,3.474539,3840
live,660,17011744219616,17011744400829,17011744490174,17011761895889,17.676273,0.089345,17.405715,3840
live,661,17011754219616,17011754386294,17011762026067,17011764845045,10.625429,7.639773,2.818978,3840
live,662,17011764219616,17011764549906,17011764951894,17011768193054,3.973438,0.401988,3.24116,3840
live,663,17011774219616,17011774684941,17011774777902,17011778418970,4.199354,0.092961,3.641068,3840
live,664,17011784219616,17011784401027,17011784488324,17011788175409,3.955793,0.087297,3.687085,3840
live,665,17011794219616,17011794401180,17011794501726,17011798358732,4.139116,0.100546,3.857006,3840
live,666,17011804219616,17011804400278,17011804488663,17011808221028,4.001412,0.088385,3.732365,3840
live,667,17011814219616,17011814404207,17011814488272,17011817938938,3.719322,0.084065,3.450666,3840
live,668,17011824219616,17011824394537,17011824480234,17011828299544,4.079928,0.085697,3.81931,3840
live,669,17011834219616,17011834383490,17011834475267,17011837932301,3.712685,0.091777,3.457034,3840
live,670,17011844219616,17011844407580,17011844492797,17011848125641,3.906025,0.085217,3.632844,3840
live,671,17011854219616,17011854379573,17011854473142,17011857946816,3.7272,0.093569,3.473674,3840
live,672,17011864219616,17011864393839,17011864476176,17011867916058,3.696442,0.082337,3.439882,3840
live,673,17011874219616,17011874389000,17011874474217,17011878419417,4.199801,0.085217,3.9452,3840
live,674,17011884219616,17011884381058,17011884473571,17011888338834,4.119218,0.092513,3.865263,3840
live,675,17011894219616,17011894385627,17011894469340,17011898364684,4.145068,0.083713,3.895344,3840
live,676,17011904219616,17011904392885,17011904478774,17011908332325,4.112709,0.085889,3.853551,3840
live,677,17011914219616,17011914400686,17011914487312,17011918225021,4.005405,0.086626,3.737709,3840
live,678,17011924219616,17011924433448,17011924572138,17011928706780,4.487164,0.13869,4.134642,3840
live,679,17011934219616,17011934471554,17011934616068,17011938316497,4.096881,0.144514,3.700429,3840
live,680,17011944219616,17011944425499,17011944527421,17011962534295,18.314679,0.101922,18.006874,3840
live,681,17011954219616,17011954419957,17011962674201,17011965343578,11.123962,8.254244,2.669377,3840
live,682,17011964219616,17011964413262,17011965449723,17011968540128,4.320512,1.036461,3.090405,3840
live,683,17011974219616,17011974396904,17011974485929,17011977539918,3.320302,0.089025,3.053989,3840
live,684,17011984219616,17011984383201,17011984474946,17011987779370,3.559754,0.091745,3.304424,3840
live,685,17011994219616,17011994458555,17011994544732,17011997768676,3.54906,0.086177,3.223944,3840
live,686,17012004219616,17012004417876,17012004515446,17012007949855,3.730239,0.09757,3.434409,3840
live,687,17012014219616,17012014385550,17012014481199,17012017899608,3.679992,0.095649,3.418409,3840
live,688,17012024219616,17012024393863,17012024479496,17012027464076,3.24446,0.085633,2.98458,3840
live,689,17012034219616,17012034377408,17012034458145,17012037114210,2.894594,0.080737,2.656065,3840
live,690,17012044219616,17012044385946,17012044467099,17012047396671,3.177055,0.081153,2.929572,3840
live,691,17012054219616,17012054397780,17012054472789,17012057104885,2.885269,0.075009,2.632096,3840
live,692,17012064219616,17012064378925,17012064462990,17012067034509,2.814893,0.084065,2.571519,3840
live,693,17012074219616,17012074401383,17012074480808,17012077073287,2.853671,0.079425,2.592479,3840
live,694,17012084219616,17012084402048,17012084484801,17012087423717,3.204101,0.082753,2.938916,3840
live,695,17012094219616,17012094398554,17012094475643,17012097443455,3.223839,0.077089,2.967812,3840
live,696,17012104219616,17012104383635,17012104464884,17012107377560,3.157944,0.081249,2.912676,3840
live,697,17012114219616,17012114391341,17012114465806,17012117073805,2.854189,0.074465,2.607999,3840
live,698,17012124219616,17012124378182,17012124454311,17012127017670,2.798054,0.076129,2.563359,3840
replay,699,17012134219616,17012135160009,17012135314539,17012241070384,106.850768,0.15453,105.755845,292352
live,699,17012134219616,17012135064104,17012135963571,17012139075673,4.856057,0.899467,3.112102,3840
live,700,17012144219616,17012145054529,17012145378565,17012166089377,21.869761,0.324036,20.710812,3840
live,701,17012154219616,17012154569621,17012166325412,17012169398729,15.179113,11.755791,3.073317,3840
live,702,17012164219616,17012164624015,17012169562507,17012172402638,8.183022,4.938492,2.840131,3840
live,703,17012174219616,17012174436294,17012174567752,17012178228917,4.009301,0.131458,3.661165,3840
live,704,17012184219616,17012184417664,17012184564514,17012188391504,4.171888,0.14685,3.82699,3840
live,705,17012194219616,17012194420505,17012194534811,17012198071974,3.852358,0.114306,3.537163,3840
live,706,17012204219616,17012204354418,17012204433939,17012207493048,3.273432,0.079521,3.059109,3840
live,707,17012214219616,17012214356748,17012214516141,17012217809590,3.589974,0.159393,3.293449,3840
live,708,17012224219616,17012224364549,17012224452710,17012227788463,3.568847,0.088161,3.335753,3840
live,709,17012234219616,17012235105544,17012235656334,17012239355131,5.135515,0.55079,3.698797,3840
live,710,17012244219616,17012244387417,17012244479386,17012247144154,2.924538,0.091969,2.664768,3840
live,711,17012254219616,17012254351602,17012254423666,17012257042898,2.823282,0.072064,2.619232,3840
live,712,17012264219616,17012264345323,17012264408076,17012267231534,3.011918,0.062753,2.823458,3840
live,713,17012274219616,17012274366533,17012274434374,17012277480619,3.261003,0.067841,3.046245,3840
live,714,17012284219616,17012284370590,17012284439583,17012288356783,4.137167,0.068993,3.9172,3840
live,715,17012294219616,17012294383960,17012294470873,17012297253819,3.034203,0.086913,2.782946,3840
live,716,17012304219616,17012304364657,17012304440946,17012307131507,2.911891,0.076289,2.690561,3840
live,717,17012314219616,17012314368587,17012314445324,17012317278894,3.059278,0.076737,2.83357,3840
live,718,17012324219616,17012324367844,17012324434661,17012327066981,2.847365,0.066817,2.63232,3840
live,719,17012334219616,17012334365630,17012334433055,17012337063071,2.843455,0.067425,2.630016,3840
live,720,17012344219616,17012344381688,17012344460729,17012361652746,17.43313,0.079041,17.192017,3840
live,721,17012354219616,17012354369809,17012361761291,17012364189224,9.969608,7.391482,2.427933,3840
live,722,17012364219616,17012364348394,17012364425323,17012366786664,2.567048,0.076929,2.361341,3840
live,723,17012374219616,17012374375940,17012374489478,17012377133446,2.91383,0.113538,2.643968,3840
live,724,17012384219616,17012384380798,17012384482335,17012387053694,2.834078,0.101537,2.571359,3840
live,725,17012394219616,17012394389111,17012394488665,17012397362843,3.143227,0.099554,2.874178,3840
live,726,17012404219616,17012404392305,17012404480978,17012407240148,3.020532,0.088673,2.75917,3840
live,727,17012414219616,17012414374602,17012414458187,17012417138092,2.918476,0.083585,2.679905,3840
live,728,17012424219616,17012424375876,17012424454757,17012427055172,2.835556,0.078881,2.600415,3840
live,729,17012434219616,17012434371325,17012434440894,17012437399874,3.180258,0.069569,2.95898,3840
live,730,17012444219616,17012444373911,17012444451448,17012447370427,3.150811,0.077537,2.918979,3840
live,731,17012454219616,17012454349264,17012454420785,17012457218323,2.998707,0.071521,2.797538,3840
live,732,17012464219616,17012464374602,17012464464267,17012467025226,2.80561,0.089665,2.560959,3840
live,733,17012474219616,17012474371811,17012474453348,17012477059972,2.840356,0.081537,2.606624,3840
live,734,17012484219616,17012484371677,17012484440926,17012487011229,2.791613,0.069249,2.570303,3840
live,735,17012494219616,17012494664506,17012494780987,17012497569053,3.349437,0.116481,2.788066,3840
live,736,17012504219616,17012504382960,17012504462321,17012507449109,3.229493,0.079361,2.986788,3840
live,737,17012514219616,17012514372169,17012514451754,17012517406734,3.187118,0.079585,2.95498,3840
live,738,17012524219616,17012524373699,17012524467108,17012527346535,3.126919,0.093409,2.879427,3840
live,739,17012534219616,17012534376252,17012534459837,17012537069597,2.849981,0.083585,2.60976,3840
live,740,17012544219616,17012544381750,17012544463127,17012562268975,18.049359,0.081377,17.805848,3840
live,741,17012554219616,17012554430992,17012562381681,17012565218163,10.998547,7.950689,2.836482,3840
live,742,17012564219616,17012564441034,17012565309780,17012567697009,3.477393,0.868746,2.387229,3840
live,743,17012574219616,17012574374243,17012574455044,17012576863969,2.644353,0.080801,2.408925,3840
live,744,17012584219616,17012584372604,17012584455549,17012587012476,2.79286,0.082945,2.556927,3840
live,745,17012594219616,17012594371350,17012594465463,17012597696414,3.476798,0.094113,3.230951,3840
live,746,17012604219616,17012604436752,17012604546961,17012607578422,3.358806,0.110209,3.031461,3840
live,747,17012614219616,17012614392169,17012614502922,17012617495855,3.276239,0.110753,2.992933,3840
live,748,17012624219616,17012624397218,17012624496996,17012627472456,3.25284,0.099778,2.97546,3840
live,749,17012634219616,17012634388444,17012634478973,17012637435201,3.215585,0.090529,2.956228,3840
live,750,17012644219616,17012644376693,17012644465430,17012647372378,3.152762,0.088737,2.906948,3840
live,751,17012654219616,17012654375663,17012654483152,17012657450004,3.230388,0.107489,2.966852,3840
live,752,17012664219616,17012664398569,17012664478793,17012667353324,3.133708,0.080224,2.874531,3840
live,753,17012674219616,17012674367394,17012674444611,17012677367142,3.147526,0.077217,2.922531,3840
live,754,17012684219616,17012684368475,17012684470908,17012687343359,3.123743,0.102433,2.872451,3840
live,755,17012694219616,17012694371285,17012694454166,17012697050357,2.830741,0.082881,2.596191,3840
live,756,17012704219616,17012704374222,17012704480016,17012707436852,3.217236,0.105794,2.956836,3840
live,757,17012714219616,17012714378536,17012714465577,17012717397645,3.178029,0.087041,2.932068,3840
live,758,17012724219616,17012724376545,17012724453986,17012727317125,3.097509,0.077441,2.863139,3840
live,759,17012734219616,17012734372187,17012734443324,17012737054267,2.834651,0.071137,2.610943,3840
live,760,17012744219616,17012744367700,17012744460277,17012762159469,17.939853,0.092577,17.699192,3840
live,761,17012754219616,17012754490703,17012762267118,17012765180017,10.960401,7.776415,2.912899,3840
live,762,17012764219616,17012764734764,17012765273874,17012767866770,3.647154,0.53911,2.592896,3840
live,763,17012774219616,17012774388609,17012774492098,17012777091010,2.871394,0.103489,2.598912,3840
live,764,17012784219616,17012784374490,17012784466844,17012786816984,2.597368,0.092354,2.35014,3840
live,765,17012794219616,17012794379220,17012794465109,17012797383257,3.163641,0.085889,2.918148,3840
live,766,17012804219616,17012804376398,17012804469679,17012807447763,3.228147,0.093281,2.978084,3840
live,767,17012814219616,17012814373991,17012814460680,17012817400460,3.180844,0.086689,2.93978,3840
live,768,17012824219616,17012824373153,17012824446561,17012827319364,3.099748,0.073408,2.872803,3840
live,769,17012834219616,17012834375034,17012834496796,17012837125788,2.906172,0.121762,2.628992,3840
live,770,17012844219616,17012844389556,17012844505589,17012847081236,2.86162,0.116033,2.575647,3840
live,771,17012854219616,17012854405581,17012854502703,17012857220912,3.001296,0.097122,2.718209,3840
live,772,17012864219616,17012864386503,17012864474472,17012867068615,2.848999,0.087969,2.594143,3840
live,773,17012874219616,17012874375360,17012874461985,17012877060769,2.841153,0.086625,2.598784,3840
live,774,17012884219616,17012884376666,17012884459259,17012886989529,2.769913,0.082593,2.53027,3840
live,775,17012894219616,17012894372115,17012894445972,17012897373080,3.153464,0.073857,2.927108,3840
live,776,17012904219616,17012904495438,17012904595503,17012907238192,3.018576,0.100065,2.642689,3840
live,777,17012914219616,17012914386726,17012914475047,17012917076743,2.857127,0.088321,2.601696,3840
live,778,17012924219616,17012924381024,17012924466017,17012927343492,3.123876,0.084993,2.877475,3840
live,779,17012934219616,17012934375129,17012934450746,17012937342749,3.123133,0.075617,2.892003,3840
live,780,17012944219616,17012944482644,17012944572949,17012962081546,17.86193,0.090305,17.508597,3840
live,781,17012954219616,17012954404845,17012962195787,17012964944813,10.725197,7.790942,2.749026,3840
live,782,17012964219616,17012964685834,17012965041358,17012967654382,3.434766,0.355524,2.613024,3840
live,783,17012974219616,17012974382975,17012974471617,17012977269539,3.049923,0.088642,2.797922,3840
live,784,17012984219616,17012984374233,17012984461082,17012987405182,3.185566,0.086849,2.9441,3840
live,785,17012994219616,17012994385683,17012994469204,17012997421783,3.202167,0.083521,2.952579,3840
live,786,17013004219616,17013004375020,17013004448909,17013007524178,3.304562,0.073889,3.075269,3840
live,787,17013014219616,17013014373893,17013014456550,17013017170631,2.951015,0.082657,2.714081,3840
live,788,17013024219616,17013024384575,17013024476224,17013027362787,3.143171,0.091649,2.886563,3840
live,789,17013034219616,17013034374585,17013034457818,17013037366077,3.146461,0.083233,2.908259,3840
live,790,17013044219616,17013044374258,17013044456467,17013047339510,3.119894,0.082209,2.883043,3840
live,791,17013054219616,17013054377100,17013054472237,17013058262107,4.042491,0.095137,3.78987,3840
live,792,17013064219616,17013064383621,17013064478982,17013067135335,2.915719,0.095361,2.656353,3840
live,793,17013074219616,17013074377087,17013074464992,17013077405763,3.186147,0.087905,2.940771,3840
live,794,17013084219616,17013084377272,17013084465305,17013087036057,2.816441,0.088033,2.570752,3840
live,795,17013094219616,17013094373650,17013094458387,17013097044914,2.825298,0.084737,2.586527,3840
live,796,17013104219616,17013104369291,17013104448716,17013106994891,2.775275,0.079425,2.546175,3840
live,797,17013114219616,17013114376645,17013114468678,17013117125990,2.906374,0.092033,2.657312,3840
live,798,17013124219616,17013124373150,17013124445727,17013126996126,2.77651,0.072577,2.550399,3840
live,799,17013134219616,17013135120609,17013135296323,17013139852826,5.63321,0.175714,4.556503,3840
replay,799,17013134219616,17013135192162,17013135597895,17013239190194,104.970578,0.405733,103.592299,292352
live,800,17013144219616,17013144997401,17013145288380,17013166090521,21.870905,0.290979,20.802141,3840
live,801,17013154219616,17013154594126,17013166258555,17013169940264,15.720648,11.664429,3.681709,3840
live,802,17013164219616,17013164577927,17013170047593,17013173147343,8.927727,5.469666,3.09975,3840
live,803,17013174219616,17013174399838,17013174481023,17013177288545,3.068929,0.081185,2.807522,3840
live,804,17013184219616,17013184383128,17013184474617,17013187084824,2.865208,0.091489,2.610207,3840
live,805,17013194219616,17013194372401,17013194451474,17013196907792,2.688176,0.079073,2.456318,3840
live,806,17013204219616,17013204347978,17013204430603,17013206675974,2.456358,0.082625,2.245371,3840
live,807,17013214219616,17013214349348,17013214434501,17013217009604,2.789988,0.085153,2.575103,3840
live,808,17013224219616,17013224363773,17013224431742,17013227046078,2.826462,0.067969,2.614336,3840
live,809,17013234219616,17013234475736,17013234630458,17013239631063,5.411447,0.154722,5.000605,3840
live,810,17013244219616,17013244376017,17013244457042,17013247014737,2.795121,0.081025,2.557695,3840
live,811,17013254219616,17013254344586,17013254417675,17013257002026,2.78241,0.073089,2.584351,3840
live,812,17013264219616,17013264344771,17013264621575,17013267332296,3.11268,0.276804,2.710721,3840
live,813,17013274219616,17013274374813,17013274459742,17013277170111,2.950495,0.084929,2.710369,3840
live,814,17013284219616,17013284377303,17013284453144,17013287461596,3.24198,0.075841,3.008452,3840
live,815,17013294219616,17013294417649,17013294546226,17013297440149,3.220533,0.128577,2.893923,3840
live,816,17013304219616,17013304750382,17013304879696,17013308200408,3.980792,0.129314,3.320712,3840
live,817,17013314219616,17013314392900,17013314482373,17013318533686,4.31407,0.089473,4.051313,3840
live,818,17013324219616,17013324386333,17013324484670,17013327630116,3.4105,0.098337,3.145446,3840
live,819,17013334219616,17013334380502,17013334471672,17013337164568,2.944952,0.09117,2.692896,3840
live,820,17013344219616,17013344372656,17013344451985,17013361585601,17.365985,0.079329,17.133616,3840
live,821,17013354219616,17013354376905,17013361685250,17013364098112,9.878496,7.308345,2.412862,3840
live,822,17013364219616,17013364376675,17013364455876,17013366888705,2.669089,0.079201,2.432829,3840
live,823,17013374219616,17013374376348,17013374774785,17013378307468,4.087852,0.398437,3.532683,3840
live,824,17013384219616,17013384374934,17013384757595,17013387670206,3.45059,0.382661,2.912611,3840
live,825,17013394219616,17013394363087,17013394447792,17013397122097,2.902481,0.084705,2.674305,3840
live,826,17013404219616,17013404369417,17013404468874,17013407437070,3.217454,0.099457,2.968196,3840
live,827,17013414219616,17013414371587,17013414466692,17013417461064,3.241448,0.095105,2.994372,3840
live,828,17013424219616,17013424373372,17013424477629,17013427482018,3.262402,0.104257,3.004389,3840
live,829,17013434219616,17013434377526,17013434466071,17013437445179,3.225563,0.088545,2.979108,3840
live,830,17013444219616,17013444373551,17013444461072,17013447237682,3.018066,0.087521,2.77661,3840
live,831,17013454219616,17013454345480,17013454412137,17013457212043,2.992427,0.066657,2.799906,3840
live,832,17013464219616,17013464363842,17013464443779,17013467322790,3.103174,0.079937,2.879011,3840
live,833,17013474219616,17013474376060,17013474473693,17013477499938,3.280322,0.097633,3.026245,3840
live,834,17013484219616,17013484389141,17013484787034,17013488578120,4.358504,0.397893,3.791086,3840
live,835,17013494219616,17013494370895,17013494748563,17013497631542,3.411926,0.377668,2.882979,3840
live,836,17013504219616,17013504739149,17013504883630,17013508116854,3.897238,0.144481,3.233224,3840
live,837,17013514219616,17013514489763,17013514631045,17013517469095,3.249479,0.141282,2.83805,3840
live,838,17013524219616,17013524422492,17013524839713,17013527704484,3.484868,0.417221,2.864771,3840
live,839,17013534219616,17013534424149,17013534530871,17013537319385,3.099769,0.106722,2.788514,3840
live,840,17013544219616,17013544405743,17013544498928,17013562489035,18.269419,0.093185,17.990107,3840
live,841,17013554219616,17013554411240,17013562612812,17013565711058,11.491442,8.201572,3.098246,3840
live,842,17013564219616,17013564403970,17013565802419,17013568634197,4.414581,1.398449,2.831778,3840
live,843,17013574219616,17013574480956,17013574562909,17013577142429,2.922813,0.081953,2.57952,3840
live,844,17013584219616,17013584383477,17013584485846,17013586967252,2.747636,0.102369,2.481406,3840
live,845,17013594219616,17013594382990,17013594473071,17013596926093,2.706477,0.090081,2.453022,3840
live,846,17013604219616,17013604375336,17013604457257,17013607053736,2.83412,0.081921,2.596479,3840
live,847,17013614219616,17013614378721,17013614450754,17013617040321,2.820705,0.072033,2.589567,3840
live,848,17013624219616,17013624381083,17013624453916,17013627323742,3.104126,0.072833,2.869826,3840
live,849,17013634219616,17013634376404,17013634464949,17013637135030,2.915414,0.088545,2.670081,3840
live,850,17013644219616,17013644382414,17013644473263,17013647417747,3.198131,0.090849,2.944484,3840
live,851,17013654219616,17013654377255,17013654460296,17013657389164,3.169548,0.083041,2.928868,3840
live,852,17013664219616,17013664369441,17013664441986,17013667355749,3.136133,0.072545,2.913763,3840
live,853,17013674219616,17013674378970,17013674451579,17013677719491,3.499875,0.072609,3.267912,3840
live,854,17013684219616,17013684374964,17013684452021,17013687413881,3.194265,0.077057,2.96186,3840
live,855,17013694219616,17013694375885,17013694462606,17013697433810,3.214194,0.086721,2.971204,3840
live,856,17013704219616,17013704378567,17013704467400,17013707342603,3.122987,0.088833,2.875203,3840
live,857,17013714219616,17013714370656,17013714451361,17013717065121,2.845505,0.080705,2.61376,3840
live,858,17013724219616,17013724375130,17013724448635,17013727860260,3.640644,0.073505,3.411625,3840
live,859,17013734219616,17013734379859,17013734474357,17013737136725,2.917109,0.094498,2.662368,3840
live,860,17013744219616,17013744385197,17013744468782,17013763596119,19.376503,0.083585,19.127337,3840
live,861,17013754219616,17013754419655,17013763806521,17013766854622,12.635006,9.386866,3.048101,3840
live,862,17013764219616,17013764441473,17013766976800,17013770344521,6.124905,2.535327,3.367721,3840
live,863,17013774219616,17013774413402,17013774863551,17013778386090,4.166474,0.450149,3.522539,3840
live,864,17013784219616,17013784405971,17013784852377,17013788379524,4.159908,0.446406,3.527147,3840
live,865,17013794219616,17013794385229,17013794829010,17013798541055,4.321439,0.443781,3.712045,3840
live,866,17013804219616,17013804397542,17013804857036,17013808473080,4.253464,0.459494,3.616044,3840
live,867,17013814219616,17013814401344,17013814846021,17013818583699,4.364083,0.444677,3.737678,3840
live,868,17013824219616,17013824392217,17013824814526,17013829078194,4.858578,0.422309,4.263668,3840
live,869,17013834219616,17013834388851,17013834804120,17013839101324,4.881708,0.415269,4.297204,3840
live,870,17013844219616,17013844392300,17013844804049,17013848753825,4.534209,0.411749,3.949776,3840
live,871,17013854219616,17013854393798,17013854797259,17013858425143,4.205527,0.403461,3.627884,3840
live,872,17013864219616,17013864399552,17013864828133,17013868448913,4.229297,0.428581,3.62078,3840
live,873,17013874219616,17013874394585,17013874482618,17013878011813,3.792197,0.088033,3.529195,3840
live,874,17013884219616,17013884384434,17013884471955,17013888099488,3.879872,0.087521,3.627533,3840
live,875,17013894219616,17013894397100,17013894501101,17013898120601,3.900985,0.104001,3.6195,3840
live,876,17013904219616,17013904405798,17013904503943,17013908061938,3.842322,0.098145,3.557995,3840
live,877,17013914219616,17013914406367,17013914504704,17013917956170,3.736554,0.098337,3.451466,3840
live,878,17013924219616,17013924400633,17013924487034,17013928456778,4.237162,0.086401,3.969744,3840
live,879,17013934219616,17013934393682,17013934478931,17013938394307,4.174691,0.085249,3.915376,3840
live,880,17013944219616,17013944390092,17013944488429,17013963051022,18.831406,0.098337,18.562593,3840
live,881,17013954219616,17013954393733,17013963192432,17013966969022,12.749406,8.798699,3.77659,3840
live,882,17013964219616,17013964386271,17013967098592,17013970495049,6.275433,2.712321,3.396457,3840
live,883,17013974219616,17013974413049,17013974506682,17013978024068,3.804452,0.093633,3.517386,3840
live,884,17013984219616,17013984384722,17013984470003,17013987826972,3.607356,0.085281,3.356969,3840
live,885,17013994219616,17013994406636,17013994508493,17013997963319,3.743703,0.101857,3.454826,3840
live,886,17014004219616,17014004413957,17014004518278,17014008358357,4.138741,0.104321,3.840079,3840
live,887,17014014219616,17014014405951,17014014498208,17014018086219,3.866603,0.092257,3.588011,3840
live,888,17014024219616,17014024389272,17014024484793,17014027901891,3.682275,0.095521,3.417098,3840
live,889,17014034219616,17014034607252,17014034748566,17014038154463,3.934847,0.141314,3.405897,3840
live,890,17014044219616,17014044409259,17014044495948,17014047499473,3.279857,0.086689,3.003525,3840
live,891,17014054219616,17014054409477,17014054510822,17014057595275,3.375659,0.101345,3.084453,3840
live,892,17014064219616,17014064404414,17014064501151,17014067298881,3.079265,0.096737,2.79773,3840
live,893,17014074219616,17014074448536,17014074569178,17014077739488,3.519872,0.120642,3.17031,3840
live,894,17014084219616,17014084422482,17014084826358,17014088614436,4.39482,0.403876,3.788078,3840
live,895,17014094219616,17014094404235,17014094815856,17014098638462,4.418846,0.411621,3.822606,3840
live,896,17014104219616,17014104394628,17014104810505,17014108605207,4.385591,0.415877,3.794702,3840
live,897,17014114219616,17014114397214,17014114810883,17014118568432,4.348816,0.413669,3.757549,3840
live,898,17014124219616,17014124415928,17014124828381,17014128626571,4.406955,0.412453,3.79819,3840
replay,899,17014134219616,17014135192571,17014135336348,17014235251323,101.031707,0.143777,99.914975,292352
live,899,17014134219616,17014135114618,17014136088581,17014140738526,6.51891,0.973963,4.649945,3840
live,900,17014144219616,17014145143571,17014145680218,17014166354933,22.135317,0.536647,20.674715,3840
live,901,17014154219616,17014154571526,17014166586264,17014170389158,16.169542,12.014738,3.802894,3840
live,902,17014164219616,17014164624672,17014170537384,17014173256841,9.037225,5.912712,2.719457,3840
live,903,17014174219616,17014174447768,17014174609914,17014177721983,3.502367,0.162146,3.112069,3840
live,904,17014184219616,17014184445329,17014184555538,17014187415701,3.196085,0.110209,2.860163,3840
live,905,17014194219616,17014194429802,17014194534764,17014196811207,2.591591,0.104962,2.276443,3840
live,906,17014204219616,17014204394276,17014204501605,17014207160133,2.940517,0.107329,2.658528,3840
live,907,17014214219616,17014214415005,17014214526975,17014217119262,2.899646,0.11197,2.592287,3840
live,908,17014224219616,17014224382454,17014224467768,17014227516957,3.297341,0.085314,3.049189,3840
live,909,17014234219616,17014235415101,17014235557662,17014238747141,4.527525,0.142561,3.189479,3840
live,910,17014244219616,17014244385226,17014244467691,17014247403726,3.18411,0.082465,2.936035,3840
live,911,17014254219616,17014254352163,17014254427396,17014257314855,3.095239,0.075233,2.887459,3840
live,912,17014264219616,17014264350684,17014264430173,17014267196319,2.976703,0.079489,2.766146,3840
live,913,17014274219616,17014274473783,17014274559448,17014277791904,3.572288,0.085665,3.232456,3840
live,914,17014284219616,17014284404720,17014284488721,17014287632855,3.413239,0.084001,3.144134,3840
live,915,17014294219616,17014294420362,17014294519435,17014297934100,3.714484,0.099073,3.414665,3840
live,916,17014304219616,17014304375427,17014304463300,17014307558857,3.339241,0.087873,3.095557,3840
live,917,17014314219616,17014314375708,17014314454589,17014317695813,3.476197,0.078881,3.241224,3840
live,918,17014324219616,17014324376950,17014324453175,17014327447451,3.227835,0.076225,2.994276,3840
live,919,17014334219616,17014334363759,17014334440240,17014337422804,3.203188,0.076481,2.982564,3840
live,920,17014344219616,17014344365001,17014344736525,17014362484837,18.265221,0.371524,17.748312,3840
live,921,17014354219616,17014354382882,17014362591238,17014365289735,11.070119,8.208356,2.698497,3840
live,922,17014364219616,17014364455933,17014365383304,17014367924007,3.704391,0.927371,2.540703,3840
live,923,17014374219616,17014374376117,17014374474647,17014376978453,2.758837,0.09853,2.503806,3840
live,924,17014384219616,17014384373679,17014384468784,17014387473237,3.253621,0.095105,3.004453,3840
live,925,17014394219616,17014394375848,17014394453513,17014398233655,4.014039,0.077665,3.780142,3840
live,926,17014404219616,17014404371938,17014404460867,17014407507112,3.287496,0.088929,3.046245,3840
live,927,17014414219616,17014414372507,17014414450460,17014417438753,3.219137,0.077953,2.988293,3840
live,928,17014424219616,17014424367125,17014424467894,17014427499163,3.279547,0.100769,3.031269,3840
live,929,17014434219616,17014434368815,17014434461712,17014437571605,3.351989,0.092897,3.109893,3840
live,930,17014444219616,17014444373480,17014444442377,17014447238315,3.018699,0.068897,2.795938,3840
live,931,17014454219616,17014454349857,17014454431522,17014457787371,3.567755,0.081665,3.355849,3840
live,932,17014464219616,17014464378747,17014464475036,17014468162345,3.942729,0.096289,3.687309,3840
live,933,17014474219616,17014474368693,17014474468214,17014478124290,3.904674,0.099521,3.656076,3840
live,934,17014484219616,17014484376430,17014484458191,17014488147836,3.92822,0.081761,3.689645,3840
live,935,17014494219616,17014494377800,17014494462249,17014498147126,3.92751,0.084449,3.684877,3840
live,936,17014504219616,17014504376961,17014504480003,17014508239856,4.02024,0.103042,3.759853,3840
live,937,17014514219616,17014514379707,17014514460060,17014518126856,3.90724,0.080353,3.666796,3840
live,938,17014524219616,17014524369524,17014524451445,17014528362341,4.142725,0.081921,3.910896,3840
live,939,17014534219616,17014534371118,17014534472559,17014538348126,4.12851,0.101441,3.875567,3840
live,940,17014544219616,17014544378279,17014544475433,17014562992778,18.773162,0.097154,18.517345,3840
live,941,17014554219616,17014554439394,17014563122251,17014566492820,12.273204,8.682857,3.370569,3840
live,942,17014564219616,17014564386971,17014566601046,17014569741276,5.52166,2.214075,3.14023,3840
live,943,17014574219616,17014574371604,17014574474773,17014577453593,3.233977,0.103169,2.97882,3840
live,944,17014584219616,17014584379438,17014584475279,17014587725654,3.506038,0.095841,3.250375,3840
live,945,17014594219616,17014594367527,17014594464168,17014597848241,3.628625,0.096641,3.384073,3840
live,946,17014604219616,17014604441473,17014604566211,17014608172847,3.953231,0.124738,3.606636,3840
live,947,17014614219616,17014614402331,17014614510268,17014618002502,3.782886,0.107937,3.492234,3840
live,948,17014624219616,17014624426196,17014624545078,17014628057088,3.837472,0.118882,3.51201,3840
live,949,17014634219616,17014634392525,17014634496207,17014638257308,4.037692,0.103682,3.761101,3840
live,950,17014644219616,17014644383239,17014644481448,17014648139349,3.919733,0.098209,3.657901,3840
live,951,17014654219616,17014654439841,17014654797477,17014658418417,4.198801,0.357636,3.62094,3840
live,952,17014664219616,17014664390458,17014664510299,17014668062375,3.842759,0.119841,3.552076,3840
live,953,17014674219616,17014674388308,17014674499637,17014678056128,3.836512,0.111329,3.556491,3840
live,954,17014684219616,17014684375341,17014684467502,17014687906168,3.686552,0.092161,3.438666,3840
live,955,17014694219616,17014694373382,17014694457991,17014697937810,3.718194,0.084609,3.479819,3840
live,956,17014704219616,17014704369856,17014704452641,17014708406001,4.186385,0.082785,3.95336,3840
live,957,17014714219616,17014714376410,17014714488667,17014718007942,3.788326,0.112257,3.519275,3840
live,958,17014724219616,17014724380275,17014724480852,17014727158677,2.939061,0.100577,2.677825,3840
live,959,17014734219616,17014734382509,17014734476334,17014737433554,3.213938,0.093825,2.95722,3840
live,960,17014744219616,17014744381734,17014744474759,17014762630852,18.411236,0.093025,18.156093,3840
live,961,17014754219616,17014754416000,17014762742373,17014765271396,11.05178,8.326373,2.529023,3840
live,962,17014764219616,17014764403994,17014765354629,17014767762690,3.543074,0.950635,2.408061,3840
live,963,17014774219616,17014774371571,17014774457204,17014777189493,2.969877,0.085633,2.732289,3840
live,964,17014784219616,17014784375276,17014784466989,17014787183278,2.963662,0.091713,2.716289,3840
live,965,17014794219616,17014794374278,17014794464039,17014797157768,2.938152,0.089761,2.693729,3840
live,966,17014804219616,17014804372671,17014804455072,17014807333859,3.114243,0.082401,2.878787,3840
live,967,17014814219616,17014814374233,17014814467162,17014817227451,3.007835,0.092929,2.760289,3840
live,968,17014824219616,17014824376914,17014824453939,17014827077427,2.857811,0.077025,2.623488,3840
live,969,17014834219616,17014834369996,17014834441357,17014837021996,2.80238,0.071361,2.580639,3840
live,970,17014844219616,17014844377125,17014844766538,17014848281781,4.062165,0.389413,3.515243,3840
live,971,17014854219616,17014854372895,17014854453312,17014858108204,3.888588,0.080417,3.654892,3840
live,972,17014864219616,17014864375257,17014864480922,17014868054149,3.834533,0.105665,3.573227,3840
live,973,17014874219616,17014874384722,17014874475123,17014878124096,3.90448,0.090401,3.648973,3840
live,974,17014884219616,17014884373452,17014884454701,17014887915575,3.695959,0.081249,3.460874,3840
live,975,17014894219616,17014894374085,17014894455654,17014897954001,3.734385,0.081569,3.498347,3840
live,976,17014904219616,17014904366975,17014904457568,17014907875625,3.656009,0.090593,3.418057,3840
live,977,17014914219616,17014914380920,17014914487706,17014918072165,3.852549,0.106786,3.584459,3840
live,978,17014924219616,17014924375666,17014924472531,17014927959197,3.739581,0.096865,3.486666,3840
live,979,17014934219616,17014934375211,17014934465356,17014937967543,3.747927,0.090145,3.502187,3840
live,980,17014944219616,17014944379589,17014944480166,17014962913798,18.694182,0.100577,18.433632,3840
live,981,17014954219616,17014954412351,17014963047080,17014966494130,12.274514,8.634729,3.44705,3840
live,982,17014964219616,17014964401048,17014966612883,17014969007312,4.787696,2.211835,2.394429,3840
live,983,17014974219616,17014974375953,17014974467922,17014977500599,3.280983,0.091969,3.032677,3840
live,984,17014984219616,17014984371243,17014984476300,17014987530769,3.311153,0.105057,3.054469,3840
live,985,17014994219616,17014994369892,17014994450181,17014997705357,3.485741,0.080289,3.255176,3840
live,986,17015004219616,17015004372062,17015004455519,17015007922537,3.702921,0.083457,3.467018,3840
live,987,17015014219616,17015014374904,17015014479609,17015018325672,4.106056,0.104705,3.846063,3840
live,988,17015024219616,17015024376913,17015024462674,17015027964221,3.744605,0.085761,3.501547,3840
live,989,17015034219616,17015034430347,17015034537517,17015038000087,3.780471,0.10717,3.46257,3840
live,990,17015044219616,17015044413253,17015044563334,17015048348884,4.129268,0.150081,3.78555,3840
live,991,17015054219616,17015054424414,17015054517311,17015058183372,3.963756,0.092897,3.666061,3840
live,992,17015064219616,17015064379511,17015064494169,17015068059556,3.83994,0.114658,3.565387,3840
live,993,17015074219616,17015074376753,17015074473650,17015077995357,3.775741,0.096897,3.521707,3840
live,994,17015084219616,17015084375626,17015084485196,17015088215769,3.996153,0.10957,3.730573,3840
live,995,17015094219616,17015094368260,17015094473029,17015098221171,4.001555,0.104769,3.748142,3840
live,996,17015104219616,17015104394782,17015104491807,17015108153675,3.934059,0.097025,3.661868,3840
live,997,17015114219616,17015114598426,17015114732347,17015118560458,4.340842,0.133921,3.828111,3840
live,998,17015124219616,17015124389169,17015124508498,17015128085342,3.865726,0.119329,3.576844,3840
live,999,17015134219616,17015135104563,17015135278165,17015140963450,6.743834,0.173602,5.685285,3840
replay,999,17015134219616,17015135174356,17015135421751,17015236994249,102.774633,0.247395,101.572498,292352
live,1000,17015144219616,17015144669447,17015144920842,17015164193684,19.974068,0.251395,19.272842,3840
live,1001,17015154219616,17015154614208,17015164396535,17015167991203,13.771587,9.782327,3.594668,3840
live,1002,17015164219616,17015164664538,17015168130724,17015171582382,7.362766,3.466186,3.451658,3840
live,1003,17015174219616,17015174386512,17015174482161,17015176862862,2.643246,0.095649,2.380701,3840
live,1004,17015184219616,17015184379434,17015184467147,17015187418639,3.199023,0.087713,2.951492,3840
live,1005,17015194219616,17015194373251,17015194439812,17015196882146,2.66253,0.066561,2.442334,3840
live,1006,17015204219616,17015204343100,17015204423325,17015207554723,3.335107,0.080225,3.131398,3840
live,1007,17015214219616,17015214345846,17015214423639,17015217359995,3.140379,0.077793,2.936356,3840
live,1008,17015224219616,17015224362224,17015224451409,17015227816890,3.597274,0.089185,3.365481,3840
live,1009,17015234219616,17015234543691,17015234702253,17015239793739,5.574123,0.158562,5.091486,3840
live,1010,17015244219616,17015244370243,17015244454596,17015247698955,3.479339,0.084353,3.244359,3840
live,1011,17015254219616,17015254344508,17015254424989,17015257694181,3.474565,0.080481,3.269192,3840
live,1012,17015264219616,17015264344118,17015264412502,17015267663966,3.44435,0.068384,3.251464,3840
live,1013,17015274219616,17015274385264,17015274482129,17015278456865,4.237249,0.096865,3.974736,3840
live,1014,17015284219616,17015284373449,17015284461226,17015288124055,3.904439,0.087777,3.662829,3840
live,1015,17015294219616,17015294373827,17015294457924,17015298013711,3.794095,0.084097,3.555787,3840
live,1016,17015304219616,17015304367356,17015304460861,17015308164298,3.944682,0.093505,3.703437,3840
live,1017,17015314219616,17015314371766,17015314467127,17015318166084,3.946468,0.095361,3.698957,3840
live,1018,17015324219616,17015324381295,17015324491665,17015328184798,3.965182,0.11037,3.693133,3840
live,1019,17015334219616,17015334381417,17015334479242,17015338061142,3.841526,0.097825,3.5819,3840
live,1020,17015344219616,17015344373986,17015344462915,17015361384241,17.164625,0.088929,16.921326,3840
live,1021,17015354219616,17015354427548,17015361488146,17015364264756,10.04514,7.060598,2.77661,3840
live,1022,17015364219616,17015364439478,17015364515031,17015367772863,3.553247,0.075553,3.257832,3840
live,1023,17015374219616,17015374384847,17015374493552,17015378086492,3.866876,0.108705,3.59294,3840
live,1024,17015384219616,17015384395401,17015384505066,17015388353113,4.133497,0.109665,3.848047,3840
live,1025,17015394219616,17015394388834,17015394493603,17015398087631,3.868015,0.104769,3.594028,3840
live,1026,17015404219616,17015404378268,17015404475965,17015407857542,3.637926,0.097697,3.381577,3840
live,1027,17015414219616,17015414376309,17015414472630,17015418045634,3.826018,0.096321,3.573004,3840
live,1028,17015424219616,17015424603921,17015424701715,17015428634146,4.41453,0.097794,3.932431,3840
live,1029,17015434219616,17015434386536,17015434493642,17015438170838,3.951222,0.107106,3.677196,3840
live,1030,17015444219616,17015444375394,17015444475011,17015447799915,3.580299,0.099617,3.324904,3840
live,1031,17015454219616,17015454350907,17015454428956,17015457649923,3.430307,0.078049,3.220967,3840
live,1032,17015464219616,17015464376085,17015464471510,17015468206083,3.986467,0.095425,3.734573,3840
live,1033,17015474219616,17015474373870,17015474466383,17015478503296,4.28368,0.092513,4.036913,3840
live,1034,17015484219616,17015484376808,17015484474665,17015487987892,3.768276,0.097857,3.513227,3840
live,1035,17015494219616,17015494381633,17015494472899,17015497962669,3.743053,0.091266,3.48977,3840
live,1036,17015504219616,17015504375195,17015504466748,17015507926886,3.70727,0.091553,3.460138,3840
live,1037,17015514219616,17015514370324,17015514458421,17015517925632,3.706016,0.088097,3.467211,3840
live,1038,17015524219616,17015524372590,17015524470031,17015528560673,4.341057,0.097441,4.090642,3840
live,1039,17015534219616,17015534381864,17015534475593,17015538030516,3.8109,0.093729,3.554923,3840
live,1040,17015544219616,17015544381185,17015544476770,17015561881686,17.66207,0.095585,17.404916,3840
live,1041,17015554219616,17015554412699,17015561994391,17015565399649,11.180033,7.581692,3.405258,3840
live,1042,17015564219616,17015564453557,17015565498018,17015568987052,4.767436,1.044461,3.489034,3840
live,1043,17015574219616,17015574379406,17015574482639,17015577982842,3.763226,0.103233,3.500203,3840
live,1044,17015584219616,17015584379271,17015584479145,17015587680527,3.460911,0.099874,3.201382,3840
live,1045,17015594219616,17015594378849,17015594473506,17015597952844,3.733228,0.094657,3.479338,3840
live,1046,17015604219616,17015604386682,17015604463963,17015607700611,3.480995,0.077281,3.236648,3840
live,1047,17015614219616,17015614387636,17015614486069,17015618039392,3.819776,0.098433,3.553323,3840
live,1048,17015624219616,17015624389838,17015624488271,17015627925081,3.705465,0.098433,3.43681,3840
live,1049,17015634219616,17015634385031,17015634490376,17015638090004,3.870388,0.105345,3.599628,3840
live,1050,17015644219616,17015644386465,17015644471682,17015648071917,3.852301,0.085217,3.600235,3840
live,1051,17015654219616,17015654376634,17015654473659,17015657966790,3.747174,0.097025,3.493131,3840
live,1052,17015664219616,17015664371732,17015664460565,17015667792829,3.573213,0.088833,3.332264,3840
live,1053,17015674219616,17015674353869,17015674440014,17015678006777,3.787161,0.086145,3.566763,3840
live,1054,17015684219616,17015684380775,17015684483848,17015688085716,3.8661,0.103073,3.601868,3840
live,1055,17015694219616,17015694382944,17015694474945,17015698011564,3.791948,0.092001,3.536619,3840
live,1056,17015704219616,17015704374042,17015704465371,17015707917925,3.698309,0.091329,3.452554,3840
live,1057,17015714219616,17015714371027,17015714463316,17015717951231,3.731615,0.092289,3.487915,3840
live,1058,17015724219616,17015724371309,17015724486926,17015727913752,3.694136,0.115617,3.426826,3840
live,1059,17015734219616,17015734377190,17015734479688,17015737987090,3.767474,0.102498,3.507402,3840
live,1060,17015744219616,17015744383968,17015744481825,17015762253305,18.033689,0.097857,17.77148,3840
live,1061,17015754219616,17015754419034,17015762376379,17015765207517,10.987901,7.957345,2.831138,3840
live,1062,17015764219616,17015764514677,17015765297214,17015767679643,3.460027,0.782537,2.382429,3840
live,1063,17015774219616,17015774385965,17015774464750,17015776805162,2.585546,0.078785,2.340412,3840
live,1064,17015784219616,17015784499784,17015784619465,17015788039283,3.819667,0.119681,3.419818,3840
live,1065,17015794219616,17015794440128,17015794542402,17015797114081,2.894465,0.102274,2.571679,3840
live,1066,17015804219616,17015804418586,17015804505307,17015807115514,2.895898,0.086721,2.610207,3840
live,1067,17015814219616,17015814382771,17015814467156,17015817089300,2.869684,0.084385,2.622144,3840
live,1068,17015824219616,17015824387852,17015824492302,17015827115149,2.895533,0.10445,2.622847,3840
live,1069,17015834219616,17015834375366,17015834473415,17015837885104,3.665488,0.098049,3.411689,3840
live,1070,17015844219616,17015844391967,17015844485377,17015847164609,2.944993,0.09341,2.679232,3840
live,1071,17015854219616,17015854373049,17015854455322,17015857078714,2.859098,0.082273,2.623392,3840
live,1072,17015864219616,17015864374866,17015864456051,17015866994738,2.775122,0.081185,2.538687,3840
live,1073,17015874219616,17015874380140,17015874766897,17015878289019,4.069403,0.386757,3.522122,3840
live,1074,17015884219616,17015884413734,17015884512711,17015888497688,4.278072,0.098977,3.984977,3840
live,1075,17015894219616,17015894392095,17015894489696,17015898340079,4.120463,0.097601,3.850383,3840
live,1076,17015904219616,17015904381369,17015904470362,17015908050501,3.830885,0.088993,3.580139,3840
live,1077,17015914219616,17015914463571,17015914870136,17015917904797,3.685181,0.406565,3.034661,3840
live,1078,17015924219616,17015924434540,17015924823537,17015927752565,3.532949,0.388997,2.929028,3840
live,1079,17015934219616,17015934386309,17015934479334,17015937260392,3.040776,0.093025,2.781058,3840
live,1080,17015944219616,17015944383103,17015944487712,17015962236472,18.016856,0.104609,17.74876,3840
live,1081,17015954219616,17015954404761,17015962355449,17015964805559,10.585943,7.950688,2.45011,3840
live,1082,17015964219616,17015964596468,17015964891544,17015967768251,3.548635,0.295076,2.876707,3840
live,1083,17015974219616,17015974367211,17015974724560,17015977705332,3.485716,0.357349,2.980772,3840
live,1084,17015984219616,17015984370853,17015984741065,17015987409130,3.189514,0.370212,2.668065,3840
live,1085,17015994219616,17015994376798,17015994467295,17015996980414,2.760798,0.090497,2.513119,3840
live,1086,17016004219616,17016004376920,17016004456889,17016007073433,2.853817,0.079969,2.616544,3840
live,1087,17016014219616,17016014371761,17016014462995,17016016875568,2.655952,0.091234,2.412573,3840
live,1088,17016024219616,17016024377163,17016024456684,17016027041995,2.822379,0.079521,2.585311,3840
live,1089,17016034219616,17016034375685,17016034478438,17016037855887,3.636271,0.102753,3.377449,3840
live,1090,17016044219616,17016044458527,17016044934213,17016048719859,4.500243,0.475686,3.785646,3840
live,1091,17016054219616,17016054404152,17016054528633,17016057717856,3.49824,0.124481,3.189223,3840
live,1092,17016064219616,17016064408722,17016064502707,17016067496183,3.276567,0.093985,2.993476,3840
live,1093,17016074219616,17016074399083,17016074484236,17016077482896,3.26328,0.085153,2.99866,3840
live,1094,17016084219616,17016084382852,17016084466501,17016087687469,3.467853,0.083649,3.220968,3840
live,1095,17016094219616,17016094383710,17016094475935,17016097539780,3.320164,0.092225,3.063845,3840
live,1096,17016104219616,17016104395384,17016104492793,17016107300731,3.081115,0.097409,2.807938,3840
live,1097,17016114219616,17016114382193,17016114461554,17016117169171,2.949555,0.079361,2.707617,3840
live,1098,17016124219616,17016124387595,17016124800432,17016128307770,4.088154,0.412837,3.507338,3840
replay,1099,17016134219616,17016135223534,17016135365968,17016236968611,102.748995,0.142434,101.602643,292352
live,1099,17016134219616,17016135152813,17016136159866,17016141850015,7.630399,1.007053,5.690149,3840
live,1100,17016144219616,17016144562560,17016144774562,17016164985656,20.76604,0.212002,20.211094,3840
live,1101,17016154219616,17016154451288,17016165209275,17016169143979,14.924363,10.757987,3.934704,3840
live,1102,17016164219616,17016164631284,17016169314733,17016172262320,8.042704,4.683449,2.947587,3840
live,1103,17016174219616,17016174439435,17016174568141,17016178030327,3.810711,0.128706,3.462186,3840
live,1104,17016184219616,17016184397924,17016184515877,17016187617451,3.397835,0.117953,3.101574,3840
live,1105,17016194219616,17016194351933,17016194456734,17016196130035,1.910419,0.104801,1.673301,3840
live,1106,17016204219616,17016204351799,17016204442104,17016205940618,1.721002,0.090305,1.498514,3840
live,1107,17016214219616,17016214360656,17016214449297,17016216455466,2.23585,0.088641,2.006169,3840
live,1108,17016224219616,17016224355114,17016224458795,17016226709446,2.48983,0.103681,2.250651,3840
live,1109,17016234219616,17016234435748,17016234575270,17016237907246,3.68763,0.139522,3.331976,3840
live,1110,17016244219616,17016244365373,17016244438718,17016245714189,1.494573,0.073345,1.275471,3840
live,1111,17016254219616,17016254351446,17016254421751,17016255670214,1.450598,0.070305,1.248463,3840
live,1112,17016264219616,17016264348496,17016264415185,17016266433705,2.214089,0.066689,2.01852,3840
live,1113,17016274219616,17016274345865,17016274413130,17016276624389,2.404773,0.067265,2.211259,3840
live,1114,17016284219616,17016284383075,17016284460932,17016286885858,2.666242,0.077857,2.424926,3840
live,1115,17016294219616,17016294384381,17016294465534,17016297348289,3.128673,0.081153,2.882755,3840
live,1116,17016304219616,17016304387190,17016304494136,17016307835072,3.615456,0.106946,3.340936,3840
live,1117,17016314219616,17016314393168,17016314476977,17016317688824,3.469208,0.083809,3.211847,3840
live,1118,17016324219616,17016324393354,17016324482667,17016327605265,3.385649,0.089313,3.122598,3840
live,1119,17016334219616,17016334401187,17016334482788,17016337256294,3.036678,0.081601,2.773506,3840
live,1120,17016344219616,17016344385149,17016344449373,17016352970693,8.751077,0.064224,8.52132,3840
live,1121,17016354219616,17016354356726,17016354433367,17016357152888,2.933272,0.076641,2.719521,3840
live,1122,17016364219616,17016364385776,17016364464145,17016367160113,2.940497,0.078369,2.695968,3840
live,1123,17016374219616,17016374382025,17016374462730,17016377561712,3.342096,0.080705,3.098982,3840
live,1124,17016384219616,17016384394883,17016384469316,17016387152676,2.93306,0.074433,2.68336,3840
live,1125,17016394219616,17016394396988,17016394474973,17016397140958,2.921342,0.077985,2.665985,3840
live,1126,17016404219616,17016404617401,17016405070654,17016408833164,4.613548,0.453253,3.76251,3840
live,1127,17016414219616,17016414400816,17016414492945,17016417602550,3.382934,0.092129,3.109605,3840
live,1128,17016424219616,17016424383177,17016424465514,17016427448014,3.228398,0.082337,2.9825,3840
live,1129,17016434219616,17016434392803,17016434472068,17016437419687,3.200071,0.079265,2.947619,3840
live,1130,17016444219616,17016444375580,17016444445149,17016445885422,1.665806,0.069569,1.440273,3840
live,1131,17016454219616,17016454351253,17016454418230,17016457788575,3.568959,0.066977,3.370345,3840
live,1132,17016464219616,17016464393807,17016464470384,17016467094192,2.874576,0.076577,2.623808,3840
live,1133,17016474219616,17016474385225,17016474464522,17016477106666,2.88705,0.079297,2.642144,3840
live,1134,17016484219616,17016484385826,17016484459331,17016487356422,3.136806,0.073505,2.897091,3840
live,1135,17016494219616,17016494391612,17016494474941,17016497072316,2.8527,0.083329,2.597375,3840
live,1136,17016504219616,17016504392853,17016504467254,17016507435258,3.215642,0.074401,2.968004,3840
live,1137,17016514219616,17016514400175,17016514480944,17016517484692,3.265076,0.080769,3.003748,3840
live,1138,17016524219616,17016524382152,17016524463305,17016527381165,3.161549,0.081153,2.91786,3840
live,1139,17016534219616,17016534393250,17016534475811,17016537229316,3.0097,0.082561,2.753505,3840
live,1140,17016544219616,17016544379099,17016544782880,17016563186816,18.9672,0.403781,18.403936,3840
live,1141,17016554219616,17016554389461,17016563334338,17016566092195,11.872579,8.944877,2.757857,3840
live,1142,17016564219616,17016564474480,17016566195941,17016568639842,4.420226,1.721461,2.443901,3840
live,1143,17016574219616,17016574417256,17016574505994,17016576926055,2.706439,0.088738,2.420061,3840
live,1144,17016584219616,17016584384674,17016584467619,17016586843424,2.623808,0.082945,2.375805,3840
live,1145,17016594219616,17016594378523,17016594453276,17016597072828,2.853212,0.074753,2.619552,3840
live,1146,17016604219616,17016604382933,17016604459414,17016607040437,2.820821,0.076481,2.581023,3840
live,1147,17016614219616,17016614392750,17016614473391,17016617541781,3.322165,0.080641,3.06839,3840
live,1148,17016624219616,17016624388264,17016624471081,17016627421773,3.202157,0.082817,2.950692,3840
live,1149,17016634219616,17016634390145,17016634469794,17016637414086,3.19447,0.079649,2.944292,3840
live,1150,17016644219616,17016644393819,17016644790976,17016648264234,4.044618,0.397157,3.473258,3840
live,1151,17016654219616,17016654385364,17016654470101,17016657484026,3.26441,0.084737,3.013925,3840
live,1152,17016664219616,17016664399950,17016664483823,17016667157520,2.937904,0.083873,2.673697,3840
live,1153,17016674219616,17016674388168,17016674464137,17016677072968,2.853352,0.075969,2.608831,3840
live,1154,17016684219616,17016684384737,17016684457442,17016687031073,2.811457,0.072705,2.573631,3840
live,1155,17016694219616,17016694386683,17016694463644,17016697051355,2.831739,0.076961,2.587711,3840
live,1156,17016704219616,17016704380372,17016704466325,17016707023220,2.803604,0.085953,2.556895,3840
live,1157,17016714219616,17016714410478,17016714489103,17016717493492,3.273876,0.078625,3.004389,3840
live,1158,17016724219616,17016724384327,17016724465576,17016727396108,3.176492,0.081249,2.930532,3840
live,1159,17016734219616,17016734390241,17016734470178,17016737407462,3.187846,0.079937,2.937284,3840
live,1160,17016744219616,17016744382746,17016744781279,17016762694649,18.475033,0.398533,17.91337,3840
live,1161,17016754219616,17016754385492,17016762848027,17016767037358,12.817742,8.462535,4.189331,3840
live,1162,17016764219616,17016764652145,17016767154799,17016769940113,5.720497,2.502654,2.785314,3840
live,1163,17016774219616,17016774417863,17016774509673,17016776953446,2.73383,0.09181,2.443773,3840
live,1164,17016784219616,17016784401697,17016784504546,17016786923359,2.703743,0.102849,2.418813,3840
live,1165,17016794219616,17016794392026,17016794475835,17016797066363,2.846747,0.083809,2.590528,3840
live,1166,17016804219616,17016804377524,17016804449204,17016807022804,2.803188,0.07168,2.5736,3840
live,1167,17016814219616,17016814386573,17016814462830,17016818075546,3.85593,0.076257,3.612716,3840
live,1168,17016824219616,17016824405703,17016824485096,17016827475884,3.256268,0.079393,2.990788,3840
live,1169,17016834219616,17016834390528,17016834472225,17016837406693,3.187077,0.081697,2.934468,3840
live,1170,17016844219616,17016844401018,17016844809759,17016848664558,4.444942,0.408741,3.854799,3840
live,1171,17016854219616,17016854388563,17016854475636,17016857470073,3.250457,0.087073,2.994437,3840
live,1172,17016864219616,17016864381037,17016864461390,17016867045677,2.826061,0.080353,2.584287,3840
live,1173,17016874219616,17016874393095,17016874472936,17016877152584,2.932968,0.079841,2.679648,3840
live,1174,17016884219616,17016884385728,17016884461729,17016887358820,3.139204,0.076001,2.897091,3840
live,1175,17016894219616,17016894385562,17016894479931,17016897057018,2.837402,0.094369,2.577087,3840
live,1176,17016904219616,17016904392499,17016904473364,17016907045107,2.825491,0.080865,2.571743,3840
live,1177,17016914219616,17016914393773,17016914468878,17016917058733,2.839117,0.075105,2.589855,3840
live,1178,17016924219616,17016924392070,17016924477831,17016927460556,3.24094,0.085761,2.982725,3840
live,1179,17016934219616,17016934405792,17016934488705,17016937431749,3.212133,0.082913,2.943044,3840
live,1180,17016944219616,17016944381657,17016944791198,17016962200626,17.98101,0.409541,17.409428,3840
live,1181,17016954219616,17016954384659,17016962352500,17016965234519,11.014903,7.967841,2.882019,3840
live,1182,17016964219616,17016964435277,17016965347032,17016967956376,3.73676,0.911755,2.609344,3840
live,1183,17016974219616,17016974408326,17016974491975,17016977015494,2.795878,0.083649,2.523519,3840
live,1184,17016984219616,17016984390912,17016984476161,17016986872542,2.652926,0.085249,2.396381,3840
live,1185,17016994219616,17016994391865,17016994479898,17016997434622,3.215006,0.088033,2.954724,3840
live,1186,17017004219616,17017004394003,17017004478068,17017007074195,2.854579,0.084065,2.596127,3840
live,1187,17017014219616,17017014385804,17017014467085,17017017076813,2.857197,0.081281,2.609728,3840
live,1188,17017024219616,17017024389702,17017024470631,17017027125639,2.906023,0.080929,2.655008,3840
live,1189,17017034219616,17017034397183,17017034479680,17017037408772,3.189156,0.082497,2.929092,3840
live,1190,17017044219616,17017044383481,17017044784158,17017048531211,4.311595,0.400677,3.747053,3840
live,1191,17017054219616,17017054383378,17017054470611,17017057467800,3.248184,0.087233,2.997189,3840
live,1192,17017064219616,17017064377708,17017064457933,17017067047756,2.82814,0.080225,2.589823,3840
live,1193,17017074219616,17017074387589,17017074465958,17017076433502,2.213886,0.078369,1.967544,3840
live,1194,17017084219616,17017084404415,17017084486048,17017086446072,2.226456,0.081633,1.960024,3840
live,1195,17017094219616,17017094403129,17017094474426,17017096448146,2.22853,0.071297,1.97372,3840
live,1196,17017104219616,17017104448435,17017104565556,17017107357686,3.13807,0.117121,2.79213,3840
live,1197,17017114219616,17017114417996,17017114504077,17017117146573,2.926957,0.086081,2.642496,3840
live,1198,17017124219616,17017124712809,17017124800842,17017127423754,3.204138,0.088033,2.622912,3840
live,1199,17017134219616,17017135078503,17017135283434,17017139199097,4.979481,0.204931,3.915663,3840
replay,1199,17017134219616,17017135154472,17017135670894,17017242588418,108.368802,0.516422,106.917524,292352
live,1200,17017144219616,17017145662920,17017146356624,17017168134585,23.914969,0.693704,21.777961,3840
live,1201,17017154219616,17017154690102,17017168408732,17017172374604,18.154988,13.71863,3.965872,3840
live,1202,17017164219616,17017164891410,17017172517966,17017176164251,11.944635,7.626556,3.646285,3840
live,1203,17017174219616,17017174562631,17017176404925,17017180198540,5.978924,1.842294,3.793615,3840
live,1204,17017184219616,17017184444671,17017184915173,17017187636902,3.417286,0.470502,2.721729,3840
live,1205,17017194219616,17017194420504,17017194915998,17017197495358,3.275742,0.495494,2.57936,3840
live,1206,17017204219616,17017204361873,17017204699189,17017207535672,3.316056,0.337316,2.836483,3840
live,1207,17017214219616,17017214363083,17017214705231,17017217373071,3.153455,0.342148,2.66784,3840
live,1208,17017224219616,17017224367076,17017224461158,17017227451914,3.232298,0.094082,2.990756,3840
live,1209,17017234219616,17017234389950,17017234697410,17017239035479,4.815863,0.30746,4.338069,3840
live,1210,17017244219616,17017244387800,17017244506201,17017248195750,3.976134,0.118401,3.689549,3840
live,1211,17017254219616,17017254338033,17017254684469,17017258240704,4.021088,0.346436,3.556235,3840
live,1212,17017264219616,17017264329290,17017264716463,17017268781120,4.561504,0.387173,4.064657,3840
live,1213,17017274219616,17017274366372,17017274786953,17017278727033,4.507417,0.420581,3.94008,3840
live,1214,17017284219616,17017284381694,17017284809667,17017288754035,4.534419,0.427973,3.944368,3840
live,1215,17017294219616,17017294390552,17017294483129,17017298049252,3.829636,0.092577,3.566123,3840
live,1216,17017304219616,17017304382577,17017304474706,17017307932252,3.712636,0.092129,3.457546,3840
live,1217,17017314219616,17017314384491,17017314486284,17017318012151,3.792535,0.101793,3.525867,3840
live,1218,17017324219616,17017324484165,17017324587207,17017328065361,3.845745,0.103042,3.478154,3840
live,1219,17017334219616,17017334427390,17017334522719,17017338199788,3.980172,0.095329,3.677069,3840
live,1220,17017344219616,17017344380471,17017344468216,17017362319889,18.100273,0.087745,17.851673,3840
live,1221,17017354219616,17017354371729,17017362452627,17017365206740,10.987124,8.080898,2.754113,3840
live,1222,17017364219616,17017364367338,17017365313366,17017368136632,3.917016,0.946028,2.823266,3840
live,1223,17017374219616,17017374410116,17017374493925,17017376809889,2.590273,0.083809,2.315964,3840
live,1224,17017384219616,17017384541599,17017384631008,17017387689126,3.46951,0.089409,3.058118,3840
live,1225,17017394219616,17017394402391,17017394488216,17017397339099,3.119483,0.085825,2.850883,3840
live,1226,17017404219616,17017404385489,17017404465106,17017407432662,3.213046,0.079617,2.967556,3840
live,1227,17017414219616,17017414390250,17017414465035,17017417447151,3.227535,0.074785,2.982116,3840
live,1228,17017424219616,17017424376836,17017424452357,17017427370760,3.151144,0.075521,2.918403,3840
live,1229,17017434219616,17017434380701,17017434467934,17017437702278,3.482662,0.087233,3.234344,3840
live,1230,17017444219616,17017444391095,17017444467960,17017447430940,3.211324,0.076865,2.96298,3840
live,1231,17017454219616,17017454362320,17017454433233,17017457322996,3.10338,0.070913,2.889763,3840
live,1232,17017464219616,17017464350537,17017464422954,17017466934697,2.715081,0.072417,2.511743,3840
live,1233,17017474219616,17017474400996,17017474482981,17017477446601,3.226985,0.081985,2.96362,3840
live,1234,17017484219616,17017484400125,17017484484606,17017488414798,4.195182,0.084481,3.930192,3840
live,1235,17017494219616,17017494408503,17017494492632,17017497525309,3.305693,0.084129,3.032677,3840
live,1236,17017504219616,17017504384848,17017504795989,17017508772165,4.552549,0.411141,3.976176,3840
live,1237,17017514219616,17017514395946,17017514804143,17017518754175,4.534559,0.408197,3.950032,3840
live,1238,17017524219616,17017524396611,17017524484868,17017528345139,4.125523,0.088257,3.860271,3840
live,1239,17017534219616,17017534404541,17017534492350,17017538565584,4.345968,0.087809,4.073234,3840
live,1240,17017544219616,17017544379190,17017544473815,17017563214203,18.994587,0.094625,18.740388,3840
live,1241,17017554219616,17017554405552,17017563345757,17017565991293,11.771677,8.940205,2.645536,3840
live,1242,17017564219616,17017564432778,17017566096894,17017569290789,5.071173,1.664116,3.193895,3840
live,1243,17017574219616,17017574395907,17017574484388,17017577896206,3.67659,0.088481,3.411818,3840
live,1244,17017584219616,17017584387165,17017584475230,17017588032169,3.812553,0.088065,3.556939,3840
live,1245,17017594219616,17017594385686,17017594475991,17017598152772,3.933156,0.090305,3.676781,3840
live,1246,17017604219616,17017604382640,17017604467537,17017608406529,4.186913,0.084897,3.938992,3840
live,1247,17017614219616,17017614409513,17017614497483,17017618005749,3.786133,0.08797,3.508266,3840
live,1248,17017624219616,17017624388771,17017624476228,17017628220785,4.001169,0.087457,3.744557,3840
live,1249,17017634219616,17017634391996,17017634477629,17017638168170,3.948554,0.085633,3.690541,3840
live,1250,17017644219616,17017644392086,17017644479319,17017648326758,4.107142,0.087233,3.847439,3840
live,1251,17017654219616,17017654387727,17017654472208,17017658228094,4.008478,0.084481,3.755886,3840
live,1252,17017664219616,17017664394921,17017664486506,17017668211767,3.992151,0.091585,3.725261,3840
live,1253,17017674219616,17017674386467,17017674473860,17017678318866,4.09925,0.087393,3.845006,3840
live,1254,17017684219616,17017684384796,17017684471165,17017688203114,3.983498,0.086369,3.731949,3840
live,1255,17017694219616,17017694402742,17017694492599,17017698299365,4.079749,0.089857,3.806766,3840
live,1256,17017704219616,17017704387535,17017704479792,17017707519989,3.300373,0.092257,3.040197,3840
live,1257,17017714219616,17017714397289,17017714475306,17017717462318,3.242702,0.078017,2.987012,3840
live,1258,17017724219616,17017724396130,17017724480483,17017727377031,3.157415,0.084353,2.896548,3840
live,1259,17017734219616,17017734381532,17017734460605,17017737383744,3.164128,0.079073,2.923139,3840
live,1260,17017744219616,17017744523543,17017744603608,17017762290287,18.070671,0.080065,17.686679,3840
live,1261,17017754219616,17017754389199,17017762399984,17017765180914,10.961298,8.010785,2.78093,3840
live,1262,17017764219616,17017764929903,17017765284851,17017767701041,3.481425,0.354948,2.41619,3840
live,1263,17017774219616,17017774401218,17017774485763,17017776677278,2.457662,0.084545,2.191515,3840
live,1264,17017784219616,17017784407868,17017784489917,17017787173469,2.953853,0.082049,2.683552,3840
live,1265,17017794219616,17017794383765,17017794648664,17017797799775,3.580159,0.264899,3.151111,3840
live,1266,17017804219616,17017804413007,17017804503984,17017807432596,3.21298,0.090977,2.928612,3840
live,1267,17017814219616,17017814387272,17017814467849,17017817354348,3.134732,0.080577,2.886499,3840
live,1268,17017824219616,17017824762726,17017825185675,17017828932793,4.713177,0.422949,3.747118,3840
live,1269,17017834219616,17017834430140,17017834567902,17017838274859,4.055243,0.137762,3.706957,3840
live,1270,17017844219616,17017844415797,17017844515126,17017848453830,4.234214,0.099329,3.938704,3840
live,1271,17017854219616,17017854419503,17017854517840,17017858278462,4.058846,0.098337,3.760622,3840
live,1272,17017864219616,17017864397544,17017864488809,17017868342712,4.123096,0.091265,3.853903,3840
live,1273,17017874219616,17017874392834,17017874474947,17017878363186,4.14357,0.082113,3.888239,3840
live,1274,17017884219616,17017884386331,17017884471836,17017888345739,4.126123,0.085505,3.873903,3840
live,1275,17017894219616,17017894436469,17017894540470,17017898061793,3.842177,0.104001,3.521323,3840
live,1276,17017904219616,17017904415279,17017904525232,17017907530996,3.31138,0.109953,3.005764,3840
live,1277,17017914219616,17017914395976,17017914487401,17017917444845,3.225229,0.091425,2.957444,3840
live,1278,17017924219616,17017924405090,17017924492899,17017927404518,3.184902,0.087809,2.911619,3840
live,1279,17017934219616,17017934394235,17017934481468,17017937396735,3.177119,0.087233,2.915267,3840
live,1280,17017944219616,17017944400693,17017944475797,17017962146220,17.926604,0.075104,17.670423,3840
live,1281,17017954219616,17017954402478,17017962261198,17017965292275,11.072659,7.85872,3.031077,3840
live,1282,17017964219616,17017964395112,17017965395636,17017967801937,3.582321,1.000524,2.406301,3840
live,1283,17017974219616,17017974408193,17017974484834,17017977246148,3.026532,0.076641,2.761314,3840
live,1284,17017984219616,17017984388155,17017984464316,17017987356511,3.136895,0.076161,2.892195,3840
live,1285,17017994219616,17017994394164,17017994472437,17017997392569,3.172953,0.078273,2.920132,3840
live,1286,17018004219616,17018004398734,17018004477423,17018007469075,3.249459,0.078689,2.991652,3840
live,1287,17018014219616,17018014402087,17018014798444,17018018561338,4.341722,0.396357,3.762894,3840
live,1288,17018024219616,17018024403137,17018024486786,17018028233680,4.014064,0.083649,3.746894,3840
live,1289,17018034219616,17018034394811,17018034481468,17018038209161,3.989545,0.086657,3.727693,3840
live,1290,17018044219616,17018044380436,17018044467317,17018048329764,4.110148,0.086881,3.862447,3840
live,1291,17018054219616,17018054399918,17018054483631,17018058279101,4.059485,0.083713,3.79547,3840
live,1292,17018064219616,17018064395527,17018064481800,17018068243862,4.024246,0.086273,3.762062,3840
live,1293,17018074219616,17018074386625,17018074469634,17018078339377,4.119761,0.083009,3.869743,3840
live,1294,17018084219616,17018084467579,17018084553020,17018088436075,4.216459,0.085441,3.883055,3840
live,1295,17018094219616,17018094426004,17018094511765,17018098278499,4.058883,0.085761,3.766734,3840
live,1296,17018104219616,17018104404494,17018104499823,17018108289277,4.069661,0.095329,3.789454,3840
live,1297,17018114219616,17018114396039,17018114484264,17018118195925,3.976309,0.088225,3.711661,3840
live,1298,17018124219616,17018124380160,17018124465825,17018128266320,4.046704,0.085665,3.800495,3840
live,1299,17018134219616,17018135017858,17018135230788,17018140476356,6.25674,0.21293,5.245568,3840
replay,1299,17018134219616,17018135090467,17018135366406,17018233906996,99.68738,0.275939,98.54059,292352
live,1300,17018144219616,17018145271198,17018145582114,17018165279698,21.060082,0.310916,19.697584,3840
live,1301,17018154219616,17018154994772,17018165486132,17018168407320,14.187704,10.49136,2.921188,3840
live,1302,17018164219616,17018164858732,17018168541049,17018171111352,6.891736,3.682317,2.570303,3840
live,1303,17018174219616,17018174437793,17018174577283,17018177932971,3.713355,0.13949,3.355688,3840
live,1304,17018184219616,17018184429338,17018184570972,17018186957049,2.737433,0.141634,2.386077,3840
live,1305,17018194219616,17018194360499,17018194455828,17018195875109,1.655493,0.095329,1.419281,3840
live,1306,17018204219616,17018204357805,17018204451758,17018206830475,2.610859,0.093953,2.378717,3840
live,1307,17018214219616,17018214360198,17018214466791,17018217048231,2.828615,0.106593,2.58144,3840
live,1308,17018224219616,17018224360736,17018224468993,17018227183010,2.963394,0.108257,2.714017,3840
live,1309,17018234219616,17018234390778,17018234590044,17018236342961,2.123345,0.199266,1.752917,3840
live,1310,17018244219616,17018244362611,17018244442196,17018246370443,2.150827,0.079585,1.928247,3840
live,1311,17018254219616,17018254351020,17018254427629,17018256384421,2.164805,0.076609,1.956792,3840
live,1312,17018264219616,17018264352678,17018264448903,17018267052071,2.832455,0.096225,2.603168,3840
live,1313,17018274219616,17018274396384,17018274489857,17018278005036,3.78542,0.093473,3.515179,3840
live,1314,17018284219616,17018284391129,17018284487739,17018288204584,3.984968,0.09661,3.716845,3840
live,1315,17018294219616,17018294400179,17018294496724,17018298165953,3.946337,0.096545,3.669229,3840
live,1316,17018304219616,17018304390860,17018304480078,17018308118074,3.898458,0.089218,3.637996,3840
live,1317,17018314219616,17018314392838,17018314493191,17018318180884,3.961268,0.100353,3.687693,3840
live,1318,17018324219616,17018324396672,17018324484033,17018326575386,2.35577,0.087361,2.091353,3840
live,1319,17018334219616,17018334354233,17018334433882,17018337622112,3.402496,0.079649,3.18823,3840
live,1320,17018344219616,17018344386515,17018344475572,17018362476719,18.257103,0.089057,18.001147,3840
live,1321,17018354219616,17018354389548,17018362606320,17018365175343,10.955727,8.216772,2.569023,3840
live,1322,17018364219616,17018364439430,17018365272497,17018368279733,4.060117,0.833067,3.007236,3840
live,1323,17018374219616,17018374396383,17018374480864,17018377342147,3.122531,0.084481,2.861283,3840
live,1324,17018384219616,17018384388985,17018384476538,17018387557247,3.337631,0.087553,3.080709,3840
live,1325,17018394219616,17018394392499,17018394482228,17018396985618,2.766002,0.089729,2.50339,3840
live,1326,17018404219616,17018404391692,17018404483821,17018407469970,3.250354,0.092129,2.986149,3840
live,1327,17018414219616,17018414396006,17018414480007,17018417134951,2.915335,0.084001,2.654944,3840
live,1328,17018424219616,17018424384959,17018424480352,17018427235202,3.015586,0.095393,2.75485,3840
live,1329,17018434219616,17018434381753,17018434458490,17018436511795,2.292179,0.076737,2.053305,3840
live,1330,17018444219616,17018444391858,17018444465715,17018445960901,1.741285,0.073857,1.495186,3840
live,1331,17018454219616,17018454356107,17018454425036,17018457239470,3.019854,0.068929,2.814434,3840
live,1332,17018464219616,17018464387461,17018464462982,17018467432842,3.213226,0.075521,2.96986,3840
live,1333,17018474219616,17018474384831,17018474462624,17018477448452,3.228836,0.077793,2.985828,3840
live,1334,17018484219616,17018484381368,17018484455193,17018487326876,3.10726,0.073825,2.871683,3840
live,1335,17018494219616,17018494390322,17018494464947,17018497395959,3.176343,0.074625,2.931012,3840
live,1336,17018504219616,17018504397356,17018504474893,17018507339279,3.119663,0.077537,2.864386,3840
live,1337,17018514219616,17018514509031,17018514603688,17018517744334,3.524718,0.094657,3.140646,3840
live,1338,17018524219616,17018524413983,17018524829252,17018528610034,4.390418,0.415269,3.780782,3840
live,1339,17018534219616,17018534396824,17018534482905,17018537454238,3.234622,0.086081,2.971333,3840
live,1340,17018544219616,17018544383602,17018544472979,17018559229830,15.010214,0.089377,14.756851,3840
live,1341,17018554219616,17018554354539,17018559376008,17018561770789,7.551173,5.021469,2.394781,3840
live,1342,17018564219616,17018564388325,17018564469766,17018567790094,3.570478,0.081441,3.320328,3840
live,1343,17018574219616,17018574395263,17018574478880,17018577605862,3.386246,0.083617,3.126982,3840
live,1344,17018584219616,17018584383288,17018584468505,17018587827874,3.608258,0.085217,3.359369,3840
live,1345,17018594219616,17018594389714,17018594476563,17018598168544,3.948928,0.086849,3.691981,3840
live,1346,17018604219616,17018604395339,17018604494796,17018608081944,3.862328,0.099457,3.587148,3840
live,1347,17018614219616,17018614405573,17018614501958,17018618687897,4.468281,0.096385,4.185939,3840
live,1348,17018624219616,17018624393470,17018624490752,17018627761351,3.541735,0.097282,3.270599,3840
live,1349,17018634219616,17018634409720,17018634503481,17018637634559,3.414943,0.093761,3.131078,3840
live,1350,17018644219616,17018644389329,17018644474834,17018647883932,3.664316,0.085505,3.409098,3840
live,1351,17018654219616,17018654395083,17018654479372,17018657926966,3.70735,0.084289,3.447594,3840
live,1352,17018664219616,17018664380324,17018664463557,17018667873871,3.654255,0.083233,3.410314,3840
live,1353,17018674219616,17018674430207,17018674567008,17018678166956,3.94734,0.136801,3.599948,3840
live,1354,17018684219616,17018684412056,17018684528377,17018688050244,3.830628,0.116321,3.521867,3840
live,1355,17018694219616,17018694419858,17018694520947,17018698044222,3.824606,0.101089,3.523275,3840
live,1356,17018704219616,17018704399755,17018704509260,17018708349595,4.129979,0.109505,3.840335,3840
live,1357,17018714219616,17018714397604,17018714496646,17018718264691,4.045075,0.099042,3.768045,3840
live,1358,17018724219616,17018724399102,17018724532352,17018727744647,3.525031,0.13325,3.212295,3840
live,1359,17018734219616,17018734564538,17018734778268,17018738469289,4.249673,0.21373,3.691021,3840
live,1360,17018744219616,17018744433106,17018744568851,17018762669551,18.449935,0.135745,18.1007,3840
live,1361,17018754219616,17018754402315,17018762803025,17018765246191,11.026575,8.40071,2.443166,3840
live,1362,17018764219616,17018764405732,17018765342768,17018768477814,4.258198,0.937036,3.135046,3840
live,1363,17018774219616,17018774392414,17018774489791,17018776961277,2.741661,0.097377,2.471486,3840
live,1364,17018784219616,17018784396535,17018784485048,17018786666227,2.446611,0.088513,2.181179,3840
live,1365,17018794219616,17018794397969,17018794484306,17018797522103,3.302487,0.086337,3.037797,3840
live,1366,17018804219616,17018804388746,17018804485420,17018807720883,3.501267,0.096674,3.235463,3840
live,1367,17018814219616,17018814378980,17018814477093,17018818279155,4.059539,0.098113,3.802062,3840
live,1368,17018824219616,17018824653761,17018824820419,17018828687762,4.468146,0.166658,3.867343,3840
live,1369,17018834219616,17018834415927,17018834528121,17018838165637,3.946021,0.112194,3.637516,3840
live,1370,17018844219616,17018844501682,17018844599027,17018848369153,4.149537,0.097345,3.770126,3840
live,1371,17018854219616,17018854432107,17018854520972,17018857998358,3.778742,0.088865,3.477386,3840
live,1372,17018864219616,17018864393668,17018864481509,17018867920591,3.700975,0.087841,3.439082,3840
live,1373,17018874219616,17018874381277,17018874465982,17018877823079,3.603463,0.084705,3.357097,3840
live,1374,17018884219616,17018884395575,17018884478968,17018887108088,2.888472,0.083393,2.62912,3840
live,1375,17018894219616,17018894396368,17018894480049,17018897917083,3.697467,0.083681,3.437034,3840
live,1376,17018904219616,17018904380394,17018904467563,17018907117227,2.897611,0.087169,2.649664,3840
live,1377,17018914219616,17018914380483,17018914453284,17018917838829,3.619213,0.072801,3.385545,3840
live,1378,17018924219616,17018924394877,17018924479582,17018928777522,4.557906,0.084705,4.29794,3840
live,1379,17018934219616,17018934388087,17018934488408,17018937620574,3.400958,0.100321,3.132166,3840
live,1380,17018944219616,17018944389488,17018944477425,17018962075975,17.856359,0.087937,17.59855,3840
live,1381,17018954219616,17018954402154,17018962182888,17018965216589,10.996973,7.780734,3.033701,3840
live,1382,17018964219616,17018964503749,17018965310830,17018967534473,3.314857,0.807081,2.223643,3840
live,1383,17018974219616,17018974406685,17018974481886,17018976859515,2.639899,0.075201,2.377629,3840
live,1384,17018984219616,17018984387638,17018984467447,17018986913205,2.693589,0.079809,2.445758,3840
live,1385,17018994219616,17018994388400,17018994468049,17018996842382,2.622766,0.079649,2.374333,3840
live,1386,17019004219616,17019004387561,17019004463978,17019007008361,2.788745,0.076417,2.544383,3840
live,1387,17019014219616,17019014385283,17019014459876,17019017064900,2.845284,0.074593,2.605024,3840
live,1388,17019024219616,17019024387037,17019024468510,17019027014429,2.794813,0.081473,2.545919,3840
live,1389,17019034219616,17019034397270,17019034476407,17019037542333,3.322717,0.079137,3.065926,3840
live,1390,17019044219616,17019044378544,17019044457457,17019048278911,4.059295,0.078913,3.821454,3840
live,1391,17019054219616,17019054399337,17019054482986,17019058561404,4.341788,0.083649,4.078418,3840
live,1392,17019064219616,17019064392899,17019064478308,17019067939214,3.719598,0.085409,3.460906,3840
live,1393,17019074219616,17019074400989,17019074497118,17019077974728,3.755112,0.096129,3.47761,3840
live,1394,17019084219616,17019084404470,17019084487703,17019088075011,3.855395,0.083233,3.587308,3840
live,1395,17019094219616,17019094387248,17019094478193,17019097998203,3.778587,0.090945,3.52001,3840
live,1396,17019104219616,17019104401865,17019104485450,17019108225432,4.005816,0.083585,3.739982,3840
live,1397,17019114219616,17019114397283,17019114481668,17019117931598,3.711982,0.084385,3.44993,3840
live,1398,17019124219616,17019124388636,17019124471517,17019127885031,3.665415,0.082881,3.413514,3840
replay,1399,17019134219616,17019135540676,17019135663205,17019234717561,100.497945,0.122529,99.054356,292352
live,1399,17019134219616,17019135460995,17019136383246,17019141771056,7.55144,0.922251,5.38781,3840
live,1400,17019144219616,17019145244250,17019145895554,17019166297082,22.077466,0.651304,20.401528,3840
live,1401,17019154219616,17019154528715,17019166554909,17019170611726,16.39211,12.026194,4.056817,3840
live,1402,17019164219616,17019164554757,17019170763952,17019174639903,10.420287,6.209195,3.875951,3840
live,1403,17019174219616,17019174442013,17019174784609,17019179286040,5.066424,0.342596,4.501431,3840
live,1404,17019184219616,17019184390870,17019184472919,17019188492712,4.273096,0.082049,4.019793,3840
live,1405,17019194219616,17019194377135,17019194453968,17019197236050,3.016434,0.076833,2.782082,3840
live,1406,17019204219616,17019204339016,17019204404009,17019206461282,2.241666,0.064993,2.057273,3840
live,1407,17019214219616,17019214342018,17019214409507,17019216473372,2.253756,0.067489,2.063865,3840
live,1408,17019224219616,17019224349531,17019224450973,17019228088457,3.868841,0.101442,3.637484,3840
live,1409,17019234219616,17019234892540,17019235040189,17019237652765,3.433149,0.147649,2.612576,3840
live,1410,17019244219616,17019244369615,17019244461200,17019246183685,1.964069,0.091585,1.722485,3840
live,1411,17019254219616,17019254350792,17019254431017,17019256720325,2.500709,0.080225,2.289308,3840
live,1412,17019264219616,17019264353218,17019264447811,17019266631517,2.411901,0.094593,2.183706,3840
live,1413,17019274219616,17019274384380,17019274477853,17019277439105,3.219489,0.093473,2.961252,3840
live,1414,17019284219616,17019284387605,17019284503127,17019287292889,3.073273,0.115522,2.789762,3840
live,1415,17019294219616,17019294697971,17019294791540,17019297570934,3.351318,0.093569,2.779394,3840
live,1416,17019304219616,17019304396808,17019304492938,17019307194058,2.974442,0.09613,2.70112,3840
live,1417,17019314219616,17019314399170,17019314491939,17019317954893,3.735277,0.092769,3.462954,3840
live,1418,17019324219616,17019324396284,17019324485245,17019327227774,3.008158,0.088961,2.742529,3840
live,1419,17019334219616,17019334471446,17019334565175,17019337556316,3.3367,0.093729,2.991141,3840
live,1420,17019344219616,17019344383247,17019344466544,17019356638596,12.41898,0.083297,12.172052,3840
live,1421,17019354219616,17019354356008,17019356774565,17019360746741,6.527125,2.418557,3.972176,3840
live,1422,17019364219616,17019364395298,17019364495075,17019367775179,3.555563,0.099777,3.280104,3840
live,1423,17019374219616,17019374394139,17019374482108,17019377555842,3.336226,0.087969,3.073734,3840
live,1424,17019384219616,17019384381429,17019384478198,17019387470426,3.25081,0.096769,2.992228,3840
live,1425,17019394219616,17019394391406,17019394488688,17019396753163,2.533547,0.097282,2.264475,3840
live,1426,17019404219616,17019404395080,17019404482825,17019406707972,2.488356,0.087745,2.225147,3840
live,1427,17019414219616,17019414392002,17019414485955,17019416691582,2.471966,0.093953,2.205627,3840
live,1428,17019424219616,17019424390971,17019424485308,17019426846361,2.626745,0.094337,2.361053,3840
live,1429,17019434219616,17019434396021,17019434481366,17019436916531,2.696915,0.085345,2.435165,3840
live,1430,17019444219616,17019444389134,17019444464815,17019446003970,1.784354,0.075681,1.539155,3840
live,1431,17019454219616,17019454354631,17019454433288,17019457297643,3.078027,0.078657,2.864355,3840
live,1432,17019464219616,17019464390177,17019464479267,17019467463687,3.244071,0.08909,2.98442,3840
live,1433,17019474219616,17019474404635,17019474484316,17019477462624,3.243008,0.079681,2.978308,3840
live,1434,17019484219616,17019484389557,17019484477622,17019487339160,3.119544,0.088065,2.861538,3840
live,1435,17019494219616,17019494657489,17019494761779,17019497633974,3.414358,0.10429,2.872195,3840
live,1436,17019504219616,17019504399464,17019504483913,17019509196194,4.976578,0.084449,4.712281,3840
live,1437,17019514219616,17019514391169,17019514477666,17019517085346,2.86573,0.086497,2.60768,3840
live,1438,17019524219616,17019524390491,17019524476796,17019527061243,2.841627,0.086305,2.584447,3840
live,1439,17019534219616,17019534394100,17019534471221,17019537174742,2.955126,0.077121,2.703521,3840
live,1440,17019544219616,17019544391214,17019544470319,17019556642083,12.422467,0.079105,12.171764,3840
live,1441,17019554219616,17019554355495,17019556774468,17019560305231,6.085615,2.418973,3.530763,3840
live,1442,17019564219616,17019564396545,17019564495458,17019568625173,4.405557,0.098913,4.129715,3840
live,1443,17019574219616,17019574401275,17019574806400,17019578567117,4.347501,0.405125,3.760717,3840
live,1444,17019584219616,17019584376948,17019584780473,17019587697724,3.478108,0.403525,2.917251,3840
live,1445,17019594219616,17019594391694,17019594467695,17019598180188,3.960572,0.076001,3.712493,3840
live,1446,17019604219616,17019604461416,17019604547561,17019607155081,2.935465,0.086145,2.60752,3840
live,1447,17019614219616,17019614422273,17019614510402,17019617102882,2.883266,0.088129,2.59248,3840
live,1448,17019624219616,17019624404731,17019624488668,17019627023866,2.80425,0.083937,2.535198,3840
live,1449,17019634219616,17019634389652,17019634463733,17019637187190,2.967574,0.074081,2.723457,3840
live,1450,17019644219616,17019644395278,17019644474671,17019646931564,2.711948,0.079393,2.456893,3840
live,1451,17019654219616,17019654384263,17019654463560,17019657426668,3.207052,0.079297,2.963108,3840
live,1452,17019664219616,17019664394401,17019664808038,17019668877687,4.658071,0.413637,4.069649,3840
live,1453,17019674219616,17019674391994,17019674477339,17019677523616,3.304,0.085345,3.046277,3840
live,1454,17019684219616,17019684393172,17019684481045,17019687403576,3.18396,0.087873,2.922531,3840
live,1455,17019694219616,17019694400813,17019694487119,17019697071246,2.85163,0.086306,2.584127,3840
live,1456,17019704219616,17019704392263,17019704466952,17019707025127,2.805511,0.074689,2.558175,3840
live,1457,17019714219616,17019714388032,17019714477442,17019717052929,2.833313,0.08941,2.575487,3840
live,1458,17019724219616,17019724406842,17019724486299,17019727033210,2.813594,0.079457,2.546911,3840
live,1459,17019734219616,17019734380147,17019734458516,17019737045268,2.825652,0.078369,2.586752,3840
live,1460,17019744219616,17019744384237,17019744465070,17019762121957,17.902341,0.080833,17.656887,3840
live,1461,17019754219616,17019754396519,17019762239206,17019765340460,11.120844,7.842687,3.101254,3840
live,1462,17019764219616,17019764402880,17019765440909,17019769058649,4.839033,1.038029,3.61774,3840
live,1463,17019774219616,17019774389274,17019774822207,17019778522156,4.30254,0.432933,3.699949,3840
live,1464,17019784219616,17019784386835,17019784835865,17019788401412,4.181796,0.44903,3.565547,3840
live,1465,17019794219616,17019794395501,17019794491534,17019797730326,3.51071,0.096033,3.238792,3840
live,1466,17019804219616,17019804380326,17019804470792,17019807929202,3.709586,0.090466,3.45841,3840
live,1467,17019814219616,17019814381440,17019814466785,17019817937643,3.718027,0.085345,3.470858,3840
live,1468,17019824219616,17019824384314,17019824471323,17019827916261,3.696645,0.087009,3.444938,3840
live,1469,17019834219616,17019834386739,17019834476660,17019838047584,3.827968,0.089921,3.570924,3840
live,1470,17019844219616,17019844381005,17019844464206,17019848371645,4.152029,0.083201,3.907439,3840
live,1471,17019854219616,17019854386342,17019854480647,17019858379799,4.160183,0.094305,3.899152,3840
live,1472,17019864219616,17019864404384,17019864497889,17019868559539,4.339923,0.093505,4.06165,3840
live,1473,17019874219616,17019874382393,17019874468986,17019878347274,4.127658,0.086593,3.878288,3840
live,1474,17019884219616,17019884383507,17019884473684,17019888344579,4.124963,0.090177,3.870895,3840
live,1475,17019894219616,17019894389485,17019894475790,17019898156890,3.937274,0.086305,3.6811,3840
live,1476,17019904219616,17019904381414,17019904468007,17019907887633,3.668017,0.086593,3.419626,3840
live,1477,17019914219616,17019914382848,17019914468769,17019917148929,2.929313,0.085921,2.68016,3840
live,1478,17019924219616,17019924394841,17019924474362,17019927034649,2.815033,0.079521,2.560287,3840
live,1479,17019934219616,17019934382419,17019934460564,17019937039571,2.819955,0.078145,2.579007,3840
live,1480,17019944219616,17019944384044,17019944459341,17019961537501,17.317885,0.075297,17.07816,3840
live,1481,17019954219616,17019954536648,17019961648702,17019964590882,10.371266,7.112054,2.94218,3840
live,1482,17019964219616,17019964501409,17019964692611,17019967392036,3.17242,0.191202,2.699425,3840
live,1483,17019974219616,17019974406905,17019974490330,17019977093466,2.87385,0.083425,2.603136,3840
live,1484,17019984219616,17019984394835,17019984479444,17019987179797,2.960181,0.084609,2.700353,3840
live,1485,17019994219616,17019994390444,17019994469837,17019997418257,3.198641,0.079393,2.94842,3840
live,1486,17020004219616,17020004396006,17020004472999,17020007621613,3.401997,0.076993,3.148614,3840
live,1487,17020014219616,17020014390015,17020014465216,17020017052704,2.833088,0.075201,2.587488,3840
live,1488,17020024219616,17020024385401,17020024463386,17020027000761,2.781145,0.077985,2.537375,3840
live,1489,17020034219616,17020034382866,17020034462035,17020037009522,2.789906,0.079169,2.547487,3840
live,1490,17020044219616,17020044379500,17020044467533,17020047395633,3.176017,0.088033,2.9281,3840
live,1491,17020054219616,17020054386342,17020054468135,17020058271125,4.051509,0.081793,3.80299,3840
live,1492,17020064219616,17020064387295,17020064485664,17020067412356,3.19274,0.098369,2.926692,3840
live,1493,17020074219616,17020074393049,17020074471130,17020077435902,3.216286,0.078081,2.964772,3840
live,1494,17020084219616,17020084382514,17020084458995,17020087344598,3.124982,0.076481,2.885603,3840
live,1495,17020094219616,17020094390956,17020094470861,17020097363792,3.144176,0.079905,2.892931,3840
live,1496,17020104219616,17020104388774,17020104467238,17020106626049,2.406433,0.078464,2.158811,3840
live,1497,17020114219616,17020114389087,17020114465152,17020116601690,2.382074,0.076065,2.136538,3840
live,1498,17020124219616,17020124389625,17020124469274,17020126274096,2.05448,0.079649,1.804822,3840
live,1499,17020134219616,17020135190172,17020135450751,17020139797588,5.577972,0.260579,4.346837,3840
replay,1499,17020134219616,17020135315261,17020135586881,17020239096331,104.876715,0.27162,103.50945,292352
