stage,sequence,release_ns,queued_ns,start_ns,end_ns,age_ms,queue_ms,service_ms,output_samples
live,0,16296946490867,16296947013906,16296947138100,16296954637363,8.146496,0.124194,7.499263,7680
live,1,16296956490867,16296956679340,16296956760333,16296958072670,1.581803,0.080993,1.312337,7680
live,2,16296966490867,16296966649002,16296966733163,16296968496002,2.005135,0.084161,1.762839,7680
live,3,16296976490867,16296976642089,16296976714634,16296978678211,2.187344,0.072545,1.963577,7680
live,4,16296986490867,16296986640295,16296986710888,16296989669453,3.178586,0.070593,2.958565,7680
live,5,16296996490867,16296996662310,16296996745287,16296998061368,1.570501,0.082977,1.316081,7680
live,6,16297006490867,16297006619364,16297007279308,16297008187896,1.697029,0.659944,0.908588,7680
live,7,16297016490867,16297016641026,16297016735876,16297018725437,2.23457,0.09485,1.989561,7680
live,8,16297026490867,16297026659105,16297026754018,16297028776572,2.285705,0.094913,2.022554,7680
live,9,16297036490867,16297036657280,16297036753249,16297038734138,2.243271,0.095969,1.980889,7680
live,10,16297046490867,16297046654110,16297046727903,16297048094576,1.603709,0.073793,1.366673,7680
live,11,16297056490867,16297056607708,16297056663484,16297058437747,1.94688,0.055776,1.774263,7680
live,12,16297066490867,16297066645179,16297066738044,16297068750773,2.259906,0.092865,2.012729,7680
live,13,16297076490867,16297076652377,16297076736218,16297078688595,2.197728,0.083841,1.952377,7680
live,14,16297086490867,16297086647672,16297086740697,16297088706098,2.215231,0.093025,1.965401,7680
live,15,16297096490867,16297096676182,16297096778328,16297098501901,2.011034,0.102146,1.723573,7680
live,16,16297106490867,16297106624148,16297106669941,16297107849508,1.358641,0.045793,1.179567,7680
live,17,16297116490867,16297116626163,16297116701715,16297118900015,2.409148,0.075552,2.1983,7680
live,18,16297126490867,16297126642801,16297126727922,16297128692107,2.20124,0.085121,1.964185,7680
live,19,16297136490867,16297136648016,16297136740593,16297138682313,2.191446,0.092577,1.94172,7680
live,20,16297146490867,16297146672142,16297146773520,16297156594732,10.103865,0.101378,9.821212,7680
live,21,16297156490867,16297156858255,16297156962256,16297158977578,2.486711,0.104001,2.015322,7680
live,22,16297166490867,16297166651659,16297166726284,16297168761190,2.270323,0.074625,2.034906,7680
live,23,16297176490867,16297176641385,16297176724106,16297178705859,2.214992,0.082721,1.981753,7680
live,24,16297186490867,16297186647560,16297186738633,16297188728994,2.238127,0.091073,1.990361,7680
live,25,16297196490867,16297196765224,16297196849897,16297198060248,1.569381,0.084673,1.210351,7680
live,26,16297206490867,16297206622052,16297206669317,16297207595889,1.105022,0.047265,0.926572,7680
live,27,16297216490867,16297216628547,16297216720196,16297218660060,2.169193,0.091649,1.939864,7680
live,28,16297226490867,16297226653026,16297226728130,16297228714780,2.223913,0.075104,1.98665,7680
live,29,16297236490867,16297236641824,16297236734625,16297238672089,2.181222,0.092801,1.937464,7680
live,30,16297246490867,16297246672383,16297246777312,16297248842330,2.351463,0.104929,2.065018,7680
live,31,16297256490867,16297256663837,16297256756318,16297258733495,2.242628,0.092481,1.977177,7680
live,32,16297266490867,16297266663035,16297266760413,16297268889720,2.398853,0.097378,2.129307,7680
live,33,16297276490867,16297276657498,16297276744187,16297278697780,2.206913,0.086689,1.953593,7680
live,34,16297286490867,16297286649752,16297286722649,16297288723410,2.232543,0.072897,2.000761,7680
live,35,16297296490867,16297296664023,16297296767416,16297298240203,1.749336,0.103393,1.472787,7680
live,36,16297306490867,16297306669461,16297306771158,16297308785328,2.294461,0.101697,2.01417,7680
live,37,16297316490867,16297316652723,16297316738868,16297319043954,2.553087,0.086145,2.305086,7680
live,38,16297326490867,16297326651986,16297326729907,16297329039888,2.549021,0.077921,2.309981,7680
live,39,16297336490867,16297336653264,16297336733233,16297339021454,2.530587,0.079969,2.288221,7680
live,40,16297346490867,16297347032531,16297347159765,16297357211508,10.720641,0.127234,10.051743,7680
live,41,16297356490867,16297356849008,16297357329174,16297359330799,2.839932,0.480166,2.001625,7680
live,42,16297366490867,16297366677292,16297366781133,16297369132139,2.641272,0.103841,2.351006,7680
live,43,16297376490867,16297376647050,16297376737611,16297379050408,2.559541,0.090561,2.312797,7680
live,44,16297386490867,16297386645768,16297386723913,16297389027622,2.536755,0.078145,2.303709,7680
live,45,16297396490867,16297396637863,16297396716392,16297399341705,2.850838,0.078529,2.625313,7680
live,46,16297406490867,16297406653445,16297406759303,16297409132677,2.64181,0.105858,2.373374,7680
live,47,16297416490867,16297416650596,16297416743333,16297419045602,2.554735,0.092737,2.302269,7680
live,48,16297426490867,16297426649730,16297426737059,16297429040800,2.549933,0.087329,2.303741,7680
live,49,16297436490867,16297436641664,16297436718977,16297438983390,2.492523,0.077313,2.264413,7680
live,50,16297446490867,16297446639775,16297446726048,16297449123998,2.633131,0.086273,2.39795,7680
live,51,16297456490867,16297456656413,16297456756287,16297458759768,2.268901,0.099874,2.003481,7680
live,52,16297466490867,16297466651324,16297466733085,16297468698774,2.207907,0.081761,1.965689,7680
live,53,16297476490867,16297476689595,16297476797404,16297478812789,2.321922,0.107809,2.015385,7680
live,54,16297486490867,16297486696281,16297486810971,16297488812980,2.322113,0.11469,2.002009,7680
live,55,16297496490867,16297496674423,16297496777433,16297498804274,2.313407,0.10301,2.026841,7680
live,56,16297506490867,16297506664342,16297506759703,16297508823569,2.332702,0.095361,2.063866,7680
live,57,16297516490867,16297516651444,16297516740373,16297518690702,2.199835,0.088929,1.950329,7680
live,58,16297526490867,16297526647954,16297526734611,16297528694284,2.203417,0.086657,1.959673,7680
live,59,16297536490867,16297536644753,16297536729746,16297538641450,2.150583,0.084993,1.911704,7680
live,60,16297546490867,16297546644879,16297546717776,16297556229992,9.739125,0.072897,9.512216,7680
live,61,16297556490867,16297556660110,16297556771663,16297558780424,2.289557,0.111553,2.008761,7680
live,62,16297566490867,16297566650316,16297566729293,16297568762599,2.271732,0.078977,2.033306,7680
live,63,16297576490867,16297576647626,16297576733995,16297578690596,2.199729,0.086369,1.956601,7680
live,64,16297586490867,16297586645705,16297586740650,16297588721315,2.230448,0.094945,1.980665,7680
live,65,16297596490867,16297596646983,16297596720040,16297598673377,2.18251,0.073057,1.953337,7680
live,66,16297606490867,16297606647942,16297606734407,16297608782145,2.291278,0.086465,2.047738,7680
live,67,16297616490867,16297616642596,16297616714085,16297618746751,2.255884,0.071489,2.032666,7680
live,68,16297626490867,16297626642082,16297626731236,16297628710941,2.220074,0.089154,1.979705,7680
live,69,16297636490867,16297636648001,16297636744834,16297638664986,2.174119,0.096833,1.920152,7680
live,70,16297646490867,16297646642943,16297646725440,16297648688153,2.197286,0.082497,1.962713,7680
live,71,16297656490867,16297656647070,16297656747295,16297658755416,2.264549,0.100225,2.008121,7680
live,72,16297666490867,16297666645724,16297666719101,16297668710550,2.219683,0.073377,1.991449,7680
live,73,16297676490867,16297676641403,16297676716539,16297678680372,2.189505,0.075136,1.963833,7680
live,74,16297686490867,16297686641241,16297686724826,16297688691667,2.2008,0.083585,1.966841,7680
live,75,16297696490867,16297696650039,16297696748153,16297698709650,2.218783,0.098114,1.961497,7680
live,76,16297706490867,16297706700311,16297706802264,16297708904114,2.413247,0.101953,2.10185,7680
live,77,16297716490867,16297716678901,16297716783286,16297718904657,2.41379,0.104385,2.121371,7680
live,78,16297726490867,16297726653523,16297726743732,16297728743245,2.252378,0.090209,1.999513,7680
live,79,16297736490867,16297736645009,16297736727858,16297738662795,2.171928,0.082849,1.934937,7680
live,80,16297746490867,16297746638575,16297746722737,16297756919889,10.429022,0.084162,10.197152,7680
live,81,16297756490867,16297756780592,16297757044371,16297759037772,2.546905,0.263779,1.993401,7680
live,82,16297766490867,16297766657005,16297766738158,16297768730951,2.240084,0.081153,1.992793,7680
live,83,16297776490867,16297776641355,16297776712780,16297778658948,2.168081,0.071425,1.946168,7680
live,84,16297786490867,16297786640233,16297786715658,16297788685763,2.194896,0.075425,1.970105,7680
live,85,16297796490867,16297796636680,16297796729705,16297798678049,2.187182,0.093025,1.948344,7680
live,86,16297806490867,16297806749223,16297806843913,16297808885762,2.394895,0.09469,2.041849,7680
live,87,16297816490867,16297816647909,16297816736230,16297818695038,2.204171,0.088321,1.958808,7680
live,88,16297826490867,16297826640835,16297826718308,16297828722077,2.23121,0.077473,2.003769,7680
live,89,16297836490867,16297836637793,16297836712418,16297838641723,2.150856,0.074625,1.929305,7680
live,90,16297846490867,16297846647680,16297846722625,16297848726938,2.236071,0.074945,2.004313,7680
live,91,16297856490867,16297856643166,16297856726751,16297859193662,2.702795,0.083585,2.466911,7680
live,92,16297866490867,16297866650621,16297866749342,16297868757463,2.266596,0.098721,2.008121,7680
live,93,16297876490867,16297876643195,16297876729532,16297878671189,2.180322,0.086337,1.941657,7680
live,94,16297886490867,16297886645113,16297886718682,16297888682835,2.191968,0.073569,1.964153,7680
live,95,16297896490867,16297896640600,16297896716729,16297898616305,2.125438,0.076129,1.899576,7680
live,96,16297906490867,16297906635286,16297906715287,16297909038453,2.547586,0.080001,2.323166,7680
live,97,16297916490867,16297916644789,16297916733622,16297918701359,2.210492,0.088833,1.967737,7680
live,98,16297926490867,16297926648755,16297926758261,16297928797550,2.306683,0.109506,2.039289,7680
live,99,16297936490867,16297938754156,16297938937327,16297943040770,6.549903,0.183171,4.103443,7680
replay,99,16297936490867,16297938831053,16297939041136,16298020366292,83.875425,0.210083,81.325156,584704
live,100,16297946490867,16297949043630,16297949352882,16297963855594,17.364727,0.309252,14.502712,7680
live,101,16297956490867,16297957052788,16297964137101,16297967419351,10.928484,7.084313,3.28225,7680
live,102,16297966490867,16297967056370,16297967560664,16297970624543,4.133676,0.504294,3.063879,7680
live,103,16297976490867,16297976758573,16297977187346,16297980177976,3.687109,0.428773,2.99063,7680
live,104,16297986490867,16297986752491,16297986921229,16297989345996,2.855129,0.168738,2.424767,7680
live,105,16297996490867,16297996650600,16297996775562,16297998138523,1.647656,0.124962,1.362961,7680
live,106,16298006490867,16298006719688,16298007157997,16298011383586,4.892719,0.438309,4.225589,7680
live,107,16298016490867,16298016771271,16298016911208,16298020577719,4.086852,0.139937,3.666511,7680
live,108,16298026490867,16298026674660,16298026761541,16298028123702,1.632835,0.086881,1.362161,7680
live,109,16298036490867,16298036607585,16298036658658,16298037778672,1.287805,0.051073,1.120014,7680
live,110,16298046490867,16298046597184,16298046662848,16298048354838,1.863971,0.065664,1.69199,7680
live,111,16298056490867,16298056638687,16298056712128,16298058738521,2.247654,0.073441,2.026393,7680
live,112,16298066490867,16298066675421,16298066776383,16298068931578,2.440711,0.100962,2.155195,7680
live,113,16298076490867,16298076666364,16298076756125,16298078782039,2.291172,0.089761,2.025914,7680
live,114,16298086490867,16298086652954,16298086739995,16298088763317,2.27245,0.087041,2.023322,7680
live,115,16298096490867,16298096652216,16298096741434,16298099057943,2.567076,0.089218,2.316509,7680
live,116,16298106490867,16298106651543,16298106727416,16298109069557,2.57869,0.075873,2.342141,7680
live,117,16298116490867,16298117352990,16298117502208,16298119888222,3.397355,0.149218,2.386014,7680
live,118,16298126490867,16298126639476,16298126693876,16298127787298,1.296431,0.0544,1.093422,7680
live,119,16298136490867,16298136625138,16298136710355,16298138667148,2.176281,0.085217,1.956793,7680
live,120,16298146490867,16298146645009,16298146747890,16298157101493,10.610626,0.102881,10.353603,7680
live,121,16298156490867,16298156725936,16298157232054,16298159291632,2.800765,0.506118,2.059578,7680
live,122,16298166490867,16298166674350,16298166777999,16298169340623,2.849756,0.103649,2.562624,7680
live,123,16298176490867,16298176656460,16298176764205,16298178947465,2.456598,0.107745,2.18326,7680
live,124,16298186490867,16298186645802,16298186731819,16298188822630,2.331763,0.086017,2.090811,7680
live,125,16298196490867,16298196644969,16298196729194,16298198731555,2.240688,0.084225,2.002361,7680
live,126,16298206490867,16298206643559,16298206727304,16298208725473,2.234606,0.083745,1.998169,7680
live,127,16298216490867,16298216644101,16298216732263,16298218679999,2.189132,0.088162,1.947736,7680
live,128,16298226490867,16298226658020,16298226756997,16298228831232,2.340365,0.098977,2.074235,7680
live,129,16298236490867,16298236657474,16298236731011,16298238686684,2.195817,0.073537,1.955673,7680
live,130,16298246490867,16298246641601,16298246725858,16298248711963,2.221096,0.084257,1.986105,7680
live,131,16298256490867,16298256642367,16298256728864,16298258664633,2.173766,0.086497,1.935769,7680
live,132,16298266490867,16298266638494,16298266719519,16298268684503,2.193636,0.081025,1.964984,7680
live,133,16298276490867,16298276650460,16298276736061,16298278730806,2.239939,0.085601,1.994745,7680
live,134,16298286490867,16298286647322,16298286718299,16298288719669,2.228802,0.070977,2.00137,7680
live,135,16298296490867,16298296645273,16298296726842,16298298677683,2.186816,0.081569,1.950841,7680
live,136,16298306490867,16298306642327,16298306728152,16298308707217,2.21635,0.085825,1.979065,7680
live,137,16298316490867,16298316641814,16298316730455,16298318669135,2.178268,0.088641,1.93868,7680
live,138,16298326490867,16298326650772,16298326754710,16298328803407,2.31254,0.103938,2.048697,7680
live,139,16298336490867,16298336652467,16298336733652,16298338687212,2.196345,0.081185,1.95356,7680
live,140,16298346490867,16298346640529,16298346709874,16298356426957,9.93609,0.069345,9.717083,7680
live,141,16298356490867,16298356651311,16298356747217,16298358730282,2.239415,0.095906,1.983065,7680
live,142,16298366490867,16298366647534,16298366731791,16298368725000,2.234133,0.084257,1.993209,7680
live,143,16298376490867,16298376656908,16298376773102,16298378852744,2.361877,0.116194,2.079642,7680
live,144,16298386490867,16298386653931,16298386731020,16298388790406,2.299539,0.077089,2.059386,7680
live,145,16298396490867,16298396648073,16298396753770,16298398903878,2.413011,0.105697,2.150108,7680
live,146,16298406490867,16298406668040,16298406756969,16298408775330,2.284463,0.088929,2.018361,7680
live,147,16298416490867,16298416651814,16298416742215,16298419030884,2.540017,0.090401,2.288669,7680
live,148,16298426490867,16298426653252,16298426759910,16298429131044,2.640177,0.106658,2.371134,7680
live,149,16298436490867,16298436646787,16298436735812,16298439027489,2.536622,0.089025,2.291677,7680
live,150,16298446490867,16298446645729,16298446719298,16298448705947,2.21508,0.073569,1.986649,7680
live,151,16298456490867,16298456635584,16298456710496,16298458970173,2.479306,0.074912,2.259677,7680
live,152,16298466490867,16298466704639,16298466793376,16298468801913,2.311046,0.088737,2.008537,7680
live,153,16298476490867,16298476669181,16298476780254,16298478763351,2.272484,0.111073,1.983097,7680
live,154,16298486490867,16298486655515,16298486746364,16298488733141,2.242274,0.090849,1.986777,7680
live,155,16298496490867,16298496640089,16298496736827,16298498670963,2.180096,0.096738,1.934136,7680
live,156,16298506490867,16298506643704,16298506713369,16298509018198,2.527331,0.069665,2.304829,7680
live,157,16298516490867,16298516641526,16298516717111,16298518983156,2.492289,0.075585,2.266045,7680
live,158,16298526490867,16298526837687,16298526947192,16298529316086,2.825219,0.109505,2.368894,7680
live,159,16298536490867,16298536648979,16298536738996,16298539049937,2.55907,0.090017,2.310941,7680
live,160,16298546490867,16298546636753,16298546730099,16298556172554,9.681687,0.093346,9.442455,7680
live,161,16298556490867,16298556654256,16298556756017,16298558742826,2.251959,0.101761,1.986809,7680
live,162,16298566490867,16298566640942,16298566714927,16298568696232,2.205365,0.073985,1.981305,7680
live,163,16298576490867,16298576639085,16298576727598,16298578997930,2.507063,0.088513,2.270332,7680
live,164,16298586490867,16298586652651,16298586742348,16298588755366,2.264499,0.089697,2.013018,7680
live,165,16298596490867,16298596646090,16298596729803,16298598692003,2.201136,0.083713,1.9622,7680
live,166,16298606490867,16298606653512,16298606763946,16298608795107,2.30424,0.110434,2.031161,7680
live,167,16298616490867,16298616652263,16298616725991,16298618689696,2.198829,0.073728,1.963705,7680
live,168,16298626490867,16298626667877,16298626759462,16298629504489,3.013622,0.091585,2.745027,7680
live,169,16298636490867,16298636655971,16298636751461,16298638755518,2.264651,0.09549,2.004057,7680
live,170,16298646490867,16298646648962,16298646733859,16298648715708,2.224841,0.084897,1.981849,7680
live,171,16298656490867,16298656646624,16298656733697,16298658687130,2.196263,0.087073,1.953433,7680
live,172,16298666490867,16298666645727,16298666720320,16298668727737,2.23687,0.074593,2.007417,7680
live,173,16298676490867,16298676662493,16298676740926,16298678734551,2.243684,0.078433,1.993625,7680
live,174,16298686490867,16298686651355,16298686737853,16298688844311,2.353444,0.086498,2.106458,7680
live,175,16298696490867,16298696657850,16298696760187,16298698717460,2.226593,0.102337,1.957273,7680
live,176,16298706490867,16298706655928,16298706759706,16298708733107,2.24224,0.103778,1.973401,7680
live,177,16298716490867,16298716645399,16298716744600,16298718642224,2.151357,0.099201,1.897624,7680
live,178,16298726490867,16298726622581,16298726687062,16298728602030,2.111163,0.064481,1.914968,7680
live,179,16298736490867,16298736623987,16298736692628,16298738604076,2.113209,0.068641,1.911448,7680
live,180,16298746490867,16298746620434,16298746700723,16298755993672,9.502805,0.080289,9.292949,7680
live,181,16298756490867,16298756624528,16298756705521,16298758598345,2.107478,0.080993,1.892824,7680
live,182,16298766490867,16298766618190,16298766703184,16298768616392,2.125525,0.084994,1.913208,7680
live,183,16298776490867,16298776622157,16298776700110,16298778582630,2.091763,0.077953,1.88252,7680
live,184,16298786490867,16298786623659,16298786692812,16298788638981,2.148114,0.069153,1.946169,7680
live,185,16298796490867,16298796617610,16298796683467,16298798560546,2.069679,0.065857,1.877079,7680
live,186,16298806490867,16298806615464,16298806689097,16298808585697,2.09483,0.073633,1.8966,7680
live,187,16298816490867,16298816616359,16298816687815,16298818593760,2.102893,0.071456,1.905945,7680
live,188,16298826490867,16298826622853,16298826704038,16298828684255,2.193388,0.081185,1.980217,7680
live,189,16298836490867,16298836654660,16298836772229,16298838799519,2.308652,0.117569,2.02729,7680
live,190,16298846490867,16298846656962,16298846746947,16298848773245,2.282378,0.089985,2.026298,7680
live,191,16298856490867,16298856672897,16298856763458,16298858737467,2.2466,0.090561,1.974009,7680
live,192,16298866490867,16298866653119,16298866737760,16298868727481,2.236614,0.084641,1.989721,7680
live,193,16298876490867,16298876646141,16298876730463,16298878664663,2.173796,0.084322,1.9342,7680
live,194,16298886490867,16298886652508,16298886747485,16298888772599,2.281732,0.094977,2.025114,7680
live,195,16298896490867,16298896653114,16298896741116,16298898685556,2.194689,0.088002,1.94444,7680
live,196,16298906490867,16298906650137,16298906720282,16298908688627,2.19776,0.070145,1.968345,7680
live,197,16298916490867,16298916639415,16298916722552,16298918641520,2.150653,0.083137,1.918968,7680
live,198,16298926490867,16298926641430,16298926721431,16298928676911,2.186044,0.080001,1.95548,7680
live,199,16298936490867,16298938811471,16298938993426,16298943579084,7.088217,0.181955,4.585658,7680
replay,199,16298936490867,16298938876016,16298939096371,16299023414013,86.923146,0.220355,84.317642,584704
live,200,16298946490867,16298946892758,16298948123717,16298960230302,13.739435,1.230959,12.106585,7680
live,201,16298956490867,16298957502140,16298960443809,16298963130307,6.63944,2.941669,2.686498,7680
live,202,16298966490867,16298966769905,16298966900819,16298969575796,3.084929,0.130914,2.674977,7680
live,203,16298976490867,16298976703214,16298976836272,16298979187726,2.696859,0.133058,2.351454,7680
live,204,16298986490867,16298986783534,16298987122258,16298989409807,2.91894,0.338724,2.287549,7680
live,205,16298996490867,16298996725356,16298996922094,16298998585731,2.094864,0.196738,1.663637,7680
live,206,16299006490867,16299006959725,16299007359826,16299009134696,2.643829,0.400101,1.77487,7680
live,207,16299016490867,16299017053581,16299017223759,16299018926948,2.436081,0.170178,1.703189,7680
live,208,16299026490867,16299026696614,16299026782152,16299028093176,1.602309,0.085538,1.311024,7680
live,209,16299036490867,16299036612356,16299036667621,16299037851827,1.36096,0.055265,1.184206,7680
live,210,16299046490867,16299046608418,16299046671587,16299048038996,1.548129,0.063169,1.367409,7680
live,211,16299056490867,16299056653409,16299056722786,16299058925534,2.434667,0.069377,2.202748,7680
live,212,16299066490867,16299066649920,16299066737249,16299069022430,2.531563,0.087329,2.285181,7680
live,213,16299076490867,16299076663262,16299076752863,16299078918651,2.427784,0.089601,2.165788,7680
live,214,16299086490867,16299086652252,16299086747710,16299088897753,2.406886,0.095458,2.150043,7680
live,215,16299096490867,16299096681595,16299096789085,16299099023065,2.532198,0.10749,2.23398,7680
live,216,16299106490867,16299106664217,16299106756187,16299108832949,2.342082,0.09197,2.076762,7680
live,217,16299116490867,16299116653944,16299116737689,16299118723762,2.232895,0.083745,1.986073,7680
live,218,16299126490867,16299126622710,16299126663574,16299127570082,1.079215,0.040864,0.906508,7680
live,219,16299136490867,16299136609332,16299136653109,16299137525952,1.035085,0.043777,0.872843,7680
live,220,16299146490867,16299146622515,16299146713140,16299156555856,10.064989,0.090625,9.842716,7680
live,221,16299156490867,16299156815987,16299156917525,16299159016559,2.525692,0.101538,2.099034,7680
live,222,16299166490867,16299166656240,16299166735121,16299168815115,2.324248,0.078881,2.079994,7680
live,223,16299176490867,16299176642702,16299176718191,16299178710344,2.219477,0.075489,1.992153,7680
live,224,16299186490867,16299186652109,16299186747150,16299188760647,2.26978,0.095041,2.013497,7680
live,225,16299196490867,16299196669035,16299196774957,16299198963496,2.472629,0.105922,2.188539,7680
live,226,16299206490867,16299206651561,16299206734667,16299208798597,2.30773,0.083106,2.06393,7680
live,227,16299216490867,16299216649320,16299216740905,16299218724002,2.233135,0.091585,1.983097,7680
live,228,16299226490867,16299226680615,16299226734311,16299227860502,1.369635,0.053696,1.126191,7680
live,229,16299236490867,16299236634405,16299236678821,16299237778963,1.288096,0.044416,1.100142,7680
live,230,16299246490867,16299246624099,16299246709572,16299248792670,2.301803,0.085473,2.083098,7680
live,231,16299256490867,16299256655394,16299256740323,16299258739260,2.248393,0.084929,1.998937,7680
live,232,16299266490867,16299266649696,16299266734657,16299268714106,2.223239,0.084961,1.979449,7680
live,233,16299276490867,16299276651230,16299276726879,16299278672408,2.181541,0.075649,1.945529,7680
live,234,16299286490867,16299286654557,16299286727038,16299288693207,2.20234,0.072481,1.966169,7680
live,235,16299296490867,16299296665083,16299296772797,16299298846583,2.355716,0.107714,2.073786,7680
live,236,16299306490867,16299306657018,16299306747931,16299308797813,2.306946,0.090913,2.049882,7680
live,237,16299316490867,16299316660728,16299316754489,16299318843476,2.352609,0.093761,2.088987,7680
live,238,16299326490867,16299326646615,16299326712439,16299328203882,1.713015,0.065824,1.491443,7680
live,239,16299336490867,16299336654613,16299336739222,16299338689647,2.19878,0.084609,1.950425,7680
live,240,16299346490867,16299346692820,16299347305756,16299357509437,11.01857,0.612936,10.203681,7680
live,241,16299356490867,16299356880565,16299357643998,16299359702968,3.212101,0.763433,2.05897,7680
live,242,16299366490867,16299366695889,16299367109910,16299369306450,2.815583,0.414021,2.19654,7680
live,243,16299376490867,16299376671791,16299377078900,16299379234735,2.743868,0.407109,2.155835,7680
live,244,16299386490867,16299386665037,16299387074290,16299389242830,2.751963,0.409253,2.16854,7680
live,245,16299396490867,16299396674732,16299397083505,16299399695762,3.204895,0.408773,2.612257,7680
live,246,16299406490867,16299406678506,16299407102224,16299409327276,2.836409,0.423718,2.225052,7680
live,247,16299416490867,16299416671145,16299417075342,16299419221449,2.730582,0.404197,2.146107,7680
live,248,16299426490867,16299426664519,16299426775912,16299428924388,2.433521,0.111393,2.148476,7680
live,249,16299436490867,16299436644069,16299436741958,16299438733088,2.242221,0.097889,1.99113,7680
live,250,16299446490867,16299446644740,16299446728805,16299448725182,2.234315,0.084065,1.996377,7680
live,251,16299456490867,16299456650626,16299456748867,16299458773565,2.282698,0.098241,2.024698,7680
live,252,16299466490867,16299466650112,16299466746146,16299468751835,2.260968,0.096034,2.005689,7680
live,253,16299476490867,16299476647679,16299476743552,16299479062525,2.571658,0.095873,2.318973,7680
live,254,16299486490867,16299486646813,16299486736798,16299488747704,2.256837,0.089985,2.010906,7680
live,255,16299496490867,16299496645980,16299496717309,16299498656533,2.165666,0.071329,1.939224,7680
live,256,16299506490867,16299506652442,16299506748475,16299508791221,2.300354,0.096033,2.042746,7680
live,257,16299516490867,16299516652409,16299516737178,16299518727379,2.236512,0.084769,1.990201,7680
live,258,16299526490867,16299526659255,16299526761784,16299529076566,2.585699,0.102529,2.314782,7680
live,259,16299536490867,16299536711958,16299536833976,16299538880530,2.389663,0.122018,2.046554,7680
live,260,16299546490867,16299546972856,16299547074809,16299557179897,10.68903,0.101953,10.105088,7680
live,261,16299556490867,16299556818484,16299557308667,16299559339540,2.848673,0.490183,2.030873,7680
live,262,16299566490867,16299566682481,16299566772786,16299568775212,2.284345,0.090305,2.002426,7680
live,263,16299576490867,16299576654031,16299576744368,16299578724905,2.234038,0.090337,1.980537,7680
live,264,16299586490867,16299586649006,16299586738127,16299588721736,2.230869,0.089121,1.983609,7680
live,265,16299596490867,16299596649452,16299596733069,16299598681318,2.190451,0.083617,1.948249,7680
live,266,16299606490867,16299606655466,16299606752652,16299608848966,2.358099,0.097186,2.096314,7680
live,267,16299616490867,16299616656233,16299616740490,16299618724035,2.233168,0.084257,1.983545,7680
live,268,16299626490867,16299626651943,16299626729064,16299628747810,2.256943,0.077121,2.018746,7680
live,269,16299636490867,16299636645574,16299636732583,16299638659487,2.16862,0.087009,1.926904,7680
live,270,16299646490867,16299646641508,16299646726181,16299648708062,2.217195,0.084673,1.981881,7680
live,271,16299656490867,16299656651619,16299656745220,16299658754205,2.263338,0.093601,2.008985,7680
live,272,16299666490867,16299666649473,16299666736834,16299668741275,2.250408,0.087361,2.004441,7680
live,273,16299676490867,16299676658815,16299676731776,16299678673753,2.182886,0.072961,1.941977,7680
live,274,16299686490867,16299686646622,16299686715615,16299688682519,2.191652,0.068993,1.966904,7680
live,275,16299696490867,16299696643580,16299696724477,16299698665974,2.175107,0.080897,1.941497,7680
live,276,16299706490867,16299706653243,16299706744828,16299708783990,2.293123,0.091585,2.039162,7680
live,277,16299716490867,16299716654809,16299716738426,16299718690547,2.19968,0.083617,1.952121,7680
live,278,16299726490867,16299726649079,16299726721560,16299728696369,2.205502,0.072481,1.974809,7680
live,279,16299736490867,16299736646710,16299736714999,16299738641807,2.15094,0.068289,1.926808,7680
live,280,16299746490867,16299746646420,16299746715733,16299756373519,9.882652,0.069313,9.657786,7680
live,281,16299756490867,16299756877526,16299757035288,16299759556888,3.066021,0.157762,2.5216,7680
live,282,16299766490867,16299766678674,16299766791091,16299768813965,2.323098,0.112417,2.022874,7680
live,283,16299776490867,16299776668144,16299776770097,16299778760522,2.269655,0.101953,1.990425,7680
live,284,16299786490867,16299786657230,16299786750991,16299788726120,2.235253,0.093761,1.975129,7680
live,285,16299796490867,16299796657837,16299796741806,16299798681158,2.190291,0.083969,1.939352,7680
live,286,16299806490867,16299806654123,16299806732300,16299809180075,2.689208,0.078177,2.447775,7680
live,287,16299816490867,16299816658409,16299816753515,16299818770596,2.279729,0.095106,2.017081,7680
live,288,16299826490867,16299826651496,16299826730057,16299828722082,2.231215,0.078561,1.992025,7680
live,289,16299836490867,16299836641894,16299836733863,16299838669824,2.178957,0.091969,1.935961,7680
live,290,16299846490867,16299846647204,16299846719877,16299848688702,2.197835,0.072673,1.968825,7680
live,291,16299856490867,16299856642019,16299856710308,16299858625756,2.134889,0.068289,1.915448,7680
live,292,16299866490867,16299866650465,16299866747043,16299868778332,2.287465,0.096578,2.031289,7680
live,293,16299876490867,16299876652960,16299876736961,16299878706938,2.216071,0.084001,1.969977,7680
live,294,16299886490867,16299886641438,16299886738335,16299888720248,2.229381,0.096897,1.981913,7680
live,295,16299896490867,16299896644253,16299896726654,16299898659350,2.168483,0.082401,1.932696,7680
live,296,16299906490867,16299906648923,16299906741500,16299908715189,2.224322,0.092577,1.973689,7680
live,297,16299916490867,16299916650778,16299916736475,16299918727252,2.236385,0.085697,1.990777,7680
live,298,16299926490867,16299926653976,16299926731865,16299928745586,2.254719,0.077889,2.013721,7680
live,299,16299936490867,16299937318719,16299937511617,16299941476691,4.985824,0.192898,3.965074,7680
replay,299,16299936490867,16299937384320,16299937639971,16300021681673,85.190806,0.255651,84.041702,584704
live,300,16299946490867,16299949319671,16299949568378,16299961168012,14.677145,0.248707,11.599634,7680
live,301,16299956490867,16299957172282,16299961374255,16299965528963,9.038096,4.201973,4.154708,7680
live,302,16299966490867,16299966743219,16299966870132,16299969154769,2.663902,0.126913,2.284637,7680
live,303,16299976490867,16299976739505,16299976889811,16299978998766,2.507899,0.150306,2.108955,7680
live,304,16299986490867,16299986839921,16299986969682,16299988679112,2.188245,0.129761,1.70943,7680
live,305,16299996490867,16299996717806,16299996806447,16299998148000,1.657133,0.088641,1.341553,7680
live,306,16300006490867,16300008215263,16300008383937,16300009942581,3.451714,0.168674,1.558644,7680
live,307,16300016490867,16300016819564,16300016965614,16300018894438,2.403571,0.14605,1.928824,7680
live,308,16300026490867,16300026673992,16300026762634,16300028057818,1.566951,0.088642,1.295184,7680
live,309,16300036490867,16300036623046,16300036692007,16300038021336,1.530469,0.068961,1.329329,7680
live,310,16300046490867,16300046647493,16300046720742,16300048279450,1.788583,0.073249,1.558708,7680
live,311,16300056490867,16300056651555,16300056732804,16300058663005,2.172138,0.081249,1.930201,7680
live,312,16300066490867,16300066699394,16300067247625,16300070406929,3.916062,0.548231,3.159304,7680
live,313,16300076490867,16300076698241,16300077119398,16300079386243,2.895376,0.421157,2.266845,7680
live,314,16300086490867,16300086681599,16300087094980,16300089292480,2.801613,0.413381,2.1975,7680
live,315,16300096490867,16300096700382,16300097118339,16300099262910,2.772043,0.417957,2.144571,7680
live,316,16300106490867,16300106699068,16300107103777,16300109261725,2.770858,0.404709,2.157948,7680
live,317,16300116490867,16300116650778,16300116743323,16300118728404,2.237537,0.092545,1.985081,7680
live,318,16300126490867,16300126632632,16300126691577,16300127766854,1.275987,0.058945,1.075277,7680
live,319,16300136490867,16300136597590,16300136647159,16300138378189,1.887322,0.049569,1.73103,7680
live,320,16300146490867,16300146645973,16300146739926,16300157286524,10.795657,0.093953,10.546598,7680
live,321,16300156490867,16300156669108,16300157414685,16300159808668,3.317801,0.745577,2.393983,7680
live,322,16300166490867,16300166679922,16300166779380,16300168819693,2.328826,0.099458,2.040313,7680
live,323,16300176490867,16300176660625,16300176758290,16300178858412,2.367545,0.097665,2.100122,7680
live,324,16300186490867,16300186664527,16300186767632,16300188814250,2.323383,0.103105,2.046618,7680
live,325,16300196490867,16300196658541,16300196735406,16300198712647,2.22178,0.076865,1.977241,7680
live,326,16300206490867,16300206655244,16300206751053,16300208719526,2.228659,0.095809,1.968473,7680
live,327,16300216490867,16300216656234,16300216782796,16300218972136,2.481269,0.126562,2.18934,7680
live,328,16300226490867,16300226647497,16300226713001,16300228136283,1.645416,0.065504,1.423282,7680
live,329,16300236490867,16300236634247,16300236926122,16300239079878,2.589011,0.291875,2.153756,7680
live,330,16300246490867,16300246708774,16300247142732,16300249421512,2.930645,0.433958,2.27878,7680
live,331,16300256490867,16300256633508,16300256686244,16300257625072,1.134205,0.052736,0.938828,7680
live,332,16300266490867,16300266590242,16300266639138,16300267509581,1.018714,0.048896,0.870443,7680
live,333,16300276490867,16300276607584,16300276664417,16300277741070,1.250203,0.056833,1.076653,7680
live,334,16300286490867,16300286609087,16300286671871,16300287869839,1.378972,0.062784,1.197968,7680
live,335,16300296490867,16300296623389,16300296686974,16300297930990,1.440123,0.063585,1.244016,7680
live,336,16300306490867,16300306639324,16300306715197,16300308398066,1.907199,0.075873,1.682869,7680
live,337,16300316490867,16300316647098,16300316732763,16300318672052,2.181185,0.085665,1.939289,7680
live,338,16300326490867,16300326663033,16300327085726,16300330085764,3.594897,0.422693,3.000038,7680
live,339,16300336490867,16300336707672,16300337135229,16300339317433,2.826566,0.427557,2.182204,7680
live,340,16300346490867,16300346653494,16300346733687,16300356596371,10.105504,0.080193,9.862684,7680
live,341,16300356490867,16300356870103,16300356974072,16300358971185,2.480318,0.103969,1.997113,7680
live,342,16300366490867,16300366651923,16300366740020,16300368724717,2.23385,0.088097,1.984697,7680
live,343,16300376490867,16300376654865,16300376748146,16300378754156,2.263289,0.093281,2.00601,7680
live,344,16300386490867,16300386661391,16300386737392,16300388727210,2.236343,0.076001,1.989818,7680
live,345,16300396490867,16300396647310,16300396732527,16300398666631,2.175764,0.085217,1.934104,7680
live,346,16300406490867,16300406653452,16300406741837,16300408720614,2.229747,0.088385,1.978777,7680
live,347,16300416490867,16300416647275,16300416723852,16300418654340,2.163473,0.076577,1.930488,7680
live,348,16300426490867,16300426939789,16300427363762,16300430316375,3.825508,0.423973,2.952613,7680
live,349,16300436490867,16300436656584,16300436739401,16300438789666,2.298799,0.082817,2.050265,7680
live,350,16300446490867,16300446646182,16300446735399,16300448730240,2.239373,0.089217,1.994841,7680
live,351,16300456490867,16300456647748,16300456737381,16300458683550,2.192683,0.089633,1.946169,7680
live,352,16300466490867,16300466647075,16300466734948,16300468709789,2.218922,0.087873,1.974841,7680
live,353,16300476490867,16300476651841,16300476747042,16300479092896,2.602029,0.095201,2.345854,7680
live,354,16300486490867,16300486663712,16300486779393,16300488833947,2.34308,0.115681,2.054554,7680
live,355,16300496490867,16300496662334,16300496773760,16300498753273,2.262406,0.111426,1.979513,7680
live,356,16300506490867,16300506687773,16300506795678,16300508874073,2.383206,0.107905,2.078395,7680
live,357,16300516490867,16300516664091,16300516755452,16300518710325,2.219458,0.091361,1.954873,7680
live,358,16300526490867,16300526749371,16300527198976,16300530778349,4.287482,0.449605,3.579373,7680
live,359,16300536490867,16300536673048,16300536775193,16300539152759,2.661892,0.102145,2.377566,7680
live,360,16300546490867,16300546657398,16300546750967,16300556922712,10.431845,0.093569,10.171745,7680
live,361,16300556490867,16300556772694,16300557041945,16300559017746,2.526879,0.269251,1.975801,7680
live,362,16300566490867,16300566667507,16300566762548,16300568746221,2.255354,0.095041,1.983673,7680
live,363,16300576490867,16300576651153,16300576751443,16300578694251,2.203384,0.10029,1.942808,7680
live,364,16300586490867,16300586659728,16300586756593,16300588780427,2.28956,0.096865,2.023834,7680
live,365,16300596490867,16300596655918,16300596744591,16300598684136,2.193269,0.088673,1.939545,7680
live,366,16300606490867,16300606652685,16300606726734,16300608696935,2.206068,0.074049,1.970201,7680
live,367,16300616490867,16300616645899,16300616731084,16300618652772,2.161905,0.085185,1.921688,7680
live,368,16300626490867,16300626729194,16300627167216,16300630116373,3.625506,0.438022,2.949157,7680
live,369,16300636490867,16300636661608,16300636764585,16300638844164,2.353297,0.102977,2.079579,7680
live,370,16300646490867,16300646655366,16300646748712,16300648736545,2.245678,0.093346,1.987833,7680
live,371,16300656490867,16300656649605,16300656749638,16300658699295,2.208428,0.100033,1.949657,7680
live,372,16300666490867,16300666643907,16300666729892,16300668716349,2.225482,0.085985,1.986457,7680
live,373,16300676490867,16300676643713,16300676727395,16300678655963,2.165096,0.083682,1.928568,7680
live,374,16300686490867,16300686654560,16300686748897,16300688758843,2.267976,0.094337,2.009946,7680
live,375,16300696490867,16300696658239,16300696741984,16300698680664,2.189797,0.083745,1.93868,7680
live,376,16300706490867,16300706657085,16300706745758,16300708776760,2.285893,0.088673,2.031002,7680
live,377,16300716490867,16300716657019,16300716744412,16300718740438,2.249571,0.087393,1.996026,7680
live,378,16300726490867,16300726733435,16300727161216,16300730113349,3.622482,0.427781,2.952133,7680
live,379,16300736490867,16300736680440,16300736788666,16300738958901,2.468034,0.108226,2.170235,7680
live,380,16300746490867,16300746718935,16300746827481,16300756444722,9.953855,0.108546,9.617241,7680
live,381,16300756490867,16300756725302,16300756827991,16300758799056,2.308189,0.102689,1.971065,7680
live,382,16300766490867,16300766653395,16300766742421,16300768739470,2.248603,0.089026,1.997049,7680
live,383,16300776490867,16300776652018,16300776739859,16300778674443,2.183576,0.087841,1.934584,7680
live,384,16300786490867,16300786657040,16300786752242,16300788758667,2.2678,0.095202,2.006425,7680
live,385,16300796490867,16300796655535,16300796743696,16300799019309,2.528442,0.088161,2.275613,7680
live,386,16300806490867,16300806652653,16300806724750,16300808706599,2.215732,0.072097,1.981849,7680
live,387,16300816490867,16300816646347,16300816720204,16300818648197,2.15733,0.073857,1.927993,7680
live,388,16300826490867,16300826718347,16300827144432,16300830100150,3.609283,0.426085,2.955718,7680
live,389,16300836490867,16300836655432,16300836753514,16300839166760,2.675893,0.098082,2.413246,7680
live,390,16300846490867,16300846652807,16300846742152,16300849098886,2.608019,0.089345,2.356734,7680
live,391,16300856490867,16300856638661,16300856714406,16300858996387,2.50552,0.075745,2.281981,7680
live,392,16300866490867,16300866637539,16300866723397,16300868709246,2.218379,0.085858,1.985849,7680
live,393,16300876490867,16300876646690,16300876731939,16300878668956,2.178089,0.085249,1.937017,7680
live,394,16300886490867,16300886652608,16300886753058,16300888757851,2.266984,0.10045,2.004793,7680
live,395,16300896490867,16300896649951,16300896733472,16300898674584,2.183717,0.083521,1.941112,7680
live,396,16300906490867,16300906643421,16300906727710,16300908700919,2.210052,0.084289,1.973209,7680
live,397,16300916490867,16300916644252,16300916719389,16300918648085,2.157218,0.075137,1.928696,7680
live,398,16300926490867,16300926728123,16300927163265,16300929308732,2.817865,0.435142,2.145467,7680
live,399,16300936490867,16300937687878,16300937865416,16300941667608,5.176741,0.177538,3.802192,7680
replay,399,16300936490867,16300937748486,16300938030090,16301025752159,89.261292,0.281604,87.722069,584704
live,400,16300946490867,16300946990203,16300947306431,16300960158114,13.667247,0.316228,12.851683,7680
live,401,16300956490867,16300957028954,16300960383941,16300962749507,6.25864,3.354987,2.365566,7680
live,402,16300966490867,16300966733621,16300966867799,16300969195764,2.704897,0.134178,2.327965,7680
live,403,16300976490867,16300976721843,16300976862997,16300979034832,2.543965,0.141154,2.171835,7680
live,404,16300986490867,16300986728178,16300986873267,16300990585154,4.094287,0.145089,3.711887,7680
live,405,16300996490867,16300996715216,16300996849522,16300998525159,2.034292,0.134306,1.675637,7680
live,406,16301006490867,16301006802031,16301006937585,16301008540549,2.049682,0.135554,1.602964,7680
live,407,16301016490867,16301016767277,16301016908655,16301018955817,2.46495,0.141378,2.047162,7680
live,408,16301026490867,16301026712459,16301026821165,16301028323360,1.832493,0.108706,1.502195,7680
live,409,16301036490867,16301036627816,16301036679177,16301037743415,1.252548,0.051361,1.064238,7680
live,410,16301046490867,16301046610215,16301046671719,16301047906551,1.415684,0.061504,1.234832,7680
live,411,16301056490867,16301056605797,16301056659334,16301057853749,1.362882,0.053537,1.194415,7680
live,412,16301066490867,16301066600099,16301066649828,16301067853299,1.362432,0.049729,1.203471,7680
live,413,16301076490867,16301076607554,16301076683171,16301078639100,2.148233,0.075617,1.955929,7680
live,414,16301086490867,16301086651265,16301086745186,16301088775004,2.284137,0.093921,2.029818,7680
live,415,16301096490867,16301096660607,16301096756385,16301098906908,2.416041,0.095778,2.150523,7680
live,416,16301106490867,16301106658942,16301106738111,16301108761784,2.270917,0.079169,2.023673,7680
live,417,16301116490867,16301116655260,16301116743229,16301118695894,2.205027,0.087969,1.952665,7680
live,418,16301126490867,16301126647611,16301126725499,16301128516018,2.025151,0.077888,1.790519,7680
live,419,16301136490867,16301136637177,16301136684409,16301137637349,1.146482,0.047232,0.95294,7680
live,420,16301146490867,16301146625495,16301146699416,16301156966330,10.475463,0.073921,10.266914,7680
live,421,16301156490867,16301156761975,16301157094811,16301159233174,2.742307,0.332836,2.138363,7680
live,422,16301166490867,16301166677045,16301166768790,16301168970930,2.480063,0.091745,2.20214,7680
live,423,16301176490867,16301176655155,16301176758260,16301178874447,2.38358,0.103105,2.116187,7680
live,424,16301186490867,16301186912820,16301187008918,16301189217490,2.726623,0.096098,2.208572,7680
live,425,16301196490867,16301196665968,16301196747537,16301198866284,2.375417,0.081569,2.118747,7680
live,426,16301206490867,16301206645198,16301206716271,16301208801865,2.310998,0.071073,2.085594,7680
live,427,16301216490867,16301216638860,16301216724205,16301218680742,2.189875,0.085345,1.956537,7680
live,428,16301226490867,16301226645547,16301226728524,16301228501762,2.010895,0.082977,1.773238,7680
live,429,16301236490867,16301236628777,16301236680970,16301237860472,1.369605,0.052193,1.179502,7680
live,430,16301246490867,16301246723465,16301246797865,16301248777923,2.287056,0.0744,1.980058,7680
live,431,16301256490867,16301256643238,16301256725319,16301258681440,2.190573,0.082081,1.956121,7680
live,432,16301266490867,16301266641444,16301266721061,16301268681150,2.190283,0.079617,1.960089,7680
live,433,16301276490867,16301276638755,16301276739620,16301278681085,2.190218,0.100865,1.941465,7680
live,434,16301286490867,16301286642497,16301286727522,16301288687771,2.196904,0.085025,1.960249,7680
live,435,16301296490867,16301296649472,16301296730593,16301299251329,2.760462,0.081121,2.520736,7680
live,436,16301306490867,16301306651262,16301306739039,16301308729624,2.238757,0.087777,1.990585,7680
live,437,16301316490867,16301316654461,16301316728382,16301318662102,2.171235,0.073921,1.93372,7680
live,438,16301326490867,16301326634843,16301326715292,16301328638260,2.147393,0.080449,1.922968,7680
live,439,16301336490867,16301336650617,16301336734938,16301339007191,2.516324,0.084321,2.272253,7680
live,440,16301346490867,16301346645464,16301346737465,16301357034139,10.543272,0.092001,10.296674,7680
live,441,16301356490867,16301356683415,16301357163101,16301359512346,3.021479,0.479686,2.349245,7680
live,442,16301366490867,16301366660053,16301366745558,16301369085075,2.594208,0.085505,2.339517,7680
live,443,16301376490867,16301376645075,16301376730612,16301378693389,2.202522,0.085537,1.962777,7680
live,444,16301386490867,16301386640113,16301386729779,16301388705995,2.215128,0.089666,1.976216,7680
live,445,16301396490867,16301396647568,16301396753585,16301398721514,2.230647,0.106017,1.967929,7680
live,446,16301406490867,16301406656462,16301406773776,16301408935499,2.444632,0.117314,2.161723,7680
live,447,16301416490867,16301416677133,16301416774638,16301418885001,2.394134,0.097505,2.110363,7680
live,448,16301426490867,16301426655147,16301426738380,16301428875943,2.385076,0.083233,2.137563,7680
live,449,16301436490867,16301436651946,16301436740587,16301439044776,2.553909,0.088641,2.304189,7680
live,450,16301446490867,16301446653160,16301446732681,16301449026342,2.535475,0.079521,2.293661,7680
live,451,16301456490867,16301456644358,16301456738632,16301458704512,2.213645,0.094274,1.96588,7680
live,452,16301466490867,16301466658181,16301466732166,16301468700351,2.209484,0.073985,1.968185,7680
live,453,16301476490867,16301476644323,16301476732228,16301478646461,2.155594,0.087905,1.914233,7680
live,454,16301486490867,16301486642370,16301486717731,16301488710588,2.219721,0.075361,1.992857,7680
live,455,16301496490867,16301496641760,16301496729217,16301498676506,2.185639,0.087457,1.947289,7680
live,456,16301506490867,16301506719103,16301506812769,16301508797466,2.306599,0.093666,1.984697,7680
live,457,16301516490867,16301516676029,16301516750302,16301518692375,2.201508,0.074273,1.942073,7680
live,458,16301526490867,16301526657659,16301526730844,16301528765782,2.274915,0.073185,2.034938,7680
live,459,16301536490867,16301536660922,16301536734651,16301539025304,2.534437,0.073729,2.290653,7680
live,460,16301546490867,16301546640664,16301546724793,16301557060028,10.569161,0.084129,10.335235,7680
live,461,16301556490867,16301556751928,16301557179165,16301559511099,3.020232,0.427237,2.331934,7680
live,462,16301566490867,16301566654197,16301566744630,16301568729967,2.2391,0.090433,1.985337,7680
live,463,16301576490867,16301576640275,16301576722260,16301578662861,2.171994,0.081985,1.940601,7680
live,464,16301586490867,16301586641714,16301586711891,16301588668299,2.177432,0.070177,1.956408,7680
live,465,16301596490867,16301596643376,16301596721233,16301598635945,2.145078,0.077857,1.914712,7680
live,466,16301606490867,16301606655887,16301606746512,16301608757513,2.266646,0.090625,2.011001,7680
live,467,16301616490867,16301616659725,16301616752686,16301618765128,2.274261,0.092961,2.012442,7680
live,468,16301626490867,16301626648684,16301626737773,16301628868360,2.377493,0.089089,2.130587,7680
live,469,16301636490867,16301636651210,16301636736459,16301638826534,2.335667,0.085249,2.090075,7680
live,470,16301646490867,16301646650824,16301646730217,16301648715523,2.224656,0.079393,1.985306,7680
live,471,16301656490867,16301656647143,16301656727240,16301658713473,2.222606,0.080097,1.986233,7680
live,472,16301666490867,16301666645925,16301666732486,16301668689407,2.19854,0.086561,1.956921,7680
live,473,16301676490867,16301676645604,16301676726629,16301678655645,2.164778,0.081025,1.929016,7680
live,474,16301686490867,16301686642434,16301686718723,16301688680380,2.189513,0.076289,1.961657,7680
live,475,16301696490867,16301696642432,16301696713441,16301698621113,2.130246,0.071009,1.907672,7680
live,476,16301706490867,16301706723712,16301706816321,16301708831195,2.340328,0.092609,2.014874,7680
live,477,16301716490867,16301716643837,16301716726430,16301718658839,2.167972,0.082593,1.932409,7680
live,478,16301726490867,16301726645180,16301726731165,16301728777783,2.286916,0.085985,2.046618,7680
live,479,16301736490867,16301736652858,16301736734331,16301738681044,2.190177,0.081473,1.946713,7680
live,480,16301746490867,16301746647449,16301746714649,16301756257906,9.767039,0.0672,9.543257,7680
live,481,16301756490867,16301756656343,16301756890778,16301759259928,2.769061,0.234435,2.36915,7680
live,482,16301766490867,16301766651190,16301766727990,16301769115445,2.624578,0.0768,2.387455,7680
live,483,16301776490867,16301776648276,16301776729845,16301779011442,2.520575,0.081569,2.281597,7680
live,484,16301786490867,16301786641810,16301786723347,16301788691692,2.200825,0.081537,1.968345,7680
live,485,16301796490867,16301796640913,16301796711858,16301798643498,2.152631,0.070945,1.93164,7680
live,486,16301806490867,16301806689264,16301806767793,16301809161647,2.67078,0.078529,2.393854,7680
live,487,16301816490867,16301816652782,16301816740239,16301818721928,2.231061,0.087457,1.981689,7680
live,488,16301826490867,16301826647020,16301826736941,16301828803367,2.3125,0.089921,2.066426,7680
live,489,16301836490867,16301836645226,16301836733868,16301838672292,2.181425,0.088642,1.938424,7680
live,490,16301846490867,16301846654345,16301846748906,16301848770948,2.280081,0.094561,2.022042,7680
live,491,16301856490867,16301856651751,16301856725480,16301858712705,2.221838,0.073729,1.987225,7680
live,492,16301866490867,16301866657190,16301866757415,16301868864514,2.373647,0.100225,2.107099,7680
live,493,16301876490867,16301876650372,16301876730949,16301878694494,2.203627,0.080577,1.963545,7680
live,494,16301886490867,16301886639458,16301886720579,16301888695132,2.204265,0.081121,1.974553,7680
live,495,16301896490867,16301896641665,16301896716706,16301898644794,2.153927,0.075041,1.928088,7680
live,496,16301906490867,16301906637183,16301906733888,16301908693657,2.20279,0.096705,1.959769,7680
live,497,16301916490867,16301916647262,16301916732671,16301918720120,2.229253,0.085409,1.987449,7680
live,498,16301926490867,16301926645532,16301926722461,16301928706486,2.215619,0.076929,1.984025,7680
live,499,16301936490867,16301937426212,16301937660359,16301941167476,4.676609,0.234147,3.507117,7680
replay,499,16301936490867,16301937521830,16301937989228,16302024869302,88.378435,0.467398,86.880074,584704
live,500,16301946490867,16301948267342,16301949408220,16301961034383,14.543516,1.140878,11.626163,7680
live,501,16301956490867,16301957116957,16301961277842,16301964927744,8.436877,4.160885,3.649902,7680
live,502,16301966490867,16301966801816,16301966954170,16301969273335,2.782468,0.152354,2.319165,7680
live,503,16301976490867,16301976719989,16301976828119,16301978870640,2.379773,0.10813,2.042521,7680
live,504,16301986490867,16301986688243,16301986788629,16301988493866,2.002999,0.100386,1.705237,7680
live,505,16301996490867,16301996715826,16301996833011,16301998568937,2.07807,0.117185,1.735926,7680
live,506,16302006490867,16302006686224,16302006800594,16302008565192,2.074325,0.11437,1.764598,7680
live,507,16302016490867,16302016732079,16302016923313,16302018860778,2.369911,0.191234,1.937465,7680
live,508,16302026490867,16302026666349,16302026745902,16302028094239,1.603372,0.079553,1.348337,7680
live,509,16302036490867,16302036603914,16302036655467,16302037891451,1.400584,0.051553,1.235984,7680
live,510,16302046490867,16302046599753,16302046639625,16302047759767,1.2689,0.039872,1.120142,7680
live,511,16302056490867,16302056591015,16302056641448,16302057765526,1.274659,0.050433,1.124078,7680
live,512,16302066490867,16302066621254,16302066707719,16302068571294,2.080427,0.086465,1.863575,7680
live,513,16302076490867,16302076656069,16302076745926,16302078868577,2.37771,0.089857,2.122651,7680
live,514,16302086490867,16302086648387,16302086735268,16302088891775,2.400908,0.086881,2.156507,7680
live,515,16302096490867,16302096649921,16302096745187,16302098841533,2.350666,0.095266,2.096346,7680
live,516,16302106490867,16302106656064,16302106751681,16302108891004,2.400137,0.095617,2.139323,7680
live,517,16302116490867,16302116876289,16302117132580,16302119489922,2.999055,0.256291,2.357342,7680
live,518,16302126490867,16302126645085,16302126717501,16302127930925,1.440058,0.072416,1.213424,7680
live,519,16302136490867,16302136614683,16302136649467,16302137839242,1.348375,0.034784,1.189775,7680
live,520,16302146490867,16302146623993,16302146714074,16302157009500,10.518633,0.090081,10.295426,7680
live,521,16302156490867,16302156753785,16302157140286,16302159536668,3.045801,0.386501,2.396382,7680
live,522,16302166490867,16302166677559,16302166767896,16302169384025,2.893158,0.090337,2.616129,7680
live,523,16302176490867,16302176658645,16302176754006,16302178856849,2.365982,0.095361,2.102843,7680
live,524,16302186490867,16302186651027,16302186738324,16302188783054,2.292187,0.087297,2.04473,7680
live,525,16302196490867,16302196645330,16302196717362,16302198686603,2.195736,0.072032,1.969241,7680
live,526,16302206490867,16302206644624,16302206715537,16302208689098,2.198231,0.070913,1.973561,7680
live,527,16302216490867,16302216641838,16302216723151,16302218662824,2.171957,0.081313,1.939673,7680
live,528,16302226490867,16302226696653,16302226818159,16302228545157,2.05429,0.121506,1.726998,7680
live,529,16302236490867,16302236635179,16302236685356,16302238132702,1.641835,0.050177,1.447346,7680
live,530,16302246490867,16302246618825,16302246688618,16302248635843,2.144976,0.069793,1.947225,7680
live,531,16302256490867,16302256638376,16302256709321,16302258654849,2.163982,0.070945,1.945528,7680
live,532,16302266490867,16302266705095,16302266776616,16302268722593,2.231726,0.071521,1.945977,7680
live,533,16302276490867,16302276679909,16302276774279,16302278760480,2.269613,0.09437,1.986201,7680
live,534,16302286490867,16302286674820,16302286772613,16302288750686,2.259819,0.097793,1.978073,7680
live,535,16302296490867,16302296647138,16302296741955,16302298670715,2.179848,0.094817,1.92876,7680
live,536,16302306490867,16302306647264,16302306730209,16302308736699,2.245832,0.082945,2.00649,7680
live,537,16302316490867,16302316653055,16302316729728,16302318718809,2.227942,0.076673,1.989081,7680
live,538,16302326490867,16302326684829,16302326769759,16302328461396,1.970529,0.08493,1.691637,7680
live,539,16302336490867,16302336657948,16302336753949,16302338837399,2.346532,0.096001,2.08345,7680
live,540,16302346490867,16302346644154,16302346730491,16302356464854,9.973987,0.086337,9.734363,7680
live,541,16302356490867,16302356694201,16302356793370,16302358759379,2.268512,0.099169,1.966009,7680
live,542,16302366490867,16302366647831,16302366728248,16302368719761,2.228894,0.080417,1.991513,7680
live,543,16302376490867,16302376657621,16302376742358,16302378766096,2.275229,0.084737,2.023738,7680
live,544,16302386490867,16302386646932,16302386735509,16302388720206,2.229339,0.088577,1.984697,7680
live,545,16302396490867,16302396642386,16302396728179,16302398664651,2.173784,0.085793,1.936472,7680
live,546,16302406490867,16302406644592,16302406728913,16302408687434,2.196567,0.084321,1.958521,7680
live,547,16302416490867,16302416646415,16302416718320,16302418624392,2.133525,0.071905,1.906072,7680
live,548,16302426490867,16302426653389,16302426749102,16302428664199,2.173332,0.095713,1.915097,7680
live,549,16302436490867,16302436657484,16302436728717,16302438666501,2.175634,0.071233,1.937784,7680
live,550,16302446490867,16302446637994,16302446725867,16302448687108,2.196241,0.087873,1.961241,7680
live,551,16302456490867,16302456640488,16302456724073,16302458643138,2.152271,0.083585,1.919065,7680
live,552,16302466490867,16302466643495,16302466726984,16302468684833,2.193966,0.083489,1.957849,7680
live,553,16302476490867,16302476876328,16302476965929,16302478940258,2.449391,0.089601,1.974329,7680
live,554,16302486490867,16302486654340,16302486726725,16302488703998,2.213131,0.072385,1.977273,7680
live,555,16302496490867,16302496650338,16302496734179,16302498656412,2.165545,0.083841,1.922233,7680
live,556,16302506490867,16302506641473,16302506722306,16302508666330,2.175463,0.080833,1.944024,7680
live,557,16302516490867,16302516641791,16302516724256,16302518639000,2.148133,0.082465,1.914744,7680
live,558,16302526490867,16302526646781,16302526715678,16302529358752,2.867885,0.068897,2.643074,7680
live,559,16302536490867,16302536669788,16302536767037,16302539056250,2.565383,0.097249,2.289213,7680
live,560,16302546490867,16302546656410,16302546754364,16302557368322,10.877455,0.097954,10.613958,7680
live,561,16302556490867,16302556736442,16302557494083,16302559842497,3.35163,0.757641,2.348414,7680
live,562,16302566490867,16302566684120,16302566780633,16302569132503,2.641636,0.096513,2.35187,7680
live,563,16302576490867,16302576648662,16302576742455,16302580105441,3.614574,0.093793,3.362986,7680
live,564,16302586490867,16302586657684,16302586745589,16302589085779,2.594912,0.087905,2.34019,7680
live,565,16302596490867,16302596654578,16302596730835,16302599013072,2.522205,0.076257,2.282237,7680
live,566,16302606490867,16302606650673,16302606725234,16302609067311,2.576444,0.074561,2.342077,7680
live,567,16302616490867,16302616646287,16302616732944,16302618981101,2.490234,0.086657,2.248157,7680
live,568,16302626490867,16302626648302,16302626732303,16302629004043,2.513176,0.084001,2.27174,7680
live,569,16302636490867,16302636653004,16302636749485,16302639065835,2.574968,0.096481,2.31635,7680
live,570,16302646490867,16302646654539,16302646727851,16302649051145,2.560278,0.073312,2.323294,7680
live,571,16302656490867,16302656647337,16302656725546,16302659010919,2.520052,0.078209,2.285373,7680
live,572,16302666490867,16302666640487,16302666727496,16302669019013,2.528146,0.087009,2.291517,7680
live,573,16302676490867,16302676644486,16302676752327,16302678671135,2.180268,0.107841,1.918808,7680
live,574,16302686490867,16302686650916,16302686748293,16302689073923,2.583056,0.097377,2.32563,7680
live,575,16302696490867,16302696649123,16302696736132,16302698990592,2.499725,0.087009,2.25446,7680
live,576,16302706490867,16302706646113,16302706714242,16302708990783,2.499916,0.068129,2.276541,7680
live,577,16302716490867,16302716636735,16302716710080,16302718943516,2.452649,0.073345,2.233436,7680
live,578,16302726490867,16302726645022,16302726739935,16302729029180,2.538313,0.094913,2.289245,7680
live,579,16302736490867,16302736654780,16302736754878,16302739045595,2.554728,0.100098,2.290717,7680
live,580,16302746490867,16302746646683,16302746730908,16302756626649,10.135782,0.084225,9.895741,7680
live,581,16302756490867,16302756870428,16302756970973,16302758961110,2.470243,0.100545,1.990137,7680
live,582,16302766490867,16302766651544,16302766783833,16302769149879,2.659012,0.132289,2.366046,7680
live,583,16302776490867,16302776654358,16302776748279,16302779011316,2.520449,0.093921,2.263037,7680
live,584,16302786490867,16302786656468,16302786762230,16302789160628,2.669761,0.105762,2.398398,7680
live,585,16302796490867,16302796650995,16302796740756,16302799033969,2.543102,0.089761,2.293213,7680
live,586,16302806490867,16302806641489,16302806727602,16302809050800,2.559933,0.086113,2.323198,7680
live,587,16302816490867,16302816644752,16302816718160,16302818967853,2.476986,0.073408,2.249693,7680
live,588,16302826490867,16302826643214,16302826720559,16302829050412,2.559545,0.077345,2.329853,7680
live,589,16302836490867,16302836658925,16302836752782,16302839070539,2.579672,0.093857,2.317757,7680
live,590,16302846490867,16302846643595,16302846740396,16302849048233,2.557366,0.096801,2.307837,7680
live,591,16302856490867,16302856644297,16302856729322,16302858977383,2.486516,0.085025,2.248061,7680
live,592,16302866490867,16302866641352,16302866717577,16302868995173,2.504306,0.076225,2.277596,7680
live,593,16302876490867,16302876646918,16302876721383,16302878960515,2.469648,0.074465,2.239132,7680
live,594,16302886490867,16302886802918,16302886898120,16302889268262,2.777395,0.095202,2.370142,7680
live,595,16302896490867,16302896647651,16302896730212,16302898985217,2.49435,0.082561,2.255005,7680
live,596,16302906490867,16302906638209,16302906723650,16302909010239,2.519372,0.085441,2.286589,7680
live,597,16302916490867,16302916637984,16302916714881,16302918965309,2.474442,0.076897,2.250428,7680
live,598,16302926490867,16302926638590,16302926714367,16302929016124,2.525257,0.075777,2.301757,7680
replay,599,16302936490867,16302937522664,16302937741738,16303018462919,81.972052,0.219074,80.721181,584704
live,599,16302936490867,16302937443239,16302938390291,16302942167842,5.676975,0.947052,3.777551,7680
live,600,16302946490867,16302947201474,16302947473701,16302959425597,12.93473,0.272227,11.951896,7680
live,601,16302956490867,16302957032542,16302959611263,16302961982397,5.49153,2.578721,2.371134,7680
live,602,16302966490867,16302966751993,16302966900379,16302969139479,2.648612,0.148386,2.2391,7680
live,603,16302976490867,16302976713495,16302976855449,16302979066837,2.57597,0.141954,2.211388,7680
live,604,16302986490867,16302986783126,16302986939320,16302989590874,3.100007,0.156194,2.651554,7680
live,605,16302996490867,16302996789685,16302996939319,16302998817999,2.327132,0.149634,1.87868,7680
live,606,16303006490867,16303006917557,16303008720620,16303010609284,4.118417,1.803063,1.888664,7680
live,607,16303016490867,16303018908557,16303019049966,16303020617538,4.126671,0.141409,1.567572,7680
live,608,16303026490867,16303026639598,16303026700431,16303027771197,1.28033,0.060833,1.070766,7680
live,609,16303036490867,16303036659565,16303036725038,16303038128960,1.638093,0.065473,1.403922,7680
live,610,16303046490867,16303046716204,16303046809709,16303048652005,2.161138,0.093505,1.842296,7680
live,611,16303056490867,16303056677994,16303056767083,16303058724932,2.234065,0.089089,1.957849,7680
live,612,16303066490867,16303066672680,16303066804874,16303068982214,2.491347,0.132194,2.17734,7680
live,613,16303076490867,16303076660071,16303076747496,16303078926691,2.435824,0.087425,2.179195,7680
live,614,16303086490867,16303086651237,16303086727110,16303088888001,2.397134,0.075873,2.160891,7680
live,615,16303096490867,16303096664580,16303096757957,16303098964609,2.473742,0.093377,2.206652,7680
live,616,16303106490867,16303106659682,16303106737315,16303108872798,2.381931,0.077633,2.135483,7680
live,617,16303116490867,16303116649120,16303116733217,16303118751803,2.260936,0.084097,2.018586,7680
live,618,16303126490867,16303126681279,16303126740480,16303127685036,1.194169,0.059201,0.944556,7680
live,619,16303136490867,16303136627133,16303136722878,16303138634838,2.143971,0.095745,1.91196,7680
live,620,16303146490867,16303146657756,16303146743997,16303157235553,10.744686,0.086241,10.491556,7680
live,621,16303156490867,16303156851260,16303157366307,16303159488830,2.997963,0.515047,2.122523,7680
live,622,16303166490867,16303166671577,16303166765338,16303168918069,2.427202,0.093761,2.152731,7680
live,623,16303176490867,16303176653015,16303176744024,16303178764209,2.273342,0.091009,2.020185,7680
live,624,16303186490867,16303186651669,16303186740342,16303188760752,2.269885,0.088673,2.02041,7680
live,625,16303196490867,16303196914263,16303197008600,16303199158451,2.667584,0.094337,2.149851,7680
live,626,16303206490867,16303206658642,16303206729011,16303208807597,2.31673,0.070369,2.078586,7680
live,627,16303216490867,16303216649840,16303216732465,16303218751563,2.260696,0.082625,2.019098,7680
live,628,16303226490867,16303226697647,16303226778736,16303228043840,1.552973,0.081089,1.265104,7680
live,629,16303236490867,16303236631405,16303236715278,16303238636806,2.145939,0.083873,1.921528,7680
live,630,16303246490867,16303246631819,16303246716973,16303249061642,2.570775,0.085154,2.344669,7680
live,631,16303256490867,16303256678570,16303256786220,16303259214922,2.724055,0.10765,2.428702,7680
live,632,16303266490867,16303266668969,16303266765002,16303269556877,3.06601,0.096033,2.791875,7680
live,633,16303276490867,16303276664167,16303276763144,16303279159975,2.669108,0.098977,2.396831,7680
live,634,16303286490867,16303286674310,16303286769703,16303288818177,2.32731,0.095393,2.048474,7680
live,635,16303296490867,16303296660196,16303296742149,16303299380646,2.889779,0.081953,2.638497,7680
live,636,16303306490867,16303306683587,16303307101544,16303309403429,2.912562,0.417957,2.301885,7680
live,637,16303316490867,16303316683393,16303317112870,16303319298434,2.807567,0.429477,2.185564,7680
live,638,16303326490867,16303326663231,16303326769089,16303328819706,2.328839,0.105858,2.050617,7680
live,639,16303336490867,16303336656862,16303336749375,16303338711447,2.22058,0.092513,1.962072,7680
live,640,16303346490867,16303346651964,16303346735645,16303356996447,10.50558,0.083681,10.260802,7680
live,641,16303356490867,16303356796636,16303357130208,16303359206299,2.715432,0.333572,2.076091,7680
live,642,16303366490867,16303366697241,16303366798683,16303368835796,2.344929,0.101442,2.037113,7680
live,643,16303376490867,16303376671223,16303376765465,16303378745906,2.255039,0.094242,1.980441,7680
live,644,16303386490867,16303386707766,16303386821496,16303388949459,2.458592,0.11373,2.127963,7680
live,645,16303396490867,16303396739317,16303396876631,16303399029458,2.538591,0.137314,2.152827,7680
live,646,16303406490867,16303406676083,16303406784660,16303408867694,2.376827,0.108577,2.083034,7680
live,647,16303416490867,16303416667377,16303416759538,16303418721739,2.230872,0.092161,1.962201,7680
live,648,16303426490867,16303426648271,16303426731632,16303428707561,2.216694,0.083361,1.975929,7680
live,649,16303436490867,16303436645934,16303436734447,16303438664263,2.173396,0.088513,1.929816,7680
live,650,16303446490867,16303446645452,16303446748973,16303448706118,2.215251,0.103521,1.957145,7680
live,651,16303456490867,16303456659147,16303456767660,16303458750437,2.25957,0.108513,1.982777,7680
live,652,16303466490867,16303466655529,16303466737354,16303468724131,2.233264,0.081825,1.986777,7680
live,653,16303476490867,16303476721224,16303476860650,16303479757487,3.26662,0.139426,2.896837,7680
live,654,16303486490867,16303486694918,16303486809736,16303489849454,3.358587,0.114818,3.039718,7680
live,655,16303496490867,16303496676452,16303496792934,16303500076463,3.585596,0.116482,3.283529,7680
live,656,16303506490867,16303506698915,16303506821477,16303509843563,3.352696,0.122562,3.022086,7680
live,657,16303516490867,16303516675201,16303516775011,16303519683879,3.193012,0.09981,2.908868,7680
live,658,16303526490867,16303526659552,16303526758881,16303529697062,3.206195,0.099329,2.938181,7680
live,659,16303536490867,16303536652222,16303536742495,16303539598403,3.107536,0.090273,2.855908,7680
live,660,16303546490867,16303546646428,16303546727165,16303558048812,11.557945,0.080737,11.321647,7680
live,661,16303556490867,16303556676635,16303558197070,16303561169812,4.678945,1.520435,2.972742,7680
live,662,16303566490867,16303566678297,16303566779387,16303569705952,3.215085,0.10109,2.926565,7680
live,663,16303576490867,16303576718360,16303576847802,16303579770879,3.280012,0.129442,2.923077,7680
live,664,16303586490867,16303586680182,16303586784696,16303589717981,3.227114,0.104514,2.933285,7680
live,665,16303596490867,16303596658452,16303596757814,16303599635226,3.144359,0.099362,2.877412,7680
live,666,16303606490867,16303606675443,16303606870038,16303610003229,3.512362,0.194595,3.133191,7680
live,667,16303616490867,16303616660753,16303616765459,16303619667383,3.176516,0.104706,2.901924,7680
live,668,16303626490867,16303626655216,16303626751217,16303629649750,3.158883,0.096001,2.898533,7680
live,669,16303636490867,16303636652046,16303636762319,16303639655700,3.164833,0.110273,2.893381,7680
live,670,16303646490867,16303646648460,16303646752814,16303649656210,3.165343,0.104354,2.903396,7680
live,671,16303656490867,16303656651147,16303656741996,16303660244856,3.753989,0.090849,3.50286,7680
live,672,16303666490867,16303666664265,16303666769035,16303669712848,3.221981,0.10477,2.943813,7680
live,673,16303676490867,16303676652968,16303676733545,16303679642190,3.151323,0.080577,2.908645,7680
live,674,16303686490867,16303686645830,16303686732103,16303689661740,3.170873,0.086273,2.929637,7680
live,675,16303696490867,16303696644772,16303696730438,16303699647114,3.156247,0.085666,2.916676,7680
live,676,16303706490867,16303706665859,16303706765668,16303710265585,3.774718,0.099809,3.499917,7680
live,677,16303716490867,16303716687010,16303716789763,16303719786985,3.296118,0.102753,2.997222,7680
live,678,16303726490867,16303726668064,16303726782913,16303730048043,3.557176,0.114849,3.26513,7680
live,679,16303736490867,16303736662430,16303736757984,16303739647460,3.156593,0.095554,2.889476,7680
live,680,16303746490867,16303746648413,16303746753150,16303757430373,10.939506,0.104737,10.677223,7680
live,681,16303756490867,16303756698940,16303757565223,16303760502956,4.012089,0.866283,2.937733,7680
live,682,16303766490867,16303766672858,16303766786843,16303769787489,3.296622,0.113985,3.000646,7680
live,683,16303776490867,16303776656216,16303776760057,16303779668510,3.177643,0.103841,2.908453,7680
live,684,16303786490867,16303786652854,16303786731415,16303789677341,3.186474,0.078561,2.945926,7680
live,685,16303796490867,16303796712822,16303796813591,16303799708219,3.217352,0.100769,2.894628,7680
live,686,16303806490867,16303806711220,16303806825813,16303809731834,3.240967,0.114593,2.906021,7680
live,687,16303816490867,16303816673074,16303816782099,16303819747097,3.25623,0.109025,2.964998,7680
live,688,16303826490867,16303826669264,16303826767665,16303829733943,3.243076,0.098401,2.966278,7680
live,689,16303836490867,16303836665935,16303836765200,16303839675477,3.18461,0.099265,2.910277,7680
live,690,16303846490867,16303846657869,16303846754862,16303849667955,3.177088,0.096993,2.913093,7680
live,691,16303856490867,16303856649835,16303856739180,16303859649489,3.158622,0.089345,2.910309,7680
live,692,16303866490867,16303866667434,16303866771339,16303869753553,3.262686,0.103905,2.982214,7680
live,693,16303876490867,16303876706761,16303876819434,16303879749135,3.258268,0.112673,2.929701,7680
live,694,16303886490867,16303886674919,16303886772136,16303889687917,3.19705,0.097217,2.915781,7680
live,695,16303896490867,16303896674053,16303896778279,16303899682731,3.191864,0.104226,2.904452,7680
live,696,16303906490867,16303906663715,16303906759877,16303909649321,3.158454,0.096162,2.889444,7680
live,697,16303916490867,16303916659362,16303916774211,16303919741513,3.250646,0.114849,2.967302,7680
live,698,16303926490867,16303926662592,16303926759330,16303929662630,3.171763,0.096738,2.9033,7680
live,699,16303936490867,16303937357480,16303937619499,16303941490588,4.999721,0.262019,3.871089,7680
replay,699,16303936490867,16303937464489,16303938090353,16304032690141,96.199274,0.625864,94.599788,584704
live,700,16303946490867,16303947294469,16303949678787,16303962491845,16.000978,2.384318,12.813058,7680
live,701,16303956490867,16303957058497,16303962754857,16303965220552,8.729685,5.69636,2.465695,7680
live,702,16303966490867,16303966978110,16303967237921,16303970136198,3.645331,0.259811,2.898277,7680
live,703,16303976490867,16303976743353,16303976871387,16303978950453,2.459586,0.128034,2.079066,7680
live,704,16303986490867,16303986715543,16303986840761,16303988600271,2.109404,0.125218,1.75951,7680
live,705,16303996490867,16303996693110,16303996801495,16303998431052,1.940185,0.108385,1.629557,7680
live,706,16304006490867,16304006726004,16304006843542,16304008347977,1.85711,0.117538,1.504435,7680
live,707,16304016490867,16304016827764,16304017136152,16304022344474,5.853607,0.308388,5.208322,7680
live,708,16304026490867,16304026856851,16304027041045,16304029165072,2.674205,0.184194,2.124027,7680
live,709,16304036490867,16304036683695,16304036759632,16304037948959,1.458092,0.075937,1.189327,7680
live,710,16304046490867,16304046605869,16304046650861,16304047553977,1.06311,0.044992,0.903116,7680
live,711,16304056490867,16304056593547,16304056636395,16304057524375,1.033508,0.042848,0.88798,7680
live,712,16304066490867,16304066616362,16304066911597,16304068862566,2.371699,0.295235,1.950969,7680
live,713,16304076490867,16304076656809,16304076744362,16304079352459,2.861592,0.087553,2.608097,7680
live,714,16304086490867,16304086647399,16304086731496,16304089173767,2.6829,0.084097,2.442271,7680
live,715,16304096490867,16304096648933,16304096749479,16304099694412,3.203545,0.100546,2.944933,7680
live,716,16304106490867,16304106682692,16304106775749,16304109732395,3.241528,0.093057,2.956646,7680
live,717,16304116490867,16304116656834,16304116764836,16304119662792,3.171925,0.108002,2.897956,7680
live,718,16304126490867,16304126663009,16304126761794,16304129629702,3.138835,0.098785,2.867908,7680
live,719,16304136490867,16304136722400,16304136824865,16304138424245,1.933378,0.102465,1.59938,7680
live,720,16304146490867,16304146598237,16304146644061,16304152120003,5.629136,0.045824,5.475942,7680
live,721,16304156490867,16304156630652,16304156704092,16304158535476,2.044609,0.07344,1.831384,7680
live,722,16304166490867,16304166624186,16304166717627,16304169349788,2.858921,0.093441,2.632161,7680
live,723,16304176490867,16304176660729,16304176778042,16304179890690,3.399823,0.117313,3.112648,7680
live,724,16304186490867,16304186720120,16304187145053,16304189614653,3.123786,0.424933,2.4696,7680
live,725,16304196490867,16304196722454,16304197157084,16304199517210,3.026343,0.43463,2.360126,7680
live,726,16304206490867,16304206696052,16304206810838,16304208946417,2.45555,0.114786,2.135579,7680
live,727,16304216490867,16304216670771,16304216777812,16304218791981,2.301114,0.107041,2.014169,7680
live,728,16304226490867,16304226812563,16304226949972,16304229415892,2.925025,0.137409,2.46592,7680
live,729,16304236490867,16304236699088,16304237071284,16304238884267,2.3934,0.372196,1.812983,7680
live,730,16304246490867,16304246624493,16304246895793,16304248867626,2.376759,0.2713,1.971833,7680
live,731,16304256490867,16304256644748,16304256727981,16304258729158,2.238291,0.083233,2.001177,7680
live,732,16304266490867,16304266649514,16304266753932,16304268770149,2.279282,0.104418,2.016217,7680
live,733,16304276490867,16304276653961,16304276741834,16304279213801,2.722934,0.087873,2.471967,7680
live,734,16304286490867,16304286659815,16304286748552,16304288779362,2.288495,0.088737,2.03081,7680
live,735,16304296490867,16304296649446,16304296737831,16304298673663,2.182796,0.088385,1.935832,7680
live,736,16304306490867,16304306644164,16304306736197,16304308734462,2.243595,0.092033,1.998265,7680
live,737,16304316490867,16304316651426,16304316746244,16304318700092,2.209225,0.094818,1.953848,7680
live,738,16304326490867,16304326650753,16304326736578,16304328723611,2.232744,0.085825,1.987033,7680
live,739,16304336490867,16304336727904,16304337169958,16304340192172,3.701305,0.442054,3.022214,7680
live,740,16304346490867,16304346666334,16304346767391,16304356961024,10.470157,0.101057,10.193633,7680
live,741,16304356490867,16304356786878,16304357094306,16304359109339,2.618472,0.307428,2.015033,7680
live,742,16304366490867,16304366670811,16304366771804,16304368772085,2.281218,0.100993,2.000281,7680
live,743,16304376490867,16304376651161,16304376746042,16304378693875,2.203008,0.094881,1.947833,7680
live,744,16304386490867,16304386653751,16304386754809,16304388799347,2.30848,0.101058,2.044538,7680
live,745,16304396490867,16304396652822,16304396742903,16304398702672,2.211805,0.090081,1.959769,7680
live,746,16304406490867,16304406651252,16304406749973,16304408784815,2.293948,0.098721,2.034842,7680
live,747,16304416490867,16304416657811,16304416733044,16304418937008,2.446141,0.075233,2.203964,7680
live,748,16304426490867,16304426695122,16304426807219,16304428975598,2.484731,0.112097,2.168379,7680
live,749,16304436490867,16304436668560,16304436765073,16304438855339,2.364472,0.096513,2.090266,7680
live,750,16304446490867,16304446653262,16304446735695,16304448766729,2.275862,0.082433,2.031034,7680
live,751,16304456490867,16304456649260,16304456732173,16304458699238,2.208371,0.082913,1.967065,7680
live,752,16304466490867,16304466644491,16304466721132,16304468709701,2.218834,0.076641,1.988569,7680
live,753,16304476490867,16304476648873,16304476733034,16304478692195,2.201328,0.084161,1.959161,7680
live,754,16304486490867,16304486658504,16304486753513,16304488808643,2.317776,0.095009,2.05513,7680
live,755,16304496490867,16304496650406,16304496736455,16304498704000,2.213133,0.086049,1.967545,7680
live,756,16304506490867,16304506641348,16304506730277,16304508725375,2.234508,0.088929,1.995098,7680
live,757,16304516490867,16304516642147,16304516718884,16304518690685,2.199818,0.076737,1.971801,7680
live,758,16304526490867,16304526656033,16304526748771,16304528733244,2.242377,0.092738,1.984473,7680
live,759,16304536490867,16304536669920,16304536773089,16304538816315,2.325448,0.103169,2.043226,7680
live,760,16304546490867,16304546659646,16304546740991,16304556496635,10.005768,0.081345,9.755644,7680
live,761,16304556490867,16304556799614,16304556903136,16304558901913,2.411046,0.103522,1.998777,7680
live,762,16304566490867,16304566677563,16304566771100,16304568763958,2.273091,0.093537,1.992858,7680
live,763,16304576490867,16304576660761,16304576741914,16304578689139,2.198272,0.081153,1.947225,7680
live,764,16304586490867,16304586744153,16304586849754,16304589320922,2.830055,0.105601,2.471168,7680
live,765,16304596490867,16304596659958,16304596743991,16304598779249,2.288382,0.084033,2.035258,7680
live,766,16304606490867,16304606642901,16304606724886,16304608810352,2.319485,0.081985,2.085466,7680
live,767,16304616490867,16304616646771,16304616718964,16304618658732,2.167865,0.072193,1.939768,7680
live,768,16304626490867,16304626650033,16304626736883,16304628773772,2.282905,0.08685,2.036889,7680
live,769,16304636490867,16304636666064,16304636969748,16304640108124,3.617257,0.303684,3.138376,7680
live,770,16304646490867,16304646658318,16304646774064,16304649064205,2.573338,0.115746,2.290141,7680
live,771,16304656490867,16304656673133,16304656776974,16304658876489,2.385622,0.103841,2.099515,7680
live,772,16304666490867,16304666657675,16304666744012,16304669140299,2.649432,0.086337,2.396287,7680
live,773,16304676490867,16304676648265,16304676723946,16304679039624,2.548757,0.075681,2.315678,7680
live,774,16304686490867,16304686641064,16304686712873,16304689621358,3.130491,0.071809,2.908485,7680
live,775,16304696490867,16304696651014,16304696746408,16304698732065,2.241198,0.095394,1.985657,7680
live,776,16304706490867,16304706648069,16304706734310,16304708737183,2.246316,0.086241,2.002873,7680
live,777,16304716490867,16304716645027,16304716742500,16304718689181,2.198314,0.097473,1.946681,7680
live,778,16304726490867,16304726648898,16304726721027,16304728719388,2.228521,0.072129,1.998361,7680
live,779,16304736490867,16304736694337,16304736799522,16304739123487,2.63262,0.105185,2.323965,7680
live,780,16304746490867,16304746666239,16304746759648,16304756992929,10.502062,0.093409,10.233281,7680
live,781,16304756490867,16304756742078,16304757111939,16304759439648,2.948781,0.369861,2.327709,7680
live,782,16304766490867,16304766658939,16304766751229,16304769102746,2.611879,0.09229,2.351517,7680
live,783,16304776490867,16304776650010,16304776719739,16304778676147,2.18528,0.069729,1.956408,7680
live,784,16304786490867,16304786645400,16304786719321,16304788697810,2.206943,0.073921,1.978489,7680
live,785,16304796490867,16304796654743,16304796744664,16304798711793,2.220926,0.089921,1.967129,7680
live,786,16304806490867,16304806646869,16304806731574,16304808701519,2.210652,0.084705,1.969945,7680
live,787,16304816490867,16304816644019,16304816722996,16304818652877,2.16201,0.078977,1.929881,7680
live,788,16304826490867,16304826644466,16304826727635,16304828701868,2.211001,0.083169,1.974233,7680
live,789,16304836490867,16304837067477,16304837206935,16304839206001,2.715134,0.139458,1.999066,7680
live,790,16304846490867,16304846685647,16304846788880,16304848810474,2.319607,0.103233,2.021594,7680
live,791,16304856490867,16304856658989,16304856756046,16304858716039,2.225172,0.097057,1.959993,7680
live,792,16304866490867,16304866662828,16304866753837,16304868750982,2.260115,0.091009,1.997145,7680
live,793,16304876490867,16304876658634,16304876748971,16304878716068,2.225201,0.090337,1.967097,7680
live,794,16304886490867,16304886643080,16304886732233,16304888731235,2.240368,0.089153,1.999002,7680
live,795,16304896490867,16304896645287,16304896732712,16304898689409,2.198542,0.087425,1.956697,7680
live,796,16304906490867,16304906640133,16304906707206,16304908683807,2.19294,0.067073,1.976601,7680
live,797,16304916490867,16304916635171,16304916717220,16304918647421,2.156554,0.082049,1.930201,7680
live,798,16304926490867,16304926641634,16304926719043,16304928670364,2.179497,0.077409,1.951321,7680
live,799,16304936490867,16304937274824,16304937474795,16304940993143,4.502276,0.199971,3.518348,7680
replay,799,16304936490867,16304937349641,16304937605676,16305020379203,83.888336,0.256035,82.773527,584704
live,800,16304946490867,16304947039460,16304947839534,16304960584527,14.09366,0.800074,12.744993,7680
live,801,16304956490867,16304956977825,16304960806194,16304964422847,7.93198,3.828369,3.616653,7680
live,802,16304966490867,16304966758973,16304966890815,16304970353706,3.862839,0.131842,3.462891,7680
live,803,16304976490867,16304976766492,16304977190689,16304980338345,3.847478,0.424197,3.147656,7680
live,804,16304986490867,16304986743258,16304987135231,16304989775456,3.284589,0.391973,2.640225,7680
live,805,16304996490867,16304996673175,16304996988955,16304999548732,3.057865,0.31578,2.559777,7680
live,806,16305006490867,16305006759095,16305007206428,16305011539923,5.049056,0.447333,4.333495,7680
live,807,16305016490867,16305016810998,16305017132986,16305020748776,4.257909,0.321988,3.61579,7680
live,808,16305026490867,16305026665842,16305026935286,16305028141797,1.65093,0.269444,1.206511,7680
live,809,16305036490867,16305036607600,16305036659889,16305037665885,1.175018,0.052289,1.005996,7680
live,810,16305046490867,16305046598542,16305046643663,16305048183298,1.692431,0.045121,1.539635,7680
live,811,16305056490867,16305056614253,16305056691694,16305058940778,2.449911,0.077441,2.249084,7680
live,812,16305066490867,16305066653612,16305066741357,16305068877032,2.386165,0.087745,2.135675,7680
live,813,16305076490867,16305076654858,16305076752684,16305078929159,2.438292,0.097826,2.176475,7680
live,814,16305086490867,16305086665129,16305086766698,16305088934790,2.443923,0.101569,2.168092,7680
live,815,16305096490867,16305096656423,16305096764137,16305098888995,2.398128,0.107714,2.124858,7680
live,816,16305106490867,16305106689350,16305106811752,16305109073700,2.582833,0.122402,2.261948,7680
live,817,16305116490867,16305116677444,16305116769765,16305118794431,2.303564,0.092321,2.024666,7680
live,818,16305126490867,16305126619970,16305126665667,16305127618319,1.127452,0.045697,0.952652,7680
live,819,16305136490867,16305136614400,16305136687905,16305138618202,2.127335,0.073505,1.930297,7680
live,820,16305146490867,16305146655391,16305146741440,16305157566025,11.075158,0.086049,10.824585,7680
live,821,16305156490867,16305156957345,16305157695051,16305159812646,3.321779,0.737706,2.117595,7680
live,822,16305166490867,16305166661500,16305166753725,16305168811991,2.321124,0.092225,2.058266,7680
live,823,16305176490867,16305176658107,16305176747772,16305178752981,2.262114,0.089665,2.005209,7680
live,824,16305186490867,16305186646041,16305186718522,16305188746643,2.255776,0.072481,2.028121,7680
live,825,16305196490867,16305196646327,16305196721624,16305198685937,2.19507,0.075297,1.964313,7680
live,826,16305206490867,16305206656790,16305206741943,16305208866962,2.376095,0.085153,2.125019,7680
live,827,16305216490867,16305216660340,16305217069657,16305220110496,3.619629,0.409317,3.040839,7680
live,828,16305226490867,16305226646898,16305226962198,16305228994608,2.503741,0.3153,2.03241,7680
live,829,16305236490867,16305236614640,16305236697138,16305239270034,2.779167,0.082498,2.572896,7680
live,830,16305246490867,16305246646415,16305246725424,16305249652533,3.161666,0.079009,2.927109,7680
live,831,16305256490867,16305256789744,16305256897137,16305259916631,3.425764,0.107393,3.019494,7680
live,832,16305266490867,16305266659660,16305266761582,16305269747859,3.256992,0.101922,2.986277,7680
live,833,16305276490867,16305276652843,16305276736428,16305279616720,3.125853,0.083585,2.880292,7680
live,834,16305286490867,16305286648841,16305286730954,16305289644591,3.153724,0.082113,2.913637,7680
live,835,16305296490867,16305296645191,16305296739177,16305299642061,3.151194,0.093986,2.902884,7680
live,836,16305306490867,16305306645510,16305306744551,16305309886639,3.395772,0.099041,3.142088,7680
live,837,16305316490867,16305316746117,16305316853447,16305319818764,3.327897,0.10733,2.965317,7680
live,838,16305326490867,16305326763172,16305326887878,16305330204848,3.713981,0.124706,3.31697,7680
live,839,16305336490867,16305336695906,16305336797443,16305339733288,3.242421,0.101537,2.935845,7680
live,840,16305346490867,16305346666112,16305346769185,16305357619466,11.128599,0.103073,10.850281,7680
live,841,16305356490867,16305356874529,16305357757452,16305361023093,4.532226,0.882923,3.265641,7680
live,842,16305366490867,16305366680317,16305366792350,16305369998567,3.5077,0.112033,3.206217,7680
live,843,16305376490867,16305376665211,16305376766492,16305379904036,3.413169,0.101281,3.137544,7680
live,844,16305386490867,16305386653817,16305386746778,16305389645119,3.154252,0.092961,2.898341,7680
live,845,16305396490867,16305396649336,16305396740569,16305399611581,3.120714,0.091233,2.871012,7680
live,846,16305406490867,16305406648502,16305406749495,16305409630716,3.139849,0.100993,2.881221,7680
live,847,16305416490867,16305416647252,16305416753622,16305419681307,3.19044,0.10637,2.927685,7680
live,848,16305426490867,16305426715700,16305426853269,16305430059966,3.569099,0.137569,3.206697,7680
live,849,16305436490867,16305436655377,16305436746962,16305439630999,3.140132,0.091585,2.884037,7680
live,850,16305446490867,16305446643408,16305446727505,16305449641685,3.150818,0.084097,2.91418,7680
live,851,16305456490867,16305456643886,16305456754383,16305459616308,3.125441,0.110497,2.861925,7680
live,852,16305466490867,16305466651373,16305466762638,16305469720979,3.230112,0.111265,2.958341,7680
live,853,16305476490867,16305476653035,16305476743692,16305479642705,3.151838,0.090657,2.899013,7680
live,854,16305486490867,16305486652649,16305486749419,16305489676464,3.185597,0.09677,2.927045,7680
live,855,16305496490867,16305496645768,16305496743241,16305499616589,3.125722,0.097473,2.873348,7680
live,856,16305506490867,16305506652326,16305506757672,16305509653804,3.162937,0.105346,2.896132,7680
live,857,16305516490867,16305516663077,16305516766726,16305519679915,3.189048,0.103649,2.913189,7680
live,858,16305526490867,16305526659427,16305526750660,16305529658025,3.167158,0.091233,2.907365,7680
live,859,16305536490867,16305536651329,16305536753411,16305539699592,3.208725,0.102082,2.946181,7680
live,860,16305546490867,16305546663520,16305546771969,16305557788493,11.297626,0.108449,11.016524,7680
live,861,16305556490867,16305557033411,16305557932270,16305560893876,4.403009,0.898859,2.961606,7680
live,862,16305566490867,16305566684349,16305566794975,16305569686851,3.195984,0.110626,2.891876,7680
live,863,16305576490867,16305576658843,16305576757980,16305579616897,3.12603,0.099137,2.858917,7680
live,864,16305586490867,16305586649658,16305586742619,16305589631487,3.14062,0.092961,2.888868,7680
live,865,16305596490867,16305596656824,16305596753209,16305599653790,3.162923,0.096385,2.900581,7680
live,866,16305606490867,16305606651638,16305606737687,16305609646780,3.155913,0.086049,2.909093,7680
live,867,16305616490867,16305616654421,16305616760438,16305619671803,3.180936,0.106017,2.911365,7680
live,868,16305626490867,16305626655539,16305626740308,16305629634873,3.144006,0.084769,2.894565,7680
live,869,16305636490867,16305636651538,16305636730003,16305639598711,3.107844,0.078465,2.868708,7680
live,870,16305646490867,16305646648016,16305646733745,16305649615317,3.12445,0.085729,2.881572,7680
live,871,16305656490867,16305656653774,16305656755184,16305659663349,3.172482,0.10141,2.908165,7680
live,872,16305666490867,16305666652333,16305666758958,16305669703475,3.212608,0.106625,2.944517,7680
live,873,16305676490867,16305676656299,16305676748301,16305679638417,3.14755,0.092002,2.890116,7680
live,874,16305686490867,16305686646410,16305686729835,16305689639951,3.149084,0.083425,2.910116,7680
live,875,16305696490867,16305696644680,16305696723241,16305699587725,3.096858,0.078561,2.864484,7680
live,876,16305706490867,16305706645702,16305706737672,16305709664173,3.173306,0.09197,2.926501,7680
live,877,16305716490867,16305716784423,16305716880360,16305719817613,3.326746,0.095937,2.937253,7680
live,878,16305726490867,16305726661732,16305726757957,16305729656841,3.165974,0.096225,2.898884,7680
live,879,16305736490867,16305736646498,16305736728259,16305739579463,3.088596,0.081761,2.851204,7680
live,880,16305746490867,16305746643968,16305746721729,16305757424584,10.933717,0.077761,10.702855,7680
live,881,16305756490867,16305756675839,16305757559754,16305759666725,3.175858,0.883915,2.106971,7680
live,882,16305766490867,16305766683037,16305766807775,16305770845394,4.354527,0.124738,4.037619,7680
live,883,16305776490867,16305776668348,16305776774653,16305779743043,3.252176,0.106305,2.96839,7680
live,884,16305786490867,16305786681818,16305786793788,16305789772033,3.281166,0.11197,2.978245,7680
live,885,16305796490867,16305796663352,16305796764570,16305799663742,3.172875,0.101218,2.899172,7680
live,886,16305806490867,16305806650807,16305806732472,16305809663997,3.17313,0.081665,2.931525,7680
live,887,16305816490867,16305816647701,16305816735606,16305819641691,3.150824,0.087905,2.906085,7680
live,888,16305826490867,16305826657780,16305826768981,16305829742427,3.25156,0.111201,2.973446,7680
live,889,16305836490867,16305836650482,16305836746291,16305839647032,3.156165,0.095809,2.900741,7680
live,890,16305846490867,16305846642864,16305846746578,16305849642262,3.151395,0.103714,2.895684,7680
live,891,16305856490867,16305856645359,16305856746128,16305859615892,3.125025,0.100769,2.869764,7680
live,892,16305866490867,16305866645517,16305866758703,16305869663507,3.17264,0.113186,2.904804,7680
live,893,16305876490867,16305876649740,16305876747341,16305879681618,3.190751,0.097601,2.934277,7680
live,894,16305886490867,16305886649418,16305886741227,16305889666608,3.175741,0.091809,2.925381,7680
live,895,16305896490867,16305896643912,16305896733706,16305899627694,3.136827,0.089794,2.893988,7680
live,896,16305906490867,16305906649383,16305906737544,16305909619020,3.128153,0.088161,2.881476,7680
live,897,16305916490867,16305916642597,16305916731302,16305919616587,3.12572,0.088705,2.885285,7680
live,898,16305926490867,16305926649348,16305926754085,16305929687242,3.196375,0.104737,2.933157,7680
live,899,16305936490867,16305937328651,16305937538637,16305942225385,5.734518,0.209986,4.686748,7680
replay,899,16305936490867,16305937403852,16305937678351,16306023287433,86.796566,0.274499,85.609082,584704
live,900,16305946490867,16305950028299,16305950306191,16305962719052,16.228185,0.277892,12.412861,7680
live,901,16305956490867,16305956915426,16305962979503,16305965390093,8.899226,6.064077,2.41059,7680
live,902,16305966490867,16305966744703,16305966870176,16305970029576,3.538709,0.125473,3.1594,7680
live,903,16305976490867,16305976691932,16305976813438,16305979728003,3.237136,0.121506,2.914565,7680
live,904,16305986490867,16305986749659,16305986885341,16305989531359,3.040492,0.135682,2.646018,7680
live,905,16305996490867,16305996701817,16305996816955,16305999402203,2.911336,0.115138,2.585248,7680
live,906,16306006490867,16306006768633,16306006921242,16306008535599,2.044732,0.152609,1.614357,7680
live,907,16306016490867,16306016793079,16306016933049,16306018756784,2.265917,0.13997,1.823735,7680
live,908,16306026490867,16306026659700,16306026734549,16306027973701,1.482834,0.074849,1.239152,7680
live,909,16306036490867,16306036608818,16306036659570,16306038203270,1.712403,0.050752,1.5437,7680
live,910,16306046490867,16306046610736,16306046683825,16306048671562,2.180695,0.073089,1.987737,7680
live,911,16306056490867,16306056646575,16306056735088,16306059380242,2.889375,0.088513,2.645154,7680
live,912,16306066490867,16306066652686,16306066750223,16306069759701,3.268834,0.097537,3.009478,7680
live,913,16306076490867,16306076948816,16306077264020,16306080363163,3.872296,0.315204,3.099143,7680
live,914,16306086490867,16306086699659,16306086807084,16306089826707,3.33584,0.107425,3.019623,7680
live,915,16306096490867,16306096664969,16306096762442,16306099643375,3.152508,0.097473,2.880933,7680
live,916,16306106490867,16306106647943,16306106755305,16306109668557,3.17769,0.107362,2.913252,7680
live,917,16306116490867,16306116655078,16306116767751,16306118809985,2.319118,0.112673,2.042234,7680
live,918,16306126490867,16306126624708,16306126679940,16306127638929,1.148062,0.055232,0.958989,7680
live,919,16306136490867,16306136621154,16306136675619,16306137640495,1.149628,0.054465,0.964876,7680
live,920,16306146490867,16306146623649,16306146713282,16306156558046,10.067179,0.089633,9.844764,7680
live,921,16306156490867,16306156807009,16306156951139,16306159373570,2.882703,0.14413,2.422431,7680
live,922,16306166490867,16306166659966,16306166751039,16306168838617,2.34775,0.091073,2.087578,7680
live,923,16306176490867,16306176648252,16306176745693,16306178739863,2.248996,0.097441,1.99417,7680
live,924,16306186490867,16306186661723,16306186761628,16306188928183,2.437316,0.099905,2.166555,7680
live,925,16306196490867,16306196650969,16306196745146,16306198763892,2.273025,0.094177,2.018746,7680
live,926,16306206490867,16306206649271,16306206736184,16306208724498,2.233631,0.086913,1.988314,7680
live,927,16306216490867,16306216649270,16306216739607,16306218708464,2.217597,0.090337,1.968857,7680
live,928,16306226490867,16306226652692,16306226733685,16306228027046,1.536179,0.080993,1.293361,7680
live,929,16306236490867,16306236640530,16306236986871,16306239189171,2.698304,0.346341,2.2023,7680
live,930,16306246490867,16306246630513,16306246964693,16306249601334,3.110467,0.33418,2.636641,7680
live,931,16306256490867,16306256643823,16306256740593,16306258865931,2.375064,0.09677,2.125338,7680
live,932,16306266490867,16306266655118,16306266773231,16306268806409,2.315542,0.118113,2.033178,7680
live,933,16306276490867,16306276675437,16306276781934,16306278804872,2.314005,0.106497,2.022938,7680
live,934,16306286490867,16306286673003,16306286774092,16306288852711,2.361844,0.101089,2.078619,7680
live,935,16306296490867,16306296657481,16306296745226,16306298693891,2.203024,0.087745,1.948665,7680
live,936,16306306490867,16306306652456,16306306742761,16306308714306,2.223439,0.090305,1.971545,7680
live,937,16306316490867,16306316651334,16306316742855,16306318677824,2.186957,0.091521,1.934969,7680
live,938,16306326490867,16306326645220,16306326727173,16306328377114,1.886247,0.081953,1.649941,7680
live,939,16306336490867,16306336650403,16306336749124,16306338759357,2.26849,0.098721,2.010233,7680
live,940,16306346490867,16306346653025,16306346732610,16306356527550,10.036683,0.079585,9.79494,7680
live,941,16306356490867,16306356765697,16306356865730,16306358842843,2.351976,0.100033,1.977113,7680
live,942,16306366490867,16306366651582,16306366728479,16306368708280,2.217413,0.076897,1.979801,7680
live,943,16306376490867,16306376659965,16306377052898,16306379933414,3.442547,0.392933,2.880516,7680
live,944,16306386490867,16306386653883,16306386764156,16306389725026,3.234159,0.110273,2.96087,7680
live,945,16306396490867,16306396655353,16306396767227,16306399664095,3.173228,0.111874,2.896868,7680
live,946,16306406490867,16306406652120,16306406732793,16306409635005,3.144138,0.080673,2.902212,7680
live,947,16306416490867,16306416648598,16306416741463,16306419591835,3.100968,0.092865,2.850372,7680
live,948,16306426490867,16306426644980,16306426731990,16306429629818,3.138951,0.08701,2.897828,7680
live,949,16306436490867,16306436653107,16306436759860,16306439688409,3.197542,0.106753,2.928549,7680
live,950,16306446490867,16306446660177,16306446763027,16306449691640,3.200773,0.10285,2.928613,7680
live,951,16306456490867,16306456657488,16306456743441,16306459621237,3.13037,0.085953,2.877796,7680
live,952,16306466490867,16306466653134,16306466750703,16306469632660,3.141793,0.097569,2.881957,7680
live,953,16306476490867,16306476653901,16306476759854,16306479642546,3.151679,0.105953,2.882692,7680
live,954,16306486490867,16306487020336,16306487155889,16306490127639,3.636772,0.135553,2.97175,7680
live,955,16306496490867,16306496671050,16306496760491,16306499060840,2.569973,0.089441,2.300349,7680
live,956,16306506490867,16306506664232,16306506763177,16306508844260,2.353393,0.098945,2.081083,7680
live,957,16306516490867,16306516653606,16306516730087,16306518720224,2.229357,0.076481,1.990137,7680
live,958,16306526490867,16306526648869,16306526719654,16306528734911,2.244044,0.070785,2.015257,7680
live,959,16306536490867,16306536646627,16306536716388,16306539658089,3.167222,0.069761,2.941701,7680
live,960,16306546490867,16306546652578,16306546742563,16306557463402,10.972535,0.089985,10.720839,7680
live,961,16306556490867,16306556712161,16306557600780,16306560550545,4.059678,0.888619,2.949765,7680
live,962,16306566490867,16306566667391,16306566766400,16306569712165,3.221298,0.099009,2.945765,7680
live,963,16306576490867,16306576657181,16306576760094,16306579669027,3.17816,0.102913,2.908933,7680
live,964,16306586490867,16306586644251,16306586739260,16306589673377,3.18251,0.095009,2.934117,7680
live,965,16306596490867,16306596652826,16306596753243,16306599769249,3.278382,0.100417,3.016006,7680
live,966,16306606490867,16306606651832,16306606747993,16306609733631,3.242764,0.096161,2.985638,7680
live,967,16306616490867,16306616646198,16306616743544,16306619675741,3.184874,0.097346,2.932197,7680
live,968,16306626490867,16306626655637,16306626756566,16306629651291,3.160424,0.100929,2.894725,7680
live,969,16306636490867,16306636644083,16306636734996,16306639625625,3.134758,0.090913,2.890629,7680
live,970,16306646490867,16306646647634,16306646758131,16306649714328,3.223461,0.110497,2.956197,7680
live,971,16306656490867,16306656654736,16306656747569,16306659658518,3.167651,0.092833,2.910949,7680
live,972,16306666490867,16306666650511,16306666762512,16306669687317,3.19645,0.112001,2.924805,7680
live,973,16306676490867,16306676645037,16306676737998,16306679624883,3.134016,0.092961,2.886885,7680
live,974,16306686490867,16306686647691,16306686740108,16306689675538,3.184671,0.092417,2.93543,7680
live,975,16306696490867,16306696651082,16306696749515,16306699710992,3.220125,0.098433,2.961477,7680
live,976,16306706490867,16306706653096,16306706759018,16306711918507,5.42764,0.105922,5.159489,7680
live,977,16306716490867,16306716652743,16306716749416,16306719859215,3.368348,0.096673,3.109799,7680
live,978,16306726490867,16306726668869,16306726772551,16306729762476,3.271609,0.103682,2.989925,7680
live,979,16306736490867,16306736660452,16306736758405,16306739666538,3.175671,0.097953,2.908133,7680
live,980,16306746490867,16306746657218,16306746755331,16306757478891,10.988024,0.098113,10.72356,7680
live,981,16306756490867,16306756731265,16306757620877,16306760602194,4.111327,0.889612,2.981317,7680
live,982,16306766490867,16306766666591,16306766764352,16306769714149,3.223282,0.097761,2.949797,7680
live,983,16306776490867,16306776655389,16306776753406,16306779694820,3.203953,0.098017,2.941414,7680
live,984,16306786490867,16306786642331,16306786721596,16306789695170,3.204303,0.079265,2.973574,7680
live,985,16306796490867,16306796651034,16306796764155,16306799724481,3.233614,0.113121,2.960326,7680
live,986,16306806490867,16306806651032,16306806746874,16306809701951,3.211084,0.095842,2.955077,7680
live,987,16306816490867,16306816644567,16306816727320,16306819650301,3.159434,0.082753,2.922981,7680
live,988,16306826490867,16306826638709,16306826715030,16306829667355,3.176488,0.076321,2.952325,7680
live,989,16306836490867,16306836685652,16306836786229,16306839695866,3.204999,0.100577,2.909637,7680
live,990,16306846490867,16306846690643,16306846792436,16306849756025,3.265158,0.101793,2.963589,7680
live,991,16306856490867,16306856665009,16306856763250,16306859694007,3.20314,0.098241,2.930757,7680
live,992,16306866490867,16306866657743,16306866751120,16306869671541,3.180674,0.093377,2.920421,7680
live,993,16306876490867,16306876646541,16306876740846,16306879634387,3.14352,0.094305,2.893541,7680
live,994,16306886490867,16306886639372,16306886735789,16306889755571,3.264704,0.096417,3.019782,7680
live,995,16306896490867,16306896923406,16306897092720,16306900385593,3.894726,0.169314,3.292873,7680
live,996,16306906490867,16306906650729,16306906749194,16306909691407,3.20054,0.098465,2.942213,7680
live,997,16306916490867,16306916646727,16306916741512,16306919608364,3.117497,0.094785,2.866852,7680
live,998,16306926490867,16306926652453,16306926752999,16306929699180,3.208313,0.100546,2.946181,7680
live,999,16306936490867,16306937292236,16306937503887,16306942789521,6.298654,0.211651,5.285634,7680
replay,999,16306936490867,16306937376589,16306937625520,16307023781297,87.29043,0.248931,86.155777,584704
live,1000,16306946490867,16306946882981,16306947149736,16306959471332,12.980465,0.266755,12.321596,7680
live,1001,16306956490867,16306956964389,16306959686567,16306962122630,5.631763,2.722178,2.436063,7680
live,1002,16306966490867,16306966754208,16306966896706,16306969278560,2.787693,0.142498,2.381854,7680
live,1003,16306976490867,16306976712222,16306976839552,16306979225598,2.734731,0.12733,2.386046,7680
live,1004,16306986490867,16306986700700,16306986822750,16306988508147,2.01728,0.12205,1.685397,7680
live,1005,16306996490867,16306996705339,16306996831197,16306998549266,2.058399,0.125858,1.718069,7680
live,1006,16307006490867,16307006722042,16307006835067,16307010600043,4.109176,0.113025,3.764976,7680
live,1007,16307016490867,16307016747928,16307016876954,16307018776754,2.285887,0.129026,1.8998,7680
live,1008,16307026490867,16307026689206,16307026780119,16307028179497,1.68863,0.090913,1.399378,7680
live,1009,16307036490867,16307036610739,16307036660628,16307037816899,1.326032,0.049889,1.156271,7680
live,1010,16307046490867,16307046605522,16307046657970,16307048034372,1.543505,0.052448,1.376402,7680
live,1011,16307056490867,16307056683889,16307056786098,16307058777260,2.286393,0.102209,1.991162,7680
live,1012,16307066490867,16307066656399,16307066725360,16307068871499,2.380632,0.068961,2.146139,7680
live,1013,16307076490867,16307076658734,16307076753455,16307078941899,2.451032,0.094721,2.188444,7680
live,1014,16307086490867,16307086654540,16307086745069,16307088880360,2.389493,0.090529,2.135291,7680
live,1015,16307096490867,16307096650762,16307096732203,16307098778341,2.287474,0.081441,2.046138,7680
live,1016,16307106490867,16307106687241,16307106789803,16307108976870,2.486003,0.102562,2.187067,7680
live,1017,16307116490867,16307116676520,16307116773385,16307118786850,2.295983,0.096865,2.013465,7680
live,1018,16307126490867,16307126652806,16307126727847,16307127933046,1.442179,0.075041,1.205199,7680
live,1019,16307136490867,16307136637636,16307136682596,16307137663025,1.172158,0.04496,0.980429,7680
live,1020,16307146490867,16307146617314,16307146698371,16307158505336,12.014469,0.081057,11.806965,7680
live,1021,16307156490867,16307157059622,16307158631162,16307160429201,3.938334,1.57154,1.798039,7680
live,1022,16307166490867,16307166709664,16307166832066,16307168093618,1.602751,0.122402,1.261552,7680
live,1023,16307176490867,16307176675710,16307176780447,16307178205073,1.714206,0.104737,1.424626,7680
live,1024,16307186490867,16307186666428,16307186745213,16307187948845,1.457978,0.078785,1.203632,7680
live,1025,16307196490867,16307196632762,16307196701659,16307198057964,1.567097,0.068897,1.356305,7680
live,1026,16307206490867,16307206657721,16307206748666,16307209018391,2.527524,0.090945,2.269725,7680
live,1027,16307216490867,16307216671448,16307216772121,16307218785234,2.294367,0.100673,2.013113,7680
live,1028,16307226490867,16307226660022,16307226731607,16307227970278,1.479411,0.071585,1.238671,7680
live,1029,16307236490867,16307236627348,16307236683477,16307237856547,1.36568,0.056129,1.17307,7680
live,1030,16307246490867,16307246630706,16307246715571,16307248660076,2.169209,0.084865,1.944505,7680
live,1031,16307256490867,16307256659345,16307256749554,16307258677163,2.186296,0.090209,1.927609,7680
live,1032,16307266490867,16307266662864,16307266763249,16307268798955,2.308088,0.100385,2.035706,7680
live,1033,16307276490867,16307276660590,16307276751215,16307278692328,2.201461,0.090625,1.941113,7680
live,1034,16307286490867,16307286645900,16307286731565,16307288696550,2.205683,0.085665,1.964985,7680
live,1035,16307296490867,16307296645035,16307296732972,16307298668164,2.177297,0.087937,1.935192,7680
live,1036,16307306490867,16307306648137,16307306738186,16307308701603,2.210736,0.090049,1.963417,7680
live,1037,16307316490867,16307316656072,16307316745929,16307318715522,2.224655,0.089857,1.969593,7680
live,1038,16307326490867,16307326738567,16307327156332,16307330003184,3.512317,0.417765,2.846852,7680
live,1039,16307336490867,16307336659908,16307336769702,16307338789471,2.298604,0.109794,2.019769,7680
live,1040,16307346490867,16307346648483,16307346740548,16307356955333,10.464466,0.092065,10.214785,7680
live,1041,16307356490867,16307356775331,16307357079431,16307359064640,2.573773,0.3041,1.985209,7680
live,1042,16307366490867,16307366684160,16307366795361,16307368894204,2.403337,0.111201,2.098843,7680
live,1043,16307376490867,16307376705247,16307377223845,16307380326636,3.835769,0.518598,3.102791,7680
live,1044,16307386490867,16307386667133,16307386793630,16307389333054,2.842187,0.126497,2.539424,7680
live,1045,16307396490867,16307396678235,16307396781693,16307398863383,2.372516,0.103458,2.08169,7680
live,1046,16307406490867,16307406666201,16307406765787,16307408815349,2.324482,0.099586,2.049562,7680
live,1047,16307416490867,16307416688664,16307416806330,16307418988117,2.49725,0.117666,2.181787,7680
live,1048,16307426490867,16307426657718,16307426750423,16307428781649,2.290782,0.092705,2.031226,7680
live,1049,16307436490867,16307436655733,16307436741622,16307439027955,2.537088,0.085889,2.286333,7680
live,1050,16307446490867,16307446651667,16307446727796,16307449029521,2.538654,0.076129,2.301725,7680
live,1051,16307456490867,16307456640785,16307456727922,16307458974351,2.483484,0.087137,2.246429,7680
live,1052,16307466490867,16307466654320,16307466750481,16307468817547,2.32668,0.096161,2.067066,7680
live,1053,16307476490867,16307476649614,16307476732079,16307479026060,2.535193,0.082465,2.293981,7680
live,1054,16307486490867,16307486648109,16307486732878,16307488704807,2.21394,0.084769,1.971929,7680
live,1055,16307496490867,16307496647051,16307496748524,16307498687557,2.19669,0.101473,1.939033,7680
live,1056,16307506490867,16307506644521,16307506727274,16307508684931,2.194064,0.082753,1.957657,7680
live,1057,16307516490867,16307516657096,16307516753001,16307519102951,2.612084,0.095905,2.34995,7680
live,1058,16307526490867,16307526642374,16307526725031,16307528720832,2.229965,0.082657,1.995801,7680
live,1059,16307536490867,16307536645189,16307536715813,16307538652638,2.161771,0.070624,1.936825,7680
live,1060,16307546490867,16307546646179,16307546720548,16307556457535,9.966668,0.074369,9.736987,7680
live,1061,16307556490867,16307556723650,16307556828004,16307558806397,2.31553,0.104354,1.978393,7680
live,1062,16307566490867,16307566904867,16307567045221,16307569593605,3.102738,0.140354,2.548384,7680
live,1063,16307576490867,16307576658654,16307576746880,16307578739513,2.248646,0.088226,1.992633,7680
live,1064,16307586490867,16307586648029,16307586734590,16307589055419,2.564552,0.086561,2.320829,7680
live,1065,16307596490867,16307596716252,16307596804733,16307599087066,2.596199,0.088481,2.282333,7680
live,1066,16307606490867,16307606685242,16307606771067,16307609075832,2.584965,0.085825,2.304765,7680
live,1067,16307616490867,16307616659992,16307616768729,16307620043939,3.553072,0.108737,3.27521,7680
live,1068,16307626490867,16307626703159,16307626818297,16307628885779,2.394912,0.115138,2.067482,7680
live,1069,16307636490867,16307636713462,16307636836279,16307639732156,3.241289,0.122817,2.895877,7680
live,1070,16307646490867,16307646674708,16307646772821,16307649554872,3.064005,0.098113,2.782051,7680
live,1071,16307656490867,16307656636273,16307656730003,16307659280531,2.789664,0.09373,2.550528,7680
live,1072,16307666490867,16307666659280,16307666757393,16307669680310,3.189443,0.098113,2.922917,7680
live,1073,16307676490867,16307676652302,16307676755792,16307679687957,3.19709,0.10349,2.932165,7680
live,1074,16307686490867,16307686659309,16307686761198,16307689694323,3.203456,0.101889,2.933125,7680
live,1075,16307696490867,16307696656107,16307696752269,16307699636977,3.14611,0.096162,2.884708,7680
live,1076,16307706490867,16307706648266,16307706742411,16307709662192,3.171325,0.094145,2.919781,7680
live,1077,16307716490867,16307716645128,16307716758698,16307718762755,2.271888,0.11357,2.004057,7680
live,1078,16307726490867,16307726688103,16307726791880,16307728864195,2.373328,0.103777,2.072315,7680
live,1079,16307736490867,16307736662917,16307736750406,16307738694527,2.20366,0.087489,1.944121,7680
live,1080,16307746490867,16307746646339,16307746736836,16307756401215,9.910348,0.090497,9.664379,7680
live,1081,16307756490867,16307756654114,16307756758691,16307758732444,2.241577,0.104577,1.973753,7680
live,1082,16307766490867,16307766652512,16307766744865,16307768718970,2.228103,0.092353,1.974105,7680
live,1083,16307776490867,16307776660767,16307776764096,16307778783290,2.292423,0.103329,2.019194,7680
live,1084,16307786490867,16307786655869,16307786747966,16307788725367,2.2345,0.092097,1.977401,7680
live,1085,16307796490867,16307796649819,16307796745725,16307798658933,2.168066,0.095906,1.913208,7680
live,1086,16307806490867,16307806647962,16307806737915,16307808705972,2.215105,0.089953,1.968057,7680
live,1087,16307816490867,16307816648376,16307816733657,16307818643441,2.152574,0.085281,1.909784,7680
live,1088,16307826490867,16307826651927,16307826850137,16307828884499,2.393632,0.19821,2.034362,7680
live,1089,16307836490867,16307836651989,16307836733014,16307838698575,2.207708,0.081025,1.965561,7680
live,1090,16307846490867,16307846708692,16307846824310,16307849696986,3.206119,0.115618,2.872676,7680
live,1091,16307856490867,16307856674002,16307856784660,16307859706937,3.21607,0.110658,2.922277,7680
live,1092,16307866490867,16307866677105,16307866795506,16307869757880,3.267013,0.118401,2.962374,7680
live,1093,16307876490867,16307876667215,16307876786608,16307879702069,3.211202,0.119393,2.915461,7680
live,1094,16307886490867,16307886655053,16307886758479,16307889690260,3.199393,0.103426,2.931781,7680
live,1095,16307896490867,16307896650316,16307896750893,16307899663922,3.173055,0.100577,2.913029,7680
live,1096,16307906490867,16307906651434,16307906749931,16307909643760,3.152893,0.098497,2.893829,7680
live,1097,16307916490867,16307916649832,16307916751114,16307919631662,3.140795,0.101282,2.880548,7680
live,1098,16307926490867,16307926664871,16307926774856,16307929845007,3.35414,0.109985,3.070151,7680
live,1099,16307936490867,16307937301966,16307937524368,16307941452066,4.961199,0.222402,3.927698,7680
replay,1099,16307936490867,16307937389487,16307937937622,16308031525301,95.034434,0.548135,93.587679,584704
live,1100,16307946490867,16307946833254,16307947411821,16307958857790,12.366923,0.578567,11.445969,7680
live,1101,16307956490867,16307956844421,16307959063681,16307961458015,4.967148,2.21926,2.394334,7680
live,1102,16307966490867,16307966752642,16307966888996,16307969155584,2.664717,0.136354,2.266588,7680
live,1103,16307976490867,16307976876674,16307976998211,16307979960233,3.469366,0.121537,2.962022,7680
live,1104,16307986490867,16307986683326,16307986775583,16307988652663,2.161796,0.092257,1.87708,7680
live,1105,16307996490867,16307996660444,16307996742685,16307998286896,1.796029,0.082241,1.544211,7680
live,1106,16308006490867,16308006664090,16308006767484,16308008238286,1.747419,0.103394,1.470802,7680
live,1107,16308016490867,16308016937916,16308017208544,16308020769581,4.278714,0.270628,3.561037,7680
live,1108,16308026490867,16308026869594,16308027036796,16308034284888,7.794021,0.167202,7.248092,7680
live,1109,16308036490867,16308036652853,16308036717590,16308037786660,1.295793,0.064737,1.06907,7680
live,1110,16308046490867,16308046606611,16308046653556,16308047658433,1.167566,0.046945,1.004877,7680
live,1111,16308056490867,16308056601074,16308056651890,16308057821697,1.33083,0.050816,1.169807,7680
live,1112,16308066490867,16308066641713,16308066720114,16308068120323,1.629456,0.078401,1.400209,7680
live,1113,16308076490867,16308076677583,16308076764817,16308078438278,1.947411,0.087234,1.673461,7680
live,1114,16308086490867,16308086723662,16308086906961,16308089428625,2.937758,0.183299,2.521664,7680
live,1115,16308096490867,16308097065969,16308097175027,16308099362670,2.871803,0.109058,2.187643,7680
live,1116,16308106490867,16308106675755,16308106774156,16308108936711,2.445844,0.098401,2.162555,7680
live,1117,16308116490867,16308116664361,16308116755146,16308118803620,2.312753,0.090785,2.048474,7680
live,1118,16308126490867,16308126658599,16308126741768,16308128760930,2.270063,0.083169,2.019162,7680
live,1119,16308136490867,16308136660134,16308137155084,16308138892898,2.402031,0.49495,1.737814,7680
live,1120,16308146490867,16308146650692,16308146980584,16308157532782,11.041915,0.329892,10.552198,7680
live,1121,16308156490867,16308156865765,16308157669551,16308159587976,3.097109,0.803786,1.918425,7680
live,1122,16308166490867,16308166667617,16308166762146,16308168476248,1.985381,0.094529,1.714102,7680
live,1123,16308176490867,16308176654047,16308176741440,16308178477910,1.987043,0.087393,1.73647,7680
live,1124,16308186490867,16308186646910,16308186736895,16308189526274,3.035407,0.089985,2.789379,7680
live,1125,16308196490867,16308196660636,16308196760477,16308198908505,2.417638,0.099841,2.148028,7680
live,1126,16308206490867,16308206661339,16308206755356,16308208804662,2.313795,0.094017,2.049306,7680
live,1127,16308216490867,16308216657497,16308216745722,16308218695443,2.204576,0.088225,1.949721,7680
live,1128,16308226490867,16308226650999,16308226724504,16308228690641,2.199774,0.073505,1.966137,7680
live,1129,16308236490867,16308236620757,16308236673398,16308237589538,1.098671,0.052641,0.91614,7680
live,1130,16308246490867,16308246599827,16308246647700,16308248648685,2.157818,0.047873,2.000985,7680
live,1131,16308256490867,16308256651059,16308256739284,16308258702860,2.211993,0.088225,1.963576,7680
live,1132,16308266490867,16308266645009,16308266723826,16308268688235,2.197368,0.078817,1.964409,7680
live,1133,16308276490867,16308276652783,16308276731568,16308278652489,2.161622,0.078785,1.920921,7680
live,1134,16308286490867,16308286682382,16308287098835,16308289219374,2.728507,0.416453,2.120539,7680
live,1135,16308296490867,16308296663948,16308296786830,16308299191020,2.700153,0.122882,2.40419,7680
live,1136,16308306490867,16308306670123,16308306770508,16308308838950,2.348083,0.100385,2.068442,7680
live,1137,16308316490867,16308316665001,16308316784331,16308318794020,2.303153,0.11933,2.009689,7680
live,1138,16308326490867,16308326669480,16308326788969,16308328947812,2.456945,0.119489,2.158843,7680
live,1139,16308336490867,16308336634118,16308336690438,16308337878357,1.38749,0.05632,1.187919,7680
live,1140,16308346490867,16308346602628,16308346667748,16308355993050,9.502183,0.06512,9.325302,7680
live,1141,16308356490867,16308356656323,16308356757508,16308358748093,2.257226,0.101185,1.990585,7680
live,1142,16308366490867,16308366701058,16308366801603,16308368799548,2.308681,0.100545,1.997945,7680
live,1143,16308376490867,16308376696096,16308376803713,16308378829211,2.338344,0.107617,2.025498,7680
live,1144,16308386490867,16308386665950,16308386756319,16308388723672,2.232805,0.090369,1.967353,7680
live,1145,16308396490867,16308396661628,16308396764862,16308398781911,2.291044,0.103234,2.017049,7680
live,1146,16308406490867,16308406659067,16308406759836,16308408755061,2.264194,0.100769,1.995225,7680
live,1147,16308416490867,16308416664505,16308416738682,16308418672499,2.181632,0.074177,1.933817,7680
live,1148,16308426490867,16308426654712,16308426752473,16308428711090,2.220223,0.097761,1.958617,7680
live,1149,16308436490867,16308436757687,16308437182717,16308440113122,3.622255,0.42503,2.930405,7680
live,1150,16308446490867,16308446664981,16308446779414,16308448972978,2.482111,0.114433,2.193564,7680
live,1151,16308456490867,16308456657651,16308456750996,16308458727821,2.236954,0.093345,1.976825,7680
live,1152,16308466490867,16308466649777,16308466731282,16308468711243,2.220376,0.081505,1.979961,7680
live,1153,16308476490867,16308476642160,16308476731345,16308478662441,2.171574,0.089185,1.931096,7680
live,1154,16308486490867,16308486649166,16308486737551,16308488720104,2.229237,0.088385,1.982553,7680
live,1155,16308496490867,16308496656013,16308496755470,16308498728007,2.23714,0.099457,1.972537,7680
live,1156,16308506490867,16308506648651,16308506732524,16308508705669,2.214802,0.083873,1.973145,7680
live,1157,16308516490867,16308516656617,16308516732618,16308518659075,2.168208,0.076001,1.926457,7680
live,1158,16308526490867,16308526649032,16308526742889,16308528741986,2.251119,0.093857,1.999097,7680
live,1159,16308536490867,16308536769032,16308537318895,16308540329973,3.839106,0.549863,3.011078,7680
live,1160,16308546490867,16308546804903,16308546912936,16308557434893,10.944026,0.108033,10.521957,7680
live,1161,16308556490867,16308557201482,16308557573519,16308559593224,3.102357,0.372037,2.019705,7680
live,1162,16308566490867,16308566703298,16308566815107,16308568811037,2.32017,0.111809,1.99593,7680
live,1163,16308576490867,16308576649088,16308576749409,16308578699898,2.209031,0.100321,1.950489,7680
live,1164,16308586490867,16308586655038,16308586751583,16308588720760,2.229893,0.096545,1.969177,7680
live,1165,16308596490867,16308596664637,16308596762878,16308599282046,2.791179,0.098241,2.519168,7680
live,1166,16308606490867,16308606664731,16308606767517,16308608748342,2.257475,0.102786,1.980825,7680
live,1167,16308616490867,16308616657530,16308616744283,16308618657587,2.16672,0.086753,1.913304,7680
live,1168,16308626490867,16308626661752,16308626733593,16308628674577,2.18371,0.071841,1.940984,7680
live,1169,16308636490867,16308636740919,16308637214333,16308640212131,3.721264,0.473414,2.997798,7680
live,1170,16308646490867,16308646661685,16308646753526,16308649357559,2.866692,0.091841,2.604033,7680
live,1171,16308656490867,16308656656371,16308656762101,16308659146643,2.655776,0.10573,2.384542,7680
live,1172,16308666490867,16308666657426,16308666746835,16308668740972,2.250105,0.089409,1.994137,7680
live,1173,16308676490867,16308676652880,16308676744305,16308678693706,2.202839,0.091425,1.949401,7680
live,1174,16308686490867,16308686651278,16308686742576,16308688722761,2.231894,0.091298,1.980185,7680
live,1175,16308696490867,16308696649133,16308696736750,16308698677382,2.186515,0.087617,1.940632,7680
live,1176,16308706490867,16308706654955,16308706753324,16308708757798,2.266931,0.098369,2.004474,7680
live,1177,16308716490867,16308716661258,16308716756843,16308719056488,2.565621,0.095585,2.299645,7680
live,1178,16308726490867,16308726650376,16308726727401,16308728686498,2.195631,0.077025,1.959097,7680
live,1179,16308736490867,16308736723655,16308737191437,16308740147507,3.65664,0.467782,2.95607,7680
live,1180,16308746490867,16308746654277,16308746753158,16308756581730,10.090863,0.098881,9.828572,7680
live,1181,16308756490867,16308756911591,16308757057384,16308759082818,2.591951,0.145793,2.025434,7680
live,1182,16308766490867,16308766691298,16308766821828,16308768865534,2.374667,0.13053,2.043706,7680
live,1183,16308776490867,16308776669792,16308776783042,16308778783579,2.292712,0.11325,2.000537,7680
live,1184,16308786490867,16308786686847,16308786792800,16308788823066,2.332199,0.105953,2.030266,7680
live,1185,16308796490867,16308796670141,16308796764670,16308798722615,2.231748,0.094529,1.957945,7680
live,1186,16308806490867,16308806660283,16308806761597,16308808799734,2.308867,0.101314,2.038137,7680
live,1187,16308816490867,16308816656090,16308816742075,16308818680467,2.1896,0.085985,1.938392,7680
live,1188,16308826490867,16308826654136,16308826751385,16308828736915,2.246048,0.097249,1.98553,7680
live,1189,16308836490867,16308836770456,16308837248702,16308840220804,3.729937,0.478246,2.972102,7680
live,1190,16308846490867,16308846674261,16308846771063,16308848827377,2.33651,0.096802,2.056314,7680
live,1191,16308856490867,16308856657267,16308856759349,16308858778158,2.287291,0.102082,2.018809,7680
live,1192,16308866490867,16308866652562,16308866745683,16308868724140,2.233273,0.093121,1.978457,7680
live,1193,16308876490867,16308876647856,16308876738801,16308878685482,2.194615,0.090945,1.946681,7680
live,1194,16308886490867,16308886651855,16308886762288,16308888743753,2.252886,0.110433,1.981465,7680
live,1195,16308896490867,16308896646125,16308896732078,16308898654982,2.164115,0.085953,1.922904,7680
live,1196,16308906490867,16308906653356,16308906752813,16308908780518,2.289651,0.099457,2.027705,7680
live,1197,16308916490867,16308916650378,16308916742027,16308918679076,2.188209,0.091649,1.937049,7680
live,1198,16308926490867,16308926646440,16308926734025,16308928688034,2.197167,0.087585,1.954009,7680
replay,1199,16308936490867,16308937543186,16308937731508,16309020904080,84.413213,0.188322,83.172572,584704
live,1199,16308936490867,16308937423536,16308938378621,16308943192441,6.701574,0.955085,4.81382,7680
live,1200,16308946490867,16308946917257,16308947457519,16308960789304,14.298437,0.540262,13.331785,7680
live,1201,16308956490867,16308957447726,16308961013179,16308964178275,7.687408,3.565453,3.165096,7680
live,1202,16308966490867,16308966732547,16308966864357,16308969921995,3.431128,0.13181,3.057638,7680
live,1203,16308976490867,16308976705985,16308976850115,16308979576965,3.086098,0.14413,2.72685,7680
live,1204,16308986490867,16308986718208,16308986866658,16308989052605,2.561738,0.14845,2.185947,7680
live,1205,16308996490867,16308996816863,16308997191972,16308999345343,2.854476,0.375109,2.153371,7680
live,1206,16309006490867,16309006832702,16309008645845,16309011945599,5.454732,1.813143,3.299754,7680
live,1207,16309016490867,16309016788956,16309016934750,16309018726548,2.235681,0.145794,1.791798,7680
live,1208,16309026490867,16309026691897,16309026785498,16309028240461,1.749594,0.093601,1.454963,7680
live,1209,16309036490867,16309036619062,16309036676951,16309038594063,2.103196,0.057889,1.917112,7680
live,1210,16309046490867,16309046628501,16309046905912,16309048284106,1.793239,0.277411,1.378194,7680
live,1211,16309056490867,16309056603283,16309056655828,16309057937188,1.446321,0.052545,1.28136,7680
live,1212,16309066490867,16309066642930,16309066743187,16309068633739,2.142872,0.100257,1.890552,7680
live,1213,16309076490867,16309076671761,16309076763762,16309079096687,2.60582,0.092001,2.332925,7680
live,1214,16309086490867,16309086655855,16309086742288,16309089047853,2.556986,0.086433,2.305565,7680
live,1215,16309096490867,16309096648493,16309096794511,16309099204334,2.713467,0.146018,2.409823,7680
live,1216,16309106490867,16309106652812,16309106742061,16309108809735,2.318868,0.089249,2.067674,7680
live,1217,16309116490867,16309116678411,16309116783884,16309119198890,2.708023,0.105473,2.415006,7680
live,1218,16309126490867,16309126818795,16309126920748,16309128198780,1.707913,0.101953,1.278032,7680
live,1219,16309136490867,16309136662119,16309136745384,16309139011685,2.520818,0.083265,2.266301,7680
live,1220,16309146490867,16309146652325,16309147043946,16309158235768,11.744901,0.391621,11.191822,7680
live,1221,16309156490867,16309156676164,16309158377946,16309160491732,4.000865,1.701782,2.113786,7680
live,1222,16309166490867,16309166703907,16309166823204,16309169018816,2.527949,0.119297,2.195612,7680
live,1223,16309176490867,16309176667777,16309176774242,16309178899069,2.408202,0.106465,2.124827,7680
live,1224,16309186490867,16309186660255,16309186754368,16309188800378,2.309511,0.094113,2.04601,7680
live,1225,16309196490867,16309196657022,16309196746943,16309198743736,2.252869,0.089921,1.996793,7680
live,1226,16309206490867,16309206657788,16309206747709,16309208731030,2.240163,0.089921,1.983321,7680
live,1227,16309216490867,16309216677819,16309216778428,16309218804118,2.313251,0.100609,2.02569,7680
live,1228,16309226490867,16309226811739,16309227222496,16309229373883,2.883016,0.410757,2.151387,7680
live,1229,16309236490867,16309236693560,16309236774361,16309238020424,1.529557,0.080801,1.246063,7680
live,1230,16309246490867,16309246650678,16309246770679,16309248772528,2.281661,0.120001,2.001849,7680
live,1231,16309256490867,16309256701397,16309256834134,16309258948465,2.457598,0.132737,2.114331,7680
live,1232,16309266490867,16309267097528,16309267263930,16309269746745,3.255878,0.166402,2.482815,7680
live,1233,16309276490867,16309276694673,16309276823443,16309278956910,2.466043,0.12877,2.133467,7680
live,1234,16309286490867,16309286673487,16309286774545,16309289671797,3.18093,0.101058,2.897252,7680
live,1235,16309296490867,16309296652526,16309296758127,16309299660436,3.169569,0.105601,2.902309,7680
live,1236,16309306490867,16309306649868,16309306753453,16309309707539,3.216672,0.103585,2.954086,7680
live,1237,16309316490867,16309316639946,16309316714219,16309320481659,3.990792,0.074273,3.76744,7680
live,1238,16309326490867,16309326631113,16309326709674,16309329036071,2.545204,0.078561,2.326397,7680
live,1239,16309336490867,16309336654023,16309336770697,16309340175252,3.684385,0.116674,3.404555,7680
live,1240,16309346490867,16309346653062,16309346755015,16309358114679,11.623812,0.101953,11.359664,7680
live,1241,16309356490867,16309356808422,16309358254744,16309361618979,5.128112,1.446322,3.364235,7680
live,1242,16309366490867,16309366685859,16309366800164,16309370606325,4.115458,0.114305,3.806161,7680
live,1243,16309376490867,16309376686177,16309376792707,16309380240846,3.749979,0.10653,3.448139,7680
live,1244,16309386490867,16309386657055,16309386765601,16309390111243,3.620376,0.108546,3.345642,7680
live,1245,16309396490867,16309396646174,16309396747263,16309400143626,3.652759,0.101089,3.396363,7680
live,1246,16309406490867,16309406645948,16309406743229,16309410042247,3.55138,0.097281,3.299018,7680
live,1247,16309416490867,16309416646139,16309416760028,16309420123238,3.632371,0.113889,3.36321,7680
live,1248,16309426490867,16309426677625,16309426792027,16309430207558,3.716691,0.114402,3.415531,7680
live,1249,16309436490867,16309436654615,16309436753945,16309439924449,3.433582,0.09933,3.170504,7680
live,1250,16309446490867,16309446646230,16309446744183,16309449668380,3.177513,0.097953,2.924197,7680
live,1251,16309456490867,16309456646324,16309456730133,16309460085888,3.595021,0.083809,3.355755,7680
live,1252,16309466490867,16309466652403,16309466745940,16309470053342,3.562475,0.093537,3.307402,7680
live,1253,16309476490867,16309476676529,16309476799987,16309480266687,3.77582,0.123458,3.4667,7680
live,1254,16309486490867,16309486671376,16309486784945,16309490096379,3.605512,0.113569,3.311434,7680
live,1255,16309496490867,16309496702479,16309496834160,16309500086873,3.596006,0.131681,3.252713,7680
live,1256,16309506490867,16309506665452,16309506767374,16309509704947,3.21408,0.101922,2.937573,7680
live,1257,16309516490867,16309516656875,16309516768364,16309519959925,3.469058,0.111489,3.191561,7680
live,1258,16309526490867,16309526681450,16309526801739,16309530084085,3.593218,0.120289,3.282346,7680
live,1259,16309536490867,16309536660168,16309536768713,16309539952145,3.461278,0.108545,3.183432,7680
live,1260,16309546490867,16309546657574,16309546755399,16309557843283,11.352416,0.097825,11.087884,7680
live,1261,16309556490867,16309557081866,16309557978965,16309560923578,4.432711,0.897099,2.944613,7680
live,1262,16309566490867,16309566669283,16309566768836,16309569727754,3.236887,0.099553,2.958918,7680
live,1263,16309576490867,16309576677634,16309576792643,16309580118093,3.627226,0.115009,3.32545,7680
live,1264,16309586490867,16309586661984,16309586763073,16309589979274,3.488407,0.101089,3.216201,7680
live,1265,16309596490867,16309596661086,16309596766431,16309599901287,3.41042,0.105345,3.134856,7680
live,1266,16309606490867,16309606653404,16309606752350,16309609928646,3.437779,0.098946,3.176296,7680
live,1267,16309616490867,16309616650523,16309616746204,16309619907972,3.417105,0.095681,3.161768,7680
live,1268,16309626490867,16309626695162,16309626804315,16309630080837,3.58997,0.109153,3.276522,7680
live,1269,16309636490867,16309636669336,16309636771929,16309639948673,3.457806,0.102593,3.176744,7680
live,1270,16309646490867,16309646659478,16309646759799,16309649943744,3.452877,0.100321,3.183945,7680
live,1271,16309656490867,16309656649524,16309656741654,16309659933662,3.442795,0.09213,3.192008,7680
live,1272,16309666490867,16309666651635,16309666745620,16309669936444,3.445577,0.093985,3.190824,7680
live,1273,16309676490867,16309676661233,16309676753779,16309679842298,3.351431,0.092546,3.088519,7680
live,1274,16309686490867,16309686651472,16309686753425,16309689701494,3.210627,0.101953,2.948069,7680
live,1275,16309696490867,16309696649998,16309696751023,16309699633172,3.142305,0.101025,2.882149,7680
live,1276,16309706490867,16309706649389,16309706742254,16309710139609,3.648742,0.092865,3.397355,7680
live,1277,16309716490867,16309716690731,16309716814957,16309718942792,2.451925,0.124226,2.127835,7680
live,1278,16309726490867,16309726699402,16309726883020,16309729980051,3.489184,0.183618,3.097031,7680
live,1279,16309736490867,16309736720201,16309737152718,16309740134548,3.643681,0.432517,2.98183,7680
live,1280,16309746490867,16309746719975,16309747143276,16309758052342,11.561475,0.423301,10.909066,7680
live,1281,16309756490867,16309756790310,16309758213784,16309761137661,4.646794,1.423474,2.923877,7680
live,1282,16309766490867,16309766725668,16309767164522,16309770136015,3.645148,0.438854,2.971493,7680
live,1283,16309776490867,16309776703202,16309777138024,16309780106637,3.61577,0.434822,2.968613,7680
live,1284,16309786490867,16309786699840,16309787125478,16309790180236,3.689369,0.425638,3.054758,7680
live,1285,16309796490867,16309796666014,16309796768736,16309799643236,3.152369,0.102722,2.8745,7680
live,1286,16309806490867,16309806655261,16309806751518,16309809644643,3.153776,0.096257,2.893125,7680
live,1287,16309816490867,16309816653019,16309816760348,16309819908836,3.417969,0.107329,3.148488,7680
live,1288,16309826490867,16309826651866,16309826766811,16309829949091,3.458224,0.114945,3.18228,7680
live,1289,16309836490867,16309836673880,16309836798266,16309840076771,3.585904,0.124386,3.278505,7680
live,1290,16309846490867,16309846666967,16309846773560,16309849694557,3.20369,0.106593,2.920997,7680
live,1291,16309856490867,16309856653653,16309856762550,16309859632122,3.141255,0.108897,2.869572,7680
live,1292,16309866490867,16309866655155,16309866765493,16309869646809,3.155942,0.110338,2.881316,7680
live,1293,16309876490867,16309876646738,16309876750131,16309879908795,3.417928,0.103393,3.158664,7680
live,1294,16309886490867,16309886732593,16309886847378,16309889821016,3.330149,0.114785,2.973638,7680
live,1295,16309896490867,16309896684623,16309896789424,16309899931480,3.440613,0.104801,3.142056,7680
live,1296,16309906490867,16309906659757,16309906766318,16309909677523,3.186656,0.106561,2.911205,7680
live,1297,16309916490867,16309916654923,16309916751213,16309919881908,3.391041,0.09629,3.130695,7680
live,1298,16309926490867,16309926650090,16309926754571,16309929660144,3.169277,0.104481,2.905573,7680
live,1299,16309936490867,16309937276688,16309937475090,16309941631399,5.140532,0.198402,4.156309,7680
replay,1299,16309936490867,16309937352881,16309937609236,16310023700564,87.209697,0.256355,86.091328,584704
live,1300,16309946490867,16309947346255,16309950012561,16309962303340,15.812473,2.666306,12.290779,7680
live,1301,16309956490867,16309956909448,16309962564688,16309965001422,8.510555,5.65524,2.436734,7680
live,1302,16309966490867,16309966769061,16309966916231,16309969246660,2.755793,0.14717,2.330429,7680
live,1303,16309976490867,16309976713539,16309976838148,16309978897886,2.407019,0.124609,2.059738,7680
live,1304,16309986490867,16309987052261,16309987179815,16309989205792,2.714925,0.127554,2.025977,7680
live,1305,16309996490867,16309996707263,16309996808961,16309998544470,2.053603,0.101698,1.735509,7680
live,1306,16310006490867,16310006724894,16310006842783,16310008524629,2.033762,0.117889,1.681846,7680
live,1307,16310016490867,16310016793501,16310016971839,16310018903512,2.412645,0.178338,1.931673,7680
live,1308,16310026490867,16310026686810,16310026769211,16310028056908,1.566041,0.082401,1.287697,7680
live,1309,16310036490867,16310036620088,16310036686809,16310038690098,2.199231,0.066721,2.003289,7680
live,1310,16310046490867,16310046615190,16310046675863,16310047913255,1.422388,0.060673,1.237392,7680
live,1311,16310056490867,16310056609972,16310056674037,16310058130536,1.639669,0.064065,1.456499,7680
live,1312,16310066490867,16310066638963,16310066712500,16310068397354,1.906487,0.073537,1.684854,7680
live,1313,16310076490867,16310076640498,16310076709139,16310078302087,1.81122,0.068641,1.592948,7680
live,1314,16310086490867,16310086631920,16310086717649,16310089152720,2.661853,0.085729,2.435071,7680
live,1315,16310096490867,16310096657807,16310096746160,16310098930027,2.43916,0.088353,2.183867,7680
live,1316,16310106490867,16310106645997,16310106715854,16310108824681,2.333814,0.069857,2.108827,7680
live,1317,16310116490867,16310116650251,16310116723596,16310118752230,2.261363,0.073345,2.028634,7680
live,1318,16310126490867,16310126613385,16310126688234,16310127704983,1.214116,0.074849,1.016749,7680
live,1319,16310136490867,16310136612168,16310136657512,16310137718934,1.228067,0.045344,1.061422,7680
live,1320,16310146490867,16310146629382,16310146721864,16310156603493,10.112626,0.092482,9.881629,7680
live,1321,16310156490867,16310156891848,16310156991625,16310159119076,2.628209,0.099777,2.127451,7680
live,1322,16310166490867,16310166667620,16310166768741,16310168952097,2.46123,0.101121,2.183356,7680
live,1323,16310176490867,16310176678114,16310176781540,16310179220258,2.729391,0.103426,2.438718,7680
live,1324,16310186490867,16310186660256,16310186760514,16310188930301,2.439434,0.100258,2.169787,7680
live,1325,16310196490867,16310196663871,16310196765920,16310198901787,2.41092,0.102049,2.135867,7680
live,1326,16310206490867,16310206658333,16310206744574,16310208801976,2.311109,0.086241,2.057402,7680
live,1327,16310216490867,16310216646300,16310216733949,16310218696693,2.205826,0.087649,1.962744,7680
live,1328,16310226490867,16310226639866,16310226752571,16310228204238,1.713371,0.112705,1.451667,7680
live,1329,16310236490867,16310236672217,16310236729561,16310238223660,1.732793,0.057344,1.494099,7680
live,1330,16310246490867,16310246632663,16310246722872,16310248986708,2.495841,0.090209,2.263836,7680
live,1331,16310256490867,16310256659925,16310256770295,16310259100884,2.610017,0.11037,2.330589,7680
live,1332,16310266490867,16310266650548,16310266725653,16310268722510,2.231643,0.075105,1.996857,7680
live,1333,16310276490867,16310276647890,16310276723571,16310278656011,2.165144,0.075681,1.93244,7680
live,1334,16310286490867,16310286646960,16310286721809,16310288733771,2.242904,0.074849,2.011962,7680
live,1335,16310296490867,16310296658191,16310296755952,16310298763114,2.272247,0.097761,2.007162,7680
live,1336,16310306490867,16310306645773,16310306735182,16310308724680,2.233813,0.089409,1.989498,7680
live,1337,16310316490867,16310316645612,16310316725037,16310318666885,2.176018,0.079425,1.941848,7680
live,1338,16310326490867,16310326630314,16310326695467,16310328384672,1.893805,0.065153,1.689205,7680
live,1339,16310336490867,16310336651497,16310336740586,16310339010694,2.519827,0.089089,2.270108,7680
live,1340,16310346490867,16310346662887,16310346763432,16310357020554,10.529687,0.100545,10.257122,7680
live,1341,16310356490867,16310356676518,16310357134988,16310359470985,2.980118,0.45847,2.335997,7680
live,1342,16310366490867,16310366661060,16310366750501,16310368753854,2.262987,0.089441,2.003353,7680
live,1343,16310376490867,16310376647874,16310376736995,16310378675068,2.184201,0.089121,1.938073,7680
live,1344,16310386490867,16310386696897,16310386816835,16310388871485,2.380618,0.119938,2.05465,7680
live,1345,16310396490867,16310397079844,16310397224422,16310399452418,2.961551,0.144578,2.227996,7680
live,1346,16310406490867,16310406677502,16310406797695,16310409147997,2.65713,0.120193,2.350302,7680
live,1347,16310416490867,16310416688380,16310416791422,16310418790167,2.2993,0.103042,1.998745,7680
live,1348,16310426490867,16310426781212,16310427237954,16310430229256,3.738389,0.456742,2.991302,7680
live,1349,16310436490867,16310436752474,16310437199968,16310439419068,2.928201,0.447494,2.2191,7680
live,1350,16310446490867,16310446665687,16310446765817,16310449281848,2.790981,0.10013,2.516031,7680
live,1351,16310456490867,16310456663094,16310456765847,16310458776752,2.285885,0.102753,2.010905,7680
live,1352,16310466490867,16310466656212,16310466754613,16310468765583,2.274716,0.098401,2.01097,7680
live,1353,16310476490867,16310476649202,16310476735955,16310478663212,2.172345,0.086753,1.927257,7680
live,1354,16310486490867,16310486650961,16310486740626,16310488715883,2.225016,0.089665,1.975257,7680
live,1355,16310496490867,16310496643983,16310496734448,16310498886443,2.395576,0.090465,2.151995,7680
live,1356,16310506490867,16310506656814,16310506747023,16310508788585,2.297718,0.090209,2.041562,7680
live,1357,16310516490867,16310516656140,16310516734573,16310518653637,2.16277,0.078433,1.919064,7680
live,1358,16310526490867,16310526741516,16310527175793,16310530131062,3.640195,0.434277,2.955269,7680
live,1359,16310536490867,16310536656137,16310536768234,16310538792644,2.301777,0.112097,2.02441,7680
live,1360,16310546490867,16310546658279,16310546749992,16310556567557,10.07669,0.091713,9.817565,7680
live,1361,16310556490867,16310556819496,16310556935401,16310558920578,2.429711,0.115905,1.985177,7680
live,1362,16310566490867,16310566657892,16310566756581,16310568747647,2.25678,0.098689,1.991066,7680
live,1363,16310576490867,16310576657347,16310576746308,16310578686940,2.196073,0.088961,1.940632,7680
live,1364,16310586490867,16310586654369,16310586741026,16310588702715,2.211848,0.086657,1.961689,7680
live,1365,16310596490867,16310596651167,16310596744128,16310598694713,2.203846,0.092961,1.950585,7680
live,1366,16310606490867,16310606654302,16310606756447,16310608809977,2.31911,0.102145,2.05353,7680
live,1367,16310616490867,16310616662620,16310616771934,16310618722582,2.231715,0.109314,1.950648,7680
live,1368,16310626490867,16310626766140,16310627207170,16310629370557,2.87969,0.44103,2.163387,7680
live,1369,16310636490867,16310636681657,16310636796123,16310638832053,2.341186,0.114466,2.03593,7680
live,1370,16310646490867,16310646731768,16310646828410,16310648809459,2.318592,0.096642,1.981049,7680
live,1371,16310656490867,16310656693942,16310656805944,16310658832113,2.341246,0.112002,2.026169,7680
live,1372,16310666490867,16310666663860,16310666755862,16310668744239,2.253372,0.092002,1.988377,7680
live,1373,16310676490867,16310676656787,16310676744116,16310678666380,2.175513,0.087329,1.922264,7680
live,1374,16310686490867,16310686652625,16310686744402,16310688711563,2.220696,0.091777,1.967161,7680
live,1375,16310696490867,16310696649647,16310696752209,16310698705161,2.214294,0.102562,1.952952,7680
live,1376,16310706490867,16310706654862,16310706754863,16310708820073,2.329206,0.100001,2.06521,7680
live,1377,16310716490867,16310716654732,16310716739725,16310718666950,2.176083,0.084993,1.927225,7680
live,1378,16310726490867,16310726738092,16310727188049,16310730145879,3.655012,0.449957,2.95783,7680
live,1379,16310736490867,16310736687146,16310736796459,16310738820164,2.329297,0.109313,2.023705,7680
live,1380,16310746490867,16310746668552,16310746765225,16310757068491,10.577624,0.096673,10.303266,7680
live,1381,16310756490867,16310756727911,16310757200045,16310759167398,2.676531,0.472134,1.967353,7680
live,1382,16310766490867,16310766662148,16310766761190,16310768750175,2.259308,0.099042,1.988985,7680
live,1383,16310776490867,16310776649603,16310776742884,16310778659580,2.168713,0.093281,1.916696,7680
live,1384,16310786490867,16310786653345,16310786735458,16310788699387,2.20852,0.082113,1.963929,7680
live,1385,16310796490867,16310796647904,16310796736961,16310798662905,2.172038,0.089057,1.925944,7680
live,1386,16310806490867,16310806659646,16310806748831,16310808760633,2.269766,0.089185,2.011802,7680
live,1387,16310816490867,16310816655100,16310816734973,16310818670006,2.179139,0.079873,1.935033,7680
live,1388,16310826490867,16310826732796,16310827161697,16310829332061,2.841194,0.428901,2.170364,7680
live,1389,16310836490867,16310836656089,16310836757467,16310838812981,2.322114,0.101378,2.055514,7680
live,1390,16310846490867,16310846663000,16310846759289,16310848844563,2.353696,0.096289,2.085274,7680
live,1391,16310856490867,16310856819160,16310857002554,16310859656988,3.166121,0.183394,2.654434,7680
live,1392,16310866490867,16310866702485,16310866813302,16310869686875,3.196008,0.110817,2.873573,7680
live,1393,16310876490867,16310876670643,16310876777140,16310879645209,3.154342,0.106497,2.868069,7680
live,1394,16310886490867,16310886657329,16310886769747,16310889776345,3.285478,0.112418,3.006598,7680
live,1395,16310896490867,16310896767601,16310897202647,16310900268253,3.777386,0.435046,3.065606,7680
live,1396,16310906490867,16310906687439,16310906800368,16310910047129,3.556262,0.112929,3.246761,7680
live,1397,16310916490867,16310916674989,16310916777774,16310919639794,3.148927,0.102785,2.86202,7680
live,1398,16310926490867,16310926691499,16310926806061,16310929736754,3.245887,0.114562,2.930693,7680
live,1399,16310936490867,16310937302194,16310937499316,16310942063950,5.573083,0.197122,4.564634,7680
replay,1399,16310936490867,16310937378195,16310937621014,16311019694563,83.203696,0.242819,82.073549,584704
live,1400,16310946490867,16310947268976,16310947541459,16310959957904,13.467037,0.272483,12.416445,7680
live,1401,16310956490867,16310957205165,16310960242548,16310962890741,6.399874,3.037383,2.648193,7680
live,1402,16310966490867,16310966751014,16310966904968,16310969267430,2.776563,0.153954,2.362462,7680
live,1403,16310976490867,16310976729028,16310976860614,16310978670621,2.179754,0.131586,1.810007,7680
live,1404,16310986490867,16310986724802,16310986841956,16310988400216,1.909349,0.117154,1.55826,7680
live,1405,16310996490867,16310996659488,16310996748673,16310998109170,1.618303,0.089185,1.360497,7680
live,1406,16311006490867,16311007065219,16311007302278,16311009174302,2.683435,0.237059,1.872024,7680
live,1407,16311016490867,16311016786238,16311017217220,16311021199670,4.708803,0.430982,3.98245,7680
live,1408,16311026490867,16311026650043,16311026717372,16311028765110,2.274243,0.067329,2.047738,7680
live,1409,16311036490867,16311036616217,16311036677370,16311038496401,2.005534,0.061153,1.819031,7680
live,1410,16311046490867,16311046606839,16311046665720,16311048500367,2.0095,0.058881,1.834647,7680
live,1411,16311056490867,16311056602550,16311056654870,16311058908371,2.417504,0.05232,2.253501,7680
live,1412,16311066490867,16311066650293,16311066756118,16311069269366,2.778499,0.105825,2.513248,7680
live,1413,16311076490867,16311076678547,16311076787797,16311079903036,3.412169,0.10925,3.115239,7680
live,1414,16311086490867,16311086675378,16311086793267,16311089882778,3.391911,0.117889,3.089511,7680
live,1415,16311096490867,16311096673808,16311096783090,16311099840920,3.350053,0.109282,3.05783,7680
live,1416,16311106490867,16311106660206,16311106759312,16311109735669,3.244802,0.099106,2.976357,7680
live,1417,16311116490867,16311116691149,16311116814639,16311119852149,3.361282,0.12349,3.03751,7680
live,1418,16311126490867,16311126636235,16311126695692,16311128500771,2.009904,0.059457,1.805079,7680
live,1419,16311136490867,16311136623657,16311136722186,16311139283115,2.792248,0.098529,2.560929,7680
live,1420,16311146490867,16311146653128,16311146752489,16311158138041,11.647174,0.099361,11.385552,7680
live,1421,16311156490867,16311156806824,16311158277083,16311161350978,4.860111,1.470259,3.073895,7680
live,1422,16311166490867,16311167084874,16311167268397,16311170210162,3.719295,0.183523,2.941765,7680
live,1423,16311176490867,16311176703748,16311176822053,16311179887564,3.396697,0.118305,3.065511,7680
live,1424,16311186490867,16311186684418,16311186788355,16311189787209,3.296342,0.103937,2.998854,7680
live,1425,16311196490867,16311196659232,16311196761921,16311199647302,3.156435,0.102689,2.885381,7680
live,1426,16311206490867,16311206654334,16311206765120,16311209670149,3.179282,0.110786,2.905029,7680
live,1427,16311216490867,16311216654397,16311216764254,16311220269515,3.778648,0.109857,3.505261,7680
live,1428,16311226490867,16311226666171,16311226775133,16311229778499,3.287632,0.108962,3.003366,7680
live,1429,16311236490867,16311236657210,16311236771579,16311239653632,3.162765,0.114369,2.882053,7680
live,1430,16311246490867,16311246658680,16311246756089,16311249663230,3.172363,0.097409,2.907141,7680
live,1431,16311256490867,16311256649238,16311256750680,16311259640156,3.149289,0.101442,2.889476,7680
live,1432,16311266490867,16311266655765,16311266748310,16311269809565,3.318698,0.092545,3.061255,7680
live,1433,16311276490867,16311276656531,16311276766805,16311279772315,3.281448,0.110274,3.00551,7680
live,1434,16311286490867,16311286660242,16311286757011,16311289707832,3.216965,0.096769,2.950821,7680
live,1435,16311296490867,16311296665520,16311296768082,16311299684150,3.193283,0.102562,2.916068,7680
live,1436,16311306490867,16311306660015,16311306768432,16311309782198,3.291331,0.108417,3.013766,7680
live,1437,16311316490867,16311316674445,16311316779023,16311320050936,3.560069,0.104578,3.271913,7680
live,1438,16311326490867,16311326683980,16311326792909,16311329821811,3.330944,0.108929,3.028902,7680
live,1439,16311336490867,16311336664778,16311336767691,16311339691792,3.200925,0.102913,2.924101,7680
live,1440,16311346490867,16311346655208,16311346760298,16311357596275,11.105408,0.10509,10.835977,7680
live,1441,16311356490867,16311356863369,16311357735924,16311360658585,4.167718,0.872555,2.922661,7680
live,1442,16311366490867,16311366672453,16311366783911,16311369678827,3.18796,0.111458,2.894916,7680
live,1443,16311376490867,16311376651907,16311376769093,16311379715882,3.225015,0.117186,2.946789,7680
live,1444,16311386490867,16311386658274,16311386756643,16311389671912,3.181045,0.098369,2.915269,7680
live,1445,16311396490867,16311396650144,16311396757218,16311399625574,3.134707,0.107074,2.868356,7680
live,1446,16311406490867,16311406727808,16311406813953,16311409724870,3.234003,0.086145,2.910917,7680
live,1447,16311416490867,16311416677533,16311416790271,16311419650851,3.159984,0.112738,2.86058,7680
live,1448,16311426490867,16311426669820,16311426789309,16311429759427,3.26856,0.119489,2.970118,7680
live,1449,16311436490867,16311436663162,16311436762843,16311439650720,3.159853,0.099681,2.887877,7680
live,1450,16311446490867,16311446650680,16311446744473,16311449638398,3.147531,0.093793,2.893925,7680
live,1451,16311456490867,16311456650039,16311456742840,16311459599484,3.108617,0.092801,2.856644,7680
live,1452,16311466490867,16311466644469,16311466730422,16311469910782,3.419915,0.085953,3.18036,7680
live,1453,16311476490867,16311476665780,16311476769493,16311479709402,3.218535,0.103713,2.939909,7680
live,1454,16311486490867,16311486655122,16311486749683,16311489663448,3.172581,0.094561,2.913765,7680
live,1455,16311496490867,16311496643696,16311496723121,16311499590230,3.099363,0.079425,2.867109,7680
live,1456,16311506490867,16311506647919,16311506749136,16311509655221,3.164354,0.101217,2.906085,7680
live,1457,16311516490867,16311516651117,16311516735054,16311519592274,3.101407,0.083937,2.85722,7680
live,1458,16311526490867,16311527150674,16311527305524,16311530938082,4.447215,0.15485,3.632558,7680
live,1459,16311536490867,16311536707499,16311536821324,16311539718033,3.227166,0.113825,2.896709,7680
live,1460,16311546490867,16311546675625,16311546799722,16311557522482,11.031615,0.124097,10.72276,7680
live,1461,16311556490867,16311556777416,16311557660308,16311560596697,4.10583,0.882892,2.936389,7680
live,1462,16311566490867,16311566681958,16311566785319,16311569701772,3.210905,0.103361,2.916453,7680
live,1463,16311576490867,16311576657060,16311576757253,16311580357587,3.86672,0.100193,3.600334,7680
live,1464,16311586490867,16311586656386,16311586765156,16311590011085,3.520218,0.10877,3.245929,7680
live,1465,16311596490867,16311596658305,16311596763586,16311599918378,3.427511,0.105281,3.154792,7680
live,1466,16311606490867,16311606651839,16311606746656,16311609601412,3.110545,0.094817,2.854756,7680
live,1467,16311616490867,16311616654685,16311616751839,16311619854086,3.363219,0.097154,3.102247,7680
live,1468,16311626490867,16311626652060,16311626743453,16311629605185,3.114318,0.091393,2.861732,7680
live,1469,16311636490867,16311636664922,16311636764700,16311639623392,3.132525,0.099778,2.858692,7680
live,1470,16311646490867,16311646657689,16311646766042,16311649656959,3.166092,0.108353,2.890917,7680
live,1471,16311656490867,16311656662583,16311656749848,16311660049570,3.558703,0.087265,3.299722,7680
live,1472,16311666490867,16311666657493,16311666744471,16311670039296,3.548429,0.086978,3.294825,7680
live,1473,16311676490867,16311676647796,16311676738773,16311680054975,3.564108,0.090977,3.316202,7680
live,1474,16311686490867,16311686659890,16311686766964,16311690136926,3.646059,0.107074,3.369962,7680
live,1475,16311696490867,16311696657713,16311696761906,16311699904154,3.413287,0.104193,3.142248,7680
live,1476,16311706490867,16311706648623,16311706742832,16311709652245,3.161378,0.094209,2.909413,7680
live,1477,16311716490867,16311716649805,16311716750287,16311719614163,3.123296,0.100482,2.863876,7680
live,1478,16311726490867,16311726646252,16311726746509,16311729651730,3.160863,0.100257,2.905221,7680
live,1479,16311736490867,16311736656298,16311736756684,16311739648464,3.157597,0.100386,2.89178,7680
live,1480,16311746490867,16311746668425,16311746788234,16311757621075,11.130208,0.119809,10.832841,7680
live,1481,16311756490867,16311756818057,16311757760341,16311760732859,4.241992,0.942284,2.972518,7680
live,1482,16311766490867,16311766682310,16311766800775,16311769747373,3.256506,0.118465,2.946598,7680
live,1483,16311776490867,16311776686756,16311776801286,16311779728779,3.237912,0.11453,2.927493,7680
live,1484,16311786490867,16311786677187,16311786781892,16311789788330,3.297463,0.104705,3.006438,7680
live,1485,16311796490867,16311796658657,16311796750146,16311800081836,3.590969,0.091489,3.33169,7680
live,1486,16311806490867,16311806653087,16311806749184,16311810083787,3.59292,0.096097,3.334603,7680
live,1487,16311816490867,16311816647710,16311816746719,16311819911719,3.420852,0.099009,3.165,7680
live,1488,16311826490867,16311826653916,16311826745437,16311829916517,3.42565,0.091521,3.17108,7680
live,1489,16311836490867,16311836843549,16311836945598,16311840272584,3.781717,0.102049,3.326986,7680
live,1490,16311846490867,16311846659865,16311846763194,16311849700575,3.209708,0.103329,2.937381,7680
live,1491,16311856490867,16311856653591,16311856753304,16311859901184,3.410317,0.099713,3.14788,7680
live,1492,16311866490867,16311866653302,16311866750967,16311869956415,3.465548,0.097665,3.205448,7680
live,1493,16311876490867,16311876652660,16311876764181,16311879912189,3.421322,0.111521,3.148008,7680
live,1494,16311886490867,16311886652050,16311886744852,16311889990941,3.500074,0.092802,3.246089,7680
live,1495,16311896490867,16311896656369,16311896755890,16311899920154,3.429287,0.099521,3.164264,7680
live,1496,16311906490867,16311906650479,16311906740176,16311909946265,3.455398,0.089697,3.206089,7680
live,1497,16311916490867,16311916656014,16311916749839,16311919902903,3.412036,0.093825,3.153064,7680
live,1498,16311926490867,16311926647052,16311926744045,16311929924437,3.43357,0.096993,3.180392,7680
live,1499,16311936490867,16311937312947,16311937531478,16311942245713,5.754846,0.218531,4.714235,7680
replay,1499,16311936490867,16311937384852,16311937676855,16312025108009,88.617142,0.292003,87.431154,584704
