stage,sequence,release_ns,queued_ns,start_ns,end_ns,age_ms,queue_ms,service_ms,output_samples
live,0,14925428890425,14925429136278,14925429226903,14925447096037,18.205612,0.090625,17.869134,30720
live,1,14925438890425,14925439081722,14925447346568,14925450227471,11.337046,8.264846,2.880903,30720
live,2,14925448890425,14925449085728,14925450452434,14925453053332,4.162907,1.366706,2.600898,30720
live,3,14925458890425,14925459016228,14925459071077,14925461656999,2.766574,0.054849,2.585922,30720
live,4,14925468890425,14925469001321,14925469048329,14925472035313,3.144888,0.047008,2.986984,30720
live,5,14925478890425,14925479002382,14925479047630,14925482161880,3.271455,0.045248,3.11425,30720
live,6,14925488890425,14925488997651,14925489050228,14925492269150,3.378725,0.052577,3.218922,30720
live,7,14925498890425,14925499001048,14925499050361,14925502279204,3.388779,0.049313,3.228843,30720
live,8,14925508890425,14925509004989,14925509057278,14925512450027,3.559602,0.052289,3.392749,30720
live,9,14925518890425,14925519005250,14925519056323,14925522212909,3.322484,0.051073,3.156586,30720
live,10,14925528890425,14925529001543,14925529057032,14925532469238,3.578813,0.055489,3.412206,30720
live,11,14925538890425,14925539007693,14925539063821,14925542521691,3.631266,0.056128,3.45787,30720
live,12,14925548890425,14925549029810,14925549090035,14925553598031,4.707606,0.060225,4.507996,30720
live,13,14925558890425,14925559012055,14925559073816,14925563095533,4.205108,0.061761,4.021717,30720
live,14,14925568890425,14925569043964,14925569120638,14925575713109,6.822684,0.076674,6.592471,30720
live,15,14925578890425,14925579047842,14925579128675,14925584730445,5.84002,0.080833,5.60177,30720
live,16,14925588890425,14925589046343,14925589140872,14925593879015,4.98859,0.094529,4.738143,30720
live,17,14925598890425,14925599041740,14925599119181,14925606624689,7.734264,0.077441,7.505508,30720
live,18,14925608890425,14925609013201,14925609082033,14925613550605,4.66018,0.068832,4.468572,30720
live,19,14925618890425,14925619041238,14925619118231,14925623236750,4.346325,0.076993,4.118519,30720
live,20,14925628890425,14925629029563,14925629094716,14925651179778,22.289353,0.065153,22.085062,30720
live,21,14925638890425,14925639048128,14925651388261,14925655383066,16.492641,12.340133,3.994805,30720
live,22,14925648890425,14925649108582,14925655527132,14925658356673,9.466248,6.41855,2.829541,30720
live,23,14925658890425,14925659013994,14925659062539,14925662327766,3.437341,0.048545,3.265227,30720
live,24,14925668890425,14925669001391,14925669050320,14925671717683,2.827258,0.048929,2.667363,30720
live,25,14925678890425,14925678995348,14925679042517,14925682439746,3.549321,0.047169,3.397229,30720
live,26,14925688890425,14925689002521,14925689059034,14925692394471,3.504046,0.056513,3.335437,30720
live,27,14925698890425,14925699005887,14925699066175,14925702597678,3.707253,0.060288,3.531503,30720
live,28,14925708890425,14925709009092,14925709068228,14925712242831,3.352406,0.059136,3.174603,30720
live,29,14925718890425,14925719008905,14925719070634,14925723014910,4.124485,0.061729,3.944276,30720
live,30,14925728890425,14925729007118,14925729070991,14925732883970,3.993545,0.063873,3.812979,30720
live,31,14925738890425,14925739007507,14925739071604,14925742977704,4.087279,0.064097,3.9061,30720
live,32,14925748890425,14925749030520,14925749110042,14925752937932,4.047507,0.079522,3.82789,30720
live,33,14925758890425,14925759036382,14925759101535,14925763125780,4.235355,0.065153,4.024245,30720
live,34,14925768890425,14925769006562,14925769074275,14925773230171,4.339746,0.067713,4.155896,30720
live,35,14925778890425,14925779031304,14925779108713,14925783327073,4.436648,0.077409,4.21836,30720
live,36,14925788890425,14925789032173,14925789113262,14925793884654,4.994229,0.081089,4.771392,30720
live,37,14925798890425,14925799038258,14925799110291,14925803447981,4.557556,0.072033,4.33769,30720
live,38,14925808890425,14925809041911,14925809120568,14925813926296,5.035871,0.078657,4.805728,30720
live,39,14925818890425,14925819038812,14925819130142,14925824278050,5.387625,0.09133,5.147908,30720
live,40,14925828890425,14925829056130,14925829144579,14925855174685,26.28426,0.088449,26.030106,30720
live,41,14925838890425,14925839109480,14925855419073,14925859505079,20.614654,16.309593,4.086006,30720
live,42,14925848890425,14925849037868,14925859744122,14925862801859,13.911434,10.706254,3.057737,30720
live,43,14925858890425,14925859556408,14925862914404,14925865596616,6.706191,3.357996,2.682212,30720
live,44,14925868890425,14925869059062,14925869156888,14925871902268,3.011843,0.097826,2.74538,30720
live,45,14925878890425,14925879040155,14925879123740,14925881855681,2.965256,0.083585,2.731941,30720
live,46,14925888890425,14925889030944,14925889110913,14925891889414,2.998989,0.079969,2.778501,30720
live,47,14925898890425,14925899028773,14925899094310,14925902651253,3.760828,0.065537,3.556943,30720
live,48,14925908890425,14925909021962,14925909101163,14925912770204,3.879779,0.079201,3.669041,30720
live,49,14925918890425,14925919027471,14925919108049,14925922519582,3.629157,0.080578,3.411533,30720
live,50,14925928890425,14925929024053,14925929105334,14925932686213,3.795788,0.081281,3.580879,30720
live,51,14925938890425,14925939068538,14925939150939,14925943213841,4.323416,0.082401,4.062902,30720
live,52,14925948890425,14925949066463,14925949155137,14925953356152,4.465727,0.088674,4.201015,30720
live,53,14925958890425,14925959077477,14925959168774,14925963393982,4.503557,0.091297,4.225208,30720
live,54,14925968890425,14925969074698,14925969159851,14925973500005,4.60958,0.085153,4.340154,30720
live,55,14925978890425,14925979052943,14925979153808,14925983864367,4.973942,0.100865,4.710559,30720
live,56,14925988890425,14925989080308,14925989179285,14925994255545,5.36512,0.098977,5.07626,30720
live,57,14925998890425,14925999078649,14925999162714,14926004257886,5.367461,0.084065,5.095172,30720
live,58,14926008890425,14926009073118,14926009173471,14926014728393,5.837968,0.100353,5.554922,30720
live,59,14926018890425,14926019065507,14926019158116,14926024178535,5.28811,0.092609,5.020419,30720
live,60,14926028890425,14926029069992,14926029168042,14926053537198,24.646773,0.09805,24.369156,30720
live,61,14926038890425,14926039084366,14926053698864,14926056662232,17.771807,14.614498,2.963368,30720
live,62,14926048890425,14926049593017,14926056795961,14926059788353,10.897928,7.202944,2.992392,30720
live,63,14926058890425,14926059038583,14926059912131,14926062747113,3.856688,0.873548,2.834982,30720
live,64,14926068890425,14926069008188,14926069072669,14926071836066,2.945641,0.064481,2.763397,30720
live,65,14926078890425,14926079033153,14926079119170,14926082063050,3.172625,0.086017,2.94388,30720
live,66,14926088890425,14926089030022,14926089112199,14926092217521,3.327096,0.082177,3.105322,30720
live,67,14926098890425,14926099025195,14926099106828,14926102677628,3.787203,0.081633,3.5708,30720
live,68,14926108890425,14926109070321,14926109150994,14926112668161,3.777736,0.080673,3.517167,30720
live,69,14926118890425,14926119057942,14926119140183,14926122608709,3.718284,0.082241,3.468526,30720
live,70,14926128890425,14926129027963,14926129101052,14926133084753,4.194328,0.073089,3.983701,30720
live,71,14926138890425,14926139064512,14926139146305,14926143493947,4.603522,0.081793,4.347642,30720
live,72,14926148890425,14926149073222,14926149152391,14926153453696,4.563271,0.079169,4.301305,30720
live,73,14926158890425,14926159059147,14926159141804,14926163481285,4.59086,0.082657,4.339481,30720
live,74,14926168890425,14926169057136,14926169145137,14926173519979,4.629554,0.088001,4.374842,30720
live,75,14926178890425,14926179061621,14926179161398,14926183599473,4.709048,0.099777,4.438075,30720
live,76,14926188890425,14926189174715,14926189271485,14926193894810,5.004385,0.09677,4.623325,30720
live,77,14926198890425,14926199099295,14926199182529,14926203630428,4.740003,0.083234,4.447899,30720
live,78,14926208890425,14926209069348,14926209161669,14926213775331,4.884906,0.092321,4.613662,30720
live,79,14926218890425,14926219066697,14926219152938,14926223706855,4.81643,0.086241,4.553917,30720
live,80,14926228890425,14926229060366,14926229144943,14926253214512,24.324087,0.084577,24.069569,30720
live,81,14926238890425,14926239088340,14926253364818,14926256153207,17.262782,14.276478,2.788389,30720
live,82,14926248890425,14926249318844,14926256274809,14926259228416,10.337991,6.955965,2.953607,30720
live,83,14926258890425,14926259086046,14926259360994,14926262355529,3.465104,0.274948,2.994535,30720
live,84,14926268890425,14926269017794,14926269089571,14926271769735,2.87931,0.071777,2.680164,30720
live,85,14926278890425,14926279094440,14926279218442,14926282145329,3.254904,0.124002,2.926887,30720
live,86,14926288890425,14926289057037,14926289142510,14926292162998,3.272573,0.085473,3.020488,30720
live,87,14926298890425,14926299038610,14926299118483,14926302362718,3.472293,0.079873,3.244235,30720
live,88,14926308890425,14926309010134,14926309069111,14926312800809,3.910384,0.058977,3.731698,30720
live,89,14926318890425,14926319103293,14926319158750,14926322969040,4.078615,0.055457,3.81029,30720
live,90,14926328890425,14926329001217,14926329054433,14926332938037,4.047612,0.053216,3.883604,30720
live,91,14926338890425,14926339001798,14926339067911,14926342838137,3.947712,0.066113,3.770226,30720
live,92,14926348890425,14926349000555,14926349058796,14926353150274,4.259849,0.058241,4.091478,30720
live,93,14926358890425,14926359008912,14926359080657,14926363033606,4.143181,0.071745,3.952949,30720
live,94,14926368890425,14926369046390,14926369123607,14926374054264,5.163839,0.077217,4.930657,30720
live,95,14926378890425,14926379070107,14926379160956,14926383846331,4.955906,0.090849,4.685375,30720
live,96,14926388890425,14926389067008,14926389145249,14926394078435,5.18801,0.078241,4.933186,30720
live,97,14926398890425,14926399071205,14926399147622,14926403916646,5.026221,0.076417,4.769024,30720
live,98,14926408890425,14926409048554,14926409126027,14926414067149,5.176724,0.077473,4.941122,30720
live,99,14926418890425,14926419078032,14926419176433,14926424712091,5.821666,0.098401,5.535658,30720
live,100,14926428890425,14926429067540,14926429150518,14926453150965,24.26054,0.082978,24.000447,30720
live,101,14926438890425,14926439071258,14926453323575,14926456210718,17.320293,14.252317,2.887143,30720
live,102,14926448890425,14926449048158,14926456339615,14926459268358,10.377933,7.291457,2.928743,30720
live,103,14926458890425,14926459040675,14926459394792,14926462168013,3.277588,0.354117,2.773221,30720
live,104,14926468890425,14926469030376,14926469103721,14926472277748,3.387323,0.073345,3.174027,30720
live,105,14926478890425,14926479025197,14926479085998,14926481898036,3.007611,0.060801,2.812038,30720
live,106,14926488890425,14926489019186,14926489080915,14926492036699,3.146274,0.061729,2.955784,30720
live,107,14926498890425,14926499017560,14926499081784,14926502398277,3.507852,0.064224,3.316493,30720
live,108,14926508890425,14926509026909,14926509095806,14926512440074,3.549649,0.068897,3.344268,30720
live,109,14926518890425,14926519013442,14926519073443,14926523120344,4.229919,0.060001,4.046901,30720
live,110,14926528890425,14926529068616,14926529159305,14926533963689,5.073264,0.090689,4.804384,30720
live,111,14926538890425,14926539076781,14926539150958,14926543555464,4.665039,0.074177,4.404506,30720
live,112,14926548890425,14926549053010,14926549138739,14926553287466,4.397041,0.085729,4.148727,30720
live,113,14926558890425,14926559064855,14926559149432,14926563518546,4.628121,0.084577,4.369114,30720
live,114,14926568890425,14926569077116,14926569158237,14926573838587,4.948162,0.081121,4.68035,30720
live,115,14926578890425,14926579063585,14926579146082,14926583667710,4.777285,0.082497,4.521628,30720
live,116,14926588890425,14926589073542,14926589154727,14926593388960,4.498535,0.081185,4.234233,30720
live,117,14926598890425,14926599074091,14926599163245,14926603909516,5.019091,0.089154,4.746271,30720
live,118,14926608890425,14926609054768,14926609144817,14926613716718,4.826293,0.090049,4.571901,30720
live,119,14926618890425,14926619075606,14926619151607,14926624770273,5.879848,0.076001,5.618666,30720
live,120,14926628890425,14926629070427,14926629170140,14926653488640,24.598215,0.099713,24.3185,30720
live,121,14926638890425,14926639067264,14926653680674,14926657629559,18.739134,14.61341,3.948885,30720
live,122,14926648890425,14926649056901,14926657771225,14926661062980,12.172555,8.714324,3.291755,30720
live,123,14926658890425,14926659020617,14926661197990,14926664372945,5.48252,2.177373,3.174955,30720
live,124,14926668890425,14926669020942,14926669095983,14926672566590,3.676165,0.075041,3.470607,30720
live,125,14926678890425,14926679021716,14926679095285,14926682675460,3.785035,0.073569,3.580175,30720
live,126,14926688890425,14926689021305,14926689086969,14926692705642,3.815217,0.065664,3.618673,30720
live,127,14926698890425,14926699018078,14926699086303,14926702798960,3.908535,0.068225,3.712657,30720
live,128,14926708890425,14926709024547,14926709101028,14926712764981,3.874556,0.076481,3.663953,30720
live,129,14926718890425,14926719021384,14926719089097,14926722555159,3.664734,0.067713,3.466062,30720
live,130,14926728890425,14926729021421,14926729105326,14926733620682,4.730257,0.083905,4.515356,30720
live,131,14926738890425,14926739089331,14926739198389,14926744260824,5.370399,0.109058,5.062435,30720
live,132,14926748890425,14926749057880,14926749148537,14926753664789,4.774364,0.090657,4.516252,30720
live,133,14926758890425,14926759027804,14926759112446,14926763482808,4.592383,0.084642,4.370362,30720
live,134,14926768890425,14926769021985,14926769094530,14926774246823,5.356398,0.072545,5.152293,30720
live,135,14926778890425,14926779049863,14926779133832,14926783770310,4.879885,0.083969,4.636478,30720
live,136,14926788890425,14926789027308,14926789101453,14926793668810,4.778385,0.074145,4.567357,30720
live,137,14926798890425,14926799024849,14926799102322,14926803377195,4.48677,0.077473,4.274873,30720
live,138,14926808890425,14926809068695,14926809146232,14926813241966,4.351541,0.077537,4.095734,30720
live,139,14926818890425,14926819024635,14926819094332,14926823358933,4.468508,0.069697,4.264601,30720
live,140,14926828890425,14926829025088,14926829098721,14926851144679,22.254254,0.073633,22.045958,30720
live,141,14926838890425,14926839053510,14926851316329,14926855067131,16.176706,12.262819,3.750802,30720
live,142,14926848890425,14926849022058,14926855201885,14926858344998,9.454573,6.179827,3.143113,30720
live,143,14926858890425,14926859020591,14926859094352,14926862591903,3.701478,0.073761,3.497551,30720
live,144,14926868890425,14926869025077,14926869097558,14926872604356,3.713931,0.072481,3.506798,30720
live,145,14926878890425,14926879022426,14926879096027,14926882742891,3.852466,0.073601,3.646864,30720
live,146,14926888890425,14926889021471,14926889096544,14926892710320,3.819895,0.075073,3.613776,30720
live,147,14926898890425,14926899020228,14926899113253,14926902763606,3.873181,0.093025,3.650353,30720
live,148,14926908890425,14926909026281,14926909092906,14926912801499,3.911074,0.066625,3.708593,30720
live,149,14926918890425,14926919019790,14926919095343,14926922976291,4.085866,0.075553,3.880948,30720
live,150,14926928890425,14926929029715,14926929106996,14926933303852,4.413427,0.077281,4.196856,30720
live,151,14926938890425,14926939022168,14926939093561,14926943076430,4.186005,0.071393,3.982869,30720
live,152,14926948890425,14926949074046,14926949154623,14926953225365,4.33494,0.080577,4.070742,30720
live,153,14926958890425,14926959052259,14926959127716,14926963310300,4.419875,0.075457,4.182584,30720
live,154,14926968890425,14926969029736,14926969110825,14926973254080,4.363655,0.081089,4.143255,30720
live,155,14926978890425,14926979023821,14926979121198,14926983943950,5.053525,0.097377,4.822752,30720
live,156,14926988890425,14926989025522,14926989106547,14926993429868,4.539443,0.081025,4.323321,30720
live,157,14926998890425,14926999071352,14926999154233,14927003671189,4.780764,0.082881,4.516956,30720
live,158,14927008890425,14927009055196,14927009143998,14927013485719,4.595294,0.088802,4.341721,30720
live,159,14927018890425,14927019024929,14927019122882,14927023668383,4.777958,0.097953,4.545501,30720
live,160,14927028890425,14927029069351,14927029159208,14927049498327,20.607902,0.089857,20.339119,30720
live,161,14927038890425,14927039022347,14927049665369,14927053351786,14.461361,10.643022,3.686417,30720
live,162,14927048890425,14927049012912,14927053490860,14927057076476,8.186051,4.477948,3.585616,30720
live,163,14927058890425,14927059017397,14927059105335,14927062586821,3.696396,0.087938,3.481486,30720
live,164,14927068890425,14927069023035,14927069099068,14927072885294,3.994869,0.076033,3.786226,30720
live,165,14927078890425,14927079024384,14927079098497,14927082967316,4.076891,0.074113,3.868819,30720
live,166,14927088890425,14927089018149,14927089081573,14927092632117,3.741692,0.063424,3.550544,30720
live,167,14927098890425,14927099016266,14927099085483,14927102745467,3.855042,0.069217,3.659984,30720
live,168,14927108890425,14927109023119,14927109095568,14927112839298,3.948873,0.072449,3.74373,30720
live,169,14927118890425,14927119026036,14927119123573,14927122946312,4.055887,0.097537,3.822739,30720
live,170,14927128890425,14927129026841,14927129092570,14927132985966,4.095541,0.065729,3.893396,30720
live,171,14927138890425,14927139017918,14927139083935,14927143129141,4.238716,0.066017,4.045206,30720
live,172,14927148890425,14927149018979,14927149089188,14927153635553,4.745128,0.070209,4.546365,30720
live,173,14927158890425,14927159019528,14927159086633,14927163305217,4.414792,0.067105,4.218584,30720
live,174,14927168890425,14927169016525,14927169094478,14927173390184,4.499759,0.077953,4.295706,30720
live,175,14927178890425,14927179024243,14927179097812,14927183315948,4.425523,0.073569,4.218136,30720
live,176,14927188890425,14927189020440,14927189123321,14927193443346,4.552921,0.102881,4.320025,30720
live,177,14927198890425,14927199024861,14927199108158,14927203404663,4.514238,0.083297,4.296505,30720
live,178,14927208890425,14927209057826,14927209155076,14927214032772,5.142347,0.09725,4.877696,30720
live,179,14927218890425,14927219071400,14927219161993,14927223700197,4.809772,0.090593,4.538204,30720
live,180,14927228890425,14927229025964,14927229099405,14927249366651,20.476226,0.073441,20.267246,30720
live,181,14927238890425,14927239352405,14927249543581,14927253179437,14.289012,10.191176,3.635856,30720
live,182,14927248890425,14927249093431,14927253317935,14927257463047,8.572622,4.224504,4.145112,30720
live,183,14927258890425,14927259026203,14927259103292,14927262812398,3.921973,0.077089,3.709106,30720
live,184,14927268890425,14927269025408,14927269100865,14927272579632,3.689207,0.075457,3.478767,30720
live,185,14927278890425,14927279024101,14927279097574,14927282674934,3.784509,0.073473,3.57736,30720
live,186,14927288890425,14927289024139,14927289093835,14927292663387,3.772962,0.069696,3.569552,30720
live,187,14927298890425,14927299017392,14927299095697,14927302847075,3.95665,0.078305,3.751378,30720
live,188,14927308890425,14927309021685,14927309121078,14927312831495,3.94107,0.099393,3.710417,30720
live,189,14927318890425,14927319030938,14927319099195,14927323024623,4.134198,0.068257,3.925428,30720
live,190,14927328890425,14927329022559,14927329101280,14927333103797,4.213372,0.078721,4.002517,30720
live,191,14927338890425,14927339025604,14927339098341,14927343254908,4.364483,0.072737,4.156567,30720
live,192,14927348890425,14927349022377,14927349102826,14927353181728,4.291303,0.080449,4.078902,30720
live,193,14927358890425,14927359024142,14927359101935,14927363812462,4.922037,0.077793,4.710527,30720
live,194,14927368890425,14927369026515,14927369100564,14927373336845,4.44642,0.074049,4.236281,30720
live,195,14927378890425,14927379019512,14927379099353,14927383417907,4.527482,0.079841,4.318554,30720
live,196,14927388890425,14927389024701,14927389107039,14927393891102,5.000677,0.082338,4.784063,30720
live,197,14927398890425,14927399023043,14927399105412,14927403427389,4.536964,0.082369,4.321977,30720
live,198,14927408890425,14927409067304,14927409158985,14927413856264,4.965839,0.091681,4.697279,30720
live,199,14927418890425,14927419019757,14927419102062,14927423534569,4.644144,0.082305,4.432507,30720
live,200,14927428890425,14927429069522,14927429163412,14927449497442,20.607017,0.09389,20.33403,30720
live,201,14927438890425,14927439087512,14927449664741,14927452762446,13.872021,10.577229,3.097705,30720
live,202,14927448890425,14927449136382,14927452900784,14927455984377,7.093952,3.764402,3.083593,30720
live,203,14927458890425,14927459061122,14927459148867,14927462835828,3.945403,0.087745,3.686961,30720
live,204,14927468890425,14927469032518,14927469114119,14927472652375,3.76195,0.081601,3.538256,30720
live,205,14927478890425,14927479027915,14927479106284,14927482660476,3.770051,0.078369,3.554192,30720
live,206,14927488890425,14927489027856,14927489106674,14927492874852,3.984427,0.078818,3.768178,30720
live,207,14927498890425,14927499021461,14927499090518,14927502729063,3.838638,0.069057,3.638545,30720
live,208,14927508890425,14927509020187,14927509098940,14927512818093,3.927668,0.078753,3.719153,30720
live,209,14927518890425,14927519027520,14927519098337,14927523062165,4.17174,0.070817,3.963828,30720
live,210,14927528890425,14927529025541,14927529102694,14927533057722,4.167297,0.077153,3.955028,30720
live,211,14927538890425,14927539024362,14927539097323,14927543089312,4.198887,0.072961,3.991989,30720
live,212,14927548890425,14927549049935,14927549143921,14927553248007,4.357582,0.093986,4.104086,30720
live,213,14927558890425,14927559033620,14927559125077,14927563346702,4.456277,0.091457,4.221625,30720
live,214,14927568890425,14927569029177,14927569105946,14927573836857,4.946432,0.076769,4.730911,30720
live,215,14927578890425,14927579018974,14927579097407,14927583382136,4.491711,0.078433,4.284729,30720
live,216,14927588890425,14927589096836,14927589188486,14927593956869,5.066444,0.09165,4.768383,30720
live,217,14927598890425,14927599019016,14927599094953,14927603411619,4.521194,0.075937,4.316666,30720
live,218,14927608890425,14927609059086,14927609152527,14927614110385,5.21996,0.093441,4.957858,30720
live,219,14927618890425,14927619055411,14927619149172,14927623705361,4.814936,0.093761,4.556189,30720
live,220,14927628890425,14927629025816,14927629107641,14927651400194,22.509769,0.081825,22.292553,30720
live,221,14927638890425,14927639068189,14927651572676,14927654744910,15.854485,12.504487,3.172234,30720
live,222,14927648890425,14927649020098,14927654877520,14927657876280,8.985855,5.857422,2.99876,30720
live,223,14927658890425,14927659017287,14927659095464,14927662579478,3.689053,0.078177,3.484014,30720
live,224,14927668890425,14927669023852,14927669112461,14927672222295,3.33187,0.088609,3.109834,30720
live,225,14927678890425,14927679023409,14927679100082,14927682948549,4.058124,0.076673,3.848467,30720
live,226,14927688890425,14927689036982,14927689121080,14927692753032,3.862607,0.084098,3.631952,30720
live,227,14927698890425,14927699025499,14927699104956,14927702597003,3.706578,0.079457,3.492047,30720
live,228,14927708890425,14927709082817,14927709166530,14927713040310,4.149885,0.083713,3.87378,30720
live,229,14927718890425,14927719050790,14927719131719,14927723114620,4.224195,0.080929,3.982901,30720
live,230,14927728890425,14927729031659,14927729114028,14927733228227,4.337802,0.082369,4.114199,30720
live,231,14927738890425,14927739025040,14927739102449,14927743326601,4.436176,0.077409,4.224152,30720
live,232,14927748890425,14927749174007,14927749353017,14927754030807,5.140382,0.17901,4.67779,30720
live,233,14927758890425,14927759073819,14927759168316,14927763665816,4.775391,0.094497,4.4975,30720
live,234,14927768890425,14927769062591,14927769149505,14927773541371,4.650946,0.086914,4.391866,30720
live,235,14927778890425,14927779027396,14927779097829,14927783720675,4.83025,0.070433,4.622846,30720
live,236,14927788890425,14927789057514,14927789147083,14927794144941,5.254516,0.089569,4.997858,30720
live,237,14927798890425,14927799027918,14927799098511,14927803404585,4.51416,0.070593,4.306074,30720
live,238,14927808890425,14927809058260,14927809150773,14927814070871,5.180446,0.092513,4.920098,30720
live,239,14927818890425,14927819082201,14927819172410,14927823259697,4.369272,0.090209,4.087287,30720
live,240,14927828890425,14927829025822,14927829097183,14927849464942,20.574517,0.071361,20.367759,30720
live,241,14927838890425,14927839084067,14927849638832,14927853123486,14.233061,10.554765,3.484654,30720
live,242,14927848890425,14927849018920,14927853248032,14927855918083,7.027658,4.229112,2.670051,30720
live,243,14927858890425,14927859047373,14927859119246,14927861663664,2.773239,0.071873,2.544418,30720
live,244,14927868890425,14927869025522,14927869095219,14927871642421,2.751996,0.069697,2.547202,30720
live,245,14927878890425,14927879020887,14927879088856,14927881755419,2.864994,0.067969,2.666563,30720
live,246,14927888890425,14927889024284,14927889095613,14927892033764,3.143339,0.071329,2.938151,30720
live,247,14927898890425,14927899024257,14927899095810,14927902925461,4.035036,0.071553,3.829651,30720
live,248,14927908890425,14927909035110,14927909116775,14927912979035,4.08861,0.081665,3.86226,30720
live,249,14927918890425,14927919057868,14927919136621,14927922531418,3.640993,0.078753,3.394797,30720
live,250,14927928890425,14927929023600,14927929093169,14927932515039,3.624614,0.069569,3.42187,30720
live,251,14927938890425,14927939081014,14927939153143,14927943146892,4.256467,0.072129,3.993749,30720
live,252,14927948890425,14927949065723,14927949150108,14927953431957,4.541532,0.084385,4.281849,30720
live,253,14927958890425,14927959053312,14927959124033,14927963395738,4.505313,0.070721,4.271705,30720
live,254,14927968890425,14927969056005,14927969130918,14927973402847,4.512422,0.074913,4.271929,30720
live,255,14927978890425,14927979071787,14927979143115,14927983365988,4.475563,0.071328,4.222873,30720
live,256,14927988890425,14927989062095,14927989146353,14927993462154,4.571729,0.084258,4.315801,30720
live,257,14927998890425,14927999070005,14927999152790,14928003525296,4.634871,0.082785,4.372506,30720
live,258,14928008890425,14928009055002,14928009136283,14928013866362,4.975937,0.081281,4.730079,30720
live,259,14928018890425,14928019050719,14928019134336,14928024118306,5.227881,0.083617,4.98397,30720
live,260,14928028890425,14928029067748,14928029149317,14928052800128,23.909703,0.081569,23.650811,30720
live,261,14928038890425,14928039078985,14928052962754,14928056151020,17.260595,13.883769,3.188266,30720
live,262,14928048890425,14928049333842,14928056375183,14928059516729,10.626304,7.041341,3.141546,30720
live,263,14928058890425,14928059092115,14928059641275,14928062486177,3.595752,0.54916,2.844902,30720
live,264,14928068890425,14928069019224,14928069091416,14928072237314,3.346889,0.072192,3.145898,30720
live,265,14928078890425,14928079025213,14928079099646,14928082812399,3.921974,0.074433,3.712753,30720
live,266,14928088890425,14928089028226,14928089104835,14928093385724,4.495299,0.076609,4.280889,30720
live,267,14928098890425,14928099028455,14928099128872,14928103766374,4.875949,0.100417,4.637502,30720
live,268,14928108890425,14928109022284,14928109096269,14928113614889,4.724464,0.073985,4.51862,30720
live,269,14928118890425,14928119026609,14928119103538,14928123761488,4.871063,0.076929,4.65795,30720
live,270,14928128890425,14928129041014,14928129116727,14928133876023,4.985598,0.075713,4.759296,30720
live,271,14928138890425,14928139023099,14928139108156,14928143638265,4.74784,0.085057,4.530109,30720
live,272,14928148890425,14928149027712,14928149113025,14928153423963,4.533538,0.085313,4.310938,30720
live,273,14928158890425,14928159129671,14928159236456,14928163558690,4.668265,0.106785,4.322234,30720
live,274,14928168890425,14928169077067,14928169163372,14928174140718,5.250293,0.086305,4.977346,30720
live,275,14928178890425,14928179087248,14928179173713,14928183089350,4.198925,0.086465,3.915637,30720
live,276,14928188890425,14928189022901,14928189094165,14928193836693,4.946268,0.071264,4.742528,30720
live,277,14928198890425,14928199059930,14928199136795,14928203283954,4.393529,0.076865,4.147159,30720
live,278,14928208890425,14928209023455,14928209098176,14928213392473,4.502048,0.074721,4.294297,30720
live,279,14928218890425,14928219077188,14928219165574,14928224696111,5.805686,0.088386,5.530537,30720
live,280,14928228890425,14928229057865,14928229142794,14928252893575,24.00315,0.084929,23.750781,30720
live,281,14928238890425,14928239023534,14928253123370,14928256814939,17.924514,14.099836,3.691569,30720
live,282,14928248890425,14928249062740,14928256948700,14928260095526,11.205101,7.88596,3.146826,30720
live,283,14928258890425,14928259018136,14928260226184,14928263317617,4.427192,1.208048,3.091433,30720
live,284,14928268890425,14928269017181,14928269090718,14928272587117,3.696692,0.073537,3.496399,30720
live,285,14928278890425,14928279020354,14928279094083,14928282642706,3.752281,0.073729,3.548623,30720
live,286,14928288890425,14928289020007,14928289091560,14928292758457,3.868032,0.071553,3.666897,30720
live,287,14928298890425,14928299022156,14928299091757,14928302843455,3.95303,0.069601,3.751698,30720
live,288,14928308890425,14928309027282,14928309124531,14928313377547,4.487122,0.097249,4.253016,30720
live,289,14928318890425,14928319024215,14928319100632,14928323003980,4.113555,0.076417,3.903348,30720
live,290,14928328890425,14928329023260,14928329092989,14928332921071,4.030646,0.069729,3.828082,30720
live,291,14928338890425,14928339019489,14928339090242,14928342676273,3.785848,0.070753,3.586031,30720
live,292,14928348890425,14928349028262,14928349107591,14928353147165,4.25674,0.079329,4.039574,30720
live,293,14928358890425,14928359029803,14928359100364,14928363190786,4.300361,0.070561,4.090422,30720
live,294,14928368890425,14928369013648,14928369085361,14928373496427,4.606002,0.071713,4.411066,30720
live,295,14928378890425,14928379068278,14928379172759,14928383881142,4.990717,0.104481,4.708383,30720
live,296,14928388890425,14928389060571,14928389153916,14928393104368,4.213943,0.093345,3.950452,30720
live,297,14928398890425,14928399028351,14928399114560,14928403795583,4.905158,0.086209,4.681023,30720
live,298,14928408890425,14928409053061,14928409146502,14928413067162,4.176737,0.093441,3.92066,30720
live,299,14928418890425,14928419018505,14928419098154,14928423508613,4.618188,0.079649,4.410459,30720
live,300,14928428890425,14928429061423,14928429150896,14928450616142,21.725717,0.089473,21.465246,30720
live,301,14928438890425,14928439088372,14928450774448,14928453706583,14.816158,11.686076,2.932135,30720
live,302,14928448890425,14928449021625,14928453832857,14928456571581,7.681156,4.811232,2.738724,30720
live,303,14928458890425,14928459020094,14928459082750,14928461658305,2.76788,0.062656,2.575555,30720
live,304,14928468890425,14928469066371,14928469139780,14928471815240,2.924815,0.073409,2.67546,30720
live,305,14928478890425,14928479048616,14928479119337,14928481910510,3.020085,0.070721,2.791173,30720
live,306,14928488890425,14928489033709,14928489102350,14928492060661,3.170236,0.068641,2.958311,30720
live,307,14928498890425,14928499027954,14928499103827,14928502226013,3.335588,0.075873,3.122186,30720
live,308,14928508890425,14928509030167,14928509102424,14928512413508,3.523083,0.072257,3.311084,30720
live,309,14928518890425,14928519023644,14928519104669,14928522507818,3.617393,0.081025,3.403149,30720
live,310,14928528890425,14928529062370,14928529136835,14928533094071,4.203646,0.074465,3.957236,30720
live,311,14928538890425,14928539062695,14928539142440,14928543392864,4.502439,0.079745,4.250424,30720
live,312,14928548890425,14928549074060,14928549161901,14928553822635,4.93221,0.087841,4.660734,30720
live,313,14928558890425,14928559074033,14928559152338,14928562702817,3.812392,0.078305,3.550479,30720
live,314,14928568890425,14928569051158,14928569118743,14928572343298,3.452873,0.067585,3.224555,30720
live,315,14928578890425,14928579022747,14928579096924,14928583787098,4.896673,0.074177,4.690174,30720
live,316,14928588890425,14928589065184,14928589151457,14928594200357,5.309932,0.086273,5.0489,30720
live,317,14928598890425,14928599075813,14928599175687,14928603629186,4.738761,0.099874,4.453499,30720
live,318,14928608890425,14928609085131,14928609176620,14928613668552,4.778127,0.091489,4.491932,30720
live,319,14928618890425,14928619241490,14928619332947,14928624720795,5.83037,0.091457,5.387848,30720
live,320,14928628890425,14928629083093,14928629187030,14928653472761,24.582336,0.103937,24.285731,30720
live,321,14928638890425,14928639074554,14928653652956,14928657568688,18.678263,14.578402,3.915732,30720
live,322,14928648890425,14928649063103,14928657717330,14928661054174,12.163749,8.654227,3.336844,30720
live,323,14928658890425,14928659021315,14928661194176,14928664378474,5.488049,2.172861,3.184298,30720
live,324,14928668890425,14928669021448,14928669096169,14928672804283,3.913858,0.074721,3.708114,30720
live,325,14928678890425,14928679023341,14928679101614,14928682674270,3.783845,0.078273,3.572656,30720
live,326,14928688890425,14928689026098,14928689101747,14928692557473,3.667048,0.075649,3.455726,30720
live,327,14928698890425,14928699026168,14928699104377,14928702960652,4.070227,0.078209,3.856275,30720
live,328,14928708890425,14928709022589,14928709117598,14928712972273,4.081848,0.095009,3.854675,30720
live,329,14928718890425,14928719027330,14928719103779,14928723714592,4.824167,0.076449,4.610813,30720
live,330,14928728890425,14928729025095,14928729105384,14928733383169,4.492744,0.080289,4.277785,30720
live,331,14928738890425,14928739024588,14928739103245,14928743299685,4.40926,0.078657,4.19644,30720
live,332,14928748890425,14928749025681,14928749104914,14928753021478,4.131053,0.079233,3.916564,30720
live,333,14928758890425,14928759064503,14928759156536,14928764174555,5.28413,0.092033,5.018019,30720
live,334,14928768890425,14928769066268,14928769157661,14928773844699,4.954274,0.091393,4.687038,30720
live,335,14928778890425,14928779022112,14928779098305,14928783377818,4.487393,0.076193,4.279513,30720
live,336,14928788890425,14928789060486,14928789139719,14928793879462,4.989037,0.079233,4.739743,30720
live,337,14928798890425,14928799025866,14928799096939,14928803391012,4.500587,0.071073,4.294073,30720
live,338,14928808890425,14928809050448,14928809143697,14928814325750,5.435325,0.093249,5.182053,30720
live,339,14928818890425,14928819074101,14928819169718,14928824050391,5.159966,0.095617,4.880673,30720
live,340,14928828890425,14928829057242,14928829147419,14928851570950,22.680525,0.090177,22.423531,30720
live,341,14928838890425,14928839027903,14928851808553,14928855313751,16.423326,12.78065,3.505198,30720
live,342,14928848890425,14928849047556,14928855452505,14928858819974,9.929549,6.404949,3.367469,30720
live,343,14928858890425,14928859110346,14928859226635,14928863071647,4.181222,0.116289,3.845012,30720
live,344,14928868890425,14928869211376,14928869319954,14928872951074,4.060649,0.108578,3.63112,30720
live,345,14928878890425,14928879044819,14928879132628,14928882748964,3.858539,0.087809,3.616336,30720
live,346,14928888890425,14928889032472,14928889115929,14928892906188,4.015763,0.083457,3.790259,30720
live,347,14928898890425,14928899032797,14928899113854,14928902946417,4.055992,0.081057,3.832563,30720
live,348,14928908890425,14928909034114,14928909107171,14928912908662,4.018237,0.073057,3.801491,30720
live,349,14928918890425,14928919029255,14928919113352,14928923106494,4.216069,0.084097,3.993142,30720
live,350,14928928890425,14928929022444,14928929102573,14928933159907,4.269482,0.080129,4.057334,30720
live,351,14928938890425,14928939026193,14928939100530,14928943232137,4.341712,0.074337,4.131607,30720
live,352,14928948890425,14928949025910,14928949105848,14928953182414,4.291989,0.079938,4.076566,30720
live,353,14928958890425,14928959026428,14928959101309,14928963620505,4.73008,0.074881,4.519196,30720
live,354,14928968890425,14928969028961,14928969111714,14928973411419,4.520994,0.082753,4.299705,30720
live,355,14928978890425,14928979024966,14928979102183,14928983411776,4.521351,0.077217,4.309593,30720
live,356,14928988890425,14928989020587,14928989105164,14928993333924,4.443499,0.084577,4.22876,30720
live,357,14928998890425,14928999025328,14928999111345,14929003424426,4.534001,0.086017,4.313081,30720
live,358,14929008890425,14929009070005,14929009162391,14929013917558,5.027133,0.092386,4.755167,30720
live,359,14929018890425,14929019035418,14929019119419,14929023468821,4.578396,0.084001,4.349402,30720
live,360,14929028890425,14929029039007,14929029144801,14929050467836,21.577411,0.105794,21.323035,30720
live,361,14929038890425,14929039073445,14929050642015,14929054177262,15.286837,11.56857,3.535247,30720
live,362,14929048890425,14929049195499,14929054311055,14929058531912,9.641487,5.115556,4.220857,30720
live,363,14929058890425,14929059020494,14929059093455,14929063166533,4.276108,0.072961,4.073078,30720
live,364,14929068890425,14929069069684,14929069170869,14929073192907,4.302482,0.101185,4.022038,30720
live,365,14929078890425,14929079044281,14929079130170,14929083222960,4.332535,0.085889,4.09279,30720
live,366,14929088890425,14929089054686,14929089151647,14929092761839,3.871414,0.096961,3.610192,30720
live,367,14929098890425,14929099038627,14929099116708,14929102963063,4.072638,0.078081,3.846355,30720
live,368,14929108890425,14929109023944,14929109108553,14929113148030,4.257605,0.084609,4.039477,30720
live,369,14929118890425,14929119034413,14929119113998,14929123098307,4.207882,0.079585,3.984309,30720
live,370,14929128890425,14929129027314,14929129107667,14929133419212,4.528787,0.080353,4.311545,30720
live,371,14929138890425,14929139055703,14929139150200,14929143286511,4.396086,0.094497,4.136311,30720
live,372,14929148890425,14929149040508,14929149127421,14929153276500,4.386075,0.086913,4.149079,30720
live,373,14929158890425,14929159035873,14929159116002,14929163387259,4.496834,0.080129,4.271257,30720
live,374,14929168890425,14929169031814,14929169104679,14929173363232,4.472807,0.072865,4.258553,30720
live,375,14929178890425,14929179024203,14929179101164,14929183572935,4.68251,0.076961,4.471771,30720
live,376,14929188890425,14929189083889,14929189186418,14929193450059,4.559634,0.102529,4.263641,30720
live,377,14929198890425,14929199037429,14929199125302,14929203464656,4.574231,0.087873,4.339354,30720
live,378,14929208890425,14929209058139,14929209150524,14929213556022,4.665597,0.092385,4.405498,30720
live,379,14929218890425,14929219077056,14929219161825,14929223241719,4.351294,0.084769,4.079894,30720
live,380,14929228890425,14929229083045,14929229171974,14929250953448,22.063023,0.088929,21.781474,30720
live,381,14929238890425,14929239164971,14929251134154,14929254428982,15.538557,11.969183,3.294828,30720
live,382,14929248890425,14929249030478,14929254565912,14929257656673,8.766248,5.535434,3.090761,30720
live,383,14929258890425,14929259034068,14929259112245,14929262587299,3.696874,0.078177,3.475054,30720
live,384,14929268890425,14929269025305,14929269100634,14929272585928,3.695503,0.075329,3.485294,30720
live,385,14929278890425,14929279025726,14929279102271,14929282675406,3.784981,0.076545,3.573135,30720
live,386,14929288890425,14929289048611,14929289139620,14929292805237,3.914812,0.091009,3.665617,30720
live,387,14929298890425,14929299038344,14929299123465,14929302779290,3.888865,0.085121,3.655825,30720
live,388,14929308890425,14929309072909,14929309182831,14929312865696,3.975271,0.109922,3.682865,30720
live,389,14929318890425,14929319085619,14929319193076,14929323082504,4.192079,0.107457,3.889428,30720
live,390,14929328890425,14929329044823,14929329135320,14929333081805,4.19138,0.090497,3.946485,30720
live,391,14929338890425,14929339056060,14929339155838,14929343178867,4.288442,0.099778,4.023029,30720
live,392,14929348890425,14929349039073,14929349125890,14929353226361,4.335936,0.086817,4.100471,30720
live,393,14929358890425,14929359038886,14929359118407,14929363351136,4.460711,0.079521,4.232729,30720
live,394,14929368890425,14929369031243,14929369106316,14929373305604,4.415179,0.075073,4.199288,30720
live,395,14929378890425,14929379026928,14929379109137,14929383422155,4.53173,0.082209,4.313018,30720
live,396,14929388890425,14929389051670,14929389146839,14929393418256,4.527831,0.095169,4.271417,30720
live,397,14929398890425,14929399032314,14929399121500,14929403424277,4.533852,0.089186,4.302777,30720
live,398,14929408890425,14929409074976,14929409169665,14929413981601,5.091176,0.094689,4.811936,30720
live,399,14929418890425,14929419083493,14929419179015,14929423143771,4.253346,0.095522,3.964756,30720
live,400,14929428890425,14929429031914,14929429118155,14929450443879,21.553454,0.086241,21.325724,30720
live,401,14929438890425,14929439085839,14929450618377,14929453815859,14.925434,11.532538,3.197482,30720
live,402,14929448890425,14929449270423,14929453953077,14929457071135,8.18071,4.682654,3.118058,30720
live,403,14929458890425,14929459030905,14929459109626,14929462110850,3.220425,0.078721,3.001224,30720
live,404,14929468890425,14929469030462,14929469107391,14929473187189,4.296764,0.076929,4.079798,30720
live,405,14929478890425,14929479029027,14929479105444,14929483083577,4.193152,0.076417,3.978133,30720
live,406,14929488890425,14929489052104,14929489142826,14929492888987,3.998562,0.090722,3.746161,30720
live,407,14929498890425,14929499035853,14929499121966,14929502835936,3.945511,0.086113,3.71397,30720
live,408,14929508890425,14929509026066,14929509105619,14929513110056,4.219631,0.079553,4.004437,30720
live,409,14929518890425,14929519066488,14929519170169,14929522985868,4.095443,0.103681,3.815699,30720
live,410,14929528890425,14929529072253,14929529180638,14929533465175,4.57475,0.108385,4.284537,30720
live,411,14929538890425,14929539399174,14929539746251,14929543994403,5.103978,0.347077,4.248152,30720
live,412,14929548890425,14929549063719,14929549162280,14929553492610,4.602185,0.098561,4.33033,30720
live,413,14929558890425,14929559080236,14929559184782,14929564274993,5.384568,0.104546,5.090211,30720
live,414,14929568890425,14929569064113,14929569156754,14929574304439,5.414014,0.092641,5.147685,30720
live,415,14929578890425,14929579033558,14929579115511,14929584134650,5.244225,0.081953,5.019139,30720
live,416,14929588890425,14929589067035,14929589157916,14929595170860,6.280435,0.090881,6.012944,30720
live,417,14929598890425,14929599072320,14929599153665,14929604171140,5.280715,0.081345,5.017475,30720
live,418,14929608890425,14929609024357,14929609098310,14929613520289,4.629864,0.073953,4.421979,30720
live,419,14929618890425,14929619083915,14929619163500,14929623584230,4.693805,0.079585,4.42073,30720
live,420,14929628890425,14929629104880,14929629220721,14929652854700,23.964275,0.115841,23.633979,30720
live,421,14929638890425,14929639044052,14929653098351,14929656469724,17.579299,14.054299,3.371373,30720
live,422,14929648890425,14929649059993,14929656605246,14929659728839,10.838414,7.545253,3.123593,30720
live,423,14929658890425,14929659024958,14929659862057,14929662870737,3.980312,0.837099,3.00868,30720
live,424,14929668890425,14929669022979,14929669100516,14929672562386,3.671961,0.077537,3.46187,30720
live,425,14929678890425,14929679028360,14929679102249,14929682218611,3.328186,0.073889,3.116362,30720
live,426,14929688890425,14929689026189,14929689100974,14929693281798,4.391373,0.074785,4.180824,30720
live,427,14929698890425,14929699024306,14929699098227,14929702919270,4.028845,0.073921,3.821043,30720
live,428,14929708890425,14929709023479,14929709094328,14929712806346,3.915921,0.070849,3.712018,30720
live,429,14929718890425,14929719017564,14929719087101,14929723002385,4.11196,0.069537,3.915284,30720
live,430,14929728890425,14929729018113,14929729096834,14929733115512,4.225087,0.078721,4.018678,30720
live,431,14929738890425,14929739025511,14929739098536,14929743115645,4.22522,0.073025,4.017109,30720
live,432,14929748890425,14929749029516,14929749115181,14929753390758,4.500333,0.085665,4.275577,30720
live,433,14929758890425,14929759030481,14929759111730,14929763482508,4.592083,0.081249,4.370778,30720
live,434,14929768890425,14929769029526,14929769107799,14929773313839,4.423414,0.078273,4.20604,30720
live,435,14929778890425,14929779017243,14929779090652,14929783397237,4.506812,0.073409,4.306585,30720
live,436,14929788890425,14929789056128,14929789143393,14929793902049,5.011624,0.087265,4.758656,30720
live,437,14929798890425,14929799023237,14929799100870,14929803452320,4.561895,0.077633,4.35145,30720
live,438,14929808890425,14929809065739,14929809161452,14929814131086,5.240661,0.095713,4.969634,30720
live,439,14929818890425,14929819071984,14929819146897,14929823742062,4.851637,0.074913,4.595165,30720
live,440,14929828890425,14929829026612,14929829109685,14929850898775,22.00835,0.083073,21.78909,30720
live,441,14929838890425,14929839068602,14929851072858,14929854303429,15.413004,12.004256,3.230571,30720
live,442,14929848890425,14929849021502,14929854438822,14929857565136,8.674711,5.41732,3.126314,30720
live,443,14929858890425,14929859022467,14929859097700,14929862527858,3.637433,0.075233,3.430158,30720
live,444,14929868890425,14929869020136,14929869094921,14929872626232,3.735807,0.074785,3.531311,30720
live,445,14929878890425,14929879026957,14929879100206,14929882918945,4.02852,0.073249,3.818739,30720
live,446,14929888890425,14929889024851,14929889091123,14929893133033,4.242608,0.066272,4.04191,30720
live,447,14929898890425,14929899016471,14929899081944,14929902733193,3.842768,0.065473,3.651249,30720
live,448,14929908890425,14929909017277,14929909089150,14929912891632,4.001207,0.071873,3.802482,30720
live,449,14929918890425,14929919027362,14929919096451,14929923012663,4.122238,0.069089,3.916212,30720
live,450,14929928890425,14929929024583,14929929093736,14929933056732,4.166307,0.069153,3.962996,30720
live,451,14929938890425,14929939023020,14929939087085,14929943114978,4.224553,0.064065,4.027893,30720
live,452,14929948890425,14929949283700,14929949359861,14929953453484,4.563059,0.076161,4.093623,30720
live,453,14929958890425,14929959034934,14929959111959,14929963316463,4.426038,0.077025,4.204504,30720
live,454,14929968890425,14929969027931,14929969102044,14929973287732,4.397307,0.074113,4.185688,30720
live,455,14929978890425,14929979019360,14929979106113,14929983776511,4.886086,0.086753,4.670398,30720
live,456,14929988890425,14929989077702,14929989164935,14929994382924,5.492499,0.087233,5.217989,30720
live,457,14929998890425,14929999103659,14929999201005,14930003942860,5.052435,0.097346,4.741855,30720
live,458,14930008890425,14930009030095,14930009103984,14930013704846,4.814421,0.073889,4.600862,30720
live,459,14930018890425,14930019053109,14930019133654,14930023348014,4.457589,0.080545,4.21436,30720
live,460,14930028890425,14930029024633,14930029096666,14930050968029,22.077604,0.072033,21.871363,30720
live,461,14930038890425,14930039065631,14930051147168,14930054449100,15.558675,12.081537,3.301932,30720
live,462,14930048890425,14930049094500,14930054587213,14930057740503,8.850078,5.492713,3.15329,30720
live,463,14930058890425,14930059031305,14930059112266,14930062595096,3.704671,0.080961,3.48283,30720
live,464,14930068890425,14930069025262,14930069100111,14930072557469,3.667044,0.074849,3.457358,30720
live,465,14930078890425,14930079026227,14930079103956,14930083195978,4.305553,0.077729,4.092022,30720
live,466,14930088890425,14930089026904,14930089103193,14930093277872,4.387447,0.076289,4.174679,30720
live,467,14930098890425,14930099023037,14930099094366,14930103724891,4.834466,0.071329,4.630525,30720
live,468,14930108890425,14930109024546,14930109095523,14930113420252,4.529827,0.070977,4.324729,30720
live,469,14930118890425,14930119024103,14930119093384,14930123511010,4.620585,0.069281,4.417626,30720
live,470,14930128890425,14930129026092,14930129098125,14930133279428,4.389003,0.072033,4.181303,30720
live,471,14930138890425,14930139071634,14930139170835,14930142917093,4.026668,0.099201,3.746258,30720
live,472,14930148890425,14930149007606,14930149077335,14930152594309,3.703884,0.069729,3.516974,30720
live,473,14930158890425,14930159000411,14930159064252,14930163147538,4.257113,0.063841,4.083286,30720
live,474,14930168890425,14930169071265,14930169189154,14930173461051,4.570626,0.117889,4.271897,30720
live,475,14930178890425,14930179042597,14930179136775,14930183453056,4.562631,0.094178,4.316281,30720
live,476,14930188890425,14930189069227,14930189182284,14930193891627,5.001202,0.113057,4.709343,30720
live,477,14930198890425,14930199086544,14930199190513,14930204210868,5.320443,0.103969,5.020355,30720
live,478,14930208890425,14930209064629,14930209171542,14930214019543,5.129118,0.106913,4.848001,30720
live,479,14930218890425,14930219082682,14930219171291,14930223910554,5.020129,0.088609,4.739263,30720
live,480,14930228890425,14930229074271,14930229174176,14930251602699,22.712274,0.099905,22.428523,30720
live,481,14930238890425,14930239070756,14930251776141,14930255063545,16.17312,12.705385,3.287404,30720
live,482,14930248890425,14930249020424,14930255197883,14930258335300,9.444875,6.177459,3.137417,30720
live,483,14930258890425,14930259017837,14930259093198,14930262109335,3.21891,0.075361,3.016137,30720
live,484,14930268890425,14930269021234,14930269096916,14930272269662,3.379237,0.075682,3.172746,30720
live,485,14930278890425,14930279023320,14930279123193,14930282661128,3.770703,0.099873,3.537935,30720
live,486,14930288890425,14930289079197,14930289201119,14930292798319,3.907894,0.121922,3.5972,30720
live,487,14930298890425,14930299044994,14930299136771,14930302435343,3.544918,0.091777,3.298572,30720
live,488,14930308890425,14930309029671,14930309115400,14930312695032,3.804607,0.085729,3.579632,30720
live,489,14930318890425,14930319032396,14930319117485,14930322737885,3.84746,0.085089,3.6204,30720
live,490,14930328890425,14930329030321,14930329112658,14930333031398,4.140973,0.082337,3.91874,30720
live,491,14930338890425,14930339066358,14930339164376,14930343555570,4.665145,0.098018,4.391194,30720
live,492,14930348890425,14930349060827,14930349149725,14930353021008,4.130583,0.088898,3.871283,30720
live,493,14930358890425,14930359021888,14930359098177,14930364335303,5.444878,0.076289,5.237126,30720
live,494,14930368890425,14930369068902,14930369163975,14930373186748,4.296323,0.095073,4.022773,30720
live,495,14930378890425,14930379027754,14930379103435,14930383675752,4.785327,0.075681,4.572317,30720
live,496,14930388890425,14930389050735,14930389130513,14930394065010,5.174585,0.079778,4.934497,30720
live,497,14930398890425,14930399078773,14930399169110,14930403862901,4.972476,0.090337,4.693791,30720
live,498,14930408890425,14930409154939,14930409269725,14930414373760,5.483335,0.114786,5.104035,30720
live,499,14930418890425,14930419070399,14930419161152,14930423688028,4.797603,0.090753,4.526876,30720
live,500,14930428890425,14930429068196,14930429168069,14930451917908,23.027483,0.099873,22.749839,30720
live,501,14930438890425,14930439076777,14930452109046,14930454985117,16.094692,13.032269,2.876071,30720
live,502,14930448890425,14930449020173,14930455106270,14930457811746,8.921321,6.086097,2.705476,30720
live,503,14930458890425,14930459020914,14930459095891,14930461816728,2.926303,0.074977,2.720837,30720
live,504,14930468890425,14930469022072,14930469094904,14930471677659,2.787234,0.072832,2.582755,30720
live,505,14930478890425,14930479024477,14930479099390,14930481870402,2.979977,0.074913,2.771012,30720
live,506,14930488890425,14930489029474,14930489095907,14930492140683,3.250258,0.066433,3.044776,30720
live,507,14930498890425,14930499021287,14930499087240,14930502263602,3.373177,0.065953,3.176362,30720
live,508,14930508890425,14930509024012,14930509086317,14930512742845,3.85242,0.062305,3.656528,30720
live,509,14930518890425,14930519018193,14930519094258,14930522481215,3.59079,0.076065,3.386957,30720
live,510,14930528890425,14930529057974,14930529144439,14930533418928,4.528503,0.086465,4.274489,30720
live,511,14930538890425,14930539074332,14930539161405,14930543331764,4.441339,0.087073,4.170359,30720
live,512,14930548890425,14930549076737,14930549158978,14930553439419,4.548994,0.082241,4.280441,30720
live,513,14930558890425,14930559067878,14930559145927,14930563685571,4.795146,0.078049,4.539644,30720
live,514,14930568890425,14930569051946,14930569127307,14930573351268,4.460843,0.075361,4.223961,30720
live,515,14930578890425,14930579067824,14930579139921,14930583558859,4.668434,0.072097,4.418938,30720
live,516,14930588890425,14930589058101,14930589136598,14930594149912,5.259487,0.078497,5.013314,30720
live,517,14930598890425,14930599076602,14930599163803,14930604607811,5.717386,0.087201,5.444008,30720
live,518,14930608890425,14930609055999,14930609133792,14930614395142,5.504717,0.077793,5.26135,30720
live,519,14930618890425,14930619069956,14930619150597,14930624563757,5.673332,0.080641,5.41316,30720
live,520,14930628890425,14930629105257,14930629223403,14930652971239,24.080814,0.118146,23.747836,30720
live,521,14930638890425,14930639098766,14930653140041,14930656227378,17.336953,14.041275,3.087337,30720
live,522,14930648890425,14930649101235,14930656352788,14930659384124,10.493699,7.251553,3.031336,30720
live,523,14930658890425,14930659028856,14930659507102,14930662286659,3.396234,0.478246,2.779557,30720
live,524,14930668890425,14930669016380,14930669090909,14930671850274,2.959849,0.074529,2.759365,30720
live,525,14930678890425,14930679040546,14930679119427,14930681965065,3.07464,0.078881,2.845638,30720
live,526,14930688890425,14930689035143,14930689104712,14930692176689,3.286264,0.069569,3.071977,30720
live,527,14930698890425,14930699024140,14930699100333,14930702789758,3.899333,0.076193,3.689425,30720
live,528,14930708890425,14930709026289,14930709108498,14930713392843,4.502418,0.082209,4.284345,30720
live,529,14930718890425,14930719021366,14930719097591,14930723430864,4.540439,0.076225,4.333273,30720
live,530,14930728890425,14930729070235,14930729159741,14930733599512,4.709087,0.089506,4.439771,30720
live,531,14930738890425,14930739058592,14930739148258,14930743081110,4.190685,0.089666,3.932852,30720
live,532,14930748890425,14930749079206,14930749152359,14930753645378,4.754953,0.073153,4.493019,30720
live,533,14930758890425,14930759102731,14930759193228,14930764600404,5.709979,0.090497,5.407176,30720
live,534,14930768890425,14930769100080,14930769188881,14930773924944,5.034519,0.088801,4.736063,30720
live,535,14930778890425,14930779059285,14930779181686,14930784507389,5.616964,0.122401,5.325703,30720
live,536,14930788890425,14930789069498,14930789151035,14930793268274,4.377849,0.081537,4.117239,30720
live,537,14930798890425,14930799027230,14930799103167,14930803691900,4.801475,0.075937,4.588733,30720
live,538,14930808890425,14930809067396,14930809152101,14930814320970,5.430545,0.084705,5.168869,30720
live,539,14930818890425,14930819075209,14930819163306,14930823438563,4.548138,0.088097,4.275257,30720
live,540,14930828890425,14930829024365,14930829098478,14930851166132,22.275707,0.074113,22.067654,30720
live,541,14930838890425,14930839164564,14930851345846,14930854638050,15.747625,12.181282,3.292204,30720
live,542,14930848890425,14930849035704,14930854781892,14930857894189,9.003764,5.746188,3.112297,30720
live,543,14930858890425,14930859030685,14930859113566,14930862611820,3.721395,0.082881,3.498254,30720
live,544,14930868890425,14930869127267,14930869204900,14930873040023,4.149598,0.077633,3.835123,30720
live,545,14930878890425,14930879026695,14930879105576,14930882598710,3.708285,0.078881,3.493134,30720
live,546,14930888890425,14930889026476,14930889104205,14930892704349,3.813924,0.077729,3.600144,30720
live,547,14930898890425,14930899023889,14930899105138,14930902926501,4.036076,0.081249,3.821363,30720
live,548,14930908890425,14930909040470,14930909131031,14930913406960,4.516535,0.090561,4.275929,30720
live,549,14930918890425,14930919031291,14930919108604,14930923074769,4.184344,0.077313,3.966165,30720
live,550,14930928890425,14930929028704,14930929112161,14930933220408,4.329983,0.083457,4.108247,30720
live,551,14930938890425,14930939021445,14930939094630,14930943240893,4.350468,0.073185,4.146263,30720
live,552,14930948890425,14930949022442,14930949102315,14930953303619,4.413194,0.079873,4.201304,30720
live,553,14930958890425,14930959026447,14930959102192,14930963438090,4.547665,0.075745,4.335898,30720
live,554,14930968890425,14930969029684,14930969104405,14930973825588,4.935163,0.074721,4.721183,30720
live,555,14930978890425,14930979019577,14930979101850,14930983473236,4.582811,0.082273,4.371386,30720
live,556,14930988890425,14930989024190,14930989106079,14930993437017,4.546592,0.081889,4.330938,30720
live,557,14930998890425,14930999025347,14930999101508,14931003397949,4.507524,0.076161,4.296441,30720
live,558,14931008890425,14931009072489,14931009159274,14931014766037,5.875612,0.086785,5.606763,30720
live,559,14931018890425,14931019068718,14931019160303,14931024229810,5.339385,0.091585,5.069507,30720
live,560,14931028890425,14931029023442,14931029105171,14931050870037,21.979612,0.081729,21.764866,30720
live,561,14931038890425,14931039069272,14931051038839,14931054071103,15.180678,11.969567,3.032264,30720
live,562,14931048890425,14931049021404,14931054204161,14931057311659,8.421234,5.182757,3.107498,30720
live,563,14931058890425,14931059020353,14931059094370,14931062596657,3.706232,0.074017,3.502287,30720
live,564,14931068890425,14931069021958,14931069093223,14931072592118,3.701693,0.071265,3.498895,30720
live,565,14931078890425,14931079019179,14931079110445,14931082649468,3.759043,0.091266,3.539023,30720
live,566,14931088890425,14931089021328,14931089088913,14931092606048,3.715623,0.067585,3.517135,30720
live,567,14931098890425,14931099018773,14931099087702,14931103002186,4.111761,0.068929,3.914484,30720
live,568,14931108890425,14931109019290,14931109088219,14931113314996,4.424571,0.068929,4.226777,30720
live,569,14931118890425,14931119022624,14931119097537,14931123590908,4.700483,0.074913,4.493371,30720
live,570,14931128890425,14931129077605,14931129179911,14931133716579,4.826154,0.102306,4.536668,30720
live,571,14931138890425,14931139131435,14931139278189,14931142375190,3.484765,0.146754,3.097001,30720
live,572,14931148890425,14931149054287,14931149143376,14931151999382,3.108957,0.089089,2.856006,30720
live,573,14931158890425,14931159010324,14931159068788,14931162610819,3.720394,0.058464,3.542031,30720
live,574,14931168890425,14931169020281,14931169104858,14931173270609,4.380184,0.084577,4.165751,30720
live,575,14931178890425,14931179049342,14931179152416,14931183564506,4.674081,0.103074,4.41209,30720
live,576,14931188890425,14931189023395,14931189111140,14931193457022,4.566597,0.087745,4.345882,30720
live,577,14931198890425,14931199065768,14931199158666,14931204063883,5.173458,0.092898,4.905217,30720
live,578,14931208890425,14931209066413,14931209158191,14931213720811,4.830386,0.091778,4.56262,30720
live,579,14931218890425,14931219068979,14931219158836,14931224030773,5.140348,0.089857,4.871937,30720
live,580,14931228890425,14931229339195,14931229435932,14931251894503,23.004078,0.096737,22.458571,30720
live,581,14931238890425,14931239080701,14931252082346,14931255359381,16.468956,13.001645,3.277035,30720
live,582,14931248890425,14931249017761,14931255493751,14931258655393,9.764968,6.47599,3.161642,30720
live,583,14931258890425,14931259022278,14931259096935,14931262130575,3.24015,0.074657,3.03364,30720
live,584,14931268890425,14931269022027,14931269094636,14931272125716,3.235291,0.072609,3.03108,30720
live,585,14931278890425,14931279022320,14931279122801,14931282765890,3.875465,0.100481,3.643089,30720
live,586,14931288890425,14931289023765,14931289101974,14931292289537,3.399112,0.078209,3.187563,30720
live,587,14931298890425,14931299024186,14931299097787,14931302934414,4.043989,0.073601,3.836627,30720
live,588,14931308890425,14931309020031,14931309095552,14931312505966,3.615541,0.075521,3.410414,30720
live,589,14931318890425,14931319027428,14931319097573,14931322703925,3.8135,0.070145,3.606352,30720
live,590,14931328890425,14931329026953,14931329104714,14931333156096,4.265671,0.077761,4.051382,30720
live,591,14931338890425,14931339025518,14931339100271,14931343290855,4.40043,0.074753,4.190584,30720
live,592,14931348890425,14931349021363,14931349100340,14931353272204,4.381779,0.078977,4.171864,30720
live,593,14931358890425,14931359042553,14931359137274,14931363432595,4.54217,0.094721,4.295321,30720
live,594,14931368890425,14931369067166,14931369167007,14931374179458,5.289033,0.099841,5.012451,30720
live,595,14931378890425,14931379117252,14931379240069,14931383805730,4.915305,0.122817,4.565661,30720
live,596,14931388890425,14931389056296,14931389159049,14931394005418,5.114993,0.102753,4.846369,30720
live,597,14931398890425,14931399087405,14931399200815,14931403513960,4.623535,0.11341,4.313145,30720
live,598,14931408890425,14931409032306,14931409148755,14931413548174,4.657749,0.116449,4.399419,30720
live,599,14931418890425,14931419066423,14931419172889,14931423639252,4.748827,0.106466,4.466363,30720
live,600,14931428890425,14931429032892,14931429120957,14931452026638,23.136213,0.088065,22.905681,30720
live,601,14931438890425,14931439099394,14931452200816,14931455482620,16.592195,13.101422,3.281804,30720
live,602,14931448890425,14931449063206,14931455618846,14931458776296,9.885871,6.55564,3.15745,30720
live,603,14931458890425,14931459029387,14931459111788,14931462575994,3.685569,0.082401,3.464206,30720
live,604,14931468890425,14931469030480,14931469108369,14931472618496,3.728071,0.077889,3.510127,30720
live,605,14931478890425,14931479023733,14931479100406,14931482637765,3.74734,0.076673,3.537359,30720
live,606,14931488890425,14931489050650,14931489149948,14931492689707,3.799282,0.099298,3.539759,30720
live,607,14931498890425,14931499041823,14931499125376,14931502782257,3.891832,0.083553,3.656881,30720
live,608,14931508890425,14931509034276,14931509115781,14931513264764,4.374339,0.081505,4.148983,30720
live,609,14931518890425,14931519085706,14931519167115,14931523248769,4.358344,0.081409,4.081654,30720
live,610,14931528890425,14931529049902,14931529130095,14931533165125,4.2747,0.080193,4.03503,30720
live,611,14931538890425,14931539050643,14931539144757,14931543200235,4.30981,0.094114,4.055478,30720
live,612,14931548890425,14931549040632,14931549130362,14931553241968,4.351543,0.08973,4.111606,30720
live,613,14931558890425,14931559031997,14931559107870,14931563307734,4.417309,0.075873,4.199864,30720
live,614,14931568890425,14931569066723,14931569180996,14931573689184,4.798759,0.114273,4.508188,30720
live,615,14931578890425,14931579037287,14931579131529,14931584522608,5.632183,0.094242,5.391079,30720
live,616,14931588890425,14931589085197,14931589193519,14931593916109,5.025684,0.108322,4.72259,30720
live,617,14931598890425,14931599034993,14931599120211,14931603545453,4.655028,0.085218,4.425242,30720
live,618,14931608890425,14931609033462,14931609113048,14931613468241,4.577816,0.079586,4.355193,30720
live,619,14931618890425,14931619028507,14931619112637,14931624152128,5.261703,0.08413,5.039491,30720
live,620,14931628890425,14931629027584,14931629104930,14931651907857,23.017432,0.077346,22.802927,30720
live,621,14931638890425,14931639101287,14931652098707,14931655361055,16.47063,12.99742,3.262348,30720
live,622,14931648890425,14931649025355,14931655492705,14931658593706,9.703281,6.46735,3.101001,30720
live,623,14931658890425,14931659329812,14931659440949,14931663032165,4.14174,0.111137,3.591216,30720
live,624,14931668890425,14931669057269,14931669144086,14931672635365,3.74494,0.086817,3.491279,30720
live,625,14931678890425,14931679032602,14931679111515,14931682658570,3.768145,0.078913,3.547055,30720
live,626,14931688890425,14931689027679,14931689104736,14931692657519,3.767094,0.077057,3.552783,30720
live,627,14931698890425,14931699026308,14931699120261,14931702813878,3.923453,0.093953,3.693617,30720
live,628,14931708890425,14931709029129,14931709098954,14931712753882,3.863457,0.069825,3.654928,30720
live,629,14931718890425,14931719017454,14931719085679,14931722858209,3.967784,0.068225,3.77253,30720
live,630,14931728890425,14931729020371,14931729098580,14931732923047,4.032622,0.078209,3.824467,30720
live,631,14931738890425,14931739055192,14931739121689,14931743018093,4.127668,0.066497,3.896404,30720
live,632,14931748890425,14931749020445,14931749111326,14931753661147,4.770722,0.090881,4.549821,30720
live,633,14931758890425,14931759026114,14931759092963,14931763297531,4.407106,0.066849,4.204568,30720
live,634,14931768890425,14931769019591,14931769100040,14931773206559,4.316134,0.080449,4.106519,30720
live,635,14931778890425,14931779021900,14931779091053,14931783241604,4.351179,0.069153,4.150551,30720
live,636,14931788890425,14931789017585,14931789088434,14931793721872,4.831447,0.070849,4.633438,30720
live,637,14931798890425,14931799021302,14931799113079,14931804146362,5.255937,0.091777,5.033283,30720
live,638,14931808890425,14931809105372,14931809210846,14931813786522,4.896097,0.105474,4.575676,30720
live,639,14931818890425,14931819033792,14931819140066,14931823403098,4.512673,0.106274,4.263032,30720
live,640,14931828890425,14931829078950,14931829209832,14931848461704,19.571279,0.130882,19.251872,30720
live,641,14931838890425,14931839027850,14931848616522,14931851726963,12.836538,9.588672,3.110441,30720
live,642,14931848890425,14931849099792,14931851848021,14931854569369,5.678944,2.748229,2.721348,30720
live,643,14931858890425,14931859019284,14931859090709,14931861716408,2.825983,0.071425,2.625699,30720
live,644,14931868890425,14931869025977,14931869096506,14931871722525,2.8321,0.070529,2.626019,30720
live,645,14931878890425,14931879071007,14931879164512,14931881892645,3.00222,0.093505,2.728133,30720
live,646,14931888890425,14931889046244,14931889126821,14931892639891,3.749466,0.080577,3.51307,30720
live,647,14931898890425,14931899031305,14931899114826,14931902376085,3.48566,0.083521,3.261259,30720
live,648,14931908890425,14931909029454,14931909093134,14931912419483,3.529058,0.06368,3.326349,30720
live,649,14931918890425,14931919019122,14931919095891,14931922548417,3.657992,0.076769,3.452526,30720
live,650,14931928890425,14931929026744,14931929096504,14931933323377,4.432952,0.06976,4.226873,30720
live,651,14931938890425,14931939064093,14931939141406,14931943607290,4.716865,0.077313,4.465884,30720
live,652,14931948890425,14931949054530,14931949135811,14931953358427,4.468002,0.081281,4.222616,30720
live,653,14931958890425,14931959066919,14931959140520,14931963366688,4.476263,0.073601,4.226168,30720
live,654,14931968890425,14931969072236,14931969146509,14931973397478,4.507053,0.074273,4.250969,30720
live,655,14931978890425,14931979072497,14931979154610,14931983553645,4.66322,0.082113,4.399035,30720
live,656,14931988890425,14931989065078,14931989146423,14931993589362,4.698937,0.081345,4.442939,30720
live,657,14931998890425,14931999080251,14931999161885,14932003522551,4.632126,0.081634,4.360666,30720
live,658,14932008890425,14932009062048,14932009154465,14932013484795,4.59437,0.092417,4.33033,30720
live,659,14932018890425,14932019070117,14932019154311,14932023638050,4.747625,0.084194,4.483739,30720
live,660,14932028890425,14932029080875,14932029169260,14932053718034,24.827609,0.088385,24.548774,30720
live,661,14932038890425,14932039076048,14932053894965,14932057211905,18.32148,14.818917,3.31694,30720
live,662,14932048890425,14932049051060,14932057344835,14932060646318,11.755893,8.293775,3.301483,30720
live,663,14932058890425,14932059020185,14932060772784,14932063896858,5.006433,1.752599,3.124074,30720
live,664,14932068890425,14932069018174,14932069091455,14932072853137,3.962712,0.073281,3.761682,30720
live,665,14932078890425,14932079025059,14932079097348,14932082875286,3.984861,0.072289,3.777938,30720
live,666,14932088890425,14932089023368,14932089100681,14932092750489,3.860064,0.077313,3.649808,30720
live,667,14932098890425,14932099022861,14932099094382,14932103125956,4.235531,0.071521,4.031574,30720
live,668,14932108890425,14932109020530,14932109096339,14932113113512,4.223087,0.075809,4.017173,30720
live,669,14932118890425,14932119027447,14932119099800,14932123390481,4.500056,0.072353,4.290681,30720
live,670,14932128890425,14932129023324,14932129103741,14932133462423,4.571998,0.080417,4.358682,30720
live,671,14932138890425,14932139072962,14932139184643,14932144177702,5.287277,0.111681,4.993059,30720
live,672,14932148890425,14932149054950,14932149139720,14932153485697,4.595272,0.08477,4.345977,30720
live,673,14932158890425,14932159023531,14932159109452,14932164200080,5.309655,0.085921,5.090628,30720
live,674,14932168890425,14932169059953,14932169146226,14932174427224,5.536799,0.086273,5.280998,30720
live,675,14932178890425,14932179027061,14932179107030,14932184103033,5.212608,0.079969,4.996003,30720
live,676,14932188890425,14932189026778,14932189100155,14932193976284,5.085859,0.073377,4.876129,30720
live,677,14932198890425,14932199320931,14932199407460,14932205346835,6.45641,0.086529,5.939375,30720
live,678,14932208890425,14932209068677,14932209159782,14932214047207,5.156782,0.091105,4.887425,30720
live,679,14932218890425,14932219028585,14932219100138,14932223573254,4.682829,0.071553,4.473116,30720
live,680,14932228890425,14932229062703,14932229144272,14932250068166,21.177741,0.081569,20.923894,30720
live,681,14932238890425,14932239076148,14932250243753,14932253930714,15.040289,11.167605,3.686961,30720
live,682,14932248890425,14932249189178,14932254061403,14932257078275,8.18785,4.872225,3.016872,30720
live,683,14932258890425,14932259025181,14932259100862,14932261741345,2.85092,0.075681,2.640483,30720
live,684,14932268890425,14932269037731,14932269116356,14932272521585,3.63116,0.078625,3.405229,30720
live,685,14932278890425,14932279097864,14932279180265,14932282730009,3.839584,0.082401,3.549744,30720
live,686,14932288890425,14932289050925,14932289126862,14932292448442,3.558017,0.075937,3.32158,30720
live,687,14932298890425,14932299031185,14932299127283,14932303054887,4.164462,0.096098,3.927604,30720
live,688,14932308890425,14932309028278,14932309106520,14932313019116,4.128691,0.078242,3.912596,30720
live,689,14932318890425,14932319025147,14932319107037,14932323141586,4.251161,0.08189,4.034549,30720
live,690,14932328890425,14932329027105,14932329105762,14932333231864,4.341439,0.078657,4.126102,30720
live,691,14932338890425,14932339033350,14932339110599,14932343289790,4.399365,0.077249,4.179191,30720
live,692,14932348890425,14932349028491,14932349105964,14932353686537,4.796112,0.077473,4.580573,30720
live,693,14932358890425,14932359027248,14932359100913,14932363355049,4.464624,0.073665,4.254136,30720
live,694,14932368890425,14932369024245,14932369129302,14932373324302,4.433877,0.105057,4.195,30720
live,695,14932378890425,14932379026106,14932379104411,14932383388628,4.498203,0.078305,4.284217,30720
live,696,14932388890425,14932389060447,14932389174977,14932393911872,5.021447,0.11453,4.736895,30720
live,697,14932398890425,14932399027908,14932399113285,14932403131258,4.240833,0.085377,4.017973,30720
live,698,14932408890425,14932409075497,14932409153834,14932413642182,4.751757,0.078337,4.488348,30720
live,699,14932418890425,14932419052334,14932419143695,14932422671102,3.780677,0.091361,3.527407,30720
live,700,14932428890425,14932429026931,14932429097652,14932450415695,21.52527,0.070721,21.318043,30720
live,701,14932438890425,14932439073592,14932450565009,14932453336214,14.445789,11.491417,2.771205,30720
live,702,14932448890425,14932449017373,14932453455128,14932456640578,7.750153,4.437755,3.18545,30720
live,703,14932458890425,14932459022242,14932459093347,14932461758854,2.868429,0.071105,2.665507,30720
live,704,14932468890425,14932469021831,14932469081992,14932471748395,2.85797,0.060161,2.666403,30720
live,705,14932478890425,14932479020620,14932479095117,14932481909074,3.018649,0.074497,2.813957,30720
live,706,14932488890425,14932489029649,14932489089266,14932492037433,3.147008,0.059617,2.948167,30720
live,707,14932498890425,14932499034550,14932499104055,14932502249121,3.358696,0.069505,3.145066,30720
live,708,14932508890425,14932509028187,14932509091196,14932512425448,3.535023,0.063009,3.334252,30720
live,709,14932518890425,14932519018304,14932519086465,14932522470734,3.580309,0.068161,3.384269,30720
live,710,14932528890425,14932529070886,14932529146023,14932533187100,4.296675,0.075137,4.041077,30720
live,711,14932538890425,14932539068555,14932539153292,14932543832138,4.941713,0.084737,4.678846,30720
live,712,14932548890425,14932549069584,14932549145713,14932553279240,4.388815,0.076129,4.133527,30720
live,713,14932558890425,14932559067317,14932559147702,14932563414606,4.524181,0.080385,4.266904,30720
live,714,14932568890425,14932569058681,14932569135386,14932573410899,4.520474,0.076705,4.275513,30720
live,715,14932578890425,14932579051774,14932579130719,14932583567290,4.676865,0.078945,4.436571,30720
live,716,14932588890425,14932589081892,14932589154757,14932593349213,4.458788,0.072865,4.194456,30720
live,717,14932598890425,14932599074057,14932599165098,14932603954378,5.063953,0.091041,4.78928,30720
live,718,14932608890425,14932609309553,14932609410578,14932614369812,5.479387,0.101025,4.959234,30720
live,719,14932618890425,14932619076403,14932619167796,14932625144900,6.254475,0.091393,5.977104,30720
live,720,14932628890425,14932629076504,14932629177081,14932653639135,24.74871,0.100577,24.462054,30720
live,721,14932638890425,14932639076285,14932653816289,14932658203899,19.313474,14.740004,4.38761,30720
live,722,14932648890425,14932649053378,14932658346525,14932662878329,13.987904,9.293147,4.531804,30720
live,723,14932658890425,14932659020230,14932663015515,14932667010320,8.119895,3.995285,3.994805,30720
live,724,14932668890425,14932669019755,14932669095788,14932672751549,3.861124,0.076033,3.655761,30720
live,725,14932678890425,14932679023280,14932679097745,14932682631008,3.740583,0.074465,3.533263,30720
live,726,14932688890425,14932689024309,14932689100822,14932692541604,3.651179,0.076513,3.440782,30720
live,727,14932698890425,14932699023514,14932699102395,14932702245477,3.355052,0.078881,3.143082,30720
live,728,14932708890425,14932709076064,14932709182945,14932713289560,4.399135,0.106881,4.106615,30720
live,729,14932718890425,14932719050341,14932719144742,14932722977945,4.08752,0.094401,3.833203,30720
live,730,14932728890425,14932729039146,14932729126251,14932733097376,4.206951,0.087105,3.971125,30720
live,731,14932738890425,14932739029998,14932739098479,14932743157445,4.26702,0.068481,4.058966,30720
live,732,14932748890425,14932749025427,14932749105844,14932753245292,4.354867,0.080417,4.139448,30720
live,733,14932758890425,14932759029433,14932759101785,14932763530580,4.640155,0.072352,4.428795,30720
live,734,14932768890425,14932769019165,14932769092606,14932773327863,4.437438,0.073441,4.235257,30720
live,735,14932778890425,14932779020578,14932779091587,14932783445053,4.554628,0.071009,4.353466,30720
live,736,14932788890425,14932789019655,14932789100201,14932793428578,4.538153,0.080546,4.328377,30720
live,737,14932798890425,14932799024173,14932799131886,14932803404615,4.51419,0.107713,4.272729,30720
live,738,14932808890425,14932809066578,14932809152019,14932813678319,4.787894,0.085441,4.5263,30720
live,739,14932818890425,14932819053847,14932819139544,14932823085581,4.195156,0.085697,3.946037,30720
live,740,14932828890425,14932829024444,14932829100861,14932850877182,21.986757,0.076417,21.776321,30720
live,741,14932838890425,14932839069953,14932851055425,14932854295180,15.404755,11.985472,3.239755,30720
live,742,14932848890425,14932849026470,14932854433262,14932857510775,8.62035,5.406792,3.077513,30720
live,743,14932858890425,14932859021227,14932859098092,14932862585242,3.694817,0.076865,3.48715,30720
live,744,14932868890425,14932869019120,14932869091953,14932872578943,3.688518,0.072833,3.48699,30720
live,745,14932878890425,14932879023477,14932879120854,14932882662885,3.77246,0.097377,3.542031,30720
live,746,14932888890425,14932889025434,14932889104411,14932892392135,3.50171,0.078977,3.287724,30720
live,747,14932898890425,14932899023775,14932899304034,14932902277354,3.386929,0.280259,2.97332,30720
live,748,14932908890425,14932909017764,14932909326152,14932912384720,3.494295,0.308388,3.058568,30720
live,749,14932918890425,14932919015657,14932919306253,14932922584792,3.694367,0.290596,3.278539,30720
live,750,14932928890425,14932929020142,14932929320594,14932932814784,3.924359,0.300452,3.49419,30720
live,751,14932938890425,14932939019507,14932939093140,14932942571554,3.681129,0.073633,3.478414,30720
live,752,14932948890425,14932949085145,14932949181498,14932953305809,4.415384,0.096353,4.124311,30720
live,753,14932958890425,14932959081534,14932959173279,14932963559417,4.668992,0.091745,4.386138,30720
live,754,14932968890425,14932969056098,14932969135107,14932973410908,4.520483,0.079009,4.275801,30720
live,755,14932978890425,14932979058407,14932979140968,14932983614980,4.724555,0.082561,4.474012,30720
live,756,14932988890425,14932989076685,14932989150606,14932993397062,4.506637,0.073921,4.246456,30720
live,757,14932998890425,14932999070322,14932999150419,14933003686927,4.796502,0.080097,4.536508,30720
live,758,14933008890425,14933009055414,14933009131095,14933013651059,4.760634,0.075681,4.519964,30720
live,759,14933018890425,14933019142397,14933019283390,14933024291361,5.400936,0.140993,5.007971,30720
live,760,14933028890425,14933029088321,14933029163778,14933052388983,23.498558,0.075457,23.225205,30720
live,761,14933038890425,14933039163847,14933052561273,14933055662914,16.772489,13.397426,3.101641,30720
live,762,14933048890425,14933049083435,14933055789220,14933058663498,9.773073,6.705785,2.874278,30720
live,763,14933058890425,14933059026895,14933059100400,14933061879317,2.988892,0.073505,2.778917,30720
live,764,14933068890425,14933069027092,14933069096533,14933072398113,3.507688,0.069441,3.30158,30720
live,765,14933078890425,14933079022297,14933079094330,14933082010913,3.120488,0.072033,2.916583,30720
live,766,14933088890425,14933089029118,14933089101119,14933092147752,3.257327,0.072001,3.046633,30720
live,767,14933098890425,14933099026371,14933099090948,14933102336847,3.446422,0.064577,3.245899,30720
live,768,14933108890425,14933109022312,14933109102857,14933112652792,3.762367,0.080545,3.549935,30720
live,769,14933118890425,14933119081582,14933119161039,14933123963663,5.073238,0.079457,4.802624,30720
live,770,14933128890425,14933129119219,14933129229141,14933134212727,5.322302,0.109922,4.983586,30720
live,771,14933138890425,14933139095928,14933139186041,14933143795127,4.904702,0.090113,4.609086,30720
live,772,14933148890425,14933149064157,14933149154302,14933154974155,6.08373,0.090145,5.819853,30720
live,773,14933158890425,14933159084322,14933159180323,14933164739661,5.849236,0.096001,5.559338,30720
live,774,14933168890425,14933169070919,14933169171432,14933174761714,5.871289,0.100513,5.590282,30720
live,775,14933178890425,14933179095724,14933179195725,14933184569813,5.679388,0.100001,5.374088,30720
live,776,14933188890425,14933189082033,14933189180242,14933193944626,5.054201,0.098209,4.764384,30720
live,777,14933198890425,14933199031573,14933199119190,14933203517745,4.62732,0.087617,4.398555,30720
live,778,14933208890425,14933209065019,14933209163836,14933214901704,6.011279,0.098817,5.737868,30720
live,779,14933218890425,14933219068032,14933219158369,14933224536488,5.646063,0.090337,5.378119,30720
live,780,14933228890425,14933229025892,14933229105445,14933250752581,21.862156,0.079553,21.647136,30720
live,781,14933238890425,14933239072042,14933250926919,14933254111154,15.220729,11.854877,3.184235,30720
live,782,14933248890425,14933249312882,14933254245876,14933257336061,8.445636,4.932994,3.090185,30720
live,783,14933258890425,14933259023635,14933259100724,14933262579810,3.689385,0.077089,3.479086,30720
live,784,14933268890425,14933269025624,14933269102841,14933272567143,3.676718,0.077217,3.464302,30720
live,785,14933278890425,14933279024509,14933279118558,14933282682318,3.791893,0.094049,3.56376,30720
live,786,14933288890425,14933289030146,14933289100227,14933292587602,3.697177,0.070081,3.487375,30720
live,787,14933298890425,14933299022055,14933299096712,14933302794425,3.904,0.074657,3.697713,30720
live,788,14933308890425,14933309026892,14933309093005,14933313207652,4.317227,0.066113,4.114647,30720
live,789,14933318890425,14933319023057,14933319089874,14933323339371,4.448946,0.066817,4.249497,30720
live,790,14933328890425,14933329019958,14933329097047,14933333410385,4.51996,0.077089,4.313338,30720
live,791,14933338890425,14933339025179,14933339096508,14933343414454,4.524029,0.071329,4.317946,30720
live,792,14933348890425,14933349020544,14933349091009,14933353167735,4.27731,0.070465,4.076726,30720
live,793,14933358890425,14933359020901,14933359092550,14933363328990,4.438565,0.071649,4.23644,30720
live,794,14933368890425,14933369023466,14933369092747,14933373343780,4.453355,0.069281,4.251033,30720
live,795,14933378890425,14933379018063,14933379100144,14933383398057,4.507632,0.082081,4.297913,30720
live,796,14933388890425,14933389023348,14933389122102,14933393720723,4.830298,0.098754,4.598621,30720
live,797,14933398890425,14933399050010,14933399144827,14933404431969,5.541544,0.094817,5.287142,30720
live,798,14933408890425,14933409063999,14933409156288,14933413629948,4.739523,0.092289,4.47366,30720
live,799,14933418890425,14933419031043,14933419105988,14933423699233,4.808808,0.074945,4.593245,30720
live,800,14933428890425,14933429336844,14933429427790,14933450208578,21.318153,0.090946,20.780788,30720
live,801,14933438890425,14933439076590,14933450378756,14933453201802,14.311377,11.302166,2.823046,30720
live,802,14933448890425,14933449020370,14933453317867,14933455890638,7.000213,4.297497,2.572771,30720
live,803,14933458890425,14933459017815,14933459091192,14933461631386,2.740961,0.073377,2.540194,30720
live,804,14933468890425,14933469023036,14933469090397,14933471654687,2.764262,0.067361,2.56429,30720
live,805,14933478890425,14933479029249,14933479086786,14933482282189,3.391764,0.057537,3.195403,30720
live,806,14933488890425,14933489025382,14933489086439,14933491883052,2.992627,0.061057,2.796613,30720
live,807,14933498890425,14933499024267,14933499099468,14933502081460,3.191035,0.075201,2.981992,30720
live,808,14933508890425,14933509031152,14933509093297,14933512378557,3.488132,0.062145,3.28526,30720
live,809,14933518890425,14933519027957,14933519101270,14933522532068,3.641643,0.073313,3.430798,30720
live,810,14933528890425,14933529023898,14933529093531,14933533426197,4.535772,0.069633,4.332666,30720
live,811,14933538890425,14933539070880,14933539145729,14933543250520,4.360095,0.074849,4.104791,30720
live,812,14933548890425,14933549057157,14933549138790,14933553252157,4.361732,0.081633,4.113367,30720
live,813,14933558890425,14933559065098,14933559152651,14933563370691,4.480266,0.087553,4.21804,30720
live,814,14933568890425,14933569069295,14933569145840,14933573445609,4.555184,0.076545,4.299769,30720
live,815,14933578890425,14933579054932,14933579126709,14933584258425,5.368,0.071777,5.131716,30720
live,816,14933588890425,14933589068633,14933589153274,14933593750295,4.85987,0.084641,4.597021,30720
live,817,14933598890425,14933599066558,14933599143327,14933603611322,4.720897,0.076769,4.467995,30720
live,818,14933608890425,14933609066691,14933609158308,14933613634784,4.744359,0.091617,4.476476,30720
live,819,14933618890425,14933619079400,14933619153641,14933623593316,4.702891,0.074241,4.439675,30720
live,820,14933628890425,14933629081133,14933629173422,14933653286543,24.396118,0.092289,24.113121,30720
live,821,14933638890425,14933639084306,14933653455505,14933656664284,17.773859,14.371199,3.208779,30720
live,822,14933648890425,14933649161656,14933656795070,14933659834406,10.943981,7.633414,3.039336,30720
live,823,14933658890425,14933659047324,14933659957128,14933663230163,4.339738,0.909804,3.273035,30720
live,824,14933668890425,14933669020096,14933669316260,14933673034646,4.144221,0.296164,3.718386,30720
live,825,14933678890425,14933679023045,14933679091366,14933682839704,3.949279,0.068321,3.748338,30720
live,826,14933688890425,14933689023243,14933689101036,14933692941471,4.051046,0.077793,3.840435,30720
live,827,14933698890425,14933699026288,14933699098897,14933703009125,4.1187,0.072609,3.910228,30720
live,828,14933708890425,14933709028981,14933709107350,14933713060970,4.170545,0.078369,3.95362,30720
live,829,14933718890425,14933719028794,14933719100699,14933723173329,4.282904,0.071905,4.07263,30720
live,830,14933728890425,14933729025375,14933729102304,14933733207894,4.317469,0.076929,4.10559,30720
live,831,14933738890425,14933739027652,14933739095429,14933743855652,4.965227,0.067777,4.760223,30720
live,832,14933748890425,14933749020713,14933749104170,14933753397187,4.506762,0.083457,4.293017,30720
live,833,14933758890425,14933759076238,14933759156943,14933763618251,4.727826,0.080705,4.461308,30720
live,834,14933768890425,14933769056979,14933769144596,14933773561999,4.671574,0.087617,4.417403,30720
live,835,14933778890425,14933779024216,14933779096025,14933783687222,4.796797,0.071809,4.591197,30720
live,836,14933788890425,14933789342497,14933789455234,14933794072256,5.181831,0.112737,4.617022,30720
live,837,14933798890425,14933799166532,14933799292837,14933803682048,4.791623,0.126305,4.389211,30720
live,838,14933808890425,14933809147080,14933809260330,14933814163595,5.27317,0.11325,4.903265,30720
live,839,14933818890425,14933819078124,14933819185198,14933823849452,4.959027,0.107074,4.664254,30720
live,840,14933828890425,14933829033233,14933829120242,14933853154930,24.264505,0.087009,24.034688,30720
live,841,14933838890425,14933839071190,14933853354100,14933856825122,17.934697,14.28291,3.471022,30720
live,842,14933848890425,14933849062587,14933856960292,14933859636584,10.746159,7.897705,2.676292,30720
live,843,14933858890425,14933859078880,14933859751369,14933862300651,3.410226,0.672489,2.549282,30720
live,844,14933868890425,14933869067589,14933869168423,14933871934635,3.04421,0.100834,2.766212,30720
live,845,14933878890425,14933879081770,14933879182444,14933881833679,2.943254,0.100674,2.651235,30720
live,846,14933888890425,14933889046223,14933889128976,14933892127768,3.237343,0.082753,2.998792,30720
live,847,14933898890425,14933899032980,14933899102229,14933902062588,3.172163,0.069249,2.960359,30720
live,848,14933908890425,14933909029241,14933909107578,14933912512999,3.622574,0.078337,3.405421,30720
live,849,14933918890425,14933919034206,14933919117695,14933922555725,3.6653,0.083489,3.43803,30720
live,850,14933928890425,14933929029891,14933929098116,14933932624723,3.734298,0.068225,3.526607,30720
live,851,14933938890425,14933939059432,14933939131209,14933943231968,4.341543,0.071777,4.100759,30720
live,852,14933948890425,14933949046989,14933949133326,14933954020623,5.130198,0.086337,4.887297,30720
live,853,14933958890425,14933959117043,14933959227828,14933963845938,4.955513,0.110785,4.61811,30720
live,854,14933968890425,14933969096952,14933969191833,14933973681845,4.79142,0.094881,4.490012,30720
live,855,14933978890425,14933979103453,14933979193278,14933983633625,4.7432,0.089825,4.440347,30720
live,856,14933988890425,14933989066049,14933989144034,14933993603518,4.713093,0.077985,4.459484,30720
live,857,14933998890425,14933999066854,14933999156936,14934003649827,4.759402,0.090082,4.492891,30720
live,858,14934008890425,14934009060459,14934009150252,14934013472006,4.581581,0.089793,4.321754,30720
live,859,14934018890425,14934019079376,14934019174770,14934023688622,4.798197,0.095394,4.513852,30720
live,860,14934028890425,14934029059925,14934029145110,14934053092149,24.201724,0.085185,23.947039,30720
live,861,14934038890425,14934039083771,14934053244087,14934056760166,17.869741,14.160316,3.516079,30720
live,862,14934048890425,14934049051231,14934056881863,14934059799086,10.908661,7.830632,2.917223,30720
live,863,14934058890425,14934059101349,14934059921776,14934062673524,3.783099,0.820427,2.751748,30720
live,864,14934068890425,14934069039561,14934069113706,14934071839566,2.949141,0.074145,2.72586,30720
live,865,14934078890425,14934079319218,14934079650966,14934083443560,4.553135,0.331748,3.792594,30720
live,866,14934088890425,14934089080371,14934089195061,14934093356204,4.465779,0.11469,4.161143,30720
live,867,14934098890425,14934099071448,14934099177402,14934103251536,4.361111,0.105954,4.074134,30720
live,868,14934108890425,14934109045757,14934109137918,14934113261813,4.371388,0.092161,4.123895,30720
live,869,14934118890425,14934119028866,14934119136707,14934123355835,4.46541,0.107841,4.219128,30720
live,870,14934128890425,14934129031527,14934129105128,14934133376577,4.486152,0.073601,4.271449,30720
live,871,14934138890425,14934139022316,14934139095213,14934143341093,4.450668,0.072897,4.24588,30720
live,872,14934148890425,14934149276820,14934149450518,14934153761168,4.870743,0.173698,4.31065,30720
live,873,14934158890425,14934159055574,14934159146647,14934163445424,4.554999,0.091073,4.298777,30720
live,874,14934168890425,14934169108732,14934169200701,14934173359988,4.469563,0.091969,4.159287,30720
live,875,14934178890425,14934179026336,14934179111009,14934183494427,4.604002,0.084673,4.383418,30720
live,876,14934188890425,14934189070725,14934189175783,14934193843173,4.952748,0.105058,4.66739,30720
live,877,14934198890425,14934199102859,14934199194124,14934204139470,5.249045,0.091265,4.945346,30720
live,878,14934208890425,14934209035087,14934209150576,14934213722125,4.8317,0.115489,4.571549,30720
live,879,14934218890425,14934219074772,14934219160789,14934223806067,4.915642,0.086017,4.645278,30720
live,880,14934228890425,14934229071641,14934229166107,14934252265102,23.374677,0.094466,23.098995,30720
live,881,14934238890425,14934239028222,14934252609906,14934256275267,17.384842,13.581684,3.665361,30720
live,882,14934248890425,14934249048995,14934256412197,14934260236408,11.345983,7.363202,3.824211,30720
live,883,14934258890425,14934259117641,14934260371258,14934264407919,5.517494,1.253617,4.036661,30720
live,884,14934268890425,14934269019629,14934269097774,14934273072034,4.181609,0.078145,3.97426,30720
live,885,14934278890425,14934279024370,14934279118227,14934282577281,3.686856,0.093857,3.459054,30720
live,886,14934288890425,14934289027767,14934289126424,14934292664455,3.77403,0.098657,3.538031,30720
live,887,14934298890425,14934299069532,14934299167101,14934302860399,3.969974,0.097569,3.693298,30720
live,888,14934308890425,14934309073441,14934309176131,14934313105239,4.214814,0.10269,3.929108,30720
live,889,14934318890425,14934319043270,14934319133383,14934323007931,4.117506,0.090113,3.874548,30720
live,890,14934328890425,14934329049451,14934329142252,14934333116289,4.225864,0.092801,3.974037,30720
live,891,14934338890425,14934339043600,14934339129137,14934343217127,4.326702,0.085537,4.08799,30720
live,892,14934348890425,14934349033237,14934349115286,14934353163084,4.272659,0.082049,4.047798,30720
live,893,14934358890425,14934359050650,14934359147515,14934363396084,4.505659,0.096865,4.248569,30720
live,894,14934368890425,14934369037439,14934369128288,14934373989441,5.099016,0.090849,4.861153,30720
live,895,14934378890425,14934379085860,14934379176326,14934384278633,5.388208,0.090466,5.102307,30720
live,896,14934388890425,14934389082825,14934389171595,14934393329634,4.439209,0.08877,4.158039,30720
live,897,14934398890425,14934399027214,14934399131439,14934403403656,4.513231,0.104225,4.272217,30720
live,898,14934408890425,14934409081683,14934409197589,14934413407341,4.516916,0.115906,4.209752,30720
live,899,14934418890425,14934419030424,14934419113657,14934423377393,4.486968,0.083233,4.263736,30720
live,900,14934428890425,14934429035325,14934429116254,14934449687087,20.796662,0.080929,20.570833,30720
live,901,14934438890425,14934439080770,14934449858290,14934453126237,14.235812,10.77752,3.267947,30720
live,902,14934448890425,14934449023975,14934453261311,14934456800430,7.910005,4.237336,3.539119,30720
live,903,14934458890425,14934459050476,14934459141293,14934462167829,3.277404,0.090817,3.026536,30720
live,904,14934468890425,14934469035505,14934469115794,14934472587968,3.697543,0.080289,3.472174,30720
live,905,14934478890425,14934479027254,14934479107159,14934482665926,3.775501,0.079905,3.558767,30720
live,906,14934488890425,14934489028859,14934489098107,14934492867502,3.977077,0.069248,3.769395,30720
live,907,14934498890425,14934499026176,14934499105057,14934502866611,3.976186,0.078881,3.761554,30720
live,908,14934508890425,14934509046949,14934509140518,14934512804631,3.914206,0.093569,3.664113,30720
live,909,14934518890425,14934519031914,14934519117899,14934523108608,4.218183,0.085985,3.990709,30720
live,910,14934528890425,14934529034127,14934529132752,14934533238279,4.347854,0.098625,4.105527,30720
live,911,14934538890425,14934539031092,14934539110901,14934543590192,4.699767,0.079809,4.479291,30720
live,912,14934548890425,14934549048665,14934549141114,14934553324306,4.433881,0.092449,4.183192,30720
live,913,14934558890425,14934559104383,14934559205568,14934563598330,4.707905,0.101185,4.392762,30720
live,914,14934568890425,14934569060259,14934569149348,14934573425885,4.53546,0.089089,4.276537,30720
live,915,14934578890425,14934579031304,14934579118953,14934583609828,4.719403,0.087649,4.490875,30720
live,916,14934588890425,14934589036493,14934589140814,14934593540809,4.650384,0.104321,4.399995,30720
live,917,14934598890425,14934599030578,14934599108339,14934603505933,4.615508,0.077761,4.397594,30720
live,918,14934608890425,14934609672191,14934609796801,14934614604769,5.714344,0.12461,4.807968,30720
live,919,14934618890425,14934619056092,14934619152381,14934623496311,4.605886,0.096289,4.34393,30720
live,920,14934628890425,14934629039649,14934629132866,14934650787490,21.897065,0.093217,21.654624,30720
live,921,14934638890425,14934639075206,14934650950884,14934654009517,15.119092,11.875678,3.058633,30720
live,922,14934648890425,14934649023978,14934654142638,14934657162263,8.271838,5.11866,3.019625,30720
live,923,14934658890425,14934659019503,14934659095696,14934662487165,3.59674,0.076193,3.391469,30720
live,924,14934668890425,14934669025172,14934669100725,14934672561635,3.67121,0.075553,3.46091,30720
live,925,14934678890425,14934679025369,14934679115611,14934682606537,3.716112,0.090242,3.490926,30720
live,926,14934688890425,14934689023774,14934689098207,14934693260471,4.370046,0.074433,4.162264,30720
live,927,14934698890425,14934699025635,14934699105284,14934703466846,4.576421,0.079649,4.361562,30720
live,928,14934708890425,14934709029800,14934709100041,14934713668838,4.778413,0.070241,4.568797,30720
live,929,14934718890425,14934719019501,14934719088942,14934723468648,4.578223,0.069441,4.379706,30720
live,930,14934728890425,14934729020914,14934729089555,14934733241194,4.350769,0.068641,4.151639,30720
live,931,14934738890425,14934739024343,14934739090232,14934743155726,4.265301,0.065889,4.065494,30720
live,932,14934748890425,14934749065469,14934749171326,14934753189684,4.299259,0.105857,4.018358,30720
live,933,14934758890425,14934759068674,14934759175779,14934763646015,4.75559,0.107105,4.470236,30720
live,934,14934768890425,14934769079911,14934769191817,14934773475394,4.584969,0.111906,4.283577,30720
live,935,14934778890425,14934779043756,14934779138285,14934783447558,4.557133,0.094529,4.309273,30720
live,936,14934788890425,14934789060849,14934789157490,14934793896177,5.005752,0.096641,4.738687,30720
live,937,14934798890425,14934799033525,14934799120823,14934803496177,4.605752,0.087298,4.375354,30720
live,938,14934808890425,14934809028442,14934809114460,14934814308481,5.418056,0.086018,5.194021,30720
live,939,14934818890425,14934819065376,14934819155009,14934823418586,4.528161,0.089633,4.263577,30720
live,940,14934828890425,14934829027556,14934829109733,14934852434652,23.544227,0.082177,23.324919,30720
live,941,14934838890425,14934839022249,14934852610750,14934855866601,16.976176,13.588501,3.255851,30720
live,942,14934848890425,14934849049711,14934856019147,14934859209014,10.318589,6.969436,3.189867,30720
live,943,14934858890425,14934859082740,14934859342072,14934862032955,3.14253,0.259332,2.690883,30720
live,944,14934868890425,14934869016728,14934869087609,14934871706524,2.816099,0.070881,2.618915,30720
live,945,14934878890425,14934879023677,14934879091902,14934882357258,3.466833,0.068225,3.265356,30720
live,946,14934888890425,14934889023394,14934889129124,14934892394415,3.50399,0.10573,3.265291,30720
live,947,14934898890425,14934899034919,14934899102120,14934902464981,3.574556,0.067201,3.362861,30720
live,948,14934908890425,14934909019340,14934909087597,14934912864735,3.97431,0.068257,3.777138,30720
live,949,14934918890425,14934919022001,14934919091730,14934922852772,3.962347,0.069729,3.761042,30720
live,950,14934928890425,14934929019510,14934929097591,14934932564997,3.674572,0.078081,3.467406,30720
live,951,14934938890425,14934939022811,14934939092188,14934942506218,3.615793,0.069377,3.41403,30720
live,952,14934948890425,14934949063617,14934949178146,14934952927316,4.036891,0.114529,3.74917,30720
live,953,14934958890425,14934959069894,14934959153991,14934962585205,3.69478,0.084097,3.431214,30720
live,954,14934968890425,14934969053675,14934969145324,14934972540537,3.650112,0.091649,3.395213,30720
live,955,14934978890425,14934979131153,14934979253394,14934983563116,4.672691,0.122241,4.309722,30720
live,956,14934988890425,14934989076277,14934989176822,14934993641170,4.750745,0.100545,4.464348,30720
live,957,14934998890425,14934999093914,14934999187515,14935003746168,4.855743,0.093601,4.558653,30720
live,958,14935008890425,14935009088831,14935009193856,14935014207875,5.31745,0.105025,5.014019,30720
live,959,14935018890425,14935019112996,14935019227238,14935024281641,5.391216,0.114242,5.054403,30720
live,960,14935028890425,14935029077417,14935029176522,14935052918726,24.028301,0.099105,23.742204,30720
live,961,14935038890425,14935039090990,14935053066856,14935056066512,17.176087,13.975866,2.999656,30720
live,962,14935048890425,14935049059475,14935056187857,14935059158937,10.268512,7.128382,2.97108,30720
live,963,14935058890425,14935059069368,14935059281114,14935061989854,3.099429,0.211746,2.70874,30720
live,964,14935068890425,14935069354688,14935069460898,14935072153382,3.262957,0.10621,2.692484,30720
live,965,14935078890425,14935079059489,14935079143331,14935082015305,3.12488,0.083842,2.871974,30720
live,966,14935088890425,14935089036486,14935089110343,14935092197808,3.307383,0.073857,3.087465,30720
live,967,14935098890425,14935099032171,14935099105964,14935103306116,4.415691,0.073793,4.200152,30720
live,968,14935108890425,14935109026448,14935109100913,14935113833008,4.942583,0.074465,4.732095,30720
live,969,14935118890425,14935119065621,14935119252056,14935123877013,4.986588,0.186435,4.624957,30720
live,970,14935128890425,14935129056634,14935129147996,14935133509238,4.618813,0.091362,4.361242,30720
live,971,14935138890425,14935139025599,14935139133408,14935143400825,4.5104,0.107809,4.267417,30720
live,972,14935148890425,14935149068484,14935149152198,14935153756899,4.866474,0.083714,4.604701,30720
live,973,14935158890425,14935159068009,14935159155243,14935163884009,4.993584,0.087234,4.728766,30720
live,974,14935168890425,14935169063118,14935169159440,14935173730188,4.839763,0.096322,4.570748,30720
live,975,14935178890425,14935179070771,14935179151733,14935183885779,4.995354,0.080962,4.734046,30720
live,976,14935188890425,14935189064568,14935189160314,14935194344159,5.453734,0.095746,5.183845,30720
live,977,14935198890425,14935199076477,14935199168351,14935205544083,6.653658,0.091874,6.375732,30720
live,978,14935208890425,14935209116643,14935209237765,14935215411895,6.52147,0.121122,6.17413,30720
live,979,14935218890425,14935219073703,14935219186505,14935224776467,5.886042,0.112802,5.589962,30720
live,980,14935228890425,14935229036652,14935229124941,14935252089566,23.199141,0.088289,22.964625,30720
live,981,14935238890425,14935239087858,14935252266401,14935256165205,17.27478,13.178543,3.898804,30720
live,982,14935248890425,14935249053878,14935256304342,14935259931815,11.04139,7.250464,3.627473,30720
live,983,14935258890425,14935259032123,14935260080905,14935263093329,4.202904,1.048782,3.012424,30720
live,984,14935268890425,14935269021856,14935269094017,14935272895571,4.005146,0.072161,3.801554,30720
live,985,14935278890425,14935279017061,14935279092838,14935282844727,3.954302,0.075777,3.751889,30720
live,986,14935288890425,14935289021834,14935289090698,14935293054079,4.163654,0.068864,3.963381,30720
live,987,14935298890425,14935299024239,14935299100208,14935303261863,4.371438,0.075969,4.161655,30720
live,988,14935308890425,14935309024884,14935309095925,14935313684978,4.794553,0.071041,4.589053,30720
live,989,14935318890425,14935319072473,14935319145434,14935323364434,4.474009,0.072961,4.219,30720
live,990,14935328890425,14935329043934,14935329119295,14935333128916,4.238491,0.075361,4.009621,30720
live,991,14935338890425,14935339025731,14935339101188,14935343296059,4.405634,0.075457,4.194871,30720
live,992,14935348890425,14935349028520,14935349099337,14935353319457,4.429032,0.070817,4.22012,30720
live,993,14935358890425,14935359019212,14935359091981,14935363362918,4.472493,0.072769,4.270937,30720
live,994,14935368890425,14935369054802,14935369152243,14935374000116,5.109691,0.097441,4.847873,30720
live,995,14935378890425,14935379020854,14935379102903,14935383402801,4.512376,0.082049,4.299898,30720
live,996,14935388890425,14935389023771,14935389096604,14935394200608,5.310183,0.072833,5.104004,30720
live,997,14935398890425,14935399073057,14935399158562,14935404812909,5.922484,0.085505,5.654347,30720
live,998,14935408890425,14935409050566,14935409145287,14935414207530,5.317105,0.094721,5.062243,30720
live,999,14935418890425,14935419023402,14935419108075,14935423740425,4.85,0.084673,4.63235,30720
live,1000,14935428890425,14935429068688,14935429168977,14935451236983,22.346558,0.100289,22.068006,30720
live,1001,14935438890425,14935439068341,14935451414105,14935455074570,16.184145,12.345764,3.660465,30720
live,1002,14935448890425,14935449071834,14935455219468,14935458409974,9.519549,6.147634,3.190506,30720
live,1003,14935458890425,14935459032606,14935459120064,14935462625934,3.735509,0.087458,3.50587,30720
live,1004,14935468890425,14935469030467,14935469110116,14935472580979,3.690554,0.079649,3.470863,30720
live,1005,14935478890425,14935479031240,14935479128490,14935483047422,4.156997,0.09725,3.918932,30720
live,1006,14935488890425,14935489028237,14935489099086,14935493219237,4.328812,0.070849,4.120151,30720
live,1007,14935498890425,14935499027474,14935499109619,14935503212170,4.321745,0.082145,4.102551,30720
live,1008,14935508890425,14935509028375,14935509104728,14935513572212,4.681787,0.076353,4.467484,30720
live,1009,14935518890425,14935519025500,14935519094941,14935523665402,4.774977,0.069441,4.570461,30720
live,1010,14935528890425,14935529167619,14935529362726,14935533905666,5.015241,0.195107,4.54294,30720
live,1011,14935538890425,14935539033062,14935539103143,14935543840774,4.950349,0.070081,4.737631,30720
live,1012,14935548890425,14935549070124,14935549174413,14935553732010,4.841585,0.104289,4.557597,30720
live,1013,14935558890425,14935559048368,14935559142226,14935563870001,4.979576,0.093858,4.727775,30720
live,1014,14935568890425,14935569082294,14935569183895,14935574497150,5.606725,0.101601,5.313255,30720
live,1015,14935578890425,14935579030330,14935579116763,14935583792313,4.901888,0.086433,4.67555,30720
live,1016,14935588890425,14935589026143,14935589101248,14935594141027,5.250602,0.075105,5.039779,30720
live,1017,14935598890425,14935599073413,14935599190758,14935604522797,5.632372,0.117345,5.332039,30720
live,1018,14935608890425,14935609060713,14935609140459,14935614167373,5.276948,0.079746,5.026914,30720
live,1019,14935618890425,14935619025486,14935619098127,14935623937871,5.047446,0.072641,4.839744,30720
live,1020,14935628890425,14935629066036,14935629149237,14935651576063,22.685638,0.083201,22.426826,30720
live,1021,14935638890425,14935639056920,14935651759201,14935655348241,16.457816,12.702281,3.58904,30720
live,1022,14935648890425,14935649020797,14935655489363,14935658720958,9.830533,6.468566,3.231595,30720
live,1023,14935658890425,14935659021890,14935659102339,14935662390703,3.500278,0.080449,3.288364,30720
live,1024,14935668890425,14935669023655,14935669103016,14935672475189,3.584764,0.079361,3.372173,30720
live,1025,14935678890425,14935679022444,14935679107725,14935682885695,3.99527,0.085281,3.77797,30720
live,1026,14935688890425,14935689040849,14935689146610,14935692813699,3.923274,0.105761,3.667089,30720
live,1027,14935698890425,14935699032470,14935699132535,14935703290191,4.399766,0.100065,4.157656,30720
live,1028,14935708890425,14935709026363,14935709098204,14935713305268,4.414843,0.071841,4.207064,30720
live,1029,14935718890425,14935719020480,14935719088801,14935723152919,4.262494,0.068321,4.064118,30720
live,1030,14935728890425,14935729022629,14935729099910,14935733226077,4.335652,0.077281,4.126167,30720
live,1031,14935738890425,14935739020650,14935739088971,14935743356323,4.465898,0.068321,4.267352,30720
live,1032,14935748890425,14935749022543,14935749095152,14935753381225,4.4908,0.072609,4.286073,30720
live,1033,14935758890425,14935759024884,14935759095765,14935763363821,4.473396,0.070881,4.268056,30720
live,1034,14935768890425,14935769056857,14935769136762,14935774629987,5.739562,0.079905,5.493225,30720
live,1035,14935778890425,14935779065790,14935779141535,14935783984448,5.094023,0.075745,4.842913,30720
live,1036,14935788890425,14935789024163,14935789110340,14935794163271,5.272846,0.086177,5.052931,30720
live,1037,14935798890425,14935799071240,14935799167786,14935804895958,6.005533,0.096546,5.728172,30720
live,1038,14935808890425,14935809068781,14935809162254,14935814294675,5.40425,0.093473,5.132421,30720
live,1039,14935818890425,14935819024114,14935819107571,14935823654191,4.763766,0.083457,4.54662,30720
live,1040,14935828890425,14935829055159,14935829142200,14935851155773,22.265348,0.087041,22.013573,30720
live,1041,14935838890425,14935839062748,14935851323775,14935854408808,15.518383,12.261027,3.085033,30720
live,1042,14935848890425,14935849017408,14935854527530,14935857259406,8.368981,5.510122,2.731876,30720
live,1043,14935858890425,14935859019269,14935859090790,14935862014605,3.12418,0.071521,2.923815,30720
live,1044,14935868890425,14935869023851,14935869094923,14935871699022,2.808597,0.071072,2.604099,30720
live,1045,14935878890425,14935879068560,14935879161745,14935882126777,3.236352,0.093185,2.965032,30720
live,1046,14935888890425,14935889042133,14935889130262,14935892095837,3.205412,0.088129,2.965575,30720
live,1047,14935898890425,14935899034010,14935899115323,14935902443239,3.552814,0.081313,3.327916,30720
live,1048,14935908890425,14935909030271,14935909099167,14935912402795,3.51237,0.068896,3.303628,30720
live,1049,14935918890425,14935919022371,14935919090980,14935922471153,3.580728,0.068609,3.380173,30720
live,1050,14935928890425,14935929062377,14935929139466,14935933302561,4.412136,0.077089,4.163095,30720
live,1051,14935938890425,14935939120431,14935939444563,14935943578986,4.688561,0.324132,4.134423,30720
live,1052,14935948890425,14935949065491,14935949151380,14935953424205,4.53378,0.085889,4.272825,30720
live,1053,14935958890425,14935959069368,14935959148889,14935963355025,4.4646,0.079521,4.206136,30720
live,1054,14935968890425,14935969068349,14935969157342,14935973306709,4.416284,0.088993,4.149367,30720
live,1055,14935978890425,14935979078754,14935979166275,14935983562558,4.672133,0.087521,4.396283,30720
live,1056,14935988890425,14935989064167,14935989148520,14935993470241,4.579816,0.084353,4.321721,30720
live,1057,14935998890425,14935999074060,14935999170701,14936003478918,4.588493,0.096641,4.308217,30720
live,1058,14936008890425,14936009090193,14936009179666,14936013843952,4.953527,0.089473,4.664286,30720
live,1059,14936018890425,14936019081270,14936019171287,14936024198394,5.307969,0.090017,5.027107,30720
live,1060,14936028890425,14936029070715,14936029154652,14936053374558,24.484133,0.083937,24.219906,30720
live,1061,14936038890425,14936039079776,14936053540672,14936056977262,18.086837,14.460896,3.43659,30720
live,1062,14936048890425,14936049063077,14936057108176,14936060493277,11.602852,8.045099,3.385101,30720
live,1063,14936058890425,14936059099050,14936060610654,14936063710503,4.820078,1.511604,3.099849,30720
live,1064,14936068890425,14936069040334,14936069113263,14936071911700,3.021275,0.072929,2.798437,30720
live,1065,14936078890425,14936079083892,14936079154069,14936082065243,3.174818,0.070177,2.911174,30720
live,1066,14936088890425,14936089053432,14936089124569,14936092299747,3.409322,0.071137,3.175178,30720
live,1067,14936098890425,14936099036125,14936099109374,14936102384906,3.494481,0.073249,3.275532,30720
live,1068,14936108890425,14936109036546,14936109112771,14936112536305,3.64588,0.076225,3.423534,30720
live,1069,14936118890425,14936119082248,14936119165481,14936123299808,4.409383,0.083233,4.134327,30720
live,1070,14936128890425,14936129064364,14936129138701,14936134291826,5.401401,0.074337,5.153125,30720
live,1071,14936138890425,14936139075089,14936139156435,14936145279684,6.389259,0.081346,6.123249,30720
live,1072,14936148890425,14936149074262,14936149161112,14936154785538,5.895113,0.08685,5.624426,30720
live,1073,14936158890425,14936159070523,14936159157148,14936164961546,6.071121,0.086625,5.804398,30720
live,1074,14936168890425,14936169058528,14936169147553,14936174187076,5.296651,0.089025,5.039523,30720
live,1075,14936178890425,14936179031045,14936179115526,14936183746307,4.855882,0.084481,4.630781,30720
live,1076,14936188890425,14936189073322,14936189172556,14936194632788,5.742363,0.099234,5.460232,30720
live,1077,14936198890425,14936199079567,14936199166480,14936204799675,5.90925,0.086913,5.633195,30720
live,1078,14936208890425,14936209061652,14936209156341,14936214204408,5.313983,0.094689,5.048067,30720
live,1079,14936218890425,14936219028665,14936219113594,14936223774904,4.884479,0.084929,4.66131,30720
live,1080,14936228890425,14936229063934,14936229149663,14936250967233,22.076808,0.085729,21.81757,30720
live,1081,14936238890425,14936239078979,14936251136803,14936254836981,15.946556,12.057824,3.700178,30720
live,1082,14936248890425,14936249127529,14936254973143,14936258423460,9.533035,5.845614,3.450317,30720
live,1083,14936258890425,14936259029228,14936259104045,14936262802559,3.912134,0.074817,3.698514,30720
live,1084,14936268890425,14936269026193,14936269106290,14936272763075,3.87265,0.080097,3.656785,30720
live,1085,14936278890425,14936279027766,14936279106135,14936283016619,4.126194,0.078369,3.910484,30720
live,1086,14936288890425,14936289026619,14936289103388,14936292772557,3.882132,0.076769,3.669169,30720
live,1087,14936298890425,14936299109889,14936299207747,14936303328217,4.437792,0.097858,4.12047,30720
live,1088,14936308890425,14936309035653,14936309115334,14936313521217,4.630792,0.079681,4.405883,30720
live,1089,14936318890425,14936319028298,14936319113739,14936323550854,4.660429,0.085441,4.437115,30720
live,1090,14936328890425,14936329025583,14936329105424,14936333309384,4.418959,0.079841,4.20396,30720
live,1091,14936338890425,14936339060149,14936339151350,14936344555934,5.665509,0.091201,5.404584,30720
live,1092,14936348890425,14936349051225,14936349139259,14936354023356,5.132931,0.088034,4.884097,30720
live,1093,14936358890425,14936359027646,14936359100991,14936363689852,4.799427,0.073345,4.588861,30720
live,1094,14936368890425,14936369060899,14936369145029,14936374668174,5.777749,0.08413,5.523145,30720
live,1095,14936378890425,14936379069897,14936379168234,14936383974730,5.084305,0.098337,4.806496,30720
live,1096,14936388890425,14936389030349,14936389117262,14936394207282,5.316857,0.086913,5.09002,30720
live,1097,14936398890425,14936399063346,14936399147316,14936404450810,5.560385,0.08397,5.303494,30720
live,1098,14936408890425,14936409080920,14936409184249,14936413971673,5.081248,0.103329,4.787424,30720
live,1099,14936418890425,14936419034780,14936419122845,14936423488279,4.597854,0.088065,4.365434,30720
live,1100,14936428890425,14936429066369,14936429166467,14936450784866,21.894441,0.100098,21.618399,30720
live,1101,14936438890425,14936439073094,14936450962341,14936453959308,15.068883,11.889247,2.996967,30720
live,1102,14936448890425,14936449121132,14936454086446,14936456897843,8.007418,4.965314,2.811397,30720
live,1103,14936458890425,14936459030992,14936459097777,14936461724116,2.833691,0.066785,2.626339,30720
live,1104,14936468890425,14936469023541,14936469088886,14936472117150,3.226725,0.065345,3.028264,30720
live,1105,14936478890425,14936479022586,14936479092795,14936482359046,3.468621,0.070209,3.266251,30720
live,1106,14936488890425,14936489024511,14936489104800,14936492093063,3.202638,0.080289,2.988263,30720
live,1107,14936498890425,14936499030532,14936499106917,14936502217358,3.326933,0.076385,3.110441,30720
live,1108,14936508890425,14936509021833,14936509089449,14936512381397,3.490972,0.067616,3.291948,30720
live,1109,14936518890425,14936519030670,14936519112111,14936522777791,3.887366,0.081441,3.66568,30720
live,1110,14936528890425,14936529083155,14936529155796,14936533568879,4.678454,0.072641,4.413083,30720
live,1111,14936538890425,14936539064120,14936539149241,14936543791959,4.901534,0.085121,4.642718,30720
live,1112,14936548890425,14936549077917,14936549165598,14936553333110,4.442685,0.087681,4.167512,30720
live,1113,14936558890425,14936559058626,14936559132227,14936563373819,4.483394,0.073601,4.241592,30720
live,1114,14936568890425,14936569061927,14936569137256,14936573412929,4.522504,0.075329,4.275673,30720
live,1115,14936578890425,14936579067468,14936579153293,14936583533447,4.643022,0.085825,4.380154,30720
live,1116,14936588890425,14936589064049,14936589138738,14936593481484,4.591059,0.074689,4.342746,30720
live,1117,14936598890425,14936599162167,14936599296409,14936604218234,5.327809,0.134242,4.921825,30720
live,1118,14936608890425,14936609103099,14936609207965,14936613997308,5.106883,0.104866,4.789343,30720
live,1119,14936618890425,14936619081728,14936619180193,14936624108483,5.218058,0.098465,4.92829,30720
live,1120,14936628890425,14936629073253,14936629169286,14936653701420,24.810995,0.096033,24.532134,30720
live,1121,14936638890425,14936639077162,14936653880847,14936657832131,18.941706,14.803685,3.951284,30720
live,1122,14936648890425,14936649079631,14936657991045,14936661660246,12.769821,8.911414,3.669201,30720
live,1123,14936658890425,14936659064916,14936661805048,14936665319239,6.428814,2.740132,3.514191,30720
live,1124,14936668890425,14936669031096,14936669118201,14936673129711,4.239286,0.087105,4.01151,30720
live,1125,14936678890425,14936679034013,14936679133918,14936683154132,4.263707,0.099905,4.020214,30720
live,1126,14936688890425,14936689027170,14936689109091,14936693444957,4.554532,0.081921,4.335866,30720
live,1127,14936698890425,14936699023591,14936699121960,14936703473570,4.583145,0.098369,4.35161,30720
live,1128,14936708890425,14936709048652,14936709145422,14936713754219,4.863794,0.09677,4.608797,30720
live,1129,14936718890425,14936719034577,14936719141778,14936723548493,4.658068,0.107201,4.406715,30720
live,1130,14936728890425,14936729026294,14936729100951,14936733687668,4.797243,0.074657,4.586717,30720
live,1131,14936738890425,14936739022843,14936739116828,14936743700537,4.810112,0.093985,4.583709,30720
live,1132,14936748890425,14936749064288,14936749149121,14936754538217,5.647792,0.084833,5.389096,30720
live,1133,14936758890425,14936759305192,14936759424778,14936764121513,5.231088,0.119586,4.696735,30720
live,1134,14936768890425,14936769053578,14936769148107,14936774180046,5.289621,0.094529,5.031939,30720
live,1135,14936778890425,14936779076335,14936779182801,14936785083167,6.192742,0.106466,5.900366,30720
live,1136,14936788890425,14936789082932,14936789179030,14936794491356,5.600931,0.096098,5.312326,30720
live,1137,14936798890425,14936799072377,14936799168667,14936804491457,5.601032,0.09629,5.32279,30720
live,1138,14936808890425,14936809060574,14936809150783,14936813943967,5.053542,0.090209,4.793184,30720
live,1139,14936818890425,14936819028035,14936819112548,14936823466974,4.576549,0.084513,4.354426,30720
live,1140,14936828890425,14936829067144,14936829165033,14936851143214,22.252789,0.097889,21.978181,30720
live,1141,14936838890425,14936839076173,14936851328880,14936854634140,15.743715,12.252707,3.30526,30720
live,1142,14936848890425,14936849093298,14936854768190,14936857891815,9.00139,5.674892,3.123625,30720
live,1143,14936858890425,14936859057015,14936859137304,14936862724712,3.834287,0.080289,3.587408,30720
live,1144,14936868890425,14936869036444,14936869110973,14936872485161,3.594736,0.074529,3.374188,30720
live,1145,14936878890425,14936879032224,14936879105377,14936882932468,4.042043,0.073153,3.827091,30720
live,1146,14936888890425,14936889028869,14936889097414,14936893262878,4.372453,0.068545,4.165464,30720
live,1147,14936898890425,14936899022410,14936899096491,14936903316515,4.42609,0.074081,4.220024,30720
live,1148,14936908890425,14936909024047,14936909118640,14936913794095,4.90367,0.094593,4.675455,30720
live,1149,14936918890425,14936919027860,14936919102101,14936923652946,4.762521,0.074241,4.550845,30720
live,1150,14936928890425,14936929025337,14936929105754,14936933708087,4.817662,0.080417,4.602333,30720
live,1151,14936938890425,14936939025726,14936939097919,14936943339480,4.449055,0.072193,4.241561,30720
live,1152,14936948890425,14936949070436,14936949168677,14936954750767,5.860342,0.098241,5.58209,30720
live,1153,14936958890425,14936959065865,14936959151498,14936964825045,5.93462,0.085633,5.673547,30720
live,1154,14936968890425,14936969075534,14936969167279,14936974584567,5.694142,0.091745,5.417288,30720
live,1155,14936978890425,14936979068627,14936979146068,14936983137257,4.246832,0.077441,3.991189,30720
live,1156,14936988890425,14936989020759,14936989099576,14936992998924,4.108499,0.078817,3.899348,30720
live,1157,14936998890425,14936999066300,14936999142205,14937003929853,5.039428,0.075905,4.787648,30720
live,1158,14937008890425,14937009089314,14937009189027,14937013838081,4.947656,0.099713,4.649054,30720
live,1159,14937018890425,14937019063174,14937019142887,14937023703396,4.812971,0.079713,4.560509,30720
live,1160,14937028890425,14937029082700,14937029160269,14937052056413,23.165988,0.077569,22.896144,30720
live,1161,14937038890425,14937039075120,14937052216735,14937055546699,16.656274,13.141615,3.329964,30720
live,1162,14937048890425,14937049049621,14937055665485,14937058555507,9.665082,6.615864,2.890022,30720
live,1163,14937058890425,14937059020762,14937059093595,14937061811359,2.920934,0.072833,2.717764,30720
live,1164,14937068890425,14937069024255,14937069096544,14937071779843,2.889418,0.072289,2.683299,30720
live,1165,14937078890425,14937079027844,14937079108677,14937082172653,3.282228,0.080833,3.063976,30720
live,1166,14937088890425,14937089030121,14937089096841,14937092444726,3.554301,0.06672,3.347885,30720
live,1167,14937098890425,14937099031086,14937099094126,14937102868865,3.97844,0.06304,3.774739,30720
live,1168,14937108890425,14937109025074,14937109102003,14937112474560,3.584135,0.076929,3.372557,30720
live,1169,14937118890425,14937119055512,14937119139737,14937123277360,4.386935,0.084225,4.137623,30720
live,1170,14937128890425,14937129075933,14937129153054,14937133576665,4.68624,0.077121,4.423611,30720
live,1171,14937138890425,14937139055554,14937139123363,14937143531997,4.641572,0.067809,4.408634,30720
live,1172,14937148890425,14937149061095,14937149451660,14937154850996,5.960571,0.390565,5.399336,30720
live,1173,14937158890425,14937159060076,14937159149517,14937165043355,6.15293,0.089441,5.893838,30720
live,1174,14937168890425,14937169139890,14937169270995,14937175446149,6.555724,0.131105,6.175154,30720
live,1175,14937178890425,14937179080310,14937179166423,14937184904323,6.013898,0.086113,5.7379,30720
live,1176,14937188890425,14937189067547,14937189153244,14937195226796,6.336371,0.085697,6.073552,30720
live,1177,14937198890425,14937199066944,14937199147681,14937204861069,5.970644,0.080737,5.713388,30720
live,1178,14937208890425,14937209067812,14937209164038,14937214845649,5.955224,0.096226,5.681611,30720
live,1179,14937218890425,14937219072650,14937219184427,14937224809110,5.918685,0.111777,5.624683,30720
live,1180,14937228890425,14937229070318,14937229173072,14937251424568,22.534143,0.102754,22.251496,30720
live,1181,14937238890425,14937239066291,14937251601818,14937254871109,15.980684,12.535527,3.269291,30720
live,1182,14937248890425,14937249017944,14937255011239,14937258102064,9.211639,5.993295,3.090825,30720
live,1183,14937258890425,14937259022333,14937259099742,14937262737230,3.846805,0.077409,3.637488,30720
live,1184,14937268890425,14937269024546,14937269097859,14937273030167,4.139742,0.073313,3.932308,30720
live,1185,14937278890425,14937279022087,14937279096232,14937282690039,3.799614,0.074145,3.593807,30720
live,1186,14937288890425,14937289023980,14937289093004,14937292997312,4.106887,0.069024,3.904308,30720
live,1187,14937298890425,14937299022160,14937299094097,14937303077542,4.187117,0.071937,3.983445,30720
live,1188,14937308890425,14937309029206,14937309099830,14937313422480,4.532055,0.070624,4.32265,30720
live,1189,14937318890425,14937319026202,14937319099195,14937323930492,5.040067,0.072993,4.831297,30720
live,1190,14937328890425,14937329025375,14937329109280,14937333356473,4.466048,0.083905,4.247193,30720
live,1191,14937338890425,14937339027012,14937339099173,14937343667970,4.777545,0.072161,4.568797,30720
live,1192,14937348890425,14937349021001,14937349107306,14937353671111,4.780686,0.086305,4.563805,30720
live,1193,14937358890425,14937359026254,14937359113871,14937363695852,4.805427,0.087617,4.581981,30720
live,1194,14937368890425,14937369066420,14937369155093,14937373773170,4.882745,0.088673,4.618077,30720
live,1195,14937378890425,14937379065273,14937379158170,14937383550804,4.660379,0.092897,4.392634,30720
live,1196,14937388890425,14937389027389,14937389113438,14937394287747,5.397322,0.086049,5.174309,30720
live,1197,14937398890425,14937399074595,14937399157156,14937404484747,5.594322,0.082561,5.327591,30720
live,1198,14937408890425,14937409060423,14937409160489,14937415185721,6.295296,0.100066,6.025232,30720
live,1199,14937418890425,14937419081901,14937419163598,14937424660087,5.769662,0.081697,5.496489,30720
live,1200,14937428890425,14937429109842,14937429222804,14937448943866,20.053441,0.112962,19.721062,30720
live,1201,14937438890425,14937439051606,14937449150172,14937452490985,13.60056,10.098566,3.340813,30720
live,1202,14937448890425,14937449335487,14937452641355,14937455556818,6.666393,3.305868,2.915463,30720
live,1203,14937458890425,14937459041760,14937459123873,14937462525166,3.634741,0.082113,3.401293,30720
live,1204,14937468890425,14937469031781,14937469113094,14937472679413,3.788988,0.081313,3.566319,30720
live,1205,14937478890425,14937479050538,14937479132811,14937482677434,3.787009,0.082273,3.544623,30720
live,1206,14937488890425,14937489033359,14937489119536,14937493162054,4.271629,0.086177,4.042518,30720
live,1207,14937498890425,14937499034388,14937499111317,14937503136554,4.246129,0.076929,4.025237,30720
live,1208,14937508890425,14937509031737,14937509118330,14937513792856,4.902431,0.086593,4.674526,30720
live,1209,14937518890425,14937519029662,14937519105055,14937523487449,4.597024,0.075393,4.382394,30720
live,1210,14937528890425,14937529313670,14937529448360,14937533516990,4.626565,0.13469,4.06863,30720
live,1211,14937538890425,14937539107624,14937539211722,14937543718150,4.827725,0.104098,4.506428,30720
live,1212,14937548890425,14937549082829,14937549171086,14937552962657,4.072232,0.088257,3.791571,30720
live,1213,14937558890425,14937559030993,14937559110066,14937562799651,3.909226,0.079073,3.689585,30720
live,1214,14937568890425,14937569064759,14937569156952,14937573505266,4.614841,0.092193,4.348314,30720
live,1215,14937578890425,14937579213726,14937579360192,14937584183424,5.292999,0.146466,4.823232,30720
live,1216,14937588890425,14937589070433,14937589161218,14937593247672,4.357247,0.090785,4.086454,30720
live,1217,14937598890425,14937599068198,14937599137191,14937603656547,4.766122,0.068993,4.519356,30720
live,1218,14937608890425,14937609168620,14937609254189,14937613585767,4.695342,0.085569,4.331578,30720
live,1219,14937618890425,14937619093552,14937619180913,14937623483914,4.593489,0.087361,4.303001,30720
live,1220,14937628890425,14937629060820,14937629141014,14937653264982,24.374557,0.080194,24.123968,30720
live,1221,14937638890425,14937639059801,14937653415672,14937656201053,17.310628,14.355871,2.785381,30720
live,1222,14937648890425,14937649350946,14937656345791,14937659362311,10.471886,6.994845,3.01652,30720
live,1223,14937658890425,14937659019299,14937659495689,14937662334671,3.444246,0.47639,2.838982,30720
live,1224,14937668890425,14937669026504,14937669099017,14937671869358,2.978933,0.072513,2.770341,30720
live,1225,14937678890425,14937679021549,14937679088622,14937682412506,3.522081,0.067073,3.323884,30720
live,1226,14937688890425,14937689025138,14937689089075,14937692147803,3.257378,0.063937,3.058728,30720
live,1227,14937698890425,14937699020343,14937699086327,14937702313218,3.422793,0.065984,3.226891,30720
live,1228,14937708890425,14937709021340,14937709086684,14937712479114,3.588689,0.065344,3.39243,30720
live,1229,14937718890425,14937719017472,14937719087041,14937722585616,3.695191,0.069569,3.498575,30720
live,1230,14937728890425,14937729066662,14937729141319,14937733717348,4.826923,0.074657,4.576029,30720
live,1231,14937738890425,14937739073835,14937739152396,14937743396421,4.505996,0.078561,4.244025,30720
live,1232,14937748890425,14937749057264,14937749146737,14937753668493,4.778068,0.089473,4.521756,30720
live,1233,14937758890425,14937759069429,14937759156502,14937763513712,4.623287,0.087073,4.35721,30720
live,1234,14937768890425,14937769070618,14937769157755,14937773451828,4.561403,0.087137,4.294073,30720
live,1235,14937778890425,14937779072607,14937779149824,14937783674460,4.784035,0.077217,4.524636,30720
live,1236,14937788890425,14937789049380,14937789141733,14937793711170,4.820745,0.092353,4.569437,30720
live,1237,14937798890425,14937799064521,14937799148170,14937803635077,4.744652,0.083649,4.486907,30720
live,1238,14937808890425,14937809052494,14937809133935,14937813532649,4.642224,0.081441,4.398714,30720
live,1239,14937818890425,14937819064595,14937819150036,14937823662416,4.771991,0.085441,4.51238,30720
live,1240,14937828890425,14937829057271,14937829134168,14937853140696,24.250271,0.076897,24.006528,30720
live,1241,14937838890425,14937839061308,14937853290266,14937856070047,17.179622,14.228958,2.779781,30720
live,1242,14937848890425,14937849225444,14937856216065,14937859320778,10.430353,6.990621,3.104713,30720
live,1243,14937858890425,14937859039782,14937859462380,14937862310770,3.420345,0.422598,2.84839,30720
live,1244,14937868890425,14937869021515,14937869094892,14937871825008,2.934583,0.073377,2.730116,30720
live,1245,14937878890425,14937879029136,14937879098001,14937881954999,3.064574,0.068865,2.856998,30720
live,1246,14937888890425,14937889019605,14937889086806,14937892557988,3.667563,0.067201,3.471182,30720
live,1247,14937898890425,14937899023130,14937899091451,14937903237714,4.347289,0.068321,4.146263,30720
live,1248,14937908890425,14937909021087,14937909092992,14937913319960,4.429535,0.071905,4.226968,30720
live,1249,14937918890425,14937919021092,14937919096549,14937923010233,4.119808,0.075457,3.913684,30720
live,1250,14937928890425,14937929021993,14937929094665,14937933811560,4.921135,0.072672,4.716895,30720
live,1251,14937938890425,14937939018349,14937939096814,14937943432488,4.542063,0.078465,4.335674,30720
live,1252,14937948890425,14937949057299,14937949181301,14937953853427,4.963002,0.124002,4.672126,30720
live,1253,14937958890425,14937959106297,14937959512894,14937964243261,5.352836,0.406597,4.730367,30720
live,1254,14937968890425,14937969006524,14937969075165,14937972712397,3.821972,0.068641,3.637232,30720
live,1255,14937978890425,14937979036929,14937979126979,14937983274362,4.383937,0.09005,4.147383,30720
live,1256,14937988890425,14937989019334,14937989100263,14937994008937,5.118512,0.080929,4.908674,30720
live,1257,14937998890425,14937999045483,14937999154573,14938004097423,5.206998,0.10909,4.94285,30720
live,1258,14938008890425,14938009044976,14938009135890,14938014722300,5.831875,0.090914,5.58641,30720
live,1259,14938018890425,14938019041653,14938019145303,14938025593484,6.703059,0.10365,6.448181,30720
live,1260,14938028890425,14938029049434,14938029165404,14938054738416,25.847991,0.11597,25.573012,30720
live,1261,14938038890425,14938039640327,14938054915698,14938058882919,19.992494,15.275371,3.967221,30720
live,1262,14938048890425,14938049082341,14938059102698,14938063120223,14.229798,10.020357,4.017525,30720
live,1263,14938058890425,14938059139562,14938063251489,14938066329354,7.438929,4.111927,3.077865,30720
live,1264,14938068890425,14938069005390,14938069060494,14938072517980,3.627555,0.055104,3.457486,30720
live,1265,14938078890425,14938078995058,14938079056819,14938082823237,3.932812,0.061761,3.766418,30720
live,1266,14938088890425,14938088999223,14938089054392,14938093484051,4.593626,0.055169,4.429659,30720
live,1267,14938098890425,14938099003964,14938099071069,14938103153843,4.263418,0.067105,4.082774,30720
live,1268,14938108890425,14938108998817,14938109056930,14938113111160,4.220735,0.058113,4.05423,30720
live,1269,14938118890425,14938119000710,14938119069735,14938123354144,4.463719,0.069025,4.284409,30720
live,1270,14938128890425,14938129026955,14938129104940,14938133771243,4.880818,0.077985,4.666303,30720
live,1271,14938138890425,14938139005072,14938139074129,14938143775408,4.884983,0.069057,4.701279,30720
live,1272,14938148890425,14938149025013,14938149112438,14938154052824,5.162399,0.087425,4.940386,30720
live,1273,14938158890425,14938159035546,14938159131228,14938163555478,4.665053,0.095682,4.42425,30720
live,1274,14938168890425,14938169031071,14938169118400,14938173621468,4.731043,0.087329,4.503068,30720
live,1275,14938178890425,14938179029892,14938179109925,14938183992422,5.101997,0.080033,4.882497,30720
live,1276,14938188890425,14938189031209,14938189118122,14938194194766,5.304341,0.086913,5.076644,30720
live,1277,14938198890425,14938199034926,14938199127919,14938203956240,5.065815,0.092993,4.828321,30720
live,1278,14938208890425,14938209034675,14938209118932,14938213875123,4.984698,0.084257,4.756191,30720
live,1279,14938218890425,14938219035224,14938219121529,14938223986330,5.095905,0.086305,4.864801,30720
live,1280,14938228890425,14938229033597,14938229115358,14938252727128,23.836703,0.081761,23.61177,30720
live,1281,14938238890425,14938239101315,14938252870202,14938256279495,17.38907,13.768887,3.409293,30720
live,1282,14938248890425,14938249098696,14938256402537,14938259529330,10.638905,7.303841,3.126793,30720
live,1283,14938258890425,14938259002667,14938259634964,14938262713565,3.82314,0.632297,3.078601,30720
live,1284,14938268890425,14938268993680,14938269048625,14938272228315,3.33789,0.054945,3.17969,30720
live,1285,14938278890425,14938279005109,14938279059286,14938282444355,3.55393,0.054177,3.385069,30720
live,1286,14938288890425,14938288993082,14938289048827,14938292536585,3.64616,0.055745,3.487758,30720
live,1287,14938298890425,14938298998015,14938299051392,14938302579695,3.68927,0.053377,3.528303,30720
live,1288,14938308890425,14938308997476,14938309053317,14938312749590,3.859165,0.055841,3.696273,30720
live,1289,14938318890425,14938318999881,14938319055786,14938322826044,3.935619,0.055905,3.770258,30720
live,1290,14938328890425,14938329038062,14938329112111,14938334132530,5.242105,0.074049,5.020419,30720
live,1291,14938338890425,14938339088436,14938339215382,14938344959554,6.069129,0.126946,5.744172,30720
live,1292,14938348890425,14938349245627,14938349345756,14938355771026,6.880601,0.100129,6.42527,30720
live,1293,14938358890425,14938359060542,14938359161631,14938364902475,6.01205,0.101089,5.740844,30720
live,1294,14938368890425,14938369116739,14938369218213,14938374522987,5.632562,0.101474,5.304774,30720
live,1295,14938378890425,14938379068263,14938379166985,14938384519568,5.629143,0.098722,5.352583,30720
live,1296,14938388890425,14938389042988,14938389139757,14938394646039,5.755614,0.096769,5.506282,30720
live,1297,14938398890425,14938399039697,14938399122450,14938405108738,6.218313,0.082753,5.986288,30720
live,1298,14938408890425,14938409038198,14938409145431,14938414640544,5.750119,0.107233,5.495113,30720
live,1299,14938418890425,14938419048027,14938419150748,14938424674726,5.784301,0.102721,5.523978,30720
live,1300,14938428890425,14938429040064,14938429125857,14938451928560,23.038135,0.085793,22.802703,30720
live,1301,14938438890425,14938439256648,14938452107026,14938456435692,17.545267,12.850378,4.328666,30720
live,1302,14938448890425,14938449067754,14938456562990,14938460660420,11.769995,7.495236,4.09743,30720
live,1303,14938458890425,14938459039279,14938460780134,14938464452215,5.56179,1.740855,3.672081,30720
live,1304,14938468890425,14938469011571,14938469069748,14938472756773,3.866348,0.058177,3.687025,30720
live,1305,14938478890425,14938478995416,14938479056857,14938482855723,3.965298,0.061441,3.798866,30720
live,1306,14938488890425,14938488998557,14938489058526,14938492879504,3.989079,0.059969,3.820978,30720
live,1307,14938498890425,14938499000226,14938499070563,14938503341180,4.450755,0.070337,4.270617,30720
live,1308,14938508890425,14938509012423,14938509077000,14938513358977,4.468552,0.064577,4.281977,30720
live,1309,14938518890425,14938519005100,14938519072877,14938523378470,4.488045,0.067777,4.305593,30720
live,1310,14938528890425,14938529003729,14938529065650,14938533680495,4.79007,0.061921,4.614845,30720
live,1311,14938538890425,14938539073495,14938539167384,14938544785219,5.894794,0.093889,5.617835,30720
live,1312,14938548890425,14938549034555,14938549104284,14938554350786,5.460361,0.069729,5.246502,30720
live,1313,14938558890425,14938559007232,14938559073696,14938563393466,4.503041,0.066464,4.31977,30720
live,1314,14938568890425,14938569039109,14938569126054,14938574873491,5.983066,0.086945,5.747437,30720
live,1315,14938578890425,14938579039466,14938579121227,14938584817335,5.92691,0.081761,5.696108,30720
live,1316,14938588890425,14938589038031,14938589120656,14938594919773,6.029348,0.082625,5.799117,30720
live,1317,14938598890425,14938599042068,14938599124597,14938605339944,6.449519,0.082529,6.215347,30720
live,1318,14938608890425,14938609036441,14938609115642,14938614191741,5.301316,0.079201,5.076099,30720
live,1319,14938618890425,14938619004317,14938619070238,14938623364983,4.474558,0.065921,4.294745,30720
live,1320,14938628890425,14938629036547,14938629116900,14938651236362,22.345937,0.080353,22.119462,30720
live,1321,14938638890425,14938639127561,14938651411276,14938655244671,16.354246,12.283715,3.833395,30720
live,1322,14938648890425,14938649061549,14938655381153,14938659202612,10.312187,6.319604,3.821459,30720
live,1323,14938658890425,14938659068722,14938659326261,14938662962950,4.072525,0.257539,3.636689,30720
live,1324,14938668890425,14938669006422,14938669062295,14938673341872,4.451447,0.055873,4.279577,30720
live,1325,14938678890425,14938678999003,14938679051291,14938682990480,4.100055,0.052288,3.939189,30720
live,1326,14938688890425,14938688995456,14938689048192,14938692925876,4.035451,0.052736,3.877684,30720
live,1327,14938698890425,14938699001477,14938699058661,14938703174428,4.284003,0.057184,4.115767,30720
live,1328,14938708890425,14938709009258,14938709069771,14938713348483,4.458058,0.060513,4.278712,30720
live,1329,14938718890425,14938719005647,14938719074608,14938723689645,4.79922,0.068961,4.615037,30720
live,1330,14938728890425,14938729004244,14938729067412,14938733965397,5.074972,0.063168,4.897985,30720
live,1331,14938738890425,14938739005528,14938739071641,14938744379968,5.489543,0.066113,5.308327,30720
live,1332,14938748890425,14938749037310,14938749119903,14938755433267,6.542842,0.082593,6.313364,30720
live,1333,14938758890425,14938759040739,14938759124740,14938764984178,6.093753,0.084001,5.859438,30720
live,1334,14938768890425,14938769034984,14938769111401,14938774207756,5.317331,0.076417,5.096355,30720
live,1335,14938778890425,14938779004492,14938779072013,14938783602921,4.712496,0.067521,4.530908,30720
live,1336,14938788890425,14938789033138,14938789120307,14938794354808,5.464383,0.087169,5.234501,30720
live,1337,14938798890425,14938799037783,14938799130456,14938804514335,5.62391,0.092673,5.383879,30720
live,1338,14938808890425,14938809041724,14938809169533,14938815207918,6.317493,0.127809,6.038385,30720
live,1339,14938818890425,14938819048321,14938819136802,14938824698636,5.808211,0.088481,5.561834,30720
live,1340,14938828890425,14938829041381,14938829120262,14938851595633,22.705208,0.078881,22.475371,30720
live,1341,14938838890425,14938839110123,14938851764820,14938855843498,16.953073,12.654697,4.078678,30720
live,1342,14938848890425,14938849042959,14938855978284,14938859850815,10.96039,6.935325,3.872531,30720
live,1343,14938858890425,14938859575771,14938859965153,14938863366990,4.476565,0.389382,3.401837,30720
live,1344,14938868890425,14938869030777,14938869101370,14938872796875,3.90645,0.070593,3.695505,30720
live,1345,14938878890425,14938879003134,14938879082047,14938882770064,3.879639,0.078913,3.688017,30720
live,1346,14938888890425,14938888999394,14938889058531,14938892734228,3.843803,0.059137,3.675697,30720
live,1347,14938898890425,14938898994951,14938899053864,14938903068158,4.177733,0.058913,4.014294,30720
live,1348,14938908890425,14938908995852,14938909054413,14938913209444,4.319019,0.058561,4.155031,30720
live,1349,14938918890425,14938919005361,14938919072594,14938923314603,4.424178,0.067233,4.242009,30720
live,1350,14938928890425,14938929008246,14938929074551,14938933054924,4.164499,0.066305,3.980373,30720
live,1351,14938938890425,14938939011387,14938939087036,14938942617963,3.727538,0.075649,3.530927,30720
live,1352,14938948890425,14938949071169,14938949174786,14938952975477,4.085052,0.103617,3.800691,30720
live,1353,14938958890425,14938959051878,14938959125927,14938962825528,3.935103,0.074049,3.699601,30720
live,1354,14938968890425,14938969012746,14938969084395,14938974270576,5.380151,0.071649,5.186181,30720
live,1355,14938978890425,14938979062352,14938979163281,14938985269442,6.379017,0.100929,6.106161,30720
live,1356,14938988890425,14938989050773,14938989146966,14938994700096,5.809671,0.096193,5.55313,30720
live,1357,14938998890425,14938999045049,14938999135675,14939005410606,6.520181,0.090626,6.274931,30720
live,1358,14939008890425,14939009044830,14939009142656,14939015577621,6.687196,0.097826,6.434965,30720
live,1359,14939018890425,14939019039779,14939019141989,14939024955698,6.065273,0.10221,5.813709,30720
live,1360,14939028890425,14939029051656,14939029146058,14939051409745,22.51932,0.094402,22.263687,30720
live,1361,14939038890425,14939039149934,14939051572820,14939055628266,16.737841,12.422886,4.055446,30720
live,1362,14939048890425,14939049100915,14939055759211,14939059662207,10.771782,6.658296,3.902996,30720
live,1363,14939058890425,14939059009302,14939059775777,14939063485650,4.595225,0.766475,3.709873,30720
live,1364,14939068890425,14939069011611,14939069065724,14939072823822,3.933397,0.054113,3.758098,30720
live,1365,14939078890425,14939078995360,14939079048993,14939082615120,3.724695,0.053633,3.566127,30720
live,1366,14939088890425,14939088996261,14939089053894,14939092680406,3.789981,0.057633,3.626512,30720
live,1367,14939098890425,14939098998282,14939099051979,14939103307779,4.417354,0.053697,4.2558,30720
live,1368,14939108890425,14939109002223,14939109061424,14939113407818,4.517393,0.059201,4.346394,30720
live,1369,14939118890425,14939119001300,14939119066485,14939123378894,4.488469,0.065185,4.312409,30720
live,1370,14939128890425,14939129049434,14939129115994,14939133388467,4.498042,0.06656,4.272473,30720
live,1371,14939138890425,14939139025630,14939139094367,14939143401048,4.510623,0.068737,4.306681,30720
live,1372,14939148890425,14939149048515,14939149131812,14939154711375,5.82095,0.083297,5.579563,30720
live,1373,14939158890425,14939159043432,14939159401741,14939164879542,5.989117,0.358309,5.477801,30720
live,1374,14939168890425,14939169039533,14939169126158,14939173048610,4.158185,0.086625,3.922452,30720
live,1375,14939178890425,14939179017106,14939179079571,14939182609569,3.719144,0.062465,3.529998,30720
live,1376,14939188890425,14939189054263,14939189139384,14939193135309,4.244884,0.085121,3.995925,30720
live,1377,14939198890425,14939199061756,14939199159805,14939204080479,5.190054,0.098049,4.920674,30720
live,1378,14939208890425,14939209046945,14939209131618,14939214265350,5.374925,0.084673,5.133732,30720
live,1379,14939218890425,14939219375658,14939219469387,14939224505454,5.615029,0.093729,5.036067,30720
live,1380,14939228890425,14939229060971,14939229155532,14939253605617,24.715192,0.094561,24.450085,30720
live,1381,14939238890425,14939239140145,14939253787220,14939258351504,19.461079,14.647075,4.564284,30720
live,1382,14939248890425,14939249136758,14939258509330,14939262907949,14.017524,9.372572,4.398619,30720
live,1383,14939258890425,14939259029881,14939263037455,14939267312775,8.42235,4.007574,4.27532,30720
live,1384,14939268890425,14939269006110,14939269060319,14939272900978,4.010553,0.054209,3.840659,30720
live,1385,14939278890425,14939279006115,14939279069892,14939282988760,4.098335,0.063777,3.918868,30720
live,1386,14939288890425,14939289003336,14939289068969,14939292978141,4.087716,0.065633,3.909172,30720
live,1387,14939298890425,14939299002093,14939299066221,14939303242501,4.352076,0.064128,4.17628,30720
live,1388,14939308890425,14939309001650,14939309066994,14939313214122,4.323697,0.065344,4.147128,30720
live,1389,14939318890425,14939319001526,14939319068887,14939323978969,5.088544,0.067361,4.910082,30720
live,1390,14939328890425,14939329006651,14939329080476,14939333482519,4.592094,0.073825,4.402043,30720
live,1391,14939338890425,14939339036065,14939339110178,14939344509482,5.619057,0.074113,5.399304,30720
live,1392,14939348890425,14939349033894,14939349105895,14939353587714,4.697289,0.072001,4.481819,30720
live,1393,14939358890425,14939359005610,14939359069643,14939363667624,4.777199,0.064033,4.597981,30720
live,1394,14939368890425,14939369041680,14939369130897,14939375224674,6.334249,0.089217,6.093777,30720
live,1395,14939378890425,14939379039605,14939379135542,14939384762273,5.871848,0.095937,5.626731,30720
live,1396,14939388890425,14939389042521,14939389134843,14939394628132,5.737707,0.092322,5.493289,30720
live,1397,14939398890425,14939399051295,14939399153280,14939404849356,5.958931,0.101985,5.696076,30720
live,1398,14939408890425,14939409041667,14939409133125,14939414418251,5.527826,0.091458,5.285126,30720
live,1399,14939418890425,14939419037512,14939419126281,14939424988727,6.098302,0.088769,5.862446,30720
live,1400,14939428890425,14939429038125,14939429129902,14939451690202,22.799777,0.091777,22.5603,30720
live,1401,14939438890425,14939439109651,14939451861725,14939455775313,16.884888,12.752074,3.913588,30720
live,1402,14939448890425,14939449041431,14939455908306,14939459485154,10.594729,6.866875,3.576848,30720
live,1403,14939458890425,14939459017596,14939459601763,14939463233012,4.342587,0.584167,3.631249,30720
live,1404,14939468890425,14939469003104,14939469059649,14939472927093,4.036668,0.056545,3.867444,30720
live,1405,14939478890425,14939478996581,14939479049894,14939482718295,3.82787,0.053313,3.668401,30720
live,1406,14939488890425,14939488999658,14939489059339,14939493135681,4.245256,0.059681,4.076342,30720
live,1407,14939498890425,14939498995311,14939499057872,14939503362217,4.471792,0.062561,4.304345,30720
live,1408,14939508890425,14939508999988,14939509071381,14939513643282,4.752857,0.071393,4.571901,30720
live,1409,14939518890425,14939518999513,14939519065946,14939523686807,4.796382,0.066433,4.620861,30720
live,1410,14939528890425,14939529003550,14939529065887,14939533317175,4.42675,0.062337,4.251288,30720
live,1411,14939538890425,14939539001123,14939539069124,14939543709281,4.818856,0.068001,4.640157,30720
live,1412,14939548890425,14939549026568,14939549099209,14939554155052,5.264627,0.072641,5.055843,30720
live,1413,14939558890425,14939559002861,14939559065614,14939563697547,4.807122,0.062753,4.631933,30720
live,1414,14939568890425,14939569037042,14939569117779,14939574594940,5.704515,0.080737,5.477161,30720
live,1415,14939578890425,14939579033015,14939579123352,14939584778659,5.888234,0.090337,5.655307,30720
live,1416,14939588890425,14939589039196,14939589117853,14939594572678,5.682253,0.078657,5.454825,30720
live,1417,14939598890425,14939599024865,14939599108578,14939604530154,5.639729,0.083713,5.421576,30720
live,1418,14939608890425,14939609031910,14939609113863,14939614773682,5.883257,0.081953,5.659819,30720
live,1419,14939618890425,14939619033899,14939619123820,14939625317502,6.427077,0.089921,6.193682,30720
live,1420,14939628890425,14939629029200,14939629112753,14939651429369,22.538944,0.083553,22.316616,30720
live,1421,14939638890425,14939639118230,14939651591579,14939655358766,16.468341,12.473349,3.767187,30720
live,1422,14939648890425,14939649050650,14939655489583,14939659203713,10.313288,6.438933,3.71413,30720
live,1423,14939658890425,14939659080031,14939659320706,14939662859313,3.968888,0.240675,3.538607,30720
live,1424,14939668890425,14939669026115,14939669087524,14939672623059,3.732634,0.061409,3.535535,30720
live,1425,14939678890425,14939679131722,14939679210827,14939683000317,4.109892,0.079105,3.78949,30720
live,1426,14939688890425,14939689017165,14939689077806,14939692941153,4.050728,0.060641,3.863347,30720
live,1427,14939698890425,14939699004850,14939699072051,14939703064520,4.174095,0.067201,3.992469,30720
live,1428,14939708890425,14939709003895,14939709062455,14939713173134,4.282709,0.05856,4.110679,30720
live,1429,14939718890425,14939719004284,14939719070108,14939723353301,4.462876,0.065824,4.283193,30720
live,1430,14939728890425,14939729002560,14939729063617,14939733357114,4.466689,0.061057,4.293497,30720
live,1431,14939738890425,14939739006629,14939739076454,14939743395776,4.505351,0.069825,4.319322,30720
live,1432,14939748890425,14939749038923,14939749122508,14939754403474,5.513049,0.083585,5.280966,30720
live,1433,14939758890425,14939759026896,14939759109841,14939764669275,5.77885,0.082945,5.559434,30720
live,1434,14939768890425,14939769036245,14939769130518,14939774573246,5.682821,0.094273,5.442728,30720
live,1435,14939778890425,14939779036602,14939779124091,14939784820102,5.929677,0.087489,5.696011,30720
live,1436,14939788890425,14939789044575,14939789139808,14939794555368,5.664943,0.095233,5.41556,30720
live,1437,14939798890425,14939799031587,14939799119076,14939804956178,6.065753,0.087489,5.837102,30720
live,1438,14939808890425,14939809037192,14939809127850,14939814486513,5.596088,0.090658,5.358663,30720
live,1439,14939818890425,14939819034125,14939819116366,14939824891291,6.000866,0.082241,5.774925,30720
live,1440,14939828890425,14939829039570,14939829120915,14939851247257,22.356832,0.081345,22.126342,30720
live,1441,14939838890425,14939839096440,14939851413180,14939854623078,15.732653,12.31674,3.209898,30720
live,1442,14939848890425,14939849018428,14939854759080,14939858067796,9.177371,5.740652,3.308716,30720
live,1443,14939858890425,14939859046369,14939859121698,14939862156746,3.266321,0.075329,3.035048,30720
live,1444,14939868890425,14939869022278,14939869081862,14939872429427,3.539002,0.059584,3.347565,30720
live,1445,14939878890425,14939879014250,14939879072555,14939882024050,3.133625,0.058305,2.951495,30720
live,1446,14939888890425,14939889049840,14939889139505,14939891990967,3.100542,0.089665,2.851462,30720
live,1447,14939898890425,14939899045909,14939899107702,14939902340289,3.449864,0.061793,3.232587,30720
live,1448,14939908890425,14939909008377,14939909069274,14939912469735,3.57931,0.060897,3.400461,30720
live,1449,14939918890425,14939919010558,14939919072607,14939922494220,3.603795,0.062049,3.421613,30720
live,1450,14939928890425,14939929011363,14939929077732,14939932600787,3.710362,0.066369,3.523055,30720
live,1451,14939938890425,14939939038792,14939939155210,14939943260512,4.370087,0.116418,4.105302,30720
live,1452,14939948890425,14939949055534,14939949130607,14939953577194,4.686769,0.075073,4.446587,30720
live,1453,14939958890425,14939959037810,14939959117267,14939963334155,4.44373,0.079457,4.216888,30720
live,1454,14939968890425,14939969040887,14939969146297,14939973433650,4.543225,0.10541,4.287353,30720
live,1455,14939978890425,14939979050300,14939979179262,14939983718266,4.827841,0.128962,4.539004,30720
live,1456,14939988890425,14939989051329,14939989130146,14939993524253,4.633828,0.078817,4.394107,30720
live,1457,14939998890425,14939999044358,14939999127591,14940003572962,4.682537,0.083233,4.445371,30720
live,1458,14940008890425,14940009066955,14940009151180,14940013574343,4.683918,0.084225,4.423163,30720
live,1459,14940018890425,14940019046448,14940019158449,14940023654189,4.763764,0.112001,4.49574,30720
live,1460,14940028890425,14940029038965,14940029123958,14940052950706,24.060281,0.084993,23.826748,30720
live,1461,14940038890425,14940039110618,14940053097844,14940056197502,17.307077,13.987226,3.099658,30720
live,1462,14940048890425,14940049079967,14940056313823,14940059290535,10.40011,7.233856,2.976712,30720
live,1463,14940058890425,14940059044163,14940059394248,14940062239022,3.348597,0.350085,2.844774,30720
live,1464,14940068890425,14940069012712,14940069084841,14940072553975,3.66355,0.072129,3.469134,30720
live,1465,14940078890425,14940079047629,14940079394834,14940083211365,4.32094,0.347205,3.816531,30720
live,1466,14940088890425,14940089309782,14940089835549,14940093993844,5.103419,0.525767,4.158295,30720
live,1467,14940098890425,14940099039063,14940099361467,14940103559443,4.669018,0.322404,4.197976,30720
live,1468,14940108890425,14940109020924,14940109364544,14940113820283,4.929858,0.34362,4.455739,30720
live,1469,14940118890425,14940119018561,14940119430822,14940124925007,6.034582,0.412261,5.494185,30720
live,1470,14940128890425,14940129057446,14940129457099,14940133654371,4.763946,0.399653,4.197272,30720
live,1471,14940138890425,14940139020362,14940139102571,14940143393125,4.5027,0.082209,4.290554,30720
live,1472,14940148890425,14940149067728,14940149176241,14940154173172,5.282747,0.108513,4.996931,30720
live,1473,14940158890425,14940159066133,14940159173878,14940163771251,4.880826,0.107745,4.597373,30720
live,1474,14940168890425,14940169052058,14940169152987,14940173171760,4.281335,0.100929,4.018773,30720
live,1475,14940178890425,14940179067231,14940179157664,14940183529530,4.639105,0.090433,4.371866,30720
live,1476,14940188890425,14940189059619,14940189142949,14940193912932,5.022507,0.08333,4.769983,30720
live,1477,14940198890425,14940199060552,14940199146250,14940204126924,5.236499,0.085698,4.980674,30720
live,1478,14940208890425,14940209058029,14940209156783,14940214110640,5.220215,0.098754,4.953857,30720
live,1479,14940218890425,14940219066674,14940219159092,14940223935315,5.04489,0.092418,4.776223,30720
live,1480,14940228890425,14940229064855,14940229156344,14940252833843,23.943418,0.091489,23.677499,30720
live,1481,14940238890425,14940239078908,14940253001109,14940256080350,17.189925,13.922201,3.079241,30720
live,1482,14940248890425,14940249044033,14940256196768,14940259330889,10.440464,7.152735,3.134121,30720
live,1483,14940258890425,14940259016837,14940259449867,14940262615413,3.724988,0.43303,3.165546,30720
live,1484,14940268890425,14940269023530,14940269097483,14940272166004,3.275579,0.073953,3.068521,30720
live,1485,14940278890425,14940279024463,14940279092272,14940282322555,3.43213,0.067809,3.230283,30720
live,1486,14940288890425,14940289023988,14940289085525,14940292530755,3.64033,0.061537,3.44523,30720
live,1487,14940298890425,14940299021529,14940299099674,14940302726186,3.835761,0.078145,3.626512,30720
live,1488,14940308890425,14940309046494,14940309134431,14940312975826,4.085401,0.087937,3.841395,30720
live,1489,14940318890425,14940319035939,14940319118820,14940323725153,4.834728,0.082881,4.606333,30720
live,1490,14940328890425,14940329085641,14940329183946,14940334552785,5.66236,0.098305,5.368839,30720
live,1491,14940338890425,14940339062861,14940339160623,14940345286912,6.396487,0.097762,6.126289,30720
live,1492,14940348890425,14940349071378,14940349173204,14940355472199,6.581774,0.101826,6.298995,30720
live,1493,14940358890425,14940359074199,14940359182713,14940365373995,6.48357,0.108514,6.191282,30720
live,1494,14940368890425,14940369072604,14940369170781,14940375241326,6.350901,0.098177,6.070545,30720
live,1495,14940378890425,14940379085057,14940379168130,14940384502985,5.61256,0.083073,5.334855,30720
live,1496,14940388890425,14940389060166,14940389158503,14940395425978,6.535553,0.098337,6.267475,30720
live,1497,14940398890425,14940399062091,14940399162796,14940404457522,5.567097,0.100705,5.294726,30720
live,1498,14940408890425,14940409077584,14940409178417,14940414378102,5.487677,0.100833,5.199685,30720
live,1499,14940418890425,14940419069525,14940419322904,14940424488989,5.598564,0.253379,5.166085,30720
