stage,sequence,release_ns,queued_ns,start_ns,end_ns,age_ms,queue_ms,service_ms,output_samples
live,0,14840263929547,14840264174990,14840264290480,14840301333410,37.403863,0.11549,37.04293,15360
live,1,14840273929547,14840274295190,14840301567045,14840306801195,32.871648,27.271855,5.23415,15360
live,2,14840283929547,14840284195611,14840306924717,14840311603244,27.673697,22.729106,4.678527,15360
live,3,14840293929547,14840294098112,14840311715885,14840315919910,21.990363,17.617773,4.204025,15360
live,4,14840303929547,14840304084838,14840316033287,14840320188767,16.25922,11.948449,4.15548,15360
live,5,14840313929547,14840314069581,14840320290816,14840324906590,10.977043,6.221235,4.615774,15360
live,6,14840323929547,14840324073139,14840324996064,14840329136919,5.207372,0.922925,4.140855,15360
live,7,14840333929547,14840334054841,14840334313117,14840338905563,4.976016,0.258276,4.592446,15360
live,8,14840343929547,14840344055008,14840344309379,14840348912993,4.983446,0.254371,4.603614,15360
live,9,14840353929547,14840354185320,14840354443819,14840359081514,5.151967,0.258499,4.637695,15360
live,10,14840363929547,14840364051373,14840364418930,14840369478838,5.549291,0.367557,5.059908,15360
live,11,14840373929547,14840374040115,14840374093972,14840378855380,4.925833,0.053857,4.761408,15360
live,12,14840383929547,14840384054809,14840384109978,14840388667095,4.737548,0.055169,4.557117,15360
live,13,14840393929547,14840394045184,14840394101248,14840398748607,4.81906,0.056064,4.647359,15360
live,14,14840403929547,14840404067590,14840404121543,14840408758406,4.828859,0.053953,4.636863,15360
live,15,14840413929547,14840414045965,14840414193615,14840418756620,4.827073,0.14765,4.563005,15360
live,16,14840423929547,14840424057363,14840424190325,14840428926965,4.997418,0.132962,4.73664,15360
live,17,14840433929547,14840434045465,14840434171739,14840438929307,4.99976,0.126274,4.757568,15360
live,18,14840443929547,14840444053376,14840444176034,14840448918881,4.989334,0.122658,4.742847,15360
live,19,14840453929547,14840454042502,14840454172840,14840458779622,4.850075,0.130338,4.606782,15360
live,20,14840463929547,14840464052973,14840464181262,14840494455589,30.526042,0.128289,30.274327,15360
live,21,14840473929547,14840474113460,14840494627080,14840499400328,25.470781,20.51362,4.773248,15360
live,22,14840483929547,14840484074330,14840499548586,14840503752226,19.822679,15.474256,4.20364,15360
live,23,14840493929547,14840494088801,14840503852484,14840508310496,14.380949,9.763683,4.458012,15360
live,24,14840503929547,14840504675887,14840508406273,14840512515736,8.586189,3.730386,4.109463,15360
live,25,14840513929547,14840514069133,14840514127214,14840518714380,4.784833,0.058081,4.587166,15360
live,26,14840523929547,14840524055763,14840524111124,14840528703154,4.773607,0.055361,4.59203,15360
live,27,14840533929547,14840534040794,14840534094810,14840538684792,4.755245,0.054016,4.589982,15360
live,28,14840543929547,14840544045856,14840544097985,14840548649086,4.719539,0.052129,4.551101,15360
live,29,14840553929547,14840554031526,14840554081607,14840559177259,5.247712,0.050081,5.095652,15360
live,30,14840563929547,14840564043725,14840564094638,14840568636683,4.707136,0.050913,4.542045,15360
live,31,14840573929547,14840574032499,14840574083188,14840578866644,4.937097,0.050689,4.783456,15360
live,32,14840583929547,14840584044954,14840584094234,14840589110750,5.181203,0.04928,5.016516,15360
live,33,14840593929547,14840594049472,14840594103553,14840598727103,4.797556,0.054081,4.62355,15360
live,34,14840603929547,14840604077159,14840604152040,14840609151307,5.22176,0.074881,4.999267,15360
live,35,14840613929547,14840614052493,14840614106414,14840618846894,4.917347,0.053921,4.74048,15360
live,36,14840623929547,14840624054292,14840624106516,14840628845844,4.916297,0.052224,4.739328,15360
live,37,14840633929547,14840634046714,14840634102779,14840639053629,5.124082,0.056065,4.95085,15360
live,38,14840643929547,14840644045856,14840644094017,14840648209208,4.279661,0.048161,4.115191,15360
live,39,14840653929547,14840654036583,14840654092135,14840658892040,4.962493,0.055552,4.799905,15360
live,40,14840663929547,14840664056013,14840664110126,14840694533319,30.603772,0.054113,30.423193,15360
live,41,14840673929547,14840674098196,14840694664777,14840699901455,25.971908,20.566581,5.236678,15360
live,42,14840683929547,14840684112731,14840700040369,14840704734576,20.805029,15.927638,4.694207,15360
live,43,14840693929547,14840694079809,14840704828913,14840709504880,15.575333,10.749104,4.675967,15360
live,44,14840703929547,14840704460620,14840709607666,14840714363345,10.433798,5.147046,4.755679,15360
live,45,14840713929547,14840714094350,14840714451571,14840719065681,5.136134,0.357221,4.61411,15360
live,46,14840723929547,14840724064532,14840724123189,14840728717170,4.787623,0.058657,4.593981,15360
live,47,14840733929547,14840734047354,14840734098459,14840738685944,4.756397,0.051105,4.587485,15360
live,48,14840743929547,14840744058721,14840744120289,14840748739488,4.809941,0.061568,4.619199,15360
live,49,14840753929547,14840754049159,14840754103112,14840758661701,4.732154,0.053953,4.558589,15360
live,50,14840763929547,14840764089166,14840764160175,14840768727948,4.798401,0.071009,4.567773,15360
live,51,14840773929547,14840774054932,14840774106965,14840778666546,4.736999,0.052033,4.559581,15360
live,52,14840783929547,14840784047066,14840784100955,14840788818234,4.888687,0.053889,4.717279,15360
live,53,14840793929547,14840794042944,14840794092385,14840798675359,4.745812,0.049441,4.582974,15360
live,54,14840803929547,14840804043015,14840804091560,14840808819591,4.890044,0.048545,4.728031,15360
live,55,14840813929547,14840814045133,14840814095342,14840818660619,4.731072,0.050209,4.565277,15360
live,56,14840823929547,14840824045332,14840824095188,14840828618705,4.689158,0.049856,4.523517,15360
live,57,14840833929547,14840834087739,14840834165372,14840838896347,4.9668,0.077633,4.730975,15360
live,58,14840843929547,14840844113602,14840844173186,14840848847809,4.918262,0.059584,4.674623,15360
live,59,14840853929547,14840854046855,14840854129128,14840858664869,4.735322,0.082273,4.535741,15360
live,60,14840863929547,14840864096942,14840864153071,14840894403974,30.474427,0.056129,30.250903,15360
live,61,14840873929547,14840874121589,14840894539847,14840899275879,25.346332,20.418258,4.736032,15360
live,62,14840883929547,14840884072347,14840899401193,14840903601249,19.671702,15.328846,4.200056,15360
live,63,14840893929547,14840894078433,14840903710659,14840907936827,14.00728,9.632226,4.226168,15360
live,64,14840903929547,14840904078152,14840908047037,14840912678843,8.749296,3.968885,4.631806,15360
live,65,14840913929547,14840914546676,14840914717303,14840919392821,5.463274,0.170627,4.675518,15360
live,66,14840923929547,14840924154197,14840924255351,14840928769555,4.840008,0.101154,4.514204,15360
live,67,14840933929547,14840934080699,14840934165404,14840938741594,4.812047,0.084705,4.57619,15360
live,68,14840943929547,14840944071617,14840944153506,14840948679135,4.749588,0.081889,4.525629,15360
live,69,14840953929547,14840954065447,14840954143593,14840958684230,4.754683,0.078146,4.540637,15360
live,70,14840963929547,14840964060014,14840964139279,14840968726669,4.797122,0.079265,4.58739,15360
live,71,14840973929547,14840974064052,14840974140117,14840978709331,4.779784,0.076065,4.569214,15360
live,72,14840983929547,14840984063611,14840984138780,14840988705337,4.77579,0.075169,4.566557,15360
live,73,14840993929547,14840994061089,14840994137346,14840999137381,5.207834,0.076257,5.000035,15360
live,74,14841003929547,14841004064423,14841004141833,14841008810247,4.8807,0.07741,4.668414,15360
live,75,14841013929547,14841014060366,14841014135855,14841018672748,4.743201,0.075489,4.536893,15360
live,76,14841023929547,14841024116565,14841024195670,14841028788052,4.858505,0.079105,4.592382,15360
live,77,14841033929547,14841034141980,14841034239773,14841038841051,4.911504,0.097793,4.601278,15360
live,78,14841043929547,14841044121314,14841044221283,14841048931875,5.002328,0.099969,4.710592,15360
live,79,14841053929547,14841054080232,14841054168265,14841058741094,4.811547,0.088033,4.572829,15360
live,80,14841063929547,14841064071534,14841064154607,14841093374904,29.445357,0.083073,29.220297,15360
live,81,14841073929547,14841074061300,14841093520730,14841097860820,23.931273,19.45943,4.34009,15360
live,82,14841083929547,14841084096859,14841097974198,14841102574004,18.644457,13.877339,4.599806,15360
live,83,14841093929547,14841094058401,14841102680181,14841106890478,12.960931,8.62178,4.210297,15360
live,84,14841103929547,14841104071208,14841106996175,14841111140167,7.21062,2.924967,4.143992,15360
live,85,14841113929547,14841114055726,14841114136399,14841118638027,4.70848,0.080673,4.501628,15360
live,86,14841123929547,14841124062548,14841124137589,14841128713907,4.78436,0.075041,4.576318,15360
live,87,14841133929547,14841134062683,14841134136636,14841138736250,4.806703,0.073953,4.599614,15360
live,88,14841143929547,14841144063489,14841144144418,14841148680063,4.750516,0.080929,4.535645,15360
live,89,14841153929547,14841154058855,14841154133320,14841158710438,4.780891,0.074465,4.577118,15360
live,90,14841163929547,14841164061710,14841164141999,14841168868207,4.93866,0.080289,4.726208,15360
live,91,14841173929547,14841174058740,14841174132981,14841178718387,4.78884,0.074241,4.585406,15360
live,92,14841183929547,14841184063579,14841184139324,14841188662873,4.733326,0.075745,4.523549,15360
live,93,14841193929547,14841194059425,14841194134978,14841198649951,4.720404,0.075553,4.514973,15360
live,94,14841203929547,14841204063688,14841204138729,14841208852232,4.922685,0.075041,4.713503,15360
live,95,14841213929547,14841214060462,14841214134319,14841219162290,5.232743,0.073857,5.027971,15360
live,96,14841223929547,14841224061876,14841224140373,14841228839061,4.909514,0.078497,4.698688,15360
live,97,14841233929547,14841234060155,14841234150300,14841238692601,4.763054,0.090145,4.542301,15360
live,98,14841243929547,14841244060545,14841244135522,14841248660383,4.730836,0.074977,4.524861,15360
live,99,14841253929547,14841254063624,14841254131688,14841258638245,4.708698,0.068064,4.506557,15360
live,100,14841263929547,14841264063054,14841264141807,14841294011456,30.081909,0.078753,29.869649,15360
live,101,14841273929547,14841274059316,14841294179555,14841298486173,24.556626,20.120239,4.306618,15360
live,102,14841283929547,14841284063739,14841298601406,14841302778550,18.849003,14.537667,4.177144,15360
live,103,14841293929547,14841294376453,14841302886712,14841307092400,13.162853,8.510259,4.205688,15360
live,104,14841303929547,14841304066184,14841307194898,14841311396554,7.467007,3.128714,4.201656,15360
live,105,14841313929547,14841314373714,14841314488980,14841319675481,5.745934,0.115266,5.186501,15360
live,106,14841323929547,14841324094069,14841324184534,14841328897813,4.968266,0.090465,4.713279,15360
live,107,14841333929547,14841334074043,14841334155356,14841338724217,4.79467,0.081313,4.568861,15360
live,108,14841343929547,14841344067617,14841344147650,14841348673247,4.7437,0.080033,4.525597,15360
live,109,14841353929547,14841354063624,14841354140681,14841358707494,4.777947,0.077057,4.566813,15360
live,110,14841363929547,14841364065742,14841364143151,14841368818510,4.888963,0.077409,4.675359,15360
live,111,14841373929547,14841374061524,14841374137173,14841378703795,4.774248,0.075649,4.566622,15360
live,112,14841383929547,14841384063803,14841384142460,14841388708857,4.77931,0.078657,4.566397,15360
live,113,14841393929547,14841394062913,14841394137026,14841398649087,4.71954,0.074113,4.512061,15360
live,114,14841403929547,14841404065480,14841404139945,14841409263437,5.33389,0.074465,5.123492,15360
live,115,14841413929547,14841414063246,14841414135887,14841419311285,5.381738,0.072641,5.175398,15360
live,116,14841423929547,14841424251127,14841424329240,14841429360380,5.430833,0.078113,5.03114,15360
live,117,14841433929547,14841434064923,14841434140028,14841438655193,4.725646,0.075105,4.515165,15360
live,118,14841443929547,14841444061121,14841444135042,14841448697119,4.767572,0.073921,4.562077,15360
live,119,14841453929547,14841454062152,14841454130537,14841458646949,4.717402,0.068385,4.516412,15360
live,120,14841463929547,14841464074254,14841464149583,14841493798046,29.868499,0.075329,29.648463,15360
live,121,14841473929547,14841474064500,14841493941152,14841498266874,24.337327,19.876652,4.325722,15360
live,122,14841483929547,14841484064923,14841498382331,14841502892856,18.963309,14.317408,4.510525,15360
live,123,14841493929547,14841494223555,14841502999673,14841508197119,14.267572,8.776118,5.197446,15360
live,124,14841503929547,14841504073448,14841508306017,14841513445382,9.515835,4.232569,5.139365,15360
live,125,14841513929547,14841514062990,14841514140079,14841519349749,5.420202,0.077089,5.20967,15360
live,126,14841523929547,14841524065332,14841524142774,14841529437917,5.50837,0.077442,5.295143,15360
live,127,14841533929547,14841534061531,14841534137532,14841539305089,5.375542,0.076001,5.167557,15360
live,128,14841543929547,14841544063585,14841544137442,14841549262951,5.333404,0.073857,5.125509,15360
live,129,14841553929547,14841554060360,14841554132457,14841559172204,5.242657,0.072097,5.039747,15360
live,130,14841563929547,14841564062510,14841564137711,14841568807534,4.877987,0.075201,4.669823,15360
live,131,14841573929547,14841574058964,14841574132117,14841578701203,4.771656,0.073153,4.569086,15360
live,132,14841583929547,14841584059227,14841584132412,14841588654713,4.725166,0.073185,4.522301,15360
live,133,14841593929547,14841594060545,14841594134562,14841598680255,4.750708,0.074017,4.545693,15360
live,134,14841603929547,14841604065480,14841604142089,14841608639813,4.710266,0.076609,4.497724,15360
live,135,14841613929547,14841614061614,14841614134607,14841618645004,4.715457,0.072993,4.510397,15360
live,136,14841623929547,14841624062740,14841624136469,14841628807380,4.877833,0.073729,4.670911,15360
live,137,14841633929547,14841634063291,14841634138588,14841638729626,4.800079,0.075297,4.591038,15360
live,138,14841643929547,14841644062561,14841644136002,14841648672607,4.74306,0.073441,4.536605,15360
live,139,14841653929547,14841654061896,14841654128809,14841658702598,4.773051,0.066913,4.573789,15360
live,140,14841663929547,14841664062030,14841664135887,14841693936928,30.007381,0.073857,29.801041,15360
live,141,14841673929547,14841674064788,14841694138210,14841698941219,25.011672,20.073422,4.803009,15360
live,142,14841683929547,14841684100987,14841699065701,14841704191881,20.262334,14.964714,5.12618,15360
live,143,14841693929547,14841694185891,14841704310571,14841708948073,15.018526,10.12468,4.637502,15360
live,144,14841703929547,14841704105128,14841709060107,14841713384485,9.454938,4.954979,4.324378,15360
live,145,14841713929547,14841714069390,14841714146543,14841718715181,4.785634,0.077153,4.568638,15360
live,146,14841723929547,14841724064053,14841724139542,14841728972374,5.042827,0.075489,4.832832,15360
live,147,14841733929547,14841734057275,14841734128348,14841738680921,4.751374,0.071073,4.552573,15360
live,148,14841743929547,14841744063713,14841744136386,14841748653887,4.72434,0.072673,4.517501,15360
live,149,14841753929547,14841754060104,14841754135113,14841758687046,4.757499,0.075009,4.551933,15360
live,150,14841763929547,14841764067246,14841764145295,14841768820750,4.891203,0.078049,4.675455,15360
live,151,14841773929547,14841774061876,14841774136405,14841778698419,4.768872,0.074529,4.562014,15360
live,152,14841783929547,14841784121020,14841784197117,14841788717465,4.787918,0.076097,4.520348,15360
live,153,14841793929547,14841794083970,14841794159171,14841798676287,4.74674,0.075201,4.517116,15360
live,154,14841803929547,14841804064712,14841804138281,14841808617285,4.687738,0.073569,4.479004,15360
live,155,14841813929547,14841814061550,14841814134671,14841818982192,5.052645,0.073121,4.847521,15360
live,156,14841823929547,14841824132949,14841824233559,14841829440445,5.510898,0.10061,5.206886,15360
live,157,14841833929547,14841834086139,14841834176028,14841838864347,4.9348,0.089889,4.688319,15360
live,158,14841843929547,14841844084962,14841844170979,14841848967459,5.037912,0.086017,4.79648,15360
live,159,14841853929547,14841854069672,14841854147017,14841858841384,4.911837,0.077345,4.694367,15360
live,160,14841863929547,14841864066350,14841864134063,14841893269815,29.340268,0.067713,29.135752,15360
live,161,14841873929547,14841874065397,14841893413753,14841897700818,23.771271,19.348356,4.287065,15360
live,162,14841883929547,14841884069691,14841897818804,14841902026604,18.097057,13.749113,4.2078,15360
live,163,14841893929547,14841894059073,14841902137614,14841906349094,12.419547,8.078541,4.21148,15360
live,164,14841903929547,14841904071624,14841906450696,14841910629472,6.699925,2.379072,4.178776,15360
live,165,14841913929547,14841914057838,14841914134159,14841919080754,5.151207,0.076321,4.946595,15360
live,166,14841923929547,14841924066133,14841924143510,14841929321563,5.392016,0.077377,5.178053,15360
live,167,14841933929547,14841934061563,14841934134492,14841939309697,5.38015,0.072929,5.175205,15360
live,168,14841943929547,14841944062817,14841944137826,14841949260743,5.331196,0.075009,5.122917,15360
live,169,14841953929547,14841954059976,14841954131337,14841959290254,5.360707,0.071361,5.158917,15360
live,170,14841963929547,14841964063694,14841964148399,14841969267444,5.337897,0.084705,5.119045,15360
live,171,14841973929547,14841974063541,14841974137366,14841979273339,5.343792,0.073825,5.135973,15360
live,172,14841983929547,14841984060699,14841984133564,14841989015453,5.085906,0.072865,4.881889,15360
live,173,14841993929547,14841994061121,14841994132962,14841998690144,4.760597,0.071841,4.557182,15360
live,174,14842003929547,14842004063208,14842004141353,14842008372354,4.442807,0.078145,4.231001,15360
live,175,14842013929547,14842014062446,14842014154223,14842018714669,4.785122,0.091777,4.560446,15360
live,176,14842023929547,14842024062708,14842024135765,14842028542897,4.61335,0.073057,4.407132,15360
live,177,14842033929547,14842034158716,14842034302782,14842039072094,5.142547,0.144066,4.769312,15360
live,178,14842043929547,14842044065633,14842044134722,14842048678591,4.749044,0.069089,4.543869,15360
live,179,14842053929547,14842054053672,14842054129001,14842058862856,4.933309,0.075329,4.733855,15360
live,180,14842063929547,14842064060110,14842064137711,14842094376261,30.446714,0.077601,30.23855,15360
live,181,14842073929547,14842074064980,14842094523079,14842099224423,25.294876,20.458099,4.701344,15360
live,182,14842083929547,14842084066363,14842099347240,14842103562657,19.63311,15.280877,4.215417,15360
live,183,14842093929547,14842094061121,14842103673986,14842107886331,13.956784,9.612865,4.212345,15360
live,184,14842103929547,14842104062248,14842107998300,14842112128020,8.198473,3.936052,4.12972,15360
live,185,14842113929547,14842114056398,14842114130863,14842118704172,4.774625,0.074465,4.573309,15360
live,186,14842123929547,14842124063060,14842124141301,14842128673394,4.743847,0.078241,4.532093,15360
live,187,14842133929547,14842134059483,14842134134332,14842138771866,4.842319,0.074849,4.637534,15360
live,188,14842143929547,14842144063265,14842144140418,14842148716832,4.787285,0.077153,4.576414,15360
live,189,14842153929547,14842154084232,14842154173577,14842158726918,4.797371,0.089345,4.553341,15360
live,190,14842163929547,14842164073358,14842164152527,14842168676268,4.746721,0.079169,4.523741,15360
live,191,14842173929547,14842174063828,14842174141781,14842178737811,4.808264,0.077953,4.59603,15360
live,192,14842183929547,14842184065979,14842184140092,14842188980285,5.050738,0.074113,4.840193,15360
live,193,14842193929547,14842194067521,14842194143810,14842198710303,4.780756,0.076289,4.566493,15360
live,194,14842203929547,14842204063079,14842204140904,14842208251264,4.321717,0.077825,4.11036,15360
live,195,14842213929547,14842214062798,14842214140207,14842218248390,4.318843,0.077409,4.108183,15360
live,196,14842223929547,14842224064948,14842224139925,14842228505872,4.576325,0.074977,4.365947,15360
live,197,14842233929547,14842234061339,14842234128955,14842238971421,5.041874,0.067616,4.842466,15360
live,198,14842243929547,14842244061505,14842244133826,14842248379547,4.45,0.072321,4.245721,15360
live,199,14842253929547,14842254063175,14842254157705,14842258738822,4.809275,0.09453,4.581117,15360
live,200,14842263929547,14842264067214,14842264143311,14842293849182,29.919635,0.076097,29.705871,15360
live,201,14842273929547,14842274066932,14842293993376,14842299128037,25.19849,19.926444,5.134661,15360
live,202,14842283929547,14842284070139,14842299251847,14842304491053,20.561506,15.181708,5.239206,15360
live,203,14842293929547,14842294218691,14842304605135,14842309842677,15.91313,10.386444,5.237542,15360
live,204,14842303929547,14842304064871,14842309953462,14842314921657,10.99211,5.888591,4.968195,15360
live,205,14842313929547,14842314119374,14842315031867,14842319244563,5.315016,0.912493,4.212696,15360
live,206,14842323929547,14842324071572,14842324146517,14842328183723,4.254176,0.074945,4.037206,15360
live,207,14842333929547,14842334063738,14842334138683,14842338696185,4.766638,0.074945,4.557502,15360
live,208,14842343929547,14842344063553,14842344139042,14842348673567,4.74402,0.075489,4.534525,15360
live,209,14842353929547,14842354061159,14842354135144,14842358772359,4.842812,0.073985,4.637215,15360
live,210,14842363929547,14842364063630,14842364139983,14842368679084,4.749537,0.076353,4.539101,15360
live,211,14842373929547,14842374066964,14842374144757,14842378674386,4.744839,0.077793,4.529629,15360
live,212,14842383929547,14842384080059,14842384163196,14842388722457,4.79291,0.083137,4.559261,15360
live,213,14842393929547,14842394063937,14842394140130,14842398725567,4.79602,0.076193,4.585437,15360
live,214,14842403929547,14842404062503,14842404139752,14842408663621,4.734074,0.077249,4.523869,15360
live,215,14842413929547,14842414060270,14842414135695,14842418685260,4.755713,0.075425,4.549565,15360
live,216,14842423929547,14842424064148,14842424155253,14842428866964,4.937417,0.091105,4.711711,15360
live,217,14842433929547,14842434063930,14842434129243,14842438724281,4.794734,0.065313,4.595038,15360
live,218,14842443929547,14842444072289,14842444146306,14842448705183,4.775636,0.074017,4.558877,15360
live,219,14842453929547,14842454061543,14842454151656,14842458730502,4.800955,0.090113,4.578846,15360
live,220,14842463929547,14842464061997,14842464138062,14842493669755,29.740208,0.076065,29.531693,15360
live,221,14842473929547,14842474064468,14842493824125,14842498091351,24.161804,19.759657,4.267226,15360
live,222,14842483929547,14842484113691,14842498188760,14842501897290,17.967743,14.075069,3.70853,15360
live,223,14842493929547,14842494487142,14842501981867,14842505899680,11.970133,7.494725,3.917813,15360
live,224,14842503929547,14842504067271,14842505986849,14842510113272,6.183725,1.919578,4.126423,15360
live,225,14842513929547,14842514061549,14842514130286,14842518237190,4.307643,0.068737,4.106904,15360
live,226,14842523929547,14842524064916,14842524140693,14842528673874,4.744327,0.075777,4.533181,15360
live,227,14842533929547,14842534061754,14842534135931,14842538699864,4.770317,0.074177,4.563933,15360
live,228,14842543929547,14842544115745,14842544194530,14842548790176,4.860629,0.078785,4.595646,15360
live,229,14842553929547,14842554088199,14842554165704,14842558701957,4.77241,0.077505,4.536253,15360
live,230,14842563929547,14842564064429,14842564141582,14842568771245,4.841698,0.077153,4.629663,15360
live,231,14842573929547,14842574064692,14842574139477,14842578682930,4.753383,0.074785,4.543453,15360
live,232,14842583929547,14842584064634,14842584143707,14842588879739,4.950192,0.079073,4.736032,15360
live,233,14842593929547,14842594061408,14842594148226,14842598811968,4.882421,0.086818,4.663742,15360
live,234,14842603929547,14842604133352,14842604242249,14842608326848,4.397301,0.108897,4.084599,15360
live,235,14842613929547,14842614081102,14842614168879,14842618623275,4.693728,0.087777,4.454396,15360
live,236,14842623929547,14842624074804,14842624158805,14842628950165,5.020618,0.084001,4.79136,15360
live,237,14842633929547,14842634068122,14842634148443,14842638662872,4.733325,0.080321,4.514429,15360
live,238,14842643929547,14842644068641,14842644142721,14842648647774,4.718227,0.07408,4.505053,15360
live,239,14842653929547,14842654062343,14842654139816,14842658266303,4.336756,0.077473,4.126487,15360
live,240,14842663929547,14842664065069,14842664145326,14842693282646,29.353099,0.080257,29.13732,15360
live,241,14842673929547,14842674071572,14842693410648,14842697156746,23.227199,19.339076,3.746098,15360
live,242,14842683929547,14842684065210,14842697251659,14842700951261,17.021714,13.186449,3.699602,15360
live,243,14842693929547,14842694056672,14842701034654,14842704782416,10.852869,6.977982,3.747762,15360
live,244,14842703929547,14842704129096,14842704865490,14842708492962,4.563415,0.736394,3.627472,15360
live,245,14842713929547,14842714065645,14842714140846,14842717795103,3.865556,0.075201,3.654257,15360
live,246,14842723929547,14842724062996,14842724133268,14842727676452,3.746905,0.070272,3.543184,15360
live,247,14842733929547,14842734064538,14842734139451,14842737787884,3.858337,0.074913,3.648433,15360
live,248,14842743929547,14842744065888,14842744135361,14842747695153,3.765606,0.069473,3.559792,15360
live,249,14842753929547,14842754063175,14842754131944,14842757808569,3.879022,0.068769,3.676625,15360
live,250,14842763929547,14842764063565,14842764154254,14842768067427,4.13788,0.090689,3.913173,15360
live,251,14842773929547,14842774063603,14842774134164,14842778055209,4.125662,0.070561,3.921045,15360
live,252,14842783929547,14842784063514,14842784133115,14842787928846,3.999299,0.069601,3.795731,15360
live,253,14842793929547,14842794062752,14842794134753,14842797929524,3.999977,0.072001,3.794771,15360
live,254,14842803929547,14842804098631,14842804184872,14842808276351,4.346804,0.086241,4.091479,15360
live,255,14842813929547,14842814108206,14842814204239,14842818201925,4.272378,0.096033,3.997686,15360
live,256,14842823929547,14842824088628,14842824172981,14842828613553,4.684006,0.084353,4.440572,15360
live,257,14842833929547,14842834065146,14842834135963,14842838258706,4.329159,0.070817,4.122743,15360
live,258,14842843929547,14842844069312,14842844147393,14842849302119,5.372572,0.078081,5.154726,15360
live,259,14842853929547,14842854062599,14842854137928,14842859490575,5.561028,0.075329,5.352647,15360
live,260,14842863929547,14842864063277,14842864140782,14842894866091,30.936544,0.077505,30.725309,15360
live,261,14842873929547,14842874065811,14842895009709,14842899249350,25.319803,20.943898,4.239641,15360
live,262,14842883929547,14842884076058,14842899372839,14842903854308,19.924761,15.296781,4.481469,15360
live,263,14842893929547,14842894174210,14842903967877,14842908244031,14.314484,9.793667,4.276154,15360
live,264,14842903929547,14842904227113,14842908356384,14842912463255,8.533708,4.129271,4.106871,15360
live,265,14842913929547,14842914063533,14842914137230,14842918747436,4.817889,0.073697,4.610206,15360
live,266,14842923929547,14842924063347,14842924137556,14842928732754,4.803207,0.074209,4.595198,15360
live,267,14842933929547,14842934064634,14842934137723,14842938275186,4.345639,0.073089,4.137463,15360
live,268,14842943929547,14842944096096,14842944174658,14842948748831,4.819284,0.078562,4.574173,15360
live,269,14842953929547,14842954068038,14842954144199,14842958730245,4.800698,0.076161,4.586046,15360
live,270,14842963929547,14842964062413,14842964138286,14842968691051,4.761504,0.075873,4.552765,15360
live,271,14842973929547,14842974061299,14842974137684,14842978751602,4.822055,0.076385,4.613918,15360
live,272,14842983929547,14842984065466,14842984142139,14842989168190,5.238643,0.076673,5.026051,15360
live,273,14842993929547,14842994064832,14842994140353,14842998694590,4.765043,0.075521,4.554237,15360
live,274,14843003929547,14843004149447,14843004273001,14843008973736,5.044189,0.123554,4.700735,15360
live,275,14843013929547,14843014064781,14843014139566,14843018695563,4.766016,0.074785,4.555997,15360
live,276,14843023929547,14843024064179,14843024139092,14843028938837,5.00929,0.074913,4.799745,15360
live,277,14843033929547,14843034066905,14843034141882,14843038694872,4.765325,0.074977,4.55299,15360
live,278,14843043929547,14843044064032,14843044139137,14843048644061,4.714514,0.075105,4.504924,15360
live,279,14843053929547,14843054059782,14843054134631,14843058671812,4.742265,0.074849,4.537181,15360
live,280,14843063929547,14843064062892,14843064138158,14843094376484,30.446937,0.075266,30.238326,15360
live,281,14843073929547,14843074070259,14843094519302,14843099232997,25.30345,20.449043,4.713695,15360
live,282,14843083929547,14843084067417,14843099359335,14843103522175,19.592628,15.291918,4.16284,15360
live,283,14843093929547,14843094128896,14843103633088,14843108281183,14.351636,9.504192,4.648095,15360
live,284,14843103929547,14843104068230,14843108387552,14843112529720,8.600173,4.319322,4.142168,15360
live,285,14843113929547,14843114054924,14843114129165,14843118728683,4.799136,0.074241,4.599518,15360
live,286,14843123929547,14843124065747,14843124141588,14843128721745,4.792198,0.075841,4.580157,15360
live,287,14843133929547,14843134061177,14843134136154,14843138714808,4.785261,0.074977,4.578654,15360
live,288,14843143929547,14843144065247,14843144139136,14843148727550,4.798003,0.073889,4.588414,15360
live,289,14843153929547,14843154064806,14843154136999,14843159113802,5.184255,0.072193,4.976803,15360
live,290,14843163929547,14843164062060,14843164135597,14843168684298,4.754751,0.073537,4.548701,15360
live,291,14843173929547,14843174063699,14843174136404,14843178726577,4.79703,0.072705,4.590173,15360
live,292,14843183929547,14843184061273,14843184146522,14843189050620,5.121073,0.085249,4.904098,15360
live,293,14843193929547,14843194063807,14843194135200,14843198684413,4.754866,0.071393,4.549213,15360
live,294,14843203929547,14843204061990,14843204140455,14843208675620,4.746073,0.078465,4.535165,15360
live,295,14843213929547,14843214058892,14843214135277,14843218699242,4.769695,0.076385,4.563965,15360
live,296,14843223929547,14843224064626,14843224138643,14843228691281,4.761734,0.074017,4.552638,15360
live,297,14843233929547,14843234059897,14843234135354,14843238693975,4.764428,0.075457,4.558621,15360
live,298,14843243929547,14843244074943,14843244153056,14843249482760,5.553213,0.078113,5.329704,15360
live,299,14843253929547,14843254059685,14843254138343,14843258753285,4.823738,0.078658,4.614942,15360
live,300,14843263929547,14843264061836,14843264136525,14843293856988,29.927441,0.074689,29.720463,15360
live,301,14843273929547,14843274064466,14843294001822,14843298765406,24.835859,19.937356,4.763584,15360
live,302,14843283929547,14843284111641,14843298882720,14843303052952,19.123405,14.771079,4.170232,15360
live,303,14843293929547,14843294237761,14843303160185,14843307328881,13.399334,8.922424,4.168696,15360
live,304,14843303929547,14843304124870,14843307433779,14843311880974,7.951427,3.308909,4.447195,15360
live,305,14843313929547,14843314082348,14843314157005,14843318751723,4.822176,0.074657,4.594718,15360
live,306,14843323929547,14843324068786,14843324145203,14843328715441,4.785894,0.076417,4.570238,15360
live,307,14843333929547,14843334064601,14843334140090,14843338721943,4.792396,0.075489,4.581853,15360
live,308,14843343929547,14843344062943,14843344139392,14843348716669,4.787122,0.076449,4.577277,15360
live,309,14843353929547,14843354066373,14843354142054,14843358715684,4.786137,0.075681,4.57363,15360
live,310,14843363929547,14843364060812,14843364136013,14843368684778,4.755231,0.075201,4.548765,15360
live,311,14843373929547,14843374059698,14843374359926,14843378216490,4.286943,0.300228,3.856564,15360
live,312,14843383929547,14843384073784,14843384146809,14843387795626,3.866079,0.073025,3.648817,15360
live,313,14843393929547,14843394060479,14843394130816,14843398176406,4.246859,0.070337,4.04559,15360
live,314,14843403929547,14843404062021,14843404340361,14843408950055,5.020508,0.27834,4.609694,15360
live,315,14843413929547,14843414133708,14843414212237,14843419089007,5.15946,0.078529,4.87677,15360
live,316,14843423929547,14843424066706,14843424143955,14843428733809,4.804262,0.077249,4.589854,15360
live,317,14843433929547,14843434066872,14843434146617,14843439340095,5.410548,0.079745,5.193478,15360
live,318,14843443929547,14843444063647,14843444141792,14843449537192,5.607645,0.078145,5.3954,15360
live,319,14843453929547,14843454060389,14843454126598,14843459260523,5.330976,0.066209,5.133925,15360
live,320,14843463929547,14843464069227,14843464136556,14843493823291,29.893744,0.067329,29.686735,15360
live,321,14843473929547,14843474053970,14843493973501,14843498728957,24.79941,19.919531,4.755456,15360
live,322,14843483929547,14843484091928,14843498848895,14843503064887,19.13534,14.756967,4.215992,15360
live,323,14843493929547,14843494198240,14843503174457,14843507338929,13.409382,8.976217,4.164472,15360
live,324,14843503929547,14843504073605,14843507444434,14843511863022,7.933475,3.370829,4.418588,15360
live,325,14843513929547,14843514061003,14843514139340,14843518914956,4.985409,0.078337,4.775616,15360
live,326,14843523929547,14843524066386,14843524144819,14843528692432,4.762885,0.078433,4.547613,15360
live,327,14843533929547,14843534063128,14843534139417,14843538746743,4.817196,0.076289,4.607326,15360
live,328,14843543929547,14843544064190,14843544139263,14843548702941,4.773394,0.075073,4.563678,15360
live,329,14843553929547,14843554057445,14843554129766,14843558698883,4.769336,0.072321,4.569117,15360
live,330,14843563929547,14843564070667,14843564145420,14843569291601,5.362054,0.074753,5.146181,15360
live,331,14843573929547,14843574061361,14843574133842,14843578695312,4.765765,0.072481,4.56147,15360
live,332,14843583929547,14843584061784,14843584136953,14843588859608,4.930061,0.075169,4.722655,15360
live,333,14843593929547,14843594171136,14843594253057,14843598790014,4.860467,0.081921,4.536957,15360
live,334,14843603929547,14843604069701,14843604148326,14843608715107,4.78556,0.078625,4.566781,15360
live,335,14843613929547,14843614062443,14843614139180,14843618884876,4.955329,0.076737,4.745696,15360
live,336,14843623929547,14843624059857,14843624135506,14843628689391,4.759844,0.075649,4.553885,15360
live,337,14843633929547,14843634060632,14843634135673,14843638718326,4.788779,0.075041,4.582653,15360
live,338,14843643929547,14843644061150,14843644135231,14843648700028,4.770481,0.074081,4.564797,15360
live,339,14843653929547,14843654062244,14843654129797,14843658743747,4.8142,0.067553,4.61395,15360
live,340,14843663929547,14843664073131,14843664148620,14843694267137,30.33759,0.075489,30.118517,15360
live,341,14843673929547,14843674059345,14843694410690,14843698843710,24.914163,20.351345,4.43302,15360
live,342,14843683929547,14843684124664,14843698970752,14843702833044,18.903497,14.846088,3.862292,15360
live,343,14843693929547,14843694134463,14843702925237,14843706711176,12.781629,8.790774,3.785939,15360
live,344,14843703929547,14843704068036,14843706809865,14843710622140,6.692593,2.741829,3.812275,15360
live,345,14843713929547,14843714063371,14843714139020,14843717783581,3.854034,0.075649,3.644561,15360
live,346,14843723929547,14843724064209,14843724131570,14843727709986,3.780439,0.067361,3.578416,15360
live,347,14843733929547,14843734059415,14843734125912,14843737745609,3.816062,0.066497,3.619697,15360
live,348,14843743929547,14843744062910,14843744132127,14843748158805,4.229258,0.069217,4.026678,15360
live,349,14843753929547,14843754060900,14843754132453,14843758686754,4.757207,0.071553,4.554301,15360
live,350,14843763929547,14843764057450,14843764127499,14843768765866,4.836319,0.070049,4.638367,15360
live,351,14843773929547,14843774048657,14843774111857,14843778230249,4.300702,0.0632,4.118392,15360
live,352,14843783929547,14843784127832,14843784230201,14843788735126,4.805579,0.102369,4.504925,15360
live,353,14843793929547,14843794079486,14843794163743,14843798719132,4.789585,0.084257,4.555389,15360
live,354,14843803929547,14843804077732,14843804160421,14843808475135,4.545588,0.082689,4.314714,15360
live,355,14843813929547,14843814067402,14843814141451,14843818260643,4.331096,0.074049,4.119192,15360
live,356,14843823929547,14843824073777,14843824156882,14843828606734,4.677187,0.083105,4.449852,15360
live,357,14843833929547,14843834067191,14843834138904,14843838480306,4.550759,0.071713,4.341402,15360
live,358,14843843929547,14843844076446,14843844156319,14843848951359,5.021812,0.079873,4.79504,15360
live,359,14843853929547,14843854069604,14843854144229,14843858663682,4.734135,0.074625,4.519453,15360
live,360,14843863929547,14843864064490,14843864140363,14843894024989,30.095442,0.075873,29.884626,15360
live,361,14843873929547,14843874082961,14843894178175,14843897984530,24.054983,20.095214,3.806355,15360
live,362,14843883929547,14843884063159,14843898075507,14843901785381,17.855834,14.012348,3.709874,15360
live,363,14843893929547,14843894331969,14843901870534,14843905523255,11.593708,7.538565,3.652721,15360
live,364,14843903929547,14843904067012,14843905604696,14843909213705,5.284158,1.537684,3.609009,15360
live,365,14843913929547,14843914057770,14843914132011,14843917911870,3.982323,0.074241,3.779859,15360
live,366,14843923929547,14843924065488,14843924239091,14843928332842,4.403295,0.173603,4.093751,15360
live,367,14843933929547,14843934068855,14843934145208,14843937760840,3.831293,0.076353,3.615632,15360
live,368,14843943929547,14843944063837,14843944133310,14843947696782,3.767235,0.069473,3.563472,15360
live,369,14843953929547,14843954059107,14843954129540,14843957776053,3.846506,0.070433,3.646513,15360
live,370,14843963929547,14843964059658,14843964125899,14843967737435,3.807888,0.066241,3.611536,15360
live,371,14843973929547,14843974062672,14843974129809,14843977687169,3.757622,0.067137,3.55736,15360
live,372,14843983929547,14843984071639,14843984137207,14843987956715,4.027168,0.065568,3.819508,15360
live,373,14843993929547,14843994061789,14843994126878,14843998106355,4.176808,0.065089,3.979477,15360
live,374,14844003929547,14844004064291,14844004133988,14844008121594,4.192047,0.069697,3.987606,15360
live,375,14844013929547,14844014068874,14844014139915,14844018299298,4.369751,0.071041,4.159383,15360
live,376,14844023929547,14844024062992,14844024135249,14844028221576,4.292029,0.072257,4.086327,15360
live,377,14844033929547,14844034064054,14844034133079,14844039028921,5.099374,0.069025,4.895842,15360
live,378,14844043929547,14844044065565,14844044143294,14844049291651,5.362104,0.077729,5.148357,15360
live,379,14844053929547,14844054065731,14844054141636,14844058932548,5.003001,0.075905,4.790912,15360
live,380,14844063929547,14844064120938,14844064236908,14844095323181,31.393634,0.11597,31.086273,15360
live,381,14844073929547,14844074474709,14844095447311,14844100777815,26.848268,20.972602,5.330504,15360
live,382,14844083929547,14844084073782,14844100884248,14844105493270,21.563723,16.810466,4.609022,15360
live,383,14844093929547,14844094237183,14844105571063,14844109957010,16.027463,11.33388,4.385947,15360
live,384,14844103929547,14844104063427,14844110035827,14844114387469,10.457922,5.9724,4.351642,15360
live,385,14844113929547,14844114056873,14844114457710,14844118791017,4.86147,0.400837,4.333307,15360
live,386,14844123929547,14844124055727,14844124111920,14844128603596,4.674049,0.056193,4.491676,15360
live,387,14844133929547,14844134040885,14844134091894,14844137888457,3.95891,0.051009,3.796563,15360
live,388,14844143929547,14844144045020,14844144095997,14844147819087,3.88954,0.050977,3.72309,15360
live,389,14844153929547,14844154031874,14844154083139,14844157847381,3.917834,0.051265,3.764242,15360
live,390,14844163929547,14844164047625,14844164097833,14844167826523,3.896976,0.050208,3.72869,15360
live,391,14844173929547,14844174030415,14844174074799,14844177936547,4.007,0.044384,3.861748,15360
live,392,14844183929547,14844184047189,14844184315897,14844189090329,5.160782,0.268708,4.774432,15360
live,393,14844193929547,14844194034011,14844194416417,14844199337795,5.408248,0.382406,4.921378,15360
live,394,14844203929547,14844204043554,14844204303813,14844209163335,5.233788,0.260259,4.859522,15360
live,395,14844213929547,14844214032904,14844214093545,14844218980747,5.0512,0.060641,4.887202,15360
live,396,14844223929547,14844224045071,14844224103823,14844228908976,4.979429,0.058752,4.805153,15360
live,397,14844233929547,14844234037365,14844234103414,14844239010520,5.080973,0.066049,4.907106,15360
live,398,14844243929547,14844244041371,14844244095260,14844249082015,5.152468,0.053889,4.986755,15360
live,399,14844253929547,14844254032866,14844254095682,14844259110150,5.180603,0.062816,5.014468,15360
live,400,14844263929547,14844264041864,14844264106057,14844295040393,31.110846,0.064193,30.934336,15360
live,401,14844273929547,14844274078639,14844295161610,14844299900394,25.970847,21.082971,4.738784,15360
live,402,14844283929547,14844284064885,14844300019371,14844304670954,20.741407,15.954486,4.651583,15360
live,403,14844293929547,14844294094812,14844304762187,14844309416458,15.486911,10.667375,4.654271,15360
live,404,14844303929547,14844304083874,14844309509131,14844313709187,9.77964,5.425257,4.200056,15360
live,405,14844313929547,14844314050312,14844314104105,14844318061310,4.131763,0.053793,3.957205,15360
live,406,14844323929547,14844324040814,14844324088143,14844328722669,4.793122,0.047329,4.634526,15360
live,407,14844333929547,14844334038933,14844334090005,14844338698899,4.769352,0.051072,4.608894,15360
live,408,14844343929547,14844344043739,14844344094012,14844348713242,4.783695,0.050273,4.61923,15360
live,409,14844353929547,14844354033601,14844354079490,14844358623359,4.693812,0.045889,4.543869,15360
live,410,14844363929547,14844364040648,14844364088904,14844368756935,4.827388,0.048256,4.668031,15360
live,411,14844373929547,14844374027726,14844374081806,14844378676364,4.746817,0.05408,4.594558,15360
live,412,14844383929547,14844384110421,14844384199094,14844388957590,5.028043,0.088673,4.758496,15360
live,413,14844393929547,14844394041723,14844394101819,14844398702649,4.773102,0.060096,4.60083,15360
live,414,14844403929547,14844404050081,14844404103138,14844408930659,5.001112,0.053057,4.827521,15360
live,415,14844413929547,14844414035623,14844414094696,14844418797799,4.868252,0.059073,4.703103,15360
live,416,14844423929547,14844424057134,14844424106767,14844429339221,5.409674,0.049633,5.232454,15360
live,417,14844433929547,14844434036116,14844434101237,14844439243770,5.314223,0.065121,5.142533,15360
live,418,14844443929547,14844444050011,14844444108667,14844449133407,5.20386,0.058656,5.02474,15360
live,419,14844453929547,14844454037409,14844454098658,14844459262919,5.333372,0.061249,5.164261,15360
live,420,14844463929547,14844464042695,14844464106088,14844495651568,31.722021,0.063393,31.54548,15360
live,421,14844473929547,14844474082030,14844495778066,14844500797205,26.867658,21.696036,5.019139,15360
live,422,14844483929547,14844484064468,14844500906678,14844505619766,21.690219,16.84221,4.713088,15360
live,423,14844493929547,14844494105275,14844505719991,14844510423606,16.494059,11.614716,4.703615,15360
live,424,14844503929547,14844504061089,14844510519544,14844514524877,10.59533,6.458455,4.005333,15360
live,425,14844513929547,14844514162697,14844514601774,14844518532611,4.603064,0.439077,3.930837,15360
live,426,14844523929547,14844524055821,14844524108942,14844528672907,4.74336,0.053121,4.563965,15360
live,427,14844533929547,14844534032147,14844534086004,14844539197689,5.268142,0.053857,5.111685,15360
live,428,14844543929547,14844544043354,14844544099387,14844548611671,4.682124,0.056033,4.512284,15360
live,429,14844553929547,14844554037088,14844554088737,14844558637662,4.708115,0.051649,4.548925,15360
live,430,14844563929547,14844564044327,14844564094791,14844568644197,4.71465,0.050464,4.549406,15360
live,431,14844573929547,14844574033965,14844574085422,14844578962863,5.033316,0.051457,4.877441,15360
live,432,14844583929547,14844584044243,14844584094228,14844589017558,5.088011,0.049985,4.92333,15360
live,433,14844593929547,14844594033178,14844594091674,14844599216127,5.28658,0.058496,5.124453,15360
live,434,14844603929547,14844604046656,14844604107617,14844608917090,4.987543,0.060961,4.809473,15360
live,435,14844613929547,14844614036646,14844614096871,14844618989929,5.060382,0.060225,4.893058,15360
live,436,14844623929547,14844624046509,14844624096558,14844628932431,5.002884,0.050049,4.835873,15360
live,437,14844633929547,14844634034899,14844634098228,14844639079703,5.150156,0.063329,4.981475,15360
live,438,14844643929547,14844644047066,14844644103578,14844649159582,5.230035,0.056512,5.056004,15360
live,439,14844653929547,14844654036864,14844654099521,14844659209925,5.280378,0.062657,5.110404,15360
live,440,14844663929547,14844664041254,14844664096519,14844695579886,31.650339,0.055265,31.483367,15360
live,441,14844673929547,14844674086189,14844695704016,14844700433999,26.504452,21.617827,4.729983,15360
live,442,14844683929547,14844684063123,14844700539057,14844705464659,21.535112,16.475934,4.925602,15360
live,443,14844693929547,14844694158395,14844705558420,14844709967919,16.038372,11.400025,4.409499,15360
live,444,14844703929547,14844704111361,14844710045424,14844714374122,10.444575,5.934063,4.328698,15360
live,445,14844713929547,14844714060870,14844714443563,14844718724293,4.794746,0.382693,4.28073,15360
live,446,14844723929547,14844724052908,14844724103885,14844728457416,4.527869,0.050977,4.353531,15360
live,447,14844733929547,14844734035411,14844734083155,14844738711153,4.781606,0.047744,4.627998,15360
live,448,14844743929547,14844744048825,14844744105242,14844748966139,5.036592,0.056417,4.860897,15360
live,449,14844753929547,14844754037663,14844754091808,14844759213381,5.283834,0.054145,5.121573,15360
live,450,14844763929547,14844764038886,14844764087430,14844768715589,4.786042,0.048544,4.628159,15360
live,451,14844773929547,14844774031052,14844774079309,14844779006319,5.076772,0.048257,4.92701,15360
live,452,14844783929547,14844784045459,14844784093427,14844789009269,5.079722,0.047968,4.915842,15360
live,453,14844793929547,14844794036377,14844794091001,14844798947227,5.01768,0.054624,4.856226,15360
live,454,14844803929547,14844804045279,14844804106336,14844808589820,4.660273,0.061057,4.483484,15360
live,455,14844813929547,14844814031685,14844814089542,14844818479777,4.55023,0.057857,4.390235,15360
live,456,14844823929547,14844824078156,14844824131821,14844828893197,4.96365,0.053665,4.761376,15360
live,457,14844833929547,14844834056082,14844834122099,14844838469582,4.540035,0.066017,4.347483,15360
live,458,14844843929547,14844844315068,14844844393533,14844848935834,5.006287,0.078465,4.542301,15360
live,459,14844853929547,14844854048703,14844854107712,14844858323768,4.394221,0.059009,4.216056,15360
live,460,14844863929547,14844864052229,14844864111398,14844895460459,31.530912,0.059169,31.349061,15360
live,461,14844873929547,14844874087340,14844895574605,14844899587715,25.658168,21.487265,4.01311,15360
live,462,14844883929547,14844884070098,14844899668132,14844903506487,19.57694,15.598034,3.838355,15360
live,463,14844893929547,14844894354781,14844903582169,14844907440108,13.510561,9.227388,3.857939,15360
live,464,14844903929547,14844904068319,14844907515533,14844911271904,7.342357,3.447214,3.756371,15360
live,465,14844913929547,14844914048389,14844914097446,14844917917689,3.988142,0.049057,3.820243,15360
live,466,14844923929547,14844924045803,14844924092332,14844927800702,3.871155,0.046529,3.70837,15360
live,467,14844933929547,14844934033810,14844934077714,14844937862245,3.932698,0.043904,3.784531,15360
live,468,14844943929547,14844944091833,14844944148666,14844947944365,4.014818,0.056833,3.795699,15360
live,469,14844953929547,14844954045855,14844954095679,14844957808977,3.87943,0.049824,3.713298,15360
live,470,14844963929547,14844964043173,14844964091845,14844967772791,3.843244,0.048672,3.680946,15360
live,471,14844973929547,14844974033771,14844974082028,14844977801598,3.872051,0.048257,3.71957,15360
live,472,14844983929547,14844984050994,14844984101234,14844987920326,3.990779,0.05024,3.819092,15360
live,473,14844993929547,14844994030776,14844994077048,14844998549076,4.619529,0.046272,4.472028,15360
live,474,14845003929547,14845004072863,14845004139487,14845008468186,4.538639,0.066624,4.328699,15360
live,475,14845013929547,14845014072933,14845014149382,14845019264875,5.335328,0.076449,5.115493,15360
live,476,14845023929547,14845024057675,14845024123948,14845029182000,5.252453,0.066273,5.058052,15360
live,477,14845033929547,14845034038865,14845034104210,14845039175286,5.245739,0.065345,5.071076,15360
live,478,14845043929547,14845044047640,14845044112728,14845049661603,5.732056,0.065088,5.548875,15360
live,479,14845053929547,14845054042366,14845054111199,14845059461287,5.53174,0.068833,5.350088,15360
live,480,14845063929547,14845064051972,14845064113317,14845095266184,31.336637,0.061345,31.152867,15360
live,481,14845073929547,14845074112299,14845095401417,14845100806898,26.877351,21.289118,5.405481,15360
live,482,14845083929547,14845084051569,14845100921524,14845105636371,21.706824,16.869955,4.714847,15360
live,483,14845093929547,14845094294043,14845105735956,14845110831129,16.901582,11.441913,5.095173,15360
live,484,14845103929547,14845104062046,14845110923066,14845115564312,11.634765,6.86102,4.641246,15360
live,485,14845113929547,14845114058276,14845115653146,14845120383385,6.453838,1.59487,4.730239,15360
live,486,14845123929547,14845124052522,14845124109291,14845128761930,4.832383,0.056769,4.652639,15360
live,487,14845133929547,14845134041265,14845134094225,14845138702127,4.77258,0.05296,4.607902,15360
live,488,14845143929547,14845144042967,14845144096600,14845148662837,4.73329,0.053633,4.566237,15360
live,489,14845153929547,14845154039997,14845154094046,14845158735036,4.805489,0.054049,4.64099,15360
live,490,14845163929547,14845164044868,14845164096164,14845168945317,5.01577,0.051296,4.849153,15360
live,491,14845173929547,14845174032906,14845174085098,14845178690920,4.761373,0.052192,4.605822,15360
live,492,14845183929547,14845184036336,14845184084977,14845188731151,4.801604,0.048641,4.646174,15360
live,493,14845193929547,14845194037399,14845194093815,14845198829783,4.900236,0.056416,4.735968,15360
live,494,14845203929547,14845204041213,14845204091134,14845208871294,4.941747,0.049921,4.78016,15360
live,495,14845213929547,14845214036707,14845214094084,14845218841348,4.911801,0.057377,4.747264,15360
live,496,14845223929547,14845224043626,14845224100298,14845228951724,5.022177,0.056672,4.851426,15360
live,497,14845233929547,14845234033936,14845234092337,14845238979570,5.050023,0.058401,4.887233,15360
live,498,14845243929547,14845244041718,14845244097495,14845249016025,5.086478,0.055777,4.91853,15360
live,499,14845253929547,14845254080541,14845254200319,14845259606247,5.6767,0.119778,5.405928,15360
live,500,14845263929547,14845264052643,14845264108740,14845295136293,31.206746,0.056097,31.027553,15360
live,501,14845273929547,14845274095530,14845295266310,14845300139208,26.209661,21.17078,4.872898,15360
live,502,14845283929547,14845284071344,14845300245321,14845305246956,21.317409,16.173977,5.001635,15360
live,503,14845293929547,14845294159896,14845305506416,14845310402194,16.472647,11.34652,4.895778,15360
live,504,14845303929547,14845304143358,14845310498579,14845315181810,11.252263,6.355221,4.683231,15360
live,505,14845313929547,14845314273958,14845315269715,14845319896529,5.966982,0.995757,4.626814,15360
live,506,14845323929547,14845324057833,14845324114922,14845328698695,4.769148,0.057089,4.583773,15360
live,507,14845333929547,14845334035887,14845334087152,14845338710894,4.781347,0.051265,4.623742,15360
live,508,14845343929547,14845344045558,14845344093622,14845348669044,4.739497,0.048064,4.575422,15360
live,509,14845353929547,14845354033372,14845354084989,14845358755451,4.825904,0.051617,4.670462,15360
live,510,14845363929547,14845364043650,14845364095779,14845368800194,4.870647,0.052129,4.704415,15360
live,511,14845373929547,14845374032008,14845374080297,14845379005739,5.076192,0.048289,4.925442,15360
live,512,14845383929547,14845384039951,14845384090416,14845388654989,4.725442,0.050465,4.564573,15360
live,513,14845393929547,14845394031253,14845394088406,14845398683700,4.754153,0.057153,4.595294,15360
live,514,14845403929547,14845404043164,14845404094972,14845409210337,5.28079,0.051808,5.115365,15360
live,515,14845413929547,14845414035842,14845414100067,14845418846659,4.917112,0.064225,4.746592,15360
live,516,14845423929547,14845424047624,14845424101577,14845428931978,5.002431,0.053953,4.830401,15360
live,517,14845433929547,14845434035023,14845434093327,14845438946673,5.017126,0.058304,4.853346,15360
live,518,14845443929547,14845444040885,14845444099926,14845448978071,5.048524,0.059041,4.878145,15360
live,519,14845453929547,14845454037339,14845454095420,14845459357667,5.42812,0.058081,5.262247,15360
live,520,14845463929547,14845464056450,14845464115235,14845495059490,31.129943,0.058785,30.944255,15360
live,521,14845473929547,14845474090601,14845495201540,14845500017189,26.087642,21.110939,4.815649,15360
live,522,14845483929547,14845484066991,14845500122214,14845504856358,20.926811,16.055223,4.734144,15360
live,523,14845493929547,14845494063253,14845504950247,14845509795912,15.866365,10.886994,4.845665,15360
live,524,14845503929547,14845504208125,14845509914730,14845514731019,10.801472,5.706605,4.816289,15360
live,525,14845513929547,14845514120194,14845514818764,14845519421706,5.492159,0.69857,4.602942,15360
live,526,14845523929547,14845524055944,14845524108553,14845528698886,4.769339,0.052609,4.590333,15360
live,527,14845533929547,14845534035662,14845534084175,14845538677836,4.748289,0.048513,4.593661,15360
live,528,14845543929547,14845544043380,14845544090485,14845548727763,4.798216,0.047105,4.637278,15360
live,529,14845553929547,14845554032347,14845554081019,14845558663033,4.733486,0.048672,4.582014,15360
live,530,14845563929547,14845564045825,14845564104450,14845568746496,4.816949,0.058625,4.642046,15360
live,531,14845573929547,14845574034215,14845574083336,14845578839368,4.909821,0.049121,4.756032,15360
live,532,14845583929547,14845584074798,14845584127823,14845588658348,4.728801,0.053025,4.530525,15360
live,533,14845593929547,14845594052692,14845594112053,14845598842421,4.912874,0.059361,4.730368,15360
live,534,14845603929547,14845604060315,14845604111419,14845608997789,5.068242,0.051104,4.88637,15360
live,535,14845613929547,14845614042657,14845614097985,14845619151333,5.221786,0.055328,5.053348,15360
live,536,14845623929547,14845624048167,14845624104296,14845628975337,5.04579,0.056129,4.871041,15360
live,537,14845633929547,14845634039853,14845634102062,14845638989744,5.060197,0.062209,4.887682,15360
live,538,14845643929547,14845644045076,14845644105685,14845648986230,5.056683,0.060609,4.880545,15360
live,539,14845653929547,14845654033594,14845654093723,14845659173151,5.243604,0.060129,5.079428,15360
live,540,14845663929547,14845664048640,14845664107105,14845695203299,31.273752,0.058465,31.096194,15360
live,541,14845673929547,14845674097255,14845695333797,14845700142501,26.212954,21.236542,4.808704,15360
live,542,14845683929547,14845684075182,14845700253255,14845705019431,21.089884,16.178073,4.766176,15360
live,543,14845693929547,14845694212502,14845705114696,14845709834408,15.904861,10.902194,4.719712,15360
live,544,14845703929547,14845704080762,14845709925065,14845714617160,10.687613,5.844303,4.692095,15360
live,545,14845713929547,14845714292899,14845714708969,14845719368776,5.439229,0.41607,4.659807,15360
live,546,14845723929547,14845724058055,14845724125896,14845728710245,4.780698,0.067841,4.584349,15360
live,547,14845733929547,14845734043245,14845734099342,14845738697707,4.76816,0.056097,4.598365,15360
live,548,14845743929547,14845744043763,14845744094772,14845748722738,4.793191,0.051009,4.627966,15360
live,549,14845753929547,14845754034201,14845754083450,14845758696056,4.766509,0.049249,4.612606,15360
live,550,14845763929547,14845764039968,14845764090880,14845768915905,4.986358,0.050912,4.825025,15360
live,551,14845773929547,14845774032710,14845774089159,14845778842663,4.913116,0.056449,4.753504,15360
live,552,14845783929547,14845784042252,14845784096365,14845788828045,4.898498,0.054113,4.73168,15360
live,553,14845793929547,14845794035923,14845794093843,14845798802899,4.873352,0.05792,4.709056,15360
live,554,14845803929547,14845804047833,14845804100090,14845808947899,5.018352,0.052257,4.847809,15360
live,555,14845813929547,14845814034239,14845814093440,14845818985346,5.055799,0.059201,4.891906,15360
live,556,14845823929547,14845824046950,14845824101511,14845828946984,5.017437,0.054561,4.845473,15360
live,557,14845833929547,14845834041612,14845834103597,14845838972430,5.042883,0.061985,4.868833,15360
live,558,14845843929547,14845844045074,14845844098675,14845849172311,5.242764,0.053601,5.073636,15360
live,559,14845853929547,14845854034937,14845854098234,14845859282015,5.352468,0.063297,5.183781,15360
live,560,14845863929547,14845864044831,14845864097216,14845895547974,31.618427,0.052385,31.450758,15360
live,561,14845873929547,14845874075014,14845895678408,14845900561962,26.632415,21.603394,4.883554,15360
live,562,14845883929547,14845884053804,14845900670507,14845905426315,21.496768,16.616703,4.755808,15360
live,563,14845893929547,14845894095923,14845905519244,14845910205707,16.27616,11.423321,4.686463,15360
live,564,14845903929547,14845904113465,14845910294380,14845914958283,11.028736,6.180915,4.663903,15360
live,565,14845913929547,14845914094400,14845915043724,14845920178673,6.249126,0.949324,5.134949,15360
live,566,14845923929547,14845924051109,14845924102470,14845928743460,4.813913,0.051361,4.64099,15360
live,567,14845933929547,14845934038987,14845934093900,14845938754155,4.824608,0.054913,4.660255,15360
live,568,14845943929547,14845944046738,14845944100243,14845948697744,4.768197,0.053505,4.597501,15360
live,569,14845953929547,14845954034584,14845954086905,14845958695255,4.765708,0.052321,4.60835,15360
live,570,14845963929547,14845964042271,14845964094527,14845968636188,4.706641,0.052256,4.541661,15360
live,571,14845973929547,14845974035493,14845974085573,14845978733188,4.803641,0.05008,4.647615,15360
live,572,14845983929547,14845984041003,14845984090572,14845988639081,4.709534,0.049569,4.548509,15360
live,573,14845993929547,14845994031665,14845994087730,14845998702224,4.772677,0.056065,4.614494,15360
live,574,14846003929547,14846004045208,14846004102073,14846008846616,4.917069,0.056865,4.744543,15360
live,575,14846013929547,14846014039102,14846014100223,14846018919936,4.990389,0.061121,4.819713,15360
live,576,14846023929547,14846024047844,14846024108901,14846029035879,5.106332,0.061057,4.926978,15360
live,577,14846033929547,14846034037675,14846034097355,14846038966157,5.03661,0.05968,4.868802,15360
live,578,14846043929547,14846044045873,14846044103282,14846049045620,5.116073,0.057409,4.942338,15360
live,579,14846053929547,14846054033911,14846054096568,14846059182236,5.252689,0.062657,5.085668,15360
live,580,14846063929547,14846064039486,14846064106143,14846095747720,31.818173,0.066657,31.641577,15360
live,581,14846073929547,14846074076068,14846095881385,14846100732651,26.803104,21.805317,4.851266,15360
live,582,14846083929547,14846084051178,14846100836844,14846105573132,21.643585,16.785666,4.736288,15360
live,583,14846093929547,14846094091025,14846105670573,14846110384492,16.454945,11.579548,4.713919,15360
live,584,14846103929547,14846104068855,14846110479853,14846114727047,10.7975,6.410998,4.247194,15360
live,585,14846113929547,14846114112030,14846114814312,14846119471398,5.541851,0.702282,4.657086,15360
live,586,14846123929547,14846124052100,14846124107460,14846128774211,4.844664,0.05536,4.666751,15360
live,587,14846133929547,14846134037962,14846134100619,14846138731401,4.801854,0.062657,4.630782,15360
live,588,14846143929547,14846144042480,14846144093553,14846148676367,4.74682,0.051073,4.582814,15360
live,589,14846153929547,14846154032950,14846154083959,14846158920984,4.991437,0.051009,4.837025,15360
live,590,14846163929547,14846164042941,14846164098430,14846168679579,4.750032,0.055489,4.581149,15360
live,591,14846173929547,14846174069828,14846174160453,14846178380958,4.451411,0.090625,4.220505,15360
live,592,14846183929547,14846184059114,14846184107434,14846187828092,3.898545,0.04832,3.720658,15360
live,593,14846193929547,14846194035536,14846194082480,14846198023461,4.093914,0.046944,3.940981,15360
live,594,14846203929547,14846204050134,14846204099415,14846207855209,3.925662,0.049281,3.755794,15360
live,595,14846213929547,14846214036412,14846214085565,14846218079091,4.149544,0.049153,3.993526,15360
live,596,14846223929547,14846224044259,14846224100100,14846228266684,4.337137,0.055841,4.166584,15360
live,597,14846233929547,14846234041449,14846234100938,14846238344707,4.41516,0.059489,4.243769,15360
live,598,14846243929547,14846244048880,14846244105616,14846248297481,4.367934,0.056736,4.191865,15360
live,599,14846253929547,14846254034134,14846254082934,14846258541202,4.611655,0.0488,4.458268,15360
live,600,14846263929547,14846264046748,14846264099165,14846295070749,31.141202,0.052417,30.971584,15360
live,601,14846273929547,14846274093571,14846295175710,14846299186516,25.256969,21.082139,4.010806,15360
live,602,14846283929547,14846284062089,14846299261877,14846303151529,19.221982,15.199788,3.889652,15360
live,603,14846293929547,14846294093008,14846303226090,14846307137087,13.20754,9.133082,3.910997,15360
live,604,14846303929547,14846304060982,14846307211680,14846311010387,7.08084,3.150698,3.798707,15360
live,605,14846313929547,14846314045884,14846314095292,14846318282229,4.352682,0.049408,4.186937,15360
live,606,14846323929547,14846324057218,14846324329414,14846329076678,5.147131,0.272196,4.747264,15360
live,607,14846333929547,14846334039336,14846334097385,14846338722407,4.79286,0.058049,4.625022,15360
live,608,14846343929547,14846344041903,14846344094095,14846348765966,4.836419,0.052192,4.671871,15360
live,609,14846353929547,14846354059893,14846354113974,14846358695475,4.765928,0.054081,4.581501,15360
live,610,14846363929547,14846364056924,14846364109692,14846368711354,4.781807,0.052768,4.601662,15360
live,611,14846373929547,14846374034754,14846374088482,14846379272104,5.342557,0.053728,5.183622,15360
live,612,14846383929547,14846384044872,14846384104617,14846390457534,6.527987,0.059745,6.352917,15360
live,613,14846393929547,14846394033326,14846394095119,14846398891567,4.96202,0.061793,4.796448,15360
live,614,14846403929547,14846404045685,14846404136438,14846408946422,5.016875,0.090753,4.809984,15360
live,615,14846413929547,14846414031963,14846414090300,14846418294484,4.364937,0.058337,4.204184,15360
live,616,14846423929547,14846424046913,14846424108738,14846428259130,4.329583,0.061825,4.150392,15360
live,617,14846433929547,14846434038344,14846434307563,14846439522225,5.592678,0.269219,5.214662,15360
live,618,14846443929547,14846444049774,14846444327442,14846449661433,5.731886,0.277668,5.333991,15360
live,619,14846453929547,14846454030292,14846454097813,14846458209388,4.279841,0.067521,4.111575,15360
live,620,14846463929547,14846464042651,14846464099771,14846494155343,30.225796,0.05712,30.055572,15360
live,621,14846473929547,14846474092482,14846494263792,14846498234438,24.304891,20.17131,3.970646,15360
live,622,14846483929547,14846484055815,14846498315047,14846502210715,18.281168,14.259232,3.895668,15360
live,623,14846493929547,14846494063886,14846502287452,14846506170736,12.241189,8.223566,3.883284,15360
live,624,14846503929547,14846504071060,14846506244849,14846510029572,6.100025,2.173789,3.784723,15360
live,625,14846513929547,14846514044858,14846514093595,14846517973999,4.044452,0.048737,3.880404,15360
live,626,14846523929547,14846524041632,14846524089089,14846527869428,3.939881,0.047457,3.780339,15360
live,627,14846533929547,14846534038311,14846534087239,14846537964987,4.03544,0.048928,3.877748,15360
live,628,14846543929547,14846544042509,14846544089518,14846547837824,3.908277,0.047009,3.748306,15360
live,629,14846553929547,14846554029203,14846554074548,14846557884871,3.955324,0.045345,3.810323,15360
live,630,14846563929547,14846564037850,14846564086202,14846567805932,3.876385,0.048352,3.71973,15360
live,631,14846573929547,14846574031392,14846574077153,14846577870387,3.94084,0.045761,3.793234,15360
live,632,14846583929547,14846584045094,14846584104839,14846587828121,3.898574,0.059745,3.723282,15360
live,633,14846593929547,14846594034093,14846594084909,14846597993346,4.063799,0.050816,3.908437,15360
live,634,14846603929547,14846604043923,14846604092564,14846608266060,4.336513,0.048641,4.173496,15360
live,635,14846613929547,14846614034585,14846614093146,14846618520149,4.590602,0.058561,4.427003,15360
live,636,14846623929547,14846624062112,14846624122369,14846628362458,4.432911,0.060257,4.240089,15360
live,637,14846633929547,14846634042534,14846634103207,14846638326176,4.396629,0.060673,4.222969,15360
live,638,14846643929547,14846644051148,14846644106541,14846648899342,4.969795,0.055393,4.792801,15360
live,639,14846653929547,14846654036915,14846654094195,14846658540303,4.610756,0.05728,4.446108,15360
live,640,14846663929547,14846664043353,14846664095738,14846695243100,31.313553,0.052385,31.147362,15360
live,641,14846673929547,14846674089152,14846695349693,14846699346227,25.41668,21.260541,3.996534,15360
live,642,14846683929547,14846684222664,14846699427508,14846703278856,19.349309,15.204844,3.851348,15360
live,643,14846693929547,14846694093069,14846703355433,14846707247325,13.317778,9.262364,3.891892,15360
live,644,14846703929547,14846704068563,14846707319326,14846711113297,7.18375,3.250763,3.793971,15360
live,645,14846713929547,14846714039800,14846714082713,14846717881644,3.952097,0.042913,3.798931,15360
live,646,14846723929547,14846724046431,14846724090496,14846727844850,3.915303,0.044065,3.754354,15360
live,647,14846733929547,14846734030629,14846734077126,14846737921401,3.991854,0.046497,3.844275,15360
live,648,14846743929547,14846744048428,14846744098604,14846747798110,3.868563,0.050176,3.699506,15360
live,649,14846753929547,14846754033618,14846754078770,14846757871397,3.94185,0.045152,3.792627,15360
live,650,14846763929547,14846764041752,14846764087865,14846768084782,4.155235,0.046113,3.996917,15360
live,651,14846773929547,14846774032446,14846774087999,14846777878706,3.949159,0.055553,3.790707,15360
live,652,14846783929547,14846784360105,14846784463946,14846788725252,4.795705,0.103841,4.261306,15360
live,653,14846793929547,14846794066987,14846794138796,14846798231459,4.301912,0.071809,4.092663,15360
live,654,14846803929547,14846804070322,14846804151475,14846808178185,4.248638,0.081153,4.02671,15360
live,655,14846813929547,14846814053976,14846814105881,14846818277617,4.34807,0.051905,4.171736,15360
live,656,14846823929547,14846824057886,14846824149215,14846828465465,4.535918,0.091329,4.31625,15360
live,657,14846833929547,14846834059013,14846834116133,14846839064584,5.135037,0.05712,4.948451,15360
live,658,14846843929547,14846844077611,14846844143468,14846849418803,5.489256,0.065857,5.275335,15360
live,659,14846853929547,14846854050161,14846854141074,14846859465370,5.535823,0.090913,5.324296,15360
live,660,14846863929547,14846864062904,14846864127512,14846895862595,31.933048,0.064608,31.735083,15360
live,661,14846873929547,14846874121919,14846895992004,14846900807237,26.87769,21.870085,4.815233,15360
live,662,14846883929547,14846884094853,14846900915591,14846905987275,22.057728,16.820738,5.071684,15360
live,663,14846893929547,14846894182604,14846906084204,14846910784683,16.855136,11.9016,4.700479,15360
live,664,14846903929547,14846904089905,14846910881708,14846915237831,11.308284,6.791803,4.356123,15360
live,665,14846913929547,14846914060215,14846915318696,14846919426719,5.497172,1.258481,4.108023,15360
live,666,14846923929547,14846924054621,14846924112574,14846928757245,4.827698,0.057953,4.644671,15360
live,667,14846933929547,14846934036003,14846934088740,14846938915557,4.98601,0.052737,4.826817,15360
live,668,14846943929547,14846944061802,14846944121867,14846948818986,4.889439,0.060065,4.697119,15360
live,669,14846953929547,14846954043888,14846954095569,14846958670062,4.740515,0.051681,4.574493,15360
live,670,14846963929547,14846964046839,14846964098679,14846968644596,4.715049,0.05184,4.545917,15360
live,671,14846973929547,14846974032957,14846974082013,14846978664059,4.734512,0.049056,4.582046,15360
live,672,14846983929547,14846984040803,14846984092388,14846988980357,5.05081,0.051585,4.887969,15360
live,673,14846993929547,14846994063242,14846994130571,14846999014636,5.085089,0.067329,4.884065,15360
live,674,14847003929547,14847004059888,14847004113041,14847008833232,4.903685,0.053153,4.720191,15360
live,675,14847013929547,14847014044150,14847014126615,14847019044889,5.115342,0.082465,4.918274,15360
live,676,14847023929547,14847024052957,14847024106621,14847028991551,5.062004,0.053664,4.88493,15360
live,677,14847033929547,14847034039747,14847034120964,14847039090246,5.160699,0.081217,4.969282,15360
live,678,14847043929547,14847044075209,14847044172427,14847049202126,5.272579,0.097218,5.029699,15360
live,679,14847053929547,14847054052911,14847054145905,14847059202421,5.272874,0.092994,5.056516,15360
live,680,14847063929547,14847064059862,14847064119991,14847095140727,31.21118,0.060129,31.020736,15360
live,681,14847073929547,14847074119357,14847095267001,14847100080026,26.150479,21.147644,4.813025,15360
live,682,14847083929547,14847084093667,14847100188603,14847104854682,20.925135,16.094936,4.666079,15360
live,683,14847093929547,14847094150474,14847104945787,14847109618490,15.688943,10.795313,4.672703,15360
live,684,14847103929547,14847104198993,14847109714523,14847113939796,10.010249,5.51553,4.225273,15360
live,685,14847113929547,14847114132438,14847114187543,14847118843126,4.913579,0.055105,4.655583,15360
live,686,14847123929547,14847124070876,14847124124253,14847128730234,4.800687,0.053377,4.605981,15360
live,687,14847133929547,14847134037346,14847134090146,14847138706464,4.776917,0.0528,4.616318,15360
live,688,14847143929547,14847144067112,14847144129545,14847148838792,4.909245,0.062433,4.709247,15360
live,689,14847153929547,14847154042286,14847154099791,14847158699309,4.769762,0.057505,4.599518,15360
live,690,14847163929547,14847164045333,14847164099157,14847168674227,4.74468,0.053824,4.57507,15360
live,691,14847173929547,14847174039867,14847174092796,14847178684409,4.754862,0.052929,4.591613,15360
live,692,14847183929547,14847184043617,14847184096450,14847188680576,4.751029,0.052833,4.584126,15360
live,693,14847193929547,14847194224138,14847194532942,14847199235533,5.305986,0.308804,4.702591,15360
live,694,14847203929547,14847204071534,14847204336274,14847209080050,5.150503,0.26474,4.743776,15360
live,695,14847213929547,14847214040756,14847214303160,14847219174585,5.245038,0.262404,4.871425,15360
live,696,14847223929547,14847224053403,14847224311614,14847229179807,5.25026,0.258211,4.868193,15360
live,697,14847233929547,14847234039297,14847234302980,14847239222374,5.292827,0.263683,4.919394,15360
live,698,14847243929547,14847244045223,14847244307211,14847249437456,5.507909,0.261988,5.130245,15360
live,699,14847253929547,14847254041837,14847254310225,14847259201299,5.271752,0.268388,4.891074,15360
live,700,14847263929547,14847264052340,14847264315831,14847294922706,30.993159,0.263491,30.606875,15360
live,701,14847273929547,14847274168988,14847295059316,14847299945110,26.015563,20.890328,4.885794,15360
live,702,14847283929547,14847284095969,14847300085464,14847304342129,20.412582,15.989495,4.256665,15360
live,703,14847293929547,14847294261706,14847304430514,14847309123409,15.193862,10.168808,4.692895,15360
live,704,14847303929547,14847304142382,14847309213650,14847313892337,9.96279,5.071268,4.678687,15360
live,705,14847313929547,14847314063635,14847314119220,14847318760019,4.830472,0.055585,4.640799,15360
live,706,14847323929547,14847324055802,14847324320029,14847328976892,5.047345,0.264227,4.656863,15360
live,707,14847333929547,14847334037504,14847334083840,14847338723167,4.79362,0.046336,4.639327,15360
live,708,14847343929547,14847344043366,14847344100839,14847349109546,5.179999,0.057473,5.008707,15360
live,709,14847353929547,14847354038668,14847354096909,14847358688139,4.758592,0.058241,4.59123,15360
live,710,14847363929547,14847364052403,14847364102196,14847368729170,4.799623,0.049793,4.626974,15360
live,711,14847373929547,14847374034393,14847374083770,14847378640023,4.710476,0.049377,4.556253,15360
live,712,14847383929547,14847384037343,14847384088800,14847389059427,5.12988,0.051457,4.970627,15360
live,713,14847393929547,14847394035654,14847394096230,14847399136394,5.206847,0.060576,5.040164,15360
live,714,14847403929547,14847404046668,14847404098029,14847409338067,5.40852,0.051361,5.240038,15360
live,715,14847413929547,14847414037266,14847414097011,14847418842739,4.913192,0.059745,4.745728,15360
live,716,14847423929547,14847424041433,14847424092057,14847429391200,5.461653,0.050624,5.299143,15360
live,717,14847433929547,14847434036415,14847434095680,14847439047234,5.117687,0.059265,4.951554,15360
live,718,14847443929547,14847444046213,14847444099526,14847449790706,5.861159,0.053313,5.69118,15360
live,719,14847453929547,14847454038315,14847454097484,14847459191377,5.26183,0.059169,5.093893,15360
live,720,14847463929547,14847464046834,14847464101491,14847495182644,31.253097,0.054657,31.081153,15360
live,721,14847473929547,14847474102969,14847495317366,14847500395706,26.466159,21.214397,5.07834,15360
live,722,14847483929547,14847484089855,14847500518780,14847505431710,21.502163,16.428925,4.91293,15360
live,723,14847493929547,14847494165382,14847505529279,14847510148797,16.21925,11.363897,4.619518,15360
live,724,14847503929547,14847504109804,14847510241374,14847514896221,10.966674,6.13157,4.654847,15360
live,725,14847513929547,14847514060722,14847514985310,14847519336792,5.407245,0.924588,4.351482,15360
live,726,14847523929547,14847524067128,14847524125753,14847528734743,4.805196,0.058625,4.60899,15360
live,727,14847533929547,14847534039742,14847534090655,14847538679580,4.750033,0.050913,4.588925,15360
live,728,14847543929547,14847544046180,14847544098597,14847548680386,4.750839,0.052417,4.581789,15360
live,729,14847553929547,14847554034826,14847554088523,14847558735946,4.806399,0.053697,4.647423,15360
live,730,14847563929547,14847564045009,14847564094929,14847568733584,4.804037,0.04992,4.638655,15360
live,731,14847573929547,14847574034807,14847574086200,14847578644373,4.714826,0.051393,4.558173,15360
live,732,14847583929547,14847584042653,14847584092606,14847589064065,5.134518,0.049953,4.971459,15360
live,733,14847593929547,14847594032612,14847594087684,14847598685762,4.756215,0.055072,4.598078,15360
live,734,14847603929547,14847604044298,14847604099819,14847609341265,5.411718,0.055521,5.241446,15360
live,735,14847613929547,14847614034896,14847614094033,14847619118068,5.188521,0.059137,5.024035,15360
live,736,14847623929547,14847624047223,14847624106519,14847628974873,5.045326,0.059296,4.868354,15360
live,737,14847633929547,14847634032253,14847634087134,14847638994239,5.064692,0.054881,4.907105,15360
live,738,14847643929547,14847644040291,14847644097700,14847649103847,5.1743,0.057409,5.006147,15360
live,739,14847653929547,14847654035337,14847654092938,14847659257008,5.327461,0.057601,5.16407,15360
live,740,14847663929547,14847664046704,14847664102449,14847695238675,31.309128,0.055745,31.136226,15360
live,741,14847673929547,14847674094711,14847695374453,14847700177429,26.247882,21.279742,4.802976,15360
live,742,14847683929547,14847684065661,14847700287735,14847705453852,21.524305,16.222074,5.166117,15360
live,743,14847693929547,14847694246533,14847705556349,14847710262173,16.332626,11.309816,4.705824,15360
live,744,14847703929547,14847704534832,14847710358718,14847714351603,10.422056,5.823886,3.992885,15360
live,745,14847713929547,14847714086608,14847714437877,14847718355625,4.426078,0.351269,3.917748,15360
live,746,14847723929547,14847724109495,14847724166679,14847728039019,4.109472,0.057184,3.87234,15360
live,747,14847733929547,14847734039676,14847734090237,14847737994065,4.064518,0.050561,3.903828,15360
live,748,14847743929547,14847744045826,14847744093955,14847747895830,3.966283,0.048129,3.801875,15360
live,749,14847753929547,14847754033192,14847754081961,14847757979709,4.050162,0.048769,3.897748,15360
live,750,14847763929547,14847764051663,14847764101648,14847767852866,3.923319,0.049985,3.751218,15360
live,751,14847773929547,14847774034997,14847774083510,14847777910985,3.981438,0.048513,3.827475,15360
live,752,14847783929547,14847784074460,14847784351968,14847788625529,4.695982,0.277508,4.273561,15360
live,753,14847793929547,14847794034978,14847794091330,14847798046936,4.117389,0.056352,3.955606,15360
live,754,14847803929547,14847804041960,14847804097321,14847808480420,4.550873,0.055361,4.383099,15360
live,755,14847813929547,14847814036494,14847814093327,14847818153990,4.224443,0.056833,4.060663,15360
live,756,14847823929547,14847824048949,14847824103318,14847828134028,4.204481,0.054369,4.03071,15360
live,757,14847833929547,14847834036219,14847834091292,14847838337621,4.408074,0.055073,4.246329,15360
live,758,14847843929547,14847844046401,14847844102146,14847848293562,4.364015,0.055745,4.191416,15360
live,759,14847853929547,14847854040520,14847854097800,14847858547844,4.618297,0.05728,4.450044,15360
live,760,14847863929547,14847864048046,14847864099823,14847895816089,31.886542,0.051777,31.716266,15360
live,761,14847873929547,14847874161462,14847895949786,14847900755451,26.825904,21.788324,4.805665,15360
live,762,14847883929547,14847884092251,14847900863804,14847905574460,21.644913,16.771553,4.710656,15360
live,763,14847893929547,14847894119810,14847905670525,14847910012759,16.083212,11.550715,4.342234,15360
live,764,14847903929547,14847904078632,14847910119897,14847914151311,10.221764,6.041265,4.031414,15360
live,765,14847913929547,14847914078414,14847914225968,14847918005251,4.075704,0.147554,3.779283,15360
live,766,14847923929547,14847924056212,14847924107637,14847927815110,3.885563,0.051425,3.707473,15360
live,767,14847933929547,14847934031674,14847934080763,14847937826189,3.896642,0.049089,3.745426,15360
live,768,14847943929547,14847944045728,14847944094497,14847947852980,3.923433,0.048769,3.758483,15360
live,769,14847953929547,14847954033991,14847954077543,14847957829434,3.899887,0.043552,3.751891,15360
live,770,14847963929547,14847964053325,14847964106254,14847968387207,4.45766,0.052929,4.280953,15360
live,771,14847973929547,14847974038323,14847974082420,14847978299084,4.369537,0.044097,4.216664,15360
live,772,14847983929547,14847984041306,14847984097626,14847987815468,3.885921,0.05632,3.717842,15360
live,773,14847993929547,14847994033664,14847994080096,14847998068054,4.138507,0.046432,3.987958,15360
live,774,14848003929547,14848004044518,14848004101127,14848008104285,4.174738,0.056609,4.003158,15360
live,775,14848013929547,14848014045932,14848014097133,14848018543465,4.613918,0.051201,4.446332,15360
live,776,14848023929547,14848024047219,14848024097139,14848028230411,4.300864,0.04992,4.133272,15360
live,777,14848033929547,14848034034713,14848034092602,14848038320882,4.391335,0.057889,4.22828,15360
live,778,14848043929547,14848044056831,14848044349955,14848048906081,4.976534,0.293124,4.556126,15360
live,779,14848053929547,14848054031941,14848054092614,14848058616387,4.68684,0.060673,4.523773,15360
live,780,14848063929547,14848064048812,14848064117197,14848095467954,31.538407,0.068385,31.350757,15360
live,781,14848073929547,14848074092691,14848095579251,14848099957582,26.028035,21.48656,4.378331,15360
live,782,14848083929547,14848084069529,14848100056559,14848104370761,20.441214,15.98703,4.314202,15360
live,783,14848093929547,14848094158336,14848104447466,14848108731076,14.801529,10.28913,4.28361,15360
live,784,14848103929547,14848104068069,14848108803141,14848113103039,9.173492,4.735072,4.299898,15360
live,785,14848113929547,14848114194957,14848114245454,14848118514023,4.584476,0.050497,4.268569,15360
live,786,14848123929547,14848124049426,14848124097714,14848128308171,4.378624,0.048288,4.210457,15360
live,787,14848133929547,14848134036856,14848134081432,14848138363794,4.434247,0.044576,4.282362,15360
live,788,14848143929547,14848144043198,14848144087903,14848148317400,4.387853,0.044705,4.229497,15360
live,789,14848153929547,14848154032804,14848154076741,14848158422655,4.493108,0.043937,4.345914,15360
live,790,14848163929547,14848164044459,14848164096459,14848168358117,4.42857,0.052,4.261658,15360
live,791,14848173929547,14848174039441,14848174084690,14848178248425,4.318878,0.045249,4.163735,15360
live,792,14848183929547,14848184041495,14848184090008,14848188323569,4.394022,0.048513,4.233561,15360
live,793,14848193929547,14848194033213,14848194077918,14848198183893,4.254346,0.044705,4.105975,15360
live,794,14848203929547,14848204044996,14848204093221,14848208117595,4.188048,0.048225,4.024374,15360
live,795,14848213929547,14848214035370,14848214092875,14848219237328,5.307781,0.057505,5.144453,15360
live,796,14848223929547,14848224052721,14848224123634,14848229296855,5.367308,0.070913,5.173221,15360
live,797,14848233929547,14848234041975,14848234102648,14848239221948,5.292401,0.060673,5.1193,15360
live,798,14848243929547,14848244045821,14848244105630,14848249290755,5.361208,0.059809,5.185125,15360
live,799,14848253929547,14848254039427,14848254102020,14848259446572,5.517025,0.062593,5.344552,15360
live,800,14848263929547,14848264048458,14848264098602,14848296257114,32.327567,0.050144,32.158512,15360
live,801,14848273929547,14848274079024,14848296390364,14848301196445,27.266898,22.31134,4.806081,15360
live,802,14848283929547,14848284055318,14848301308190,14848306002301,22.072754,17.252872,4.694111,15360
live,803,14848293929547,14848294128126,14848306098206,14848310807774,16.878227,11.97008,4.709568,15360
live,804,14848303929547,14848304068323,14848310899423,14848315257721,11.328174,6.8311,4.358298,15360
live,805,14848313929547,14848314056777,14848315342010,14848319401329,5.471782,1.285233,4.059319,15360
live,806,14848323929547,14848324054671,14848324105072,14848328661421,4.731874,0.050401,4.556349,15360
live,807,14848333929547,14848334063798,14848334135223,14848338115692,4.186145,0.071425,3.980469,15360
live,808,14848343929547,14848344052444,14848344100957,14848347848687,3.91914,0.048513,3.74773,15360
live,809,14848353929547,14848354035010,14848354079971,14848357841205,3.911658,0.044961,3.761234,15360
live,810,14848363929547,14848364041352,14848364087433,14848367812891,3.883344,0.046081,3.725458,15360
live,811,14848373929547,14848374035695,14848374084015,14848378075525,4.145978,0.04832,3.99151,15360
live,812,14848383929547,14848384043829,14848384105622,14848387831560,3.902013,0.061793,3.725938,15360
live,813,14848393929547,14848394039963,14848394092732,14848398314965,4.385418,0.052769,4.222233,15360
live,814,14848403929547,14848404049122,14848404096962,14848408288379,4.358832,0.04784,4.191417,15360
live,815,14848413929547,14848414042024,14848414087176,14848418318753,4.389206,0.045152,4.231577,15360
live,816,14848423929547,14848424048238,14848424105871,14848428321512,4.391965,0.057633,4.215641,15360
live,817,14848433929547,14848434038548,14848434107925,14848438342286,4.412739,0.069377,4.234361,15360
live,818,14848443929547,14848444046075,14848444107644,14848448312852,4.383305,0.061569,4.205208,15360
live,819,14848453929547,14848454033249,14848454082914,14848458995236,5.065689,0.049665,4.912322,15360
live,820,14848463929547,14848464046631,14848464096744,14848495553454,31.623907,0.050113,31.45671,15360
live,821,14848473929547,14848474073326,14848495665872,14848499626693,25.697146,21.592546,3.960821,15360
live,822,14848483929547,14848484058388,14848499706950,14848503601403,19.671856,15.648562,3.894453,15360
live,823,14848493929547,14848494093883,14848503678780,14848507543151,13.613604,9.584897,3.864371,15360
live,824,14848503929547,14848504060193,14848507618769,14848511402819,7.473272,3.558576,3.78405,15360
live,825,14848513929547,14848514045159,14848514095271,14848517945979,4.016432,0.050112,3.850708,15360
live,826,14848523929547,14848524050509,14848524102926,14848527832800,3.903253,0.052417,3.729874,15360
live,827,14848533929547,14848534035475,14848534094676,14848537927784,3.998237,0.059201,3.833108,15360
live,828,14848543929547,14848544043290,14848544094714,14848548663160,4.733613,0.051424,4.568446,15360
live,829,14848553929547,14848554040992,14848554088673,14848558665214,4.735667,0.047681,4.576541,15360
live,830,14848563929547,14848564038054,14848564091047,14848568679972,4.750425,0.052993,4.588925,15360
live,831,14848573929547,14848574033548,14848574093325,14848578823149,4.893602,0.059777,4.729824,15360
live,832,14848583929547,14848584050099,14848584102708,14848588833907,4.90436,0.052609,4.731199,15360
live,833,14848593929547,14848594031321,14848594086970,14848598854234,4.924687,0.055649,4.767264,15360
live,834,14848603929547,14848604045087,14848604098496,14848609156516,5.226969,0.053409,5.05802,15360
live,835,14848613929547,14848614032262,14848614092838,14848619073833,5.144286,0.060576,4.980995,15360
live,836,14848623929547,14848624053740,14848624118413,14848629059311,5.129764,0.064673,4.940898,15360
live,837,14848633929547,14848634086515,14848634153076,14848639049077,5.11953,0.066561,4.896001,15360
live,838,14848643929547,14848644064857,14848644120474,14848649179165,5.249618,0.055617,5.058691,15360
live,839,14848653929547,14848654043935,14848654107744,14848659240325,5.310778,0.063809,5.132581,15360
live,840,14848663929547,14848664047045,14848664109286,14848695858832,31.929285,0.062241,31.749546,15360
live,841,14848673929547,14848674240910,14848695992338,14848700824947,26.8954,21.751428,4.832609,15360
live,842,14848683929547,14848684061618,14848700937493,14848705049452,21.119905,16.875875,4.111959,15360
live,843,14848693929547,14848694109593,14848705132845,14848709020417,15.09087,11.023252,3.887572,15360
live,844,14848703929547,14848704114655,14848709096514,14848712864245,8.934698,4.981859,3.767731,15360
live,845,14848713929547,14848714052389,14848714101349,14848717905752,3.976205,0.04896,3.804403,15360
live,846,14848723929547,14848724046411,14848724096172,14848727890270,3.960723,0.049761,3.794098,15360
live,847,14848733929547,14848734058769,14848734114706,14848737876741,3.947194,0.055937,3.762035,15360
live,848,14848743929547,14848744053208,14848744105272,14848748461683,4.532136,0.052064,4.356411,15360
live,849,14848753929547,14848754041182,14848754089278,14848758670172,4.740625,0.048096,4.580894,15360
live,850,14848763929547,14848764041668,14848764094501,14848768681250,4.751703,0.052833,4.586749,15360
live,851,14848773929547,14848774034858,14848774094667,14848778928524,4.998977,0.059809,4.833857,15360
live,852,14848783929547,14848784060209,14848784124882,14848788760816,4.831269,0.064673,4.635934,15360
live,853,14848793929547,14848794037719,14848794094776,14848798453202,4.523655,0.057057,4.358426,15360
live,854,14848803929547,14848804053661,14848804104766,14848808619419,4.689872,0.051105,4.514653,15360
live,855,14848813929547,14848814035523,14848814095716,14848818796739,4.867192,0.060193,4.701023,15360
live,856,14848823929547,14848824054698,14848824107563,14848828715880,4.786333,0.052865,4.608317,15360
live,857,14848833929547,14848834068848,14848834145649,14848838523788,4.594241,0.076801,4.378139,15360
live,858,14848843929547,14848844056054,14848844111927,14848848289103,4.359556,0.055873,4.177176,15360
live,859,14848853929547,14848854037052,14848854089853,14848858737468,4.807921,0.052801,4.647615,15360
live,860,14848863929547,14848864053379,14848864108484,14848895471689,31.542142,0.055105,31.363205,15360
live,861,14848873929547,14848874094602,14848895573770,14848899566176,25.636629,21.479168,3.992406,15360
live,862,14848883929547,14848884090128,14848899653249,14848903529141,19.599594,15.563121,3.875892,15360
live,863,14848893929547,14848894157143,14848903611766,14848907576107,13.64656,9.454623,3.964341,15360
live,864,14848903929547,14848904070492,14848907651532,14848911471968,7.542421,3.58104,3.820436,15360
live,865,14848913929547,14848914054306,14848914110211,14848917974263,4.044716,0.055905,3.864052,15360
live,866,14848923929547,14848924050441,14848924099561,14848927901244,3.971697,0.04912,3.801683,15360
live,867,14848933929547,14848934051887,14848934107632,14848937917475,3.987928,0.055745,3.809843,15360
live,868,14848943929547,14848944059125,14848944107862,14848947798056,3.868509,0.048737,3.690194,15360
live,869,14848953929547,14848954036987,14848954084348,14848957832846,3.903299,0.047361,3.748498,15360
live,870,14848963929547,14848964040482,14848964087458,14848967714643,3.785096,0.046976,3.627185,15360
live,871,14848973929547,14848974029256,14848974072168,14848978256609,4.327062,0.042912,4.184441,15360
live,872,14848983929547,14848984071471,14848984126127,14848987984227,4.05468,0.054656,3.8581,15360
live,873,14848993929547,14848994047029,14848994108533,14848998128235,4.198688,0.061504,4.019702,15360
live,874,14849003929547,14849004052475,14849004122364,14849008655897,4.72635,0.069889,4.533533,15360
live,875,14849013929547,14849014037697,14849014382982,14849019408905,5.479358,0.345285,5.025923,15360
live,876,14849023929547,14849024059432,14849024127176,14849029458832,5.529285,0.067744,5.331656,15360
live,877,14849033929547,14849034056238,14849034127823,14849039619321,5.689774,0.071585,5.491498,15360
live,878,14849043929547,14849044057364,14849044123573,14849051460791,7.531244,0.066209,7.337218,15360
live,879,14849053929547,14849054042042,14849054116923,14849059408226,5.478679,0.074881,5.291303,15360
live,880,14849063929547,14849064051457,14849064111457,14849096065582,32.136035,0.06,31.954125,15360
live,881,14849073929547,14849074104040,14849096194160,14849100991633,27.062086,22.09012,4.797473,15360
live,882,14849083929547,14849084090894,14849101097650,14849105780017,21.85047,17.006756,4.682367,15360
live,883,14849093929547,14849094127188,14849105863826,14849109757478,15.827931,11.736638,3.893652,15360
live,884,14849103929547,14849104066970,14849109836263,14849113629306,9.699759,5.769293,3.793043,15360
live,885,14849113929547,14849114048640,14849114101697,14849120158898,6.229351,0.053057,6.057201,15360
live,886,14849123929547,14849124084199,14849124173320,14849129127754,5.198207,0.089121,4.954434,15360
live,887,14849133929547,14849134304560,14849134534611,14849139465077,5.53553,0.230051,4.930466,15360
live,888,14849143929547,14849144096723,14849144194037,14849148673617,4.74407,0.097314,4.47958,15360
live,889,14849153929547,14849154077721,14849154159322,14849158645175,4.715628,0.081601,4.485853,15360
live,890,14849163929547,14849164065055,14849164144513,14849168636861,4.707314,0.079458,4.492348,15360
live,891,14849173929547,14849174068230,14849174146503,14849178495937,4.56639,0.078273,4.349434,15360
live,892,14849183929547,14849184064780,14849184141421,14849188274661,4.345114,0.076641,4.13324,15360
live,893,14849193929547,14849194063474,14849194130259,14849197875461,3.945914,0.066785,3.745202,15360
live,894,14849203929547,14849204061560,14849204129817,14849208117455,4.187908,0.068257,3.987638,15360
live,895,14849213929547,14849214066015,14849214136768,14849218159478,4.229931,0.070753,4.02271,15360
live,896,14849223929547,14849224064101,14849224138598,14849228055163,4.125616,0.074497,3.916565,15360
live,897,14849233929547,14849234061451,14849234125644,14849238135426,4.205879,0.064193,4.009782,15360
live,898,14849243929547,14849244077362,14849244151219,14849248904627,4.97508,0.073857,4.753408,15360
live,899,14849253929547,14849254066232,14849254127737,14849258251408,4.321861,0.061505,4.123671,15360
live,900,14849263929547,14849264128831,14849264223616,14849294770234,30.840687,0.094785,30.546618,15360
live,901,14849273929547,14849274087589,14849294878844,14849298639246,24.709699,20.791255,3.760402,15360
live,902,14849283929547,14849284079307,14849298733360,14849302425025,18.495478,14.654053,3.691665,15360
live,903,14849293929547,14849294241811,14849302509730,14849306193140,12.263593,8.267919,3.68341,15360
live,904,14849303929547,14849304078327,14849306275605,14849309921510,5.991963,2.197278,3.645905,15360
live,905,14849313929547,14849314065182,14849314138303,14849317765935,3.836388,0.073121,3.627632,15360
live,906,14849323929547,14849324066692,14849324135045,14849327699509,3.769962,0.068353,3.564464,15360
live,907,14849333929547,14849334062858,14849334132171,14849338008031,4.078484,0.069313,3.87586,15360
live,908,14849343929547,14849344063472,14849344134929,14849347700449,3.770902,0.071457,3.56552,15360
live,909,14849353929547,14849354060183,14849354130423,14849357718376,3.788829,0.07024,3.587953,15360
live,910,14849363929547,14849364065277,14849364132222,14849367975409,4.045862,0.066945,3.843187,15360
live,911,14849373929547,14849374061539,14849374128836,14849377878198,3.948651,0.067297,3.749362,15360
live,912,14849383929547,14849384062569,14849384130730,14849388213153,4.283606,0.068161,4.082423,15360
live,913,14849393929547,14849394116720,14849394190673,14849398116518,4.186971,0.073953,3.925845,15360
live,914,14849403929547,14849404087510,14849404164151,14849408070380,4.140833,0.076641,3.906229,15360
live,915,14849413929547,14849414068124,14849414139133,14849418177971,4.248424,0.071009,4.038838,15360
live,916,14849423929547,14849424067331,14849424126147,14849428196986,4.267439,0.058816,4.070839,15360
live,917,14849433929547,14849434056585,14849434115817,14849438192000,4.262453,0.059232,4.076183,15360
live,918,14849443929547,14849444072207,14849444146736,14849448433130,4.503583,0.074529,4.286394,15360
live,919,14849453929547,14849454062485,14849454135862,14849458444720,4.515173,0.073377,4.308858,15360
live,920,14849463929547,14849464064092,14849464126236,14849495136605,31.207058,0.062144,31.010369,15360
live,921,14849473929547,14849474061026,14849495256510,14849499010225,25.080678,21.195484,3.753715,15360
live,922,14849483929547,14849484063592,14849499098674,14849502791492,18.861945,15.035082,3.692818,15360
live,923,14849493929547,14849494228753,14849502873829,14849506643479,12.713932,8.645076,3.76965,15360
live,924,14849503929547,14849504136854,14849506726360,14849510298056,6.368509,2.589506,3.571696,15360
live,925,14849513929547,14849514063899,14849514136668,14849517746764,3.817217,0.072769,3.610096,15360
live,926,14849523929547,14849524065793,14849524134626,14849527745459,3.815912,0.068833,3.610833,15360
live,927,14849533929547,14849534062695,14849534129544,14849537796058,3.866511,0.066849,3.666514,15360
live,928,14849543929547,14849544060878,14849544128655,14849547719647,3.7901,0.067777,3.590992,15360
live,929,14849553929547,14849554062388,14849554129621,14849557747749,3.818202,0.067233,3.618128,15360
live,930,14849563929547,14849564065626,14849564136539,14849567757548,3.828001,0.070913,3.621009,15360
live,931,14849573929547,14849574058400,14849574144898,14849578219352,4.289805,0.086498,4.074454,15360
live,932,14849583929547,14849584061767,14849584129640,14849587864730,3.935183,0.067873,3.73509,15360
live,933,14849593929547,14849594057997,14849594115150,14849597917473,3.987926,0.057153,3.802323,15360
live,934,14849603929547,14849604071443,14849604138452,14849608234443,4.304896,0.067009,4.095991,15360
live,935,14849613929547,14849614066522,14849614136475,14849618238002,4.308455,0.069953,4.101527,15360
live,936,14849623929547,14849624063168,14849624134529,14849628613341,4.683794,0.071361,4.478812,15360
live,937,14849633929547,14849634061638,14849634135975,14849638561699,4.632152,0.074337,4.425724,15360
live,938,14849643929547,14849644060364,14849644129613,14849648450151,4.520604,0.069249,4.320538,15360
live,939,14849653929547,14849654061427,14849654129620,14849658404205,4.474658,0.068193,4.274585,15360
live,940,14849663929547,14849664066233,14849664138042,14849696743088,32.813541,0.071809,32.605046,15360
live,941,14849673929547,14849674063295,14849696864945,14849700619492,26.689945,22.80165,3.754547,15360
live,942,14849683929547,14849684068038,14849700708421,14849704420247,20.4907,16.640383,3.711826,15360
live,943,14849693929547,14849694058796,14849704506136,14849708126537,14.19699,10.44734,3.620401,15360
live,944,14849703929547,14849704165523,14849708209098,14849711790298,7.860751,4.043575,3.5812,15360
live,945,14849713929547,14849714062648,14849714130745,14849717710281,3.780734,0.068097,3.579536,15360
live,946,14849723929547,14849724065087,14849724134464,14849727672623,3.743076,0.069377,3.538159,15360
live,947,14849733929547,14849734062853,14849734132166,14849737740598,3.811051,0.069313,3.608432,15360
live,948,14849743929547,14849744063051,14849744129740,14849748205955,4.276408,0.066689,4.076215,15360
live,949,14849753929547,14849754060209,14849754144371,14849757911013,3.981466,0.084162,3.766642,15360
live,950,14849763929547,14849764064088,14849764130905,14849767660168,3.730621,0.066817,3.529263,15360
live,951,14849773929547,14849774061982,14849774126623,14849777735247,3.8057,0.064641,3.608624,15360
live,952,14849783929547,14849784065060,14849784132613,14849787847191,3.917644,0.067553,3.714578,15360
live,953,14849793929547,14849794063531,14849794131947,14849798008864,4.079317,0.068416,3.876917,15360
live,954,14849803929547,14849804058001,14849804114545,14849807965701,4.036154,0.056544,3.851156,15360
live,955,14849813929547,14849814049463,14849814111800,14849818149390,4.219843,0.062337,4.03759,15360
live,956,14849823929547,14849824151935,14849824245696,14849828725020,4.795473,0.093761,4.479324,15360
live,957,14849833929547,14849834083940,14849834163045,14849838465087,4.53554,0.079105,4.302042,15360
live,958,14849843929547,14849844074090,14849844150059,14849848874538,4.944991,0.075969,4.724479,15360
live,959,14849853929547,14849854069168,14849854136593,14849858400234,4.470687,0.067425,4.263641,15360
live,960,14849863929547,14849864068438,14849864131063,14849895042486,31.112939,0.062625,30.911423,15360
live,961,14849873929547,14849874067517,14849895163544,14849899317488,25.387941,21.096027,4.153944,15360
live,962,14849883929547,14849884068835,14849899445330,14849903313733,19.384186,15.376495,3.868403,15360
live,963,14849893929547,14849894108490,14849903396583,14849907094680,13.165133,9.288093,3.698097,15360
live,964,14849903929547,14849904070288,14849907181209,14849910789034,6.859487,3.110921,3.607825,15360
live,965,14849913929547,14849914060150,14849914132375,14849917721063,3.791516,0.072225,3.588688,15360
live,966,14849923929547,14849924064956,14849924135261,14849927761550,3.832003,0.070305,3.626289,15360
live,967,14849933929547,14849934062466,14849934132643,14849937755572,3.826025,0.070177,3.622929,15360
live,968,14849943929547,14849944062985,14849944130249,14849947890524,3.960977,0.067264,3.760275,15360
live,969,14849953929547,14849954059407,14849954127024,14849957755552,3.826005,0.067617,3.628528,15360
live,970,14849963929547,14849964063541,14849964133174,14849967952105,4.022558,0.069633,3.818931,15360
live,971,14849973929547,14849974061083,14849974125660,14849977729741,3.800194,0.064577,3.604081,15360
live,972,14849983929547,14849984068578,14849984134179,14849987829364,3.899817,0.065601,3.695185,15360
live,973,14849993929547,14849994059784,14849994118537,14849997969084,4.039537,0.058753,3.850547,15360
live,974,14850003929547,14850004072686,14850004141007,14850008026275,4.096728,0.068321,3.885268,15360
live,975,14850013929547,14850014080469,14850014163030,14850018346126,4.416579,0.082561,4.183096,15360
live,976,14850023929547,14850024086107,14850024168924,14850028221010,4.291463,0.082817,4.052086,15360
live,977,14850033929547,14850034079649,14850034161954,14850038242425,4.312878,0.082305,4.080471,15360
live,978,14850043929547,14850044081287,14850044157800,14850048451906,4.522359,0.076513,4.294106,15360
live,979,14850053929547,14850054069390,14850054135982,14850058623627,4.69408,0.066592,4.487645,15360
live,980,14850063929547,14850064067348,14850064140981,14850095397240,31.467693,0.073633,31.256259,15360
live,981,14850073929547,14850074067322,14850095508122,14850099243404,25.313857,21.4408,3.735282,15360
live,982,14850083929547,14850084066624,14850099322765,14850103250914,19.321367,15.256141,3.928149,15360
live,983,14850093929547,14850094235785,14850103367267,14850107222263,13.292716,9.131482,3.854996,15360
live,984,14850103929547,14850104065293,14850107307288,14850110961577,7.03203,3.241995,3.654289,15360
live,985,14850113929547,14850114057299,14850114125460,14850117758949,3.829402,0.068161,3.633489,15360
live,986,14850123929547,14850124064153,14850124132282,14850127698186,3.768639,0.068129,3.565904,15360
live,987,14850133929547,14850134062591,14850134128256,14850137763185,3.833638,0.065665,3.634929,15360
live,988,14850143929547,14850144065318,14850144131783,14850147720535,3.790988,0.066465,3.588752,15360
live,989,14850153929547,14850154291279,14850154425905,14850158171043,4.241496,0.134626,3.745138,15360
live,990,14850163929547,14850164096179,14850164166356,14850167698883,3.769336,0.070177,3.532527,15360
live,991,14850173929547,14850174073433,14850174145466,14850177764170,3.834623,0.072033,3.618704,15360
live,992,14850183929547,14850184067167,14850184133856,14850188510490,4.580943,0.066689,4.376634,15360
live,993,14850193929547,14850194061029,14850194125382,14850197974938,4.045391,0.064353,3.849556,15360
live,994,14850203929547,14850204065227,14850204135436,14850208626729,4.697182,0.070209,4.491293,15360
live,995,14850213929547,14850214069586,14850214134322,14850218200393,4.270846,0.064736,4.066071,15360
live,996,14850223929547,14850224066520,14850224138777,14850228839992,4.910445,0.072257,4.701215,15360
live,997,14850233929547,14850234067998,14850234142143,14850238454361,4.524814,0.074145,4.312218,15360
live,998,14850243929547,14850244062788,14850244127077,14850248428127,4.49858,0.064289,4.30105,15360
live,999,14850253929547,14850254069003,14850254134155,14850258491878,4.562331,0.065152,4.357723,15360
live,1000,14850263929547,14850264087089,14850264161650,14850296950922,33.021375,0.074561,32.789272,15360
live,1001,14850273929547,14850274065911,14850297066636,14850300795710,26.866163,23.000725,3.729074,15360
live,1002,14850283929547,14850284062621,14850300884799,14850304662002,20.732455,16.822178,3.777203,15360
live,1003,14850293929547,14850294058051,14850304745555,14850308382500,14.452953,10.687504,3.636945,15360
live,1004,14850303929547,14850304220428,14850308464453,14850312079349,8.149802,4.244025,3.614896,15360
live,1005,14850313929547,14850314060464,14850314130641,14850317780194,3.850647,0.070177,3.649553,15360
live,1006,14850323929547,14850324063222,14850324127927,14850327714951,3.785404,0.064705,3.587024,15360
live,1007,14850333929547,14850334062813,14850334126493,14850337760206,3.830659,0.06368,3.633713,15360
live,1008,14850343929547,14850344065123,14850344132068,14850347702516,3.772969,0.066945,3.570448,15360
live,1009,14850353929547,14850354061385,14850354125866,14850357971710,4.042163,0.064481,3.845844,15360
live,1010,14850363929547,14850364058799,14850364123760,14850367724704,3.795157,0.064961,3.600944,15360
live,1011,14850373929547,14850374061174,14850374122678,14850377761415,3.831868,0.061504,3.638737,15360
live,1012,14850383929547,14850384062748,14850384135773,14850388207283,4.277736,0.073025,4.07151,15360
live,1013,14850393929547,14850394061314,14850394126755,14850398234490,4.304943,0.065441,4.107735,15360
live,1014,14850403929547,14850404064328,14850404135657,14850408038942,4.109395,0.071329,3.903285,15360
live,1015,14850413929547,14850414061039,14850414133936,14850418069476,4.139929,0.072897,3.93554,15360
live,1016,14850423929547,14850424062677,14850424131222,14850428158860,4.229313,0.068545,4.027638,15360
live,1017,14850433929547,14850434063579,14850434124220,14850438216787,4.28724,0.060641,4.092567,15360
live,1018,14850443929547,14850444072577,14850444140194,14850448457596,4.528049,0.067617,4.317402,15360
live,1019,14850453929547,14850454066376,14850454138377,14850458508515,4.578968,0.072001,4.370138,15360
live,1020,14850463929547,14850464061326,14850464122767,14850494962413,31.032866,0.061441,30.839646,15360
live,1021,14850473929547,14850474066356,14850495078734,14850499026691,25.097144,21.012378,3.947957,15360
live,1022,14850483929547,14850484070330,14850499122949,14850503252860,19.323313,15.052619,4.129911,15360
live,1023,14850493929547,14850494382277,14850503336125,14850506982734,13.053187,8.953848,3.646609,15360
live,1024,14850503929547,14850504075559,14850507069999,14850510659231,6.729684,2.99444,3.589232,15360
live,1025,14850513929547,14850514083533,14850514157998,14850517788895,3.859348,0.074465,3.630897,15360
live,1026,14850523929547,14850524066643,14850524138580,14850527713380,3.783833,0.071937,3.5748,15360
live,1027,14850533929547,14850534062586,14850534131163,14850537762987,3.83344,0.068577,3.631824,15360
live,1028,14850543929547,14850544065472,14850544134401,14850547707089,3.777542,0.068929,3.572688,15360
live,1029,14850553929547,14850554062566,14850554128391,14850557729591,3.800044,0.065825,3.6012,15360
live,1030,14850563929547,14850564060556,14850564125581,14850567699837,3.77029,0.065025,3.574256,15360
live,1031,14850573929547,14850574059731,14850574128020,14850577904166,3.974619,0.068289,3.776146,15360
live,1032,14850583929547,14850584063897,14850584130586,14850587814859,3.885312,0.066689,3.684273,15360
live,1033,14850593929547,14850594062303,14850594132608,14850597951795,4.022248,0.070305,3.819187,15360
live,1034,14850603929547,14850604073542,14850604138054,14850608270814,4.341267,0.064512,4.13276,15360
live,1035,14850613929547,14850614051852,14850614118860,14850618217731,4.288184,0.067008,4.098871,15360
live,1036,14850623929547,14850624062674,14850624125907,14850628167657,4.23811,0.063233,4.04175,15360
live,1037,14850633929547,14850634061144,14850634131033,14850638356498,4.426951,0.069889,4.225465,15360
live,1038,14850643929547,14850644065823,14850644131455,14850648413721,4.484174,0.065632,4.282266,15360
live,1039,14850653929547,14850654063173,14850654126310,14850658610722,4.681175,0.063137,4.484412,15360
live,1040,14850663929547,14850664181101,14850664343951,14850695463153,31.533606,0.16285,31.119202,15360
live,1041,14850673929547,14850674062609,14850695581970,14850699270340,25.340793,21.519361,3.68837,15360
live,1042,14850683929547,14850684066200,14850699356133,14850702982998,19.053451,15.289933,3.626865,15360
live,1043,14850693929547,14850694055614,14850703066743,14850707028428,13.098881,9.011129,3.961685,15360
live,1044,14850703929547,14850704068964,14850707112685,14850711227396,7.297849,3.043721,4.114711,15360
live,1045,14850713929547,14850714059274,14850714128043,14850717860061,3.930514,0.068769,3.732018,15360
live,1046,14850723929547,14850724062545,14850724129969,14850727691649,3.762102,0.067424,3.56168,15360
live,1047,14850733929547,14850734062103,14850734130872,14850737756552,3.827005,0.068769,3.62568,15360
live,1048,14850743929547,14850744065373,14850744132094,14850747672301,3.742754,0.066721,3.540207,15360
live,1049,14850753929547,14850754061155,14850754128804,14850757704852,3.775305,0.067649,3.576048,15360
live,1050,14850763929547,14850764062122,14850764127722,14850768242178,4.312631,0.0656,4.114456,15360
live,1051,14850773929547,14850774060240,14850774120081,14850777731041,3.801494,0.059841,3.61096,15360
live,1052,14850783929547,14850784095190,14850784167383,14850788462033,4.532486,0.072193,4.29465,15360
live,1053,14850793929547,14850794066300,14850794137085,14850798048594,4.119047,0.070785,3.911509,15360
live,1054,14850803929547,14850804067459,14850804139876,14850808042232,4.112685,0.072417,3.902356,15360
live,1055,14850813929547,14850814063529,14850814133674,14850818969867,5.04032,0.070145,4.836193,15360
live,1056,14850823929547,14850824064975,14850824131568,14850828482698,4.553151,0.066593,4.35113,15360
live,1057,14850833929547,14850834065237,14850834140086,14850838274638,4.345091,0.074849,4.134552,15360
live,1058,14850843929547,14850844067036,14850844143389,14850848204499,4.274952,0.076353,4.06111,15360
live,1059,14850853929547,14850854064226,14850854140355,14850858474589,4.545042,0.076129,4.334234,15360
live,1060,14850863929547,14850864067272,14850864136425,14850894858854,30.929307,0.069153,30.722429,15360
live,1061,14850873929547,14850874062926,14850894983271,14850898705401,24.775854,20.920345,3.72213,15360
live,1062,14850883929547,14850884066357,14850898792090,14850902441579,18.512032,14.725733,3.649489,15360
live,1063,14850893929547,14850894313246,14850902527212,14850906176765,12.247218,8.213966,3.649553,15360
live,1064,14850903929547,14850904071425,14850906256671,14850909892335,5.962788,2.185246,3.635664,15360
live,1065,14850913929547,14850914115240,14850914189065,14850917798682,3.869135,0.073825,3.609617,15360
live,1066,14850923929547,14850924085710,14850924156271,14850927732575,3.803028,0.070561,3.576304,15360
live,1067,14850933929547,14850934067380,14850934134645,14850937760678,3.831131,0.067265,3.626033,15360
live,1068,14850943929547,14850944066266,14850944133115,14850947676747,3.7472,0.066849,3.543632,15360
live,1069,14850953929547,14850954065952,14850954131329,14850957668529,3.738982,0.065377,3.5372,15360
live,1070,14850963929547,14850964063079,14850964130024,14850967693943,3.764396,0.066945,3.563919,15360
live,1071,14850973929547,14850974058445,14850974117390,14850977745406,3.815859,0.058945,3.628016,15360
live,1072,14850983929547,14850984067955,14850984135860,14850987824518,3.894971,0.067905,3.688658,15360
live,1073,14850993929547,14850994066937,14850994135258,14850998017006,4.087459,0.068321,3.881748,15360
live,1074,14851003929547,14851004063648,14851004127040,14851007968052,4.038505,0.063392,3.841012,15360
live,1075,14851013929547,14851014061126,14851014131655,14851018223390,4.293843,0.070529,4.091735,15360
live,1076,14851023929547,14851024062668,14851024129581,14851028198852,4.269305,0.066913,4.069271,15360
live,1077,14851033929547,14851034063218,14851034138483,14851038242666,4.313119,0.075265,4.104183,15360
live,1078,14851043929547,14851044069529,14851044143386,14851048914138,4.984591,0.073857,4.770752,15360
live,1079,14851053929547,14851054063487,14851054145024,14851058583707,4.65416,0.081537,4.438683,15360
live,1080,14851063929547,14851064072933,14851064149158,14851094772705,30.843158,0.076225,30.623547,15360
live,1081,14851073929547,14851074248270,14851094894531,14851098657493,24.727946,20.646261,3.762962,15360
live,1082,14851083929547,14851084067538,14851098745911,14851102438504,18.508957,14.678373,3.692593,15360
live,1083,14851093929547,14851094230266,14851102524009,14851106189819,12.260272,8.293743,3.66581,15360
live,1084,14851103929547,14851104071582,14851106271900,14851109878796,5.949249,2.200318,3.606896,15360
live,1085,14851113929547,14851114060228,14851114128229,14851117757014,3.827467,0.068001,3.628785,15360
live,1086,14851123929547,14851124063978,14851124132331,14851127783516,3.853969,0.068353,3.651185,15360
live,1087,14851133929547,14851134062545,14851134130738,14851138023174,4.093627,0.068193,3.892436,15360
live,1088,14851143929547,14851144064567,14851144137304,14851147673511,3.743964,0.072737,3.536207,15360
live,1089,14851153929547,14851154059677,14851154127358,14851157759279,3.829732,0.067681,3.631921,15360
live,1090,14851163929547,14851164071684,14851164138084,14851167680276,3.750729,0.0664,3.542192,15360
live,1091,14851173929547,14851174060490,14851174124362,14851177865501,3.935954,0.063872,3.741139,15360
live,1092,14851183929547,14851184084272,14851184154641,14851187888227,3.95868,0.070369,3.733586,15360
live,1093,14851193929547,14851194061750,14851194129527,14851197949642,4.020095,0.067777,3.820115,15360
live,1094,14851203929547,14851204064668,14851204139069,14851207996369,4.066822,0.074401,3.8573,15360
live,1095,14851213929547,14851214061219,14851214127011,14851218236603,4.307056,0.065792,4.109592,15360
live,1096,14851223929547,14851224061225,14851224130826,14851228677671,4.748124,0.069601,4.546845,15360
live,1097,14851233929547,14851234061871,14851234133552,14851238461994,4.532447,0.071681,4.328442,15360
live,1098,14851243929547,14851244064661,14851244130902,14851248457072,4.527525,0.066241,4.32617,15360
live,1099,14851253929547,14851254061148,14851254125404,14851258472983,4.543436,0.064256,4.347579,15360
live,1100,14851263929547,14851264065122,14851264125635,14851294925696,30.996149,0.060513,30.800061,15360
live,1101,14851273929547,14851274058056,14851295040866,14851298745235,24.815688,20.98281,3.704369,15360
live,1102,14851283929547,14851284121935,14851298828757,14851302483206,18.553659,14.706822,3.654449,15360
live,1103,14851293929547,14851294336184,14851302566055,14851306218456,12.288909,8.229871,3.652401,15360
live,1104,14851303929547,14851304079803,14851306299065,14851309929802,6.000255,2.219262,3.630737,15360
live,1105,14851313929547,14851314065601,14851314140770,14851317741746,3.812199,0.075169,3.600976,15360
live,1106,14851323929547,14851324079527,14851324153960,14851327764345,3.834798,0.074433,3.610385,15360
live,1107,14851333929547,14851334063245,14851334131790,14851338189509,4.259962,0.068545,4.057719,15360
live,1108,14851343929547,14851344064756,14851344130581,14851347711653,3.782106,0.065825,3.581072,15360
live,1109,14851353929547,14851354061946,14851354133691,14851357770924,3.841377,0.071745,3.637233,15360
live,1110,14851363929547,14851364066432,14851364134977,14851367953236,4.023689,0.068545,3.818259,15360
live,1111,14851373929547,14851374062758,14851374134279,14851377716471,3.786924,0.071521,3.582192,15360
live,1112,14851383929547,14851384058573,14851384118061,14851387843455,3.913908,0.059488,3.725394,15360
live,1113,14851393929547,14851394061107,14851394127508,14851397974983,4.045436,0.066401,3.847475,15360
live,1114,14851403929547,14851404061721,14851404131898,14851408593654,4.664107,0.070177,4.461756,15360
live,1115,14851413929547,14851414062047,14851414136192,14851418242872,4.313325,0.074145,4.10668,15360
live,1116,14851423929547,14851424062630,14851424129031,14851428194045,4.264498,0.066401,4.065014,15360
live,1117,14851433929547,14851434058508,14851434118989,14851438471623,4.542076,0.060481,4.352634,15360
live,1118,14851443929547,14851444074450,14851444138451,14851448409228,4.479681,0.064001,4.270777,15360
live,1119,14851453929547,14851454061432,14851454133465,14851458580533,4.650986,0.072033,4.447068,15360
live,1120,14851463929547,14851464064607,14851464138368,14851495421028,31.491481,0.073761,31.28266,15360
live,1121,14851473929547,14851474068709,14851495538117,14851499228247,25.2987,21.469408,3.69013,15360
live,1122,14851483929547,14851484067627,14851499320376,14851502965705,19.036158,15.252749,3.645329,15360
live,1123,14851493929547,14851494206611,14851503048458,14851506677627,12.74808,8.841847,3.629169,15360
live,1124,14851503929547,14851504126488,14851506761436,14851510400973,6.471426,2.634948,3.639537,15360
live,1125,14851513929547,14851514070526,14851514148991,14851517820496,3.890949,0.078465,3.671505,15360
live,1126,14851523929547,14851524068900,14851524143525,14851527723925,3.794378,0.074625,3.5804,15360
live,1127,14851533929547,14851534062346,14851534131083,14851537699579,3.770032,0.068737,3.568496,15360
live,1128,14851543929547,14851544065745,14851544135953,14851547709889,3.780342,0.070208,3.573936,15360
live,1129,14851553929547,14851554065751,14851554132632,14851557812009,3.882462,0.066881,3.679377,15360
live,1130,14851563929547,14851564066013,14851564132062,14851567672397,3.74285,0.066049,3.540335,15360
live,1131,14851573929547,14851574061283,14851574127716,14851577720308,3.790761,0.066433,3.592592,15360
live,1132,14851583929547,14851584181963,14851584324173,14851588327235,4.397688,0.14221,4.003062,15360
live,1133,14851593929547,14851594066896,14851594133969,14851598042981,4.113434,0.067073,3.909012,15360
live,1134,14851603929547,14851604064694,14851604134487,14851608636371,4.706824,0.069793,4.501884,15360
live,1135,14851613929547,14851614062076,14851614131357,14851618230740,4.301193,0.069281,4.099383,15360
live,1136,14851623929547,14851624064930,14851624133219,14851628499198,4.569651,0.068289,4.365979,15360
live,1137,14851633929547,14851634067785,14851634144522,14851638248289,4.318742,0.076737,4.103767,15360
live,1138,14851643929547,14851644065551,14851644137744,14851648482346,4.552799,0.072193,4.344602,15360
live,1139,14851653929547,14851654065653,14851654139990,14851658458544,4.528997,0.074337,4.318554,15360
live,1140,14851663929547,14851664065819,14851664129500,14851694802776,30.873229,0.063681,30.673276,15360
live,1141,14851673929547,14851674062882,14851694918682,14851698601323,24.671776,20.8558,3.682641,15360
live,1142,14851683929547,14851684135977,14851698688460,14851702370974,18.441427,14.552483,3.682514,15360
live,1143,14851693929547,14851694290193,14851702455807,14851706119152,12.189605,8.165614,3.663345,15360
live,1144,14851703929547,14851704066484,14851706199377,14851709826498,5.896951,2.132893,3.627121,15360
live,1145,14851713929547,14851714061307,14851714132891,14851717760492,3.830945,0.071584,3.627601,15360
live,1146,14851723929547,14851724065665,14851724137442,14851727710610,3.781063,0.071777,3.573168,15360
live,1147,14851733929547,14851734061415,14851734131368,14851738218431,4.288884,0.069953,4.087063,15360
live,1148,14851743929547,14851744060685,14851744130414,14851747635613,3.706066,0.069729,3.505199,15360
live,1149,14851753929547,14851754061427,14851754129492,14851757854470,3.924923,0.068065,3.724978,15360
live,1150,14851763929547,14851764066138,14851764133019,14851767968046,4.038499,0.066881,3.835027,15360
live,1151,14851773929547,14851774059456,14851774127841,14851777815090,3.885543,0.068385,3.687249,15360
live,1152,14851783929547,14851784065702,14851784132071,14851788375584,4.446037,0.066369,4.243513,15360
live,1153,14851793929547,14851794059084,14851794124269,14851798457927,4.52838,0.065185,4.333658,15360
live,1154,14851803929547,14851804061939,14851804124980,14851807986343,4.056796,0.063041,3.861363,15360
live,1155,14851813929547,14851814060985,14851814130010,14851818244945,4.315398,0.069025,4.114935,15360
live,1156,14851823929547,14851824063807,14851824126208,14851828201175,4.271628,0.062401,4.074967,15360
live,1157,14851833929547,14851834059013,14851834120358,14851838227869,4.298322,0.061345,4.107511,15360
live,1158,14851843929547,14851844101804,14851844187117,14851848884972,4.955425,0.085313,4.697855,15360
live,1159,14851853929547,14851854066706,14851854142643,14851858428685,4.499138,0.075937,4.286042,15360
live,1160,14851863929547,14851864064920,14851864131289,14851895158874,31.229327,0.066369,31.027585,15360
live,1161,14851873929547,14851874069278,14851895275675,14851899013997,25.08445,21.206397,3.738322,15360
live,1162,14851883929547,14851884068229,14851899102223,14851902753504,18.823957,15.033994,3.651281,15360
live,1163,14851893929547,14851894179948,14851902835617,14851906528722,12.599175,8.655669,3.693105,15360
live,1164,14851903929547,14851904063889,14851906611923,14851910289381,6.359834,2.548034,3.677458,15360
live,1165,14851913929547,14851914057143,14851914125112,14851917755945,3.826398,0.067969,3.630833,15360
live,1166,14851923929547,14851924061694,14851924126046,14851927685326,3.755779,0.064352,3.55928,15360
live,1167,14851933929547,14851934061412,14851934130565,14851937785014,3.855467,0.069153,3.654449,15360
live,1168,14851943929547,14851944115659,14851944202476,14851947761916,3.832369,0.086817,3.55944,15360
live,1169,14851953929547,14851954077264,14851954148081,14851957742978,3.813431,0.070817,3.594897,15360
live,1170,14851963929547,14851964075447,14851964148856,14851968051916,4.122369,0.073409,3.90306,15360
live,1171,14851973929547,14851974067613,14851974140670,14851978006194,4.076647,0.073057,3.865524,15360
live,1172,14851983929547,14851984065315,14851984136164,14851987871478,3.941931,0.070849,3.735314,15360
live,1173,14851993929547,14851994059977,14851994133418,14851997932669,4.003122,0.073441,3.799251,15360
live,1174,14852003929547,14852004072560,14852004145457,14852008194887,4.26534,0.072897,4.04943,15360
live,1175,14852013929547,14852014062774,14852014133591,14852018169997,4.24045,0.070817,4.036406,15360
live,1176,14852023929547,14852024064956,14852024127389,14852028219732,4.290185,0.062433,4.092343,15360
live,1177,14852033929547,14852034056258,14852034120643,14852038276859,4.347312,0.064385,4.156216,15360
live,1178,14852043929547,14852044069384,14852044134985,14852048480132,4.550585,0.065601,4.345147,15360
live,1179,14852053929547,14852054061871,14852054125903,14852058537291,4.607744,0.064032,4.411388,15360
live,1180,14852063929547,14852064063573,14852064135126,14852095837983,31.908436,0.071553,31.702857,15360
live,1181,14852073929547,14852074078299,14852095952449,14852100148377,26.21883,21.87415,4.195928,15360
live,1182,14852083929547,14852084070625,14852100240282,14852104355634,20.426087,16.169657,4.115352,15360
live,1183,14852093929547,14852094339435,14852104442611,14852108553258,14.623711,10.103176,4.110647,15360
live,1184,14852103929547,14852104069198,14852108635051,14852112731330,8.801783,4.565853,4.096279,15360
live,1185,14852113929547,14852114065428,14852114136341,14852118243948,4.314401,0.070913,4.107607,15360
live,1186,14852123929547,14852124066202,14852124135291,14852128195186,4.265639,0.069089,4.059895,15360
live,1187,14852133929547,14852134062880,14852134131713,14852138230936,4.301389,0.068833,4.099223,15360
live,1188,14852143929547,14852144062343,14852144131047,14852148153597,4.22405,0.068704,4.02255,15360
live,1189,14852153929547,14852154059277,14852154127630,14852158196164,4.266617,0.068353,4.068534,15360
live,1190,14852163929547,14852164063539,14852164126388,14852168276620,4.347073,0.062849,4.150232,15360
live,1191,14852173929547,14852174060665,14852174131162,14852178114736,4.185189,0.070497,3.983574,15360
live,1192,14852183929547,14852184088832,14852184161665,14852188491355,4.561808,0.072833,4.32969,15360
live,1193,14852193929547,14852194066758,14852194139687,14852198041851,4.112304,0.072929,3.902164,15360
live,1194,14852203929547,14852204065484,14852204138477,14852208025633,4.096086,0.072993,3.887156,15360
live,1195,14852213929547,14852214070130,14852214142963,14852218224970,4.295423,0.072833,4.082007,15360
live,1196,14852223929547,14852224064888,14852224132729,14852228444179,4.514632,0.067841,4.31145,15360
live,1197,14852233929547,14852234063135,14852234122815,14852238196182,4.266635,0.05968,4.073367,15360
live,1198,14852243929547,14852244071045,14852244142022,14852249082952,5.153405,0.070977,4.94093,15360
live,1199,14852253929547,14852254063531,14852254129804,14852258461702,4.532155,0.066273,4.331898,15360
live,1200,14852263929547,14852264075409,14852264139762,14852295171923,31.242376,0.064353,31.032161,15360
live,1201,14852273929547,14852274061847,14852295282900,14852299540941,25.611394,21.221053,4.258041,15360
live,1202,14852283929547,14852284063646,14852299626927,14852303304224,19.374677,15.563281,3.677297,15360
live,1203,14852293929547,14852294374056,14852303386209,14852307005938,13.076391,9.012153,3.619729,15360
live,1204,14852303929547,14852304070218,14852307087027,14852310691843,6.762296,3.016809,3.604816,15360
live,1205,14852313929547,14852314058672,14852314128273,14852317726241,3.796694,0.069601,3.597968,15360
live,1206,14852323929547,14852324064119,14852324131703,14852327694151,3.764604,0.067584,3.562448,15360
live,1207,14852333929547,14852334060829,14852334132350,14852337736302,3.806755,0.071521,3.603952,15360
live,1208,14852343929547,14852344063651,14852344128612,14852347690836,3.761289,0.064961,3.562224,15360
live,1209,14852353929547,14852354055977,14852354122218,14852357775931,3.846384,0.066241,3.653713,15360
live,1210,14852363929547,14852364061231,14852364129072,14852367667712,3.738165,0.067841,3.53864,15360
live,1211,14852373929547,14852374060534,14852374124982,14852377883529,3.953982,0.064448,3.758547,15360
live,1212,14852383929547,14852384064028,14852384133885,14852387995825,4.066278,0.069857,3.86194,15360
live,1213,14852393929547,14852394062178,14852394122307,14852397930518,4.000971,0.060129,3.808211,15360
live,1214,14852403929547,14852404105321,14852404192042,14852408664198,4.734651,0.086721,4.472156,15360
live,1215,14852413929547,14852414076591,14852414156208,14852418230118,4.300571,0.079617,4.07391,15360
live,1216,14852423929547,14852424076437,14852424155990,14852428248781,4.319234,0.079553,4.092791,15360
live,1217,14852433929547,14852434066235,14852434133116,14852438229683,4.300136,0.066881,4.096567,15360
live,1218,14852443929547,14852444124354,14852444199459,14852448495229,4.565682,0.075105,4.29577,15360
live,1219,14852453929547,14852454119784,14852454207049,14852458546980,4.617433,0.087265,4.339931,15360
live,1220,14852463929547,14852464083534,14852464162351,14852496732004,32.802457,0.078817,32.569653,15360
live,1221,14852473929547,14852474074964,14852496851238,14852500571224,26.641677,22.776274,3.719986,15360
live,1222,14852483929547,14852484072634,14852500657657,14852504426443,20.496896,16.585023,3.768786,15360
live,1223,14852493929547,14852494061152,14852504513165,14852508189470,14.259923,10.452013,3.676305,15360
live,1224,14852503929547,14852504190344,14852508271071,14852511860815,7.931268,4.080727,3.589744,15360
live,1225,14852513929547,14852514078317,14852514156942,14852517841215,3.911668,0.078625,3.684273,15360
live,1226,14852523929547,14852524072531,14852524146452,14852527767749,3.838202,0.073921,3.621297,15360
live,1227,14852533929547,14852534069369,14852534140730,14852537764107,3.83456,0.071361,3.623377,15360
live,1228,14852543929547,14852544067136,14852544133856,14852547678320,3.748773,0.06672,3.544464,15360
live,1229,14852553929547,14852554082502,14852554162247,14852557751671,3.822124,0.079745,3.589424,15360
live,1230,14852563929547,14852564077740,14852564152205,14852568035617,4.10607,0.074465,3.883412,15360
live,1231,14852573929547,14852574065490,14852574134259,14852577888613,3.959066,0.068769,3.754354,15360
live,1232,14852583929547,14852584069368,14852584142489,14852588159343,4.229796,0.073121,4.016854,15360
live,1233,14852593929547,14852594067935,14852594139904,14852598031540,4.101993,0.071969,3.891636,15360
live,1234,14852603929547,14852604310952,14852604459658,14852608561345,4.631798,0.148706,4.101687,15360
live,1235,14852613929547,14852614091787,14852614175725,14852618232835,4.303288,0.083938,4.05711,15360
live,1236,14852623929547,14852624094706,14852624173843,14852628569678,4.640131,0.079137,4.395835,15360
live,1237,14852633929547,14852634071576,14852634143961,14852638443666,4.514119,0.072385,4.299705,15360
live,1238,14852643929547,14852644067294,14852644143103,14852648452889,4.523342,0.075809,4.309786,15360
live,1239,14852653929547,14852654060932,14852654132837,14852658592513,4.662966,0.071905,4.459676,15360
live,1240,14852663929547,14852664065674,14852664128875,14852695457135,31.527588,0.063201,31.32826,15360
live,1241,14852673929547,14852674065840,14852695571889,14852699242178,25.312631,21.506049,3.670289,15360
live,1242,14852683929547,14852684068503,14852699330275,14852702966676,19.037129,15.261772,3.636401,15360
live,1243,14852693929547,14852694208543,14852703048949,14852707087212,13.157665,8.840406,4.038263,15360
live,1244,14852703929547,14852704069603,14852707385424,14852711043777,7.11423,3.315821,3.658353,15360
live,1245,14852713929547,14852714055721,14852714124970,14852717728570,3.799023,0.069249,3.6036,15360
live,1246,14852723929547,14852724059311,14852724131792,14852727720193,3.790646,0.072481,3.588401,15360
live,1247,14852733929547,14852734059414,14852734128631,14852737715175,3.785628,0.069217,3.586544,15360
live,1248,14852743929547,14852744061724,14852744128989,14852747710157,3.78061,0.067265,3.581168,15360
live,1249,14852753929547,14852754057634,14852754125059,14852758089784,4.160237,0.067425,3.964725,15360
live,1250,14852763929547,14852764057768,14852764126025,14852768030366,4.100819,0.068257,3.904341,15360
live,1251,14852773929547,14852774061519,14852774130895,14852777785185,3.855638,0.069376,3.65429,15360
live,1252,14852783929547,14852784064373,14852784132790,14852787826919,3.897372,0.068417,3.694129,15360
live,1253,14852793929547,14852794059163,14852794117084,14852798098225,4.168678,0.057921,3.981141,15360
live,1254,14852803929547,14852804071585,14852804142562,14852808685151,4.755604,0.070977,4.542589,15360
live,1255,14852813929547,14852814058471,14852814126792,14852818241152,4.311605,0.068321,4.11436,15360
live,1256,14852823929547,14852824521204,14852824620373,14852828703276,4.773729,0.099169,4.082903,15360
live,1257,14852833929547,14852834125109,14852834245142,14852838694802,4.765255,0.120033,4.44966,15360
live,1258,14852843929547,14852844155419,14852844269917,14852848640056,4.710509,0.114498,4.370139,15360
live,1259,14852853929547,14852854123521,14852854227395,14852858686334,4.756787,0.103874,4.458939,15360
live,1260,14852863929547,14852864088583,14852864176040,14852895073959,31.144412,0.087457,30.897919,15360
live,1261,14852873929547,14852874076045,14852895199752,14852899366880,25.437333,21.123707,4.167128,15360
live,1262,14852883929547,14852884072403,14852899452962,14852903082290,19.152743,15.380559,3.629328,15360
live,1263,14852893929547,14852894267836,14852903164819,14852906815492,12.885945,8.896983,3.650673,15360
live,1264,14852903929547,14852904074112,14852906897414,14852910478070,6.548523,2.823302,3.580656,15360
live,1265,14852913929547,14852914055046,14852914121830,14852917770903,3.841356,0.066784,3.649073,15360
live,1266,14852923929547,14852924064812,14852924135597,14852927714813,3.785266,0.070785,3.579216,15360
live,1267,14852933929547,14852934061650,14852934131123,14852937741348,3.811801,0.069473,3.610225,15360
live,1268,14852943929547,14852944065144,14852944134617,14852947702441,3.772894,0.069473,3.567824,15360
live,1269,14852953929547,14852954060607,14852954144416,14852957863474,3.933927,0.083809,3.719058,15360
live,1270,14852963929547,14852964062725,14852964126598,14852967682197,3.75265,0.063873,3.555599,15360
live,1271,14852973929547,14852974072395,14852974141484,14852977737852,3.808305,0.069089,3.596368,15360
live,1272,14852983929547,14852984064945,14852984141554,14852987866116,3.936569,0.076609,3.724562,15360
live,1273,14852993929547,14852994061719,14852994129016,14852998279248,4.349701,0.067297,4.150232,15360
live,1274,14853003929547,14853004062206,14853004146719,14853008253782,4.324235,0.084513,4.107063,15360
live,1275,14853013929547,14853014065188,14853014141317,14853018201723,4.272176,0.076129,4.060406,15360
live,1276,14853023929547,14853024064970,14853024126763,14853028209442,4.279895,0.061793,4.082679,15360
live,1277,14853033929547,14853034057168,14853034121329,14853038170343,4.240796,0.064161,4.049014,15360
live,1278,14853043929547,14853044072951,14853044144984,14853048518738,4.589191,0.072033,4.373754,15360
live,1279,14853053929547,14853054104605,14853054201471,14853058722715,4.793168,0.096866,4.521244,15360
live,1280,14853063929547,14853064309094,14853064444808,14853095858606,31.929059,0.135714,31.413798,15360
live,1281,14853073929547,14853074087113,14853095973647,14853099724961,25.795414,21.886534,3.751314,15360
live,1282,14853083929547,14853084069071,14853099814947,14853103511316,19.581769,15.745876,3.696369,15360
live,1283,14853093929547,14853094065366,14853103591573,14853107288359,13.358812,9.526207,3.696786,15360
live,1284,14853103929547,14853104069084,14853107370376,14853111013881,7.084334,3.301292,3.643505,15360
live,1285,14853113929547,14853114062178,14853114127555,14853117763252,3.833705,0.065377,3.635697,15360
live,1286,14853123929547,14853124065640,14853124134569,14853127737945,3.808398,0.068929,3.603376,15360
live,1287,14853133929547,14853134064846,14853134129743,14853137806433,3.876886,0.064897,3.67669,15360
live,1288,14853143929547,14853144065973,14853144135253,14853147687909,3.758362,0.06928,3.552656,15360
live,1289,14853153929547,14853154060027,14853154125724,14853157772204,3.842657,0.065697,3.64648,15360
live,1290,14853163929547,14853164065025,14853164132290,14853167925717,3.99617,0.067265,3.793427,15360
live,1291,14853173929547,14853174079911,14853174148136,14853177768377,3.83883,0.068225,3.620241,15360
live,1292,14853183929547,14853184064845,14853184130542,14853187710046,3.780499,0.065697,3.579504,15360
live,1293,14853193929547,14853194057523,14853194125652,14853198050025,4.120478,0.068129,3.924373,15360
live,1294,14853203929547,14853204120571,14853204194972,14853208600759,4.671212,0.074401,4.405787,15360
live,1295,14853213929547,14853214091424,14853214164033,14853218723838,4.794291,0.072609,4.559805,15360
live,1296,14853223929547,14853224067782,14853224142695,14853228237822,4.308275,0.074913,4.095127,15360
live,1297,14853233929547,14853234069452,14853234133613,14853238277797,4.34825,0.064161,4.144184,15360
live,1298,14853243929547,14853244074323,14853244139764,14853248840851,4.911304,0.065441,4.701087,15360
live,1299,14853253929547,14853254063161,14853254136954,14853258582453,4.652906,0.073793,4.445499,15360
live,1300,14853263929547,14853264066111,14853264134592,14853294916349,30.986802,0.068481,30.781757,15360
live,1301,14853273929547,14853274064005,14853295030879,14853298743888,24.814341,20.966874,3.713009,15360
live,1302,14853283929547,14853284112556,14853298826738,14853302444354,18.514807,14.714182,3.617616,15360
live,1303,14853293929547,14853294583993,14853302527587,14853306209813,12.280266,7.943594,3.682226,15360
live,1304,14853303929547,14853304079480,14853306291030,14853310186602,6.257055,2.21155,3.895572,15360
live,1305,14853313929547,14853314063358,14853314137023,14853318206198,4.276651,0.073665,4.069175,15360
live,1306,14853323929547,14853324065188,14853324135717,14853327696821,3.767274,0.070529,3.561104,15360
live,1307,14853333929547,14853334063242,14853334133003,14853337741628,3.812081,0.069761,3.608625,15360
live,1308,14853343929547,14853344064465,14853344130578,14853347674753,3.745206,0.066113,3.544175,15360
live,1309,14853353929547,14853354060119,14853354126680,14853357729288,3.799741,0.066561,3.602608,15360
live,1310,14853363929547,14853364062077,14853364131006,14853367992018,4.062471,0.068929,3.861012,15360
live,1311,14853373929547,14853374056259,14853374122308,14853377725140,3.795593,0.066049,3.602832,15360
live,1312,14853383929547,14853384064585,14853384132906,14853387835580,3.906033,0.068321,3.702674,15360
live,1313,14853393929547,14853394061648,14853394131249,14853398026021,4.096474,0.069601,3.894772,15360
live,1314,14853403929547,14853404066038,14853404125111,14853407939562,4.010015,0.059073,3.814451,15360
live,1315,14853413929547,14853414057276,14853414122845,14853418421047,4.4915,0.065569,4.298202,15360
live,1316,14853423929547,14853424058914,14853424127171,14853428257979,4.328432,0.068257,4.130808,15360
live,1317,14853433929547,14853434063721,14853434132681,14853438281249,4.351702,0.06896,4.148568,15360
live,1318,14853443929547,14853444066159,14853444136560,14853448392297,4.46275,0.070401,4.255737,15360
live,1319,14853453929547,14853454062453,14853454126518,14853458651666,4.722119,0.064065,4.525148,15360
live,1320,14853463929547,14853464066907,14853464138364,14853494936857,31.00731,0.071457,30.798493,15360
live,1321,14853473929547,14853474057729,14853495053339,14853498790285,24.860738,20.99561,3.736946,15360
live,1322,14853483929547,14853484063304,14853498881774,14853502563296,18.633749,14.81847,3.681522,15360
live,1323,14853493929547,14853494363250,14853502645441,14853506326674,12.397127,8.282191,3.681233,15360
live,1324,14853503929547,14853504072628,14853506409075,14853510020708,6.091161,2.336447,3.611633,15360
live,1325,14853513929547,14853514059546,14853514131355,14853518057456,4.127909,0.071809,3.926101,15360
live,1326,14853523929547,14853524310564,14853524426725,14853528490556,4.561009,0.116161,4.063831,15360
live,1327,14853533929547,14853534066119,14853534134536,14853538001563,4.072016,0.068417,3.867027,15360
live,1328,14853543929547,14853544065421,14853544133038,14853547694846,3.765299,0.067617,3.561808,15360
live,1329,14853553929547,14853554061139,14853554127412,14853557710116,3.780569,0.066273,3.582704,15360
live,1330,14853563929547,14853564065337,14853564132922,14853567676074,3.746527,0.067585,3.543152,15360
live,1331,14853573929547,14853574061631,14853574128032,14853577746225,3.816678,0.066401,3.618193,15360
live,1332,14853583929547,14853584063750,14853584129126,14853587842392,3.912845,0.065376,3.713266,15360
live,1333,14853593929547,14853594065036,14853594128141,14853597925184,3.995637,0.063105,3.797043,15360
live,1334,14853603929547,14853604065682,14853604136883,14853608579055,4.649508,0.071201,4.442172,15360
live,1335,14853613929547,14853614060792,14853614133561,14853618169231,4.239684,0.072769,4.03567,15360
live,1336,14853623929547,14853624065470,14853624128095,14853628744093,4.814546,0.062625,4.615998,15360
live,1337,14853633929547,14853634057189,14853634123269,14853638443487,4.51394,0.06608,4.320218,15360
live,1338,14853643929547,14853644062027,14853644130476,14853648838635,4.909088,0.068449,4.708159,15360
live,1339,14853653929547,14853654062737,14853654137042,14853658540269,4.610722,0.074305,4.403227,15360
live,1340,14853663929547,14853664067095,14853664126040,14853694564657,30.63511,0.058945,30.438617,15360
live,1341,14853673929547,14853674058237,14853694678386,14853698380132,24.450585,20.620149,3.701746,15360
live,1342,14853683929547,14853684071876,14853698467301,14853702168791,18.239244,14.395425,3.70149,15360
live,1343,14853693929547,14853694057322,14853702249336,14853705877256,11.947709,8.192014,3.62792,15360
live,1344,14853703929547,14853704068944,14853705959018,14853709594074,5.664527,1.890074,3.635056,15360
live,1345,14853713929547,14853714056790,14853714127255,14853717793128,3.863581,0.070465,3.665873,15360
live,1346,14853723929547,14853724070845,14853724144094,14853728649050,4.719503,0.073249,4.504956,15360
live,1347,14853733929547,14853734062691,14853734135588,14853737848661,3.919114,0.072897,3.713073,15360
live,1348,14853743929547,14853744062953,14853744129130,14853747657401,3.727854,0.066177,3.528271,15360
live,1349,14853753929547,14853754060719,14853754126352,14853757781185,3.851638,0.065633,3.654833,15360
live,1350,14853763929547,14853764064565,14853764132982,14853767655462,3.725915,0.068417,3.52248,15360
live,1351,14853773929547,14853774061915,14853774128348,14853777864335,3.934788,0.066433,3.735987,15360
live,1352,14853783929547,14853784060866,14853784132451,14853787856149,3.926602,0.071585,3.723698,15360
live,1353,14853793929547,14853794063912,14853794124329,14853797884187,3.95464,0.060417,3.759858,15360
live,1354,14853803929547,14853804096879,14853804158095,14853808024195,4.094648,0.061216,3.8661,15360
live,1355,14853813929547,14853814058932,14853814132117,14853818188236,4.258689,0.073185,4.056119,15360
live,1356,14853823929547,14853824063611,14853824132187,14853828190066,4.260519,0.068576,4.057879,15360
live,1357,14853833929547,14853834060161,14853834131938,14853838712095,4.782548,0.071777,4.580157,15360
live,1358,14853843929547,14853844067975,14853844137832,14853848436066,4.506519,0.069857,4.298234,15360
live,1359,14853853929547,14853854059117,14853854131022,14853858593866,4.664319,0.071905,4.462844,15360
live,1360,14853863929547,14853864066835,14853864137172,14853895617371,31.687824,0.070337,31.480199,15360
live,1361,14853873929547,14853874067674,14853895738844,14853899424334,25.494787,21.67117,3.68549,15360
live,1362,14853883929547,14853884068608,14853899509935,14853903123904,19.194357,15.441327,3.613969,15360
live,1363,14853893929547,14853894129351,14853903203489,14853906853042,12.923495,9.074138,3.649553,15360
live,1364,14853903929547,14853904063564,14853906933971,14853910519299,6.589752,2.870407,3.585328,15360
live,1365,14853913929547,14853914054098,14853914124083,14853917716035,3.786488,0.069985,3.591952,15360
live,1366,14853923929547,14853924061497,14853924129209,14853927690025,3.760478,0.067712,3.560816,15360
live,1367,14853933929547,14853934056703,14853934122976,14853937693392,3.763845,0.066273,3.570416,15360
live,1368,14853943929547,14853944061989,14853944131078,14853947718166,3.788619,0.069089,3.587088,15360
live,1369,14853953929547,14853954058987,14853954139916,14853957892127,3.96258,0.080929,3.752211,15360
live,1370,14853963929547,14853964138226,14853964209555,14853968051207,4.12166,0.071329,3.841652,15360
live,1371,14853973929547,14853974089176,14853974156665,14853977769129,3.839582,0.067489,3.612464,15360
live,1372,14853983929547,14853984070110,14853984140383,14853987901617,3.97207,0.070273,3.761234,15360
live,1373,14853993929547,14853994063396,14853994132837,14853998072666,4.143119,0.069441,3.939829,15360
live,1374,14854003929547,14854004064330,14854004132907,14854008179009,4.249462,0.068577,4.046102,15360
live,1375,14854013929547,14854014061104,14854014129137,14854018211720,4.282173,0.068033,4.082583,15360
live,1376,14854023929547,14854024065111,14854024127703,14854028305648,4.376101,0.062592,4.177945,15360
live,1377,14854033929547,14854034054717,14854034144638,14854038670267,4.74072,0.089921,4.525629,15360
live,1378,14854043929547,14854044070627,14854044389703,14854049797264,5.867717,0.319076,5.407561,15360
live,1379,14854053929547,14854054059369,14854054343565,14854059457842,5.528295,0.284196,5.114277,15360
live,1380,14854063929547,14854064067855,14854064146544,14854094781580,30.852033,0.078689,30.635036,15360
live,1381,14854073929547,14854074066262,14854094924429,14854099202855,25.273308,20.858167,4.278426,15360
live,1382,14854083929547,14854084167453,14854099323241,14854103546529,19.616982,15.155788,4.223288,15360
live,1383,14854093929547,14854094066274,14854103660899,14854107871899,13.942352,9.594625,4.211,15360
live,1384,14854103929547,14854104068488,14854107979549,14854112528634,8.599087,3.911061,4.549085,15360
live,1385,14854113929547,14854114061966,14854114136175,14854118709101,4.779554,0.074209,4.572926,15360
live,1386,14854123929547,14854124064533,14854124139254,14854128736467,4.80692,0.074721,4.597213,15360
live,1387,14854133929547,14854134062427,14854134138172,14854138681625,4.752078,0.075745,4.543453,15360
live,1388,14854143929547,14854144064417,14854144142754,14854148655774,4.726227,0.078337,4.51302,15360
live,1389,14854153929547,14854154062407,14854154135880,14854158651333,4.721786,0.073473,4.515453,15360
live,1390,14854163929547,14854164064077,14854164136718,14854168650219,4.720672,0.072641,4.513501,15360
live,1391,14854173929547,14854174062195,14854174138516,14854178642545,4.712998,0.076321,4.504029,15360
live,1392,14854183929547,14854184203388,14854184280765,14854188794681,4.865134,0.077377,4.513916,15360
live,1393,14854193929547,14854194063136,14854194136481,14854198659357,4.72981,0.073345,4.522876,15360
live,1394,14854203929547,14854204061030,14854204132807,14854208714916,4.785369,0.071777,4.582109,15360
live,1395,14854213929547,14854214059404,14854214133101,14854218653962,4.724415,0.073697,4.520861,15360
live,1396,14854223929547,14854224061458,14854224155476,14854228824146,4.894599,0.094018,4.66867,15360
live,1397,14854233929547,14854234063449,14854234137626,14854239047771,5.118224,0.074177,4.910145,15360
live,1398,14854243929547,14854244061279,14854244136224,14854248717245,4.787698,0.074945,4.581021,15360
live,1399,14854253929547,14854254060741,14854254138022,14854258665315,4.735768,0.077281,4.527293,15360
live,1400,14854263929547,14854264067403,14854264161804,14854293449333,29.519786,0.094401,29.287529,15360
live,1401,14854273929547,14854274063121,14854293582199,14854297333418,23.403871,19.519078,3.751219,15360
live,1402,14854283929547,14854284065144,14854297432139,14854301133597,17.20405,13.366995,3.701458,15360
live,1403,14854293929547,14854294055774,14854301222334,14854304920239,10.990692,7.16656,3.697905,15360
live,1404,14854303929547,14854304129669,14854305004849,14854308594849,4.665302,0.87518,3.59,15360
live,1405,14854313929547,14854314060778,14854314126283,14854317775964,3.846417,0.065505,3.649681,15360
live,1406,14854323929547,14854324064048,14854324130865,14854327719201,3.789654,0.066817,3.588336,15360
live,1407,14854333929547,14854334062774,14854334127415,14854337748936,3.819389,0.064641,3.621521,15360
live,1408,14854343929547,14854344061853,14854344128894,14854347681805,3.752258,0.067041,3.552911,15360
live,1409,14854353929547,14854354060387,14854354126532,14854357736628,3.807081,0.066145,3.610096,15360
live,1410,14854363929547,14854364064489,14854364130314,14854368391715,4.462168,0.065825,4.261401,15360
live,1411,14854373929547,14854374061423,14854374126064,14854378176742,4.247195,0.064641,4.050678,15360
live,1412,14854383929547,14854384060469,14854384127158,14854388527409,4.597862,0.066689,4.400251,15360
live,1413,14854393929547,14854394056348,14854394124028,14854398321589,4.392042,0.06768,4.197561,15360
live,1414,14854403929547,14854404063490,14854404137699,14854408638783,4.709236,0.074209,4.501084,15360
live,1415,14854413929547,14854414063816,14854414128169,14854418559620,4.630073,0.064353,4.431451,15360
live,1416,14854423929547,14854424065934,14854424124943,14854428548714,4.619167,0.059009,4.423771,15360
live,1417,14854433929547,14854434058804,14854434119349,14854438869077,4.93953,0.060545,4.749728,15360
live,1418,14854443929547,14854444067323,14854444139964,14854448659416,4.729869,0.072641,4.519452,15360
live,1419,14854453929547,14854454062753,14854454133762,14854458712607,4.78306,0.071009,4.578845,15360
live,1420,14854463929547,14854464066183,14854464127304,14854495275594,31.346047,0.061121,31.14829,15360
live,1421,14854473929547,14854474061997,14854495390379,14854499110301,25.180754,21.328382,3.719922,15360
live,1422,14854483929547,14854484061779,14854499201950,14854502865712,18.936165,15.140171,3.663762,15360
live,1423,14854493929547,14854494135034,14854502945713,14854506591426,12.661879,8.810679,3.645713,15360
live,1424,14854503929547,14854504064480,14854506674243,14854510340212,6.410665,2.609763,3.665969,15360
live,1425,14854513929547,14854514056806,14854514126823,14854517800216,3.870669,0.070017,3.673393,15360
live,1426,14854523929547,14854524067148,14854524127853,14854527678813,3.749266,0.060705,3.55096,15360
live,1427,14854533929547,14854534062162,14854534129427,14854537788836,3.859289,0.067265,3.659409,15360
live,1428,14854543929547,14854544061688,14854544484158,14854552748013,8.818466,0.42247,8.263855,15360
live,1429,14854553929547,14854554103359,14854554189056,14854559077570,5.148023,0.085697,4.888514,15360
live,1430,14854563929547,14854564102373,14854564185158,14854568088155,4.158608,0.082785,3.902997,15360
live,1431,14854573929547,14854574062347,14854574137132,14854577782269,3.852722,0.074785,3.645137,15360
live,1432,14854583929547,14854584071473,14854584140946,14854587947621,4.018074,0.069473,3.806675,15360
live,1433,14854593929547,14854594066583,14854594276218,14854598636277,4.70673,0.209635,4.360059,15360
live,1434,14854603929547,14854604066366,14854604138911,14854607962738,4.033191,0.072545,3.823827,15360
live,1435,14854613929547,14854614061540,14854614130405,14854620418009,6.488462,0.068865,6.287604,15360
live,1436,14854623929547,14854624069738,14854624142219,14854628462533,4.532986,0.072481,4.320314,15360
live,1437,14854633929547,14854634060080,14854634131857,14854638217416,4.287869,0.071777,4.085559,15360
live,1438,14854643929547,14854644064566,14854644137431,14854648255695,4.326148,0.072865,4.118264,15360
live,1439,14854653929547,14854654061725,14854654134174,14854658531929,4.602382,0.072449,4.397755,15360
live,1440,14854663929547,14854664064131,14854664143140,14854694743070,30.813523,0.079009,30.59993,15360
live,1441,14854673929547,14854674065673,14854694866464,14854698634227,24.70468,20.800791,3.767763,15360
live,1442,14854683929547,14854684069295,14854698725972,14854702410917,18.48137,14.656677,3.684945,15360
live,1443,14854693929547,14854694162423,14854702494630,14854706128535,12.198988,8.332207,3.633905,15360
live,1444,14854703929547,14854704071580,14854706210360,14854709842025,5.912478,2.13878,3.631665,15360
live,1445,14854713929547,14854714061154,14854714133251,14854717745811,3.816264,0.072097,3.61256,15360
live,1446,14854723929547,14854724105896,14854724178473,14854727783002,3.853455,0.072577,3.604529,15360
live,1447,14854733929547,14854734084814,14854734153583,14854737772256,3.842709,0.068769,3.618673,15360
live,1448,14854743929547,14854744068372,14854744134005,14854748290541,4.360994,0.065633,4.156536,15360
live,1449,14854753929547,14854754063386,14854754131003,14854757743116,3.813569,0.067617,3.612113,15360
live,1450,14854763929547,14854764062145,14854764127874,14854767732914,3.803367,0.065729,3.60504,15360
live,1451,14854773929547,14854774061543,14854774129672,14854777752760,3.823213,0.068129,3.623088,15360
live,1452,14854783929547,14854784065709,14854784138478,14854788598794,4.669247,0.072769,4.460316,15360
live,1453,14854793929547,14854794058899,14854794129652,14854798195819,4.266272,0.070753,4.066167,15360
live,1454,14854803929547,14854804064249,14854804136730,14854808483925,4.554378,0.072481,4.347195,15360
live,1455,14854813929547,14854814065856,14854814135233,14854818223095,4.293548,0.069377,4.087862,15360
live,1456,14854823929547,14854824061606,14854824133383,14854828418080,4.488533,0.071777,4.284697,15360
live,1457,14854833929547,14854834061932,14854834133389,14854838269284,4.339737,0.071457,4.135895,15360
live,1458,14854843929547,14854844066194,14854844143731,14854848513486,4.583939,0.077537,4.369755,15360
live,1459,14854853929547,14854854059992,14854854124857,14854858673174,4.743627,0.064865,4.548317,15360
live,1460,14854863929547,14854864065631,14854864139328,14854895370275,31.440728,0.073697,31.230947,15360
live,1461,14854873929547,14854874068325,14854895487684,14854899266423,25.336876,21.419359,3.778739,15360
live,1462,14854883929547,14854884065675,14854899356728,14854903017161,19.087614,15.291053,3.660433,15360
live,1463,14854893929547,14854894215987,14854903101834,14854906753499,12.823952,8.885847,3.651665,15360
live,1464,14854903929547,14854904067447,14854906836573,14854910458893,6.529346,2.769126,3.62232,15360
live,1465,14854913929547,14854914059357,14854914128382,14854917811376,3.881829,0.069025,3.682994,15360
live,1466,14854923929547,14854924065316,14854924133445,14854927674932,3.745385,0.068129,3.541487,15360
live,1467,14854933929547,14854934060618,14854934128171,14854937757019,3.827472,0.067553,3.628848,15360
live,1468,14854943929547,14854944063600,14854944131761,14854947661216,3.731669,0.068161,3.529455,15360
live,1469,14854953929547,14854954056118,14854954121015,14854957719175,3.789628,0.064897,3.59816,15360
live,1470,14854963929547,14854964061820,14854964128733,14854967747662,3.818115,0.066913,3.618929,15360
live,1471,14854973929547,14854974060259,14854974126531,14854977808725,3.879178,0.066272,3.682194,15360
live,1472,14854983929547,14854984062377,14854984130218,14854987864860,3.935313,0.067841,3.734642,15360
live,1473,14854993929547,14854994065551,14854994133296,14854998457514,4.527967,0.067745,4.324218,15360
live,1474,14855003929547,14855004060853,14855004123190,14855007966794,4.037247,0.062337,3.843604,15360
live,1475,14855013929547,14855014062523,14855014130908,14855018202163,4.272616,0.068385,4.071255,15360
live,1476,14855023929547,14855024067746,14855024131682,14855028222393,4.292846,0.063936,4.090711,15360
live,1477,14855033929547,14855034061448,14855034125065,14855038195935,4.266388,0.063617,4.07087,15360
live,1478,14855043929547,14855044068014,14855044136751,14855048481641,4.552094,0.068737,4.34489,15360
live,1479,14855053929547,14855054348280,14855054500570,14855059148088,5.218541,0.15229,4.647518,15360
live,1480,14855063929547,14855064065850,14855064127451,14855095137595,31.208048,0.061601,31.010144,15360
live,1481,14855073929547,14855074123201,14855095257917,14855099022383,25.092836,21.134716,3.764466,15360
live,1482,14855083929547,14855084073063,14855099108272,14855102785570,18.856023,15.035209,3.677298,15360
live,1483,14855093929547,14855094357713,14855102868451,14855107289406,13.359859,8.510738,4.420955,15360
live,1484,14855103929547,14855104077683,14855107379071,14855110990320,7.060773,3.301388,3.611249,15360
live,1485,14855113929547,14855114062905,14855114139002,14855117748587,3.81904,0.076097,3.609585,15360
live,1486,14855123929547,14855124071647,14855124141600,14855127709616,3.780069,0.069953,3.568016,15360
live,1487,14855133929547,14855134063589,14855134131238,14855137743415,3.813868,0.067649,3.612177,15360
live,1488,14855143929547,14855144065100,14855144130956,14855147706780,3.777233,0.065856,3.575824,15360
live,1489,14855153929547,14855154060498,14855154124979,14855158389580,4.460033,0.064481,4.264601,15360
live,1490,14855163929547,14855164080376,14855164152633,14855167754249,3.824702,0.072257,3.601616,15360
live,1491,14855173929547,14855174063166,14855174134495,14855178201654,4.272107,0.071329,4.067159,15360
live,1492,14855183929547,14855184068804,14855184137189,14855187859863,3.930316,0.068385,3.722674,15360
live,1493,14855193929547,14855194064650,14855194134731,14855197932702,4.003155,0.070081,3.797971,15360
live,1494,14855203929547,14855204067121,14855204128978,14855208472812,4.543265,0.061857,4.343834,15360
live,1495,14855213929547,14855214060759,14855214129176,14855218010316,4.080769,0.068417,3.88114,15360
live,1496,14855223929547,14855224070877,14855224142174,14855228631706,4.702159,0.071297,4.489532,15360
live,1497,14855233929547,14855234066659,14855234129156,14855238238331,4.308784,0.062497,4.109175,15360
live,1498,14855243929547,14855244067529,14855244133706,14855248235617,4.30607,0.066177,4.101911,15360
live,1499,14855253929547,14855254064976,14855254203281,14855258549004,4.619457,0.138305,4.345723,15360
