stage,sequence,release_ns,queued_ns,start_ns,end_ns,age_ms,queue_ms,service_ms,output_samples
live,0,18141159774654,18141160108879,18141160377491,18141166883076,7.108422,0.268612,6.505585,30720
live,1,18141169774654,18141170091659,18141170249997,18141175427566,5.652912,0.158338,5.177569,30720
live,2,18141179774654,18141179945094,18141180073224,18141185297576,5.522922,0.12813,5.224352,30720
live,3,18141189774654,18141189967267,18141190062564,18141195771435,5.996781,0.095297,5.708871,30720
live,4,18141199774654,18141199906078,18141200025728,18141206088459,6.313805,0.11965,6.062731,30720
live,5,18141209774654,18141209941723,18141210035068,18141216077863,6.303209,0.093345,6.042795,30720
live,6,18141219774654,18141219935543,18141220078969,18141226476552,6.701898,0.143426,6.397583,30720
live,7,18141229774654,18141229953524,18141230043061,18141235070515,5.295861,0.089537,5.027454,30720
live,8,18141239774654,18141239904399,18141239988368,18141244768172,4.993518,0.083969,4.779804,30720
live,9,18141249774654,18141249908940,18141249981868,18141254682407,4.907753,0.072928,4.700539,30720
live,10,18141259774654,18141259900328,18141259976265,18141264449152,4.674498,0.075937,4.472887,30720
live,11,18141269774654,18141269902596,18141269994149,18141275771149,5.996495,0.091553,5.777,30720
live,12,18141279774654,18141279917633,18141280014210,18141284737436,4.962782,0.096577,4.723226,30720
live,13,18141289774654,18141289904893,18141289987198,18141294564055,4.789401,0.082305,4.576857,30720
live,14,18141299774654,18141299904793,18141299972730,18141304368528,4.593874,0.067937,4.395798,30720
live,15,18141309774654,18141309897461,18141310062455,18141313836422,4.061768,0.164994,3.773967,30720
live,16,18141319774654,18141319902898,18141320028243,18141324466570,4.691916,0.125345,4.438327,30720
live,17,18141329774654,18141329902414,18141329982191,18141334675689,4.901035,0.079777,4.693498,30720
live,18,18141339774654,18141339919210,18141340013356,18141344482435,4.707781,0.094146,4.469079,30720
live,19,18141349774654,18141349897254,18141349988040,18141354637729,4.863075,0.090786,4.649689,30720
live,20,18141359774654,18141359909571,18141359989284,18141365991822,6.217168,0.079713,6.002538,30720
live,21,18141369774654,18141369899711,18141369962944,18141374029842,4.255188,0.063233,4.066898,30720
live,22,18141379774654,18141379912251,18141379988412,18141384310002,4.535348,0.076161,4.32159,30720
live,23,18141389774654,18141389898488,18141389978137,18141394145324,4.37067,0.079649,4.167187,30720
live,24,18141399774654,18141399894228,18141400021365,18141404104296,4.329642,0.127137,4.082931,30720
live,25,18141409774654,18141409899824,18141409960273,18141414269287,4.494633,0.060449,4.309014,30720
live,26,18141419774654,18141419891212,18141419947469,18141423899934,4.12528,0.056257,3.952465,30720
live,27,18141429774654,18141429899529,18141429980938,18141434621411,4.846757,0.081409,4.640473,30720
live,28,18141439774654,18141439911781,18141439996102,18141444610464,4.83581,0.084321,4.614362,30720
live,29,18141449774654,18141449898337,18141449971650,18141454241463,4.466809,0.073313,4.269813,30720
live,30,18141459774654,18141459894430,18141459968575,18141464232532,4.457878,0.074145,4.263957,30720
live,31,18141469774654,18141469896442,18141469978459,18141474499827,4.725173,0.082017,4.521368,30720
live,32,18141479774654,18141479894390,18141479956407,18141483973321,4.198667,0.062017,4.016914,30720
live,33,18141489774654,18141489895763,18141489974003,18141494527340,4.752686,0.07824,4.553337,30720
live,34,18141499774654,18141499905359,18141499990768,18141504911501,5.136847,0.085409,4.920733,30720
live,35,18141509774654,18141509902347,18141509983148,18141514452644,4.67799,0.080801,4.469496,30720
live,36,18141519774654,18141519899751,18141519963208,18141525008391,5.233737,0.063457,5.045183,30720
live,37,18141529774654,18141529904260,18141529982533,18141534363195,4.588541,0.078273,4.380662,30720
live,38,18141539774654,18141539894560,18141539953185,18141543894802,4.120148,0.058625,3.941617,30720
live,39,18141549774654,18141549896796,18141549971901,18141554490645,4.715991,0.075105,4.518744,30720
live,40,18141559774654,18141559894233,18141560012218,18141565766914,5.99226,0.117985,5.754696,30720
live,41,18141569774654,18141569901045,18141569977750,18141574030184,4.25553,0.076705,4.052434,30720
live,42,18141579774654,18141580047795,18141580170453,18141585043857,5.269203,0.122658,4.873404,30720
live,43,18141589774654,18141589913038,18141589989327,18141593966912,4.192258,0.076289,3.977585,30720
live,44,18141599774654,18141599905962,18141600152493,18141604566596,4.791942,0.246531,4.414103,30720
live,45,18141609774654,18141609891110,18141610134345,18141614648993,4.874339,0.243235,4.514648,30720
live,46,18141619774654,18141619892258,18141620133029,18141624531004,4.75635,0.240771,4.397975,30720
live,47,18141629774654,18141629887711,18141630133378,18141634304053,4.529399,0.245667,4.170675,30720
live,48,18141639774654,18141639892059,18141640136126,18141644573365,4.798711,0.244067,4.437239,30720
live,49,18141649774654,18141649887799,18141650143642,18141654438384,4.66373,0.255843,4.294742,30720
live,50,18141659774654,18141659892436,18141660135927,18141664551821,4.777167,0.243491,4.415894,30720
live,51,18141669774654,18141669885392,18141669958161,18141673914114,4.13946,0.072769,3.955953,30720
live,52,18141679774654,18141680125999,18141680246192,18141684576198,4.801544,0.120193,4.330006,30720
live,53,18141689774654,18141689894600,18141689966377,18141694243774,4.46912,0.071777,4.277397,30720
live,54,18141699774654,18141699895173,18141699965510,18141704236155,4.461501,0.070337,4.270645,30720
live,55,18141709774654,18141709895425,18141709972162,18141714520411,4.745757,0.076737,4.548249,30720
live,56,18141719774654,18141719894173,18141719953598,18141724947132,5.172478,0.059425,4.993534,30720
live,57,18141729774654,18141729890650,18141729963866,18141735130203,5.355549,0.073216,5.166337,30720
live,58,18141739774654,18141739892406,18141739965911,18141744312269,4.537615,0.073505,4.346358,30720
live,59,18141749774654,18141749891858,18141749966995,18141754442987,4.668333,0.075137,4.475992,30720
live,60,18141759774654,18141759890734,18141759956335,18141765736535,5.961881,0.065601,5.7802,30720
live,61,18141769774654,18141769891307,18141769950923,18141773941437,4.166783,0.059616,3.990514,30720
live,62,18141779774654,18141779888199,18141779960328,18141785337163,5.562509,0.072129,5.376835,30720
live,63,18141789774654,18141789892355,18141789964388,18141794303866,4.529212,0.072033,4.339478,30720
live,64,18141799774654,18141799895552,18141799976449,18141804754844,4.98019,0.080897,4.778395,30720
live,65,18141809774654,18141809896604,18141809969501,18141814652919,4.878265,0.072897,4.683418,30720
live,66,18141819774654,18141819893336,18141820141147,18141824588819,4.814165,0.247811,4.447672,30720
live,67,18141829774654,18141829892693,18141829971958,18141834182090,4.407436,0.079265,4.210132,30720
live,68,18141839774654,18141839889201,18141839948818,18141843885218,4.110564,0.059617,3.9364,30720
live,69,18141849774654,18141849891373,18141849958222,18141853900223,4.125569,0.066849,3.942001,30720
live,70,18141859774654,18141859888841,18141859948906,18141863865627,4.090973,0.060065,3.916721,30720
live,71,18141869774654,18141869895238,18141870165833,18141875219368,5.444714,0.270595,5.053535,30720
live,72,18141879774654,18141879899682,18141880157285,18141884590108,4.815454,0.257603,4.432823,30720
live,73,18141889774654,18141889892542,18141890157730,18141894055122,4.280468,0.265188,3.897392,30720
live,74,18141899774654,18141899896891,18141900203806,18141904654358,4.879704,0.306915,4.450552,30720
live,75,18141909774654,18141909886583,18141909960312,18141914199500,4.424846,0.073729,4.239188,30720
live,76,18141919774654,18141919925172,18141920174039,18141924928594,5.15394,0.248867,4.754555,30720
live,77,18141929774654,18141929905712,18141929980273,18141934149732,4.375078,0.074561,4.169459,30720
live,78,18141939774654,18141939902060,18141939986157,18141944139425,4.364771,0.084097,4.153268,30720
live,79,18141949774654,18141949898632,18141949971785,18141954089500,4.314846,0.073153,4.117715,30720
live,80,18141959774654,18141959893796,18141959971397,18141965518602,5.743948,0.077601,5.547205,30720
live,81,18141969774654,18141969888705,18141970136932,18141974038932,4.264278,0.248227,3.902,30720
live,82,18141979774654,18141979883389,18141979953886,18141983734925,3.960271,0.070497,3.781039,30720
live,83,18141989774654,18141989891225,18141989961818,18141994507987,4.733333,0.070593,4.546169,30720
live,84,18141999774654,18141999876533,18141999942358,18142005992129,6.217475,0.065825,6.049771,30720
live,85,18142009774654,18142009890386,18142009966259,18142014639053,4.864399,0.075873,4.672794,30720
live,86,18142019774654,18142019897518,18142019979855,18142024538440,4.763786,0.082337,4.558585,30720
live,87,18142029774654,18142029892842,18142029968683,18142034217280,4.442626,0.075841,4.248597,30720
live,88,18142039774654,18142039896231,18142039976872,18142043777623,4.002969,0.080641,3.800751,30720
live,89,18142049774654,18142049890979,18142049966372,18142053948757,4.174103,0.075393,3.982385,30720
live,90,18142059774654,18142059890175,18142059968416,18142063984018,4.209364,0.078241,4.015602,30720
live,91,18142069774654,18142069899196,18142070153311,18142074573366,4.798712,0.254115,4.420055,30720
live,92,18142079774654,18142079871832,18142079935704,18142084593266,4.818612,0.063872,4.657562,30720
live,93,18142089774654,18142089895252,18142089966581,18142094290507,4.515853,0.071329,4.323926,30720
live,94,18142099774654,18142099896817,18142099970225,18142104202598,4.427944,0.073408,4.232373,30720
live,95,18142109774654,18142109895277,18142109970158,18142114556327,4.781673,0.074881,4.586169,30720
live,96,18142119774654,18142119898153,18142120164300,18142124603108,4.828454,0.266147,4.438808,30720
live,97,18142129774654,18142129890949,18142129968070,18142134426974,4.65232,0.077121,4.458904,30720
live,98,18142139774654,18142139891650,18142139964515,18142144834239,5.059585,0.072865,4.869724,30720
live,99,18142149774654,18142150156161,18142150281411,18142169731509,19.956855,0.12525,19.450098,30720
replay,99,18142149774654,18142150195298,18142150518374,18142169851382,20.076728,0.323076,19.333008,2338816
live,100,18142159774654,18142160345056,18142170149370,18142178600291,18.825637,9.804314,8.450921,30720
live,101,18142169774654,18142170382173,18142178718052,18142181585576,11.810922,8.335879,2.867524,30720
live,102,18142179774654,18142179945684,18142181741034,18142185766300,5.991646,1.79535,4.025266,30720
live,103,18142189774654,18142189886895,18142190073585,18142194582441,4.807787,0.18669,4.508856,30720
live,104,18142199774654,18142199889835,18142199955980,18142203688283,3.913629,0.066145,3.732303,30720
live,105,18142209774654,18142209888200,18142209955913,18142213693335,3.918681,0.067713,3.737422,30720
live,106,18142219774654,18142219887940,18142219962373,18142223728628,3.953974,0.074433,3.766255,30720
live,107,18142229774654,18142229888928,18142229962433,18142233885074,4.11042,0.073505,3.922641,30720
live,108,18142239774654,18142239889501,18142239964542,18142245020252,5.245598,0.075041,5.05571,30720
live,109,18142249774654,18142249893817,18142249967194,18142254128078,4.353424,0.073377,4.160884,30720
live,110,18142259774654,18142259892693,18142259954422,18142263840070,4.065416,0.061729,3.885648,30720
live,111,18142269774654,18142269889746,18142270149941,18142274461898,4.687244,0.260195,4.311957,30720
live,112,18142279774654,18142279892014,18142280141969,18142284306597,4.531943,0.249955,4.164628,30720
live,113,18142289774654,18142289894634,18142290145037,18142295458223,5.683569,0.250403,5.313186,30720
live,114,18142299774654,18142299877030,18142300114441,18142304676962,4.902308,0.237411,4.562521,30720
live,115,18142309774654,18142309886083,18142309964324,18142314247385,4.472731,0.078241,4.283061,30720
live,116,18142319774654,18142319889887,18142319965952,18142323938993,4.164339,0.076065,3.973041,30720
live,117,18142329774654,18142329891899,18142329961212,18142334170321,4.395667,0.069313,4.209109,30720
live,118,18142339774654,18142339897464,18142340150171,18142344568978,4.794324,0.252707,4.418807,30720
live,119,18142349774654,18142349886516,18142349960661,18142354322123,4.547469,0.074145,4.361462,30720
live,120,18142359774654,18142359891696,18142359949745,18142365764473,5.989819,0.058049,5.814728,30720
live,121,18142369774654,18142369888108,18142369959309,18142374118241,4.343587,0.071201,4.158932,30720
live,122,18142379774654,18142379905097,18142380165452,18142384705733,4.931079,0.260355,4.540281,30720
live,123,18142389774654,18142389887781,18142389960614,18142394096409,4.321755,0.072833,4.135795,30720
live,124,18142399774654,18142399889601,18142399969474,18142404065013,4.290359,0.079873,4.095539,30720
live,125,18142409774654,18142409898782,18142410154561,18142414263572,4.488918,0.255779,4.109011,30720
live,126,18142419774654,18142419890554,18142419967675,18142424509523,4.734869,0.077121,4.541848,30720
live,127,18142429774654,18142429889206,18142429963383,18142434764595,4.989941,0.074177,4.801212,30720
live,128,18142439774654,18142439896179,18142439968340,18142444645134,4.87048,0.072161,4.676794,30720
live,129,18142449774654,18142449893007,18142449971344,18142454154596,4.379942,0.078337,4.183252,30720
live,130,18142459774654,18142459893291,18142459972716,18142465004363,5.229709,0.079425,5.031647,30720
live,131,18142469774654,18142469891431,18142469973000,18142474802853,5.028199,0.081569,4.829853,30720
live,132,18142479774654,18142479907844,18142479986469,18142485484009,5.709355,0.078625,5.49754,30720
live,133,18142489774654,18142489897280,18142489973825,18142494378456,4.603802,0.076545,4.404631,30720
live,134,18142499774654,18142499897500,18142499979165,18142504123921,4.349267,0.081665,4.144756,30720
live,135,18142509774654,18142509898649,18142509982490,18142514554515,4.779861,0.083841,4.572025,30720
live,136,18142519774654,18142519896917,18142520147608,18142524901427,5.126773,0.250691,4.753819,30720
live,137,18142529774654,18142529888913,18142529962578,18142534261288,4.486634,0.073665,4.29871,30720
live,138,18142539774654,18142539892910,18142539965614,18142544507815,4.733161,0.072704,4.542201,30720
live,139,18142549774654,18142549904714,18142549983147,18142554502147,4.727493,0.078433,4.519,30720
live,140,18142559774654,18142559900902,18142559979015,18142566188596,6.413942,0.078113,6.209581,30720
live,141,18142569774654,18142569893602,18142569974467,18142574126167,4.351513,0.080865,4.1517,30720
live,142,18142579774654,18142579905439,18142579987072,18142584031954,4.2573,0.081633,4.044882,30720
live,143,18142589774654,18142589892251,18142589961276,18142594139280,4.364626,0.069025,4.178004,30720
live,144,18142599774654,18142599893207,18142600146394,18142604301518,4.526864,0.253187,4.155124,30720
live,145,18142609774654,18142609891220,18142609966613,18142614114152,4.339498,0.075393,4.147539,30720
live,146,18142619774654,18142619894256,18142619971281,18142623963523,4.188869,0.077025,3.992242,30720
live,147,18142629774654,18142629898668,18142630153711,18142634284067,4.509413,0.255043,4.130356,30720
live,148,18142639774654,18142639888680,18142639965321,18142645091273,5.316619,0.076641,5.125952,30720
live,149,18142649774654,18142649893509,18142649973958,18142654432189,4.657535,0.080449,4.458231,30720
live,150,18142659774654,18142659893569,18142659965154,18142664629372,4.854718,0.071585,4.664218,30720
live,151,18142669774654,18142669895517,18142669974718,18142674229523,4.454869,0.079201,4.254805,30720
live,152,18142679774654,18142679922714,18142680019451,18142684135918,4.361264,0.096737,4.116467,30720
live,153,18142689774654,18142689917398,18142689999703,18142694593808,4.819154,0.082305,4.594105,30720
live,154,18142699774654,18142700078517,18142700348504,18142705556697,5.782043,0.269987,5.208193,30720
live,155,18142709774654,18142709900367,18142709973840,18142714071779,4.297125,0.073473,4.097939,30720
live,156,18142719774654,18142719898347,18142720172046,18142724561541,4.786887,0.273699,4.389495,30720
live,157,18142729774654,18142729890727,18142729962856,18142734262622,4.487968,0.072129,4.299766,30720
live,158,18142739774654,18142739894852,18142739973540,18142744636126,4.861472,0.078688,4.662586,30720
live,159,18142749774654,18142749892640,18142749974977,18142755227298,5.452644,0.082337,5.252321,30720
live,160,18142759774654,18142759896956,18142759980637,18142766876915,7.102261,0.083681,6.896278,30720
live,161,18142769774654,18142769878104,18142769951737,18142774711412,4.936758,0.073633,4.759675,30720
live,162,18142779774654,18142779906581,18142779980758,18142784232171,4.457517,0.074177,4.251413,30720
live,163,18142789774654,18142789877233,18142789942002,18142793968900,4.194246,0.064769,4.026898,30720
live,164,18142799774654,18142799891277,18142799966350,18142804852267,5.077613,0.075073,4.885917,30720
live,165,18142809774654,18142809896650,18142810156621,18142814357121,4.582467,0.259971,4.2005,30720
live,166,18142819774654,18142819890278,18142819968999,18142824037337,4.262683,0.078721,4.068338,30720
live,167,18142829774654,18142829901986,18142830161509,18142834283833,4.509179,0.259523,4.122324,30720
live,168,18142839774654,18142839888670,18142839966367,18142844040434,4.26578,0.077697,4.074067,30720
live,169,18142849774654,18142849890075,18142849963228,18142854755127,4.980473,0.073153,4.791899,30720
live,170,18142859774654,18142859876855,18142859946136,18142865018583,5.243929,0.069281,5.072447,30720
live,171,18142869774654,18142869890963,18142869967188,18142874780400,5.005746,0.076225,4.813212,30720
live,172,18142879774654,18142879889872,18142879958448,18142884543913,4.769259,0.068576,4.585465,30720
live,173,18142889774654,18142889890444,18142889960429,18142894208546,4.433892,0.069985,4.248117,30720
live,174,18142899774654,18142899894920,18142899975849,18142904090204,4.31555,0.080929,4.114355,30720
live,175,18142909774654,18142909895237,18142909980902,18142915590827,5.816173,0.085665,5.609925,30720
live,176,18142919774654,18142919922369,18142920019106,18142924541787,4.767133,0.096737,4.522681,30720
live,177,18142929774654,18142929908285,18142929987806,18142934250195,4.475541,0.079521,4.262389,30720
live,178,18142939774654,18142939899802,18142939973786,18142944276016,4.501362,0.073984,4.30223,30720
live,179,18142949774654,18142949905270,18142950164697,18142954275436,4.500782,0.259427,4.110739,30720
live,180,18142959774654,18142959894930,18142959975603,18142966716647,6.941993,0.080673,6.741044,30720
live,181,18142969774654,18142969894574,18142969965775,18142974369286,4.594632,0.071201,4.403511,30720
live,182,18142979774654,18142979900459,18142979974124,18142983959933,4.185279,0.073665,3.985809,30720
live,183,18142989774654,18142989888999,18142989961128,18142994133852,4.359198,0.072129,4.172724,30720
live,184,18142999774654,18142999892995,18142999971876,18143004027063,4.252409,0.078881,4.055187,30720
live,185,18143009774654,18143009893920,18143009966688,18143014162773,4.388119,0.072768,4.196085,30720
live,186,18143019774654,18143019896060,18143020198080,18143024922330,5.147676,0.30202,4.72425,30720
live,187,18143029774654,18143029889752,18143029968537,18143034273007,4.498353,0.078785,4.30447,30720
live,188,18143039774654,18143039893428,18143039962165,18143044779057,5.004403,0.068737,4.816892,30720
live,189,18143049774654,18143049890801,18143049963538,18143054701580,4.926926,0.072737,4.738042,30720
live,190,18143059774654,18143059891821,18143059969390,18143064080385,4.305731,0.077569,4.110995,30720
live,191,18143069774654,18143069893385,18143069967882,18143074460162,4.685508,0.074497,4.49228,30720
live,192,18143079774654,18143079920390,18143079989223,18143085338409,5.563755,0.068833,5.349186,30720
live,193,18143089774654,18143089890146,18143089962243,18143094378938,4.604284,0.072097,4.416695,30720
live,194,18143099774654,18143099891166,18143099948927,18143105370562,5.595908,0.057761,5.421635,30720
live,195,18143109774654,18143109890170,18143109966683,18143114732983,4.958329,0.076513,4.7663,30720
live,196,18143119774654,18143119897079,18143119974008,18143124978486,5.203832,0.076929,5.004478,30720
live,197,18143129774654,18143129906739,18143129983572,18143134511500,4.736846,0.076833,4.527928,30720
live,198,18143139774654,18143139909296,18143139984496,18143144571370,4.796716,0.0752,4.586874,30720
live,199,18143149774654,18143150773143,18143150901048,18143173571890,23.797236,0.127905,22.670842,30720
replay,199,18143149774654,18143150816023,18143151116699,18143173502865,23.728211,0.300676,22.386166,2338816
live,200,18143159774654,18143160338221,18143173739348,18143181410931,21.636277,13.401127,7.671583,30720
live,201,18143169774654,18143169984645,18143181576725,18143184306679,14.532025,11.59208,2.729954,30720
live,202,18143179774654,18143180147556,18143184470361,18143188530860,8.756206,4.322805,4.060499,30720
live,203,18143189774654,18143189894429,18143189955902,18143193269543,3.494889,0.061473,3.313641,30720
live,204,18143199774654,18143199882745,18143199946298,18143203297251,3.522597,0.063553,3.350953,30720
live,205,18143209774654,18143209881429,18143209945750,18143214522191,4.747537,0.064321,4.576441,30720
live,206,18143219774654,18143219877330,18143219935026,18143223745730,3.971076,0.057696,3.810704,30720
live,207,18143229774654,18143229887598,18143229951055,18143233738846,3.964192,0.063457,3.787791,30720
live,208,18143239774654,18143239892714,18143239967051,18143243746426,3.971772,0.074337,3.779375,30720
live,209,18143249774654,18143249887047,18143249948487,18143253732502,3.957848,0.06144,3.784015,30720
live,210,18143259774654,18143259885411,18143259956836,18143264985378,5.210724,0.071425,5.028542,30720
live,211,18143269774654,18143269875455,18143269934560,18143273922321,4.147667,0.059105,3.987761,30720
live,212,18143279774654,18143279900668,18143279965564,18143283939310,4.164656,0.064896,3.973746,30720
live,213,18143289774654,18143289889624,18143289948793,18143293938826,4.164172,0.059169,3.990033,30720
live,214,18143299774654,18143299891828,18143300149719,18143304314955,4.540301,0.257891,4.165236,30720
live,215,18143309774654,18143309885968,18143309964401,18143314142085,4.367431,0.078433,4.177684,30720
live,216,18143319774654,18143319894029,18143319971374,18143324095905,4.321251,0.077345,4.124531,30720
live,217,18143329774654,18143329893257,18143329966890,18143336034901,6.260247,0.073633,6.068011,30720
live,218,18143339774654,18143339895621,18143339969702,18143342983116,3.208462,0.074081,3.013414,30720
live,219,18143349774654,18143349897154,18143349979139,18143354211767,4.437113,0.081985,4.232628,30720
live,220,18143359774654,18143359906238,18143359986239,18143367121592,7.346938,0.080001,7.135353,30720
live,221,18143369774654,18143369899418,18143369974235,18143374306161,4.531507,0.074817,4.331926,30720
live,222,18143379774654,18143379890646,18143379962263,18143384285229,4.510575,0.071617,4.322966,30720
live,223,18143389774654,18143389889395,18143389961908,18143394162248,4.387594,0.072513,4.20034,30720
live,224,18143399774654,18143399892431,18143399969072,18143404046787,4.272133,0.076641,4.077715,30720
live,225,18143409774654,18143409893067,18143410143150,18143414510021,4.735367,0.250083,4.366871,30720
live,226,18143419774654,18143419888360,18143419967785,18143424118844,4.34419,0.079425,4.151059,30720
live,227,18143429774654,18143429891812,18143429954661,18143434154489,4.379835,0.062849,4.199828,30720
live,228,18143439774654,18143439920161,18143439997922,18143443969075,4.194421,0.077761,3.971153,30720
live,229,18143449774654,18143449926077,18143450201408,18143454612983,4.838329,0.275331,4.411575,30720
live,230,18143459774654,18143459894521,18143459973370,18143463946731,4.172077,0.078849,3.973361,30720
live,231,18143469774654,18143469894933,18143469975510,18143474575567,4.800913,0.080577,4.600057,30720
live,232,18143479774654,18143479892689,18143480128916,18143484866991,5.092337,0.236227,4.738075,30720
live,233,18143489774654,18143489890926,18143489969007,18143494512711,4.738057,0.078081,4.543704,30720
live,234,18143499774654,18143499891882,18143499960331,18143504495363,4.720709,0.068449,4.535032,30720
live,235,18143509774654,18143509895014,18143509978919,18143514490815,4.716161,0.083905,4.511896,30720
live,236,18143519774654,18143519894595,18143519969444,18143524260953,4.486299,0.074849,4.291509,30720
live,237,18143529774654,18143529893759,18143529967648,18143534445976,4.671322,0.073889,4.478328,30720
live,238,18143539774654,18143539893275,18143540148126,18143544570165,4.795511,0.254851,4.422039,30720
live,239,18143549774654,18143549887127,18143549961496,18143554512305,4.737651,0.074369,4.550809,30720
live,240,18143559774654,18143559892724,18143559974325,18143565770781,5.996127,0.081601,5.796456,30720
live,241,18143569774654,18143569894800,18143569993105,18143574534794,4.76014,0.098305,4.541689,30720
live,242,18143579774654,18143579909325,18143580242321,18143584514054,4.7394,0.332996,4.271733,30720
live,243,18143589774654,18143589892713,18143589963338,18143594192510,4.417856,0.070625,4.229172,30720
live,244,18143599774654,18143599896357,18143599963302,18143604769378,4.994724,0.066945,4.806076,30720
live,245,18143609774654,18143609890721,18143609969410,18143615481287,5.706633,0.078689,5.511877,30720
live,246,18143619774654,18143620031903,18143620119456,18143624802043,5.027389,0.087553,4.682587,30720
live,247,18143629774654,18143629895322,18143629968731,18143634202863,4.428209,0.073409,4.234132,30720
live,248,18143639774654,18143639894422,18143639963607,18143644757171,4.982517,0.069185,4.793564,30720
live,249,18143649774654,18143649890994,18143649965971,18143654353130,4.578476,0.074977,4.387159,30720
live,250,18143659774654,18143659925039,18143660021776,18143664300294,4.52564,0.096737,4.278518,30720
live,251,18143669774654,18143669910731,18143670167919,18143675944086,6.169432,0.257188,5.776167,30720
live,252,18143679774654,18143679894311,18143679970216,18143684367711,4.593057,0.075905,4.397495,30720
live,253,18143689774654,18143689897284,18143689977861,18143694248794,4.47414,0.080577,4.270933,30720
live,254,18143699774654,18143699895648,18143699966753,18143704519513,4.744859,0.071105,4.55276,30720
live,255,18143709774654,18143709894268,18143709979613,18143714500918,4.726264,0.085345,4.521305,30720
live,256,18143719774654,18143719893273,18143719962553,18143725393533,5.618879,0.06928,5.43098,30720
live,257,18143729774654,18143729892405,18143729967478,18143734271691,4.497037,0.075073,4.304213,30720
live,258,18143739774654,18143739895217,18143739977650,18143744519051,4.744397,0.082433,4.541401,30720
live,259,18143749774654,18143749902222,18143749984303,18143754501543,4.726889,0.082081,4.51724,30720
live,260,18143759774654,18143759891690,18143759959819,18143765860692,6.086038,0.068129,5.900873,30720
live,261,18143769774654,18143769891622,18143769967207,18143774173403,4.398749,0.075585,4.206196,30720
live,262,18143779774654,18143779888802,18143780136261,18143784757023,4.982369,0.247459,4.620762,30720
live,263,18143789774654,18143789889023,18143789969376,18143794158228,4.383574,0.080353,4.188852,30720
live,264,18143799774654,18143799892987,18143799971388,18143805445184,5.67053,0.078401,5.473796,30720
live,265,18143809774654,18143809904599,18143809984344,18143814416047,4.641393,0.079745,4.431703,30720
live,266,18143819774654,18143819896276,18143819968724,18143824249962,4.475308,0.072448,4.281238,30720
live,267,18143829774654,18143829890192,18143829967793,18143834193125,4.418471,0.077601,4.225332,30720
live,268,18143839774654,18143839899500,18143840149551,18143844527558,4.752904,0.250051,4.378007,30720
live,269,18143849774654,18143849887944,18143849967081,18143854116349,4.341695,0.079137,4.149268,30720
live,270,18143859774654,18143859892581,18143859967750,18143863953175,4.178521,0.075169,3.985425,30720
live,271,18143869774654,18143869891969,18143869976290,18143874477370,4.702716,0.084321,4.50108,30720
live,272,18143879774654,18143879894237,18143879973950,18143884399061,4.624407,0.079713,4.425111,30720
live,273,18143889774654,18143889895162,18143889976091,18143894417042,4.642388,0.080929,4.440951,30720
live,274,18143899774654,18143899893910,18143899963319,18143904257676,4.483022,0.069409,4.294357,30720
live,275,18143909774654,18143909894546,18143909958931,18143914405418,4.630764,0.064385,4.446487,30720
live,276,18143919774654,18143919891694,18143919960719,18143924282949,4.508295,0.069025,4.32223,30720
live,277,18143929774654,18143929893387,18143929975244,18143934520132,4.745478,0.081857,4.544888,30720
live,278,18143939774654,18143939892295,18143939955880,18143944257597,4.482943,0.063585,4.301717,30720
live,279,18143949774654,18143949890307,18143949954180,18143954206073,4.431419,0.063873,4.251893,30720
live,280,18143959774654,18143959892576,18143959957441,18143965877130,6.102476,0.064865,5.919689,30720
live,281,18143969774654,18143969893244,18143970145375,18143974241298,4.466644,0.252131,4.095923,30720
live,282,18143979774654,18143979892024,18143980149499,18143984482225,4.707571,0.257475,4.332726,30720
live,283,18143989774654,18143989885301,18143990134072,18143994225930,4.451276,0.248771,4.091858,30720
live,284,18143999774654,18143999882737,18143999957330,18144003987140,4.212486,0.074593,4.02981,30720
live,285,18144009774654,18144009890061,18144009965582,18144014157922,4.383268,0.075521,4.19234,30720
live,286,18144019774654,18144019891753,18144019970826,18144024502531,4.727877,0.079073,4.531705,30720
live,287,18144029774654,18144029905958,18144029983399,18144034459871,4.685217,0.077441,4.476472,30720
live,288,18144039774654,18144039898146,18144039976643,18144044531292,4.756638,0.078497,4.554649,30720
live,289,18144049774654,18144049890302,18144049961311,18144054182740,4.408086,0.071009,4.221429,30720
live,290,18144059774654,18144059892155,18144059965628,18144064517556,4.742902,0.073473,4.551928,30720
live,291,18144069774654,18144069895415,18144069969336,18144074204781,4.430127,0.073921,4.235445,30720
live,292,18144079774654,18144079892083,18144079953556,18144084775248,5.000594,0.061473,4.821692,30720
live,293,18144089774654,18144089887952,18144089951792,18144094298918,4.524264,0.06384,4.347126,30720
live,294,18144099774654,18144099891884,18144099963245,18144104206305,4.431651,0.071361,4.24306,30720
live,295,18144109774654,18144109892680,18144109968745,18144114459713,4.685059,0.076065,4.490968,30720
live,296,18144119774654,18144119896965,18144120159432,18144124612159,4.837505,0.262467,4.452727,30720
live,297,18144129774654,18144130111587,18144130202245,18144134813630,5.038976,0.090658,4.611385,30720
live,298,18144139774654,18144139895325,18144139968958,18144145250432,5.475778,0.073633,5.281474,30720
replay,299,18144149774654,18144150197437,18144150295006,18144171138625,21.363971,0.097569,20.843619,2338816
live,299,18144149774654,18144150156253,18144150543233,18144171907307,22.132653,0.38698,21.364074,30720
live,300,18144159774654,18144160247418,18144172200271,18144180513910,20.739256,11.952853,8.313639,30720
live,301,18144169774654,18144169921042,18144180879611,18144186259165,16.484511,10.958569,5.379554,30720
live,302,18144179774654,18144179914479,18144186446592,18144190596339,10.821685,6.532113,4.149747,30720
live,303,18144189774654,18144189998892,18144190756661,18144194454435,4.679781,0.757769,3.697774,30720
live,304,18144199774654,18144199914087,18144199984968,18144203697334,3.92268,0.070881,3.712366,30720
live,305,18144209774654,18144209904835,18144209970692,18144213714099,3.939445,0.065857,3.743407,30720
live,306,18144219774654,18144219890879,18144219965920,18144223463628,3.688974,0.075041,3.497708,30720
live,307,18144229774654,18144229871355,18144229920156,18144233052739,3.278085,0.048801,3.132583,30720
live,308,18144239774654,18144239915256,18144240014586,18144244272622,4.497968,0.09933,4.258036,30720
live,309,18144249774654,18144249906581,18144249985365,18144254373708,4.599054,0.078784,4.388343,30720
live,310,18144259774654,18144259882513,18144259953201,18144264254471,4.479817,0.070688,4.30127,30720
live,311,18144269774654,18144269894541,18144269971150,18144274424389,4.649735,0.076609,4.453239,30720
live,312,18144279774654,18144279895497,18144279978570,18144285409390,5.634736,0.083073,5.43082,30720
live,313,18144289774654,18144289914086,18144289997831,18144294345725,4.571071,0.083745,4.347894,30720
live,314,18144299774654,18144299896994,18144299970339,18144303922644,4.14799,0.073345,3.952305,30720
live,315,18144309774654,18144309892606,18144309981887,18144314510456,4.735802,0.089281,4.528569,30720
live,316,18144319774654,18144319900027,18144320159166,18144324595637,4.820983,0.259139,4.436471,30720
live,317,18144329774654,18144329891287,18144329968664,18144334499024,4.72437,0.077377,4.53036,30720
live,318,18144339774654,18144339918387,18144339998324,18144344348138,4.573484,0.079937,4.349814,30720
live,319,18144349774654,18144349902799,18144349988241,18144354511721,4.737067,0.085442,4.52348,30720
live,320,18144359774654,18144359902636,18144359975085,18144365882070,6.107416,0.072449,5.906985,30720
live,321,18144369774654,18144369896872,18144370151307,18144374549506,4.774852,0.254435,4.398199,30720
live,322,18144379774654,18144379883876,18144379950053,18144384562494,4.78784,0.066177,4.612441,30720
live,323,18144389774654,18144389911265,18144389995234,18144394235414,4.46076,0.083969,4.24018,30720
live,324,18144399774654,18144399901021,18144399985246,18144403964431,4.189777,0.084225,3.979185,30720
live,325,18144409774654,18144409898809,18144409975770,18144414194671,4.420017,0.076961,4.218901,30720
live,326,18144419774654,18144419898613,18144420162265,18144424533519,4.758865,0.263652,4.371254,30720
live,327,18144429774654,18144429891410,18144429965715,18144434528427,4.753773,0.074305,4.562712,30720
live,328,18144439774654,18144439920974,18144440018320,18144444838763,5.064109,0.097346,4.820443,30720
live,329,18144449774654,18144449903850,18144449998348,18144454709702,4.935048,0.094498,4.711354,30720
live,330,18144459774654,18144459897447,18144459984104,18144464188700,4.414046,0.086657,4.204596,30720
live,331,18144469774654,18144469910435,18144470171430,18144474650814,4.87616,0.260995,4.479384,30720
live,332,18144479774654,18144479889023,18144479955584,18144484640538,4.865884,0.066561,4.684954,30720
live,333,18144489774654,18144489922588,18144490011997,18144494887834,5.11318,0.089409,4.875837,30720
live,334,18144499774654,18144499901784,18144499977561,18144504521425,4.746771,0.075777,4.543864,30720
live,335,18144509774654,18144509897588,18144509978389,18144514449485,4.674831,0.080801,4.471096,30720
live,336,18144519774654,18144519900016,18144519974129,18144524250279,4.475625,0.074113,4.27615,30720
live,337,18144529774654,18144529897357,18144529979342,18144534430117,4.655463,0.081985,4.450775,30720
live,338,18144539774654,18144539910921,18144540215309,18144544440481,4.665827,0.304388,4.225172,30720
live,339,18144549774654,18144549899781,18144549984838,18144554483934,4.70928,0.085057,4.499096,30720
live,340,18144559774654,18144559900162,18144559977155,18144565909580,6.134926,0.076993,5.932425,30720
live,341,18144569774654,18144569901086,18144570156161,18144574205011,4.430357,0.255075,4.04885,30720
live,342,18144579774654,18144579925787,18144580012188,18144584032974,4.25832,0.086401,4.020786,30720
live,343,18144589774654,18144589913751,18144589995768,18144594216044,4.44139,0.082017,4.220276,30720
live,344,18144599774654,18144599906675,18144600166486,18144604931569,5.156915,0.259811,4.765083,30720
live,345,18144609774654,18144609894991,18144609971536,18144614305862,4.531208,0.076545,4.334326,30720
live,346,18144619774654,18144619897899,18144619969996,18144624629798,4.855144,0.072097,4.659802,30720
live,347,18144629774654,18144629894888,18144629973033,18144634219261,4.444607,0.078145,4.246228,30720
live,348,18144639774654,18144640263401,18144640364746,18144644673599,4.898945,0.101345,4.308853,30720
live,349,18144649774654,18144649919969,18144650007330,18144654459513,4.684859,0.087361,4.452183,30720
live,350,18144659774654,18144659901629,18144660157152,18144664560279,4.785625,0.255523,4.403127,30720
live,351,18144669774654,18144669927417,18144670033307,18144674312688,4.538034,0.10589,4.279381,30720
live,352,18144679774654,18144679939542,18144680141912,18144684882195,5.107541,0.20237,4.740283,30720
live,353,18144689774654,18144689952082,18144690055923,18144695469271,5.694617,0.103841,5.413348,30720
live,354,18144699774654,18144699913902,18144700034863,18144704282980,4.508326,0.120961,4.248117,30720
live,355,18144709774654,18144709897482,18144709968651,18144714237920,4.463266,0.071169,4.269269,30720
live,356,18144719774654,18144719895686,18144719970375,18144724631617,4.856963,0.074689,4.661242,30720
live,357,18144729774654,18144729898979,18144729963555,18144734233945,4.459291,0.064576,4.27039,30720
live,358,18144739774654,18144739889471,18144739950912,18144745319202,5.544548,0.061441,5.36829,30720
live,359,18144749774654,18144749890811,18144749965564,18144754373427,4.598773,0.074753,4.407863,30720
live,360,18144759774654,18144759895448,18144759966456,18144766074308,6.299654,0.071008,6.107852,30720
live,361,18144769774654,18144769890292,18144769948628,18144773944806,4.170152,0.058336,3.996178,30720
live,362,18144779774654,18144779887856,18144779948081,18144783951267,4.176613,0.060225,4.003186,30720
live,363,18144789774654,18144789884236,18144789949741,18144793961023,4.186369,0.065505,4.011282,30720
live,364,18144799774654,18144799892233,18144799972138,18144804139613,4.364959,0.079905,4.167475,30720
live,365,18144809774654,18144809893829,18144809968230,18144814537951,4.763297,0.074401,4.569721,30720
live,366,18144819774654,18144819890817,18144819952002,18144824189079,4.414425,0.061185,4.237077,30720
live,367,18144829774654,18144829886430,18144829946462,18144834283284,4.50863,0.060032,4.336822,30720
live,368,18144839774654,18144839870810,18144839924026,18144844481523,4.706869,0.053216,4.557497,30720
live,369,18144849774654,18144849888374,18144849951255,18144854596049,4.821395,0.062881,4.644794,30720
live,370,18144859774654,18144859872018,18144859939251,18144864538988,4.764334,0.067233,4.599737,30720
live,371,18144869774654,18144869889455,18144869971184,18144874510472,4.735818,0.081729,4.539288,30720
live,372,18144879774654,18144879892171,18144879952172,18144884253505,4.478851,0.060001,4.301333,30720
live,373,18144889774654,18144889889543,18144889952360,18144893873689,4.099035,0.062817,3.921329,30720
live,374,18144899774654,18144899927844,18144900030949,18144905022019,5.247365,0.103105,4.99107,30720
live,375,18144909774654,18144909933760,18144910036098,18144914400184,4.62553,0.102338,4.364086,30720
live,376,18144919774654,18144919922749,18144920017150,18144924272339,4.497685,0.094401,4.255189,30720
live,377,18144929774654,18144929901209,18144929983994,18144934469425,4.694771,0.082785,4.485431,30720
live,378,18144939774654,18144939893269,18144939953270,18144943842566,4.067912,0.060001,3.889296,30720
live,379,18144949774654,18144949889521,18144949957906,18144954128582,4.353928,0.068385,4.170676,30720
live,380,18144959774654,18144959917486,18144959977038,18144965442898,5.668244,0.059552,5.46586,30720
live,381,18144969774654,18144969909194,18144969992907,18144974132830,4.358176,0.083713,4.139923,30720
live,382,18144979774654,18144979897094,18144979969031,18144984304893,4.530239,0.071937,4.335862,30720
live,383,18144989774654,18144989890690,18144989967619,18144994203064,4.42841,0.076929,4.235445,30720
live,384,18144999774654,18144999887199,18144999955487,18145004262165,4.487511,0.068288,4.306678,30720
live,385,18145009774654,18145009885723,18145009944444,18145013879628,4.104974,0.058721,3.935184,30720
live,386,18145019774654,18145019885175,18145019945304,18145023924297,4.149643,0.060129,3.978993,30720
live,387,18145029774654,18145029892532,18145029968564,18145034448876,4.674222,0.076032,4.480312,30720
live,388,18145039774654,18145039894960,18145039975377,18145044276134,4.50148,0.080417,4.300757,30720
live,389,18145049774654,18145049894636,18145049961901,18145054501765,4.727111,0.067265,4.539864,30720
live,390,18145059774654,18145059889096,18145059951625,18145064265279,4.490625,0.062529,4.313654,30720
live,391,18145069774654,18145069890629,18145069952165,18145074235867,4.461213,0.061536,4.283702,30720
live,392,18145079774654,18145079888577,18145079966722,18145084360345,4.585691,0.078145,4.393623,30720
live,393,18145089774654,18145089892509,18145089965950,18145094486070,4.711416,0.073441,4.52012,30720
live,394,18145099774654,18145100161149,18145100261886,18145104954105,5.179451,0.100737,4.692219,30720
live,395,18145109774654,18145109893494,18145109956311,18145114265356,4.490702,0.062817,4.309045,30720
live,396,18145119774654,18145119888562,18145119973555,18145124273801,4.499147,0.084993,4.300246,30720
live,397,18145129774654,18145129894991,18145129963087,18145135011278,5.236624,0.068096,5.048191,30720
live,398,18145139774654,18145139888555,18145139959404,18145144285121,4.510467,0.070849,4.325717,30720
live,399,18145149774654,18145150161418,18145150287148,18145170215364,20.44071,0.12573,19.928216,30720
replay,399,18145149774654,18145150211243,18145150485134,18145171878136,22.103482,0.273891,21.393002,2338816
live,400,18145159774654,18145160351273,18145170477703,18145178797134,19.02248,10.12643,8.319431,30720
live,401,18145169774654,18145169986625,18145179020977,18145183959055,14.184401,9.034352,4.938078,30720
live,402,18145179774654,18145180513700,18145184143377,18145186639280,6.864626,3.629677,2.495903,30720
live,403,18145189774654,18145189914649,18145190022074,18145193941707,4.167053,0.107425,3.919633,30720
live,404,18145199774654,18145199910229,18145199992886,18145203915591,4.140937,0.082657,3.922705,30720
live,405,18145209774654,18145209897937,18145209973586,18145214216167,4.441513,0.075649,4.242581,30720
live,406,18145219774654,18145219892013,18145219948558,18145223672892,3.898238,0.056545,3.724334,30720
live,407,18145229774654,18145229906314,18145229967050,18145234018461,4.243807,0.060736,4.051411,30720
live,408,18145239774654,18145239892902,18145239986567,18145243757142,3.982488,0.093665,3.770575,30720
live,409,18145249774654,18145249894914,18145249966435,18145253939412,4.164758,0.071521,3.972977,30720
live,410,18145259774654,18145259899838,18145260018720,18145264162419,4.387765,0.118882,4.143699,30720
live,411,18145269774654,18145269903195,18145269988508,18145274523348,4.748694,0.085313,4.53484,30720
live,412,18145279774654,18145279896567,18145279967224,18145285285850,5.511196,0.070657,5.318626,30720
live,413,18145289774654,18145289899347,18145289982164,18145294297642,4.522988,0.082817,4.315478,30720
live,414,18145299774654,18145299894896,18145299956304,18145303875777,4.101123,0.061408,3.919473,30720
live,415,18145309774654,18145309896844,18145309982477,18145314589990,4.815336,0.085633,4.607513,30720
live,416,18145319774654,18145319907656,18145319991241,18145324561474,4.78682,0.083585,4.570233,30720
live,417,18145329774654,18145329901413,18145329981478,18145334585183,4.810529,0.080065,4.603705,30720
live,418,18145339774654,18145339876897,18145339928097,18145344486874,4.71222,0.0512,4.558777,30720
live,419,18145349774654,18145349909277,18145350005278,18145354498070,4.723416,0.096001,4.492792,30720
live,420,18145359774654,18145359920762,18145360039099,18145365686465,5.911811,0.118337,5.647366,30720
live,421,18145369774654,18145369902358,18145369978679,18145374123658,4.349004,0.076321,4.144979,30720
live,422,18145379774654,18145379897842,18145379999667,18145384078790,4.304136,0.101825,4.079123,30720
live,423,18145389774654,18145389897326,18145389958223,18145393937153,4.162499,0.060897,3.97893,30720
live,424,18145399774654,18145399889867,18145399948843,18145403886588,4.111934,0.058976,3.937745,30720
live,425,18145409774654,18145409888359,18145409950184,18145414021882,4.247228,0.061825,4.071698,30720
live,426,18145419774654,18145419904707,18145419991620,18145424634654,4.86,0.086913,4.643034,30720
live,427,18145429774654,18145429899776,18145429974528,18145434249750,4.475096,0.074752,4.275222,30720
live,428,18145439774654,18145439908860,18145439999229,18145444244178,4.469524,0.090369,4.244949,30720
live,429,18145449774654,18145449899992,18145449961913,18145454215534,4.44088,0.061921,4.253621,30720
live,430,18145459774654,18145459892756,18145459996118,18145464324715,4.550061,0.103362,4.328597,30720
live,431,18145469774654,18145469900337,18145469979506,18145474427369,4.652715,0.079169,4.447863,30720
live,432,18145479774654,18145479899149,18145480019503,18145484445350,4.670696,0.120354,4.425847,30720
live,433,18145489774654,18145489904713,18145489982570,18145494432706,4.658052,0.077857,4.450136,30720
live,434,18145499774654,18145499899334,18145499966278,18145504224123,4.449469,0.066944,4.257845,30720
live,435,18145509774654,18145510005891,18145510166597,18145515073922,5.299268,0.160706,4.907325,30720
live,436,18145519774654,18145519937535,18145520043008,18145524853212,5.078558,0.105473,4.810204,30720
live,437,18145529774654,18145529912027,18145529993372,18145534157423,4.382769,0.081345,4.164051,30720
live,438,18145539774654,18145539903287,18145539985016,18145544296813,4.522159,0.081729,4.311797,30720
live,439,18145549774654,18145549896371,18145549973076,18145554216681,4.442027,0.076705,4.243605,30720
live,440,18145559774654,18145559899791,18145559990449,18145567917203,8.142549,0.090658,7.926754,30720
live,441,18145569774654,18145569919788,18145570000621,18145574322499,4.547845,0.080833,4.321878,30720
live,442,18145579774654,18145579909832,18145580175115,18145584577666,4.803012,0.265283,4.402551,30720
live,443,18145589774654,18145589902276,18145590159048,18145594495165,4.720511,0.256772,4.336117,30720
live,444,18145599774654,18145599898017,18145600154788,18145604319480,4.544826,0.256771,4.164692,30720
live,445,18145609774654,18145609896861,18145610158784,18145615412513,5.637859,0.261923,5.253729,30720
live,446,18145619774654,18145619919929,18145620184317,18145624394897,4.620243,0.264388,4.21058,30720
live,447,18145629774654,18145629903542,18145630161017,18145634273804,4.49915,0.257475,4.112787,30720
live,448,18145639774654,18145639897362,18145640147701,18145645387190,5.612536,0.250339,5.239489,30720
live,449,18145649774654,18145649892014,18145649970543,18145654629513,4.854859,0.078529,4.65897,30720
live,450,18145659774654,18145659895850,18145659966731,18145663934525,4.159871,0.070881,3.967794,30720
live,451,18145669774654,18145669916551,18145670001608,18145674597985,4.823331,0.085057,4.596377,30720
live,452,18145679774654,18145679883619,18145679954852,18145684272729,4.498075,0.071233,4.317877,30720
live,453,18145689774654,18145689899583,18145689974304,18145694300790,4.526136,0.074721,4.326486,30720
live,454,18145699774654,18145699900444,18145699974941,18145704758360,4.983706,0.074497,4.783419,30720
live,455,18145709774654,18145709895480,18145709971897,18145714382000,4.607346,0.076417,4.410103,30720
live,456,18145719774654,18145719947765,18145720033014,18145724361388,4.586734,0.085249,4.328374,30720
live,457,18145729774654,18145729931953,18145730187188,18145734333608,4.558954,0.255235,4.14642,30720
live,458,18145739774654,18145739896973,18145739980430,18145743992000,4.217346,0.083457,4.01157,30720
live,459,18145749774654,18145749899657,18145750157196,18145754282336,4.507682,0.257539,4.12514,30720
live,460,18145759774654,18145759895077,18145759975942,18145765536171,5.761517,0.080865,5.560229,30720
live,461,18145769774654,18145769919042,18145770005443,18145774290840,4.516186,0.086401,4.285397,30720
live,462,18145779774654,18145779915038,18145780182402,18145784359893,4.585239,0.267364,4.177491,30720
live,463,18145789774654,18145789902074,18145789980251,18145794200400,4.425746,0.078177,4.220149,30720
live,464,18145799774654,18145799901783,18145799984120,18145804794163,5.019509,0.082337,4.810043,30720
live,465,18145809774654,18145809895763,18145809969716,18145815302550,5.527896,0.073953,5.332834,30720
live,466,18145819774654,18145819913103,18145819994480,18145824530889,4.756235,0.081377,4.536409,30720
live,467,18145829774654,18145829899275,18145829970732,18145834292002,4.517348,0.071457,4.32127,30720
live,468,18145839774654,18145839881032,18145839945064,18145843930458,4.155804,0.064032,3.985394,30720
live,469,18145849774654,18145849894756,18145849968293,18145854161689,4.387035,0.073537,4.193396,30720
live,470,18145859774654,18145859893056,18145859970977,18145863974643,4.199989,0.077921,4.003666,30720
live,471,18145869774654,18145869916061,18145870001470,18145874727225,4.952571,0.085409,4.725755,30720
live,472,18145879774654,18145879888537,18145879969946,18145885903076,6.128422,0.081409,5.93313,30720
live,473,18145889774654,18145889897813,18145889975510,18145894355597,4.580943,0.077697,4.380087,30720
live,474,18145899774654,18145899900562,18145899980915,18145904240712,4.466058,0.080353,4.259797,30720
live,475,18145909774654,18145909893646,18145909971759,18145914173699,4.399045,0.078113,4.20194,30720
live,476,18145919774654,18145919912234,18145920215694,18145924387970,4.613316,0.30346,4.172276,30720
live,477,18145929774654,18145929899206,18145929982568,18145934517088,4.742434,0.083362,4.53452,30720
live,478,18145939774654,18145939904675,18145939987300,18145944247417,4.472763,0.082625,4.260117,30720
live,479,18145949774654,18145949903391,18145950158274,18145954586233,4.811579,0.254883,4.427959,30720
live,480,18145959774654,18145959875835,18145959945628,18145966186186,6.411532,0.069793,6.240558,30720
live,481,18145969774654,18145969918808,18145970005913,18145974266958,4.492304,0.087105,4.261045,30720
live,482,18145979774654,18145979901492,18145979973525,18145984434444,4.65979,0.072033,4.460919,30720
live,483,18145989774654,18145989898096,18145989971761,18145994458633,4.683979,0.073665,4.486872,30720
live,484,18145999774654,18145999878252,18145999943085,18146004255619,4.480965,0.064833,4.312534,30720
live,485,18146009774654,18146009894089,18146009969546,18146014437441,4.662787,0.075457,4.467895,30720
live,486,18146019774654,18146019958022,18146020123272,18146025621260,5.846606,0.16525,5.497988,30720
live,487,18146029774654,18146029917666,18146029998467,18146034327225,4.552571,0.080801,4.328758,30720
live,488,18146039774654,18146039906046,18146039978047,18146044256788,4.482134,0.072001,4.278741,30720
live,489,18146049774654,18146049900218,18146049973787,18146054186607,4.411953,0.073569,4.21282,30720
live,490,18146059774654,18146059899286,18146059969943,18146064577937,4.803283,0.070657,4.607994,30720
live,491,18146069774654,18146069893075,18146069969172,18146075270773,5.496119,0.076097,5.301601,30720
live,492,18146079774654,18146079897711,18146079976048,18146085013967,5.239313,0.078337,5.037919,30720
live,493,18146089774654,18146089899915,18146090155886,18146094627718,4.853064,0.255971,4.471832,30720
live,494,18146099774654,18146099897704,18146100150251,18146104557057,4.782403,0.252547,4.406806,30720
live,495,18146109774654,18146109889220,18146109965925,18146114643935,4.869281,0.076705,4.67801,30720
live,496,18146119774654,18146119875424,18146119947329,18146125192578,5.417924,0.071905,5.245249,30720
live,497,18146129774654,18146129891100,18146129962653,18146134257651,4.482997,0.071553,4.294998,30720
live,498,18146139774654,18146139895129,18146140146748,18146144233487,4.458833,0.251619,4.086739,30720
live,499,18146149774654,18146150135224,18146150250553,18146170271986,20.497332,0.115329,20.021433,30720
replay,499,18146149774654,18146150179833,18146150426876,18146169474632,19.699978,0.247043,19.047756,2338816
live,500,18146159774654,18146160400792,18146170534998,18146179565766,19.791112,10.134206,9.030768,30720
live,501,18146169774654,18146169935534,18146179692775,18146182566411,12.791757,9.757241,2.873636,30720
live,502,18146179774654,18146180541874,18146182729197,18146186687454,6.9128,2.187323,3.958257,30720
live,503,18146189774654,18146189896166,18146189965479,18146193721270,3.946616,0.069313,3.755791,30720
live,504,18146199774654,18146199887970,18146199959875,18146203524848,3.750194,0.071905,3.564973,30720
live,505,18146209774654,18146209888223,18146209959328,18146213692398,3.917744,0.071105,3.73307,30720
live,506,18146219774654,18146219890523,18146219960572,18146223862412,4.087758,0.070049,3.90184,30720
live,507,18146229774654,18146229918072,18146230002585,18146235045559,5.270905,0.084513,5.042974,30720
live,508,18146239774654,18146239932852,18146240040853,18146244303530,4.528876,0.108001,4.262677,30720
live,509,18146249774654,18146249908752,18146249987569,18146254144229,4.369575,0.078817,4.15666,30720
live,510,18146259774654,18146259897708,18146259968557,18146263880638,4.105984,0.070849,3.912081,30720
live,511,18146269774654,18146269890665,18146269965161,18146274148093,4.373439,0.074496,4.182932,30720
live,512,18146279774654,18146279920773,18146280023302,18146284101561,4.326907,0.102529,4.078259,30720
live,513,18146289774654,18146289900833,18146289977666,18146294206807,4.432153,0.076833,4.229141,30720
live,514,18146299774654,18146299900606,18146299977887,18146304525271,4.750617,0.077281,4.547384,30720
live,515,18146309774654,18146309898842,18146309973595,18146314415474,4.64082,0.074753,4.441879,30720
live,516,18146319774654,18146319894422,18146319966423,18146324550288,4.775634,0.072001,4.583865,30720
live,517,18146329774654,18146329914963,18146329999508,18146334391082,4.616428,0.084545,4.391574,30720
live,518,18146339774654,18146339897647,18146339974928,18146344524552,4.749898,0.077281,4.549624,30720
live,519,18146349774654,18146349896075,18146349975276,18146354243425,4.468771,0.079201,4.268149,30720
live,520,18146359774654,18146359895111,18146359956584,18146365442124,5.66747,0.061473,5.48554,30720
live,521,18146369774654,18146369890564,18146369964292,18146374105464,4.33081,0.073728,4.141172,30720
live,522,18146379774654,18146379912384,18146380163811,18146384299255,4.524601,0.251427,4.135444,30720
live,523,18146389774654,18146389897180,18146389977437,18146394169617,4.394963,0.080257,4.19218,30720
live,524,18146399774654,18146399903737,18146400156732,18146404586611,4.811957,0.252995,4.429879,30720
live,525,18146409774654,18146409891317,18146409965334,18146414092777,4.318123,0.074017,4.127443,30720
live,526,18146419774654,18146419893553,18146419974066,18146423973348,4.198694,0.080513,3.999282,30720
live,527,18146429774654,18146429964942,18146430114960,18146435318289,5.543635,0.150018,5.203329,30720
live,528,18146439774654,18146439895466,18146439968363,18146445008937,5.234283,0.072897,5.040574,30720
live,529,18146449774654,18146449900774,18146449988039,18146457232609,7.457955,0.087265,7.24457,30720
live,530,18146459774654,18146459890690,18146459952739,18146465034754,5.2601,0.062049,5.082015,30720
live,531,18146469774654,18146469892639,18146469966527,18146474047026,4.272372,0.073888,4.080499,30720
live,532,18146479774654,18146479921627,18146479989116,18146484729751,4.955097,0.067489,4.740635,30720
live,533,18146489774654,18146489908631,18146489980120,18146493931817,4.157163,0.071489,3.951697,30720
live,534,18146499774654,18146499906068,18146499997461,18146503944454,4.1698,0.091393,3.946993,30720
live,535,18146509774654,18146509892112,18146509962545,18146514595466,4.820812,0.070433,4.632921,30720
live,536,18146519774654,18146519875180,18146519933645,18146523965759,4.191105,0.058465,4.032114,30720
live,537,18146529774654,18146529886184,18146529958569,18146535282955,5.508301,0.072385,5.324386,30720
live,538,18146539774654,18146539876516,18146539935557,18146543908535,4.133881,0.059041,3.972978,30720
live,539,18146549774654,18146549886241,18146549956002,18146553951507,4.176853,0.069761,3.995505,30720
live,540,18146559774654,18146559890397,18146559956670,18146565553764,5.77911,0.066273,5.597094,30720
live,541,18146569774654,18146569883225,18146569950170,18146573924268,4.149614,0.066945,3.974098,30720
live,542,18146579774654,18146579885206,18146579964855,18146585403962,5.629308,0.079649,5.439107,30720
live,543,18146589774654,18146589884306,18146589943475,18146593990821,4.216167,0.059169,4.047346,30720
live,544,18146599774654,18146599886414,18146599951119,18146603982497,4.207843,0.064705,4.031378,30720
live,545,18146609774654,18146609893803,18146609965004,18146614276769,4.502115,0.071201,4.311765,30720
live,546,18146619774654,18146619890599,18146619958312,18146624057659,4.283005,0.067713,4.099347,30720
live,547,18146629774654,18146629910852,18146629998149,18146634295034,4.52038,0.087297,4.296885,30720
live,548,18146639774654,18146639903488,18146639980993,18146644158421,4.383767,0.077505,4.177428,30720
live,549,18146649774654,18146649890812,18146649971933,18146654238002,4.463348,0.081121,4.266069,30720
live,550,18146659774654,18146659892120,18146659965497,18146664631603,4.856949,0.073377,4.666106,30720
live,551,18146669774654,18146669894837,18146669976246,18146675914367,6.139713,0.081409,5.938121,30720
live,552,18146679774654,18146679937553,18146680058963,18146684776430,5.001776,0.12141,4.717467,30720
live,553,18146689774654,18146689967598,18146690045199,18146694376613,4.601959,0.077601,4.331414,30720
live,554,18146699774654,18146699900426,18146699978762,18146703977308,4.202654,0.078336,3.998546,30720
live,555,18146709774654,18146709890758,18146709950214,18146713928792,4.154138,0.059456,3.978578,30720
live,556,18146719774654,18146719891746,18146720151621,18146725627017,5.852363,0.259875,5.475396,30720
live,557,18146729774654,18146729887326,18146729965535,18146734403030,4.628376,0.078209,4.437495,30720
live,558,18146739774654,18146739895899,18146739969532,18146744964250,5.189596,0.073633,4.994718,30720
live,559,18146749774654,18146749888727,18146749949080,18146754118699,4.344045,0.060353,4.169619,30720
live,560,18146759774654,18146759886579,18146759945172,18146765374487,5.599833,0.058593,5.429315,30720
live,561,18146769774654,18146769882703,18146769951888,18146773930498,4.155844,0.069185,3.97861,30720
live,562,18146779774654,18146779889228,18146779970125,18146784136417,4.361763,0.080897,4.166292,30720
live,563,18146789774654,18146789893256,18146789965129,18146794196478,4.421824,0.071873,4.231349,30720
live,564,18146799774654,18146799888644,18146799965477,18146803922807,4.148153,0.076833,3.95733,30720
live,565,18146809774654,18146809885697,18146809942689,18146813879762,4.105108,0.056992,3.937073,30720
live,566,18146819774654,18146819882397,18146819941278,18146823844654,4.07,0.058881,3.903376,30720
live,567,18146829774654,18146829890905,18146829965466,18146834451986,4.677332,0.074561,4.48652,30720
live,568,18146839774654,18146839892374,18146839971863,18146844065129,4.290475,0.079489,4.093266,30720
live,569,18146849774654,18146849888274,18146849960883,18146854066438,4.291784,0.072609,4.105555,30720
live,570,18146859774654,18146859887086,18146859954639,18146864836620,5.061966,0.067553,4.881981,30720
live,571,18146869774654,18146869872682,18146869925195,18146874190880,4.416226,0.052513,4.265685,30720
live,572,18146879774654,18146879890567,18146879959048,18146884607969,4.833315,0.068481,4.648921,30720
live,573,18146889774654,18146889894915,18146889973540,18146894462140,4.687486,0.078625,4.4886,30720
live,574,18146899774654,18146899893727,18146899970144,18146904362519,4.587865,0.076417,4.392375,30720
live,575,18146909774654,18146909895164,18146909983581,18146914636823,4.862169,0.088417,4.653242,30720
live,576,18146919774654,18146919892952,18146919950489,18146923897578,4.122924,0.057537,3.947089,30720
live,577,18146929774654,18146929882772,18146929939733,18146933857830,4.083176,0.056961,3.918097,30720
live,578,18146939774654,18146939941265,18146940224757,18146944839374,5.06472,0.283492,4.614617,30720
live,579,18146949774654,18146949893677,18146949966574,18146954394597,4.619943,0.072897,4.428023,30720
live,580,18146959774654,18146959886281,18146959941002,18146965336525,5.561871,0.054721,5.395523,30720
live,581,18146969774654,18146969884517,18146969939974,18146973826934,4.05228,0.055457,3.88696,30720
live,582,18146979774654,18146979890050,18146979956771,18146984516699,4.742045,0.066721,4.559928,30720
live,583,18146989774654,18146989882686,18146989938719,18146994976509,5.201855,0.056033,5.03779,30720
live,584,18146999774654,18146999889242,18146999969083,18147004076654,4.302,0.079841,4.107571,30720
live,585,18147009774654,18147009886263,18147009942999,18147013892328,4.117674,0.056736,3.949329,30720
live,586,18147019774654,18147019887155,18147019962708,18147023918469,4.143815,0.075553,3.955761,30720
live,587,18147029774654,18147029893199,18147029948880,18147033972226,4.197572,0.055681,4.023346,30720
live,588,18147039774654,18147039882187,18147039936268,18147045168749,5.394095,0.054081,5.232481,30720
live,589,18147049774654,18147049883752,18147049944457,18147054143485,4.368831,0.060705,4.199028,30720
live,590,18147059774654,18147059886308,18147059942629,18147063848085,4.073431,0.056321,3.905456,30720
live,591,18147069774654,18147069882048,18147069947841,18147074027668,4.253014,0.065793,4.079827,30720
live,592,18147079774654,18147079891005,18147079959390,18147084492950,4.718296,0.068385,4.53356,30720
live,593,18147089774654,18147089892793,18147089954458,18147094507794,4.73314,0.061665,4.553336,30720
live,594,18147099774654,18147099889877,18147099960022,18147104302412,4.527758,0.070145,4.34239,30720
live,595,18147109774654,18147109891090,18147109964275,18147114407626,4.632972,0.073185,4.443351,30720
live,596,18147119774654,18147119893358,18147119984047,18147124520936,4.746282,0.090689,4.536889,30720
live,597,18147129774654,18147129895178,18147129977259,18147134542564,4.76791,0.082081,4.565305,30720
live,598,18147139774654,18147139911463,18147139994856,18147144284861,4.510207,0.083393,4.290005,30720
live,599,18147149774654,18147150164582,18147150287816,18147170230336,20.455682,0.123234,19.94252,30720
replay,599,18147149774654,18147150203207,18147150498666,18147170139487,20.364833,0.295459,19.640821,2338816
live,600,18147159774654,18147160592488,18147170478243,18147178832907,19.058253,9.885755,8.354664,30720
live,601,18147169774654,18147169945628,18147178945132,18147181840272,12.065618,8.999504,2.89514,30720
live,602,18147179774654,18147179895416,18147182006386,18147186074981,6.300327,2.11097,4.068595,30720
live,603,18147189774654,18147189888340,18147189960213,18147193887366,4.112712,0.071873,3.927153,30720
live,604,18147199774654,18147199889744,18147199953233,18147203751296,3.976642,0.063489,3.798063,30720
live,605,18147209774654,18147209884685,18147209939053,18147213656891,3.882237,0.054368,3.717838,30720
live,606,18147219774654,18147219885225,18147219951658,18147223800858,4.026204,0.066433,3.8492,30720
live,607,18147229774654,18147229884933,18147229951878,18147233916663,4.142009,0.066945,3.964785,30720
live,608,18147239774654,18147239888418,18147239963202,18147243920724,4.14607,0.074784,3.957522,30720
live,609,18147249774654,18147249915838,18147249989247,18147254314709,4.540055,0.073409,4.325462,30720
live,610,18147259774654,18147259904026,18147259964283,18147263936972,4.162318,0.060257,3.972689,30720
live,611,18147269774654,18147269888886,18147269946231,18147273906280,4.131626,0.057345,3.960049,30720
live,612,18147279774654,18147279887155,18147279961236,18147283977702,4.203048,0.074081,4.016466,30720
live,613,18147289774654,18147289892527,18147289966736,18147294505576,4.730922,0.074209,4.53884,30720
live,614,18147299774654,18147299892619,18147299973004,18147304089440,4.314786,0.080385,4.116436,30720
live,615,18147309774654,18147309887816,18147309947496,18147313919482,4.144828,0.05968,3.971986,30720
live,616,18147319774654,18147319886820,18147319944485,18147323859541,4.084887,0.057665,3.915056,30720
live,617,18147329774654,18147329886368,18147329946561,18147334133237,4.358583,0.060193,4.186676,30720
live,618,18147339774654,18147339891837,18147339980158,18147344180434,4.40578,0.088321,4.200276,30720
live,619,18147349774654,18147349893977,18147349971546,18147354398321,4.623667,0.077569,4.426775,30720
live,620,18147359774654,18147359914741,18147360017111,18147366099938,6.325284,0.10237,6.082827,30720
live,621,18147369774654,18147369893905,18147369950674,18147373922404,4.14775,0.056769,3.97173,30720
live,622,18147379774654,18147379886382,18147379945102,18147383892319,4.117665,0.05872,3.947217,30720
live,623,18147389774654,18147389897514,18147389975243,18147394253856,4.479202,0.077729,4.278613,30720
live,624,18147399774654,18147399897606,18147399978087,18147404093115,4.318461,0.080481,4.115028,30720
live,625,18147409774654,18147409895107,18147409971364,18147414421467,4.646813,0.076257,4.450103,30720
live,626,18147419774654,18147419887935,18147419946688,18147423869520,4.094866,0.058753,3.922832,30720
live,627,18147429774654,18147429882811,18147429939292,18147433850316,4.075662,0.056481,3.911024,30720
live,628,18147439774654,18147439886231,18147439959288,18147443931658,4.157004,0.073057,3.97237,30720
live,629,18147449774654,18147449930132,18147450058838,18147454999795,5.225141,0.128706,4.940957,30720
live,630,18147459774654,18147459890224,18147459961745,18147464234694,4.46004,0.071521,4.272949,30720
live,631,18147469774654,18147469893068,18147469967661,18147474402341,4.627687,0.074593,4.43468,30720
live,632,18147479774654,18147479893129,18147479956138,18147484248191,4.473537,0.063009,4.292053,30720
live,633,18147489774654,18147489890341,18147489953062,18147494250843,4.476189,0.062721,4.297781,30720
live,634,18147499774654,18147499888769,18147499950754,18147505009889,5.235235,0.061985,5.059135,30720
live,635,18147509774654,18147509894750,18147509974015,18147514418870,4.644216,0.079265,4.444855,30720
live,636,18147519774654,18147519895354,18147519965051,18147524874168,5.099514,0.069697,4.909117,30720
live,637,18147529774654,18147529887158,18147529948599,18147534211628,4.436974,0.061441,4.263029,30720
live,638,18147539774654,18147539887154,18147539943763,18147543866596,4.091942,0.056609,3.922833,30720
live,639,18147549774654,18147549889839,18147549947312,18147555256594,5.48194,0.057473,5.309282,30720
live,640,18147559774654,18147559888267,18147559963052,18147564265794,4.49114,0.074785,4.302742,30720
live,641,18147569774654,18147569932968,18147570044137,18147574103708,4.329054,0.111169,4.059571,30720
live,642,18147579774654,18147579910916,18147579991941,18147583878165,4.103511,0.081025,3.886224,30720
live,643,18147589774654,18147589897248,18147589960129,18147593953011,4.178357,0.062881,3.992882,30720
live,644,18147599774654,18147599886524,18147599942589,18147603601514,3.82686,0.056065,3.658925,30720
live,645,18147609774654,18147609886361,18147609957593,18147613904907,4.130253,0.071232,3.947314,30720
live,646,18147619774654,18147619890293,18147619965750,18147623904615,4.129961,0.075457,3.938865,30720
live,647,18147629774654,18147629891057,18147629970706,18147634477418,4.702764,0.079649,4.506712,30720
live,648,18147639774654,18147639886285,18147639952558,18147644494823,4.720169,0.066273,4.542265,30720
live,649,18147649774654,18147649892362,18147649951787,18147654175359,4.400705,0.059425,4.223572,30720
live,650,18147659774654,18147659894118,18147659967079,18147664634657,4.860003,0.072961,4.667578,30720
live,651,18147669774654,18147669930915,18147670027396,18147674525788,4.751134,0.096481,4.498392,30720
live,652,18147679774654,18147679903327,18147679976768,18147684814684,5.04003,0.073441,4.837916,30720
live,653,18147689774654,18147689898235,18147689978268,18147694443828,4.669174,0.080033,4.46556,30720
live,654,18147699774654,18147699889143,18147699947864,18147703830344,4.05569,0.058721,3.88248,30720
live,655,18147709774654,18147709889588,18147709954068,18147714257482,4.482828,0.06448,4.303414,30720
live,656,18147719774654,18147719898256,18147719964337,18147724538570,4.763916,0.066081,4.574233,30720
live,657,18147729774654,18147729888748,18147729961421,18147734372772,4.598118,0.072673,4.411351,30720
live,658,18147739774654,18147739892329,18147739974634,18147744615459,4.840805,0.082305,4.640825,30720
live,659,18147749774654,18147749892581,18147749968934,18147754439933,4.665279,0.076353,4.470999,30720
live,660,18147759774654,18147759892993,18147759956834,18147765892428,6.117774,0.063841,5.935594,30720
live,661,18147769774654,18147769884477,18147769943422,18147773894575,4.119921,0.058945,3.951153,30720
live,662,18147779774654,18147779894106,18147779964155,18147784504211,4.729557,0.070049,4.540056,30720
live,663,18147789774654,18147789890198,18147789966231,18147794219884,4.44523,0.076033,4.253653,30720
live,664,18147799774654,18147799893650,18147799983187,18147804195400,4.420746,0.089537,4.212213,30720
live,665,18147809774654,18147809912047,18147809996496,18147814584009,4.809355,0.084449,4.587513,30720
live,666,18147819774654,18147819904523,18147819963724,18147824537637,4.762983,0.059201,4.573913,30720
live,667,18147829774654,18147829889031,18147829950344,18147834068475,4.293821,0.061313,4.118131,30720
live,668,18147839774654,18147839889187,18147839968196,18147843947382,4.172728,0.079009,3.979186,30720
live,669,18147849774654,18147849887712,18147849952449,18147854035987,4.261333,0.064737,4.083538,30720
live,670,18147859774654,18147859887260,18147859961917,18147864556502,4.781848,0.074657,4.594585,30720
live,671,18147869774654,18147869890168,18147869953465,18147874269647,4.494993,0.063297,4.316182,30720
live,672,18147879774654,18147879884181,18147879956790,18147884432045,4.657391,0.072609,4.475255,30720
live,673,18147889774654,18147889887345,18147889947570,18147894282792,4.508138,0.060225,4.335222,30720
live,674,18147899774654,18147899889261,18147899958958,18147904531655,4.757001,0.069697,4.572697,30720
live,675,18147909774654,18147909887914,18147909959786,18147914293120,4.518466,0.071872,4.333334,30720
live,676,18147919774654,18147919890982,18147919961959,18147924526304,4.75165,0.070977,4.564345,30720
live,677,18147929774654,18147929888866,18147929948483,18147934519644,4.74499,0.059617,4.571161,30720
live,678,18147939774654,18147939871902,18147939923583,18147944262197,4.487543,0.051681,4.338614,30720
live,679,18147949774654,18147949887963,18147949962812,18147954430963,4.656309,0.074849,4.468151,30720
live,680,18147959774654,18147959980152,18147960113178,18147966606315,6.831661,0.133026,6.493137,30720
live,681,18147969774654,18147969902356,18147969976884,18147974097480,4.322826,0.074528,4.120596,30720
live,682,18147979774654,18147979884432,18147979946384,18147983895009,4.120355,0.061952,3.948625,30720
live,683,18147989774654,18147989884524,18147989949293,18147993859165,4.084511,0.064769,3.909872,30720
live,684,18147999774654,18147999883688,18147999941641,18148003865690,4.091036,0.057953,3.924049,30720
live,685,18148009774654,18148009926629,18148010011526,18148015313608,5.538954,0.084897,5.302082,30720
live,686,18148019774654,18148019952770,18148020068579,18148025015489,5.240835,0.115809,4.94691,30720
live,687,18148029774654,18148029938526,18148030019711,18148034309972,4.535318,0.081185,4.290261,30720
live,688,18148039774654,18148039897626,18148039966714,18148044557876,4.783222,0.069088,4.591162,30720
live,689,18148049774654,18148049898102,18148049971863,18148054242220,4.467566,0.073761,4.270357,30720
live,690,18148059774654,18148059890450,18148059959123,18148065437207,5.662553,0.068673,5.478084,30720
live,691,18148069774654,18148069891694,18148069965039,18148074639145,4.864491,0.073345,4.674106,30720
live,692,18148079774654,18148079892395,18148079961740,18148084565125,4.790471,0.069345,4.603385,30720
live,693,18148089774654,18148089888071,18148089948520,18148094431839,4.657185,0.060449,4.483319,30720
live,694,18148099774654,18148099890403,18148099959332,18148104534173,4.759519,0.068929,4.574841,30720
live,695,18148109774654,18148109874271,18148109928352,18148114173461,4.398807,0.054081,4.245109,30720
live,696,18148119774654,18148119888956,18148119958941,18148124297267,4.522613,0.069985,4.338326,30720
live,697,18148129774654,18148129891096,18148129966713,18148134476113,4.701459,0.075617,4.5094,30720
live,698,18148139774654,18148139890805,18148139949621,18148144554702,4.780048,0.058816,4.605081,30720
live,699,18148149774654,18148150126676,18148150227221,18148168827356,19.052702,0.100545,18.600135,30720
replay,699,18148149774654,18148150161492,18148150401655,18148168954046,19.179392,0.240163,18.552391,2338816
live,700,18148159774654,18148160348659,18148169126720,18148177774443,17.999789,8.778061,8.647723,30720
live,701,18148169774654,18148170206157,18148178019310,18148183059981,13.285327,7.813153,5.040671,30720
live,702,18148179774654,18148180196170,18148183241903,18148187382787,7.608133,3.045733,4.140884,30720
live,703,18148189774654,18148189922402,18148190008675,18148193947444,4.17279,0.086273,3.938769,30720
live,704,18148199774654,18148199904926,18148199976863,18148203736430,3.961776,0.071937,3.759567,30720
live,705,18148209774654,18148209891835,18148209950651,18148213669322,3.894668,0.058816,3.718671,30720
live,706,18148219774654,18148219889751,18148219957880,18148223771719,3.997065,0.068129,3.813839,30720
live,707,18148229774654,18148229906259,18148229996853,18148234148904,4.37425,0.090594,4.152051,30720
live,708,18148239774654,18148239909232,18148240045521,18148243952738,4.178084,0.136289,3.907217,30720
live,709,18148249774654,18148249907724,18148249983565,18148254162561,4.387907,0.075841,4.178996,30720
live,710,18148259774654,18148259896552,18148259957097,18148263873082,4.098428,0.060545,3.915985,30720
live,711,18148269774654,18148269888196,18148269957477,18148274009624,4.23497,0.069281,4.052147,30720
live,712,18148279774654,18148279899073,18148279964354,18148284206646,4.431992,0.065281,4.242292,30720
live,713,18148289774654,18148289893725,18148289994046,18148294200499,4.425845,0.100321,4.206453,30720
live,714,18148299774654,18148299908122,18148299993979,18148304852343,5.077689,0.085857,4.858364,30720
live,715,18148309774654,18148309902614,18148309983255,18148314496463,4.721809,0.080641,4.513208,30720
live,716,18148319774654,18148319898194,18148319961395,18148323959908,4.185254,0.063201,3.998513,30720
live,717,18148329774654,18148329889774,18148329958159,18148334096963,4.322309,0.068385,4.138804,30720
live,718,18148339774654,18148339905739,18148339969611,18148344919081,5.144427,0.063872,4.94947,30720
live,719,18148349774654,18148349900551,18148349981960,18148354512992,4.738338,0.081409,4.531032,30720
live,720,18148359774654,18148359899715,18148360020613,18148365960047,6.185393,0.120898,5.939434,30720
live,721,18148369774654,18148369897184,18148369969920,18148374017971,4.243317,0.072736,4.048051,30720
live,722,18148379774654,18148379888860,18148379947260,18148383858797,4.084143,0.0584,3.911537,30720
live,723,18148389774654,18148389885880,18148389941881,18148393863785,4.089131,0.056001,3.921904,30720
live,724,18148399774654,18148399889492,18148399986262,18148403975367,4.200713,0.09677,3.989105,30720
live,725,18148409774654,18148409896465,18148409975762,18148414494666,4.720012,0.079297,4.518904,30720
live,726,18148419774654,18148419898445,18148419972398,18148424917963,5.143309,0.073953,4.945565,30720
live,727,18148429774654,18148429898633,18148429970762,18148434274496,4.499842,0.072129,4.303734,30720
live,728,18148439774654,18148439891110,18148439958950,18148444506175,4.731521,0.06784,4.547225,30720
live,729,18148449774654,18148449901442,18148449973123,18148454369658,4.595004,0.071681,4.396535,30720
live,730,18148459774654,18148459972639,18148460109153,18148464948541,5.173887,0.136514,4.839388,30720
live,731,18148469774654,18148470130845,18148470297215,18148475280509,5.505855,0.16637,4.983294,30720
live,732,18148479774654,18148479927895,18148480076729,18148484122027,4.347373,0.148834,4.045298,30720
live,733,18148489774654,18148489933524,18148489994228,18148493966598,4.191944,0.060704,3.97237,30720
live,734,18148499774654,18148499892143,18148499961360,18148504217253,4.442599,0.069217,4.255893,30720
live,735,18148509774654,18148509898988,18148509979245,18148514411140,4.636486,0.080257,4.431895,30720
live,736,18148519774654,18148519910184,18148519990537,18148525163369,5.388715,0.080353,5.172832,30720
live,737,18148529774654,18148529900964,18148529983269,18148534417020,4.642366,0.082305,4.433751,30720
live,738,18148539774654,18148539895649,18148539953345,18148543832978,4.058324,0.057696,3.879633,30720
live,739,18148549774654,18148549921501,18148549987390,18148554231507,4.456853,0.065889,4.244117,30720
live,740,18148559774654,18148559895417,18148559999130,18148565646817,5.872163,0.103713,5.647687,30720
live,741,18148569774654,18148569900246,18148570007703,18148575424090,5.649436,0.107457,5.416387,30720
live,742,18148579774654,18148579919282,18148580052724,18148584175847,4.401193,0.133442,4.123123,30720
live,743,18148589774654,18148589916398,18148590020240,18148594044034,4.26938,0.103842,4.023794,30720
live,744,18148599774654,18148599924139,18148600020236,18148603969789,4.195135,0.096097,3.949553,30720
live,745,18148609774654,18148609903271,18148609977064,18148614732387,4.957733,0.073793,4.755323,30720
live,746,18148619774654,18148619893379,18148619970212,18148624954786,5.180132,0.076833,4.984574,30720
live,747,18148629774654,18148629902079,18148629981952,18148634551609,4.776955,0.079873,4.569657,30720
live,748,18148639774654,18148639910812,18148639992701,18148644526581,4.751927,0.081889,4.53388,30720
live,749,18148649774654,18148649901976,18148649981209,18148654535954,4.7613,0.079233,4.554745,30720
live,750,18148659774654,18148659896468,18148659964213,18148664838642,5.063988,0.067745,4.874429,30720
live,751,18148669774654,18148669904337,18148669982098,18148673610783,3.836129,0.077761,3.628685,30720
live,752,18148679774654,18148679905709,18148680018446,18148684331300,4.556646,0.112737,4.312854,30720
live,753,18148689774654,18148689922665,18148690008618,18148694564099,4.789445,0.085953,4.555481,30720
live,754,18148699774654,18148699915046,18148699995975,18148704875171,5.100517,0.080929,4.879196,30720
live,755,18148709774654,18148709905666,18148709986083,18148714263960,4.489306,0.080417,4.277877,30720
live,756,18148719774654,18148719896894,18148719995967,18148724539224,4.76457,0.099073,4.543257,30720
live,757,18148729774654,18148729901562,18148729977627,18148734375730,4.601076,0.076065,4.398103,30720
live,758,18148739774654,18148739901175,18148740021656,18148744908373,5.133719,0.120481,4.886717,30720
live,759,18148749774654,18148749902067,18148749977556,18148754327978,4.553324,0.075489,4.350422,30720
live,760,18148759774654,18148759907663,18148759998320,18148765845785,6.071131,0.090657,5.847465,30720
live,761,18148769774654,18148769928332,18148770003565,18148773981374,4.20672,0.075233,3.977809,30720
live,762,18148779774654,18148779919240,18148779992393,18148784059516,4.284862,0.073153,4.067123,30720
live,763,18148789774654,18148789900324,18148789983653,18148794443197,4.668543,0.083329,4.459544,30720
live,764,18148799774654,18148799908353,18148799997122,18148804522778,4.748124,0.088769,4.525656,30720
live,765,18148809774654,18148809903581,18148809981566,18148814464917,4.690263,0.077985,4.483351,30720
live,766,18148819774654,18148819895001,18148819955770,18148823890763,4.116109,0.060769,3.934993,30720
live,767,18148829774654,18148829895317,18148829965462,18148834352589,4.577935,0.070145,4.387127,30720
live,768,18148839774654,18148839891122,18148839948722,18148844127238,4.352584,0.0576,4.178516,30720
live,769,18148849774654,18148849882830,18148849954415,18148853913184,4.13853,0.071585,3.958769,30720
live,770,18148859774654,18148859900330,18148859982763,18148863907228,4.132574,0.082433,3.924465,30720
live,771,18148869774654,18148869893606,18148869965927,18148874087835,4.313181,0.072321,4.121908,30720
live,772,18148879774654,18148879930915,18148880030500,18148883992790,4.218136,0.099585,3.96229,30720
live,773,18148889774654,18148889939680,18148890037057,18148894624794,4.85014,0.097377,4.587737,30720
live,774,18148899774654,18148899909468,18148900049853,18148904196337,4.421683,0.140385,4.146484,30720
live,775,18148909774654,18148909922712,18148910011353,18148914562994,4.78834,0.088641,4.551641,30720
live,776,18148919774654,18148919919732,18148920016629,18148924277898,4.503244,0.096897,4.261269,30720
live,777,18148929774654,18148930114835,18148930227604,18148934629579,4.854925,0.112769,4.401975,30720
live,778,18148939774654,18148939900717,18148939968205,18148944277955,4.503301,0.067488,4.30975,30720
live,779,18148949774654,18148949896745,18148949960810,18148954240639,4.465985,0.064065,4.279829,30720
live,780,18148959774654,18148959896901,18148960014183,18148965918704,6.14405,0.117282,5.904521,30720
live,781,18148969774654,18148969908834,18148969997795,18148974269368,4.494714,0.088961,4.271573,30720
live,782,18148979774654,18148979906110,18148979985503,18148985378114,5.60346,0.079393,5.392611,30720
live,783,18148989774654,18148989895514,18148989976123,18148994258416,4.483762,0.080609,4.282293,30720
live,784,18148999774654,18148999894838,18148999953687,18149004161707,4.387053,0.058849,4.20802,30720
live,785,18149009774654,18149009887955,18149009970708,18149014288073,4.513419,0.082753,4.317365,30720
live,786,18149019774654,18149019907951,18149019986576,18149024529129,4.754475,0.078625,4.542553,30720
live,787,18149029774654,18149029900043,18149029977100,18149035369551,5.594897,0.077057,5.392451,30720
live,788,18149039774654,18149039897512,18149039968040,18149044272510,4.497856,0.070528,4.30447,30720
live,789,18149049774654,18149049890852,18149049948613,18149053877237,4.102583,0.057761,3.928624,30720
live,790,18149059774654,18149059886592,18149059945569,18149063865298,4.090644,0.058977,3.919729,30720
live,791,18149069774654,18149069892796,18149069970621,18149074561142,4.786488,0.077825,4.590521,30720
live,792,18149079774654,18149079895705,18149079970202,18149084921559,5.146905,0.074497,4.951357,30720
live,793,18149089774654,18149089908437,18149089989270,18149094674449,4.899795,0.080833,4.685179,30720
live,794,18149099774654,18149099895953,18149099953458,18149103895011,4.120357,0.057505,3.941553,30720
live,795,18149109774654,18149109890574,18149109967631,18149114240452,4.465798,0.077057,4.272821,30720
live,796,18149119774654,18149119919434,18149120026764,18149124504899,4.730245,0.10733,4.478135,30720
live,797,18149129774654,18149129905414,18149129993640,18149134524640,4.749986,0.088226,4.531,30720
live,798,18149139774654,18149139913059,18149139994500,18149145271461,5.496807,0.081441,5.276961,30720
live,799,18149149774654,18149150159618,18149150316452,18149172611705,22.837051,0.156834,22.295253,30720
replay,799,18149149774654,18149150201283,18149150527015,18149172120787,22.346133,0.325732,21.593772,2338816
live,800,18149159774654,18149160389313,18149172762843,18149178220191,18.445537,12.37353,5.457348,30720
live,801,18149169774654,18149169951000,18149178379873,18149181590025,11.815371,8.428873,3.210152,30720
live,802,18149179774654,18149180165111,18149181761611,18149185574778,5.800124,1.5965,3.813167,30720
live,803,18149189774654,18149189925616,18149190005489,18149193754112,3.979458,0.079873,3.748623,30720
live,804,18149199774654,18149199898700,18149199978029,18149203533050,3.758396,0.079329,3.555021,30720
live,805,18149209774654,18149209896201,18149209968618,18149213706104,3.93145,0.072417,3.737486,30720
live,806,18149219774654,18149219890277,18149219954374,18149223625779,3.851125,0.064097,3.671405,30720
live,807,18149229774654,18149229889313,18149229944418,18149233666224,3.89157,0.055105,3.721806,30720
live,808,18149239774654,18149239906174,18149239992383,18149243863375,4.088721,0.086209,3.870992,30720
live,809,18149249774654,18149249906938,18149249988155,18149254142223,4.367569,0.081217,4.154068,30720
live,810,18149259774654,18149259900118,18149259984439,18149264041098,4.266444,0.084321,4.056659,30720
live,811,18149269774654,18149269895347,18149269975348,18149274244777,4.470123,0.080001,4.269429,30720
live,812,18149279774654,18149279902767,18149279983664,18149283997410,4.222756,0.080897,4.013746,30720
live,813,18149289774654,18149289912395,18149289986828,18149294075839,4.301185,0.074433,4.089011,30720
live,814,18149299774654,18149299895271,18149299977512,18149303964346,4.189692,0.082241,3.986834,30720
live,815,18149309774654,18149309902756,18149309989061,18149314451484,4.67683,0.086305,4.462423,30720
live,816,18149319774654,18149319899008,18149319973057,18149324865054,5.0904,0.074049,4.891997,30720
live,817,18149329774654,18149329889596,18149329959645,18149334233874,4.45922,0.070049,4.274229,30720
live,818,18149339774654,18149339911417,18149339990362,18149344325168,4.550514,0.078945,4.334806,30720
live,819,18149349774654,18149349904533,18149349989014,18149354619120,4.844466,0.084481,4.630106,30720
live,820,18149359774654,18149359900305,18149359975282,18149365924188,6.149534,0.074977,5.948906,30720
live,821,18149369774654,18149369900302,18149369975119,18149374869355,5.094701,0.074817,4.894236,30720
live,822,18149379774654,18149379899690,18149379977195,18149384047965,4.273311,0.077505,4.07077,30720
live,823,18149389774654,18149389911750,18149389990311,18149394049370,4.274716,0.078561,4.059059,30720
live,824,18149399774654,18149399895586,18149399964003,18149404503452,4.728798,0.068417,4.539449,30720
live,825,18149409774654,18149409900415,18149409974720,18149414176180,4.401526,0.074305,4.20146,30720
live,826,18149419774654,18149419897755,18149419967196,18149424510996,4.736342,0.069441,4.5438,30720
live,827,18149429774654,18149429895223,18149429978200,18149434492016,4.717362,0.082977,4.513816,30720
live,828,18149439774654,18149440126647,18149440220216,18149444637775,4.863121,0.093569,4.417559,30720
live,829,18149449774654,18149449911600,18149449990961,18149454528490,4.753836,0.079361,4.537529,30720
live,830,18149459774654,18149459883020,18149459949037,18149464567174,4.79252,0.066017,4.618137,30720
live,831,18149469774654,18149469896361,18149469977034,18149474490946,4.716292,0.080673,4.513912,30720
live,832,18149479774654,18149479896389,18149479982150,18149484324988,4.550334,0.085761,4.342838,30720
live,833,18149489774654,18149489894305,18149489963618,18149495142146,5.367492,0.069313,5.178528,30720
live,834,18149499774654,18149499891069,18149499987231,18149504537079,4.762425,0.096162,4.549848,30720
live,835,18149509774654,18149509891674,18149509956346,18149514244976,4.470322,0.064672,4.28863,30720
live,836,18149519774654,18149519893974,18149519976023,18149524302957,4.528303,0.082049,4.326934,30720
live,837,18149529774654,18149529928051,18149530008980,18149534421291,4.646637,0.080929,4.412311,30720
live,838,18149539774654,18149539912047,18149539993456,18149545203569,5.428915,0.081409,5.210113,30720
live,839,18149549774654,18149549897259,18149549980044,18149554456004,4.68135,0.082785,4.47596,30720
live,840,18149559774654,18149559952296,18149560084170,18149566149717,6.375063,0.131874,6.065547,30720
live,841,18149569774654,18149569926308,18149570015141,18149574162361,4.387707,0.088833,4.14722,30720
live,842,18149579774654,18149579920256,18149580051426,18149584502681,4.728027,0.13117,4.451255,30720
live,843,18149589774654,18149589925437,18149590007678,18149594874266,5.099612,0.082241,4.866588,30720
live,844,18149599774654,18149599917721,18149599988122,18149603949579,4.174925,0.070401,3.961457,30720
live,845,18149609774654,18149609900213,18149609968630,18149614070793,4.296139,0.068417,4.102163,30720
live,846,18149619774654,18149619891953,18149619952210,18149623869314,4.09466,0.060257,3.917104,30720
live,847,18149629774654,18149629896269,18149629973582,18149634496871,4.722217,0.077313,4.523289,30720
live,848,18149639774654,18149639905834,18149639990123,18149644276064,4.50141,0.084289,4.285941,30720
live,849,18149649774654,18149649898310,18149649972775,18149655212776,5.438122,0.074465,5.240001,30720
live,850,18149659774654,18149659892610,18149659973539,18149664258008,4.483354,0.080929,4.284469,30720
live,851,18149669774654,18149669897439,18149669961919,18149674218900,4.444246,0.06448,4.256981,30720
live,852,18149679774654,18149679900603,18149679968348,18149684896761,5.122107,0.067745,4.928413,30720
live,853,18149689774654,18149689901207,18149689982008,18149694533425,4.758771,0.080801,4.551417,30720
live,854,18149699774654,18149699905652,18149700035317,18149704434732,4.660078,0.129665,4.399415,30720
live,855,18149709774654,18149709905296,18149709989841,18149714456744,4.68209,0.084545,4.466903,30720
live,856,18149719774654,18149719898668,18149719963117,18149724339523,4.564869,0.064449,4.376406,30720
live,857,18149729774654,18149729893832,18149729952745,18149734315999,4.541345,0.058913,4.363254,30720
live,858,18149739774654,18149739888357,18149739952389,18149744980196,5.205542,0.064032,5.027807,30720
live,859,18149749774654,18149749902497,18149749983234,18149754552603,4.777949,0.080737,4.569369,30720
live,860,18149759774654,18149759910269,18149759990462,18149765827399,6.052745,0.080193,5.836937,30720
live,861,18149769774654,18149769897370,18149769967674,18149774275632,4.500978,0.070304,4.307958,30720
live,862,18149779774654,18149779903510,18149780028920,18149784587280,4.812626,0.12541,4.55836,30720
live,863,18149789774654,18149789910098,18149790023156,18149794231848,4.457194,0.113058,4.208692,30720
live,864,18149799774654,18149799920495,18149800061905,18149804531720,4.757066,0.14141,4.469815,30720
live,865,18149809774654,18149809930315,18149810014892,18149814474628,4.699974,0.084577,4.459736,30720
live,866,18149819774654,18149819910791,18149819991080,18149824721187,4.946533,0.080289,4.730107,30720
live,867,18149829774654,18149829917764,18149830003205,18149834254874,4.48022,0.085441,4.251669,30720
live,868,18149839774654,18149839898208,18149839957984,18149843876049,4.101395,0.059776,3.918065,30720
live,869,18149849774654,18149849888604,18149849949245,18149854033103,4.258449,0.060641,4.083858,30720
live,870,18149859774654,18149859892024,18149859996026,18149864036940,4.262286,0.104002,4.040914,30720
live,871,18149869774654,18149869901173,18149869982550,18149874736689,4.962035,0.081377,4.754139,30720
live,872,18149879774654,18149879920209,18149880019378,18149884973552,5.198898,0.099169,4.954174,30720
live,873,18149889774654,18149889894925,18149889974734,18149894344580,4.569926,0.079809,4.369846,30720
live,874,18149899774654,18149900046475,18149900117100,18149904516835,4.742181,0.070625,4.399735,30720
live,875,18149909774654,18149909901030,18149909980007,18149914432638,4.657984,0.078977,4.452631,30720
live,876,18149919774654,18149919909890,18149919998179,18149924287033,4.512379,0.088289,4.288854,30720
live,877,18149929774654,18149929899070,18149929985664,18149934447255,4.672601,0.086594,4.461591,30720
live,878,18149939774654,18149939892603,18149939950971,18149943841100,4.066446,0.058368,3.890129,30720
live,879,18149949774654,18149949928407,18149949989912,18149955233177,5.458523,0.061505,5.243265,30720
live,880,18149959774654,18149959898579,18149959973876,18149965906334,6.13168,0.075297,5.932458,30720
live,881,18149969774654,18149969908048,18149969983377,18149974164613,4.389959,0.075329,4.181236,30720
live,882,18149979774654,18149979895468,18149979999725,18149984027775,4.253121,0.104257,4.02805,30720
live,883,18149989774654,18149989897512,18149989970089,18149994107069,4.332415,0.072577,4.13698,30720
live,884,18149999774654,18149999891844,18149999958341,18150004358012,4.583358,0.066497,4.399671,30720
live,885,18150009774654,18150009897281,18150009962914,18150013996660,4.222006,0.065633,4.033746,30720
live,886,18150019774654,18150019905309,18150020041599,18150023881903,4.107249,0.13629,3.840304,30720
live,887,18150029774654,18150029904954,18150029979002,18150034180207,4.405553,0.074048,4.201205,30720
live,888,18150039774654,18150039897814,18150040019351,18150043966024,4.19137,0.121537,3.946673,30720
live,889,18150049774654,18150049901586,18150049979955,18150054801679,5.027025,0.078369,4.821724,30720
live,890,18150059774654,18150059893838,18150059973039,18150064343206,4.568552,0.079201,4.370167,30720
live,891,18150069774654,18150069896299,18150069963883,18150073912573,4.137919,0.067584,3.94869,30720
live,892,18150079774654,18150079908455,18150080030025,18150084038650,4.263996,0.12157,4.008625,30720
live,893,18150089774654,18150089904323,18150089983620,18150094477692,4.703038,0.079297,4.494072,30720
live,894,18150099774654,18150099906688,18150099995489,18150104529401,4.754747,0.088801,4.533912,30720
live,895,18150109774654,18150109899356,18150109963197,18150114289906,4.515252,0.063841,4.326709,30720
live,896,18150119774654,18150119892120,18150119952857,18150123873098,4.098444,0.060737,3.920241,30720
live,897,18150129774654,18150129925621,18150130008470,18150134525870,4.751216,0.082849,4.5174,30720
live,898,18150139774654,18150139897841,18150139976338,18150144246279,4.471625,0.078497,4.269941,30720
live,899,18150149774654,18150150173904,18150150334386,18150166168375,16.393721,0.160482,15.833989,30720
replay,899,18150149774654,18150150257618,18150150551829,18150170967251,21.192597,0.294211,20.415422,2338816
live,900,18150159774654,18150159936266,18150166293529,18150174905188,15.130534,6.357263,8.611659,30720
live,901,18150169774654,18150170298571,18150175197992,18150180498761,10.724107,4.899421,5.300769,30720
live,902,18150179774654,18150180080580,18150180692556,18150184998113,5.223459,0.611976,4.305557,30720
live,903,18150189774654,18150189896062,18150189999584,18150193797999,4.023345,0.103522,3.798415,30720
live,904,18150199774654,18150199893466,18150199993852,18150203799691,4.025037,0.100386,3.805839,30720
live,905,18150209774654,18150209894647,18150209995576,18150213992874,4.21822,0.100929,3.997298,30720
live,906,18150219774654,18150219892467,18150219962100,18150223903813,4.129159,0.069633,3.941713,30720
live,907,18150229774654,18150229897615,18150229969968,18150233964706,4.190052,0.072353,3.994738,30720
live,908,18150239774654,18150239897356,18150240014605,18150244951883,5.177229,0.117249,4.937278,30720
live,909,18150249774654,18150249916680,18150249996745,18150254286975,4.512321,0.080065,4.29023,30720
live,910,18150259774654,18150260017926,18150260170152,18150265090021,5.315367,0.152226,4.919869,30720
live,911,18150269774654,18150269901537,18150269981538,18150274219062,4.444408,0.080001,4.237524,30720
live,912,18150279774654,18150279908669,18150279986142,18150284560567,4.785913,0.077473,4.574425,30720
live,913,18150289774654,18150289939290,18150290042491,18150294271024,4.49637,0.103201,4.228533,30720
live,914,18150299774654,18150299918838,18150299981719,18150303919880,4.145226,0.062881,3.938161,30720
live,915,18150309774654,18150309897906,18150309976211,18150315296309,5.521655,0.078305,5.320098,30720
live,916,18150319774654,18150319898158,18150319976495,18150324565480,4.790826,0.078337,4.588985,30720
live,917,18150329774654,18150329901387,18150329980300,18150334511716,4.737062,0.078913,4.531416,30720
live,918,18150339774654,18150339893159,18150339975976,18150344580801,4.806147,0.082817,4.604825,30720
live,919,18150349774654,18150349896355,18150349960900,18150354512668,4.738014,0.064545,4.551768,30720
live,920,18150359774654,18150359885887,18150359957088,18150367117593,7.342939,0.071201,7.160505,30720
live,921,18150369774654,18150369940124,18150370050750,18150374242450,4.467796,0.110626,4.1917,30720
live,922,18150379774654,18150379959289,18150380078522,18150384364911,4.590257,0.119233,4.286389,30720
live,923,18150389774654,18150389936821,18150389996950,18150393925926,4.151272,0.060129,3.928976,30720
live,924,18150399774654,18150399887696,18150399945393,18150403871234,4.09658,0.057697,3.925841,30720
live,925,18150409774654,18150409888941,18150409945997,18150413984192,4.209538,0.057056,4.038195,30720
live,926,18150419774654,18150419893641,18150419995338,18150424111838,4.337184,0.101697,4.1165,30720
live,927,18150429774654,18150429900358,18150429980038,18150434483838,4.709184,0.07968,4.5038,30720
live,928,18150439774654,18150439906786,18150439994467,18150444888352,5.113698,0.087681,4.893885,30720
live,929,18150449774654,18150449939327,18150450221250,18150454824123,5.049469,0.281923,4.602873,30720
live,930,18150459774654,18150459908763,18150460020540,18150464932665,5.158011,0.111777,4.912125,30720
live,931,18150469774654,18150469904983,18150469988376,18150474408143,4.633489,0.083393,4.419767,30720
live,932,18150479774654,18150479906899,18150479981396,18150484569997,4.795343,0.074497,4.588601,30720
live,933,18150489774654,18150489900527,18150489976816,18150494235173,4.460519,0.076289,4.258357,30720
live,934,18150499774654,18150499899500,18150499974029,18150504229473,4.454819,0.074529,4.255444,30720
live,935,18150509774654,18150509891688,18150509966025,18150514213726,4.439072,0.074337,4.247701,30720
live,936,18150519774654,18150519893476,18150519963141,18150524934883,5.160229,0.069665,4.971742,30720
live,937,18150529774654,18150529893184,18150529965153,18150534261751,4.487097,0.071969,4.296598,30720
live,938,18150539774654,18150539895517,18150539968222,18150544523414,4.74876,0.072705,4.555192,30720
live,939,18150549774654,18150549893977,18150549962682,18150554472914,4.69826,0.068705,4.510232,30720
live,940,18150559774654,18150559892981,18150559954646,18150565797663,6.023009,0.061665,5.843017,30720
live,941,18150569774654,18150569892018,18150569966131,18150574288008,4.513354,0.074113,4.321877,30720
live,942,18150579774654,18150579910990,18150579987311,18150583949344,4.17469,0.076321,3.962033,30720
live,943,18150589774654,18150589891242,18150589962123,18150594291457,4.516803,0.070881,4.329334,30720
live,944,18150599774654,18150599895303,18150599967015,18150604355198,4.580544,0.071712,4.388183,30720
live,945,18150609774654,18150609887747,18150609953860,18150614085143,4.310489,0.066113,4.131283,30720
live,946,18150619774654,18150619894303,18150619971872,18150624686779,4.912125,0.077569,4.714907,30720
live,947,18150629774654,18150629889947,18150629961916,18150634248466,4.473812,0.071969,4.28655,30720
live,948,18150639774654,18150639891288,18150639963993,18150644579762,4.805108,0.072705,4.615769,30720
live,949,18150649774654,18150649896980,18150649960629,18150654195114,4.42046,0.063649,4.234485,30720
live,950,18150659774654,18150659887888,18150659960593,18150664531914,4.75726,0.072705,4.571321,30720
live,951,18150669774654,18150669910349,18150670237713,18150674949740,5.175086,0.327364,4.712027,30720
live,952,18150679774654,18150679935945,18150680034347,18150684564035,4.789381,0.098402,4.529688,30720
live,953,18150689774654,18150689912934,18150689993351,18150694482078,4.707424,0.080417,4.488727,30720
live,954,18150699774654,18150699900034,18150699973059,18150704245816,4.471162,0.073025,4.272757,30720
live,955,18150709774654,18150709897022,18150709978079,18150714389046,4.614392,0.081057,4.410967,30720
live,956,18150719774654,18150719899930,18150719987483,18150725608577,5.833923,0.087553,5.621094,30720
live,957,18150729774654,18150729897751,18150729978008,18150734405935,4.631281,0.080257,4.427927,30720
live,958,18150739774654,18150739895859,18150739969556,18150744294953,4.520299,0.073697,4.325397,30720
live,959,18150749774654,18150749894159,18150749972016,18150754468008,4.693354,0.077857,4.495992,30720
live,960,18150759774654,18150759888203,18150759948364,18150765537778,5.763124,0.060161,5.589414,30720
live,961,18150769774654,18150769897352,18150769959368,18150774844869,5.070215,0.062016,4.885501,30720
live,962,18150779774654,18150779895044,18150780151207,18150784553438,4.778784,0.256163,4.402231,30720
live,963,18150789774654,18150789890208,18150790135427,18150794251606,4.476952,0.245219,4.116179,30720
live,964,18150799774654,18150799888093,18150799964765,18150804303987,4.529333,0.076672,4.339222,30720
live,965,18150809774654,18150809893401,18150809960698,18150814137550,4.362896,0.067297,4.176852,30720
live,966,18150819774654,18150819890613,18150819959158,18150824828627,5.053973,0.068545,4.869469,30720
live,967,18150829774654,18150829889905,18150829960210,18150834289128,4.514474,0.070305,4.328918,30720
live,968,18150839774654,18150839894254,18150839966671,18150844548232,4.773578,0.072417,4.581561,30720
live,969,18150849774654,18150849892586,18150849972971,18150854490115,4.715461,0.080385,4.517144,30720
live,970,18150859774654,18150859888870,18150859947975,18150863870040,4.095386,0.059105,3.922065,30720
live,971,18150869774654,18150869889027,18150869956835,18150874386651,4.611997,0.067808,4.429816,30720
live,972,18150879774654,18150879897983,18150880159394,18150884707739,4.933085,0.261411,4.548345,30720
live,973,18150889774654,18150889895259,18150889975836,18150894368211,4.593557,0.080577,4.392375,30720
live,974,18150899774654,18150899896760,18150899980985,18150904193453,4.418799,0.084225,4.212468,30720
live,975,18150909774654,18150909898228,18150909980565,18150914540846,4.766192,0.082337,4.560281,30720
live,976,18150919774654,18150919896944,18150919968401,18150924534858,4.760204,0.071457,4.566457,30720
live,977,18150929774654,18150929891660,18150929964717,18150934296643,4.521989,0.073057,4.331926,30720
live,978,18150939774654,18150939894889,18150939965354,18150944274751,4.500097,0.070465,4.309397,30720
live,979,18150949774654,18150949894789,18150949971654,18150954375453,4.600799,0.076865,4.403799,30720
live,980,18150959774654,18150959892897,18150959955874,18150965814411,6.039757,0.062977,5.858537,30720
live,981,18150969774654,18150969891038,18150969954014,18150974216531,4.441877,0.062976,4.262517,30720
live,982,18150979774654,18150979891962,18150980143549,18150984324785,4.550131,0.251587,4.181236,30720
live,983,18150989774654,18150989894038,18150990145145,18150994232492,4.457838,0.251107,4.087347,30720
live,984,18150999774654,18150999888531,18150999966004,18151003975013,4.200359,0.077473,4.009009,30720
live,985,18151009774654,18151009897871,18151009974576,18151014451912,4.677258,0.076705,4.477336,30720
live,986,18151019774654,18151019897899,18151019970124,18151024487428,4.712774,0.072225,4.517304,30720
live,987,18151029774654,18151029896936,18151029972905,18151034431200,4.656546,0.075969,4.458295,30720
live,988,18151039774654,18151039894564,18151039965797,18151044504541,4.729887,0.071233,4.538744,30720
live,989,18151049774654,18151049922336,18151049994113,18151054258102,4.483448,0.071777,4.263989,30720
live,990,18151059774654,18151059908253,18151059973885,18151064508118,4.733464,0.065632,4.534233,30720
live,991,18151069774654,18151069874296,18151069928473,18151074320816,4.546162,0.054177,4.392343,30720
live,992,18151079774654,18151079892437,18151080214937,18151084324652,4.549998,0.3225,4.109715,30720
live,993,18151089774654,18151089896625,18151089973618,18151094460746,4.686092,0.076993,4.487128,30720
live,994,18151099774654,18151099893966,18151099954766,18151104237540,4.462886,0.0608,4.282774,30720
live,995,18151109774654,18151109888394,18151109962539,18151114215392,4.440738,0.074145,4.252853,30720
live,996,18151119774654,18151119892518,18151119972679,18151124321117,4.546463,0.080161,4.348438,30720
live,997,18151129774654,18151129896483,18151129979652,18151134421819,4.647165,0.083169,4.442167,30720
live,998,18151139774654,18151139898687,18151139979584,18151144277621,4.502967,0.080897,4.298037,30720
live,999,18151149774654,18151150147262,18151150260512,18151172445395,22.670741,0.11325,22.184883,30720
replay,999,18151149774654,18151150191711,18151150467618,18151170639741,20.865087,0.275907,20.172123,2338816
live,1000,18151159774654,18151160063482,18151172613366,18151180056562,20.281908,12.549884,7.443196,30720
live,1001,18151169774654,18151169932180,18151180246516,18151184552906,14.778252,10.314336,4.30639,30720
live,1002,18151179774654,18151179936913,18151184717260,18151188979361,9.204707,4.780347,4.262101,30720
live,1003,18151189774654,18151189884044,18151189943501,18151193284695,3.510041,0.059457,3.341194,30720
live,1004,18151199774654,18151199889705,18151200120267,18151203694584,3.91993,0.230562,3.574317,30720
live,1005,18151209774654,18151209882853,18151210115624,18151213629491,3.854837,0.232771,3.513867,30720
live,1006,18151219774654,18151219885377,18151219954146,18151223676944,3.90229,0.068769,3.722798,30720
live,1007,18151229774654,18151229986783,18151230069280,18151234296756,4.522102,0.082497,4.227476,30720
live,1008,18151239774654,18151239886970,18151239960219,18151243706537,3.931883,0.073249,3.746318,30720
live,1009,18151249774654,18151249885750,18151249956599,18151253835911,4.061257,0.070849,3.879312,30720
live,1010,18151259774654,18151259896755,18151260136758,18151264046758,4.272104,0.240003,3.91,30720
live,1011,18151269774654,18151269885999,18151269961168,18151274643082,4.868428,0.075169,4.681914,30720
live,1012,18151279774654,18151279875467,18151279931020,18151285128140,5.353486,0.055553,5.19712,30720
live,1013,18151289774654,18151289889639,18151289966312,18151294190941,4.416287,0.076673,4.224629,30720
live,1014,18151299774654,18151299890148,18151300133383,18151303921686,4.147032,0.243235,3.788303,30720
live,1015,18151309774654,18151309887776,18151309962465,18151314697628,4.922974,0.074689,4.735163,30720
live,1016,18151319774654,18151319876988,18151319944445,18151325020796,5.246142,0.067457,5.076351,30720
live,1017,18151329774654,18151329890393,18151329963449,18151332781788,3.007134,0.073056,2.818339,30720
live,1018,18151339774654,18151339929429,18151340026007,18151344106793,4.332139,0.096578,4.080786,30720
live,1019,18151349774654,18151349907665,18151349988402,18151354177446,4.402792,0.080737,4.189044,30720
live,1020,18151359774654,18151359896462,18151359973583,18151366147835,6.373181,0.077121,6.174252,30720
live,1021,18151369774654,18151369876746,18151369940426,18151373905628,4.130974,0.06368,3.965202,30720
live,1022,18151379774654,18151379890918,18151379957031,18151383843927,4.069273,0.066113,3.886896,30720
live,1023,18151389774654,18151389889122,18151389956291,18151393995669,4.221015,0.067169,4.039378,30720
live,1024,18151399774654,18151399894015,18151399962176,18151403884752,4.110098,0.068161,3.922576,30720
live,1025,18151409774654,18151409891963,18151409964380,18151414209105,4.434451,0.072417,4.244725,30720
live,1026,18151419774654,18151419886999,18151419948728,18151423823176,4.048522,0.061729,3.874448,30720
live,1027,18151429774654,18151429898132,18151429968181,18151434174825,4.400171,0.070049,4.206644,30720
live,1028,18151439774654,18151439891920,18151439969233,18151443985123,4.210469,0.077313,4.01589,30720
live,1029,18151449774654,18151449892812,18151449966893,18151454214146,4.439492,0.074081,4.247253,30720
live,1030,18151459774654,18151459884936,18151459957897,18151464255135,4.480481,0.072961,4.297238,30720
live,1031,18151469774654,18151469891333,18151469962790,18151474223227,4.448573,0.071457,4.260437,30720
live,1032,18151479774654,18151479888033,18151479960002,18151484817470,5.042816,0.071969,4.857468,30720
live,1033,18151489774654,18151489892765,18151489967614,18151494359349,4.584695,0.074849,4.391735,30720
live,1034,18151499774654,18151499897562,18151499958683,18151504506323,4.731669,0.061121,4.54764,30720
live,1035,18151509774654,18151509889974,18151509967063,18151514381550,4.606896,0.077089,4.414487,30720
live,1036,18151519774654,18151519894354,18151519953907,18151524242824,4.46817,0.059553,4.288917,30720
live,1037,18151529774654,18151529887183,18151529956943,18151534168996,4.394342,0.06976,4.212053,30720
live,1038,18151539774654,18151539892011,18151539967692,18151544958378,5.183724,0.075681,4.990686,30720
live,1039,18151549774654,18151549896199,18151549973512,18151554396991,4.622337,0.077313,4.423479,30720
live,1040,18151559774654,18151559893860,18151559965764,18151565742540,5.967886,0.071904,5.776776,30720
live,1041,18151569774654,18151569889056,18151569977857,18151574382488,4.607834,0.088801,4.404631,30720
live,1042,18151579774654,18151579889020,18151579957053,18151584517206,4.742552,0.068033,4.560153,30720
live,1043,18151589774654,18151589891864,18151589968697,18151594281487,4.506833,0.076833,4.31279,30720
live,1044,18151599774654,18151599893205,18151599963286,18151604228267,4.453613,0.070081,4.264981,30720
live,1045,18151609774654,18151609890257,18151609959634,18151614479498,4.704844,0.069377,4.519864,30720
live,1046,18151619774654,18151619893133,18151619952910,18151624181731,4.407077,0.059777,4.228821,30720
live,1047,18151629774654,18151629927370,18151630022443,18151634205823,4.431169,0.095073,4.18338,30720
live,1048,18151639774654,18151639916422,18151639994119,18151644456831,4.682177,0.077697,4.462712,30720
live,1049,18151649774654,18151649895202,18151649968323,18151654260953,4.486299,0.073121,4.29263,30720
live,1050,18151659774654,18151660120577,18151660221667,18151664410391,4.635737,0.10109,4.188724,30720
live,1051,18151669774654,18151669918139,18151669999356,18151674483604,4.70895,0.081217,4.484248,30720
live,1052,18151679774654,18151679900631,18151679979352,18151683062303,3.287649,0.078721,3.082951,30720
live,1053,18151689774654,18151689889299,18151689957428,18151694006983,4.232329,0.068129,4.049555,30720
live,1054,18151699774654,18151699894448,18151699975121,18151703940002,4.165348,0.080673,3.964881,30720
live,1055,18151709774654,18151709891852,18151709972461,18151714116193,4.341539,0.080609,4.143732,30720
live,1056,18151719774654,18151719888040,18151719946665,18151723833305,4.058651,0.058625,3.88664,30720
live,1057,18151729774654,18151729884453,18151729944869,18151733888406,4.113752,0.060416,3.943537,30720
live,1058,18151739774654,18151740057603,18151740160100,18151745735274,5.96062,0.102497,5.575174,30720
live,1059,18151749774654,18151749895293,18151749974846,18151754546455,4.771801,0.079553,4.571609,30720
live,1060,18151759774654,18151759884825,18151759951194,18151765858628,6.083974,0.066369,5.907434,30720
live,1061,18151769774654,18151769885526,18151769954615,18151774433294,4.65864,0.069089,4.478679,30720
live,1062,18151779774654,18151779932595,18151780218934,18151784336233,4.561579,0.286339,4.117299,30720
live,1063,18151789774654,18151789937487,18151790032368,18151795165584,5.39093,0.094881,5.133216,30720
live,1064,18151799774654,18151799925003,18151800025644,18151803956381,4.181727,0.100641,3.930737,30720
live,1065,18151809774654,18151809931336,18151810006408,18151813981306,4.206652,0.075072,3.974898,30720
live,1066,18151819774654,18151819917380,18151819988261,18151823875637,4.100983,0.070881,3.887376,30720
live,1067,18151829774654,18151829905152,18151829983617,18151834437688,4.663034,0.078465,4.454071,30720
live,1068,18151839774654,18151839900092,18151839975325,18151845318463,5.543809,0.075233,5.343138,30720
live,1069,18151849774654,18151849917049,18151850002202,18151854286991,4.512337,0.085153,4.284789,30720
live,1070,18151859774654,18151859896469,18151859973910,18151864511246,4.736592,0.077441,4.537336,30720
live,1071,18151869774654,18151869903889,18151869981938,18151874227399,4.452745,0.078049,4.245461,30720
live,1072,18151879774654,18151879905133,18151879989998,18151884042337,4.267683,0.084865,4.052339,30720
live,1073,18151889774654,18151889898698,18151889978187,18151895074442,5.299788,0.079489,5.096255,30720
live,1074,18151899774654,18151899896678,18151899971911,18151904326909,4.552255,0.075233,4.354998,30720
live,1075,18151909774654,18151909905154,18151909983491,18151914230936,4.456282,0.078337,4.247445,30720
live,1076,18151919774654,18151919899871,18151919973663,18151924213012,4.438358,0.073792,4.239349,30720
live,1077,18151929774654,18151929894651,18151929958268,18151934423923,4.649269,0.063617,4.465655,30720
live,1078,18151939774654,18151939874903,18151939937176,18151944514960,4.740306,0.062273,4.577784,30720
live,1079,18151949774654,18151949914516,18151949997749,18151954325642,4.550988,0.083233,4.327893,30720
live,1080,18151959774654,18151959906128,18151959978417,18151966032796,6.258142,0.072289,6.054379,30720
live,1081,18151969774654,18151969903532,18151969975053,18151974475109,4.700455,0.071521,4.500056,30720
live,1082,18151979774654,18151979899592,18151979964937,18151984900774,5.12612,0.065345,4.935837,30720
live,1083,18151989774654,18151989895429,18151989968101,18151994298395,4.523741,0.072672,4.330294,30720
live,1084,18151999774654,18151999920705,18152000020770,18152004274903,4.500249,0.100065,4.254133,30720
live,1085,18152009774654,18152009910045,18152010000510,18152014384917,4.610263,0.090465,4.384407,30720
live,1086,18152019774654,18152019899482,18152019974490,18152024325905,4.551251,0.075008,4.351415,30720
live,1087,18152029774654,18152029897558,18152029959095,18152034173163,4.398509,0.061537,4.214068,30720
live,1088,18152039774654,18152039891250,18152039961139,18152044835215,5.060561,0.069889,4.874076,30720
live,1089,18152049774654,18152049913007,18152049995856,18152054343046,4.568392,0.082849,4.34719,30720
live,1090,18152059774654,18152059905515,18152059981996,18152064524548,4.749894,0.076481,4.542552,30720
live,1091,18152069774654,18152069899815,18152069976968,18152074230173,4.455519,0.077153,4.253205,30720
live,1092,18152079774654,18152079902307,18152079977444,18152084207225,4.432571,0.075137,4.229781,30720
live,1093,18152089774654,18152089897280,18152089961440,18152094202133,4.427479,0.06416,4.240693,30720
live,1094,18152099774654,18152099919708,18152100046430,18152104731288,4.956634,0.126722,4.684858,30720
live,1095,18152109774654,18152109906584,18152109985561,18152114348272,4.573618,0.078977,4.362711,30720
live,1096,18152119774654,18152119903349,18152119986806,18152124257803,4.483149,0.083457,4.270997,30720
live,1097,18152129774654,18152129900753,18152129979282,18152134795790,5.021136,0.078529,4.816508,30720
live,1098,18152139774654,18152139896909,18152139989134,18152144745001,4.970347,0.092225,4.755867,30720
live,1099,18152149774654,18152150165069,18152150294638,18152166219252,16.444598,0.129569,15.924614,30720
replay,1099,18152149774654,18152150208717,18152150494417,18152170874446,21.099792,0.2857,20.380029,2338816
live,1100,18152159774654,18152160337643,18152166445975,18152177969734,18.19508,6.108332,11.523759,30720
live,1101,18152169774654,18152169960003,18152178193577,18152183063430,13.288776,8.233574,4.869853,30720
live,1102,18152179774654,18152180225218,18152183248904,18152187362043,7.587389,3.023686,4.113139,30720
live,1103,18152189774654,18152189896987,18152189954747,18152193427431,3.652777,0.05776,3.472684,30720
live,1104,18152199774654,18152199910743,18152199989496,18152203625669,3.851015,0.078753,3.636173,30720
live,1105,18152209774654,18152209903123,18152209972020,18152213855492,4.080838,0.068897,3.883472,30720
live,1106,18152219774654,18152219890543,18152219959632,18152223007414,3.23276,0.069089,3.047782,30720
live,1107,18152229774654,18152229894380,18152229975533,18152234267202,4.492548,0.081153,4.291669,30720
live,1108,18152239774654,18152239895720,18152239980041,18152244097436,4.322782,0.084321,4.117395,30720
live,1109,18152249774654,18152249917189,18152249999046,18152254153401,4.378747,0.081857,4.154355,30720
live,1110,18152259774654,18152259898241,18152259964130,18152263904851,4.130197,0.065889,3.940721,30720
live,1111,18152269774654,18152269901021,18152269980830,18152274833146,5.058492,0.079809,4.852316,30720
live,1112,18152279774654,18152279896889,18152279965466,18152284253968,4.479314,0.068577,4.288502,30720
live,1113,18152289774654,18152289896726,18152289979703,18152294412174,4.63752,0.082977,4.432471,30720
live,1114,18152299774654,18152300088596,18152300227606,18152305329429,5.554775,0.13901,5.101823,30720
live,1115,18152309774654,18152309922927,18152310008880,18152314262341,4.487687,0.085953,4.253461,30720
live,1116,18152319774654,18152319905163,18152319981484,18152324823752,5.049098,0.076321,4.842268,30720
live,1117,18152329774654,18152329915687,18152330002856,18152334539361,4.764707,0.087169,4.536505,30720
live,1118,18152339774654,18152339911523,18152340035141,18152344336154,4.5615,0.123618,4.301013,30720
live,1119,18152349774654,18152349910688,18152349994753,18152355093760,5.319106,0.084065,5.099007,30720
live,1120,18152359774654,18152359903036,18152359969885,18152365918567,6.143913,0.066849,5.948682,30720
live,1121,18152369774654,18152369897048,18152369964857,18152374247566,4.472912,0.067809,4.282709,30720
live,1122,18152379774654,18152379967509,18152380060118,18152384582255,4.807601,0.092609,4.522137,30720
live,1123,18152389774654,18152389915313,18152389988210,18152394118725,4.344071,0.072897,4.130515,30720
live,1124,18152399774654,18152399902445,18152400021807,18152405297104,5.52245,0.119362,5.275297,30720
live,1125,18152409774654,18152409907753,18152409984810,18152414370753,4.596099,0.077057,4.385943,30720
live,1126,18152419774654,18152419896518,18152419966150,18152423857207,4.082553,0.069632,3.891057,30720
live,1127,18152429774654,18152429890338,18152429947715,18152433832979,4.058325,0.057377,3.885264,30720
live,1128,18152439774654,18152439893246,18152439998495,18152443548684,3.77403,0.105249,3.550189,30720
live,1129,18152449774654,18152449904059,18152450004892,18152454872216,5.097562,0.100833,4.867324,30720
live,1130,18152459774654,18152459909879,18152459983032,18152464023722,4.249068,0.073153,4.04069,30720
live,1131,18152469774654,18152469896435,18152469971124,18152473910853,4.136199,0.074689,3.939729,30720
live,1132,18152479774654,18152479890671,18152479949712,18152483948866,4.174212,0.059041,3.999154,30720
live,1133,18152489774654,18152489889708,18152489948684,18152493956702,4.182048,0.058976,4.008018,30720
live,1134,18152499774654,18152499897544,18152499998857,18152504047900,4.273246,0.101313,4.049043,30720
live,1135,18152509774654,18152509901540,18152509985189,18152514549310,4.774656,0.083649,4.564121,30720
live,1136,18152519774654,18152519910369,18152519996674,18152524243543,4.468889,0.086305,4.246869,30720
live,1137,18152529774654,18152529898589,18152529964062,18152534868955,5.094301,0.065473,4.904893,30720
live,1138,18152539774654,18152539894425,18152539976634,18152544549299,4.774645,0.082209,4.572665,30720
live,1139,18152549774654,18152549902742,18152549983159,18152554509103,4.734449,0.080417,4.525944,30720
live,1140,18152559774654,18152559914514,18152559995923,18152565969629,6.194975,0.081409,5.973706,30720
live,1141,18152569774654,18152569899150,18152569977103,18152574167747,4.393093,0.077953,4.190644,30720
live,1142,18152579774654,18152579926283,18152579994924,18152584032030,4.257376,0.068641,4.037106,30720
live,1143,18152589774654,18152589909959,18152589976840,18152594332542,4.557888,0.066881,4.355702,30720
live,1144,18152599774654,18152599926851,18152600052933,18152605011075,5.236421,0.126082,4.958142,30720
live,1145,18152609774654,18152609944192,18152610036097,18152615038431,5.263777,0.091905,5.002334,30720
live,1146,18152619774654,18152619922204,18152620020541,18152624574454,4.7998,0.098337,4.553913,30720
live,1147,18152629774654,18152629907128,18152629991897,18152634577970,4.803316,0.084769,4.586073,30720
live,1148,18152639774654,18152639903892,18152639973781,18152644653039,4.878385,0.069889,4.679258,30720
live,1149,18152649774654,18152649914929,18152650002194,18152655028912,5.254258,0.087265,5.026718,30720
live,1150,18152659774654,18152659903309,18152659976526,18152664313284,4.53863,0.073217,4.336758,30720
live,1151,18152669774654,18152669904265,18152669979178,18152673936475,4.161821,0.074913,3.957297,30720
live,1152,18152679774654,18152679894917,18152679993127,18152683992632,4.217978,0.09821,3.999505,30720
live,1153,18152689774654,18152689909954,18152689989251,18152694194135,4.419481,0.079297,4.204884,30720
live,1154,18152699774654,18152699895102,18152699962143,18152703835311,4.060657,0.067041,3.873168,30720
live,1155,18152709774654,18152709894682,18152709956923,18152714643765,4.869111,0.062241,4.686842,30720
live,1156,18152719774654,18152719890423,18152719962840,18152724261709,4.487055,0.072417,4.298869,30720
live,1157,18152729774654,18152729897651,18152729976724,18152734138120,4.363466,0.079073,4.161396,30720
live,1158,18152739774654,18152739896015,18152740012881,18152743987074,4.21242,0.116866,3.974193,30720
live,1159,18152749774654,18152749897228,18152749955660,18152753898397,4.123743,0.058432,3.942737,30720
live,1160,18152759774654,18152759888744,18152759951273,18152765462637,5.687983,0.062529,5.511364,30720
live,1161,18152769774654,18152769888900,18152769950213,18152773898742,4.124088,0.061313,3.948529,30720
live,1162,18152779774654,18152779892896,18152779993794,18152784070068,4.295414,0.100898,4.076274,30720
live,1163,18152789774654,18152789900285,18152789979358,18152794496630,4.721976,0.079073,4.517272,30720
live,1164,18152799774654,18152799912313,18152799997466,18152804505618,4.730964,0.085153,4.508152,30720
live,1165,18152809774654,18152810063063,18152810169049,18152814670801,4.896147,0.105986,4.501752,30720
live,1166,18152819774654,18152819894834,18152819965587,18152824153159,4.378505,0.070753,4.187572,30720
live,1167,18152829774654,18152829897454,18152829977775,18152834470247,4.695593,0.080321,4.492472,30720
live,1168,18152839774654,18152839904554,18152839991692,18152844831720,5.057066,0.087138,4.840028,30720
live,1169,18152849774654,18152849902631,18152849982632,18152854468543,4.693889,0.080001,4.485911,30720
live,1170,18152859774654,18152859900099,18152859965060,18152864949186,5.174532,0.064961,4.984126,30720
live,1171,18152869774654,18152869893055,18152869956896,18152874529049,4.754395,0.063841,4.572153,30720
live,1172,18152879774654,18152879889659,18152879967996,18152884953690,5.179036,0.078337,4.985694,30720
live,1173,18152889774654,18152889937048,18152890046426,18152894593490,4.818836,0.109378,4.547064,30720
live,1174,18152899774654,18152899913108,18152900060694,18152904556974,4.78232,0.147586,4.49628,30720
live,1175,18152909774654,18152909938289,18152910024114,18152915400405,5.625751,0.085825,5.376291,30720
live,1176,18152919774654,18152919908781,18152919987534,18152924294211,4.519557,0.078753,4.306677,30720
live,1177,18152929774654,18152929894601,18152929954890,18152933890459,4.115805,0.060289,3.935569,30720
live,1178,18152939774654,18152939894373,18152939956198,18152943860663,4.086009,0.061825,3.904465,30720
live,1179,18152949774654,18152949895394,18152949979203,18152954438170,4.663516,0.083809,4.458967,30720
live,1180,18152959774654,18152959907166,18152959994111,18152966564945,6.790291,0.086945,6.570834,30720
live,1181,18152969774654,18152969897562,18152969961371,18152974428659,4.654005,0.063809,4.467288,30720
live,1182,18152979774654,18152979895095,18152979957239,18152983934569,4.159915,0.062144,3.97733,30720
live,1183,18152989774654,18152989888595,18152989954068,18152994012678,4.238024,0.065473,4.05861,30720
live,1184,18152999774654,18152999903471,18152999973552,18153004165700,4.391046,0.070081,4.192148,30720
live,1185,18153009774654,18153009897259,18153009973900,18153014454308,4.679654,0.076641,4.480408,30720
live,1186,18153019774654,18153019914504,18153019995465,18153024616866,4.842212,0.080961,4.621401,30720
live,1187,18153029774654,18153029899780,18153029964101,18153034209754,4.4351,0.064321,4.245653,30720
live,1188,18153039774654,18153039893440,18153039951649,18153043834257,4.059603,0.058209,3.882608,30720
live,1189,18153049774654,18153049890013,18153049947421,18153053906927,4.132273,0.057408,3.959506,30720
live,1190,18153059774654,18153059907641,18153059990490,18153064528467,4.753813,0.082849,4.537977,30720
live,1191,18153069774654,18153069901685,18153069978422,18153074498895,4.724241,0.076737,4.520473,30720
live,1192,18153079774654,18153079898162,18153080020563,18153084558156,4.783502,0.122401,4.537593,30720
live,1193,18153089774654,18153089899822,18153089962799,18153094252900,4.478246,0.062977,4.290101,30720
live,1194,18153099774654,18153099892522,18153099956811,18153104217408,4.442754,0.064289,4.260597,30720
live,1195,18153109774654,18153109931751,18153110214602,18153114707266,4.932612,0.282851,4.492664,30720
live,1196,18153119774654,18153119919043,18153120192455,18153124969538,5.194884,0.273412,4.777083,30720
live,1197,18153129774654,18153129926624,18153130199171,18153134822812,5.048158,0.272547,4.623641,30720
live,1198,18153139774654,18153139905148,18153140158399,18153144542133,4.767479,0.253251,4.383734,30720
replay,1199,18153149774654,18153150196059,18153150275964,18153171512004,21.73735,0.079905,21.23604,2338816
live,1199,18153149774654,18153150146715,18153150487583,18153173159737,23.385083,0.340868,22.672154,30720
live,1200,18153159774654,18153160217816,18153173322811,18153180039726,20.265072,13.104995,6.716915,30720
live,1201,18153169774654,18153169926225,18153180217713,18153184485222,14.710568,10.291488,4.267509,30720
live,1202,18153179774654,18153179946893,18153184651400,18153188385398,8.610744,4.704507,3.733998,30720
live,1203,18153189774654,18153189892137,18153189957002,18153193399829,3.625175,0.064865,3.442827,30720
live,1204,18153199774654,18153199885253,18153200122600,18153203548019,3.773365,0.237347,3.425419,30720
live,1205,18153209774654,18153209881729,18153210115012,18153213577199,3.802545,0.233283,3.462187,30720
live,1206,18153219774654,18153219886078,18153220126625,18153223600620,3.825966,0.240547,3.473995,30720
live,1207,18153229774654,18153229887738,18153230125917,18153233617000,3.842346,0.238179,3.491083,30720
live,1208,18153239774654,18153239886070,18153240125977,18153243501091,3.726437,0.239907,3.375114,30720
live,1209,18153249774654,18153249886739,18153250123126,18153253964293,4.189639,0.236387,3.841167,30720
live,1210,18153259774654,18153259885391,18153259951152,18153263853248,4.078594,0.065761,3.902096,30720
live,1211,18153269774654,18153270058829,18153270411026,18153274338307,4.563653,0.352197,3.927281,30720
live,1212,18153279774654,18153279893416,18153279969033,18153283757144,3.98249,0.075617,3.788111,30720
live,1213,18153289774654,18153289895364,18153290144487,18153293984215,4.209561,0.249123,3.839728,30720
live,1214,18153299774654,18153299888032,18153299962721,18153303677103,3.902449,0.074689,3.714382,30720
live,1215,18153309774654,18153309887580,18153309955293,18153313914959,4.140305,0.067713,3.959666,30720
live,1216,18153319774654,18153319894425,18153320151516,18153325343197,5.568543,0.257091,5.191681,30720
live,1217,18153329774654,18153329871925,18153329951190,18153334303180,4.528526,0.079265,4.35199,30720
live,1218,18153339774654,18153339969778,18153340094964,18153344152166,4.377512,0.125186,4.057202,30720
live,1219,18153349774654,18153349942062,18153350203506,18153354361701,4.587047,0.261444,4.158195,30720
live,1220,18153359774654,18153359896042,18153359978955,18153365507856,5.733202,0.082913,5.528901,30720
live,1221,18153369774654,18153369900070,18153370145546,18153374968517,5.193863,0.245476,4.822971,30720
live,1222,18153379774654,18153379887779,18153379954531,18153383943957,4.169303,0.066752,3.989426,30720
live,1223,18153389774654,18153389890975,18153389965440,18153394052851,4.278197,0.074465,4.087411,30720
live,1224,18153399774654,18153399895067,18153400150334,18153404534197,4.759543,0.255267,4.383863,30720
live,1225,18153409774654,18153409884759,18153409961784,18153414121996,4.347342,0.077025,4.160212,30720
live,1226,18153419774654,18153419897716,18153419974901,18153423911430,4.136776,0.077185,3.936529,30720
live,1227,18153429774654,18153429893552,18153429974545,18153434510346,4.735692,0.080993,4.535801,30720
live,1228,18153439774654,18153439924141,18153440189424,18153444519782,4.745128,0.265283,4.330358,30720
live,1229,18153449774654,18153449896713,18153449983530,18153454541475,4.766821,0.086817,4.557945,30720
live,1230,18153459774654,18153459900773,18153459979238,18153464781442,5.006788,0.078465,4.802204,30720
live,1231,18153469774654,18153469901314,18153469980994,18153475216228,5.441574,0.07968,5.235234,30720
live,1232,18153479774654,18153479900126,18153479985663,18153484618872,4.844218,0.085537,4.633209,30720
live,1233,18153489774654,18153489892698,18153489973563,18153494079662,4.305008,0.080865,4.106099,30720
live,1234,18153499774654,18153499889526,18153499957655,18153504147883,4.373229,0.068129,4.190228,30720
live,1235,18153509774654,18153509890419,18153509959443,18153514225672,4.451018,0.069024,4.266229,30720
live,1236,18153519774654,18153519891919,18153520144818,18153524171140,4.396486,0.252899,4.026322,30720
live,1237,18153529774654,18153529888235,18153529965964,18153534553157,4.778503,0.077729,4.587193,30720
live,1238,18153539774654,18153539898824,18153540203787,18153544538689,4.764035,0.304963,4.334902,30720
live,1239,18153549774654,18153549885540,18153549963685,18153554223706,4.449052,0.078145,4.260021,30720
live,1240,18153559774654,18153559891072,18153559974337,18153565785097,6.010443,0.083265,5.81076,30720
live,1241,18153569774654,18153569925437,18153570189792,18153574822202,5.047548,0.264355,4.63241,30720
live,1242,18153579774654,18153579900025,18153579985210,18153584095533,4.320879,0.085185,4.110323,30720
live,1243,18153589774654,18153589896021,18153589966710,18153594093993,4.319339,0.070689,4.127283,30720
live,1244,18153599774654,18153599891857,18153599967122,18153603935748,4.161094,0.075265,3.968626,30720
live,1245,18153609774654,18153609899982,18153610160689,18153614212419,4.437765,0.260707,4.05173,30720
live,1246,18153619774654,18153619887818,18153619964619,18153623943324,4.16867,0.076801,3.978705,30720
live,1247,18153629774654,18153629893606,18153629976039,18153634536256,4.761602,0.082433,4.560217,30720
live,1248,18153639774654,18153639892195,18153640146854,18153644521084,4.74643,0.254659,4.37423,30720
live,1249,18153649774654,18153649885759,18153649958848,18153654526392,4.751738,0.073089,4.567544,30720
live,1250,18153659774654,18153659891803,18153659964700,18153664644150,4.869496,0.072897,4.67945,30720
live,1251,18153669774654,18153669892055,18153669972632,18153674666355,4.891701,0.080577,4.693723,30720
live,1252,18153679774654,18153679890100,18153679969205,18153684082408,4.307754,0.079105,4.113203,30720
live,1253,18153689774654,18153689893488,18153690146835,18153694219910,4.445256,0.253347,4.073075,30720
live,1254,18153699774654,18153699885228,18153699961197,18153703963807,4.189153,0.075969,4.00261,30720
live,1255,18153709774654,18153709891017,18153709966314,18153714468642,4.693988,0.075297,4.502328,30720
live,1256,18153719774654,18153719888101,18153720140808,18153724163098,4.388444,0.252707,4.02229,30720
live,1257,18153729774654,18153729892385,18153729972194,18153734503643,4.728989,0.079809,4.531449,30720
live,1258,18153739774654,18153739894238,18153739964958,18153744229492,4.454838,0.07072,4.264534,30720
live,1259,18153749774654,18153749894842,18153750157757,18153754566676,4.792022,0.262915,4.408919,30720
live,1260,18153759774654,18153759887350,18153759955575,18153765723135,5.948481,0.068225,5.76756,30720
live,1261,18153769774654,18153769892467,18153770147542,18153773926725,4.152071,0.255075,3.779183,30720
live,1262,18153779774654,18153780103025,18153780252051,18153785019599,5.244945,0.149026,4.767548,30720
live,1263,18153789774654,18153789946892,18153790041805,18153794567973,4.793319,0.094913,4.526168,30720
live,1264,18153799774654,18153799908552,18153799981929,18153803872601,4.097947,0.073377,3.890672,30720
live,1265,18153809774654,18153809898756,18153809973253,18153814455260,4.680606,0.074497,4.482007,30720
live,1266,18153819774654,18153819876800,18153819942305,18153824285975,4.511321,0.065505,4.34367,30720
live,1267,18153829774654,18153829890140,18153829966461,18153834993308,5.218654,0.076321,5.026847,30720
live,1268,18153839774654,18153839898105,18153839975578,18153845269787,5.495133,0.077473,5.294209,30720
live,1269,18153849774654,18153849891413,18153849964918,18153854346924,4.57227,0.073505,4.382006,30720
live,1270,18153859774654,18153859893201,18153859963154,18153864520011,4.745357,0.069953,4.556857,30720
live,1271,18153869774654,18153869892174,18153869966158,18153874457798,4.683144,0.073984,4.49164,30720
live,1272,18153879774654,18153879901258,18153879967403,18153885804531,6.029877,0.066145,5.837128,30720
live,1273,18153889774654,18153889888358,18153889965447,18153894435551,4.660897,0.077089,4.470104,30720
live,1274,18153899774654,18153899897507,18153899970627,18153904227704,4.45305,0.07312,4.257077,30720
live,1275,18153909774654,18153909890143,18153909959584,18153914162004,4.38735,0.069441,4.20242,30720
live,1276,18153919774654,18153919893819,18153920147358,18153924538037,4.763383,0.253539,4.390679,30720
live,1277,18153929774654,18153929883511,18153929957816,18153934735636,4.960982,0.074305,4.77782,30720
live,1278,18153939774654,18153939917492,18153939998101,18153944278762,4.504108,0.080609,4.280661,30720
live,1279,18153949774654,18153949903504,18153949993457,18153954461289,4.686635,0.089953,4.467832,30720
live,1280,18153959774654,18153959908172,18153959983949,18153965777845,6.003191,0.075777,5.793896,30720
live,1281,18153969774654,18153969895561,18153970151660,18153974213662,4.439008,0.256099,4.062002,30720
live,1282,18153979774654,18153979890341,18153979966598,18153984055961,4.281307,0.076257,4.089363,30720
live,1283,18153989774654,18153989930274,18153990018115,18153994251447,4.476793,0.087841,4.233332,30720
live,1284,18153999774654,18153999944670,18154000229250,18154004581336,4.806682,0.28458,4.352086,30720
live,1285,18154009774654,18154009940698,18154010201054,18154014989817,5.215163,0.260356,4.788763,30720
live,1286,18154019774654,18154019885142,18154020129817,18154024529776,4.755122,0.244675,4.399959,30720
live,1287,18154029774654,18154029891378,18154029970771,18154034093031,4.318377,0.079393,4.12226,30720
live,1288,18154039774654,18154039921423,18154040021808,18154044051010,4.276356,0.100385,4.029202,30720
live,1289,18154049774654,18154049905547,18154049989932,18154054448804,4.67415,0.084385,4.458872,30720
live,1290,18154059774654,18154059894279,18154059963656,18154064595362,4.820708,0.069377,4.631706,30720
live,1291,18154069774654,18154069898692,18154069970277,18154074199801,4.425147,0.071585,4.229524,30720
live,1292,18154079774654,18154079904480,18154080176195,18154084803037,5.028383,0.271715,4.626842,30720
live,1293,18154089774654,18154089911804,18154090170720,18154094352180,4.577526,0.258916,4.18146,30720
live,1294,18154099774654,18154099926105,18154100022170,18154103995980,4.221326,0.096065,3.97381,30720
live,1295,18154109774654,18154109929237,18154110011126,18154114442125,4.667471,0.081889,4.430999,30720
live,1296,18154119774654,18154119902609,18154119976498,18154124506539,4.731885,0.073889,4.530041,30720
live,1297,18154129774654,18154129895693,18154129968942,18154134235043,4.460389,0.073249,4.266101,30720
live,1298,18154139774654,18154139916234,18154140026219,18154144031325,4.256671,0.109985,4.005106,30720
live,1299,18154149774654,18154150136265,18154150253739,18154170906187,21.131533,0.117474,20.652448,30720
replay,1299,18154149774654,18154150185418,18154150441101,18154170090817,20.316163,0.255683,19.649716,2338816
live,1300,18154159774654,18154160466410,18154171175599,18154179218131,19.443477,10.709189,8.042532,30720
live,1301,18154169774654,18154170237027,18154179404245,18154183677322,13.902668,9.167218,4.273077,30720
live,1302,18154179774654,18154179914011,18154183848236,18154187789533,8.014879,3.934225,3.941297,30720
live,1303,18154189774654,18154189915640,18154190159515,18154193884361,4.109707,0.243875,3.724846,30720
live,1304,18154199774654,18154199892340,18154200136119,18154203763300,3.988646,0.243779,3.627181,30720
live,1305,18154209774654,18154209885424,18154210119635,18154213842145,4.067491,0.234211,3.72251,30720
live,1306,18154219774654,18154219887148,18154219955117,18154223604410,3.829756,0.067969,3.649293,30720
live,1307,18154229774654,18154229891208,18154229967945,18154233893306,4.118652,0.076737,3.925361,30720
live,1308,18154239774654,18154239912485,18154240012294,18154243841526,4.066872,0.099809,3.829232,30720
live,1309,18154249774654,18154249902753,18154250151172,18154253974164,4.19951,0.248419,3.822992,30720
live,1310,18154259774654,18154259887037,18154259966078,18154263693677,3.919023,0.079041,3.727599,30720
live,1311,18154269774654,18154269892026,18154269967547,18154273807242,4.032588,0.075521,3.839695,30720
live,1312,18154279774654,18154279898422,18154280149689,18154284850068,5.075414,0.251267,4.700379,30720
live,1313,18154289774654,18154290117525,18154290251095,18154294968593,5.193939,0.13357,4.717498,30720
live,1314,18154299774654,18154299918415,18154300016144,18154304202916,4.428262,0.097729,4.186772,30720
live,1315,18154309774654,18154309901675,18154309977004,18154314157856,4.383202,0.075329,4.180852,30720
live,1316,18154319774654,18154319897511,18154319968264,18154324141052,4.366398,0.070753,4.172788,30720
live,1317,18154329774654,18154329894244,18154330144263,18154334203385,4.428731,0.250019,4.059122,30720
live,1318,18154339774654,18154339886432,18154339964449,18154344864734,5.09008,0.078017,4.900285,30720
live,1319,18154349774654,18154349895068,18154349972477,18154354367508,4.592854,0.077409,4.395031,30720
live,1320,18154359774654,18154359889784,18154360139388,18154365700001,5.925347,0.249604,5.560613,30720
live,1321,18154369774654,18154369883317,18154369951637,18154374630064,4.85541,0.06832,4.678427,30720
live,1322,18154379774654,18154379884529,18154379944210,18154384096037,4.321383,0.059681,4.151827,30720
live,1323,18154389774654,18154389887469,18154389959342,18154394833739,5.059085,0.071873,4.874397,30720
live,1324,18154399774654,18154399893450,18154400151309,18154404303297,4.528643,0.257859,4.151988,30720
live,1325,18154409774654,18154409886310,18154409956391,18154414091898,4.317244,0.070081,4.135507,30720
live,1326,18154419774654,18154419887586,18154419963971,18154424424827,4.650173,0.076385,4.460856,30720
live,1327,18154429774654,18154429891711,18154429975424,18154434398647,4.623993,0.083713,4.423223,30720
live,1328,18154439774654,18154439932027,18154440048733,18154445644418,5.869764,0.116706,5.595685,30720
live,1329,18154449774654,18154449949208,18154450060089,18154454699475,4.924821,0.110881,4.639386,30720
live,1330,18154459774654,18154459897428,18154459969140,18154463959174,4.18452,0.071712,3.990034,30720
live,1331,18154469774654,18154469887056,18154469957905,18154473929602,4.154948,0.070849,3.971697,30720
live,1332,18154479774654,18154479890796,18154479962349,18154484988907,5.214253,0.071553,5.026558,30720
live,1333,18154489774654,18154489893000,18154489968009,18154494178846,4.404192,0.075009,4.210837,30720
live,1334,18154499774654,18154499896965,18154499997350,18154504994468,5.219814,0.100385,4.997118,30720
live,1335,18154509774654,18154509894529,18154509968802,18154514230167,4.455513,0.074273,4.261365,30720
live,1336,18154519774654,18154519894717,18154519967870,18154524636792,4.862138,0.073153,4.668922,30720
live,1337,18154529774654,18154529889402,18154529967899,18154534550292,4.775638,0.078497,4.582393,30720
live,1338,18154539774654,18154539890006,18154539994359,18154544558352,4.783698,0.104353,4.563993,30720
live,1339,18154549774654,18154549893042,18154549973939,18154554651821,4.877167,0.080897,4.677882,30720
live,1340,18154559774654,18154559888174,18154559947919,18154565422579,5.647925,0.059745,5.47466,30720
live,1341,18154569774654,18154569884907,18154569945516,18154573895709,4.121055,0.060609,3.950193,30720
live,1342,18154579774654,18154579890727,18154579963784,18154585175145,5.400491,0.073057,5.211361,30720
live,1343,18154589774654,18154589889795,18154589956228,18154594269306,4.494652,0.066433,4.313078,30720
live,1344,18154599774654,18154599892384,18154599966497,18154604153493,4.378839,0.074113,4.186996,30720
live,1345,18154609774654,18154609888284,18154609964157,18154614190225,4.415571,0.075873,4.226068,30720
live,1346,18154619774654,18154619890808,18154619962809,18154624607667,4.833013,0.072001,4.644858,30720
live,1347,18154629774654,18154629887829,18154629967926,18154634574543,4.799889,0.080097,4.606617,30720
live,1348,18154639774654,18154639891953,18154639965330,18154644625036,4.850382,0.073377,4.659706,30720
live,1349,18154649774654,18154649894157,18154649999887,18154655413106,5.638452,0.10573,5.413219,30720
live,1350,18154659774654,18154659897674,18154659975563,18154666483100,6.708446,0.077889,6.507537,30720
live,1351,18154669774654,18154669888646,18154669959367,18154675146055,5.371401,0.070721,5.186688,30720
live,1352,18154679774654,18154679888706,18154679956323,18154685006562,5.231908,0.067617,5.050239,30720
live,1353,18154689774654,18154689888446,18154689957183,18154694219636,4.444982,0.068737,4.262453,30720
live,1354,18154699774654,18154699889947,18154699958716,18154703965133,4.190479,0.068769,4.006417,30720
live,1355,18154709774654,18154709886647,18154709961016,18154714210413,4.435759,0.074369,4.249397,30720
live,1356,18154719774654,18154719890899,18154719964852,18154724987059,5.212405,0.073953,5.022207,30720
live,1357,18154729774654,18154729893200,18154729961617,18154734214469,4.439815,0.068417,4.252852,30720
live,1358,18154739774654,18154739887596,18154739954861,18154744669063,4.894409,0.067265,4.714202,30720
live,1359,18154749774654,18154749889672,18154749962697,18154754309087,4.534433,0.073025,4.34639,30720
live,1360,18154759774654,18154759883205,18154759941509,18154765396233,5.621579,0.058304,5.454724,30720
live,1361,18154769774654,18154769884417,18154769943362,18154773932019,4.157365,0.058945,3.988657,30720
live,1362,18154779774654,18154779889501,18154779964030,18154785205471,5.430817,0.074529,5.241441,30720
live,1363,18154789774654,18154789890010,18154789963002,18154794230799,4.456145,0.072992,4.267797,30720
live,1364,18154799774654,18154799889750,18154799969463,18154804656657,4.882003,0.079713,4.687194,30720
live,1365,18154809774654,18154809888274,18154809957939,18154814560204,4.78555,0.069665,4.602265,30720
live,1366,18154819774654,18154819873614,18154819934639,18154825070575,5.295921,0.061025,5.135936,30720
live,1367,18154829774654,18154829885163,18154829959244,18154834208064,4.43341,0.074081,4.24882,30720
live,1368,18154839774654,18154839890247,18154839959912,18154844559969,4.785315,0.069665,4.600057,30720
live,1369,18154849774654,18154849929924,18154850185351,18154854978243,5.203589,0.255427,4.792892,30720
live,1370,18154859774654,18154859918592,18154859990945,18154864696987,4.922333,0.072353,4.706042,30720
live,1371,18154869774654,18154869907164,18154869976509,18154874181489,4.406835,0.069345,4.20498,30720
live,1372,18154879774654,18154879893528,18154879970425,18154886820622,7.045968,0.076897,6.850197,30720
live,1373,18154889774654,18154889889621,18154889963765,18154894780593,5.005939,0.074144,4.816828,30720
live,1374,18154899774654,18154899895121,18154899965266,18154905122162,5.347508,0.070145,5.156896,30720
live,1375,18154909774654,18154909886829,18154909954766,18154913937887,4.163233,0.067937,3.983121,30720
live,1376,18154919774654,18154919888937,18154919956938,18154923882843,4.108189,0.068001,3.925905,30720
live,1377,18154929774654,18154929884870,18154929955303,18154934257148,4.482494,0.070433,4.301845,30720
live,1378,18154939774654,18154939886818,18154939956067,18154944046934,4.27228,0.069249,4.090867,30720
live,1379,18154949774654,18154949884190,18154949960351,18154954929053,5.154399,0.076161,4.968702,30720
live,1380,18154959774654,18154959889115,18154959960412,18154966555630,6.780976,0.071297,6.595218,30720
live,1381,18154969774654,18154969873175,18154969937272,18154974232045,4.457391,0.064097,4.294773,30720
live,1382,18154979774654,18154979883059,18154979946708,18154983856549,4.081895,0.063649,3.909841,30720
live,1383,18154989774654,18154989883664,18154989956208,18154994454248,4.679594,0.072544,4.49804,30720
live,1384,18154999774654,18154999888332,18154999953645,18155005029036,5.254382,0.065313,5.075391,30720
live,1385,18155009774654,18155009886728,18155009957673,18155014275999,4.501345,0.070945,4.318326,30720
live,1386,18155019774654,18155019890661,18155019962085,18155024647680,4.873026,0.071424,4.685595,30720
live,1387,18155029774654,18155029890497,18155029976194,18155034603675,4.829021,0.085697,4.627481,30720
live,1388,18155039774654,18155039891581,18155039967710,18155044910844,5.13619,0.076129,4.943134,30720
live,1389,18155049774654,18155049888953,18155049965178,18155054583572,4.808918,0.076225,4.618394,30720
live,1390,18155059774654,18155059894134,18155059971031,18155065047958,5.273304,0.076897,5.076927,30720
live,1391,18155069774654,18155069887922,18155069961203,18155074228264,4.45361,0.073281,4.267061,30720
live,1392,18155079774654,18155079886382,18155079963599,18155084881836,5.107182,0.077217,4.918237,30720
live,1393,18155089774654,18155089893771,18155089975436,18155094664230,4.889576,0.081665,4.688794,30720
live,1394,18155099774654,18155099890247,18155099960744,18155108489010,8.714356,0.070497,8.528266,30720
live,1395,18155109774654,18155109912516,18155110079558,18155115725868,5.951214,0.167042,5.64631,30720
live,1396,18155119774654,18155119896320,18155119974433,18155123952562,4.177908,0.078113,3.978129,30720
live,1397,18155129774654,18155129892060,18155129962333,18155133901326,4.126672,0.070273,3.938993,30720
live,1398,18155139774654,18155139892248,18155139963449,18155143904202,4.129548,0.071201,3.940753,30720
live,1399,18155149774654,18155150152600,18155150282361,18155165256563,15.481909,0.129761,14.974202,30720
replay,1399,18155149774654,18155150204984,18155150498748,18155170805976,21.031322,0.293764,20.307228,2338816
live,1400,18155159774654,18155160357783,18155165384085,18155177686478,17.911824,5.026302,12.302393,30720
live,1401,18155169774654,18155170324786,18155177889841,18155182564779,12.790125,7.565055,4.674938,30720
live,1402,18155179774654,18155180272366,18155182736397,18155186519324,6.74467,2.464031,3.782927,30720
live,1403,18155189774654,18155189894758,18155189961223,18155193504403,3.729749,0.066465,3.54318,30720
live,1404,18155199774654,18155199882562,18155199943843,18155203336077,3.561423,0.061281,3.392234,30720
live,1405,18155209774654,18155210230371,18155210361412,18155214003345,4.228691,0.131041,3.641933,30720
live,1406,18155219774654,18155219906075,18155219977084,18155223662697,3.888043,0.071009,3.685613,30720
live,1407,18155229774654,18155229890455,18155229956984,18155233632773,3.858119,0.066529,3.675789,30720
live,1408,18155239774654,18155239885139,18155239953748,18155243753763,3.979109,0.068609,3.800015,30720
live,1409,18155249774654,18155249883439,18155249946480,18155253749375,3.974721,0.063041,3.802895,30720
live,1410,18155259774654,18155259887756,18155259956045,18155264668679,4.894025,0.068289,4.712634,30720
live,1411,18155269774654,18155269884520,18155269959689,18155273963483,4.188829,0.075169,4.003794,30720
live,1412,18155279774654,18155279886756,18155279947813,18155283856982,4.082328,0.061057,3.909169,30720
live,1413,18155289774654,18155289882273,18155289949409,18155294057845,4.283191,0.067136,4.108436,30720
live,1414,18155299774654,18155299889693,18155300143392,18155304475894,4.70124,0.253699,4.332502,30720
live,1415,18155309774654,18155309890073,18155309959194,18155315042489,5.267835,0.069121,5.083295,30720
live,1416,18155319774654,18155319968951,18155320086456,18155324309421,4.534767,0.117505,4.222965,30720
live,1417,18155329774654,18155329921330,18155330002227,18155334233480,4.458826,0.080897,4.231253,30720
live,1418,18155339774654,18155339940527,18155340039952,18155344802123,5.027469,0.099425,4.762171,30720
live,1419,18155349774654,18155349937803,18155350046797,18155354250753,4.476099,0.108994,4.203956,30720
live,1420,18155359774654,18155359930407,18155360018184,18155366801949,7.027295,0.087777,6.783765,30720
live,1421,18155369774654,18155369894915,18155369967876,18155373972566,4.197912,0.072961,4.00469,30720
live,1422,18155379774654,18155379902400,18155380021633,18155383765808,3.991154,0.119233,3.744175,30720
live,1423,18155389774654,18155389897532,18155389966749,18155393870029,4.095375,0.069217,3.90328,30720
live,1424,18155399774654,18155399892824,18155399947545,18155403817673,4.043019,0.054721,3.870128,30720
live,1425,18155409774654,18155409896884,18155409976533,18155414235978,4.461324,0.079649,4.259445,30720
live,1426,18155419774654,18155419900273,18155420021074,18155423995076,4.220422,0.120801,3.974002,30720
live,1427,18155429774654,18155429904429,18155429986734,18155434429477,4.654823,0.082305,4.442743,30720
live,1428,18155439774654,18155439893577,18155439954058,18155444152894,4.37824,0.060481,4.198836,30720
live,1429,18155449774654,18155449899782,18155449991431,18155454447678,4.673024,0.091649,4.456247,30720
live,1430,18155459774654,18155459921186,18155460022500,18155464883200,5.108546,0.101314,4.8607,30720
live,1431,18155469774654,18155469906622,18155469985887,18155474331733,4.557079,0.079265,4.345846,30720
live,1432,18155479774654,18155479905307,18155480023516,18155484314226,4.539572,0.118209,4.29071,30720
live,1433,18155489774654,18155489904759,18155489982744,18155494388047,4.613393,0.077985,4.405303,30720
live,1434,18155499774654,18155499901299,18155499968180,18155504830673,5.056019,0.066881,4.862493,30720
live,1435,18155509774654,18155509890735,18155509953136,18155514537801,4.763147,0.062401,4.584665,30720
live,1436,18155519774654,18155519901708,18155519972077,18155525050092,5.275438,0.070369,5.078015,30720
live,1437,18155529774654,18155529904552,18155529990729,18155535193450,5.418796,0.086177,5.202721,30720
live,1438,18155539774654,18155539908069,18155539986534,18155544454557,4.679903,0.078465,4.468023,30720
live,1439,18155549774654,18155549914817,18155550001506,18155554439801,4.665147,0.086689,4.438295,30720
live,1440,18155559774654,18155559908669,18155559968510,18155566208780,6.434126,0.059841,6.24027,30720
live,1441,18155569774654,18155569906041,18155569978650,18155574020269,4.245615,0.072609,4.041619,30720
live,1442,18155579774654,18155579901942,18155579999991,18155583993353,4.218699,0.098049,3.993362,30720
live,1443,18155589774654,18155589899922,18155589973171,18155594094918,4.320264,0.073249,4.121747,30720
live,1444,18155599774654,18155599899726,18155600015760,18155603989505,4.214851,0.116034,3.973745,30720
live,1445,18155609774654,18155609893451,18155609953515,18155613873724,4.09907,0.060064,3.920209,30720
live,1446,18155619774654,18155619931687,18155620057161,18155624465088,4.690434,0.125474,4.407927,30720
live,1447,18155629774654,18155629941412,18155630013061,18155634921058,5.146404,0.071649,4.907997,30720
live,1448,18155639774654,18155639895455,18155639974336,18155644248950,4.474296,0.078881,4.274614,30720
live,1449,18155649774654,18155649900188,18155649967869,18155654205457,4.430803,0.067681,4.237588,30720
live,1450,18155659774654,18155659896536,18155659968953,18155664859798,5.085144,0.072417,4.890845,30720
live,1451,18155669774654,18155669899092,18155669977973,18155674332428,4.557774,0.078881,4.354455,30720
live,1452,18155679774654,18155679901233,18155679973746,18155684491210,4.716556,0.072513,4.517464,30720
live,1453,18155689774654,18155689900397,18155689979854,18155694507878,4.733224,0.079457,4.528024,30720
live,1454,18155699774654,18155699912266,18155699999115,18155704527235,4.752581,0.086849,4.52812,30720
live,1455,18155709774654,18155709902054,18155709985575,18155714536511,4.761857,0.083521,4.550936,30720
live,1456,18155719774654,18155719912706,18155720040932,18155725342182,5.567528,0.128226,5.30125,30720
live,1457,18155729774654,18155729917599,18155729983135,18155734283221,4.508567,0.065536,4.300086,30720
live,1458,18155739774654,18155739895995,18155739956251,18155744240401,4.465747,0.060256,4.28415,30720
live,1459,18155749774654,18155749895063,18155749978424,18155754305934,4.53128,0.083361,4.32751,30720
live,1460,18155759774654,18155759901971,18155759964916,18155765823229,6.048575,0.062945,5.858313,30720
live,1461,18155769774654,18155769932816,18155770034705,18155775632567,5.857913,0.101889,5.597862,30720
live,1462,18155779774654,18155779916620,18155780179087,18155784609830,4.835176,0.262467,4.430743,30720
live,1463,18155789774654,18155789907016,18155790172492,18155794782085,5.007431,0.265476,4.609593,30720
live,1464,18155799774654,18155799887268,18155800136647,18155804650623,4.875969,0.249379,4.513976,30720
live,1465,18155809774654,18155809899585,18155810163396,18155814924479,5.149825,0.263811,4.761083,30720
live,1466,18155819774654,18155819883837,18155820126624,18155825068061,5.293407,0.242787,4.941437,30720
live,1467,18155829774654,18155829894073,18155830156029,18155834546739,4.772085,0.261956,4.39071,30720
live,1468,18155839774654,18155839897974,18155840145561,18155844508719,4.734065,0.247587,4.363158,30720
live,1469,18155849774654,18155849893234,18155850150005,18155854298217,4.523563,0.256771,4.148212,30720
live,1470,18155859774654,18155859892526,18155860142001,18155863990401,4.215747,0.249475,3.8484,30720
live,1471,18155869774654,18155869888906,18155869962795,18155874170592,4.395938,0.073889,4.207797,30720
live,1472,18155879774654,18155879894279,18155880153802,18155884566913,4.792259,0.259523,4.413111,30720
live,1473,18155889774654,18155889891459,18155889969220,18155894112952,4.338298,0.077761,4.143732,30720
live,1474,18155899774654,18155899893055,18155899972352,18155903999346,4.224692,0.079297,4.026994,30720
live,1475,18155909774654,18155909903420,18155910163135,18155914913626,5.138972,0.259715,4.750491,30720
live,1476,18155919774654,18155919877080,18155919945113,18155924979575,5.204921,0.068033,5.034462,30720
live,1477,18155929774654,18155929893172,18155929964213,18155934285579,4.510925,0.071041,4.321366,30720
live,1478,18155939774654,18155939896049,18155939966962,18155944513770,4.739116,0.070913,4.546808,30720
live,1479,18155949774654,18155949894125,18155949978926,18155954476710,4.702056,0.084801,4.497784,30720
live,1480,18155959774654,18155959945866,18155960098348,18155965756850,5.982196,0.152482,5.658502,30720
live,1481,18155969774654,18155969914438,18155969994439,18155974470110,4.695456,0.080001,4.475671,30720
live,1482,18155979774654,18155979896034,18155979968035,18155983902420,4.127766,0.072001,3.934385,30720
live,1483,18155989774654,18155989879102,18155989948639,18155994045458,4.270804,0.069537,4.096819,30720
live,1484,18155999774654,18155999895706,18155999982428,18156004034510,4.259856,0.086722,4.052082,30720
live,1485,18156009774654,18156009894231,18156009965144,18156014499792,4.725138,0.070913,4.534648,30720
live,1486,18156019774654,18156019891795,18156019957140,18156024169096,4.394442,0.065345,4.211956,30720
live,1487,18156029774654,18156029895535,18156029972816,18156034505577,4.730923,0.077281,4.532761,30720
live,1488,18156039774654,18156039894476,18156039956012,18156044418724,4.64407,0.061536,4.462712,30720
live,1489,18156049774654,18156049889032,18156049952009,18156054432608,4.657954,0.062977,4.480599,30720
live,1490,18156059774654,18156059874692,18156059932901,18156064184762,4.410108,0.058209,4.251861,30720
live,1491,18156069774654,18156069891457,18156069966913,18156074438105,4.663451,0.075456,4.471192,30720
live,1492,18156079774654,18156079891229,18156079975070,18156084331156,4.556502,0.083841,4.356086,30720
live,1493,18156089774654,18156089896441,18156089975226,18156094404689,4.630035,0.078785,4.429463,30720
live,1494,18156099774654,18156099895414,18156099979159,18156104315756,4.541102,0.083745,4.336597,30720
live,1495,18156109774654,18156109899666,18156110162133,18156114585228,4.810574,0.262467,4.423095,30720
live,1496,18156119774654,18156119886862,18156119958063,18156125244465,5.469811,0.071201,5.286402,30720
live,1497,18156129774654,18156129892842,18156129975947,18156134647558,4.872904,0.083105,4.671611,30720
live,1498,18156139774654,18156139895079,18156139966888,18156144951142,5.176488,0.071809,4.984254,30720
live,1499,18156149774654,18156150143622,18156150268776,18156169513911,19.739257,0.125154,19.245135,30720
replay,1499,18156149774654,18156150181735,18156150467306,18156169416566,19.641912,0.285571,18.94926,2338816
