stage,sequence,release_ns,queued_ns,start_ns,end_ns,age_ms,queue_ms,service_ms,output_samples
live,0,16000816496011,16000816765480,16000816930474,16000821692103,5.196092,0.164994,4.761629,960
live,1,16000826496011,16000826725542,16000827013866,16000828412732,1.916721,0.288324,1.398866,960
live,2,16000836496011,16000836664004,16000836787750,16000838158615,1.662604,0.123746,1.370865,960
live,3,16000846496011,16000846645155,16000846715908,16000848084757,1.588746,0.070753,1.368849,960
live,4,16000856496011,16000856645570,16000856704579,16000857931858,1.435847,0.059009,1.227279,960
live,5,16000866496011,16000866672513,16000866726498,16000867755247,1.259236,0.053985,1.028749,960
live,6,16000876496011,16000876620063,16000876660032,16000877482378,0.986367,0.039969,0.822346,960
live,7,16000886496011,16000886627390,16000886715935,16000888329972,1.833961,0.088545,1.614037,960
live,8,16000896496011,16000896658525,16000896743102,16000898320242,1.824231,0.084577,1.57714,960
live,9,16000906496011,16000906648860,16000906731357,16000907961261,1.46525,0.082497,1.229904,960
live,10,16000916496011,16000916647099,16000916716572,16000918260687,1.764676,0.069473,1.544115,960
live,11,16000926496011,16000926645146,16000926714266,16000927909098,1.413087,0.06912,1.194832,960
live,12,16000936496011,16000936650680,16000936736921,16000938343822,1.847811,0.086241,1.606901,960
live,13,16000946496011,16000946654263,16000946732568,16000947956680,1.460669,0.078305,1.224112,960
live,14,16000956496011,16000956649014,16000956715991,16000958247146,1.751135,0.066977,1.531155,960
live,15,16000966496011,16000966680981,16000966851223,16000968095239,1.599228,0.170242,1.244016,960
live,16,16000976496011,16000976637139,16000976695476,16000977339708,0.843697,0.058337,0.644232,960
live,17,16000986496011,16000986607954,16000986721747,16000987511837,1.015826,0.113793,0.79009,960
live,18,16000996496011,16000996676498,16000996781651,16000998025955,1.529944,0.105153,1.244304,960
live,19,16001006496011,16001006705617,16001006837682,16001008330949,1.834938,0.132065,1.493267,960
live,20,16001016496011,16001016887282,16001016972915,16001019892120,3.396109,0.085633,2.919205,960
live,21,16001026496011,16001026631309,16001026679566,16001027986879,1.490868,0.048257,1.307313,960
live,22,16001036496011,16001036622764,16001036715789,16001038937769,2.441758,0.093025,2.22198,960
live,23,16001046496011,16001046662219,16001046753005,16001048924968,2.428957,0.090786,2.171963,960
live,24,16001056496011,16001056655466,16001056734635,16001058873254,2.377243,0.079169,2.138619,960
live,25,16001066496011,16001066642345,16001066730378,16001068620962,2.124951,0.088033,1.890584,960
live,26,16001076496011,16001076616455,16001076660328,16001077933432,1.437421,0.043873,1.273104,960
live,27,16001086496011,16001086618086,16001086701895,16001088735201,2.23919,0.083809,2.033306,960
live,28,16001096496011,16001096656997,16001096755623,16001098928162,2.432151,0.098626,2.172539,960
live,29,16001106496011,16001106648324,16001106724165,16001108867680,2.371669,0.075841,2.143515,960
live,30,16001116496011,16001116642563,16001116716228,16001118865247,2.369236,0.073665,2.149019,960
live,31,16001126496011,16001126647010,16001126733315,16001129286787,2.790776,0.086305,2.553472,960
live,32,16001136496011,16001136648097,16001136733410,16001139123712,2.627701,0.085313,2.390302,960
live,33,16001146496011,16001146649599,16001146729408,16001149193024,2.697013,0.079809,2.463616,960
live,34,16001156496011,16001156644222,16001156730911,16001158833530,2.337519,0.086689,2.102619,960
live,35,16001166496011,16001166648285,16001166731742,16001168790072,2.294061,0.083457,2.05833,960
live,36,16001176496011,16001176614331,16001176660956,16001178037869,1.541858,0.046625,1.376913,960
live,37,16001186496011,16001186618138,16001186709979,16001188570451,2.07444,0.091841,1.860472,960
live,38,16001196496011,16001196652377,16001196755099,16001198924022,2.428011,0.102722,2.168923,960
live,39,16001206496011,16001206645208,16001206729369,16001208876052,2.380041,0.084161,2.146683,960
live,40,16001216496011,16001216643767,16001216727384,16001223124041,6.62803,0.083617,6.396657,960
live,41,16001226496011,16001226657814,16001226763319,16001228237866,1.741855,0.105505,1.474547,960
live,42,16001236496011,16001236653237,16001236743574,16001238038310,1.542299,0.090337,1.294736,960
live,43,16001246496011,16001246659348,16001246746453,16001247853507,1.357496,0.087105,1.107054,960
live,44,16001256496011,16001256616178,16001256665811,16001257384700,0.888689,0.049633,0.718889,960
live,45,16001266496011,16001266603281,16001266653873,16001267445211,0.9492,0.050592,0.791338,960
live,46,16001276496011,16001276629840,16001276676880,16001277714045,1.218034,0.04704,1.037165,960
live,47,16001286496011,16001286621294,16001286696719,16001288197666,1.701655,0.075425,1.500947,960
live,48,16001296496011,16001296650254,16001296740047,16001298394468,1.898457,0.089793,1.654421,960
live,49,16001306496011,16001306647340,16001306728173,16001308304481,1.80847,0.080833,1.576308,960
live,50,16001316496011,16001316643595,16001316710892,16001318271232,1.775221,0.067297,1.56034,960
live,51,16001326496011,16001326639498,16001326709707,16001328274207,1.778196,0.070209,1.5645,960
live,52,16001336496011,16001336650473,16001336732330,16001338260157,1.764146,0.081857,1.527827,960
live,53,16001346496011,16001346662632,16001346755241,16001348415006,1.918995,0.092609,1.659765,960
live,54,16001356496011,16001356651942,16001356735239,16001358290587,1.794576,0.083297,1.555348,960
live,55,16001366496011,16001366648773,16001366730054,16001368143896,1.647885,0.081281,1.413842,960
live,56,16001376496011,16001376645028,16001376716741,16001378278553,1.782542,0.071713,1.561812,960
live,57,16001386496011,16001386642659,16001386715940,16001388271191,1.77518,0.073281,1.555251,960
live,58,16001396496011,16001396659650,16001396759395,16001398428216,1.932205,0.099745,1.668821,960
live,59,16001406496011,16001406656609,16001406744322,16001408316630,1.820619,0.087713,1.572308,960
live,60,16001416496011,16001416648895,16001416733824,16001422342087,5.846076,0.084929,5.608263,960
live,61,16001426496011,16001426657374,16001426739487,16001427950639,1.454628,0.082113,1.211152,960
live,62,16001436496011,16001436645629,16001436732126,16001438254033,1.758022,0.086497,1.521907,960
live,63,16001446496011,16001446772061,16001447196643,16001449040314,2.544303,0.424582,1.843671,960
live,64,16001456496011,16001456702683,16001457136801,16001459311420,2.815409,0.434118,2.174619,960
live,65,16001466496011,16001466699962,16001467125599,16001469328187,2.832176,0.425637,2.202588,960
live,66,16001476496011,16001476673560,16001477008509,16001478663058,2.167047,0.334949,1.654549,960
live,67,16001486496011,16001486623191,16001486899578,16001488249643,1.753632,0.276387,1.350065,960
live,68,16001496496011,16001496643126,16001497033467,16001499934271,3.43826,0.390341,2.900804,960
live,69,16001506496011,16001506662485,16001506762454,16001508936754,2.440743,0.099969,2.1743,960
live,70,16001516496011,16001516653651,16001516750869,16001518869840,2.373829,0.097218,2.118971,960
live,71,16001526496011,16001526646002,16001526734323,16001528884399,2.388388,0.088321,2.150076,960
live,72,16001536496011,16001536646897,16001536744978,16001538891917,2.395906,0.098081,2.146939,960
live,73,16001546496011,16001546647248,16001546722481,16001548846636,2.350625,0.075233,2.124155,960
live,74,16001556496011,16001556655823,16001556746384,16001558900619,2.404608,0.090561,2.154235,960
live,75,16001566496011,16001566647277,16001566737903,16001568938634,2.442623,0.090626,2.200731,960
live,76,16001576496011,16001576685325,16001576776174,16001578888873,2.392862,0.090849,2.112699,960
live,77,16001586496011,16001586668331,16001586760492,16001588893799,2.397788,0.092161,2.133307,960
live,78,16001596496011,16001596651242,16001596736875,16001598851654,2.355643,0.085633,2.114779,960
live,79,16001606496011,16001606647401,16001606741290,16001608906917,2.410906,0.093889,2.165627,960
live,80,16001616496011,16001616649703,16001616736617,16001622886967,6.390956,0.086914,6.15035,960
live,81,16001626496011,16001626657286,16001626757416,16001628900515,2.404504,0.10013,2.143099,960
live,82,16001636496011,16001636645509,16001636741030,16001638878817,2.382806,0.095521,2.137787,960
live,83,16001646496011,16001646643780,16001646719877,16001648873376,2.377365,0.076097,2.153499,960
live,84,16001656496011,16001656654179,16001656746052,16001658908895,2.412884,0.091873,2.162843,960
live,85,16001666496011,16001666646657,16001666736323,16001668875358,2.379347,0.089666,2.139035,960
live,86,16001676496011,16001676652320,16001676741633,16001678860092,2.364081,0.089313,2.118459,960
live,87,16001686496011,16001686650175,16001686732864,16001688899260,2.403249,0.082689,2.166396,960
live,88,16001696496011,16001696649758,16001696750879,16001698882874,2.386863,0.101121,2.131995,960
live,89,16001706496011,16001706673469,16001706774366,16001709018491,2.52248,0.100897,2.244125,960
live,90,16001716496011,16001716657756,16001716749405,16001718881016,2.385005,0.091649,2.131611,960
live,91,16001726496011,16001726649018,16001726738428,16001728854550,2.358539,0.08941,2.116122,960
live,92,16001736496011,16001736645049,16001736732378,16001738837045,2.341034,0.087329,2.104667,960
live,93,16001746496011,16001746639992,16001746723417,16001748847700,2.351689,0.083425,2.124283,960
live,94,16001756496011,16001756653687,16001756747192,16001758934484,2.438473,0.093505,2.187292,960
live,95,16001766496011,16001766645878,16001766724503,16001768880626,2.384615,0.078625,2.156123,960
live,96,16001776496011,16001776643924,16001776718453,16001778824784,2.328773,0.074529,2.106331,960
live,97,16001786496011,16001786640979,16001786726292,16001788860303,2.364292,0.085313,2.134011,960
live,98,16001796496011,16001796642930,16001796728499,16001798851534,2.355523,0.085569,2.123035,960
live,99,16001806496011,16001809057679,16001809248274,16001813533704,7.037693,0.190595,4.28543,960
replay,99,16001806496011,16001809140144,16001809394292,16001866351910,59.855899,0.254148,56.957618,73088
live,100,16001816496011,16001816931763,16001817433434,16001826071303,9.575292,0.501671,8.637869,960
live,101,16001826496011,16001827391992,16001827919615,16001830620865,4.124854,0.527623,2.70125,960
live,102,16001836496011,16001836742222,16001836876016,16001838357219,1.861208,0.133794,1.481203,960
live,103,16001846496011,16001846687469,16001846811950,16001848181600,1.685589,0.124481,1.36965,960
live,104,16001856496011,16001857417557,16001857770201,16001861063139,4.567128,0.352644,3.292938,960
live,105,16001866496011,16001866875149,16001866994126,16001868272830,1.776819,0.118977,1.278704,960
live,106,16001876496011,16001876635976,16001876692489,16001877414610,0.918599,0.056513,0.722121,960
live,107,16001886496011,16001886602823,16001886658375,16001887474578,0.978567,0.055552,0.816203,960
live,108,16001896496011,16001896623910,16001896697959,16001897736948,1.240937,0.074049,1.038989,960
live,109,16001906496011,16001906650469,16001906747878,16001908037751,1.54174,0.097409,1.289873,960
live,110,16001916496011,16001916664132,16001916768517,16001918068758,1.572747,0.104385,1.300241,960
live,111,16001926496011,16001926663043,16001926766180,16001928435609,1.939598,0.103137,1.669429,960
live,112,16001936496011,16001936680258,16001936775043,16001938001331,1.50532,0.094785,1.226288,960
live,113,16001946496011,16001946657984,16001946744033,16001947948689,1.452678,0.086049,1.204656,960
live,114,16001956496011,16001956651679,16001956734976,16001957940175,1.444164,0.083297,1.205199,960
live,115,16001966496011,16001966655774,16001966771071,16001968039119,1.543108,0.115297,1.268048,960
live,116,16001976496011,16001976661853,16001976747742,16001977959149,1.463138,0.085889,1.211407,960
live,117,16001986496011,16001986647195,16001986729180,16001987913099,1.417088,0.081985,1.183919,960
live,118,16001996496011,16001996660826,16001997060447,16001998417233,1.921222,0.399621,1.356786,960
live,119,16002006496011,16002006684761,16002007093567,16002008547025,2.051014,0.408806,1.453458,960
live,120,16002016496011,16002016667896,16002017063485,16002023368973,6.872962,0.395589,6.305488,960
live,121,16002026496011,16002026663511,16002026762840,16002028044456,1.548445,0.099329,1.281616,960
live,122,16002036496011,16002036649621,16002036737367,16002037950982,1.454971,0.087746,1.213615,960
live,123,16002046496011,16002046642644,16002046722325,16002047928389,1.432378,0.079681,1.206064,960
live,124,16002056496011,16002056645619,16002056731412,16002057937123,1.441112,0.085793,1.205711,960
live,125,16002066496011,16002066648466,16002066736979,16002067817761,1.32175,0.088513,1.080782,960
live,126,16002076496011,16002076653265,16002076740594,16002078277637,1.781626,0.087329,1.537043,960
live,127,16002086496011,16002086648944,16002086716912,16002087907807,1.411796,0.067968,1.190895,960
live,128,16002096496011,16002096648654,16002096726191,16002097904446,1.408435,0.077537,1.178255,960
live,129,16002106496011,16002106649389,16002106717902,16002107890429,1.394418,0.068513,1.172527,960
live,130,16002116496011,16002116750349,16002117152466,16002119422287,2.926276,0.402117,2.269821,960
live,131,16002126496011,16002126683211,16002127091696,16002129378605,2.882594,0.408485,2.286909,960
live,132,16002136496011,16002136675690,16002137088175,16002139318443,2.822432,0.412485,2.230268,960
live,133,16002146496011,16002146649960,16002146763498,16002148953638,2.457627,0.113538,2.19014,960
live,134,16002156496011,16002156674792,16002156773225,16002158944036,2.448025,0.098433,2.170811,960
live,135,16002166496011,16002166654310,16002166742535,16002169651468,3.155457,0.088225,2.908933,960
live,136,16002176496011,16002176657829,16002176744262,16002178853249,2.357238,0.086433,2.108987,960
live,137,16002186496011,16002186650916,16002186725413,16002188868256,2.372245,0.074497,2.142843,960
live,138,16002196496011,16002196647810,16002196721475,16002198828734,2.332723,0.073665,2.107259,960
live,139,16002206496011,16002206649473,16002206724738,16002208844861,2.34885,0.075265,2.120123,960
live,140,16002216496011,16002216643264,16002216714177,16002223141970,6.645959,0.070913,6.427793,960
live,141,16002226496011,16002226667263,16002226783489,16002228934716,2.438705,0.116226,2.151227,960
live,142,16002236496011,16002236642174,16002236728927,16002238861146,2.365135,0.086753,2.132219,960
live,143,16002246496011,16002246648348,16002246737854,16002248882009,2.385998,0.089506,2.144155,960
live,144,16002256496011,16002256644827,16002256732028,16002258845911,2.3499,0.087201,2.113883,960
live,145,16002266496011,16002266647450,16002266739163,16002268925271,2.42926,0.091713,2.186108,960
live,146,16002276496011,16002276651353,16002276741274,16002278875893,2.379882,0.089921,2.134619,960
live,147,16002286496011,16002286645272,16002286725497,16002288861620,2.365609,0.080225,2.136123,960
live,148,16002296496011,16002296643958,16002296741016,16002298871411,2.3754,0.097058,2.130395,960
live,149,16002306496011,16002306645429,16002306720694,16002308840913,2.344902,0.075265,2.120219,960
live,150,16002316496011,16002316640852,16002316712053,16002318809424,2.313413,0.071201,2.097371,960
live,151,16002326496011,16002326653299,16002326732052,16002328878415,2.382404,0.078753,2.146363,960
live,152,16002336496011,16002336698930,16002336787379,16002338896814,2.400803,0.088449,2.109435,960
live,153,16002346496011,16002346672433,16002346763058,16002348904749,2.408738,0.090625,2.141691,960
live,154,16002356496011,16002356657167,16002356759281,16002358872300,2.376289,0.102114,2.113019,960
live,155,16002366496011,16002366650030,16002366741199,16002368932843,2.436832,0.091169,2.191644,960
live,156,16002376496011,16002376658733,16002376765102,16002379087660,2.591649,0.106369,2.322558,960
live,157,16002386496011,16002386662572,16002386756173,16002388920329,2.424318,0.093601,2.164156,960
live,158,16002396496011,16002396654411,16002396741740,16002398871687,2.375676,0.087329,2.129947,960
live,159,16002406496011,16002406651881,16002406740395,16002408887430,2.391419,0.088514,2.147035,960
live,160,16002416496011,16002416647912,16002416731081,16002422857975,6.361964,0.083169,6.126894,960
live,161,16002426496011,16002426659687,16002426766056,16002428924196,2.428185,0.106369,2.15814,960
live,162,16002436496011,16002436651494,16002436726343,16002438801985,2.305974,0.074849,2.075642,960
live,163,16002446496011,16002446651685,16002446729222,16002448855585,2.359574,0.077537,2.126363,960
live,164,16002456496011,16002456642627,16002456734949,16002458873568,2.377557,0.092322,2.138619,960
live,165,16002466496011,16002466643554,16002466716323,16002468890143,2.394132,0.072769,2.17382,960
live,166,16002476496011,16002476650849,16002476745346,16002478873533,2.377522,0.094497,2.128187,960
live,167,16002486496011,16002486647776,16002486734113,16002488883164,2.387153,0.086337,2.149051,960
live,168,16002496496011,16002496644575,16002496732672,16002498842490,2.346479,0.088097,2.109818,960
live,169,16002506496011,16002506645661,16002506731647,16002508853753,2.357742,0.085986,2.122106,960
live,170,16002516496011,16002516644924,16002516728797,16002518832792,2.336781,0.083873,2.103995,960
live,171,16002526496011,16002526691772,16002526792157,16002528970777,2.474766,0.100385,2.17862,960
live,172,16002536496011,16002536648474,16002536743707,16002538868246,2.372235,0.095233,2.124539,960
live,173,16002546496011,16002546645721,16002546731194,16002548879605,2.383594,0.085473,2.148411,960
live,174,16002556496011,16002556648119,16002556720728,16002558873332,2.377321,0.072609,2.152604,960
live,175,16002566496011,16002566641974,16002566727607,16002568895667,2.399656,0.085633,2.16806,960
live,176,16002576496011,16002576642581,16002576730294,16002578992499,2.496488,0.087713,2.262205,960
live,177,16002586496011,16002586656724,16002586754901,16002589481720,2.985709,0.098177,2.726819,960
live,178,16002596496011,16002596660627,16002596746900,16002598219687,1.723676,0.086273,1.472787,960
live,179,16002606496011,16002606663090,16002606756307,16002608049891,1.55388,0.093217,1.293584,960
live,180,16002616496011,16002616649520,16002616732081,16002621952276,5.456265,0.082561,5.220195,960
live,181,16002626496011,16002626655823,16002626740656,16002627972960,1.476949,0.084833,1.232304,960
live,182,16002636496011,16002636678382,16002636781456,16002638072480,1.576469,0.103074,1.291024,960
live,183,16002646496011,16002646664141,16002646756846,16002647989406,1.493395,0.092705,1.23256,960
live,184,16002656496011,16002656653900,16002656749421,16002657970556,1.474545,0.095521,1.221135,960
live,185,16002666496011,16002666647530,16002666731307,16002667924859,1.428848,0.083777,1.193552,960
live,186,16002676496011,16002676647657,16002676726058,16002678806085,2.310074,0.078401,2.080027,960
live,187,16002686496011,16002686679784,16002686784298,16002689245641,2.74963,0.104514,2.461343,960
live,188,16002696496011,16002696652071,16002696743976,16002698855459,2.359448,0.091905,2.111483,960
live,189,16002706496011,16002706644774,16002706736167,16002708871458,2.375447,0.091393,2.135291,960
live,190,16002716496011,16002716649860,16002716742662,16002718859648,2.363637,0.092802,2.116986,960
live,191,16002726496011,16002726651811,16002726725764,16002728856991,2.36098,0.073953,2.131227,960
live,192,16002736496011,16002736666178,16002736768548,16002738904127,2.408116,0.10237,2.135579,960
live,193,16002746496011,16002746654433,16002746753858,16002749137408,2.641397,0.099425,2.38355,960
live,194,16002756496011,16002756657216,16002756757057,16002758813595,2.317584,0.099841,2.056538,960
live,195,16002766496011,16002766656031,16002766747200,16002768959644,2.463633,0.091169,2.212444,960
live,196,16002776496011,16002776645469,16002776748607,16002778858617,2.362606,0.103138,2.11001,960
live,197,16002786496011,16002786677852,16002786784254,16002788990074,2.494063,0.106402,2.20582,960
live,198,16002796496011,16002796655547,16002796749372,16002799142907,2.646896,0.093825,2.393535,960
live,199,16002806496011,16002809043608,16002809234522,16002812095039,5.599028,0.190914,2.860517,960
replay,199,16002806496011,16002809113689,16002809382652,16002862749697,56.253686,0.268963,53.367045,73088
live,200,16002816496011,16002816833883,16002817034941,16002825945902,9.449891,0.201058,8.910961,960
live,201,16002826496011,16002826802553,16002826983356,16002829029334,2.533323,0.180803,2.045978,960
live,202,16002836496011,16002836724279,16002836867449,16002838498926,2.002915,0.14317,1.631477,960
live,203,16002846496011,16002846696246,16002846797175,16002848219913,1.723902,0.100929,1.422738,960
live,204,16002856496011,16002857457790,16002857624032,16002858976561,2.48055,0.166242,1.352529,960
live,205,16002866496011,16002866696979,16002866777012,16002868387209,1.891198,0.080033,1.610197,960
live,206,16002876496011,16002876624465,16002876699410,16002878241734,1.745723,0.074945,1.542324,960
live,207,16002886496011,16002886675249,16002886766834,16002888855308,2.359297,0.091585,2.088474,960
live,208,16002896496011,16002896658639,16002896742864,16002898676969,2.180958,0.084225,1.934105,960
live,209,16002906496011,16002906647054,16002906773679,16002908908202,2.412191,0.126625,2.134523,960
live,210,16002916496011,16002916647917,16002916734958,16002919144140,2.648129,0.087041,2.409182,960
live,211,16002926496011,16002926647275,16002926734572,16002928864392,2.368381,0.087297,2.12982,960
live,212,16002936496011,16002937207249,16002937382260,16002939526639,3.030628,0.175011,2.144379,960
live,213,16002946496011,16002946677097,16002946775499,16002948922758,2.426747,0.098402,2.147259,960
live,214,16002956496011,16002956654728,16002956749801,16002958860260,2.364249,0.095073,2.110459,960
live,215,16002966496011,16002966643879,16002966742824,16002968893187,2.397176,0.098945,2.150363,960
live,216,16002976496011,16002976651173,16002976740167,16002979116261,2.62025,0.088994,2.376094,960
live,217,16002986496011,16002986645924,16002986740165,16002989492744,2.996733,0.094241,2.752579,960
live,218,16002996496011,16002996652963,16002996745956,16002998887839,2.391828,0.092993,2.141883,960
live,219,16003006496011,16003006645090,16003006718819,16003008866750,2.370739,0.073729,2.147931,960
live,220,16003016496011,16003016639361,16003016712545,16003022847407,6.351396,0.073184,6.134862,960
live,221,16003026496011,16003026656864,16003026758977,16003028904156,2.408145,0.102113,2.145179,960
live,222,16003036496011,16003036654046,16003036733695,16003038287123,1.791112,0.079649,1.553428,960
live,223,16003046496011,16003046662493,16003046784927,16003048271122,1.775111,0.122434,1.486195,960
live,224,16003056496011,16003056666300,16003056761021,16003058091886,1.595875,0.094721,1.330865,960
live,225,16003066496011,16003066653627,16003066722780,16003067958219,1.462208,0.069153,1.235439,960
live,226,16003076496011,16003076645721,16003076726970,16003077934378,1.438367,0.081249,1.207408,960
live,227,16003086496011,16003086646712,16003086713753,16003087915912,1.419901,0.067041,1.202159,960
live,228,16003096496011,16003096718904,16003096812441,16003098115210,1.619199,0.093537,1.302769,960
live,229,16003106496011,16003106673654,16003106758039,16003107978343,1.482332,0.084385,1.220304,960
live,230,16003116496011,16003116646517,16003116724886,16003117925669,1.429658,0.078369,1.200783,960
live,231,16003126496011,16003126645299,16003126718484,16003127918340,1.422329,0.073185,1.199856,960
live,232,16003136496011,16003136650994,16003136736883,16003137933251,1.43724,0.085889,1.196368,960
live,233,16003146496011,16003146657873,16003146749906,16003148060099,1.564088,0.092033,1.310193,960
live,234,16003156496011,16003156652176,16003156735697,16003157932896,1.436885,0.083521,1.197199,960
live,235,16003166496011,16003166641871,16003166710672,16003167900415,1.404404,0.068801,1.189743,960
live,236,16003176496011,16003176645198,16003176715662,16003177899741,1.40373,0.070464,1.184079,960
live,237,16003186496011,16003186650220,16003186718893,16003187897692,1.401681,0.068673,1.178799,960
live,238,16003196496011,16003196649227,16003196747532,16003198357089,1.861078,0.098305,1.609557,960
live,239,16003206496011,16003206653194,16003206733099,16003207970043,1.474032,0.079905,1.236944,960
live,240,16003216496011,16003216644457,16003216728458,16003222139150,5.643139,0.084001,5.410692,960
live,241,16003226496011,16003226656584,16003226733097,16003227929752,1.433741,0.076513,1.196655,960
live,242,16003236496011,16003236641862,16003236710503,16003237887766,1.391755,0.068641,1.177263,960
live,243,16003246496011,16003246655077,16003246741446,16003248118456,1.622445,0.086369,1.37701,960
live,244,16003256496011,16003256651108,16003256735173,16003258294713,1.798702,0.084065,1.55954,960
live,245,16003266496011,16003266641283,16003266739044,16003267977076,1.481065,0.097761,1.238032,960
live,246,16003276496011,16003276653442,16003276722787,16003277936594,1.440583,0.069345,1.213807,960
live,247,16003286496011,16003286648512,16003286731265,16003287969009,1.472998,0.082753,1.237744,960
live,248,16003296496011,16003296651103,16003296737120,16003298014289,1.518278,0.086017,1.277169,960
live,249,16003306496011,16003306643006,16003306725119,16003307953007,1.456996,0.082113,1.227888,960
live,250,16003316496011,16003316652157,16003316732126,16003317920909,1.424898,0.079969,1.188783,960
live,251,16003326496011,16003326642780,16003326710844,16003327908076,1.412065,0.068064,1.197232,960
live,252,16003336496011,16003336648026,16003336715803,16003337901258,1.405247,0.067777,1.185455,960
live,253,16003346496011,16003346644697,16003346850844,16003348717748,2.221737,0.206147,1.866904,960
live,254,16003356496011,16003356680056,16003356783290,16003358346094,1.850083,0.103234,1.562804,960
live,255,16003366496011,16003366650039,16003366735448,16003368281548,1.785537,0.085409,1.5461,960
live,256,16003376496011,16003376731383,16003376851704,16003378179433,1.683422,0.120321,1.327729,960
live,257,16003386496011,16003386729046,16003386844215,16003388149416,1.653405,0.115169,1.305201,960
live,258,16003396496011,16003396683892,16003396772181,16003397998212,1.502201,0.088289,1.226031,960
live,259,16003406496011,16003406662642,16003406752019,16003408885102,2.389091,0.089377,2.133083,960
live,260,16003416496011,16003416654641,16003416752178,16003423002338,6.506327,0.097537,6.25016,960
live,261,16003426496011,16003426663664,16003426766673,16003428910956,2.414945,0.103009,2.144283,960
live,262,16003436496011,16003436645583,16003436731824,16003438859339,2.363328,0.086241,2.127515,960
live,263,16003446496011,16003446644141,16003446718254,16003448870282,2.374271,0.074113,2.152028,960
live,264,16003456496011,16003456651148,16003456748877,16003458910825,2.414814,0.097729,2.161948,960
live,265,16003466496011,16003466651755,16003466731052,16003468898760,2.402749,0.079297,2.167708,960
live,266,16003476496011,16003476647210,16003476729131,16003478845286,2.349275,0.081921,2.116155,960
live,267,16003486496011,16003486695945,16003486807851,16003488954534,2.458523,0.111906,2.146683,960
live,268,16003496496011,16003496689512,16003496790345,16003498927012,2.431001,0.100833,2.136667,960
live,269,16003506496011,16003506668678,16003506764712,16003509013476,2.517465,0.096034,2.248764,960
live,270,16003516496011,16003516663973,16003516753830,16003518861505,2.365494,0.089857,2.107675,960
live,271,16003526496011,16003526651172,16003526737637,16003528883584,2.387573,0.086465,2.145947,960
live,272,16003536496011,16003536651011,16003536739076,16003538868383,2.372372,0.088065,2.129307,960
live,273,16003546496011,16003546653921,16003546740835,16003548897502,2.401491,0.086914,2.156667,960
live,274,16003556496011,16003556656064,16003556755970,16003558904253,2.408242,0.099906,2.148283,960
live,275,16003566496011,16003566654847,16003566738880,16003568910460,2.414449,0.084033,2.17158,960
live,276,16003576496011,16003576647614,16003576731647,16003578854074,2.358063,0.084033,2.122427,960
live,277,16003586496011,16003586643677,16003586735966,16003588877817,2.381806,0.092289,2.141851,960
live,278,16003596496011,16003596645243,16003596731420,16003598845303,2.349292,0.086177,2.113883,960
live,279,16003606496011,16003606650874,16003606757564,16003608957400,2.461389,0.10669,2.199836,960
live,280,16003616496011,16003616652537,16003616746842,16003622924169,6.428158,0.094305,6.177327,960
live,281,16003626496011,16003626659736,16003626759801,16003628907925,2.411914,0.100065,2.148124,960
live,282,16003636496011,16003636647927,16003636745560,16003638882227,2.386216,0.097633,2.136667,960
live,283,16003646496011,16003646643765,16003646731127,16003648876754,2.380743,0.087362,2.145627,960
live,284,16003656496011,16003656655764,16003656753078,16003658914513,2.418502,0.097314,2.161435,960
live,285,16003666496011,16003666651443,16003666736244,16003668890576,2.394565,0.084801,2.154332,960
live,286,16003676496011,16003676644530,16003676727667,16003678842350,2.346339,0.083137,2.114683,960
live,287,16003686496011,16003686641681,16003686724050,16003688861101,2.36509,0.082369,2.137051,960
live,288,16003696496011,16003696656976,16003696743697,16003698880492,2.384481,0.086721,2.136795,960
live,289,16003706496011,16003706652142,16003706754704,16003708936971,2.44096,0.102562,2.182267,960
live,290,16003716496011,16003716675469,16003716779567,16003719020779,2.524768,0.104098,2.241212,960
live,291,16003726496011,16003726666956,16003726766477,16003728895528,2.399517,0.099521,2.129051,960
live,292,16003736496011,16003736657739,16003736751724,16003738918888,2.422877,0.093985,2.167164,960
live,293,16003746496011,16003746655850,16003746744043,16003748896902,2.400891,0.088193,2.152859,960
live,294,16003756496011,16003756654696,16003756755114,16003758928741,2.43273,0.100418,2.173627,960
live,295,16003766496011,16003766651303,16003766740168,16003768884580,2.388569,0.088865,2.144412,960
live,296,16003776496011,16003776641350,16003776715495,16003778828130,2.332119,0.074145,2.112635,960
live,297,16003786496011,16003786639141,16003786713030,16003788834848,2.338837,0.073889,2.121818,960
live,298,16003796496011,16003796640099,16003796713476,16003798808063,2.312052,0.073377,2.094587,960
live,299,16003806496011,16003807493549,16003807641871,16003811979078,5.483067,0.148322,4.337207,960
replay,299,16003806496011,16003807547886,16003807765969,16003863874776,57.378765,0.218083,56.108807,73088
live,300,16003816496011,16003819753897,16003820308912,16003827995505,11.499494,0.555015,7.686593,960
live,301,16003826496011,16003827626284,16003828200276,16003829504100,3.008089,0.573992,1.303824,960
live,302,16003836496011,16003836707328,16003836831585,16003838204915,1.708904,0.124257,1.37333,960
live,303,16003846496011,16003846686558,16003846813664,16003848098896,1.602885,0.127106,1.285232,960
live,304,16003856496011,16003857316741,16003858064078,16003861303127,4.807116,0.747337,3.239049,960
live,305,16003866496011,16003866705436,16003866792701,16003867876203,1.380192,0.087265,1.083502,960
live,306,16003876496011,16003876651002,16003876742811,16003878438993,1.942982,0.091809,1.696182,960
live,307,16003886496011,16003886643737,16003886721338,16003888454064,1.958053,0.077601,1.732726,960
live,308,16003896496011,16003896644792,16003896727417,16003898389710,1.893699,0.082625,1.662293,960
live,309,16003906496011,16003906641110,16003906710551,16003908063176,1.567165,0.069441,1.352625,960
live,310,16003916496011,16003916653749,16003916760727,16003918170793,1.674782,0.106978,1.410066,960
live,311,16003926496011,16003926647828,16003926727669,16003928079366,1.583355,0.079841,1.351697,960
live,312,16003936496011,16003936643251,16003936738100,16003938222535,1.726524,0.094849,1.484435,960
live,313,16003946496011,16003946654610,16003946789779,16003948246374,1.750363,0.135169,1.456595,960
live,314,16003956496011,16003957063350,16003957179671,16003958601257,2.105246,0.116321,1.421586,960
live,315,16003966496011,16003966676592,16003966773233,16003968120898,1.624887,0.096641,1.347665,960
live,316,16003976496011,16003976658478,16003976747407,16003977983775,1.487764,0.088929,1.236368,960
live,317,16003986496011,16003986651213,16003986736814,16003987942781,1.44677,0.085601,1.205967,960
live,318,16003996496011,16003996649900,16003996732141,16003997928124,1.432113,0.082241,1.195983,960
live,319,16004006496011,16004006648235,16004006734924,16004007939515,1.443504,0.086689,1.204591,960
live,320,16004016496011,16004016658569,16004016752587,16004022431123,5.935112,0.094018,5.678536,960
live,321,16004026496011,16004026659880,16004026751433,16004027962425,1.466414,0.091553,1.210992,960
live,322,16004036496011,16004036650727,16004036735016,16004037980056,1.484045,0.084289,1.24504,960
live,323,16004046496011,16004046654342,16004046723911,16004047908534,1.412523,0.069569,1.184623,960
live,324,16004056496011,16004056647077,16004056715269,16004057897140,1.401129,0.068192,1.181871,960
live,325,16004066496011,16004066666020,16004066761701,16004068523483,2.027472,0.095681,1.761782,960
live,326,16004076496011,16004076650530,16004076747203,16004078004595,1.508584,0.096673,1.257392,960
live,327,16004086496011,16004086644129,16004086725346,16004087923025,1.427014,0.081217,1.197679,960
live,328,16004096496011,16004096674176,16004096771681,16004098313141,1.81713,0.097505,1.54146,960
live,329,16004106496011,16004106657247,16004106729920,16004107916207,1.420196,0.072673,1.186287,960
live,330,16004116496011,16004116944801,16004117094691,16004119035612,2.539601,0.14989,1.940921,960
live,331,16004126496011,16004126652700,16004126724957,16004128336274,1.840263,0.072257,1.611317,960
live,332,16004136496011,16004136645627,16004136718844,16004138266319,1.770308,0.073217,1.547475,960
live,333,16004146496011,16004146644858,16004146724891,16004148355407,1.859396,0.080033,1.630516,960
live,334,16004156496011,16004156652281,16004156740122,16004158385327,1.889316,0.087841,1.645205,960
live,335,16004166496011,16004166646071,16004166743321,16004169163511,2.6675,0.09725,2.42019,960
live,336,16004176496011,16004176652086,16004176747927,16004178040136,1.544125,0.095841,1.292209,960
live,337,16004186496011,16004186676917,16004186772887,16004188087207,1.591196,0.09597,1.31432,960
live,338,16004196496011,16004196662164,16004196741781,16004197950564,1.454553,0.079617,1.208783,960
live,339,16004206496011,16004206645939,16004206728148,16004207927075,1.431064,0.082209,1.198927,960
live,340,16004216496011,16004216645105,16004216723986,16004222221880,5.725869,0.078881,5.497894,960
live,341,16004226496011,16004226654736,16004226758770,16004228026530,1.530519,0.104034,1.26776,960
live,342,16004236496011,16004236650671,16004236730000,16004237944127,1.448116,0.079329,1.214127,960
live,343,16004246496011,16004246647118,16004246720431,16004247907582,1.411571,0.073313,1.187151,960
live,344,16004256496011,16004256646541,16004256723374,16004257914525,1.418514,0.076833,1.191151,960
live,345,16004266496011,16004266645867,16004266725548,16004267909883,1.413872,0.079681,1.184335,960
live,346,16004276496011,16004276653834,16004276735211,16004277964827,1.468816,0.081377,1.229616,960
live,347,16004286496011,16004286648489,16004286717962,16004287910617,1.414606,0.069473,1.192655,960
live,348,16004296496011,16004296645544,16004296715497,16004297901496,1.405485,0.069953,1.185999,960
live,349,16004306496011,16004306646215,16004306717256,16004307889526,1.393515,0.071041,1.17227,960
live,350,16004316496011,16004316643493,16004316724262,16004317906357,1.410346,0.080769,1.182095,960
live,351,16004326496011,16004326651684,16004326738789,16004327973845,1.477834,0.087105,1.235056,960
live,352,16004336496011,16004336651811,16004336722852,16004337917235,1.421224,0.071041,1.194383,960
live,353,16004346496011,16004346646850,16004346714531,16004347883506,1.387495,0.067681,1.168975,960
live,354,16004356496011,16004356644897,16004356712898,16004357888816,1.392805,0.068001,1.175918,960
live,355,16004366496011,16004366645023,16004366712832,16004367884783,1.388772,0.067809,1.171951,960
live,356,16004376496011,16004376656062,16004376742303,16004377980335,1.484324,0.086241,1.238032,960
live,357,16004386496011,16004386652285,16004386737022,16004387940045,1.444034,0.084737,1.203023,960
live,358,16004396496011,16004396654908,16004396746941,16004397946988,1.450977,0.092033,1.200047,960
live,359,16004406496011,16004406663707,16004406751548,16004407955979,1.459968,0.087841,1.204431,960
live,360,16004416496011,16004416655706,16004416738907,16004422014814,5.518803,0.083201,5.275907,960
live,361,16004426496011,16004426667481,16004426765306,16004428089451,1.59344,0.097825,1.324145,960
live,362,16004436496011,16004436655575,16004436738392,16004437946408,1.450397,0.082817,1.208016,960
live,363,16004446496011,16004446649206,16004446733623,16004447910726,1.414715,0.084417,1.177103,960
live,364,16004456496011,16004456645621,16004456713078,16004457891589,1.395578,0.067457,1.178511,960
live,365,16004466496011,16004466644083,16004466710132,16004467884579,1.388568,0.066049,1.174447,960
live,366,16004476496011,16004476649426,16004476720691,16004477941507,1.445496,0.071265,1.220816,960
live,367,16004486496011,16004486646033,16004486725842,16004487912257,1.416246,0.079809,1.186415,960
live,368,16004496496011,16004496647984,16004496732497,16004497911520,1.415509,0.084513,1.179023,960
live,369,16004506496011,16004506642031,16004506721680,16004507897951,1.40194,0.079649,1.176271,960
live,370,16004516496011,16004516647630,16004516715150,16004517885693,1.389682,0.06752,1.170543,960
live,371,16004526496011,16004526650572,16004526719757,16004527935101,1.43909,0.069185,1.215344,960
live,372,16004536496011,16004536645195,16004536729420,16004537910107,1.414096,0.084225,1.180687,960
live,373,16004546496011,16004546643818,16004546723307,16004547903322,1.407311,0.079489,1.180015,960
live,374,16004556496011,16004556644073,16004556723882,16004557892729,1.396718,0.079809,1.168847,960
live,375,16004566496011,16004566638631,16004566713832,16004567886583,1.390572,0.075201,1.172751,960
live,376,16004576496011,16004576693543,16004576832521,16004578403773,1.907762,0.138978,1.571252,960
live,377,16004586496011,16004586648197,16004586725958,16004587902677,1.406666,0.077761,1.176719,960
live,378,16004596496011,16004596646948,16004596729733,16004597910068,1.414057,0.082785,1.180335,960
live,379,16004606496011,16004606645859,16004606727972,16004607944819,1.448808,0.082113,1.216847,960
live,380,16004616496011,16004616701346,16004616788707,16004622007846,5.511835,0.087361,5.219139,960
live,381,16004626496011,16004626686657,16004626792770,16004628996670,2.500659,0.106113,2.2039,960
live,382,16004636496011,16004636691104,16004636784065,16004638045905,1.549894,0.092961,1.26184,960
live,383,16004646496011,16004646663550,16004646747455,16004647938862,1.442851,0.083905,1.191407,960
live,384,16004656496011,16004656657053,16004656738782,16004657929549,1.433538,0.081729,1.190767,960
live,385,16004666496011,16004666648988,16004666731197,16004667907404,1.411393,0.082209,1.176207,960
live,386,16004676496011,16004676645690,16004676726107,16004677905610,1.409599,0.080417,1.179503,960
live,387,16004686496011,16004686654873,16004686726810,16004687932106,1.436095,0.071937,1.205296,960
live,388,16004696496011,16004696640152,16004696708217,16004697884008,1.387997,0.068065,1.175791,960
live,389,16004706496011,16004706639543,16004706720184,16004707892615,1.396604,0.080641,1.172431,960
live,390,16004716496011,16004716639958,16004716732983,16004717895109,1.399098,0.093025,1.162126,960
live,391,16004726496011,16004726642900,16004726720565,16004727898596,1.402585,0.077665,1.178031,960
live,392,16004736496011,16004736647987,16004736741588,16004737961380,1.465369,0.093601,1.219792,960
live,393,16004746496011,16004746646066,16004746715443,16004747889858,1.393847,0.069377,1.174415,960
live,394,16004756496011,16004756648305,16004756714034,16004757865504,1.369493,0.065729,1.15147,960
live,395,16004766496011,16004766635216,16004766715089,16004767877407,1.381396,0.079873,1.162318,960
live,396,16004776496011,16004776643982,16004776727824,16004777890110,1.394099,0.083842,1.162286,960
live,397,16004786496011,16004786652525,16004786734702,16004787950718,1.454707,0.082177,1.216016,960
live,398,16004796496011,16004796643980,16004796715085,16004797893596,1.397585,0.071105,1.178511,960
live,399,16004806496011,16004807289587,16004807453685,16004810280377,3.784366,0.164098,2.826692,960
replay,399,16004806496011,16004807347604,16004807567543,16004861508835,55.012824,0.219939,53.941292,73088
live,400,16004816496011,16004817279634,16004817563893,16004824538446,8.042435,0.284259,6.974553,960
live,401,16004826496011,16004826782186,16004826910700,16004828317950,1.821939,0.128514,1.40725,960
live,402,16004836496011,16004836744969,16004836880906,16004838528159,2.032148,0.135937,1.647253,960
live,403,16004846496011,16004846753639,16004846885161,16004848212698,1.716687,0.131522,1.327537,960
live,404,16004856496011,16004856846599,16004857122155,16004858968738,2.472727,0.275556,1.846583,960
live,405,16004866496011,16004866655716,16004866723269,16004867787986,1.291975,0.067553,1.064717,960
live,406,16004876496011,16004876649987,16004876725796,16004877834578,1.338567,0.075809,1.108782,960
live,407,16004886496011,16004886666114,16004886755555,16004888080884,1.584873,0.089441,1.325329,960
live,408,16004896496011,16004896658624,16004896738945,16004897943889,1.447878,0.080321,1.204944,960
live,409,16004906496011,16004906650815,16004906726784,16004907924623,1.428612,0.075969,1.197839,960
live,410,16004916496011,16004916648830,16004916722239,16004917901326,1.405315,0.073409,1.179087,960
live,411,16004926496011,16004926646269,16004926715485,16004927883020,1.387009,0.069216,1.167535,960
live,412,16004936496011,16004936839262,16004936923711,16004938534227,2.038216,0.084449,1.610516,960
live,413,16004946496011,16004946648922,16004946742043,16004947916970,1.420959,0.093121,1.174927,960
live,414,16004956496011,16004956647513,16004956716794,16004957891177,1.395166,0.069281,1.174383,960
live,415,16004966496011,16004966685336,16004966783417,16004968352877,1.856866,0.098081,1.56946,960
live,416,16004976496011,16004976655831,16004976726264,16004978250891,1.75488,0.070433,1.524627,960
live,417,16004986496011,16004986643189,16004986728534,16004988527053,2.031042,0.085345,1.798519,960
live,418,16004996496011,16004996653332,16004996731221,16004997916836,1.420825,0.077889,1.185615,960
live,419,16005006496011,16005006647795,16005006728340,16005007944803,1.448792,0.080545,1.216463,960
live,420,16005016496011,16005016645554,16005016712627,16005022419579,5.923568,0.067073,5.706952,960
live,421,16005026496011,16005026650353,16005026730802,16005027925569,1.429558,0.080449,1.194767,960
live,422,16005036496011,16005036648111,16005036718768,16005037898175,1.402164,0.070657,1.179407,960
live,423,16005046496011,16005046648494,16005046730031,16005047947071,1.45106,0.081537,1.21704,960
live,424,16005056496011,16005056639789,16005056717006,16005057943933,1.447922,0.077217,1.226927,960
live,425,16005066496011,16005066737549,16005066874831,16005068533316,2.037305,0.137282,1.658485,960
live,426,16005076496011,16005076665099,16005076732236,16005078255103,1.759092,0.067137,1.522867,960
live,427,16005086496011,16005086670378,16005086768875,16005088347423,1.851412,0.098497,1.578548,960
live,428,16005096496011,16005096659048,16005096736841,16005097951065,1.455054,0.077793,1.214224,960
live,429,16005106496011,16005106644551,16005106723304,16005107889143,1.393132,0.078753,1.165839,960
live,430,16005116496011,16005116642854,16005116719687,16005117888278,1.392267,0.076833,1.168591,960
live,431,16005126496011,16005126648357,16005126716614,16005127875828,1.379817,0.068257,1.159214,960
live,432,16005136496011,16005136642115,16005136710372,16005137874835,1.378824,0.068257,1.164463,960
live,433,16005146496011,16005146647458,16005146724387,16005147912434,1.416423,0.076929,1.188047,960
live,434,16005156496011,16005156649601,16005156734210,16005157922609,1.426598,0.084609,1.188399,960
live,435,16005166496011,16005166690016,16005166798722,16005168400726,1.904715,0.108706,1.602004,960
live,436,16005176496011,16005176651519,16005176721600,16005178249555,1.753544,0.070081,1.527955,960
live,437,16005186496011,16005186653662,16005186726046,16005188264402,1.768391,0.072384,1.538356,960
live,438,16005196496011,16005196649244,16005196736285,16005198269585,1.773574,0.087041,1.5333,960
live,439,16005206496011,16005206651899,16005206719804,16005207897803,1.401792,0.067905,1.177999,960
live,440,16005216496011,16005216645178,16005216720283,16005222055998,5.559987,0.075105,5.335715,960
live,441,16005226496011,16005226656345,16005226746106,16005227934729,1.438718,0.089761,1.188623,960
live,442,16005236496011,16005236646871,16005236718008,16005237899879,1.403868,0.071137,1.181871,960
live,443,16005246496011,16005246650326,16005246715223,16005247908998,1.412987,0.064897,1.193775,960
live,444,16005256496011,16005256643061,16005256707606,16005257876677,1.380666,0.064545,1.169071,960
live,445,16005266496011,16005266668756,16005266761397,16005268349769,1.853758,0.092641,1.588372,960
live,446,16005276496011,16005276644083,16005276721044,16005278226663,1.730652,0.076961,1.505619,960
live,447,16005286496011,16005286646769,16005286728435,16005288279078,1.783067,0.081666,1.550643,960
live,448,16005296496011,16005296656592,16005297047189,16005298443495,1.947484,0.390597,1.396306,960
live,449,16005306496011,16005306650671,16005306744528,16005308270692,1.774681,0.093857,1.526164,960
live,450,16005316496011,16005316666126,16005316755247,16005317975263,1.479252,0.089121,1.220016,960
live,451,16005326496011,16005326651501,16005326734350,16005327928989,1.432978,0.082849,1.194639,960
live,452,16005336496011,16005336644587,16005336714732,16005337902459,1.406448,0.070145,1.187727,960
live,453,16005346496011,16005346745452,16005346833293,16005348085757,1.589746,0.087841,1.252464,960
live,454,16005356496011,16005356647945,16005356715754,16005357911417,1.415406,0.067809,1.195663,960
live,455,16005366496011,16005366734761,16005367175759,16005369391211,2.8952,0.440998,2.215452,960
live,456,16005376496011,16005376703719,16005376794185,16005378072633,1.576622,0.090466,1.278448,960
live,457,16005386496011,16005386673222,16005386755207,16005387960150,1.464139,0.081985,1.204943,960
live,458,16005396496011,16005396650756,16005396730501,16005398545276,2.049265,0.079745,1.814775,960
live,459,16005406496011,16005406650659,16005406736388,16005407937684,1.441673,0.085729,1.201296,960
live,460,16005416496011,16005416649666,16005416742531,16005421986534,5.490523,0.092865,5.244003,960
live,461,16005426496011,16005426651713,16005426739682,16005427942129,1.446118,0.087969,1.202447,960
live,462,16005436496011,16005436646528,16005436733697,16005438271252,1.775241,0.087169,1.537555,960
live,463,16005446496011,16005446648062,16005446717343,16005447909934,1.413923,0.069281,1.192591,960
live,464,16005456496011,16005456656157,16005456738398,16005457952846,1.456835,0.082241,1.214448,960
live,465,16005466496011,16005466727837,16005467158850,16005468580532,2.084521,0.431013,1.421682,960
live,466,16005476496011,16005476646523,16005476729500,16005477970988,1.474977,0.082977,1.241488,960
live,467,16005486496011,16005486647066,16005486734811,16005487936298,1.440287,0.087745,1.201487,960
live,468,16005496496011,16005496641880,16005496719737,16005497916584,1.420573,0.077857,1.196847,960
live,469,16005506496011,16005506646583,16005506729112,16005507946504,1.450493,0.082529,1.217392,960
live,470,16005516496011,16005516648566,16005516736951,16005517986535,1.490524,0.088385,1.249584,960
live,471,16005526496011,16005526647221,16005526726582,16005527963141,1.46713,0.079361,1.236559,960
live,472,16005536496011,16005536666292,16005536749045,16005537987333,1.491322,0.082753,1.238288,960
live,473,16005546496011,16005546653618,16005546723219,16005547917986,1.421975,0.069601,1.194767,960
live,474,16005556496011,16005556647313,16005556716082,16005557928833,1.432822,0.068769,1.212751,960
live,475,16005566496011,16005566720401,16005567153302,16005569337778,2.841767,0.432901,2.184476,960
live,476,16005576496011,16005576653103,16005576729264,16005577999584,1.503573,0.076161,1.27032,960
live,477,16005586496011,16005586644430,16005586724559,16005587934590,1.438579,0.080129,1.210031,960
live,478,16005596496011,16005596644588,16005596728749,16005597924445,1.428434,0.084161,1.195696,960
live,479,16005606496011,16005606643563,16005606735404,16005608347585,1.851574,0.091841,1.612181,960
live,480,16005616496011,16005616644714,16005616722795,16005621951117,5.455106,0.078081,5.228322,960
live,481,16005626496011,16005626651689,16005626740074,16005627940857,1.444846,0.088385,1.200783,960
live,482,16005636496011,16005636646440,16005636723497,16005637915800,1.419789,0.077057,1.192303,960
live,483,16005646496011,16005646646150,16005646711783,16005647889942,1.393931,0.065633,1.178159,960
live,484,16005656496011,16005656647973,16005656728870,16005657937398,1.441387,0.080897,1.208528,960
live,485,16005666496011,16005666715717,16005667145866,16005668881696,2.385685,0.430149,1.73583,960
live,486,16005676496011,16005676646275,16005676719012,16005678292984,1.796973,0.072737,1.573972,960
live,487,16005686496011,16005686640834,16005686720899,16005687958898,1.462887,0.080065,1.237999,960
live,488,16005696496011,16005696642784,16005696732962,16005697936145,1.440134,0.090178,1.203183,960
live,489,16005706496011,16005706647551,16005706731328,16005707933808,1.437797,0.083777,1.20248,960
live,490,16005716496011,16005716646078,16005716725631,16005717916558,1.420547,0.079553,1.190927,960
live,491,16005726496011,16005726639613,16005726717694,16005728262065,1.766054,0.078081,1.544371,960
live,492,16005736496011,16005736643804,16005736731805,16005737942668,1.446657,0.088001,1.210863,960
live,493,16005746496011,16005746647482,16005746716763,16005747908490,1.412479,0.069281,1.191727,960
live,494,16005756496011,16005756669786,16005756758811,16005758051979,1.555968,0.089025,1.293168,960
live,495,16005766496011,16005766741529,16005767168031,16005769320570,2.824559,0.426502,2.152539,960
live,496,16005776496011,16005776657527,16005776744376,16005777999368,1.503357,0.086849,1.254992,960
live,497,16005786496011,16005786648694,16005786726423,16005787916486,1.420475,0.077729,1.190063,960
live,498,16005796496011,16005796650196,16005796733270,16005797936613,1.440602,0.083074,1.203343,960
live,499,16005806496011,16005807331420,16005807509438,16005811307854,4.811843,0.178018,3.798416,960
replay,499,16005806496011,16005807397821,16005807631040,16005865922499,59.426488,0.233219,58.291459,73088
live,500,16005816496011,16005816921110,16005818390312,16005826257324,9.761313,1.469202,7.867012,960
live,501,16005826496011,16005826822419,16005827273273,16005829625687,3.129676,0.450854,2.352414,960
live,502,16005836496011,16005836723857,16005836867538,16005839214896,2.718885,0.143681,2.347358,960
live,503,16005846496011,16005846694159,16005846819569,16005849159758,2.663747,0.12541,2.340189,960
live,504,16005856496011,16005857741563,16005857971326,16005861933392,5.437381,0.229763,3.962066,960
live,505,16005866496011,16005866738509,16005867148242,16005869247309,2.751298,0.409733,2.099067,960
live,506,16005876496011,16005876661547,16005876755660,16005878697477,2.201466,0.094113,1.941817,960
live,507,16005886496011,16005886643306,16005886724267,16005888708612,2.212601,0.080961,1.984345,960
live,508,16005896496011,16005896641032,16005896717929,16005898641794,2.145783,0.076897,1.923865,960
live,509,16005906496011,16005906640199,16005906707368,16005908949796,2.453785,0.067169,2.242428,960
live,510,16005916496011,16005916656742,16005916751271,16005918918083,2.422072,0.094529,2.166812,960
live,511,16005926496011,16005926648613,16005926743814,16005928872577,2.376566,0.095201,2.128763,960
live,512,16005936496011,16005936645284,16005936744933,16005938851584,2.355573,0.099649,2.106651,960
live,513,16005946496011,16005946646210,16005946729668,16005948875295,2.379284,0.083458,2.145627,960
live,514,16005956496011,16005956690370,16005956800515,16005958933470,2.437459,0.110145,2.132955,960
live,515,16005966496011,16005966850435,16005966943396,16005969026238,2.530227,0.092961,2.082842,960
live,516,16005976496011,16005976709920,16005976829473,16005978988701,2.49269,0.119553,2.159228,960
live,517,16005986496011,16005986767903,16005986915489,16005989161182,2.665171,0.147586,2.245693,960
live,518,16005996496011,16005996672893,16005996764158,16005998885913,2.389902,0.091265,2.121755,960
live,519,16006006496011,16006006658043,16006006757693,16006008901560,2.405549,0.09965,2.143867,960
live,520,16006016496011,16006016683707,16006016786172,16006023496625,7.000614,0.102465,6.710453,960
live,521,16006026496011,16006026683321,16006026787867,16006028952406,2.456395,0.104546,2.164539,960
live,522,16006036496011,16006036664248,16006036757081,16006038881652,2.385641,0.092833,2.124571,960
live,523,16006046496011,16006046654039,16006046742136,16006048881075,2.385064,0.088097,2.138939,960
live,524,16006056496011,16006056655541,16006056743799,16006058892754,2.396743,0.088258,2.148955,960
live,525,16006066496011,16006066681845,16006066784406,16006069078931,2.58292,0.102561,2.294525,960
live,526,16006076496011,16006076676211,16006076771541,16006078884239,2.388228,0.09533,2.112698,960
live,527,16006086496011,16006086656050,16006086744307,16006089349524,2.853513,0.088257,2.605217,960
live,528,16006096496011,16006096654801,16006096743026,16006099141872,2.645861,0.088225,2.398846,960
live,529,16006106496011,16006106646735,16006106751281,16006109188528,2.692517,0.104546,2.437247,960
live,530,16006116496011,16006116680079,16006116782448,16006118981228,2.485217,0.102369,2.19878,960
live,531,16006126496011,16006126667501,16006126761230,16006128919146,2.423135,0.093729,2.157916,960
live,532,16006136496011,16006136702508,16006136795822,16006138926153,2.430142,0.093314,2.130331,960
live,533,16006146496011,16006146681995,16006146777708,16006148918151,2.42214,0.095713,2.140443,960
live,534,16006156496011,16006156672810,16006156760107,16006158863941,2.36793,0.087297,2.103834,960
live,535,16006166496011,16006167010733,16006167151247,16006169573805,3.077794,0.140514,2.422558,960
live,536,16006176496011,16006176675111,16006176785993,16006178865923,2.369912,0.110882,2.07993,960
live,537,16006186496011,16006186695590,16006186808936,16006188956003,2.459992,0.113346,2.147067,960
live,538,16006196496011,16006196729574,16006196851463,16006198979138,2.483127,0.121889,2.127675,960
live,539,16006206496011,16006206749509,16006206893254,16006209538248,3.042237,0.143745,2.644994,960
live,540,16006216496011,16006216667394,16006216761060,16006223606746,7.110735,0.093666,6.845686,960
live,541,16006226496011,16006226684513,16006226808803,16006229410116,2.914105,0.12429,2.601313,960
live,542,16006236496011,16006236658400,16006236753153,16006239295521,2.79951,0.094753,2.542368,960
live,543,16006246496011,16006246646719,16006246726656,16006249296512,2.800501,0.079937,2.569856,960
live,544,16006256496011,16006256646429,16006256723998,16006259250494,2.754483,0.077569,2.526496,960
live,545,16006266496011,16006266638620,16006266714077,16006269735939,3.239928,0.075457,3.021862,960
live,546,16006276496011,16006276651867,16006276741308,16006279360733,2.864722,0.089441,2.619425,960
live,547,16006286496011,16006286646682,16006286726459,16006289128217,2.632206,0.079777,2.401758,960
live,548,16006296496011,16006296640952,16006296711193,16006298867733,2.371722,0.070241,2.15654,960
live,549,16006306496011,16006306638519,16006306715064,16006309280473,2.784462,0.076545,2.565409,960
live,550,16006316496011,16006316639254,16006316712951,16006319261495,2.765484,0.073697,2.548544,960
live,551,16006326496011,16006326638677,16006326728854,16006329320119,2.824108,0.090177,2.591265,960
live,552,16006336496011,16006336642068,16006336715093,16006339264757,2.768746,0.073025,2.549664,960
live,553,16006346496011,16006346638034,16006346715891,16006349129490,2.633479,0.077857,2.413599,960
live,554,16006356496011,16006356639633,16006356723282,16006359133393,2.637382,0.083649,2.410111,960
live,555,16006366496011,16006366647984,16006366733489,16006369190128,2.694117,0.085505,2.456639,960
live,556,16006376496011,16006376661903,16006376755024,16006379197167,2.701156,0.093121,2.442143,960
live,557,16006386496011,16006386648430,16006386725487,16006389130221,2.63421,0.077057,2.404734,960
live,558,16006396496011,16006396639692,16006396729422,16006399126060,2.630049,0.08973,2.396638,960
live,559,16006406496011,16006406652523,16006406729132,16006409184652,2.688641,0.076609,2.45552,960
live,560,16006416496011,16006416648330,16006416743435,16006424090601,7.59459,0.095105,7.347166,960
live,561,16006426496011,16006426732170,16006426856428,16006429061224,2.565213,0.124258,2.204796,960
live,562,16006436496011,16006436671272,16006436774793,16006438929317,2.433306,0.103521,2.154524,960
live,563,16006446496011,16006446661959,16006446753224,16006449192935,2.696924,0.091265,2.439711,960
live,564,16006456496011,16006456652549,16006456739751,16006459140229,2.644218,0.087202,2.400478,960
live,565,16006466496011,16006466653060,16006466739365,16006469228613,2.732602,0.086305,2.489248,960
live,566,16006476496011,16006476661187,16006476775077,16006479182915,2.686904,0.11389,2.407838,960
live,567,16006486496011,16006486653026,16006486743363,16006489162882,2.666871,0.090337,2.419519,960
live,568,16006496496011,16006496646721,16006496731330,16006499131360,2.635349,0.084609,2.40003,960
live,569,16006506496011,16006506646623,16006506734209,16006509134655,2.638644,0.087586,2.400446,960
live,570,16006516496011,16006516645822,16006516749023,16006519171038,2.675027,0.103201,2.422015,960
live,571,16006526496011,16006526827391,16006526921184,16006529348863,2.852852,0.093793,2.427679,960
live,572,16006536496011,16006536650812,16006536724861,16006539122043,2.626032,0.074049,2.397182,960
live,573,16006546496011,16006546641147,16006546715195,16006549112090,2.616079,0.074048,2.396895,960
live,574,16006556496011,16006556641337,16006556730298,16006559109593,2.613582,0.088961,2.379295,960
live,575,16006566496011,16006566640728,16006566717689,16006569190232,2.694221,0.076961,2.472543,960
live,576,16006576496011,16006576641015,16006576724664,16006579181463,2.685452,0.083649,2.456799,960
live,577,16006586496011,16006586650870,16006586748439,16006589190454,2.694443,0.097569,2.442015,960
live,578,16006596496011,16006596692213,16006596801975,16006599188021,2.69201,0.109762,2.386046,960
live,579,16006606496011,16006606659060,16006606741365,16006609116275,2.620264,0.082305,2.37491,960
live,580,16006616496011,16006616652658,16006616748308,16006623223366,6.727355,0.09565,6.475058,960
live,581,16006626496011,16006626660849,16006626767091,16006629724568,3.228557,0.106242,2.957477,960
live,582,16006636496011,16006636662320,16006636756113,16006639180272,2.684261,0.093793,2.424159,960
live,583,16006646496011,16006646672655,16006646778960,16006649188687,2.692676,0.106305,2.409727,960
live,584,16006656496011,16006656659310,16006656756143,16006658873386,2.377375,0.096833,2.117243,960
live,585,16006666496011,16006666649292,16006666738989,16006668991434,2.495423,0.089697,2.252445,960
live,586,16006676496011,16006676648043,16006676734156,16006679136651,2.64064,0.086113,2.402495,960
live,587,16006686496011,16006686658794,16006686757387,16006689198378,2.702367,0.098593,2.440991,960
live,588,16006696496011,16006696670697,16006696764458,16006699178025,2.682014,0.093761,2.413567,960
live,589,16006706496011,16006706646311,16006706735273,16006709134471,2.63846,0.088962,2.399198,960
live,590,16006716496011,16006716641318,16006716726567,16006719118790,2.622779,0.085249,2.392223,960
live,591,16006726496011,16006726639301,16006726745030,16006729135813,2.639802,0.105729,2.390783,960
live,592,16006736496011,16006736648356,16006736745925,16006739158404,2.662393,0.097569,2.412479,960
live,593,16006746496011,16006746647075,16006746723044,16006749156770,2.660759,0.075969,2.433726,960
live,594,16006756496011,16006756639937,16006756738755,16006759156609,2.660598,0.098818,2.417854,960
live,595,16006766496011,16006766636704,16006766711969,16006769193249,2.697238,0.075265,2.48128,960
live,596,16006776496011,16006776639167,16006776726208,16006779107838,2.611827,0.087041,2.38163,960
live,597,16006786496011,16006786648958,16006786754975,16006789213790,2.717779,0.106017,2.458815,960
live,598,16006796496011,16006796649309,16006796739486,16006799161501,2.66549,0.090177,2.422015,960
live,599,16006806496011,16006807239747,16006807423269,16006810462604,3.966593,0.183522,3.039335,960
replay,599,16006806496011,16006807307172,16006807852907,16006862257597,55.761586,0.545735,54.40469,73088
live,600,16006816496011,16006817716040,16006818297295,16006826689978,10.193967,0.581255,8.392683,960
live,601,16006826496011,16006827144767,16006827282625,16006829491773,2.995762,0.137858,2.209148,960
live,602,16006836496011,16006836744121,16006837154366,16006839930113,3.434102,0.410245,2.775747,960
live,603,16006846496011,16006846713687,16006847195934,16006849331257,2.835246,0.482247,2.135323,960
live,604,16006856496011,16006856993754,16006857299102,16006859353560,2.857549,0.305348,2.054458,960
live,605,16006866496011,16006866736021,16006866823446,16006868496428,2.000417,0.087425,1.672982,960
live,606,16006876496011,16006876646163,16006876730900,16006878284712,1.788701,0.084737,1.553812,960
live,607,16006886496011,16006887153400,16006887687071,16006889890011,3.394,0.533671,2.20294,960
live,608,16006896496011,16006896685073,16006896783506,16006897849248,1.353237,0.098433,1.065742,960
live,609,16006906496011,16006906759057,16006906852210,16006908113250,1.617239,0.093153,1.26104,960
live,610,16006916496011,16006916688623,16006916779760,16006917998431,1.50242,0.091137,1.218671,960
live,611,16006926496011,16006926659565,16006926745166,16006927956126,1.460115,0.085601,1.21096,960
live,612,16006936496011,16006936653932,16006936743693,16006937936092,1.440081,0.089761,1.192399,960
live,613,16006946496011,16006946658667,16006946740268,16006947971611,1.4756,0.081601,1.231343,960
live,614,16006956496011,16006956644585,16006956723434,16006957919642,1.423631,0.078849,1.196208,960
live,615,16006966496011,16006966649768,16006966724969,16006967913400,1.417389,0.075201,1.188431,960
live,616,16006976496011,16006976643271,16006976728744,16006977897655,1.401644,0.085473,1.168911,960
live,617,16006986496011,16006986647526,16006986725415,16006987915638,1.419627,0.077889,1.190223,960
live,618,16006996496011,16006996653893,16006996726278,16006997950581,1.45457,0.072385,1.224303,960
live,619,16007006496011,16007006641955,16007006709252,16007007882355,1.386344,0.067297,1.173103,960
live,620,16007016496011,16007016641986,16007016734051,16007022429868,5.933857,0.092065,5.695817,960
live,621,16007026496011,16007026682754,16007026783651,16007027968722,1.472711,0.100897,1.185071,960
live,622,16007036496011,16007036656736,16007036767329,16007037952112,1.456101,0.110593,1.184783,960
live,623,16007046496011,16007046660863,16007046747840,16007047995120,1.499109,0.086977,1.24728,960
live,624,16007056496011,16007056656510,16007056734239,16007057929614,1.433603,0.077729,1.195375,960
live,625,16007066496011,16007066650332,16007066715869,16007067883596,1.387585,0.065537,1.167727,960
live,626,16007076496011,16007076643739,16007076725116,16007077918219,1.422208,0.081377,1.193103,960
live,627,16007086496011,16007086645850,16007086714491,16007087894794,1.398783,0.068641,1.180303,960
live,628,16007096496011,16007096649849,16007096726682,16007097966601,1.47059,0.076833,1.239919,960
live,629,16007106496011,16007106652984,16007106717432,16007107914376,1.418365,0.064448,1.196944,960
live,630,16007116496011,16007116641846,16007116712439,16007117934663,1.438652,0.070593,1.222224,960
live,631,16007126496011,16007126651317,16007126744886,16007127999014,1.503003,0.093569,1.254128,960
live,632,16007136496011,16007136648724,16007136733397,16007138188999,1.692988,0.084673,1.455602,960
live,633,16007146496011,16007146667059,16007146743796,16007147973603,1.477592,0.076737,1.229807,960
live,634,16007156496011,16007156655154,16007156722962,16007157897281,1.40127,0.067808,1.174319,960
live,635,16007166496011,16007166651152,16007166722705,16007167904928,1.408917,0.071553,1.182223,960
live,636,16007176496011,16007176648783,16007176716016,16007177869599,1.373588,0.067233,1.153583,960
live,637,16007186496011,16007186643598,16007186724015,16007187891326,1.395315,0.080417,1.167311,960
live,638,16007196496011,16007196650573,16007196739310,16007197957053,1.461042,0.088737,1.217743,960
live,639,16007206496011,16007206647787,16007206730701,16007207908667,1.412656,0.082914,1.177966,960
live,640,16007216496011,16007216644778,16007216711659,16007221992750,5.496739,0.066881,5.281091,960
live,641,16007226496011,16007226659785,16007226735274,16007227933209,1.437198,0.075489,1.197935,960
live,642,16007236496011,16007236651368,16007236731721,16007237917816,1.421805,0.080353,1.186095,960
live,643,16007246496011,16007246715944,16007246794601,16007248049688,1.553677,0.078657,1.255087,960
live,644,16007256496011,16007256652358,16007256735399,16007257911222,1.415211,0.083041,1.175823,960
live,645,16007266496011,16007266650564,16007266722853,16007267913108,1.417097,0.072289,1.190255,960
live,646,16007276496011,16007276649475,16007276720228,16007277907923,1.411912,0.070753,1.187695,960
live,647,16007286496011,16007286646338,16007286713859,16007287895474,1.399463,0.067521,1.181615,960
live,648,16007296496011,16007296649217,16007296841699,16007298515992,2.019981,0.192482,1.674293,960
live,649,16007306496011,16007306656576,16007306745633,16007308304180,1.808169,0.089057,1.558547,960
live,650,16007316496011,16007316644958,16007316730207,16007317901038,1.405027,0.085249,1.170831,960
live,651,16007326496011,16007326642397,16007326720734,16007328257233,1.761222,0.078337,1.536499,960
live,652,16007336496011,16007336648092,16007336716637,16007338224496,1.728485,0.068545,1.507859,960
live,653,16007346496011,16007346645531,16007346730652,16007349096698,2.600687,0.085121,2.366046,960
live,654,16007356496011,16007356663258,16007356754139,16007357994283,1.498272,0.090881,1.240144,960
live,655,16007366496011,16007366664600,16007366756442,16007368037930,1.541919,0.091842,1.281488,960
live,656,16007376496011,16007376658391,16007376741656,16007377939847,1.443836,0.083265,1.198191,960
live,657,16007386496011,16007386648630,16007386718647,16007387893382,1.397371,0.070017,1.174735,960
live,658,16007396496011,16007396648373,16007396715318,16007397880452,1.384441,0.066945,1.165134,960
live,659,16007406496011,16007406652948,16007406740341,16007407965188,1.469177,0.087393,1.224847,960
live,660,16007416496011,16007416650610,16007416729875,16007421887733,5.391722,0.079265,5.157858,960
live,661,16007426496011,16007426660497,16007426754034,16007427959458,1.463447,0.093537,1.205424,960
live,662,16007436496011,16007436643376,16007436721457,16007437911744,1.415733,0.078081,1.190287,960
live,663,16007446496011,16007446648335,16007446717872,16007447885918,1.389907,0.069537,1.168046,960
live,664,16007456496011,16007456662894,16007456737615,16007457950270,1.454259,0.074721,1.212655,960
live,665,16007466496011,16007466651884,16007466728109,16007467919868,1.423857,0.076225,1.191759,960
live,666,16007476496011,16007476646891,16007476726700,16007477908091,1.41208,0.079809,1.181391,960
live,667,16007486496011,16007486643146,16007486710891,16007487878681,1.38267,0.067745,1.16779,960
live,668,16007496496011,16007496640937,16007496709321,16007497883224,1.387213,0.068384,1.173903,960
live,669,16007506496011,16007506650472,16007506725672,16007507927896,1.431885,0.0752,1.202224,960
live,670,16007516496011,16007516643206,16007516727111,16007517921942,1.425931,0.083905,1.194831,960
live,671,16007526496011,16007526645253,16007526723206,16007527890901,1.39489,0.077953,1.167695,960
live,672,16007536496011,16007536641124,16007536707941,16007537876659,1.380648,0.066817,1.168718,960
live,673,16007546496011,16007546656835,16007546723108,16007547888946,1.392935,0.066273,1.165838,960
live,674,16007556496011,16007556650018,16007556725026,16007557921874,1.425863,0.075008,1.196848,960
live,675,16007566496011,16007566645728,16007566719041,16007567949809,1.453798,0.073313,1.230768,960
live,676,16007576496011,16007576648959,16007576730944,16007577971280,1.475269,0.081985,1.240336,960
live,677,16007586496011,16007586653918,16007586743807,16007588125841,1.62983,0.089889,1.382034,960
live,678,16007596496011,16007596660349,16007596746270,16007597986030,1.490019,0.085921,1.23976,960
live,679,16007606496011,16007606648763,16007606726908,16007607900683,1.404672,0.078145,1.173775,960
live,680,16007616496011,16007616631834,16007616702939,16007621699162,5.203151,0.071105,4.996223,960
live,681,16007626496011,16007626655545,16007626728090,16007627914953,1.418942,0.072545,1.186863,960
live,682,16007636496011,16007636644824,16007636730553,16007637915336,1.419325,0.085729,1.184783,960
live,683,16007646496011,16007646646615,16007646726360,16007647907655,1.411644,0.079745,1.181295,960
live,684,16007656496011,16007656658070,16007656744919,16007657966310,1.470299,0.086849,1.221391,960
live,685,16007666496011,16007666691061,16007666767158,16007667967077,1.471066,0.076097,1.199919,960
live,686,16007676496011,16007676671027,16007676754804,16007677941667,1.445656,0.083777,1.186863,960
live,687,16007686496011,16007686646834,16007686726003,16007687901026,1.405015,0.079169,1.175023,960
live,688,16007696496011,16007696646161,16007696724306,16007697898145,1.402134,0.078145,1.173839,960
live,689,16007706496011,16007706649199,16007706740241,16007707968128,1.472117,0.091042,1.227887,960
live,690,16007716496011,16007716646606,16007716725807,16007717913342,1.417331,0.079201,1.187535,960
live,691,16007726496011,16007726644813,16007726712302,16007727876733,1.380722,0.067489,1.164431,960
live,692,16007736496011,16007736645292,16007736708589,16007737876763,1.380752,0.063297,1.168174,960
live,693,16007746496011,16007746638635,16007746722252,16007747915323,1.419312,0.083617,1.193071,960
live,694,16007756496011,16007756941741,16007757025582,16007758623011,2.127,0.083841,1.597429,960
live,695,16007766496011,16007766652680,16007766733193,16007767924760,1.428749,0.080513,1.191567,960
live,696,16007776496011,16007776646887,16007776725256,16007777902231,1.40622,0.078369,1.176975,960
live,697,16007786496011,16007786646790,16007786713607,16007787888790,1.392779,0.066817,1.175183,960
live,698,16007796496011,16007796648165,16007796737606,16007798132728,1.636717,0.089441,1.395122,960
live,699,16007806496011,16007807272971,16007807460654,16007810847289,4.351278,0.187683,3.386635,960
replay,699,16007806496011,16007807327212,16007807596112,16007860266699,53.770688,0.2689,52.670587,73088
live,700,16007816496011,16007819792458,16007820165871,16007827868817,11.372806,0.373413,7.702946,960
live,701,16007826496011,16007827511628,16007828061011,16007829391780,2.895769,0.549383,1.330769,960
live,702,16007836496011,16007836786530,16007837232263,16007839164384,2.668373,0.445733,1.932121,960
live,703,16007846496011,16007846754016,16007847183173,16007849531171,3.03516,0.429157,2.347998,960
live,704,16007856496011,16007856922145,16007857409287,16007862812844,6.316833,0.487142,5.403557,960
live,705,16007866496011,16007866691741,16007866971648,16007868659062,2.163051,0.279907,1.687414,960
live,706,16007876496011,16007876662811,16007876747580,16007878675509,2.179498,0.084769,1.927929,960
live,707,16007886496011,16007886652026,16007886757307,16007888959543,2.463532,0.105281,2.202236,960
live,708,16007896496011,16007896655897,16007896742682,16007898871221,2.37521,0.086785,2.128539,960
live,709,16007906496011,16007906646263,16007906738361,16007909283513,2.787502,0.092098,2.545152,960
live,710,16007916496011,16007916678583,16007916784792,16007918949523,2.453512,0.106209,2.164731,960
live,711,16007926496011,16007926664053,16007926763159,16007929186069,2.690058,0.099106,2.42291,960
live,712,16007936496011,16007936660052,16007936759253,16007939139827,2.643816,0.099201,2.380574,960
live,713,16007946496011,16007946653203,16007946732308,16007948884879,2.388868,0.079105,2.152571,960
live,714,16007956496011,16007956643985,16007956732243,16007958854349,2.358338,0.088258,2.122106,960
live,715,16007966496011,16007966686257,16007966795762,16007968184324,1.688313,0.109505,1.388562,960
live,716,16007976496011,16007976662575,16007976754512,16007977993920,1.497909,0.091937,1.239408,960
live,717,16007986496011,16007986655118,16007986748111,16007987956926,1.460915,0.092993,1.208815,960
live,718,16007996496011,16007996651981,16007996734542,16007997917789,1.421778,0.082561,1.183247,960
live,719,16008006496011,16008006646571,16008006727532,16008007910491,1.41448,0.080961,1.182959,960
live,720,16008016496011,16008016675435,16008016773260,16008022602294,6.106283,0.097825,5.829034,960
live,721,16008026496011,16008026678793,16008026790827,16008028096155,1.600144,0.112034,1.305328,960
live,722,16008036496011,16008036658536,16008036749545,16008037979033,1.483022,0.091009,1.229488,960
live,723,16008046496011,16008046657255,16008046750632,16008048047864,1.551853,0.093377,1.297232,960
live,724,16008056496011,16008056656070,16008056741831,16008057942198,1.446187,0.085761,1.200367,960
live,725,16008066496011,16008066854695,16008067033865,16008068768351,2.27234,0.17917,1.734486,960
live,726,16008076496011,16008076672643,16008076769669,16008078379513,1.883502,0.097026,1.609844,960
live,727,16008086496011,16008086686690,16008087088615,16008089504262,3.008251,0.401925,2.415647,960
live,728,16008096496011,16008096700673,16008097116199,16008099328931,2.83292,0.415526,2.212732,960
live,729,16008106496011,16008106690144,16008107113893,16008109348866,2.852855,0.423749,2.234973,960
live,730,16008116496011,16008116647614,16008116745279,16008118177234,1.681223,0.097665,1.431955,960
live,731,16008126496011,16008126656413,16008126744254,16008127999886,1.503875,0.087841,1.255632,960
live,732,16008136496011,16008136649052,16008136727869,16008137929964,1.433953,0.078817,1.202095,960
live,733,16008146496011,16008146643643,16008146710363,16008147903115,1.407104,0.06672,1.192752,960
live,734,16008156496011,16008156646297,16008156724570,16008157916938,1.420927,0.078273,1.192368,960
live,735,16008166496011,16008166646200,16008166724537,16008167920520,1.424509,0.078337,1.195983,960
live,736,16008176496011,16008176648151,16008176746392,16008177981832,1.485821,0.098241,1.23544,960
live,737,16008186496011,16008186641014,16008186707351,16008187892198,1.396187,0.066337,1.184847,960
live,738,16008196496011,16008196643829,16008196724246,16008197910469,1.414458,0.080417,1.186223,960
live,739,16008206496011,16008206645779,16008206723028,16008207979524,1.483513,0.077249,1.256496,960
live,740,16008216496011,16008216649554,16008216728371,16008222457148,5.961137,0.078817,5.728777,960
live,741,16008226496011,16008226652273,16008226735538,16008227950722,1.454711,0.083265,1.215184,960
live,742,16008236496011,16008236649168,16008236736817,16008237937056,1.441045,0.087649,1.200239,960
live,743,16008246496011,16008246657935,16008246765264,16008248227075,1.731064,0.107329,1.461811,960
live,744,16008256496011,16008256660462,16008256750895,16008258106272,1.610261,0.090433,1.355377,960
live,745,16008266496011,16008266657292,16008266748205,16008268127199,1.631188,0.090913,1.378994,960
live,746,16008276496011,16008276675467,16008276770989,16008278900520,2.404509,0.095522,2.129531,960
live,747,16008286496011,16008286658922,16008286752491,16008288087772,1.591761,0.093569,1.335281,960
live,748,16008296496011,16008296649545,16008296736810,16008297955545,1.459534,0.087265,1.218735,960
live,749,16008306496011,16008306655240,16008306740329,16008307941592,1.445581,0.085089,1.201263,960
live,750,16008316496011,16008316646726,16008316723367,16008317915542,1.419531,0.076641,1.192175,960
live,751,16008326496011,16008326648965,16008326740518,16008327968374,1.472363,0.091553,1.227856,960
live,752,16008336496011,16008336657444,16008336740517,16008337933844,1.437833,0.083073,1.193327,960
live,753,16008346496011,16008346649155,16008346728644,16008347911187,1.415176,0.079489,1.182543,960
live,754,16008356496011,16008356648001,16008356738211,16008357919474,1.423463,0.09021,1.181263,960
live,755,16008366496011,16008366644608,16008366724129,16008367909136,1.413125,0.079521,1.185007,960
live,756,16008376496011,16008376654335,16008376738560,16008377986288,1.490277,0.084225,1.247728,960
live,757,16008386496011,16008386644830,16008386715455,16008387905966,1.409955,0.070625,1.190511,960
live,758,16008396496011,16008396646397,16008396714685,16008397889356,1.393345,0.068288,1.174671,960
live,759,16008406496011,16008406646907,16008406717532,16008407889547,1.393536,0.070625,1.172015,960
live,760,16008416496011,16008416686587,16008417110784,16008422654918,6.158907,0.424197,5.544134,960
live,761,16008426496011,16008426715738,16008426828539,16008428980311,2.4843,0.112801,2.151772,960
live,762,16008436496011,16008436678200,16008436772249,16008438956725,2.460714,0.094049,2.184476,960
live,763,16008446496011,16008446651383,16008446738968,16008448914259,2.418248,0.087585,2.175291,960
live,764,16008456496011,16008456649749,16008456721366,16008458865778,2.369767,0.071617,2.144412,960
live,765,16008466496011,16008466648116,16008466735829,16008468083046,1.587035,0.087713,1.347217,960
live,766,16008476496011,16008476913366,16008477022424,16008478669261,2.17325,0.109058,1.646837,960
live,767,16008486496011,16008486663986,16008486764115,16008488168325,1.672314,0.100129,1.40421,960
live,768,16008496496011,16008496670417,16008496771698,16008498040482,1.544471,0.101281,1.268784,960
live,769,16008506496011,16008506665424,16008506752017,16008507964384,1.468373,0.086593,1.212367,960
live,770,16008516496011,16008516654126,16008516737295,16008517935999,1.439988,0.083169,1.198704,960
live,771,16008526496011,16008526646317,16008526741486,16008527937085,1.441074,0.095169,1.195599,960
live,772,16008536496011,16008536648812,16008536734125,16008537961276,1.465265,0.085313,1.227151,960
live,773,16008546496011,16008546649419,16008546728972,16008547931675,1.435664,0.079553,1.202703,960
live,774,16008556496011,16008556645385,16008556734282,16008557914393,1.418382,0.088897,1.180111,960
live,775,16008566496011,16008566645736,16008566730249,16008567928728,1.432717,0.084513,1.198479,960
live,776,16008576496011,16008576648103,16008576716584,16008577903383,1.407372,0.068481,1.186799,960
live,777,16008586496011,16008586651046,16008586730983,16008587943414,1.447403,0.079937,1.212431,960
live,778,16008596496011,16008596665093,16008596762886,16008598169848,1.673837,0.097793,1.406962,960
live,779,16008606496011,16008606647011,16008606731076,16008607984980,1.488969,0.084065,1.253904,960
live,780,16008616496011,16008616648226,16008616729251,16008622271753,5.775742,0.081025,5.542502,960
live,781,16008626496011,16008626651617,16008626728994,16008628239541,1.74353,0.077377,1.510547,960
live,782,16008636496011,16008636627295,16008636702816,16008638177075,1.681064,0.075521,1.474259,960
live,783,16008646496011,16008646627838,16008646691871,16008648125233,1.629222,0.064033,1.433362,960
live,784,16008656496011,16008656626077,16008656703902,16008658171409,1.675398,0.077825,1.467507,960
live,785,16008666496011,16008666741117,16008666888863,16008668392274,1.896263,0.147746,1.503411,960
live,786,16008676496011,16008676674747,16008676771581,16008678001676,1.505665,0.096834,1.230095,960
live,787,16008686496011,16008686661242,16008686745339,16008687964810,1.468799,0.084097,1.219471,960
live,788,16008696496011,16008696650009,16008696760218,16008698172716,1.676705,0.110209,1.412498,960
live,789,16008706496011,16008706701816,16008706859706,16008708453966,1.957955,0.15789,1.59426,960
live,790,16008716496011,16008716654582,16008716748055,16008718206122,1.710111,0.093473,1.458067,960
live,791,16008726496011,16008726662997,16008726758486,16008728886417,2.390406,0.095489,2.127931,960
live,792,16008736496011,16008736662068,16008736761717,16008738929841,2.43383,0.099649,2.168124,960
live,793,16008746496011,16008746649395,16008746742004,16008748884975,2.388964,0.092609,2.142971,960
live,794,16008756496011,16008756650225,16008756740435,16008758847181,2.35117,0.09021,2.106746,960
live,795,16008766496011,16008766646000,16008766733681,16008768858444,2.362433,0.087681,2.124763,960
live,796,16008776496011,16008776645839,16008776725584,16008778842699,2.346688,0.079745,2.117115,960
live,797,16008786496011,16008786652846,16008786754479,16008788963723,2.467712,0.101633,2.209244,960
live,798,16008796496011,16008796651821,16008796730446,16008798791944,2.295933,0.078625,2.061498,960
live,799,16008806496011,16008807295732,16008807450230,16008810904449,4.408438,0.154498,3.454219,960
replay,799,16008806496011,16008807348692,16008807572471,16008857981366,51.485355,0.223779,50.408895,73088
live,800,16008816496011,16008818217470,16008818578179,16008826921260,10.425249,0.360709,8.343081,960
live,801,16008826496011,16008827290385,16008827442163,16008829742032,3.246021,0.151778,2.299869,960
live,802,16008836496011,16008836722569,16008836845930,16008839202824,2.706813,0.123361,2.356894,960
live,803,16008846496011,16008846709575,16008846868265,16008849717037,3.221026,0.15869,2.848772,960
live,804,16008856496011,16008858322107,16008858640607,16008861348161,4.85215,0.3185,2.707554,960
live,805,16008866496011,16008866704325,16008866788582,16008869103747,2.607736,0.084257,2.315165,960
live,806,16008876496011,16008876645635,16008876741700,16008879168099,2.672088,0.096065,2.426399,960
live,807,16008886496011,16008887260393,16008887503725,16008890081357,3.585346,0.243332,2.577632,960
live,808,16008896496011,16008896680353,16008896787234,16008898905213,2.409202,0.106881,2.117979,960
live,809,16008906496011,16008906658367,16008906752033,16008908901660,2.405649,0.093666,2.149627,960
live,810,16008916496011,16008916650366,16008916757375,16008918941243,2.445232,0.107009,2.183868,960
live,811,16008926496011,16008926654045,16008926772798,16008928301106,1.805095,0.118753,1.528308,960
live,812,16008936496011,16008936666876,16008936772957,16008938036941,1.54093,0.106081,1.263984,960
live,813,16008946496011,16008946667387,16008946764764,16008948446577,1.950566,0.097377,1.681813,960
live,814,16008956496011,16008956672826,16008956765243,16008958002442,1.506431,0.092417,1.237199,960
live,815,16008966496011,16008966655000,16008966734585,16008967942665,1.446654,0.079585,1.20808,960
live,816,16008976496011,16008976649143,16008976718712,16008977912999,1.416988,0.069569,1.194287,960
live,817,16008986496011,16008986644534,16008986711927,16008987906598,1.410587,0.067393,1.194671,960
live,818,16008996496011,16008996647220,16008996733334,16008997990054,1.494043,0.086114,1.25672,960
live,819,16009006496011,16009006649459,16009006733492,16009007945828,1.449817,0.084033,1.212336,960
live,820,16009016496011,16009016646642,16009016731475,16009022424155,5.928144,0.084833,5.69268,960
live,821,16009026496011,16009026667345,16009026761170,16009027965858,1.469847,0.093825,1.204688,960
live,822,16009036496011,16009036656080,16009036746097,16009037939360,1.443349,0.090017,1.193263,960
live,823,16009046496011,16009046659919,16009046755984,16009048084129,1.588118,0.096065,1.328145,960
live,824,16009056496011,16009056651373,16009056722798,16009057933822,1.437811,0.071425,1.211024,960
live,825,16009066496011,16009066645644,16009066719821,16009067910716,1.414705,0.074177,1.190895,960
live,826,16009076496011,16009076643115,16009076709932,16009077895451,1.39944,0.066817,1.185519,960
live,827,16009086496011,16009086645066,16009086712459,16009087898138,1.402127,0.067393,1.185679,960
live,828,16009096496011,16009096648040,16009096738378,16009097963001,1.46699,0.090338,1.224623,960
live,829,16009106496011,16009106648071,16009106731880,16009107920343,1.424332,0.083809,1.188463,960
live,830,16009116496011,16009116643270,16009116710311,16009117886838,1.390827,0.067041,1.176527,960
live,831,16009126496011,16009126691973,16009126795175,16009127976790,1.480779,0.103202,1.181615,960
live,832,16009136496011,16009136667652,16009136752133,16009137928884,1.432873,0.084481,1.176751,960
live,833,16009146496011,16009146658627,16009146750180,16009147971955,1.475944,0.091553,1.221775,960
live,834,16009156496011,16009156658849,16009156753891,16009157984338,1.488327,0.095042,1.230447,960
live,835,16009166496011,16009166663424,16009166761121,16009168072946,1.576935,0.097697,1.311825,960
live,836,16009176496011,16009176665503,16009176759040,16009177981360,1.485349,0.093537,1.22232,960
live,837,16009186496011,16009186718559,16009186807200,16009188038255,1.542244,0.088641,1.231055,960
live,838,16009196496011,16009196682397,16009196769950,16009198010510,1.514499,0.087553,1.24056,960
live,839,16009206496011,16009206656795,16009206727004,16009207913771,1.41776,0.070209,1.186767,960
live,840,16009216496011,16009216645018,16009216722619,16009222040350,5.544339,0.077601,5.317731,960
live,841,16009226496011,16009226649305,16009226736890,16009227934473,1.438462,0.087585,1.197583,960
live,842,16009236496011,16009236648984,16009236734745,16009237923560,1.427549,0.085761,1.188815,960
live,843,16009246496011,16009246651318,16009246728119,16009247956071,1.46006,0.076801,1.227952,960
live,844,16009256496011,16009256647221,16009256726358,16009257915589,1.419578,0.079137,1.189231,960
live,845,16009266496011,16009266645492,16009266716853,16009267897956,1.401945,0.071361,1.181103,960
live,846,16009276496011,16009276647411,16009276728500,16009277907907,1.411896,0.081089,1.179407,960
live,847,16009286496011,16009286643794,16009286727635,16009287903874,1.407863,0.083841,1.176239,960
live,848,16009296496011,16009296750322,16009296901172,16009298502376,2.006365,0.15085,1.601204,960
live,849,16009306496011,16009306650063,16009306719504,16009307915295,1.419284,0.069441,1.195791,960
live,850,16009316496011,16009316643310,16009316710447,16009317887422,1.391411,0.067137,1.176975,960
live,851,16009326496011,16009326641229,16009326702541,16009327869404,1.373393,0.061312,1.166863,960
live,852,16009336496011,16009336637771,16009336714476,16009337885115,1.389104,0.076705,1.170639,960
live,853,16009346496011,16009346644810,16009346709259,16009348546370,2.050359,0.064449,1.837111,960
live,854,16009356496011,16009356652809,16009356731562,16009357918009,1.421998,0.078753,1.186447,960
live,855,16009366496011,16009366649416,16009366711497,16009367891960,1.395949,0.062081,1.180463,960
live,856,16009376496011,16009376647655,16009376725032,16009377935319,1.439308,0.077377,1.210287,960
live,857,16009386496011,16009386648422,16009386733479,16009387942678,1.446667,0.085057,1.209199,960
live,858,16009396496011,16009396650148,16009396736838,16009397922677,1.426666,0.08669,1.185839,960
live,859,16009406496011,16009406672355,16009406761893,16009408068853,1.572842,0.089538,1.30696,960
live,860,16009416496011,16009416655330,16009416734947,16009421897605,5.401594,0.079617,5.162658,960
live,861,16009426496011,16009426656673,16009426731842,16009427923889,1.427878,0.075169,1.192047,960
live,862,16009436496011,16009436648256,16009436729249,16009437918192,1.422181,0.080993,1.188943,960
live,863,16009446496011,16009446645886,16009446723455,16009447905902,1.409891,0.077569,1.182447,960
live,864,16009456496011,16009456654173,16009456745150,16009457966510,1.470499,0.090977,1.22136,960
live,865,16009466496011,16009466649628,16009466725021,16009467918220,1.422209,0.075393,1.193199,960
live,866,16009476496011,16009476648859,16009476715740,16009477899595,1.403584,0.066881,1.183855,960
live,867,16009486496011,16009486648570,16009486717338,16009487891977,1.395966,0.068768,1.174639,960
live,868,16009496496011,16009496643896,16009496722809,16009497902408,1.406397,0.078913,1.179599,960
live,869,16009506496011,16009506651031,16009506738168,16009507976008,1.479997,0.087137,1.23784,960
live,870,16009516496011,16009516648310,16009516735927,16009517919142,1.423131,0.087617,1.183215,960
live,871,16009526496011,16009526640213,16009526706933,16009527884836,1.388825,0.06672,1.177903,960
live,872,16009536496011,16009536640371,16009536702740,16009537877507,1.381496,0.062369,1.174767,960
live,873,16009546496011,16009546642322,16009546709779,16009547888642,1.392631,0.067457,1.178863,960
live,874,16009556496011,16009556652433,16009556748434,16009558002722,1.506711,0.096001,1.254288,960
live,875,16009566496011,16009566651792,16009566725361,16009567917152,1.421141,0.073569,1.191791,960
live,876,16009576496011,16009576642287,16009576720176,16009577897311,1.4013,0.077889,1.177135,960
live,877,16009586496011,16009586649998,16009586719246,16009587895933,1.399922,0.069248,1.176687,960
live,878,16009596496011,16009596646028,16009596712365,16009597880796,1.384785,0.066337,1.168431,960
live,879,16009606496011,16009606648683,16009606739980,16009607962940,1.466929,0.091297,1.22296,960
live,880,16009616496011,16009616647882,16009616736875,16009622002350,5.506339,0.088993,5.265475,960
live,881,16009626496011,16009626667689,16009626766570,16009628071931,1.57592,0.098881,1.305361,960
live,882,16009636496011,16009636656680,16009636734505,16009637941112,1.445101,0.077825,1.206607,960
live,883,16009646496011,16009646644134,16009646722247,16009647908790,1.412779,0.078113,1.186543,960
live,884,16009656496011,16009656652357,16009656741574,16009657996854,1.500843,0.089217,1.25528,960
live,885,16009666496011,16009666646436,16009666721189,16009667922356,1.426345,0.074753,1.201167,960
live,886,16009676496011,16009676638787,16009676716964,16009677915731,1.41972,0.078177,1.198767,960
live,887,16009686496011,16009686636225,16009686713250,16009687886257,1.390246,0.077025,1.173007,960
live,888,16009696496011,16009696643136,16009696712193,16009697894064,1.398053,0.069057,1.181871,960
live,889,16009706496011,16009706644063,16009706718944,16009707942159,1.446148,0.074881,1.223215,960
live,890,16009716496011,16009716649886,16009716717183,16009717894094,1.398083,0.067297,1.176911,960
live,891,16009726496011,16009726633724,16009726710653,16009727892748,1.396737,0.076929,1.182095,960
live,892,16009736496011,16009736643643,16009736737469,16009737913547,1.417536,0.093826,1.176078,960
live,893,16009746496011,16009746647098,16009746714331,16009747899498,1.403487,0.067233,1.185167,960
live,894,16009756496011,16009756644985,16009756727770,16009757971466,1.475455,0.082785,1.243696,960
live,895,16009766496011,16009766649272,16009766713945,16009767911592,1.415581,0.064673,1.197647,960
live,896,16009776496011,16009776637591,16009776712439,16009777885734,1.389723,0.074848,1.173295,960
live,897,16009786496011,16009786638357,16009786712118,16009787876869,1.380858,0.073761,1.164751,960
live,898,16009796496011,16009796639156,16009796733749,16009797906660,1.410649,0.094593,1.172911,960
replay,899,16009806496011,16009807417245,16009807571999,16009857577593,51.081582,0.154754,50.005594,73088
live,899,16009806496011,16009807365340,16009808218823,16009810901929,4.405918,0.853483,2.683106,960
live,900,16009816496011,16009818787757,16009819083953,16009826465806,9.969795,0.296196,7.381853,960
live,901,16009826496011,16009826856563,16009826991509,16009828457480,1.961469,0.134946,1.465971,960
live,902,16009836496011,16009836755089,16009837227959,16009839671414,3.175403,0.47287,2.443455,960
live,903,16009846496011,16009846744655,16009847212245,16009849657492,3.161481,0.46759,2.445247,960
live,904,16009856496011,16009857869789,16009858155392,16009861509035,5.013024,0.285603,3.353643,960
live,905,16009866496011,16009866681900,16009866774029,16009868441891,1.94588,0.092129,1.667862,960
live,906,16009876496011,16009876663339,16009876754284,16009879194667,2.698656,0.090945,2.440383,960
live,907,16009886496011,16009886654025,16009886753835,16009889182602,2.686591,0.09981,2.428767,960
live,908,16009896496011,16009896656904,16009896753706,16009899196873,2.700862,0.096802,2.443167,960
live,909,16009906496011,16009906658823,16009906737256,16009908898212,2.402201,0.078433,2.160956,960
live,910,16009916496011,16009916674086,16009916778567,16009918997316,2.501305,0.104481,2.218749,960
live,911,16009926496011,16009926660517,16009926753894,16009928938722,2.442711,0.093377,2.184828,960
live,912,16009936496011,16009936658468,16009936750725,16009938900288,2.404277,0.092257,2.149563,960
live,913,16009946496011,16009946729763,16009946827428,16009948980576,2.484565,0.097665,2.153148,960
live,914,16009956496011,16009956700290,16009956801347,16009959081536,2.585525,0.101057,2.280189,960
live,915,16009966496011,16009966683456,16009966790050,16009969011966,2.515955,0.106594,2.221916,960
live,916,16009976496011,16009976666111,16009976760896,16009978854427,2.358416,0.094785,2.093531,960
live,917,16009986496011,16009986657181,16009986750047,16009988927034,2.431023,0.092866,2.176987,960
live,918,16009996496011,16009996654908,16009996728765,16009998818552,2.322541,0.073857,2.089787,960
live,919,16010006496011,16010006642843,16010006736444,16010008884695,2.388684,0.093601,2.148251,960
live,920,16010016496011,16010016677850,16010016783547,16010023404623,6.908612,0.105697,6.621076,960
live,921,16010026496011,16010026666681,16010026767418,16010028964118,2.468107,0.100737,2.1967,960
live,922,16010036496011,16010036658775,16010036748377,16010038887732,2.391721,0.089602,2.139355,960
live,923,16010046496011,16010046648278,16010046740791,16010048888819,2.392808,0.092513,2.148028,960
live,924,16010056496011,16010056654101,16010056748502,16010058941138,2.445127,0.094401,2.192636,960
live,925,16010066496011,16010066693524,16010066807670,16010069082419,2.586408,0.114146,2.274749,960
live,926,16010076496011,16010076667667,16010076773876,16010078917615,2.421604,0.106209,2.143739,960
live,927,16010086496011,16010086665266,16010086776851,16010088175301,1.67929,0.111585,1.39845,960
live,928,16010096496011,16010096668528,16010096757842,16010097999041,1.50303,0.089314,1.241199,960
live,929,16010106496011,16010106651663,16010106738096,16010107946943,1.450932,0.086433,1.208847,960
live,930,16010116496011,16010117046707,16010117163892,16010118435012,1.939001,0.117185,1.27112,960
live,931,16010126496011,16010126681869,16010126777582,16010127983325,1.487314,0.095713,1.205743,960
live,932,16010136496011,16010136665580,16010136755405,16010137961116,1.465105,0.089825,1.205711,960
live,933,16010146496011,16010146653034,16010146740939,16010147934426,1.438415,0.087905,1.193487,960
live,934,16010156496011,16010156650025,16010156735210,16010157916921,1.42091,0.085185,1.181711,960
live,935,16010166496011,16010166647944,16010166741737,16010168658177,2.162166,0.093793,1.91644,960
live,936,16010176496011,16010176652935,16010176731464,16010177953079,1.457068,0.078529,1.221615,960
live,937,16010186496011,16010186651909,16010186724838,16010187913621,1.41761,0.072929,1.188783,960
live,938,16010196496011,16010196650628,16010196719365,16010197901972,1.405961,0.068737,1.182607,960
live,939,16010206496011,16010206665091,16010207075624,16010209264708,2.768697,0.410533,2.189084,960
live,940,16010216496011,16010216679362,16010217094471,16010223605178,7.109167,0.415109,6.510707,960
live,941,16010226496011,16010226669217,16010226788418,16010228977406,2.481395,0.119201,2.188988,960
live,942,16010236496011,16010236651615,16010236757089,16010238901180,2.405169,0.105474,2.144091,960
live,943,16010246496011,16010246643550,16010246732127,16010248896731,2.40072,0.088577,2.164604,960
live,944,16010256496011,16010256643165,16010256716414,16010258825912,2.329901,0.073249,2.109498,960
live,945,16010266496011,16010266644220,16010266732317,16010268881496,2.385485,0.088097,2.149179,960
live,946,16010276496011,16010276650170,16010276747708,16010278904215,2.408204,0.097538,2.156507,960
live,947,16010286496011,16010287019230,16010287149664,16010289298555,2.802544,0.130434,2.148891,960
live,948,16010296496011,16010296710553,16010296832090,16010298955669,2.459658,0.121537,2.123579,960
live,949,16010306496011,16010306728792,16010306853977,16010309056501,2.56049,0.125185,2.202524,960
live,950,16010316496011,16010316668374,16010316767351,16010318894066,2.398055,0.098977,2.126715,960
live,951,16010326496011,16010326661045,16010326763542,16010328920081,2.42407,0.102497,2.156539,960
live,952,16010336496011,16010336655091,16010336731316,16010339116338,2.620327,0.076225,2.385022,960
live,953,16010346496011,16010346646514,16010346734739,16010349138994,2.642983,0.088225,2.404255,960
live,954,16010356496011,16010356645393,16010356732210,16010359118704,2.622693,0.086817,2.386494,960
live,955,16010366496011,16010366645584,16010366723729,16010368895212,2.399201,0.078145,2.171483,960
live,956,16010376496011,16010376689455,16010376815792,16010379009580,2.513569,0.126337,2.193788,960
live,957,16010386496011,16010386664365,16010386759279,16010388920010,2.423999,0.094914,2.160731,960
live,958,16010396496011,16010396648780,16010396730861,16010399008490,2.512479,0.082081,2.277629,960
live,959,16010406496011,16010406645035,16010406721900,16010408880967,2.384956,0.076865,2.159067,960
live,960,16010416496011,16010416636553,16010416720938,16010423683107,7.187096,0.084385,6.962169,960
live,961,16010426496011,16010426650824,16010426764682,16010428952326,2.456315,0.113858,2.187644,960
live,962,16010436496011,16010436644647,16010436723016,16010438825251,2.32924,0.078369,2.102235,960
live,963,16010446496011,16010446636326,16010446722087,16010448876546,2.380535,0.085761,2.154459,960
live,964,16010456496011,16010456647973,16010456736934,16010458867585,2.371574,0.088961,2.130651,960
live,965,16010466496011,16010466640483,16010466717572,16010468902496,2.406485,0.077089,2.184924,960
live,966,16010476496011,16010476651874,16010476753060,16010478908255,2.412244,0.101186,2.155195,960
live,967,16010486496011,16010486648417,16010486735426,16010488874685,2.378674,0.087009,2.139259,960
live,968,16010496496011,16010496640384,16010496717825,16010499265281,2.76927,0.077441,2.547456,960
live,969,16010506496011,16010507000643,16010507125477,16010509246560,2.750549,0.124834,2.121083,960
live,970,16010516496011,16010516681534,16010516789727,16010518997179,2.501168,0.108193,2.207452,960
live,971,16010526496011,16010526666365,16010526794622,16010528983098,2.487087,0.128257,2.188476,960
live,972,16010536496011,16010536687132,16010536784989,16010538951640,2.455629,0.097857,2.166651,960
live,973,16010546496011,16010546657242,16010546749403,16010548905303,2.409292,0.092161,2.1559,960
live,974,16010556496011,16010556649401,16010556738522,16010558845365,2.349354,0.089121,2.106843,960
live,975,16010566496011,16010566656792,16010566748089,16010568907444,2.411433,0.091297,2.159355,960
live,976,16010576496011,16010576877049,16010577002107,16010579414265,2.918254,0.125058,2.412158,960
live,977,16010586496011,16010586654069,16010586749334,16010588907570,2.411559,0.095265,2.158236,960
live,978,16010596496011,16010596694548,16010596808246,16010598947569,2.451558,0.113698,2.139323,960
live,979,16010606496011,16010606661939,16010606760340,16010608904463,2.408452,0.098401,2.144123,960
live,980,16010616496011,16010616653938,16010616745587,16010622833728,6.337717,0.091649,6.088141,960
live,981,16010626496011,16010626660080,16010626761682,16010629378835,2.882824,0.101602,2.617153,960
live,982,16010636496011,16010636657615,16010636749840,16010638895980,2.399969,0.092225,2.14614,960
live,983,16010646496011,16010646649550,16010646730127,16010648880906,2.384895,0.080577,2.150779,960
live,984,16010656496011,16010656640045,16010656716685,16010658829480,2.333469,0.07664,2.112795,960
live,985,16010666496011,16010666642955,16010666728364,16010668866888,2.370877,0.085409,2.138524,960
live,986,16010676496011,16010676640394,16010676727147,16010679133578,2.637567,0.086753,2.406431,960
live,987,16010686496011,16010686656073,16010686752938,16010688958886,2.462875,0.096865,2.205948,960
live,988,16010696496011,16010696645160,16010696731593,16010698863492,2.367481,0.086433,2.131899,960
live,989,16010706496011,16010706691495,16010706785640,16010708915107,2.419096,0.094145,2.129467,960
live,990,16010716496011,16010716667398,16010716774279,16010718879554,2.383543,0.106881,2.105275,960
live,991,16010726496011,16010726647204,16010726734437,16010728917185,2.421174,0.087233,2.182748,960
live,992,16010736496011,16010736662851,16010736767748,16010738921920,2.425909,0.104897,2.154172,960
live,993,16010746496011,16010746666786,16010746771971,16010748916255,2.420244,0.105185,2.144284,960
live,994,16010756496011,16010756660769,16010756754498,16010758934334,2.438323,0.093729,2.179836,960
live,995,16010766496011,16010766644575,16010766736544,16010768868188,2.372177,0.091969,2.131644,960
live,996,16010776496011,16010776643998,16010776719615,16010778808602,2.312591,0.075617,2.088987,960
live,997,16010786496011,16010786643229,16010786740414,16010788901978,2.405967,0.097185,2.161564,960
live,998,16010796496011,16010796647356,16010796732989,16010798837912,2.341901,0.085633,2.104923,960
live,999,16010806496011,16010807177761,16010807353315,16010810157255,3.661244,0.175554,2.80394,960
replay,999,16010806496011,16010807246050,16010807727208,16010857330973,50.834962,0.481158,49.603765,73088
live,1000,16010816496011,16010818028235,16010818318639,16010826521175,10.025164,0.290404,8.202536,960
live,1001,16010826496011,16010826949756,16010827088350,16010829351898,2.855887,0.138594,2.263548,960
live,1002,16010836496011,16010836697336,16010836819897,16010839135798,2.639787,0.122561,2.315901,960
live,1003,16010846496011,16010846714999,16010846835160,16010849235191,2.73918,0.120161,2.400031,960
live,1004,16010856496011,16010857566816,16010857812931,16010860273698,3.777687,0.246115,2.460767,960
live,1005,16010866496011,16010866683060,16010866762101,16010868685613,2.189602,0.079041,1.923512,960
live,1006,16010876496011,16010876695635,16010876861717,16010879132786,2.636775,0.166082,2.271069,960
live,1007,16010886496011,16010886725426,16010886857556,16010889122960,2.626949,0.13213,2.265404,960
live,1008,16010896496011,16010896673552,16010896767697,16010898867724,2.371713,0.094145,2.100027,960
live,1009,16010906496011,16010906654191,16010906735408,16010908862027,2.366016,0.081217,2.126619,960
live,1010,16010916496011,16010916647117,16010916735854,16010918861961,2.36595,0.088737,2.126107,960
live,1011,16010926496011,16010926645036,16010926720781,16010928863784,2.367773,0.075745,2.143003,960
live,1012,16010936496011,16010936751020,16010936891470,16010939245964,2.749953,0.14045,2.354494,960
live,1013,16010946496011,16010946655594,16010946751979,16010948925671,2.42966,0.096385,2.173692,960
live,1014,16010956496011,16010956650729,16010956755978,16010958460191,1.96418,0.105249,1.704213,960
live,1015,16010966496011,16010966696328,16010966804521,16010968182523,1.686512,0.108193,1.378002,960
live,1016,16010976496011,16010976674886,16010976786984,16010978045688,1.549677,0.112098,1.258704,960
live,1017,16010986496011,16010986671077,16010986767974,16010989760588,3.264577,0.096897,2.992614,960
live,1018,16010996496011,16010996702948,16010997117354,16010999295141,2.79913,0.414406,2.177787,960
live,1019,16011006496011,16011006701987,16011007114408,16011009333732,2.837721,0.412421,2.219324,960
live,1020,16011016496011,16011016658593,16011016757507,16011023363862,6.867851,0.098914,6.606355,960
live,1021,16011026496011,16011026662624,16011026774562,16011028898621,2.40261,0.111938,2.124059,960
live,1022,16011036496011,16011036653055,16011036731360,16011038822362,2.326351,0.078305,2.091002,960
live,1023,16011046496011,16011046660126,16011046766143,16011048970427,2.474416,0.106017,2.204284,960
live,1024,16011056496011,16011056647868,16011056728669,16011058892345,2.396334,0.080801,2.163676,960
live,1025,16011066496011,16011066649275,16011066737404,16011068885976,2.389965,0.088129,2.148572,960
live,1026,16011076496011,16011076655290,16011076764411,16011078877686,2.381675,0.109121,2.113275,960
live,1027,16011086496011,16011086647545,16011086726202,16011088851669,2.355658,0.078657,2.125467,960
live,1028,16011096496011,16011096652184,16011096748761,16011098924788,2.428777,0.096577,2.176027,960
live,1029,16011106496011,16011106650486,16011106728343,16011108851122,2.355111,0.077857,2.122779,960
live,1030,16011116496011,16011116642229,16011116731318,16011118823921,2.32791,0.089089,2.092603,960
live,1031,16011126496011,16011126645972,16011126734517,16011128829136,2.333125,0.088545,2.094619,960
live,1032,16011136496011,16011136645715,16011136730612,16011138817006,2.320995,0.084897,2.086394,960
live,1033,16011146496011,16011146648594,16011146753491,16011148953519,2.457508,0.104897,2.200028,960
live,1034,16011156496011,16011156655952,16011156730417,16011158864364,2.368353,0.074465,2.133947,960
live,1035,16011166496011,16011166644527,16011166738032,16011168862987,2.366976,0.093505,2.124955,960
live,1036,16011176496011,16011176645454,16011176745071,16011178854442,2.358431,0.099617,2.109371,960
live,1037,16011186496011,16011186648749,16011186725550,16011188848937,2.352926,0.076801,2.123387,960
live,1038,16011196496011,16011196655052,16011196763565,16011198933832,2.437821,0.108513,2.170267,960
live,1039,16011206496011,16011206651530,16011206727723,16011208063132,1.567121,0.076193,1.335409,960
live,1040,16011216496011,16011216679113,16011216777675,16011222147951,5.65194,0.098562,5.370276,960
live,1041,16011226496011,16011226660872,16011226756649,16011227965241,1.46923,0.095777,1.208592,960
live,1042,16011236496011,16011236651879,16011236735368,16011237935063,1.439052,0.083489,1.199695,960
live,1043,16011246496011,16011246663750,16011246750439,16011247983414,1.487403,0.086689,1.232975,960
live,1044,16011256496011,16011256653668,16011256738469,16011257930325,1.434314,0.084801,1.191856,960
live,1045,16011266496011,16011266643043,16011266727268,16011267916179,1.420168,0.084225,1.188911,960
live,1046,16011276496011,16011276648642,16011276737379,16011277920498,1.424487,0.088737,1.183119,960
live,1047,16011286496011,16011286645537,16011286741986,16011287976145,1.480134,0.096449,1.234159,960
live,1048,16011296496011,16011296655040,16011296740833,16011297952496,1.456485,0.085793,1.211663,960
live,1049,16011306496011,16011306648286,16011306712895,16011307913582,1.417571,0.064609,1.200687,960
live,1050,16011316496011,16011316640829,16011316707230,16011317887565,1.391554,0.066401,1.180335,960
live,1051,16011326496011,16011326671868,16011327084225,16011328478483,1.982472,0.412357,1.394258,960
live,1052,16011336496011,16011336646683,16011336720700,16011337936555,1.440544,0.074017,1.215855,960
live,1053,16011346496011,16011346763899,16011346873020,16011348545457,2.049446,0.109121,1.672437,960
live,1054,16011356496011,16011356655800,16011356733305,16011357954953,1.458942,0.077505,1.221648,960
live,1055,16011366496011,16011366643031,16011366720920,16011367906503,1.410492,0.077889,1.185583,960
live,1056,16011376496011,16011376659798,16011377055739,16011379157302,2.661291,0.395941,2.101563,960
live,1057,16011386496011,16011386680565,16011387074426,16011389281718,2.785707,0.393861,2.207292,960
live,1058,16011396496011,16011396640755,16011396723380,16011399607865,3.111854,0.082625,2.884485,960
live,1059,16011406496011,16011406652722,16011406742963,16011408881742,2.385731,0.090241,2.138779,960
live,1060,16011416496011,16011416646641,16011416727314,16011422813855,6.317844,0.080673,6.086541,960
live,1061,16011426496011,16011426656080,16011426759185,16011428916237,2.420226,0.103105,2.157052,960
live,1062,16011436496011,16011436654671,16011436746960,16011438897387,2.401376,0.092289,2.150427,960
live,1063,16011446496011,16011446672238,16011446772047,16011448972715,2.476704,0.099809,2.200668,960
live,1064,16011456496011,16011456656460,16011456748653,16011458876232,2.380221,0.092193,2.127579,960
live,1065,16011466496011,16011466693484,16011466785869,16011468919272,2.423261,0.092385,2.133403,960
live,1066,16011476496011,16011476674378,16011476762251,16011478837413,2.341402,0.087873,2.075162,960
live,1067,16011486496011,16011486653897,16011486726954,16011488854084,2.358073,0.073057,2.12713,960
live,1068,16011496496011,16011496644807,16011496722632,16011498829315,2.333304,0.077825,2.106683,960
live,1069,16011506496011,16011506650822,16011506732199,16011508916195,2.420184,0.081377,2.183996,960
live,1070,16011516496011,16011516642501,16011516721414,16011518847297,2.351286,0.078913,2.125883,960
live,1071,16011526496011,16011526642948,16011526719141,16011528851008,2.354997,0.076193,2.131867,960
live,1072,16011536496011,16011536645090,16011536745732,16011538867167,2.371156,0.100642,2.121435,960
live,1073,16011546496011,16011546648833,16011546723362,16011548824221,2.32821,0.074529,2.100859,960
live,1074,16011556496011,16011556655776,16011556755745,16011558914717,2.418706,0.099969,2.158972,960
live,1075,16011566496011,16011566656895,16011566747232,16011568893147,2.397136,0.090337,2.145915,960
live,1076,16011576496011,16011576654814,16011576748063,16011578856314,2.360303,0.093249,2.108251,960
live,1077,16011586496011,16011586644412,16011586721309,16011588848696,2.352685,0.076897,2.127387,960
live,1078,16011596496011,16011596643323,16011596717276,16011598797398,2.301387,0.073953,2.080122,960
live,1079,16011606496011,16011606644250,16011606726715,16011608869302,2.373291,0.082465,2.142587,960
live,1080,16011616496011,16011616643673,16011616718490,16011622816487,6.320476,0.074817,6.097997,960
live,1081,16011626496011,16011626651416,16011626732665,16011628866196,2.370185,0.081249,2.133531,960
live,1082,16011636496011,16011636645718,16011636735256,16011638831634,2.335623,0.089538,2.096378,960
live,1083,16011646496011,16011646647285,16011646746134,16011648918642,2.422631,0.098849,2.172508,960
live,1084,16011656496011,16011656658996,16011656761333,16011658894352,2.398341,0.102337,2.133019,960
live,1085,16011666496011,16011666669267,16011666766804,16011668952592,2.456581,0.097537,2.185788,960
live,1086,16011676496011,16011676654450,16011676744083,16011678834285,2.338274,0.089633,2.090202,960
live,1087,16011686496011,16011686645808,16011686747762,16011688866060,2.370049,0.101954,2.118298,960
live,1088,16011696496011,16011696651791,16011696737936,16011698826955,2.330944,0.086145,2.089019,960
live,1089,16011706496011,16011706649166,16011706745903,16011708921579,2.425568,0.096737,2.175676,960
live,1090,16011716496011,16011716646861,16011716741134,16011718881737,2.385726,0.094273,2.140603,960
live,1091,16011726496011,16011726641867,16011726730445,16011728857064,2.361053,0.088578,2.126619,960
live,1092,16011736496011,16011736640234,16011736717227,16011738800454,2.304443,0.076993,2.083227,960
live,1093,16011746496011,16011746642249,16011746722442,16011748867589,2.371578,0.080193,2.145147,960
live,1094,16011756496011,16011756647976,16011756741097,16011758850756,2.354745,0.093121,2.109659,960
live,1095,16011766496011,16011766643335,16011766732840,16011768848131,2.35212,0.089505,2.115291,960
live,1096,16011776496011,16011776642597,16011776720646,16011778825057,2.329046,0.078049,2.104411,960
live,1097,16011786496011,16011786641604,16011786716229,16011788829888,2.333877,0.074625,2.113659,960
live,1098,16011796496011,16011796640099,16011796715748,16011798819679,2.323668,0.075649,2.103931,960
live,1099,16011806496011,16011807667151,16011807821777,16011810640917,4.144906,0.154626,2.81914,960
replay,1099,16011806496011,16011807714159,16011808258742,16011866368279,59.872268,0.544583,58.109537,73088
live,1100,16011816496011,16011816955301,16011818861533,16011826649983,10.153972,1.906232,7.78845,960
live,1101,16011826496011,16011827111365,16011827236007,16011829057854,2.561843,0.124642,1.821847,960
live,1102,16011836496011,16011836696799,16011836815776,16011838597399,2.101388,0.118977,1.781623,960
live,1103,16011846496011,16011846683934,16011846806687,16011848582710,2.086699,0.122753,1.776023,960
live,1104,16011856496011,16011857441670,16011857624104,16011862432677,5.936666,0.182434,4.808573,960
live,1105,16011866496011,16011866868093,16011866997887,16011868352048,1.856037,0.129794,1.354161,960
live,1106,16011876496011,16011876680826,16011876777563,16011878026027,1.530016,0.096737,1.248464,960
live,1107,16011886496011,16011886660408,16011886765210,16011888193932,1.697921,0.104802,1.428722,960
live,1108,16011896496011,16011896670583,16011896765977,16011898024232,1.528221,0.095394,1.258255,960
live,1109,16011906496011,16011906661110,16011906736183,16011907937702,1.441691,0.075073,1.201519,960
live,1110,16011916496011,16011916663157,16011916761654,16011918042182,1.546171,0.098497,1.280528,960
live,1111,16011926496011,16011926654227,16011926735445,16011927941668,1.445657,0.081218,1.206223,960
live,1112,16011936496011,16011936650706,16011936734483,16011937928290,1.432279,0.083777,1.193807,960
live,1113,16011946496011,16011946648977,16011946728978,16011947909473,1.413462,0.080001,1.180495,960
live,1114,16011956496011,16011956649648,16011956734737,16011957921472,1.425461,0.085089,1.186735,960
live,1115,16011966496011,16011966674319,16011966783088,16011968098625,1.602614,0.108769,1.315537,960
live,1116,16011976496011,16011976673102,16011976763471,16011977966238,1.470227,0.090369,1.202767,960
live,1117,16011986496011,16011986652876,16011986736525,16011987923612,1.427601,0.083649,1.187087,960
live,1118,16011996496011,16011996650187,16011996732716,16011997913755,1.417744,0.082529,1.181039,960
live,1119,16012006496011,16012006641898,16012006723115,16012007913466,1.417455,0.081217,1.190351,960
live,1120,16012016496011,16012016659625,16012016751818,16012022471890,5.975879,0.092193,5.720072,960
live,1121,16012026496011,16012026665928,16012026762313,16012027998296,1.502285,0.096385,1.235983,960
live,1122,16012036496011,16012036647558,16012036732039,16012037934774,1.438763,0.084481,1.202735,960
live,1123,16012046496011,16012046650117,16012046719782,16012047917173,1.421162,0.069665,1.197391,960
live,1124,16012056496011,16012056648644,16012056717349,16012057908724,1.412713,0.068705,1.191375,960
live,1125,16012066496011,16012066716675,16012066820005,16012068173526,1.677515,0.10333,1.353521,960
live,1126,16012076496011,16012076655649,16012076734946,16012077951250,1.455239,0.079297,1.216304,960
live,1127,16012086496011,16012086652000,16012086734657,16012087931152,1.435141,0.082657,1.196495,960
live,1128,16012096496011,16012096655743,16012096750048,16012098413365,1.917354,0.094305,1.663317,960
live,1129,16012106496011,16012106644510,16012106728575,16012108406004,1.909993,0.084065,1.677429,960
live,1130,16012116496011,16012116675005,16012116800574,16012118834296,2.338285,0.125569,2.033722,960
live,1131,16012126496011,16012126671900,16012126767197,16012128444178,1.948167,0.095297,1.676981,960
live,1132,16012136496011,16012136655418,16012136751675,16012138317775,1.821764,0.096257,1.5661,960
live,1133,16012146496011,16012146651513,16012146721274,16012148288462,1.792451,0.069761,1.567188,960
live,1134,16012156496011,16012156647928,16012156722169,16012158245100,1.749089,0.074241,1.522931,960
live,1135,16012166496011,16012166650070,16012166727447,16012167999240,1.503229,0.077377,1.271793,960
live,1136,16012176496011,16012176684950,16012177094747,16012179741660,3.245649,0.409797,2.646913,960
live,1137,16012186496011,16012186679924,16012187106586,16012189729115,3.233104,0.426662,2.622529,960
live,1138,16012196496011,16012196693651,16012197123577,16012199578808,3.082797,0.429926,2.455231,960
live,1139,16012206496011,16012206648082,16012206740627,16012208851214,2.355203,0.092545,2.110587,960
live,1140,16012216496011,16012216651408,16012216725073,16012222265976,5.769965,0.073665,5.540903,960
live,1141,16012226496011,16012226660847,16012226751056,16012227980448,1.484437,0.090209,1.229392,960
live,1142,16012236496011,16012236699727,16012236785808,16012237977503,1.481492,0.086081,1.191695,960
live,1143,16012246496011,16012246670797,16012246758030,16012247950365,1.454354,0.087233,1.192335,960
live,1144,16012256496011,16012256654924,16012256740397,16012257923164,1.427153,0.085473,1.182767,960
live,1145,16012266496011,16012266652266,16012266744140,16012268125565,1.629554,0.091874,1.381425,960
live,1146,16012276496011,16012276664457,16012276763659,16012278325470,1.829459,0.099202,1.561811,960
live,1147,16012286496011,16012286659496,16012286744937,16012288312541,1.81653,0.085441,1.567604,960
live,1148,16012296496011,16012296644071,16012296713416,16012298227291,1.73128,0.069345,1.513875,960
live,1149,16012306496011,16012306649766,16012306721254,16012307892405,1.396394,0.071488,1.171151,960
live,1150,16012316496011,16012316649348,16012316769542,16012318111287,1.615276,0.120194,1.341745,960
live,1151,16012326496011,16012326654211,16012326750468,16012328072565,1.576554,0.096257,1.322097,960
live,1152,16012336496011,16012336658786,16012336743075,16012337971699,1.475688,0.084289,1.228624,960
live,1153,16012346496011,16012346678881,16012346769154,16012347983890,1.487879,0.090273,1.214736,960
live,1154,16012356496011,16012356659136,16012356748737,16012357953200,1.457189,0.089601,1.204463,960
live,1155,16012366496011,16012366657950,16012366741087,16012367960463,1.464452,0.083137,1.219376,960
live,1156,16012376496011,16012376668541,16012377063522,16012379210078,2.714067,0.394981,2.146556,960
live,1157,16012386496011,16012386663868,16012387056833,16012389293661,2.79765,0.392965,2.236828,960
live,1158,16012396496011,16012396649531,16012396740604,16012398844086,2.348075,0.091073,2.103482,960
live,1159,16012406496011,16012406651577,16012406737755,16012408875190,2.379179,0.086178,2.137435,960
live,1160,16012416496011,16012416665688,16012416771162,16012422889127,6.393116,0.105474,6.117965,960
live,1161,16012426496011,16012426665719,16012426783193,16012428937748,2.441737,0.117474,2.154555,960
live,1162,16012436496011,16012436651702,16012436739383,16012438844786,2.348775,0.087681,2.105403,960
live,1163,16012446496011,16012446645653,16012446722678,16012448847344,2.351333,0.077025,2.124666,960
live,1164,16012456496011,16012456646963,16012456732436,16012458821199,2.325188,0.085473,2.088763,960
live,1165,16012466496011,16012466649010,16012466737043,16012468994896,2.498885,0.088033,2.257853,960
live,1166,16012476496011,16012476658609,16012476762130,16012478940782,2.444771,0.103521,2.178652,960
live,1167,16012486496011,16012486655184,16012486745489,16012488885676,2.389665,0.090305,2.140187,960
live,1168,16012496496011,16012496648943,16012496737360,16012498845258,2.349247,0.088417,2.107898,960
live,1169,16012506496011,16012506649421,16012506737038,16012508883786,2.387775,0.087617,2.146748,960
live,1170,16012516496011,16012516645868,16012516719437,16012518801191,2.30518,0.073569,2.081754,960
live,1171,16012526496011,16012526649771,16012526752684,16012528914728,2.418717,0.102913,2.162044,960
live,1172,16012536496011,16012536651562,16012536739691,16012538837413,2.341402,0.088129,2.097722,960
live,1173,16012546496011,16012546647176,16012546740650,16012548381310,1.885299,0.093474,1.64066,960
live,1174,16012556496011,16012556675528,16012556803817,16012558209723,1.713712,0.128289,1.405906,960
live,1175,16012566496011,16012566674022,16012566777320,16012568125945,1.629934,0.103298,1.348625,960
live,1176,16012576496011,16012576885928,16012577053930,16012578503996,2.007985,0.168002,1.450066,960
live,1177,16012586496011,16012586666244,16012586757381,16012588864224,2.368213,0.091137,2.106843,960
live,1178,16012596496011,16012596659267,16012596753444,16012599321732,2.825721,0.094177,2.568288,960
live,1179,16012606496011,16012606655361,16012606737474,16012609184641,2.68863,0.082113,2.447167,960
live,1180,16012616496011,16012616651680,16012616738785,16012622863919,6.367908,0.087105,6.125134,960
live,1181,16012626496011,16012626656895,16012626758400,16012629652965,3.156954,0.101505,2.894565,960
live,1182,16012636496011,16012636653566,16012636742559,16012638899578,2.403567,0.088993,2.157019,960
live,1183,16012646496011,16012646643676,16012646730621,16012648875865,2.379854,0.086945,2.145244,960
live,1184,16012656496011,16012656648763,16012656723292,16012658839543,2.343532,0.074529,2.116251,960
live,1185,16012666496011,16012666643130,16012666731643,16012668977208,2.481197,0.088513,2.245565,960
live,1186,16012676496011,16012676669817,16012676761754,16012679601886,3.105875,0.091937,2.840132,960
live,1187,16012686496011,16012686648600,16012686737753,16012689373594,2.877583,0.089153,2.635841,960
live,1188,16012696496011,16012696650070,16012696738328,16012699139574,2.643563,0.088258,2.401246,960
live,1189,16012706496011,16012706642357,16012706728278,16012708890322,2.394311,0.085921,2.162044,960
live,1190,16012716496011,16012716642548,16012716735061,16012718867984,2.371973,0.092513,2.132923,960
live,1191,16012726496011,16012726643699,16012726721588,16012728857327,2.361316,0.077889,2.135739,960
live,1192,16012736496011,16012736643377,16012736733459,16012738887278,2.391267,0.090082,2.153819,960
live,1193,16012746496011,16012746645360,16012746724305,16012748861772,2.365761,0.078945,2.137467,960
live,1194,16012756496011,16012756644527,16012756730192,16012758817035,2.321024,0.085665,2.086843,960
live,1195,16012766496011,16012766644494,16012766743151,16012768926379,2.430368,0.098657,2.183228,960
live,1196,16012776496011,16012776654893,16012776754062,16012778862185,2.366174,0.099169,2.108123,960
live,1197,16012786496011,16012786675116,16012786787309,16012789000297,2.504286,0.112193,2.212988,960
live,1198,16012796496011,16012796656618,16012796746316,16012798876359,2.380348,0.089698,2.130043,960
live,1199,16012806496011,16012807286641,16012807467283,16012811669097,5.173086,0.180642,4.201814,960
replay,1199,16012806496011,16012807348498,16012807609301,16012863641084,57.145073,0.260803,56.031783,73088
live,1200,16012816496011,16012818116442,16012818442943,16012827783445,11.287434,0.326501,9.340502,960
live,1201,16012826496011,16012827391216,16012827979416,16012830214580,3.718569,0.5882,2.235164,960
live,1202,16012836496011,16012836745159,16012836886920,16012839265063,2.769052,0.141761,2.378143,960
live,1203,16012846496011,16012846696133,16012846824550,16012848930625,2.434614,0.128417,2.106075,960
live,1204,16012856496011,16012857010312,16012857276971,16012860689718,4.193707,0.266659,3.412747,960
live,1205,16012866496011,16012866727075,16012866849764,16012868139029,1.643018,0.122689,1.289265,960
live,1206,16012876496011,16012876654049,16012876732162,16012878683578,2.187567,0.078113,1.951416,960
live,1207,16012886496011,16012886818946,16012886914179,16012889109599,2.613588,0.095233,2.19542,960
live,1208,16012896496011,16012896651294,16012896725791,16012898838586,2.342575,0.074497,2.112795,960
live,1209,16012906496011,16012906642077,16012906715390,16012908825945,2.329934,0.073313,2.110555,960
live,1210,16012916496011,16012916645116,16012916739869,16012918844536,2.348525,0.094753,2.104667,960
live,1211,16012926496011,16012926647835,16012926722908,16012928865655,2.369644,0.075073,2.142747,960
live,1212,16012936496011,16012936647609,16012936724986,16012939044152,2.548141,0.077377,2.319166,960
live,1213,16012946496011,16012946645592,16012946739129,16012948885205,2.389194,0.093537,2.146076,960
live,1214,16012956496011,16012956649271,16012956726776,16012958826355,2.330344,0.077505,2.099579,960
live,1215,16012966496011,16012966643702,16012966728919,16012968844498,2.348487,0.085217,2.115579,960
live,1216,16012976496011,16012976643764,16012976729878,16012979071571,2.57556,0.086114,2.341693,960
live,1217,16012986496011,16012986694740,16012986810133,16012989677818,3.181807,0.115393,2.867685,960
live,1218,16012996496011,16012996804660,16012996919062,16012998322247,1.826236,0.114402,1.403185,960
live,1219,16013006496011,16013006704914,16013006832083,16013008266533,1.770522,0.127169,1.43445,960
live,1220,16013016496011,16013016669552,16013016764497,16013022475354,5.979343,0.094945,5.710857,960
live,1221,16013026496011,16013026679791,16013026773680,16013028059008,1.562997,0.093889,1.285328,960
live,1222,16013036496011,16013036654797,16013036738510,16013037965598,1.469587,0.083713,1.227088,960
live,1223,16013046496011,16013046654732,16013046744397,16013048051198,1.555187,0.089665,1.306801,960
live,1224,16013056496011,16013056648235,16013056731500,16013057947547,1.451536,0.083265,1.216047,960
live,1225,16013066496011,16013066646250,16013066715754,16013067939546,1.443535,0.069504,1.223792,960
live,1226,16013076496011,16013076644936,16013076715657,16013077913112,1.417101,0.070721,1.197455,960
live,1227,16013086496011,16013086642727,16013086712904,16013087918263,1.422252,0.070177,1.205359,960
live,1228,16013096496011,16013096647782,16013096749703,16013098021047,1.525036,0.101921,1.271344,960
live,1229,16013106496011,16013106646245,16013106726310,16013107937845,1.441834,0.080065,1.211535,960
live,1230,16013116496011,16013116642307,16013116716068,16013117919444,1.423433,0.073761,1.203376,960
live,1231,16013126496011,16013126654146,16013126727011,16013127932659,1.436648,0.072865,1.205648,960
live,1232,16013136496011,16013136644449,16013136715106,16013137900849,1.404838,0.070657,1.185743,960
live,1233,16013146496011,16013146656576,16013146745025,16013148049970,1.553959,0.088449,1.304945,960
live,1234,16013156496011,16013156647135,16013156728128,16013157933327,1.437316,0.080993,1.205199,960
live,1235,16013166496011,16013166644157,16013166723198,16013167919214,1.423203,0.079041,1.196016,960
live,1236,16013176496011,16013176646524,16013176715645,16013177917740,1.421729,0.069121,1.202095,960
live,1237,16013186496011,16013186643867,16013186710300,16013187890123,1.394112,0.066433,1.179823,960
live,1238,16013196496011,16013196647002,16013196736315,16013198008907,1.512896,0.089313,1.272592,960
live,1239,16013206496011,16013206646777,16013206757530,16013207960649,1.464638,0.110753,1.203119,960
live,1240,16013216496011,16013216654232,16013216744025,16013224369593,7.873582,0.089793,7.625568,960
live,1241,16013226496011,16013226664022,16013226760536,16013228091913,1.595902,0.096514,1.331377,960
live,1242,16013236496011,16013236653461,16013236746614,16013237984390,1.488379,0.093153,1.237776,960
live,1243,16013246496011,16013246657972,16013246750229,16013248074950,1.578939,0.092257,1.324721,960
live,1244,16013256496011,16013256648243,16013256726228,16013257948483,1.452472,0.077985,1.222255,960
live,1245,16013266496011,16013266645713,16013266725106,16013267924322,1.428311,0.079393,1.199216,960
live,1246,16013276496011,16013276642704,16013276711601,16013277908672,1.412661,0.068897,1.197071,960
live,1247,16013286496011,16013286645487,16013286710512,16013287896607,1.400596,0.065025,1.186095,960
live,1248,16013296496011,16013296926641,16013297006098,16013298243362,1.747351,0.079457,1.237264,960
live,1249,16013306496011,16013306646797,16013306727822,16013307930301,1.43429,0.081025,1.202479,960
live,1250,16013316496011,16013316645547,16013316726764,16013317924540,1.428529,0.081217,1.197776,960
live,1251,16013326496011,16013326649770,16013326724683,16013327904634,1.408623,0.074913,1.179951,960
live,1252,16013336496011,16013336647273,16013336720682,16013337900729,1.404718,0.073409,1.180047,960
live,1253,16013346496011,16013346646024,16013346737481,16013348775491,2.27948,0.091457,2.03801,960
live,1254,16013356496011,16013356651207,16013356737448,16013358783746,2.287735,0.086241,2.046298,960
live,1255,16013366496011,16013366645445,16013366732262,16013368882914,2.386903,0.086817,2.150652,960
live,1256,16013376496011,16013376641380,16013376746309,16013378858208,2.362197,0.104929,2.111899,960
live,1257,16013386496011,16013386644995,16013386730724,16013388879327,2.383316,0.085729,2.148603,960
live,1258,16013396496011,16013396645538,16013396728611,16013399372132,2.876121,0.083073,2.643521,960
live,1259,16013406496011,16013406649601,16013406747298,16013408924029,2.428018,0.097697,2.176731,960
live,1260,16013416496011,16013416646943,16013416735168,16013422847854,6.351843,0.088225,6.112686,960
live,1261,16013426496011,16013426652222,16013426741663,16013428877562,2.381551,0.089441,2.135899,960
live,1262,16013436496011,16013436642973,16013436720670,16013438953242,2.457231,0.077697,2.232572,960
live,1263,16013446496011,16013446648284,16013447768266,16013451017299,4.521288,1.119982,3.249033,960
live,1264,16013456496011,16013456657915,16013456757660,16013459037625,2.541614,0.099745,2.279965,960
live,1265,16013466496011,16013466653433,16013466748250,16013468127148,1.631137,0.094817,1.378898,960
live,1266,16013476496011,16013476649304,16013476731129,16013478820788,2.324777,0.081825,2.089659,960
live,1267,16013486496011,16013486640919,16013486714072,16013488857203,2.361192,0.073153,2.143131,960
live,1268,16013496496011,16013496640245,16013496715030,16013498847377,2.351366,0.074785,2.132347,960
live,1269,16013506496011,16013506657012,16013506737014,16013508878865,2.382854,0.080002,2.141851,960
live,1270,16013516496011,16013516645683,16013516741684,16013518872847,2.376836,0.096001,2.131163,960
live,1271,16013526496011,16013526645106,16013526720467,16013528843118,2.347107,0.075361,2.122651,960
live,1272,16013536496011,16013536645617,16013536734258,16013538880077,2.384066,0.088641,2.145819,960
live,1273,16013546496011,16013546645456,16013546730449,16013548070146,1.574135,0.084993,1.339697,960
live,1274,16013556496011,16013556649422,16013556740207,16013558004384,1.508373,0.090785,1.264177,960
live,1275,16013566496011,16013566647021,16013566726926,16013567930557,1.434546,0.079905,1.203631,960
live,1276,16013576496011,16013576641964,16013576722637,16013577920540,1.424529,0.080673,1.197903,960
live,1277,16013586496011,16013586644331,16013586725452,16013587911611,1.4156,0.081121,1.186159,960
live,1278,16013596496011,16013596647017,16013596735755,16013597924538,1.428527,0.088738,1.188783,960
live,1279,16013606496011,16013606651912,16013606740681,16013607958009,1.461998,0.088769,1.217328,960
live,1280,16013616496011,16013616647335,16013616734024,16013621925898,5.429887,0.086689,5.191874,960
live,1281,16013626496011,16013626653798,16013626752743,16013627948758,1.452747,0.098945,1.196015,960
live,1282,16013636496011,16013636643557,16013636725094,16013637912533,1.416522,0.081537,1.187439,960
live,1283,16013646496011,16013646646883,16013646726756,16013647902611,1.4066,0.079873,1.175855,960
live,1284,16013656496011,16013656646594,16013656736323,16013657947923,1.451912,0.089729,1.2116,960
live,1285,16013666496011,16013666649953,16013666740770,16013667978706,1.482695,0.090817,1.237936,960
live,1286,16013676496011,16013676646144,16013676728353,16013677972593,1.476582,0.082209,1.24424,960
live,1287,16013686496011,16013686649599,16013686738592,16013688148114,1.652103,0.088993,1.409522,960
live,1288,16013696496011,16013696655069,16013696737471,16013698818617,2.322606,0.082402,2.081146,960
live,1289,16013706496011,16013706652412,16013706742557,16013708902521,2.40651,0.090145,2.159964,960
live,1290,16013716496011,16013716651419,16013716742396,16013718860407,2.364396,0.090977,2.118011,960
live,1291,16013726496011,16013726642042,16013726741275,16013728895894,2.399883,0.099233,2.154619,960
live,1292,16013736496011,16013736640120,16013736726842,16013738846324,2.350313,0.086722,2.119482,960
live,1293,16013746496011,16013746638263,16013746714904,16013748850099,2.354088,0.076641,2.135195,960
live,1294,16013756496011,16013756925178,16013757068571,16013759820734,3.324723,0.143393,2.752163,960
live,1295,16013766496011,16013766680853,16013766778071,16013769184533,2.688522,0.097218,2.406462,960
live,1296,16013776496011,16013776650324,16013776745813,16013779122099,2.626088,0.095489,2.376286,960
live,1297,16013786496011,16013786646706,16013786735284,16013788888207,2.392196,0.088578,2.152923,960
live,1298,16013796496011,16013796643057,16013796732978,16013799252338,2.756327,0.089921,2.51936,960
live,1299,16013806496011,16013807255512,16013807444762,16013811448205,4.952194,0.18925,4.003443,960
replay,1299,16013806496011,16013807328089,16013807585436,16013865399577,58.903566,0.257347,57.814141,73088
live,1300,16013816496011,16013817102005,16013817342616,16013826157287,9.661276,0.240611,8.814671,960
live,1301,16013826496011,16013826804688,16013826975378,16013829640308,3.144297,0.17069,2.66493,960
live,1302,16013836496011,16013836699693,16013836814351,16013839037163,2.541152,0.114658,2.222812,960
live,1303,16013846496011,16013846665771,16013846763469,16013848844039,2.348028,0.097698,2.08057,960
live,1304,16013856496011,16013857535029,16013857699543,16013860896160,4.400149,0.164514,3.196617,960
live,1305,16013866496011,16013866731626,16013866826571,16013868229885,1.733874,0.094945,1.403314,960
live,1306,16013876496011,16013876633735,16013876703784,16013877912216,1.416205,0.070049,1.208432,960
live,1307,16013886496011,16013886651462,16013886733607,16013888334300,1.838289,0.082145,1.600693,960
live,1308,16013896496011,16013896681158,16013897089355,16013899223590,2.727579,0.408197,2.134235,960
live,1309,16013906496011,16013906702981,16013907123018,16013909362470,2.866459,0.420037,2.239452,960
live,1310,16013916496011,16013916710756,16013917129641,16013919425510,2.929499,0.418885,2.295869,960
live,1311,16013926496011,16013926658274,16013926757539,16013928896478,2.400467,0.099265,2.138939,960
live,1312,16013936496011,16013936661473,16013936755554,16013938852828,2.356817,0.094081,2.097274,960
live,1313,16013946496011,16013946652543,16013946761601,16013948884827,2.388816,0.109058,2.123226,960
live,1314,16013956496011,16013956650110,16013956737279,16013958847770,2.351759,0.087169,2.110491,960
live,1315,16013966496011,16013966662269,16013966756958,16013968762424,2.266413,0.094689,2.005466,960
live,1316,16013976496011,16013976661436,16013976763133,16013978898136,2.402125,0.101697,2.135003,960
live,1317,16013986496011,16013986649626,16013986736443,16013988768501,2.27249,0.086817,2.032058,960
live,1318,16013996496011,16013996630233,16013996721818,16013998527761,2.03175,0.091585,1.805943,960
live,1319,16014006496011,16014006648152,16014006741113,16014008920437,2.424426,0.092961,2.179324,960
live,1320,16014016496011,16014016684439,16014016791768,16014022700707,6.204696,0.107329,5.908939,960
live,1321,16014026496011,16014026665782,16014026764183,16014028033607,1.537596,0.098401,1.269424,960
live,1322,16014036496011,16014036651668,16014036737333,16014037945221,1.44921,0.085665,1.207888,960
live,1323,16014046496011,16014046653715,16014046740852,16014048856751,2.36074,0.087137,2.115899,960
live,1324,16014056496011,16014056656850,16014056747635,16014058906798,2.410787,0.090785,2.159163,960
live,1325,16014066496011,16014066885940,16014067073526,16014068824972,2.328961,0.187586,1.751446,960
live,1326,16014076496011,16014076672976,16014076771185,16014078063233,1.567222,0.098209,1.292048,960
live,1327,16014086496011,16014086654318,16014086738895,16014087974975,1.478964,0.084577,1.23608,960
live,1328,16014096496011,16014096648141,16014096740014,16014097944957,1.448946,0.091873,1.204943,960
live,1329,16014106496011,16014106650604,16014106719021,16014108281728,1.785717,0.068417,1.562707,960
live,1330,16014116496011,16014116658443,16014116783020,16014118457313,1.961302,0.124577,1.674293,960
live,1331,16014126496011,16014126661289,16014126753483,16014128121244,1.625233,0.092194,1.367761,960
live,1332,16014136496011,16014136660104,16014136742345,16014137996185,1.500174,0.082241,1.25384,960
live,1333,16014146496011,16014146652967,16014146728712,16014147988408,1.492397,0.075745,1.259696,960
live,1334,16014156496011,16014156646918,16014156718791,16014157938230,1.442219,0.071873,1.219439,960
live,1335,16014166496011,16014166645028,16014166722565,16014167932661,1.43665,0.077537,1.210096,960
live,1336,16014176496011,16014176650467,16014176735428,16014177985108,1.489097,0.084961,1.24968,960
live,1337,16014186496011,16014186652770,16014186739203,16014187952691,1.45668,0.086433,1.213488,960
live,1338,16014196496011,16014196650817,16014196720610,16014197922449,1.426438,0.069793,1.201839,960
live,1339,16014206496011,16014206648640,16014206717665,16014207905488,1.409477,0.069025,1.187823,960
live,1340,16014216496011,16014216644094,16014216723263,16014222646506,6.150495,0.079169,5.923243,960
live,1341,16014226496011,16014226656669,16014226753951,16014227994222,1.498211,0.097282,1.240271,960
live,1342,16014236496011,16014236646588,16014236732861,16014237945836,1.449825,0.086273,1.212975,960
live,1343,16014246496011,16014246648443,16014246730492,16014247934251,1.43824,0.082049,1.203759,960
live,1344,16014256496011,16014256651066,16014256738267,16014257925994,1.429983,0.087201,1.187727,960
live,1345,16014266496011,16014266647896,16014266718489,16014267901256,1.405245,0.070593,1.182767,960
live,1346,16014276496011,16014276654647,16014276742424,16014277978536,1.482525,0.087777,1.236112,960
live,1347,16014286496011,16014286647510,16014286728151,16014287911846,1.415835,0.080641,1.183695,960
live,1348,16014296496011,16014296643893,16014296721686,16014297904677,1.408666,0.077793,1.182991,960
live,1349,16014306496011,16014306649652,16014306715668,16014307900739,1.404728,0.066016,1.185071,960
live,1350,16014316496011,16014316646994,16014316713267,16014317886274,1.390263,0.066273,1.173007,960
live,1351,16014326496011,16014326650609,16014326735538,16014327938561,1.44255,0.084929,1.203023,960
live,1352,16014336496011,16014336652208,16014336735345,16014337923904,1.427893,0.083137,1.188559,960
live,1353,16014346496011,16014346652271,16014346733552,16014347958783,1.462772,0.081281,1.225231,960
live,1354,16014356496011,16014356657518,16014356755055,16014357976990,1.480979,0.097537,1.221935,960
live,1355,16014366496011,16014366654572,16014366734029,16014368036286,1.540275,0.079457,1.302257,960
live,1356,16014376496011,16014376654091,16014376740300,16014377959484,1.463473,0.086209,1.219184,960
live,1357,16014386496011,16014386645066,16014386734027,16014388285887,1.789876,0.088961,1.55186,960
live,1358,16014396496011,16014396655657,16014396737034,16014398233565,1.737554,0.081377,1.496531,960
live,1359,16014406496011,16014406649831,16014406742377,16014407919416,1.423405,0.092546,1.177039,960
live,1360,16014416496011,16014416655366,16014416732487,16014422250157,5.754146,0.077121,5.51767,960
live,1361,16014426496011,16014426659365,16014426742022,16014427977558,1.481547,0.082657,1.235536,960
live,1362,16014436496011,16014436650340,16014436721093,16014437917524,1.421513,0.070753,1.196431,960
live,1363,16014446496011,16014446645507,16014446726724,16014447910003,1.413992,0.081217,1.183279,960
live,1364,16014456496011,16014456642817,16014456712258,16014457892337,1.396326,0.069441,1.180079,960
live,1365,16014466496011,16014466648800,16014466719137,16014467896400,1.400389,0.070337,1.177263,960
live,1366,16014476496011,16014476786177,16014476866946,16014478427477,1.931466,0.080769,1.560531,960
live,1367,16014486496011,16014486647710,16014486723007,16014488295667,1.799656,0.075297,1.57266,960
live,1368,16014496496011,16014496648892,16014496726493,16014498227665,1.731654,0.077601,1.501172,960
live,1369,16014506496011,16014506643899,16014506723100,16014507905611,1.4096,0.079201,1.182511,960
live,1370,16014516496011,16014516696539,16014516778524,16014517946411,1.4504,0.081985,1.167887,960
live,1371,16014526496011,16014526669433,16014526762650,16014528452944,1.956933,0.093217,1.690294,960
live,1372,16014536496011,16014536657656,16014536730521,16014537904008,1.407997,0.072865,1.173487,960
live,1373,16014546496011,16014546651126,16014546719415,16014547883142,1.387131,0.068289,1.163727,960
live,1374,16014556496011,16014556647893,16014556737974,16014557916485,1.420474,0.090081,1.178511,960
live,1375,16014566496011,16014566645300,16014566719861,16014567922372,1.426361,0.074561,1.202511,960
live,1376,16014576496011,16014576651283,16014576738420,16014577983908,1.487897,0.087137,1.245488,960
live,1377,16014586496011,16014586659026,16014586745491,16014588216037,1.720026,0.086465,1.470546,960
live,1378,16014596496011,16014596660753,16014596762354,16014598108323,1.612312,0.101601,1.345969,960
live,1379,16014606496011,16014606650479,16014606734640,16014607974144,1.478133,0.084161,1.239504,960
live,1380,16014616496011,16014616648782,16014616740879,16014621956465,5.460454,0.092097,5.215586,960
live,1381,16014626496011,16014626650957,16014626731630,16014627954173,1.458162,0.080673,1.222543,960
live,1382,16014636496011,16014636654828,16014636742669,16014638382273,1.886262,0.087841,1.639604,960
live,1383,16014646496011,16014646647818,16014646721611,16014648312767,1.816756,0.073793,1.591156,960
live,1384,16014656496011,16014656646953,16014656722154,16014658256221,1.76021,0.075201,1.534067,960
live,1385,16014666496011,16014666714281,16014666783786,16014668361662,1.865651,0.069505,1.577876,960
live,1386,16014676496011,16014676650215,16014676720872,16014678254971,1.75896,0.070657,1.534099,960
live,1387,16014686496011,16014686645925,16014686747847,16014688410652,1.914641,0.101922,1.662805,960
live,1388,16014696496011,16014696648036,16014696722309,16014698264985,1.768974,0.074273,1.542676,960
live,1389,16014706496011,16014706641667,16014706725508,16014708288472,1.792461,0.083841,1.562964,960
live,1390,16014716496011,16014716644354,16014716714019,16014718245014,1.749003,0.069665,1.530995,960
live,1391,16014726496011,16014726639584,16014726714753,16014728264661,1.76865,0.075169,1.549908,960
live,1392,16014736496011,16014736654047,16014736748257,16014738362997,1.866986,0.09421,1.61474,960
live,1393,16014746496011,16014746652702,16014746733567,16014748306291,1.81028,0.080865,1.572724,960
live,1394,16014756496011,16014756648413,16014756733982,16014758274546,1.778535,0.085569,1.540564,960
live,1395,16014766496011,16014766651996,16014766833118,16014768377426,1.881415,0.181122,1.544308,960
live,1396,16014776496011,16014776643034,16014776711099,16014778219086,1.723075,0.068065,1.507987,960
live,1397,16014786496011,16014786654713,16014786745403,16014788396719,1.900708,0.09069,1.651316,960
live,1398,16014796496011,16014796652024,16014796735769,16014797957705,1.461694,0.083745,1.221936,960
replay,1399,16014806496011,16014807359456,16014807485986,16014857664926,51.168915,0.12653,50.17894,73088
live,1399,16014806496011,16014807297695,16014808121450,16014810030978,3.534967,0.823755,1.909528,960
live,1400,16014816496011,16014817932870,16014818213834,16014825755657,9.259646,0.280964,7.541823,960
live,1401,16014826496011,16014826790934,16014826936792,16014828314986,1.818975,0.145858,1.378194,960
live,1402,16014836496011,16014836699540,16014836822965,16014838254984,1.758973,0.123425,1.432019,960
live,1403,16014846496011,16014846695379,16014846789524,16014847960867,1.464856,0.094145,1.171343,960
live,1404,16014856496011,16014857949377,16014858219333,16014859514069,3.018058,0.269956,1.294736,960
live,1405,16014866496011,16014866655920,16014866722801,16014867692925,1.196914,0.066881,0.970124,960
live,1406,16014876496011,16014876658575,16014876743632,16014877979775,1.483764,0.085057,1.236143,960
live,1407,16014886496011,16014887035634,16014887159284,16014889602547,3.106536,0.12365,2.443263,960
live,1408,16014896496011,16014896687564,16014896795054,16014898412546,1.916535,0.10749,1.617492,960
live,1409,16014906496011,16014906655147,16014906744268,16014907951419,1.455408,0.089121,1.207151,960
live,1410,16014916496011,16014916654762,16014916740043,16014918257534,1.761523,0.085281,1.517491,960
live,1411,16014926496011,16014926644424,16014926715017,16014928243165,1.747154,0.070593,1.528148,960
live,1412,16014936496011,16014936641479,16014936714056,16014938218299,1.722288,0.072577,1.504243,960
live,1413,16014946496011,16014946652454,16014946764231,16014948421308,1.925297,0.111777,1.657077,960
live,1414,16014956496011,16014956655269,16014956735046,16014958263769,1.767758,0.079777,1.528723,960
live,1415,16014966496011,16014966677700,16014966770789,16014968375417,1.879406,0.093089,1.604628,960
live,1416,16014976496011,16014976644578,16014976714243,16014978223094,1.727083,0.069665,1.508851,960
live,1417,16014986496011,16014986643425,16014986729250,16014988258774,1.762763,0.085825,1.529524,960
live,1418,16014996496011,16014996657984,16014996764129,16014998373942,1.877931,0.106145,1.609813,960
live,1419,16015006496011,16015006653439,16015006740640,16015008307380,1.811369,0.087201,1.56674,960
live,1420,16015016496011,16015016640509,16015016712350,16015022406438,5.910427,0.071841,5.694088,960
live,1421,16015026496011,16015026654332,16015026748125,16015028066414,1.570403,0.093793,1.318289,960
live,1422,16015036496011,16015036644955,16015036741148,16015038004492,1.508481,0.096193,1.263344,960
live,1423,16015046496011,16015046654170,16015046768827,16015048214158,1.718147,0.114657,1.445331,960
live,1424,16015056496011,16015056658489,16015056749466,16015058002826,1.506815,0.090977,1.25336,960
live,1425,16015066496011,16015066647927,16015066718136,16015067942408,1.446397,0.070209,1.224272,960
live,1426,16015076496011,16015076639990,16015076706903,16015077907558,1.411547,0.066913,1.200655,960
live,1427,16015086496011,16015086644053,16015086711734,16015087907813,1.411802,0.067681,1.196079,960
live,1428,16015096496011,16015096639540,16015096740341,16015098014117,1.518106,0.100801,1.273776,960
live,1429,16015106496011,16015106647923,16015106722963,16015107927715,1.431704,0.07504,1.204752,960
live,1430,16015116496011,16015116640497,16015116721010,16015117917569,1.421558,0.080513,1.196559,960
live,1431,16015126496011,16015126638288,16015126706513,16015127891872,1.395861,0.068225,1.185359,960
live,1432,16015136496011,16015136638927,16015136705744,16015137886911,1.3909,0.066817,1.181167,960
live,1433,16015146496011,16015146643886,16015146732303,16015147998239,1.502228,0.088417,1.265936,960
live,1434,16015156496011,16015156643500,16015156726061,16015158267489,1.771478,0.082561,1.541428,960
live,1435,16015166496011,16015166639243,16015166724460,16015168266688,1.770677,0.085217,1.542228,960
live,1436,16015176496011,16015176639658,16015176708299,16015178212318,1.716307,0.068641,1.504019,960
live,1437,16015186496011,16015186640329,16015186708426,16015187892857,1.396846,0.068097,1.184431,960
live,1438,16015196496011,16015196650952,16015196744969,16015198035897,1.539886,0.094017,1.290928,960
live,1439,16015206496011,16015206646598,16015206722087,16015207920727,1.424716,0.075489,1.19864,960
live,1440,16015216496011,16015216643685,16015216712550,16015221996553,5.500542,0.068865,5.284003,960
live,1441,16015226496011,16015226646244,16015226721861,16015227920372,1.424361,0.075617,1.198511,960
live,1442,16015236496011,16015236642499,16015236714468,16015237916307,1.420296,0.071969,1.201839,960
live,1443,16015246496011,16015246722274,16015247072551,16015248467865,1.971854,0.350277,1.395314,960
live,1444,16015256496011,16015256687841,16015256814594,16015258186836,1.690825,0.126753,1.372242,960
live,1445,16015266496011,16015266660447,16015266754272,16015268167826,1.671815,0.093825,1.413554,960
live,1446,16015276496011,16015276751487,16015277170021,16015278610807,2.114796,0.418534,1.440786,960
live,1447,16015286496011,16015286686973,16015286777758,16015288887033,2.391022,0.090785,2.109275,960
live,1448,16015296496011,16015296660028,16015296750941,16015299243740,2.747729,0.090913,2.492799,960
live,1449,16015306496011,16015306661658,16015306762460,16015308897271,2.40126,0.100802,2.134811,960
live,1450,16015316496011,16015316653913,16015316741786,16015318843637,2.347626,0.087873,2.101851,960
live,1451,16015326496011,16015326650872,16015326731353,16015328889940,2.393929,0.080481,2.158587,960
live,1452,16015336496011,16015336644727,16015336732376,16015338845746,2.349735,0.087649,2.11337,960
live,1453,16015346496011,16015346647893,16015346740887,16015349185590,2.689579,0.092994,2.444703,960
live,1454,16015356496011,16015356654804,16015356749589,16015358889457,2.393446,0.094785,2.139868,960
live,1455,16015366496011,16015366652115,16015366748564,16015368072421,1.57641,0.096449,1.323857,960
live,1456,16015376496011,16015376649938,16015376745747,16015377959298,1.463287,0.095809,1.213551,960
live,1457,16015386496011,16015386643984,16015386726738,16015388166948,1.670937,0.082754,1.44021,960
live,1458,16015396496011,16015396643311,16015396726160,16015398056449,1.560438,0.082849,1.330289,960
live,1459,16015406496011,16015406649134,16015406740175,16015408033152,1.537141,0.091041,1.292977,960
live,1460,16015416496011,16015416648717,16015416730734,16015421936240,5.440229,0.082017,5.205506,960
live,1461,16015426496011,16015426653260,16015426745421,16015427947420,1.451409,0.092161,1.201999,960
live,1462,16015436496011,16015436643850,16015436724299,16015437910874,1.414863,0.080449,1.186575,960
live,1463,16015446496011,16015446642729,16015446737578,16015447926969,1.430958,0.094849,1.189391,960
live,1464,16015456496011,16015456657576,16015456752073,16015457986713,1.490702,0.094497,1.23464,960
live,1465,16015466496011,16015466654151,16015466733256,16015467931671,1.43566,0.079105,1.198415,960
live,1466,16015476496011,16015476648262,16015476717414,16015477959286,1.463275,0.069152,1.241872,960
live,1467,16015486496011,16015486644196,16015486727301,16015488054710,1.558699,0.083105,1.327409,960
live,1468,16015496496011,16015496649923,16015496745188,16015499015937,2.519926,0.095265,2.270749,960
live,1469,16015506496011,16015506662626,16015506766435,16015508961919,2.465908,0.103809,2.195484,960
live,1470,16015516496011,16015516657825,16015516751010,16015518876893,2.380882,0.093185,2.125883,960
live,1471,16015526496011,16015526644480,16015526731969,16015528842171,2.34616,0.087489,2.110202,960
live,1472,16015536496011,16015536641566,16015536715551,16015538822074,2.326063,0.073985,2.106523,960
live,1473,16015546496011,16015546644861,16015546719134,16015548876569,2.380558,0.074273,2.157435,960
live,1474,16015556496011,16015556649724,16015556749245,16015558924537,2.428526,0.099521,2.175292,960
live,1475,16015566496011,16015566665915,16015566757404,16015568930872,2.434861,0.091489,2.173468,960
live,1476,16015576496011,16015576650362,16015576746107,16015578866102,2.370091,0.095745,2.119995,960
live,1477,16015586496011,16015586645144,16015586721017,16015588030122,1.534111,0.075873,1.309105,960
live,1478,16015596496011,16015596644919,16015596736920,16015597949288,1.453277,0.092001,1.212368,960
live,1479,16015606496011,16015606646934,16015606738263,16015607982311,1.4863,0.091329,1.244048,960
live,1480,16015616496011,16015616650037,16015616732278,16015621939064,5.443053,0.082241,5.206786,960
live,1481,16015626496011,16015626647251,16015626737845,16015627946724,1.450713,0.090594,1.208879,960
live,1482,16015636496011,16015636643858,16015636727187,16015637921826,1.425815,0.083329,1.194639,960
live,1483,16015646496011,16015646639857,16015646719538,16015647930561,1.43455,0.079681,1.211023,960
live,1484,16015656496011,16015656648912,16015656737297,16015657990849,1.494838,0.088385,1.253552,960
live,1485,16015666496011,16015666642798,16015666730352,16015667931423,1.435412,0.087554,1.201071,960
live,1486,16015676496011,16015676640589,16015676725486,16015677897789,1.401778,0.084897,1.172303,960
live,1487,16015686496011,16015686641452,16015686710701,16015687891580,1.395569,0.069249,1.180879,960
live,1488,16015696496011,16015696646955,16015696714604,16015697890747,1.394736,0.067649,1.176143,960
live,1489,16015706496011,16015706717739,16015706815436,16015708501153,2.005142,0.097697,1.685717,960
live,1490,16015716496011,16015716691049,16015716803178,16015718525792,2.029781,0.112129,1.722614,960
live,1491,16015726496011,16015726714792,16015726832298,16015728174139,1.678128,0.117506,1.341841,960
live,1492,16015736496011,16015736669894,16015736760551,16015738003575,1.507564,0.090657,1.243024,960
live,1493,16015746496011,16015746657381,16015746741990,16015747952757,1.456746,0.084609,1.210767,960
live,1494,16015756496011,16015756659524,16015756739365,16015758611677,2.115666,0.079841,1.872312,960
live,1495,16015766496011,16015766646082,16015766723683,16015767942003,1.445992,0.077601,1.21832,960
live,1496,16015776496011,16015776643169,16015776710626,16015777911441,1.41543,0.067457,1.200815,960
live,1497,16015786496011,16015786641536,16015786709089,16015787899344,1.403333,0.067553,1.190255,960
live,1498,16015796496011,16015796639903,16015796722688,16015797914799,1.418788,0.082785,1.192111,960
live,1499,16015806496011,16015807205061,16015807376391,16015810957908,4.461897,0.17133,3.581517,960
replay,1499,16015806496011,16015807267141,16015807514697,16015862838054,56.342043,0.247556,55.323357,73088
