stage,sequence,release_ns,queued_ns,start_ns,end_ns,age_ms,queue_ms,service_ms,output_samples
live,0,14418645872573,14418646129591,14418646232408,14418647791407,1.918834,0.102817,1.558999,960
live,1,14418655872573,14418656088616,14418656184137,14418657087638,1.215065,0.095521,0.903501,960
live,2,14418665872573,14418666114745,14418666504927,14418667572687,1.700114,0.390182,1.06776,960
live,3,14418675872573,14418676063722,14418676151691,14418677845220,1.972647,0.087969,1.693529,960
live,4,14418685872573,14418686022075,14418686112380,14418687738772,1.866199,0.090305,1.626392,960
live,5,14418695872573,14418696036076,14418696120781,14418697893959,2.021386,0.084705,1.773178,960
live,6,14418705872573,14418706021501,14418706103070,14418707825399,1.952826,0.081569,1.722329,960
live,7,14418715872573,14418716025551,14418716088015,14418717653990,1.781417,0.062464,1.565975,960
live,8,14418725872573,14418725995487,14418726073825,14418727564854,1.692281,0.078338,1.491029,960
live,9,14418735872573,14418736028433,14418736106610,14418737823755,1.951182,0.078177,1.717145,960
live,10,14418745872573,14418746010210,14418746090147,14418747820925,1.948352,0.079937,1.730778,960
live,11,14418755872573,14418756079477,14418756170422,14418757906831,2.034258,0.090945,1.736409,960
live,12,14418765872573,14418766056997,14418766160807,14418767913728,2.041155,0.10381,1.752921,960
live,13,14418775872573,14418776065943,14418776153944,14418778176886,2.304313,0.088001,2.022942,960
live,14,14418785872573,14418786017416,14418786103689,14418788134086,2.261513,0.086273,2.030397,960
live,15,14418795872573,14418796067066,14418796167163,14418798279994,2.407421,0.100097,2.112831,960
live,16,14418805872573,14418806017162,14418806129804,14418808455822,2.583249,0.112642,2.326018,960
live,17,14418815872573,14418816064732,14418816153885,14418817947159,2.074586,0.089153,1.793274,960
live,18,14418825872573,14418826022221,14418826106734,14418828169772,2.297199,0.084513,2.063038,960
live,19,14418835872573,14418836036926,14418836127584,14418837875897,2.003324,0.090658,1.748313,960
live,20,14418845872573,14418846020239,14418846099184,14418849059067,3.186494,0.078945,2.959883,960
live,21,14418855872573,14418855998944,14418856095714,14418857613976,1.741403,0.09677,1.518262,960
live,22,14418865872573,14418866067443,14418866172372,14418867979406,2.106833,0.104929,1.807034,960
live,23,14418875872573,14418876067972,14418876161285,14418877976416,2.103843,0.093313,1.815131,960
live,24,14418885872573,14418886026901,14418886111222,14418888174996,2.302423,0.084321,2.063774,960
live,25,14418895872573,14418896046566,14418896134343,14418897901313,2.02874,0.087777,1.76697,960
live,26,14418905872573,14418906022135,14418906103544,14418907840466,1.967893,0.081409,1.736922,960
live,27,14418915872573,14418916048425,14418916134346,14418917945956,2.073383,0.085921,1.81161,960
live,28,14418925872573,14418926019354,14418926102651,14418927880021,2.007448,0.083297,1.77737,960
live,29,14418935872573,14418936040107,14418936119596,14418937875302,2.002729,0.079489,1.755706,960
live,30,14418945872573,14418946018300,14418946103774,14418948149467,2.276894,0.085474,2.045693,960
live,31,14418955872573,14418956039534,14418956117807,14418957867944,1.995371,0.078273,1.750137,960
live,32,14418965872573,14418966025887,14418966115328,14418967917562,2.044989,0.089441,1.802234,960
live,33,14418975872573,14418976042480,14418976813948,14418978602486,2.729913,0.771468,1.788538,960
live,34,14418985872573,14418986041154,14418986129891,14418987880828,2.008255,0.088737,1.750937,960
live,35,14418995872573,14418996044115,14418996129428,14418998150706,2.278133,0.085313,2.021278,960
live,36,14419005872573,14419006022628,14419006111045,14419007849567,1.976994,0.088417,1.738522,960
live,37,14419015872573,14419016046678,14419016134775,14419017936657,2.064084,0.088097,1.801882,960
live,38,14419025872573,14419026024583,14419026111016,14419027865857,1.993284,0.086433,1.754841,960
live,39,14419035872573,14419036039256,14419036122617,14419037885011,2.012438,0.083361,1.762394,960
live,40,14419045872573,14419046020969,14419046102570,14419049105718,3.233145,0.081601,3.003148,960
live,41,14419055872573,14419056040955,14419056128476,14419058150073,2.2775,0.087521,2.021597,960
live,42,14419065872573,14419066026700,14419066119949,14419068155947,2.283374,0.093249,2.035998,960
live,43,14419075872573,14419076066845,14419076139999,14419077805527,1.932954,0.073154,1.665528,960
live,44,14419085872573,14419086004622,14419086084911,14419087571653,1.69908,0.080289,1.486742,960
live,45,14419095872573,14419096043424,14419096130433,14419097876698,2.004125,0.087009,1.746265,960
live,46,14419105872573,14419106024849,14419106104530,14419107858603,1.98603,0.079681,1.754073,960
live,47,14419115872573,14419116051106,14419116141060,14419118239170,2.366597,0.089954,2.09811,960
live,48,14419125872573,14419126025427,14419126095444,14419127872686,2.000113,0.070017,1.777242,960
live,49,14419135872573,14419136030340,14419136115142,14419137883423,2.01085,0.084802,1.768281,960
live,50,14419145872573,14419146017110,14419146098359,14419147851504,1.978931,0.081249,1.753145,960
live,51,14419155872573,14419156040519,14419156124520,14419157899426,2.026853,0.084001,1.774906,960
live,52,14419165872573,14419166029336,14419166116858,14419167920052,2.047479,0.087522,1.803194,960
live,53,14419175872573,14419176041162,14419176126795,14419177184986,1.312413,0.085633,1.058191,960
live,54,14419185872573,14419186017755,14419186095612,14419187022921,1.150348,0.077857,0.927309,960
live,55,14419195872573,14419196035052,14419196110765,14419197020378,1.147805,0.075713,0.909613,960
live,56,14419205872573,14419206022973,14419206096958,14419206989515,1.116942,0.073985,0.892557,960
live,57,14419215872573,14419216035727,14419216120688,14419217042397,1.169824,0.084961,0.921709,960
live,58,14419225872573,14419226021984,14419226097825,14419227329459,1.456886,0.075841,1.231634,960
live,59,14419235872573,14419236038161,14419236112050,14419237016991,1.144418,0.073889,0.904941,960
live,60,14419245872573,14419246018370,14419246098851,14419248275107,2.402534,0.080481,2.176256,960
live,61,14419255872573,14419256036500,14419256117269,14419257020898,1.148325,0.080769,0.903629,960
live,62,14419265872573,14419266105158,14419266186311,14419267708605,1.836032,0.081153,1.522294,960
live,63,14419275872573,14419276046838,14419276125271,14419277021349,1.148776,0.078433,0.896078,960
live,64,14419285872573,14419286030343,14419286100808,14419287323482,1.450909,0.070465,1.222674,960
live,65,14419295872573,14419296061209,14419296438975,14419298155256,2.282683,0.377766,1.716281,960
live,66,14419305872573,14419305999817,14419306310190,14419307872165,1.999592,0.310373,1.561975,960
live,67,14419315872573,14419316020923,14419316330880,14419318781955,2.909382,0.309957,2.451075,960
live,68,14419325872573,14419326022828,14419326105806,14419327884135,2.011562,0.082978,1.778329,960
live,69,14419335872573,14419336033854,14419336114335,14419338116028,2.243455,0.080481,2.001693,960
live,70,14419345872573,14419346016815,14419346100720,14419347840457,1.967884,0.083905,1.739737,960
live,71,14419355872573,14419356033792,14419356099777,14419357819354,1.946781,0.065985,1.719577,960
live,72,14419365872573,14419366017073,14419366096562,14419367823244,1.950671,0.079489,1.726682,960
live,73,14419375872573,14419376038915,14419376127492,14419377910654,2.038081,0.088577,1.783162,960
live,74,14419385872573,14419386023892,14419386092309,14419387843758,1.971185,0.068417,1.751449,960
live,75,14419395872573,14419396035557,14419396121415,14419398129860,2.257287,0.085858,2.008445,960
live,76,14419405872573,14419406058551,14419406147448,14419407881809,2.009236,0.088897,1.734361,960
live,77,14419415872573,14419416057096,14419416139241,14419417918947,2.046374,0.082145,1.779706,960
live,78,14419425872573,14419426033209,14419426127834,14419427952149,2.079576,0.094625,1.824315,960
live,79,14419435872573,14419436047979,14419436129324,14419437916326,2.043753,0.081345,1.787002,960
live,80,14419445872573,14419446022139,14419446102653,14419449118376,3.245803,0.080514,3.015723,960
live,81,14419455872573,14419456039533,14419456128046,14419457917704,2.045131,0.088513,1.789658,960
live,82,14419465872573,14419466017854,14419466099647,14419467860409,1.987836,0.081793,1.760762,960
live,83,14419475872573,14419476049392,14419476138001,14419477960555,2.087982,0.088609,1.822554,960
live,84,14419485872573,14419486022048,14419486091425,14419487851387,1.978814,0.069377,1.759962,960
live,85,14419495872573,14419496029874,14419496114387,14419497872429,1.999856,0.084513,1.758042,960
live,86,14419505872573,14419506026659,14419506104420,14419507884190,2.011617,0.077761,1.77977,960
live,87,14419515872573,14419516039541,14419516126870,14419517919376,2.046803,0.087329,1.792506,960
live,88,14419525872573,14419526030470,14419526125287,14419527938593,2.06602,0.094817,1.813306,960
live,89,14419535872573,14419536049783,14419536130328,14419537917970,2.045397,0.080545,1.787642,960
live,90,14419545872573,14419546014568,14419546083561,14419547868803,1.99623,0.068993,1.785242,960
live,91,14419555872573,14419556032153,14419556121339,14419557862388,1.989815,0.089186,1.741049,960
live,92,14419565872573,14419566015914,14419566084171,14419567841541,1.968968,0.068257,1.75737,960
live,93,14419575872573,14419576036636,14419576124797,14419577913399,2.040826,0.088161,1.788602,960
live,94,14419585872573,14419586019853,14419586102158,14419587858344,1.985771,0.082305,1.756186,960
live,95,14419595872573,14419596047359,14419596128768,14419597905786,2.033213,0.081409,1.777018,960
live,96,14419605872573,14419606015343,14419606108529,14419607854282,1.981709,0.093186,1.745753,960
live,97,14419615872573,14419616029537,14419616111074,14419617872252,1.999679,0.081537,1.761178,960
live,98,14419625872573,14419626014674,14419626105619,14419627897933,2.02536,0.090945,1.792314,960
live,99,14419635872573,14419636039204,14419636119173,14419637892671,2.020098,0.079969,1.773498,960
live,100,14419645872573,14419646015317,14419646097398,14419649101281,3.228708,0.082081,3.003883,960
live,101,14419655872573,14419656037286,14419656120743,14419657882497,2.009924,0.083457,1.761754,960
live,102,14419665872573,14419666015959,14419666097848,14419667926227,2.053654,0.081889,1.828379,960
live,103,14419675872573,14419676159466,14419676247564,14419678059846,2.187273,0.088098,1.812282,960
live,104,14419685872573,14419686019130,14419686099707,14419687885013,2.01244,0.080577,1.785306,960
live,105,14419695872573,14419696029515,14419696105964,14419697859174,1.986601,0.076449,1.75321,960
live,106,14419705872573,14419706015676,14419706096061,14419707839863,1.96729,0.080385,1.743802,960
live,107,14419715872573,14419716029454,14419716111695,14419717883881,2.011308,0.082241,1.772186,960
live,108,14419725872573,14419726016127,14419726097344,14419728261439,2.388866,0.081217,2.164095,960
live,109,14419735872573,14419736035344,14419736121841,14419737869771,1.997198,0.086497,1.74793,960
live,110,14419745872573,14419746027233,14419746110723,14419747893276,2.020703,0.08349,1.782553,960
live,111,14419755872573,14419756030611,14419756112436,14419757865613,1.99304,0.081825,1.753177,960
live,112,14419765872573,14419766021572,14419766091941,14419767851934,1.979361,0.070369,1.759993,960
live,113,14419775872573,14419776033845,14419776114006,14419778171732,2.299159,0.080161,2.057726,960
live,114,14419785872573,14419786014470,14419786100551,14419787892705,2.020132,0.086081,1.792154,960
live,115,14419795872573,14419796034232,14419796115769,14419797884435,2.011862,0.081537,1.768666,960
live,116,14419805872573,14419806021225,14419806102986,14419807826467,1.953894,0.081761,1.723481,960
live,117,14419815872573,14419816033658,14419816110491,14419817808500,1.935927,0.076833,1.698009,960
live,118,14419825872573,14419826021291,14419826093004,14419827814373,1.9418,0.071713,1.721369,960
live,119,14419835872573,14419836039197,14419836163263,14419838013722,2.141149,0.124066,1.850459,960
live,120,14419845872573,14419846024750,14419846116239,14419849141787,3.269214,0.091489,3.025548,960
live,121,14419855872573,14419856037055,14419856121153,14419857882234,2.009661,0.084098,1.761081,960
live,122,14419865872573,14419866015088,14419866094993,14419867869259,1.996686,0.079905,1.774266,960
live,123,14419875872573,14419876037762,14419876119171,14419877890397,2.017824,0.081409,1.771226,960
live,124,14419885872573,14419886034707,14419886126740,14419887953487,2.080914,0.092033,1.826747,960
live,125,14419895872573,14419896043268,14419896125990,14419897923552,2.050979,0.082722,1.797562,960
live,126,14419905872573,14419906018005,14419906100855,14419908171189,2.298616,0.08285,2.070334,960
live,127,14419915872573,14419916034055,14419916104136,14419917875586,2.003013,0.070081,1.77145,960
live,128,14419925872573,14419926014360,14419926094297,14419927844274,1.971701,0.079937,1.749977,960
live,129,14419935872573,14419936046218,14419936139339,14419937958693,2.08612,0.093121,1.819354,960
live,130,14419945872573,14419946026362,14419946099036,14419947111626,1.239053,0.072674,1.01259,960
live,131,14419955872573,14419956042540,14419956122733,14419957450912,1.578339,0.080193,1.328179,960
live,132,14419965872573,14419966021949,14419966120606,14419967036076,1.163503,0.098657,0.91547,960
live,133,14419975872573,14419976053071,14419976137392,14419977046813,1.17424,0.084321,0.909421,960
live,134,14419985872573,14419986023135,14419986105185,14419987028622,1.156049,0.08205,0.923437,960
live,135,14419995872573,14419996041809,14419996127122,14419997033119,1.160546,0.085313,0.905997,960
live,136,14420005872573,14420006016546,14420006091171,14420006987216,1.114643,0.074625,0.896045,960
live,137,14420015872573,14420016035923,14420016112916,14420017014625,1.142052,0.076993,0.901709,960
live,138,14420025872573,14420026020100,14420026097637,14420026987794,1.115221,0.077537,0.890157,960
live,139,14420035872573,14420036041558,14420036121367,14420037047236,1.174663,0.079809,0.925869,960
live,140,14420045872573,14420046021095,14420046097160,14420048296520,2.423947,0.076065,2.19936,960
live,141,14420055872573,14420056036120,14420056115129,14420057010214,1.137641,0.079009,0.895085,960
live,142,14420065872573,14420066023689,14420066417647,14420068249098,2.376525,0.393958,1.831451,960
live,143,14420075872573,14420076052059,14420076438592,14420078586592,2.714019,0.386533,2.148,960
live,144,14420085872573,14420086036908,14420086425297,14420088350669,2.478096,0.388389,1.925372,960
live,145,14420095872573,14420096043229,14420096127934,14420097911768,2.039195,0.084705,1.783834,960
live,146,14420105872573,14420106025582,14420106107183,14420107861929,1.989356,0.081601,1.754746,960
live,147,14420115872573,14420116035007,14420116114529,14420117855002,1.982429,0.079522,1.740473,960
live,148,14420125872573,14420126019856,14420126093458,14420128160208,2.287635,0.073602,2.06675,960
live,149,14420135872573,14420136147588,14420136283814,14420138307363,2.43479,0.136226,2.023549,960
live,150,14420145872573,14420146029299,14420146110580,14420147876430,2.003857,0.081281,1.76585,960
live,151,14420155872573,14420156037508,14420156115846,14420157881183,2.00861,0.078338,1.765337,960
live,152,14420165872573,14420166057398,14420166129399,14420167883472,2.010899,0.072001,1.754073,960
live,153,14420175872573,14420176059623,14420176145768,14420177891586,2.019013,0.086145,1.745818,960
live,154,14420185872573,14420186022520,14420186119961,14420188754176,2.881603,0.097441,2.634215,960
live,155,14420195872573,14420196060138,14420196146059,14420197922597,2.050024,0.085921,1.776538,960
live,156,14420205872573,14420206019674,14420206110076,14420207852373,1.9798,0.090402,1.742297,960
live,157,14420215872573,14420216038796,14420216120525,14420217874502,2.001929,0.081729,1.753977,960
live,158,14420225872573,14420226018141,14420226099806,14420227854967,1.982394,0.081665,1.755161,960
live,159,14420235872573,14420236034702,14420236114575,14420237869321,1.996748,0.079873,1.754746,960
live,160,14420245872573,14420246019391,14420246111456,14420249145357,3.272784,0.092065,3.033901,960
live,161,14420255872573,14420256047217,14420256136050,14420257934156,2.061583,0.088833,1.798106,960
live,162,14420265872573,14420266013889,14420266093795,14420267841084,1.968511,0.079906,1.747289,960
live,163,14420275872573,14420276028755,14420276097780,14420277863022,1.990449,0.069025,1.765242,960
live,164,14420285872573,14420286012836,14420286095653,14420287853503,1.98093,0.082817,1.75785,960
live,165,14420295872573,14420296037045,14420296124951,14420298204693,2.33212,0.087906,2.079742,960
live,166,14420305872573,14420306016006,14420306095368,14420307857729,1.985156,0.079362,1.762361,960
live,167,14420315872573,14420316036792,14420316122073,14420317906003,2.03343,0.085281,1.78393,960
live,168,14420325872573,14420326012905,14420326107050,14420327871460,1.998887,0.094145,1.76441,960
live,169,14420335872573,14420336034426,14420336106331,14420337857717,1.985144,0.071905,1.751386,960
live,170,14420345872573,14420346020203,14420346106381,14420347913607,2.041034,0.086178,1.807226,960
live,171,14420355872573,14420356037469,14420356133630,14420358181980,2.309407,0.096161,2.04835,960
live,172,14420365872573,14420366016078,14420366097647,14420367852616,1.980043,0.081569,1.754969,960
live,173,14420375872573,14420376026687,14420376094976,14420377873178,2.000605,0.068289,1.778202,960
live,174,14420385872573,14420386010032,14420386095729,14420387853771,1.981198,0.085697,1.758042,960
live,175,14420395872573,14420396030370,14420396114979,14420397908189,2.035616,0.084609,1.79321,960
live,176,14420405872573,14420406016371,14420406097236,14420408261011,2.388438,0.080865,2.163775,960
live,177,14420415872573,14420416034692,14420416114917,14420417871263,1.99869,0.080225,1.756346,960
live,178,14420425872573,14420426025077,14420426110614,14420427873168,2.000595,0.085537,1.762554,960
live,179,14420435872573,14420436033479,14420436114216,14420437892962,2.020389,0.080737,1.778746,960
live,180,14420445872573,14420446016760,14420446102361,14420449114917,3.242344,0.085601,3.012556,960
live,181,14420455872573,14420456033705,14420456129194,14420457912676,2.040103,0.095489,1.783482,960
live,182,14420465872573,14420466011802,14420466083131,14420468147353,2.27478,0.071329,2.064222,960
live,183,14420475872573,14420476032907,14420476111885,14420477098331,1.225758,0.078978,0.986446,960
live,184,14420485872573,14420486013500,14420486095582,14420487013835,1.141262,0.082082,0.918253,960
live,185,14420495872573,14420496037614,14420496114735,14420497049469,1.176896,0.077121,0.934734,960
live,186,14420505872573,14420506015743,14420506091488,14420506998605,1.126032,0.075745,0.907117,960
live,187,14420515872573,14420516033552,14420516108241,14420517349827,1.477254,0.074689,1.241586,960
live,188,14420525872573,14420526009377,14420526085570,14420526982863,1.11029,0.076193,0.897293,960
live,189,14420535872573,14420536032947,14420536106260,14420536999969,1.127396,0.073313,0.893709,960
live,190,14420545872573,14420546016164,14420546099141,14420547016786,1.144213,0.082977,0.917645,960
live,191,14420555872573,14420556042901,14420556121399,14420557016676,1.144103,0.078498,0.895277,960
live,192,14420565872573,14420566018086,14420566094119,14420566986804,1.114231,0.076033,0.892685,960
live,193,14420575872573,14420576032664,14420576097913,14420577301770,1.429197,0.065249,1.203857,960
live,194,14420585872573,14420586012009,14420586076554,14420586968758,1.096185,0.064545,0.892204,960
live,195,14420595872573,14420596038810,14420596285374,14420598076504,2.203931,0.246564,1.79113,960
live,196,14420605872573,14420606045580,14420606161389,14420607245789,1.373216,0.115809,1.0844,960
live,197,14420615872573,14420616053565,14420616580037,14420618391231,2.518658,0.526472,1.811194,960
live,198,14420625872573,14420626019502,14420626101935,14420627869992,1.997419,0.082433,1.768057,960
live,199,14420635872573,14420636043167,14420636146945,14420637934459,2.061886,0.103778,1.787514,960
live,200,14420645872573,14420646037072,14420646126098,14420649956713,4.08414,0.089026,3.830615,960
live,201,14420655872573,14420656051426,14420656139267,14420657923069,2.050496,0.087841,1.783802,960
live,202,14420665872573,14420666021395,14420666104756,14420667878093,2.00552,0.083361,1.773337,960
live,203,14420675872573,14420676038884,14420676109413,14420677884255,2.011682,0.070529,1.774842,960
live,204,14420685872573,14420686015829,14420686103510,14420688155508,2.282935,0.087681,2.051998,960
live,205,14420695872573,14420696031654,14420696119464,14420697896161,2.023588,0.08781,1.776697,960
live,206,14420705872573,14420706019031,14420706106073,14420707878290,2.005717,0.087042,1.772217,960
live,207,14420715872573,14420716033705,14420716114186,14420717912068,2.039495,0.080481,1.797882,960
live,208,14420725872573,14420726014522,14420726094299,14420727865109,1.992536,0.079777,1.77081,960
live,209,14420735872573,14420736030475,14420736117996,14420737880454,2.007881,0.087521,1.762458,960
live,210,14420745872573,14420746014524,14420746100061,14420748163451,2.290878,0.085537,2.06339,960
live,211,14420755872573,14420756054766,14420756141455,14420757953514,2.080941,0.086689,1.812059,960
live,212,14420765872573,14420766022687,14420766106048,14420767869338,1.996765,0.083361,1.76329,960
live,213,14420775872573,14420776037136,14420776108945,14420777892427,2.019854,0.071809,1.783482,960
live,214,14420785872573,14420786010657,14420786101634,14420787867708,1.995135,0.090977,1.766074,960
live,215,14420795872573,14420796063507,14420796151764,14420797926094,2.053521,0.088257,1.77433,960
live,216,14420805872573,14420806023396,14420806112549,14420808214147,2.341574,0.089153,2.101598,960
live,217,14420815872573,14420816197335,14420816380794,14420818456408,2.583835,0.183459,2.075614,960
live,218,14420825872573,14420826058567,14420826152296,14420828044579,2.172006,0.093729,1.892283,960
live,219,14420835872573,14420836046296,14420836132761,14420837949363,2.07679,0.086465,1.816602,960
live,220,14420845872573,14420846018152,14420846110154,14420849131990,3.259417,0.092002,3.021836,960
live,221,14420855872573,14420856051674,14420856149628,14420858000150,2.127577,0.097954,1.850522,960
live,222,14420865872573,14420866022923,14420866117548,14420868049256,2.176683,0.094625,1.931708,960
live,223,14420875872573,14420876042268,14420876131646,14420878140859,2.268286,0.089378,2.009213,960
live,224,14420885872573,14420886027918,14420886108815,14420887881384,2.008811,0.080897,1.772569,960
live,225,14420895872573,14420896034687,14420896116320,14420897900218,2.027645,0.081633,1.783898,960
live,226,14420905872573,14420906021456,14420906106609,14420907922219,2.049646,0.085153,1.81561,960
live,227,14420915872573,14420916083490,14420916180355,14420917980766,2.108193,0.096865,1.800411,960
live,228,14420925872573,14420926063347,14420926153140,14420927936366,2.063793,0.089793,1.783226,960
live,229,14420935872573,14420936063844,14420936151237,14420937927167,2.054594,0.087393,1.77593,960
live,230,14420945872573,14420946023381,14420946116566,14420947892464,2.019891,0.093185,1.775898,960
live,231,14420955872573,14420956041414,14420956135816,14420957971682,2.099109,0.094402,1.835866,960
live,232,14420965872573,14420966021943,14420966104024,14420967908275,2.035702,0.082081,1.804251,960
live,233,14420975872573,14420976032361,14420976121546,14420977903012,2.030439,0.089185,1.781466,960
live,234,14420985872573,14420986016409,14420986106555,14420987888565,2.015992,0.090146,1.78201,960
live,235,14420995872573,14420996027371,14420996100044,14420997861765,1.989192,0.072673,1.761721,960
live,236,14421005872573,14421006181182,14421006346081,14421008510944,2.638371,0.164899,2.164863,960
live,237,14421015872573,14421016089070,14421016187727,14421017988362,2.115789,0.098657,1.800635,960
live,238,14421025872573,14421026027550,14421026118944,14421027900538,2.027965,0.091394,1.781594,960
live,239,14421035872573,14421036039760,14421036128273,14421037863402,1.990829,0.088513,1.735129,960
live,240,14421045872573,14421046014977,14421046100258,14421049104749,3.232176,0.085281,3.004491,960
live,241,14421055872573,14421056053170,14421056153332,14421058481110,2.608537,0.100162,2.327778,960
live,242,14421065872573,14421066028803,14421066116964,14421068359557,2.486984,0.088161,2.242593,960
live,243,14421075872573,14421076039604,14421076128566,14421077962544,2.089971,0.088962,1.833978,960
live,244,14421085872573,14421086019653,14421086103047,14421088170597,2.298024,0.083394,2.06755,960
live,245,14421095872573,14421096031479,14421096113784,14421097894994,2.022421,0.082305,1.78121,960
live,246,14421105872573,14421106235275,14421106398445,14421108180359,2.307786,0.16317,1.781914,960
live,247,14421115872573,14421116107802,14421116231612,14421118027702,2.155129,0.12381,1.79609,960
live,248,14421125872573,14421126072907,14421126185196,14421127933286,2.060713,0.112289,1.74809,960
live,249,14421135872573,14421136056508,14421136139517,14421137866134,1.993561,0.083009,1.726617,960
live,250,14421145872573,14421146020716,14421146110030,14421147828487,1.955914,0.089314,1.718457,960
live,251,14421155872573,14421156079103,14421156185312,14421158295199,2.422626,0.106209,2.109887,960
live,252,14421165872573,14421166042927,14421166131120,14421168375473,2.5029,0.088193,2.244353,960
live,253,14421175872573,14421176065633,14421176158530,14421178309601,2.437028,0.092897,2.151071,960
live,254,14421185872573,14421186032433,14421186119667,14421187420326,1.547753,0.087234,1.300659,960
live,255,14421195872573,14421196045891,14421196134244,14421197370838,1.498265,0.088353,1.236594,960
live,256,14421205872573,14421206027636,14421206099765,14421207324295,1.451722,0.072129,1.22453,960
live,257,14421215872573,14421216047845,14421216135686,14421217403289,1.530716,0.087841,1.267603,960
live,258,14421225872573,14421226022678,14421226085495,14421227236872,1.364299,0.062817,1.151377,960
live,259,14421235872573,14421236024103,14421236102376,14421237243065,1.370492,0.078273,1.140689,960
live,260,14421245872573,14421246027960,14421246107738,14421248590014,2.717441,0.079778,2.482276,960
live,261,14421255872573,14421256054474,14421256140907,14421257369021,1.496448,0.086433,1.228114,960
live,262,14421265872573,14421266031899,14421266115036,14421267383950,1.511377,0.083137,1.268914,960
live,263,14421275872573,14421276064333,14421276154830,14421277400096,1.527523,0.090497,1.245266,960
live,264,14421285872573,14421286026301,14421286094590,14421287317904,1.445331,0.068289,1.223314,960
live,265,14421295872573,14421296041071,14421296110672,14421297305281,1.432708,0.069601,1.194609,960
live,266,14421305872573,14421306026944,14421306100161,14421307287698,1.415125,0.073217,1.187537,960
live,267,14421315872573,14421316058993,14421316453431,14421318493941,2.621368,0.394438,2.04051,960
live,268,14421325872573,14421326030018,14421326418184,14421328540262,2.667689,0.388166,2.122078,960
live,269,14421335872573,14421336050259,14421336440089,14421338536632,2.664059,0.38983,2.096543,960
live,270,14421345872573,14421346028740,14421346122470,14421348130019,2.257446,0.09373,2.007549,960
live,271,14421355872573,14421356048662,14421356132791,14421358132628,2.260055,0.084129,1.999837,960
live,272,14421365872573,14421366030855,14421366126984,14421368200166,2.327593,0.096129,2.073182,960
live,273,14421375872573,14421376061464,14421376145242,14421378138326,2.265753,0.083778,1.993084,960
live,274,14421385872573,14421386027529,14421386108810,14421388144488,2.271915,0.081281,2.035678,960
live,275,14421395872573,14421396039290,14421396125788,14421398116985,2.244412,0.086498,1.991197,960
live,276,14421405872573,14421406030507,14421406107341,14421408104074,2.231501,0.076834,1.996733,960
live,277,14421415872573,14421416046173,14421416139678,14421418160316,2.287743,0.093505,2.020638,960
live,278,14421425872573,14421426028942,14421426133615,14421428052747,2.180174,0.104673,1.919132,960
live,279,14421435872573,14421436053183,14421436131648,14421438279360,2.406787,0.078465,2.147712,960
live,280,14421445872573,14421446037008,14421446118065,14421449449378,3.576805,0.081057,3.331313,960
live,281,14421455872573,14421456049282,14421456137763,14421458146976,2.274403,0.088481,2.009213,960
live,282,14421465872573,14421466179413,14421466311031,14421468840219,2.967646,0.131618,2.529188,960
live,283,14421475872573,14421476067492,14421476161094,14421477895615,2.023042,0.093602,1.734521,960
live,284,14421485872573,14421486035413,14421486113462,14421488234933,2.36236,0.078049,2.121471,960
live,285,14421495872573,14421496045894,14421496134664,14421498115556,2.242983,0.08877,1.980892,960
live,286,14421505872573,14421506036823,14421506116281,14421507805201,1.932628,0.079458,1.68892,960
live,287,14421515872573,14421516048265,14421516123882,14421517142873,1.2703,0.075617,1.018991,960
live,288,14421525872573,14421526016921,14421526090139,14421527760691,1.888118,0.073218,1.670552,960
live,289,14421535872573,14421536035115,14421536112940,14421538179850,2.307277,0.077825,2.06691,960
live,290,14421545872573,14421546035676,14421546111901,14421547814614,1.942041,0.076225,1.702713,960
live,291,14421555872573,14421556046349,14421556130991,14421558082219,2.209646,0.084642,1.951228,960
live,292,14421565872573,14421566020094,14421566108672,14421568123741,2.251168,0.088578,2.015069,960
live,293,14421575872573,14421576042960,14421576127345,14421578105582,2.233009,0.084385,1.978237,960
live,294,14421585872573,14421586017793,14421586098946,14421588086719,2.214146,0.081153,1.987773,960
live,295,14421595872573,14421596037522,14421596117875,14421598146193,2.27362,0.080353,2.028318,960
live,296,14421605872573,14421606030819,14421606120516,14421608097889,2.225316,0.089697,1.977373,960
live,297,14421615872573,14421616051509,14421616135830,14421618075762,2.203189,0.084321,1.939932,960
live,298,14421625872573,14421626018437,14421626095014,14421628090947,2.218374,0.076577,1.995933,960
live,299,14421635872573,14421636039863,14421636126264,14421638099285,2.226712,0.086401,1.973021,960
live,300,14421645872573,14421646021928,14421646104329,14421649271159,3.398586,0.082401,3.16683,960
live,301,14421655872573,14421656060217,14421656140667,14421658158264,2.285691,0.08045,2.017597,960
live,302,14421665872573,14421666025098,14421666102795,14421668116905,2.244332,0.077697,2.01411,960
live,303,14421675872573,14421676034331,14421676112637,14421678095705,2.223132,0.078306,1.983068,960
live,304,14421685872573,14421686082189,14421686161679,14421688147979,2.275406,0.07949,1.9863,960
live,305,14421695872573,14421696070974,14421696151264,14421698107964,2.235391,0.08029,1.9567,960
live,306,14421705872573,14421706021327,14421706106448,14421708139278,2.266705,0.085121,2.03283,960
live,307,14421715872573,14421716046304,14421716136258,14421718058238,2.185665,0.089954,1.92198,960
live,308,14421725872573,14421726023217,14421726110931,14421728101487,2.228914,0.087714,1.990556,960
live,309,14421735872573,14421736045507,14421736125508,14421738055872,2.183299,0.080001,1.930364,960
live,310,14421745872573,14421746017652,14421746096053,14421748062385,2.189812,0.078401,1.966332,960
live,311,14421755872573,14421756036229,14421756122406,14421758069731,2.197158,0.086177,1.947325,960
live,312,14421765872573,14421766033878,14421766128888,14421767526508,1.653935,0.09501,1.39762,960
live,313,14421775872573,14421776032071,14421776116169,14421777362843,1.49027,0.084098,1.246674,960
live,314,14421785872573,14421786026072,14421786099417,14421787015047,1.142474,0.073345,0.91563,960
live,315,14421795872573,14421796043562,14421796123947,14421797031960,1.159387,0.080385,0.908013,960
live,316,14421805872573,14421806033435,14421806109564,14421807328334,1.455761,0.076129,1.21877,960
live,317,14421815872573,14421816043916,14421816123085,14421817392128,1.519555,0.079169,1.269043,960
live,318,14421825872573,14421826107390,14421826201312,14421827438066,1.565493,0.093922,1.236754,960
live,319,14421835872573,14421836050639,14421836122864,14421837335521,1.462948,0.072225,1.212657,960
live,320,14421845872573,14421846023871,14421846097217,14421848571044,2.698471,0.073346,2.473827,960
live,321,14421855872573,14421856037073,14421856112498,14421857318467,1.445894,0.075425,1.205969,960
live,322,14421865872573,14421866025570,14421866415496,14421868165313,2.29274,0.389926,1.749817,960
live,323,14421875872573,14421876038195,14421876436953,14421878515959,2.643386,0.398758,2.079006,960
live,324,14421885872573,14421886018564,14421886401706,14421888456968,2.584395,0.383142,2.055262,960
live,325,14421895872573,14421896039894,14421896122007,14421898067283,2.19471,0.082113,1.945276,960
live,326,14421905872573,14421906018086,14421906100264,14421908096805,2.224232,0.082178,1.996541,960
live,327,14421915872573,14421916041272,14421916117305,14421918054933,2.18236,0.076033,1.937628,960
live,328,14421925872573,14421926010473,14421926085962,14421928044070,2.171497,0.075489,1.958108,960
live,329,14421935872573,14421936044634,14421936126332,14421938152025,2.279452,0.081698,2.025693,960
live,330,14421945872573,14421946019019,14421946099020,14421947809413,1.93684,0.080001,1.710393,960
live,331,14421955872573,14421956039517,14421956129054,14421957830103,1.95753,0.089537,1.701049,960
live,332,14421965872573,14421966015566,14421966093647,14421967783527,1.910954,0.078081,1.68988,960
live,333,14421975872573,14421976030655,14421976105248,14421978189982,2.317409,0.074593,2.084734,960
live,334,14421985872573,14421986006416,14421986083377,14421988246768,2.374195,0.076961,2.163391,960
live,335,14421995872573,14421996044225,14421996129891,14421998142368,2.269795,0.085666,2.012477,960
live,336,14422005872573,14422006034546,14422006115668,14422008154353,2.28178,0.081122,2.038685,960
live,337,14422015872573,14422016051780,14422016132069,14422017847326,1.974753,0.080289,1.715257,960
live,338,14422025872573,14422026015668,14422026093910,14422027785678,1.913105,0.078242,1.691768,960
live,339,14422035872573,14422036035814,14422036117575,14422037836928,1.964355,0.081761,1.719353,960
live,340,14422045872573,14422046025655,14422046104696,14422049280358,3.407785,0.079041,3.175662,960
live,341,14422055872573,14422056039112,14422056120681,14422057806530,1.933957,0.081569,1.685849,960
live,342,14422065872573,14422066016569,14422066093946,14422067793747,1.921174,0.077377,1.699801,960
live,343,14422075872573,14422076041483,14422076122028,14422078208266,2.335693,0.080545,2.086238,960
live,344,14422085872573,14422086016891,14422086091900,14422088213339,2.340766,0.075009,2.121439,960
live,345,14422095872573,14422096035181,14422096125486,14422098219884,2.347311,0.090305,2.094398,960
live,346,14422105872573,14422106028798,14422106108063,14422108260958,2.388385,0.079265,2.152895,960
live,347,14422115872573,14422116041263,14422116120208,14422118203663,2.33109,0.078945,2.083455,960
live,348,14422125872573,14422126018496,14422126097857,14422128238240,2.365667,0.079361,2.140383,960
live,349,14422135872573,14422136025841,14422136110418,14422138208497,2.335924,0.084577,2.098079,960
live,350,14422145872573,14422146018306,14422146100707,14422148227362,2.354789,0.082401,2.126655,960
live,351,14422155872573,14422156035668,14422156121077,14422158112914,2.240341,0.085409,1.991837,960
live,352,14422165872573,14422166020453,14422166098022,14422167828639,1.956066,0.077569,1.730617,960
live,353,14422175872573,14422176045590,14422176126135,14422178182677,2.310104,0.080545,2.056542,960
live,354,14422185872573,14422186014151,14422186089928,14422188199206,2.326633,0.075777,2.109278,960
live,355,14422195872573,14422196041784,14422196120345,14422198185207,2.312634,0.078561,2.064862,960
live,356,14422205872573,14422206025929,14422206111178,14422208222665,2.350092,0.085249,2.111487,960
live,357,14422215872573,14422216052155,14422216135292,14422218293147,2.420574,0.083137,2.157855,960
live,358,14422225872573,14422226013803,14422226090924,14422228198411,2.325838,0.077121,2.107487,960
live,359,14422235872573,14422236033117,14422236114750,14422238077370,2.204797,0.081633,1.96262,960
live,360,14422245872573,14422246011054,14422246094703,14422249010297,3.137724,0.083649,2.915594,960
live,361,14422255872573,14422256026047,14422256118208,14422258069117,2.196544,0.092161,1.950909,960
live,362,14422265872573,14422266024400,14422266105873,14422268090702,2.218129,0.081473,1.984829,960
live,363,14422275872573,14422276045506,14422276137955,14422278156448,2.283875,0.092449,2.018493,960
live,364,14422285872573,14422286072659,14422286194677,14422288466486,2.593913,0.122018,2.271809,960
live,365,14422295872573,14422296066628,14422296147141,14422298112034,2.239461,0.080513,1.964893,960
live,366,14422305872573,14422306016053,14422306094614,14422308078834,2.206261,0.078561,1.98422,960
live,367,14422315872573,14422316037286,14422316125095,14422318108196,2.235623,0.087809,1.983101,960
live,368,14422325872573,14422326027575,14422326104696,14422328153238,2.280665,0.077121,2.048542,960
live,369,14422335872573,14422336032488,14422336108393,14422338255785,2.383212,0.075905,2.147392,960
live,370,14422345872573,14422346008761,14422346086010,14422348079831,2.207258,0.077249,1.993821,960
live,371,14422355872573,14422356031691,14422356106956,14422358075176,2.202603,0.075265,1.96822,960
live,372,14422365872573,14422366015323,14422366091485,14422368081625,2.209052,0.076162,1.99014,960
live,373,14422375872573,14422376044429,14422376124782,14422378245293,2.37272,0.080353,2.120511,960
live,374,14422385872573,14422386024542,14422386101183,14422388476321,2.603748,0.076641,2.375138,960
live,375,14422395872573,14422396031439,14422396110896,14422398102605,2.230032,0.079457,1.991709,960
live,376,14422405872573,14422406013056,14422406093441,14422408072318,2.199745,0.080385,1.978877,960
live,377,14422415872573,14422416029937,14422416110739,14422418057871,2.185298,0.080802,1.947132,960
live,378,14422425872573,14422426012802,14422426101668,14422428085632,2.213059,0.088866,1.983964,960
live,379,14422435872573,14422436039604,14422436114741,14422438111218,2.238645,0.075137,1.996477,960
live,380,14422445872573,14422446073925,14422446161703,14422449539672,3.667099,0.087778,3.377969,960
live,381,14422455872573,14422456107639,14422456201112,14422458238422,2.365849,0.093473,2.03731,960
live,382,14422465872573,14422466030279,14422466125768,14422468179750,2.307177,0.095489,2.053982,960
live,383,14422475872573,14422476063065,14422476151706,14422477241322,1.368749,0.088641,1.089616,960
live,384,14422485872573,14422486038186,14422486115179,14422487059320,1.186747,0.076993,0.944141,960
live,385,14422495872573,14422496028987,14422496109500,14422497041865,1.169292,0.080513,0.932365,960
live,386,14422505872573,14422506030476,14422506112365,14422507334815,1.462242,0.081889,1.22245,960
live,387,14422515872573,14422516040733,14422516117310,14422517337680,1.465107,0.076577,1.22037,960
live,388,14422525872573,14422526026158,14422526102767,14422527311329,1.438756,0.076609,1.208562,960
live,389,14422535872573,14422536049727,14422536126177,14422537462324,1.589751,0.07645,1.336147,960
live,390,14422545872573,14422546015920,14422546085233,14422547288451,1.415878,0.069313,1.203218,960
live,391,14422555872573,14422556035842,14422556117923,14422557335028,1.462455,0.082081,1.217105,960
live,392,14422565872573,14422566022194,14422566095060,14422567309701,1.437128,0.072866,1.214641,960
live,393,14422575872573,14422576039364,14422576111941,14422577438968,1.566395,0.072577,1.327027,960
live,394,14422585872573,14422586016629,14422586088822,14422587293895,1.421322,0.072193,1.205073,960
live,395,14422595872573,14422596047686,14422596377707,14422597764575,1.892002,0.330021,1.386868,960
live,396,14422605872573,14422605995735,14422606260091,14422607357066,1.484493,0.264356,1.096975,960
live,397,14422615872573,14422615997512,14422616330253,14422618174951,2.302378,0.332741,1.844698,960
live,398,14422625872573,14422626030009,14422626110587,14422628099223,2.22665,0.080578,1.988636,960
live,399,14422635872573,14422636046091,14422636133100,14422638093065,2.220492,0.087009,1.959965,960
live,400,14422645872573,14422646017180,14422646102205,14422649297931,3.425358,0.085025,3.195726,960
live,401,14422655872573,14422656054189,14422656139022,14422658086283,2.21371,0.084833,1.947261,960
live,402,14422665872573,14422666028094,14422666116383,14422668149949,2.277376,0.088289,2.033566,960
live,403,14422675872573,14422676048015,14422676125649,14422678104045,2.231472,0.077634,1.978396,960
live,404,14422685872573,14422686083905,14422686222691,14422688248289,2.375716,0.138786,2.025598,960
live,405,14422695872573,14422696101907,14422696228372,14422698017198,2.144625,0.126465,1.788826,960
live,406,14422705872573,14422706088035,14422706182021,14422707250100,1.377527,0.093986,1.068079,960
live,407,14422715872573,14422716049716,14422716134581,14422717384263,1.51169,0.084865,1.249682,960
live,408,14422725872573,14422726031941,14422726139079,14422727377625,1.505052,0.107138,1.238546,960
live,409,14422735872573,14422736076375,14422736160568,14422737402314,1.529741,0.084193,1.241746,960
live,410,14422745872573,14422746450541,14422746573327,14422747804993,1.93242,0.122786,1.231666,960
live,411,14422755872573,14422756093273,14422756195995,14422757408396,1.535823,0.102722,1.212401,960
live,412,14422765872573,14422766034314,14422766127947,14422767351773,1.4792,0.093633,1.223826,960
live,413,14422775872573,14422776056379,14422776151772,14422777417679,1.545106,0.095393,1.265907,960
live,414,14422785872573,14422786038956,14422786115821,14422787310302,1.437729,0.076865,1.194481,960
live,415,14422795872573,14422796052189,14422796129758,14422797991673,2.1191,0.077569,1.861915,960
live,416,14422805872573,14422806017038,14422806090607,14422806999484,1.126911,0.073569,0.908877,960
live,417,14422815872573,14422816040031,14422816115617,14422817315474,1.442901,0.075586,1.199857,960
live,418,14422825872573,14422826009776,14422826394454,14422827423525,1.550952,0.384678,1.029071,960
live,419,14422835872573,14422836046594,14422836372679,14422837791259,1.918686,0.326085,1.41858,960
live,420,14422845872573,14422846007730,14422846078931,14422848894556,3.021983,0.071201,2.815625,960
live,421,14422855872573,14422856098405,14422856224359,14422857176693,1.30412,0.125954,0.952334,960
live,422,14422865872573,14422866044501,14422866145399,14422867062468,1.189895,0.100898,0.917069,960
live,423,14422875872573,14422876060839,14422876161896,14422877382170,1.509597,0.101057,1.220274,960
live,424,14422885872573,14422886031575,14422886128185,14422887342634,1.470061,0.09661,1.214449,960
live,425,14422895872573,14422896047529,14422896125418,14422897389340,1.516767,0.077889,1.263922,960
live,426,14422905872573,14422906056410,14422906163100,14422907507055,1.634482,0.10669,1.343955,960
live,427,14422915872573,14422916064843,14422916176749,14422917450367,1.577794,0.111906,1.273618,960
live,428,14422925872573,14422926037404,14422926139837,14422927070027,1.197454,0.102433,0.93019,960
live,429,14422935872573,14422936078094,14422936180751,14422937095901,1.223328,0.102657,0.91515,960
live,430,14422945872573,14422946029918,14422946122112,14422947024237,1.151664,0.092194,0.902125,960
live,431,14422955872573,14422956087568,14422956210770,14422957113023,1.24045,0.123202,0.902253,960
live,432,14422965872573,14422966048897,14422966147138,14422967044303,1.17173,0.098241,0.897165,960
live,433,14422975872573,14422976053842,14422976147571,14422977041344,1.168771,0.093729,0.893773,960
live,434,14422985872573,14422986028547,14422986104516,14422986985041,1.112468,0.075969,0.880525,960
live,435,14422995872573,14422996050068,14422996143637,14422997027746,1.155173,0.093569,0.884109,960
live,436,14423005872573,14423006050725,14423006155687,14423007634236,1.761663,0.104962,1.478549,960
live,437,14423015872573,14423016048374,14423016141592,14423017507243,1.63467,0.093218,1.365651,960
live,438,14423025872573,14423026029991,14423026107432,14423027310650,1.438077,0.077441,1.203218,960
live,439,14423035872573,14423036053593,14423036140666,14423037079303,1.20673,0.087073,0.938637,960
live,440,14423045872573,14423046043882,14423046126059,14423048260394,2.387821,0.082177,2.134335,960
live,441,14423055872573,14423056102619,14423056198877,14423057489296,1.616723,0.096258,1.290419,960
live,442,14423065872573,14423066047116,14423066127053,14423067026522,1.153949,0.079937,0.899469,960
live,443,14423075872573,14423076067741,14423076156799,14423077044843,1.17227,0.089058,0.888044,960
live,444,14423085872573,14423086025358,14423086099759,14423086984988,1.112415,0.074401,0.885229,960
live,445,14423095872573,14423096049471,14423096124864,14423097023181,1.150608,0.075393,0.898317,960
live,446,14423105872573,14423106038448,14423106135666,14423107360771,1.488198,0.097218,1.225105,960
live,447,14423115872573,14423116066178,14423116146179,14423117402389,1.529816,0.080001,1.25621,960
live,448,14423125872573,14423126040498,14423126134036,14423127035745,1.163172,0.093538,0.901709,960
live,449,14423135872573,14423136050692,14423136168549,14423137231829,1.359256,0.117857,1.06328,960
live,450,14423145872573,14423146036373,14423146116726,14423147085732,1.213159,0.080353,0.969006,960
live,451,14423155872573,14423156081158,14423156170600,14423157144214,1.271641,0.089442,0.973614,960
live,452,14423165872573,14423166032119,14423166112664,14423167375274,1.502701,0.080545,1.26261,960
live,453,14423175872573,14423176058408,14423176162218,14423177440572,1.567999,0.10381,1.278354,960
live,454,14423185872573,14423186026873,14423186108218,14423187305483,1.43291,0.081345,1.197265,960
live,455,14423195872573,14423196044170,14423196119467,14423197343261,1.470688,0.075297,1.223794,960
live,456,14423205872573,14423206688933,14423206805446,14423208044792,2.172219,0.116513,1.239346,960
live,457,14423215872573,14423216126318,14423216227183,14423217450593,1.57802,0.100865,1.22341,960
live,458,14423225872573,14423226037629,14423226132543,14423227401681,1.529108,0.094914,1.269138,960
live,459,14423235872573,14423236056399,14423236152432,14423237428515,1.555942,0.096033,1.276083,960
live,460,14423245872573,14423246048512,14423246129377,14423248655718,2.783145,0.080865,2.526341,960
live,461,14423255872573,14423256066545,14423256144210,14423258163632,2.291059,0.077665,2.019422,960
live,462,14423265872573,14423266022338,14423266098243,14423267363605,1.491032,0.075905,1.265362,960
live,463,14423275872573,14423276042387,14423276116244,14423277337926,1.465353,0.073857,1.221682,960
live,464,14423285872573,14423286024452,14423286101221,14423287311063,1.43849,0.076769,1.209842,960
live,465,14423295872573,14423296044693,14423296125878,14423297336968,1.464395,0.081185,1.21109,960
live,466,14423305872573,14423306027142,14423306097511,14423307292409,1.419836,0.070369,1.194898,960
live,467,14423315872573,14423316032823,14423316112697,14423317323818,1.451245,0.079874,1.211121,960
live,468,14423325872573,14423326016488,14423326089897,14423327347868,1.475295,0.073409,1.257971,960
live,469,14423335872573,14423336046618,14423336138587,14423337415054,1.542481,0.091969,1.276467,960
live,470,14423345872573,14423346019274,14423346090700,14423347347742,1.475169,0.071426,1.257042,960
live,471,14423355872573,14423356050140,14423356130109,14423357420336,1.547763,0.079969,1.290227,960
live,472,14423365872573,14423366032429,14423366114030,14423367422657,1.550084,0.081601,1.308627,960
live,473,14423375872573,14423376115039,14423376242017,14423377515604,1.643031,0.126978,1.273587,960
live,474,14423385872573,14423386041135,14423386124176,14423387320226,1.447653,0.083041,1.19605,960
live,475,14423395872573,14423396043520,14423396132834,14423397553014,1.680441,0.089314,1.42018,960
live,476,14423405872573,14423406016849,14423406093938,14423407280099,1.407526,0.077089,1.186161,960
live,477,14423415872573,14423416049123,14423416123460,14423417330389,1.457816,0.074337,1.206929,960
live,478,14423425872573,14423426015795,14423426084596,14423427277542,1.404969,0.068801,1.192946,960
live,479,14423435872573,14423436034853,14423436106726,14423437436409,1.563836,0.071873,1.329683,960
live,480,14423445872573,14423446015062,14423446090039,14423448652572,2.779999,0.074977,2.562533,960
live,481,14423455872573,14423456064263,14423456141640,14423457403355,1.530782,0.077377,1.261715,960
live,482,14423465872573,14423466032024,14423466102585,14423467381740,1.509167,0.070561,1.279155,960
live,483,14423475872573,14423476046761,14423476117130,14423477312156,1.439583,0.070369,1.195026,960
live,484,14423485872573,14423486020154,14423486092123,14423487292620,1.420047,0.071969,1.200497,960
live,485,14423495872573,14423496031339,14423496100460,14423497290558,1.417985,0.069121,1.190098,960
live,486,14423505872573,14423506013820,14423506087645,14423507288399,1.415826,0.073825,1.200754,960
live,487,14423515872573,14423516036718,14423516113967,14423517323360,1.450787,0.077249,1.209393,960
live,488,14423525872573,14423526017854,14423526092320,14423527291025,1.418452,0.074466,1.198705,960
live,489,14423535872573,14423536041648,14423536114449,14423537393667,1.521094,0.072801,1.279218,960
live,490,14423545872573,14423546025025,14423546097890,14423547340660,1.468087,0.072865,1.24277,960
live,491,14423555872573,14423556045394,14423556117651,14423557362405,1.489832,0.072257,1.244754,960
live,492,14423565872573,14423566013859,14423566093444,14423567364982,1.492409,0.079585,1.271538,960
live,493,14423575872573,14423576043220,14423576114005,14423577384904,1.512331,0.070785,1.270899,960
live,494,14423585872573,14423586016645,14423586085638,14423587364473,1.4919,0.068993,1.278835,960
live,495,14423595872573,14423596064919,14423596157976,14423597551884,1.679311,0.093057,1.393908,960
live,496,14423605872573,14423606053000,14423606129577,14423607475804,1.603231,0.076577,1.346227,960
live,497,14423615872573,14423616050041,14423616131578,14423617415053,1.54248,0.081537,1.283475,960
live,498,14423625872573,14423626025098,14423626108107,14423627448190,1.575617,0.083009,1.340083,960
live,499,14423635872573,14423636042779,14423636112796,14423637365134,1.492561,0.070017,1.252338,960
live,500,14423645872573,14423646022284,14423646099565,14423648884437,3.011864,0.077281,2.784872,960
live,501,14423655872573,14423656065054,14423656145919,14423657431153,1.55858,0.080865,1.285234,960
live,502,14423665872573,14423666259665,14423666337107,14423667700102,1.827529,0.077442,1.362995,960
live,503,14423675872573,14423676060576,14423676139521,14423677401523,1.52895,0.078945,1.262002,960
live,504,14423685872573,14423686027152,14423686105809,14423687359748,1.487175,0.078657,1.253939,960
live,505,14423695872573,14423696046658,14423696123843,14423697464342,1.591769,0.077185,1.340499,960
live,506,14423705872573,14423706018386,14423706095508,14423707341222,1.468649,0.077122,1.245714,960
live,507,14423715872573,14423716039460,14423716115493,14423718064737,2.192164,0.076033,1.949244,960
live,508,14423725872573,14423726011701,14423726081462,14423727342024,1.469451,0.069761,1.260562,960
live,509,14423735872573,14423736040102,14423736126247,14423737374329,1.501756,0.086145,1.248082,960
live,510,14423745872573,14423746021047,14423746090936,14423747365290,1.492717,0.069889,1.274354,960
live,511,14423755872573,14423756037992,14423756113289,14423757363163,1.49059,0.075297,1.249874,960
live,512,14423765872573,14423766014553,14423766090490,14423767336108,1.463535,0.075937,1.245618,960
live,513,14423775872573,14423776394256,14423776525746,14423777793220,1.920647,0.13149,1.267474,960
live,514,14423785872573,14423786067708,14423786170333,14423787362383,1.48981,0.102625,1.19205,960
live,515,14423795872573,14423796062093,14423796407986,14423797242878,1.370305,0.345893,0.834892,960
live,516,14423805872573,14423806027038,14423806366819,14423807652181,1.779608,0.339781,1.285362,960
live,517,14423815872573,14423816026543,14423816377396,14423818127469,2.254896,0.350853,1.750073,960
live,518,14423825872573,14423826004128,14423826335652,14423828446083,2.57351,0.331524,2.110431,960
live,519,14423835872573,14423836051729,14423836463127,14423838608886,2.736313,0.411398,2.145759,960
live,520,14423845872573,14423846043106,14423846157924,14423849604982,3.732409,0.114818,3.447058,960
live,521,14423855872573,14423856056276,14423856160885,14423858125650,2.253077,0.104609,1.964765,960
live,522,14423865872573,14423866038500,14423866116134,14423867810334,1.937761,0.077634,1.6942,960
live,523,14423875872573,14423876036118,14423876126743,14423878127636,2.255063,0.090625,2.000893,960
live,524,14423885872573,14423886032487,14423886113736,14423888085892,2.213319,0.081249,1.972156,960
live,525,14423895872573,14423896044120,14423896133881,14423898076437,2.203864,0.089761,1.942556,960
live,526,14423905872573,14423906032361,14423906114634,14423907819043,1.94647,0.082273,1.704409,960
live,527,14423915872573,14423916040250,14423916126491,14423918086520,2.213947,0.086241,1.960029,960
live,528,14423925872573,14423926014827,14423926090028,14423927787973,1.9154,0.075201,1.697945,960
live,529,14423935872573,14423936048764,14423936135294,14423938111482,2.238909,0.08653,1.976188,960
live,530,14423945872573,14423946049741,14423946127727,14423947123997,1.251424,0.077986,0.99627,960
live,531,14423955872573,14423956048671,14423956132640,14423957505396,1.632823,0.083969,1.372756,960
live,532,14423965872573,14423966085872,14423966168049,14423967080799,1.208226,0.082177,0.91275,960
live,533,14423975872573,14423976078593,14423976160418,14423977066896,1.194323,0.081825,0.906478,960
live,534,14423985872573,14423986044882,14423986116883,14423987022944,1.150371,0.072001,0.906061,960
live,535,14423995872573,14423996057763,14423996151812,14423997365014,1.492441,0.094049,1.213202,960
live,536,14424005872573,14424006031732,14424006114421,14424007324966,1.452393,0.082689,1.210545,960
live,537,14424015872573,14424016046789,14424016125158,14424017315255,1.442682,0.078369,1.190097,960
live,538,14424025872573,14424026021654,14424026098583,14424027012420,1.139847,0.076929,0.913837,960
live,539,14424035872573,14424036041959,14424036113832,14424037056598,1.184025,0.071873,0.942766,960
live,540,14424045872573,14424046023480,14424046102457,14424048363866,2.491293,0.078977,2.261409,960
live,541,14424055872573,14424056055177,14424056132075,14424057066872,1.194299,0.076898,0.934797,960
live,542,14424065872573,14424066031514,14424066428288,14424068419773,2.5472,0.396774,1.991485,960
live,543,14424075872573,14424076323791,14424076727573,14424078544848,2.672275,0.403782,1.817275,960
live,544,14424085872573,14424086027644,14424086422338,14424088232988,2.360415,0.394694,1.81065,960
live,545,14424095872573,14424096045006,14424096142863,14424097850344,1.977771,0.097857,1.707481,960
live,546,14424105872573,14424106034302,14424106112896,14424107787128,1.914555,0.078594,1.674232,960
live,547,14424115872573,14424116042064,14424116127441,14424117818569,1.945996,0.085377,1.691128,960
live,548,14424125872573,14424126030593,14424126107202,14424128228384,2.355811,0.076609,2.121182,960
live,549,14424135872573,14424136037746,14424136116083,14424138199633,2.32706,0.078337,2.08355,960
live,550,14424145872573,14424146015747,14424146092772,14424148188834,2.316261,0.077025,2.096062,960
live,551,14424155872573,14424156038900,14424156123765,14424158201427,2.328854,0.084865,2.077662,960
live,552,14424165872573,14424166018213,14424166097990,14424168219909,2.347336,0.079777,2.121919,960
live,553,14424175872573,14424176037046,14424176120247,14424178777086,2.904513,0.083201,2.656839,960
live,554,14424185872573,14424186032711,14424186105992,14424188263591,2.391018,0.073281,2.157599,960
live,555,14424195872573,14424196033624,14424196117561,14424198182615,2.310042,0.083937,2.065054,960
live,556,14424205872573,14424206024329,14424206110730,14424208093895,2.221322,0.086401,1.983165,960
live,557,14424215872573,14424216040634,14424216115771,14424217844885,1.972312,0.075137,1.729114,960
live,558,14424225872573,14424226015915,14424226094284,14424228188299,2.315726,0.078369,2.094015,960
live,559,14424235872573,14424236030044,14424236118206,14424238209980,2.337407,0.088162,2.091774,960
live,560,14424245872573,14424246027757,14424246109647,14424249402270,3.529697,0.08189,3.292623,960
live,561,14424255872573,14424256048511,14424256131104,14424258186334,2.313761,0.082593,2.05523,960
live,562,14424265872573,14424266018287,14424266093841,14424268071053,2.19848,0.075554,1.977212,960
live,563,14424275872573,14424276050945,14424276129826,14424278119807,2.247234,0.078881,1.989981,960
live,564,14424285872573,14424286032530,14424286118547,14424288121552,2.248979,0.086017,2.003005,960
live,565,14424295872573,14424296067811,14424296165221,14424298161922,2.289349,0.09741,1.996701,960
live,566,14424305872573,14424306034548,14424306123957,14424308108914,2.236341,0.089409,1.984957,960
live,567,14424315872573,14424316047653,14424316126566,14424318063522,2.190949,0.078913,1.936956,960
live,568,14424325872573,14424326016854,14424326092311,14424328067380,2.194807,0.075457,1.975069,960
live,569,14424335872573,14424336033703,14424336107688,14424338085925,2.213352,0.073985,1.978237,960
live,570,14424345872573,14424346018392,14424346095929,14424348075574,2.203001,0.077537,1.979645,960
live,571,14424355872573,14424356060650,14424356135819,14424358073191,2.200618,0.075169,1.937372,960
live,572,14424365872573,14424366024954,14424366098491,14424368050808,2.178235,0.073537,1.952317,960
live,573,14424375872573,14424376036043,14424376117101,14424378066665,2.194092,0.081058,1.949564,960
live,574,14424385872573,14424386014300,14424386098909,14424388075450,2.202877,0.084609,1.976541,960
live,575,14424395872573,14424396052430,14424396138639,14424398091627,2.219054,0.086209,1.952988,960
live,576,14424405872573,14424406022686,14424406106880,14424408052924,2.180351,0.084194,1.946044,960
live,577,14424415872573,14424416038320,14424416113745,14424418055501,2.182928,0.075425,1.941756,960
live,578,14424425872573,14424426019809,14424426099266,14424428079326,2.206753,0.079457,1.98006,960
live,579,14424435872573,14424436028114,14424436102163,14424438055215,2.182642,0.074049,1.953052,960
live,580,14424445872573,14424446014403,14424446093508,14424449369555,3.496982,0.079105,3.276047,960
live,581,14424455872573,14424456045492,14424456129429,14424458079090,2.206517,0.083937,1.949661,960
live,582,14424465872573,14424466028485,14424466104966,14424468079203,2.20663,0.076481,1.974237,960
live,583,14424475872573,14424476053174,14424476140376,14424478096500,2.223927,0.087202,1.956124,960
live,584,14424485872573,14424486031559,14424486106824,14424488116741,2.244168,0.075265,2.009917,960
live,585,14424495872573,14424496043320,14424496140506,14424498099926,2.227353,0.097186,1.95942,960
live,586,14424505872573,14424506036905,14424506122827,14424508096199,2.223626,0.085922,1.973372,960
live,587,14424515872573,14424516038075,14424516128444,14424518071000,2.198427,0.090369,1.942556,960
live,588,14424525872573,14424526045292,14424526137997,14424528119114,2.246541,0.092705,1.981117,960
live,589,14424535872573,14424536311425,14424536412866,14424538476704,2.604131,0.101441,2.063838,960
live,590,14424545872573,14424546038446,14424546121775,14424548095436,2.222863,0.083329,1.973661,960
live,591,14424555872573,14424556045151,14424556128512,14424558077180,2.204607,0.083361,1.948668,960
live,592,14424565872573,14424566030896,14424566112177,14424568097966,2.225393,0.081281,1.985789,960
live,593,14424575872573,14424576042113,14424576130626,14424578067390,2.194817,0.088513,1.936764,960
live,594,14424585872573,14424586029522,14424586109875,14424588846043,2.97347,0.080353,2.736168,960
live,595,14424595872573,14424596043555,14424596125892,14424598139970,2.267397,0.082337,2.014078,960
live,596,14424605872573,14424606017684,14424606100405,14424608064210,2.191637,0.082721,1.963805,960
live,597,14424615872573,14424616044261,14424616122982,14424618100035,2.227462,0.078721,1.977053,960
live,598,14424625872573,14424626026870,14424626107575,14424628096948,2.224375,0.080705,1.989373,960
live,599,14424635872573,14424636032327,14424636107784,14424638051589,2.179016,0.075457,1.943805,960
live,600,14424645872573,14424646012760,14424646088153,14424649392809,3.520236,0.075393,3.304656,960
live,601,14424655872573,14424656046986,14424656130827,14424658084487,2.211914,0.083841,1.95366,960
live,602,14424665872573,14424666023962,14424666102620,14424668094616,2.222043,0.078658,1.991996,960
live,603,14424675872573,14424676035788,14424676112205,14424678058793,2.18622,0.076417,1.946588,960
live,604,14424685872573,14424686010844,14424686096478,14424688079066,2.206493,0.085634,1.982588,960
live,605,14424695872573,14424696042158,14424696124975,14424698107980,2.235407,0.082817,1.983005,960
live,606,14424705872573,14424706029279,14424706105792,14424707780728,1.908155,0.076513,1.674936,960
live,607,14424715872573,14424716046192,14424716135121,14424718081038,2.208465,0.088929,1.945917,960
live,608,14424725872573,14424726027841,14424726114050,14424727821595,1.949022,0.086209,1.707545,960
live,609,14424735872573,14424736115795,14424736210421,14424738133424,2.260851,0.094626,1.923003,960
live,610,14424745872573,14424746056931,14424746151973,14424748191554,2.318981,0.095042,2.039581,960
live,611,14424755872573,14424756050964,14424756140086,14424757834062,1.961489,0.089122,1.693976,960
live,612,14424765872573,14424766037765,14424766115494,14424768101379,2.228806,0.077729,1.985885,960
live,613,14424775872573,14424776046839,14424776131192,14424778081108,2.208535,0.084353,1.949916,960
live,614,14424785872573,14424786023271,14424786103720,14424787801089,1.928516,0.080449,1.697369,960
live,615,14424795872573,14424796030584,14424796113146,14424798073046,2.200473,0.082562,1.9599,960
live,616,14424805872573,14424806034826,14424806119755,14424808138920,2.266347,0.084929,2.019165,960
live,617,14424815872573,14424816037307,14424816111964,14424818052408,2.179835,0.074657,1.940444,960
live,618,14424825872573,14424826013707,14424826095117,14424828098986,2.226413,0.08141,2.003869,960
live,619,14424835872573,14424836038429,14424836117534,14424838090907,2.218334,0.079105,1.973373,960
live,620,14424845872573,14424846012782,14424846089935,14424849049242,3.176669,0.077153,2.959307,960
live,621,14424855872573,14424856059295,14424856139616,14424858078941,2.206368,0.080321,1.939325,960
live,622,14424865872573,14424866029424,14424866107857,14424867773961,1.901388,0.078433,1.666104,960
live,623,14424875872573,14424876048993,14424876135843,14424878070207,2.197634,0.08685,1.934364,960
live,624,14424885872573,14424886022866,14424886100019,14424887782475,1.909902,0.077153,1.682456,960
live,625,14424895872573,14424896036931,14424896123140,14424897827581,1.955008,0.086209,1.704441,960
live,626,14424905872573,14424906016820,14424906093717,14424907806350,1.933777,0.076897,1.712633,960
live,627,14424915872573,14424916036805,14424916127175,14424918238693,2.36612,0.09037,2.111518,960
live,628,14424925872573,14424926022230,14424926100407,14424928186550,2.313977,0.078177,2.086143,960
live,629,14424935872573,14424936026663,14424936100040,14424938044549,2.171976,0.073377,1.944509,960
live,630,14424945872573,14424946115162,14424946237308,14424948277273,2.4047,0.122146,2.039965,960
live,631,14424955872573,14424956058666,14424956137067,14424957819524,1.946951,0.078401,1.682457,960
live,632,14424965872573,14424966023835,14424966106940,14424967833237,1.960664,0.083105,1.726297,960
live,633,14424975872573,14424976059244,14424976167822,14424978132426,2.259853,0.108578,1.964604,960
live,634,14424985872573,14424986026941,14424986108478,14424987798550,1.925977,0.081537,1.690072,960
live,635,14424995872573,14424996040750,14424996129423,14424998167501,2.294928,0.088673,2.038078,960
live,636,14425005872573,14425006027103,14425006109088,14425008248671,2.376098,0.081985,2.139583,960
live,637,14425015872573,14425016050256,14425016136721,14425018078990,2.206417,0.086465,1.942269,960
live,638,14425025872573,14425026018433,14425026106946,14425028082879,2.210306,0.088513,1.975933,960
live,639,14425035872573,14425036047506,14425036122259,14425037846540,1.973967,0.074753,1.724281,960
live,640,14425045872573,14425046016835,14425046090788,14425049031246,3.158673,0.073953,2.940458,960
live,641,14425055872573,14425056026676,14425056109621,14425058185203,2.31263,0.082945,2.075582,960
live,642,14425065872573,14425066019237,14425066097190,14425068213413,2.34084,0.077953,2.116223,960
live,643,14425075872573,14425076033942,14425076121879,14425078084052,2.211479,0.087937,1.962173,960
live,644,14425085872573,14425086030055,14425086110472,14425088103429,2.230856,0.080417,1.992957,960
live,645,14425095872573,14425096046744,14425096120121,14425097802258,1.929685,0.073377,1.682137,960
live,646,14425105872573,14425106007465,14425106080746,14425107782307,1.909734,0.073281,1.701561,960
live,647,14425115872573,14425116031674,14425116106427,14425117790612,1.918039,0.074753,1.684185,960
live,648,14425125872573,14425126018411,14425126094316,14425127792325,1.919752,0.075905,1.698009,960
live,649,14425135872573,14425136043132,14425136119166,14425138092058,2.219485,0.076034,1.972892,960
live,650,14425145872573,14425146022221,14425146098766,14425147810663,1.93809,0.076545,1.711897,960
live,651,14425155872573,14425156033438,14425156113151,14425157853657,1.981084,0.079713,1.740506,960
live,652,14425165872573,14425166016463,14425166096048,14425167786185,1.913612,0.079585,1.690137,960
live,653,14425175872573,14425176040577,14425176128450,14425177876699,2.004126,0.087873,1.748249,960
live,654,14425185872573,14425186029329,14425186113747,14425188202993,2.33042,0.084418,2.089246,960
live,655,14425195872573,14425196058051,14425196153540,14425198254179,2.381606,0.095489,2.100639,960
live,656,14425205872573,14425206024787,14425206103669,14425208213395,2.340822,0.078882,2.109726,960
live,657,14425215872573,14425216035205,14425216116550,14425217419129,1.546556,0.081345,1.302579,960
live,658,14425225872573,14425226017557,14425226100791,14425227340969,1.468396,0.083234,1.240178,960
live,659,14425235872573,14425236036551,14425236112424,14425237342778,1.470205,0.075873,1.230354,960
live,660,14425245872573,14425246019735,14425246096409,14425248553372,2.680799,0.076674,2.456963,960
live,661,14425255872573,14425256035401,14425256122026,14425257402109,1.529536,0.086625,1.280083,960
live,662,14425265872573,14425266023578,14425266095451,14425267290988,1.418415,0.071873,1.195537,960
live,663,14425275872573,14425276028267,14425276104268,14425277307357,1.434784,0.076001,1.203089,960
live,664,14425285872573,14425286023900,14425286098941,14425287298478,1.425905,0.075041,1.199537,960
live,665,14425295872573,14425296040141,14425296120206,14425297322912,1.450339,0.080065,1.202706,960
live,666,14425305872573,14425306006909,14425306076158,14425307275376,1.402803,0.069249,1.199218,960
live,667,14425315872573,14425316032975,14425316105648,14425317360866,1.488293,0.072673,1.255218,960
live,668,14425325872573,14425326029280,14425326100769,14425327310354,1.437781,0.071489,1.209585,960
live,669,14425335872573,14425336038001,14425336109618,14425337403077,1.530504,0.071617,1.293459,960
live,670,14425345872573,14425346016066,14425346435976,14425348434149,2.561576,0.41991,1.998173,960
live,671,14425355872573,14425356288247,14425356766142,14425358788795,2.916222,0.477895,2.022653,960
live,672,14425365872573,14425366018372,14425366412554,14425368486600,2.614027,0.394182,2.074046,960
live,673,14425375872573,14425376036277,14425376120054,14425378121971,2.249398,0.083777,2.001917,960
live,674,14425385872573,14425386023302,14425386102055,14425388090308,2.217735,0.078753,1.988253,960
live,675,14425395872573,14425396031671,14425396110488,14425398062581,2.190008,0.078817,1.952093,960
live,676,14425405872573,14425406019496,14425406097449,14425408676655,2.804082,0.077953,2.579206,960
live,677,14425415872573,14425416065658,14425416169243,14425418211321,2.338748,0.103585,2.042078,960
live,678,14425425872573,14425426043178,14425426124076,14425428139433,2.26686,0.080898,2.015357,960
live,679,14425435872573,14425436060220,14425436166877,14425437996440,2.123867,0.106657,1.829563,960
live,680,14425445872573,14425446037996,14425446118190,14425449070456,3.197883,0.080194,2.952266,960
live,681,14425455872573,14425456039837,14425456124223,14425458080731,2.208158,0.084386,1.956508,960
live,682,14425465872573,14425466028366,14425466113392,14425468130989,2.258416,0.085026,2.017597,960
live,683,14425475872573,14425476049696,14425476130113,14425478086077,2.213504,0.080417,1.955964,960
live,684,14425485872573,14425486024240,14425486099825,14425488088174,2.215601,0.075585,1.988349,960
live,685,14425495872573,14425496099202,14425496186148,14425498131520,2.258947,0.086946,1.945372,960
live,686,14425505872573,14425506060051,14425506148660,14425508114289,2.241716,0.088609,1.965629,960
live,687,14425515872573,14425516040772,14425516128549,14425518091233,2.21866,0.087777,1.962684,960
live,688,14425525872573,14425526017812,14425526098678,14425528078546,2.205973,0.080866,1.979868,960
live,689,14425535872573,14425536040934,14425536118087,14425538137092,2.264519,0.077153,2.019005,960
live,690,14425545872573,14425546018838,14425546098680,14425548063668,2.191095,0.079842,1.964988,960
live,691,14425555872573,14425556042472,14425556130089,14425558102854,2.230281,0.087617,1.972765,960
live,692,14425565872573,14425566017497,14425566093786,14425568064310,2.191737,0.076289,1.970524,960
live,693,14425575872573,14425576034346,14425576110571,14425578043879,2.171306,0.076225,1.933308,960
live,694,14425585872573,14425586012667,14425586089436,14425588072632,2.200059,0.076769,1.983196,960
live,695,14425595872573,14425596041676,14425596121357,14425598085258,2.212685,0.079681,1.963901,960
live,696,14425605872573,14425606010877,14425606086526,14425608046938,2.174365,0.075649,1.960412,960
live,697,14425615872573,14425616034062,14425616116047,14425618070091,2.197518,0.081985,1.954044,960
live,698,14425625872573,14425626022495,14425626104736,14425628266687,2.394114,0.082241,2.161951,960
live,699,14425635872573,14425636063344,14425636155186,14425637472933,1.60036,0.091842,1.317747,960
live,700,14425645872573,14425646036641,14425646122050,14425648702216,2.829643,0.085409,2.580166,960
live,701,14425655872573,14425656061842,14425656149780,14425657385222,1.512649,0.087938,1.235442,960
live,702,14425665872573,14425666029987,14425666105540,14425667337558,1.464985,0.075553,1.232018,960
live,703,14425675872573,14425676045876,14425676135574,14425677367495,1.494922,0.089698,1.231921,960
live,704,14425685872573,14425686027717,14425686101254,14425687989154,2.116581,0.073537,1.8879,960
live,705,14425695872573,14425696041814,14425696120535,14425698071348,2.198775,0.078721,1.950813,960
live,706,14425705872573,14425706024135,14425706104200,14425708088101,2.215528,0.080065,1.983901,960
live,707,14425715872573,14425716030904,14425716117210,14425718091574,2.219001,0.086306,1.974364,960
live,708,14425725872573,14425726032745,14425726112330,14425728081383,2.20881,0.079585,1.969053,960
live,709,14425735872573,14425736038522,14425736125532,14425738088184,2.215611,0.08701,1.962652,960
live,710,14425745872573,14425746035115,14425746117037,14425748257100,2.384527,0.081922,2.140063,960
live,711,14425755872573,14425756053533,14425756138302,14425758149499,2.276926,0.084769,2.011197,960
live,712,14425765872573,14425766106191,14425766202672,14425767844296,1.971723,0.096481,1.641624,960
live,713,14425775872573,14425776063647,14425776148992,14425777390770,1.518197,0.085345,1.241778,960
live,714,14425785872573,14425786027023,14425786098928,14425787302210,1.429637,0.071905,1.203282,960
live,715,14425795872573,14425796041121,14425796118946,14425797331923,1.45935,0.077825,1.212977,960
live,716,14425805872573,14425806017681,14425806096595,14425807297092,1.424519,0.078914,1.200497,960
live,717,14425815872573,14425816052483,14425816128836,14425818196514,2.323941,0.076353,2.067678,960
live,718,14425825872573,14425826022164,14425826101909,14425827301990,1.429417,0.079745,1.200081,960
live,719,14425835872573,14425836034661,14425836112134,14425837308439,1.435866,0.077473,1.196305,960
live,720,14425845872573,14425846016950,14425846091031,14425848572059,2.699486,0.074081,2.481028,960
live,721,14425855872573,14425856234570,14425856369484,14425857630622,1.758049,0.134914,1.261138,960
live,722,14425865872573,14425866120793,14425866511455,14425868748671,2.876098,0.390662,2.237216,960
live,723,14425875872573,14425876155819,14425876352109,14425878375691,2.503118,0.19629,2.023582,960
live,724,14425885872573,14425886036474,14425886426304,14425888289179,2.416606,0.38983,1.862875,960
live,725,14425895872573,14425896039147,14425896134636,14425898097001,2.224428,0.095489,1.962365,960
live,726,14425905872573,14425906019292,14425906105277,14425907801334,1.928761,0.085985,1.696057,960
live,727,14425915872573,14425916025805,14425916109070,14425918078187,2.205614,0.083265,1.969117,960
live,728,14425925872573,14425926019294,14425926107167,14425928100700,2.228127,0.087873,1.993533,960
live,729,14425935872573,14425936028687,14425936110096,14425938072013,2.19944,0.081409,1.961917,960
live,730,14425945872573,14425946003648,14425946082209,14425947793850,1.921277,0.078561,1.711641,960
live,731,14425955872573,14425956019313,14425956099986,14425958051342,2.178769,0.080673,1.951356,960
live,732,14425965872573,14425966005058,14425966083939,14425968060032,2.187459,0.078881,1.976093,960
live,733,14425975872573,14425976034355,14425976117620,14425978087537,2.214964,0.083265,1.969917,960
live,734,14425985872573,14425986004356,14425986085445,14425987771005,1.898432,0.081089,1.68556,960
live,735,14425995872573,14425996021301,14425996096950,14425998070803,2.19823,0.075649,1.973853,960
live,736,14426005872573,14426006001158,14426006080743,14426007772031,1.899458,0.079585,1.691288,960
live,737,14426015872573,14426016021207,14426016095960,14426018060597,2.188024,0.074753,1.964637,960
live,738,14426025872573,14426026008712,14426026097929,14426027818402,1.945829,0.089217,1.720473,960
live,739,14426035872573,14426036024889,14426036104954,14426038058262,2.185689,0.080065,1.953308,960
live,740,14426045872573,14426046010090,14426046093067,14426049071542,3.198969,0.082977,2.978475,960
live,741,14426055872573,14426056026555,14426056119484,14426058214075,2.341502,0.092929,2.094591,960
live,742,14426065872573,14426066009676,14426066093037,14426068223884,2.351311,0.083361,2.130847,960
live,743,14426075872573,14426076026973,14426076109182,14426078204573,2.332,0.082209,2.095391,960
live,744,14426085872573,14426086014478,14426086105871,14426088253966,2.381393,0.091393,2.148095,960
live,745,14426095872573,14426096054783,14426096155617,14426098222975,2.350402,0.100834,2.067358,960
live,746,14426105872573,14426106026032,14426106114993,14426107833290,1.960717,0.088961,1.718297,960
live,747,14426115872573,14426116039873,14426116128354,14426117828347,1.955774,0.088481,1.699993,960
live,748,14426125872573,14426126020914,14426126115987,14426127817868,1.945295,0.095073,1.701881,960
live,749,14426135872573,14426136026179,14426136109860,14426137810749,1.938176,0.083681,1.700889,960
live,750,14426145872573,14426146012308,14426146090869,14426147799694,1.927121,0.078561,1.708825,960
live,751,14426155872573,14426156023173,14426156104870,14426157819967,1.947394,0.081697,1.715097,960
live,752,14426165872573,14426166010326,14426166092151,14426167840176,1.967603,0.081825,1.748025,960
live,753,14426175872573,14426176135145,14426176230762,14426178380713,2.50814,0.095617,2.149951,960
live,754,14426185872573,14426186022360,14426186104569,14426188228568,2.355995,0.082209,2.123999,960
live,755,14426195872573,14426196029449,14426196111658,14426198193032,2.320459,0.082209,2.081374,960
live,756,14426205872573,14426206012506,14426206097019,14426208230682,2.358109,0.084513,2.133663,960
live,757,14426215872573,14426216029771,14426216118508,14426218193674,2.321101,0.088737,2.075166,960
live,758,14426225872573,14426226008124,14426226094365,14426228534752,2.662179,0.086241,2.440387,960
live,759,14426235872573,14426236028813,14426236110574,14426238200012,2.327439,0.081761,2.089438,960
live,760,14426245872573,14426246009086,14426246094943,14426249425103,3.55253,0.085857,3.33016,960
live,761,14426255872573,14426256098064,14426256194033,14426258171982,2.299409,0.095969,1.977949,960
live,762,14426265872573,14426266045312,14426266129409,14426267885979,2.013406,0.084097,1.75657,960
live,763,14426275872573,14426276037777,14426276117842,14426278448628,2.576055,0.080065,2.330786,960
live,764,14426285872573,14426286021762,14426286107651,14426288242722,2.370149,0.085889,2.135071,960
live,765,14426295872573,14426296039955,14426296120468,14426298242675,2.370102,0.080513,2.122207,960
live,766,14426305872573,14426306012452,14426306094597,14426308264004,2.391431,0.082145,2.169407,960
live,767,14426315872573,14426316031445,14426316113782,14426317961105,2.088532,0.082337,1.847323,960
live,768,14426325872573,14426326019622,14426326116743,14426328117668,2.245095,0.097121,2.000925,960
live,769,14426335872573,14426336051639,14426336137689,14426338146486,2.273913,0.08605,2.008797,960
live,770,14426345872573,14426346012488,14426346091657,14426348126950,2.254377,0.079169,2.035293,960
live,771,14426355872573,14426356027097,14426356106906,14426358069463,2.19689,0.079809,1.962557,960
live,772,14426365872573,14426366015466,14426366097003,14426368106952,2.234379,0.081537,2.009949,960
live,773,14426375872573,14426376035035,14426376119644,14426378141882,2.269309,0.084609,2.022238,960
live,774,14426385872573,14426386027788,14426386115149,14426388132010,2.259437,0.087361,2.016861,960
live,775,14426395872573,14426396041629,14426396123454,14426398122235,2.249662,0.081825,1.998781,960
live,776,14426405872573,14426406012558,14426406093903,14426408118444,2.245871,0.081345,2.024541,960
live,777,14426415872573,14426416032127,14426416113664,14426418099037,2.226464,0.081537,1.985373,960
live,778,14426425872573,14426426011344,14426426090929,14426428129198,2.256625,0.079585,2.038269,960
live,779,14426435872573,14426436074018,14426436168419,14426438172576,2.300003,0.094401,2.004157,960
live,780,14426445872573,14426446020722,14426446102803,14426449295713,3.42314,0.082081,3.19291,960
live,781,14426455872573,14426456034915,14426456125988,14426458112321,2.239748,0.091073,1.986333,960
live,782,14426465872573,14426466014964,14426466093429,14426468134578,2.262005,0.078465,2.041149,960
live,783,14426475872573,14426476028229,14426476108390,14426478113283,2.24071,0.080161,2.004893,960
live,784,14426485872573,14426486020342,14426486107127,14426488163029,2.290456,0.086785,2.055902,960
live,785,14426495872573,14426496039399,14426496120424,14426498106629,2.234056,0.081025,1.986205,960
live,786,14426505872573,14426506015800,14426506103577,14426508108022,2.235449,0.087777,2.004445,960
live,787,14426515872573,14426516031145,14426516111786,14426518235689,2.363116,0.080641,2.123903,960
live,788,14426525872573,14426526013338,14426526095131,14426528134392,2.261819,0.081793,2.039261,960
live,789,14426535872573,14426536051211,14426536140877,14426538139210,2.266637,0.089666,1.998333,960
live,790,14426545872573,14426546022428,14426546121341,14426548181627,2.309054,0.098913,2.060286,960
live,791,14426555872573,14426556084782,14426556200559,14426558233485,2.360912,0.115777,2.032926,960
live,792,14426565872573,14426566034590,14426566128063,14426568172189,2.299616,0.093473,2.044126,960
live,793,14426575872573,14426576039471,14426576123248,14426578128109,2.255536,0.083777,2.004861,960
live,794,14426585872573,14426586024960,14426586110113,14426588149503,2.27693,0.085153,2.03939,960
live,795,14426595872573,14426596088018,14426596509048,14426597984557,2.111984,0.42103,1.475509,960
live,796,14426605872573,14426606039010,14426606423144,14426608239682,2.367109,0.384134,1.816538,960
live,797,14426615872573,14426616040755,14426616419801,14426618260243,2.38767,0.379046,1.840442,960
live,798,14426625872573,14426626014404,14426626395817,14426628265924,2.393351,0.381413,1.870107,960
live,799,14426635872573,14426636156215,14426636643486,14426638507289,2.634716,0.487271,1.863803,960
live,800,14426645872573,14426646018054,14426646395467,14426649504184,3.631611,0.377413,3.108717,960
live,801,14426655872573,14426656026583,14426656405916,14426658226167,2.353594,0.379333,1.820251,960
live,802,14426665872573,14426666005640,14426666094185,14426668110470,2.237897,0.088545,2.016285,960
live,803,14426675872573,14426676018905,14426676100378,14426677821523,1.94895,0.081473,1.721145,960
live,804,14426685872573,14426686005802,14426686092235,14426688554127,2.681554,0.086433,2.461892,960
live,805,14426695872573,14426696029595,14426696113948,14426698110329,2.237756,0.084353,1.996381,960
live,806,14426705872573,14426706008684,14426706090573,14426707806310,1.933737,0.081889,1.715737,960
live,807,14426715872573,14426716024861,14426716108510,14426717846167,1.973594,0.083649,1.737657,960
live,808,14426725872573,14426726005454,14426726090767,14426728100876,2.228303,0.085313,2.010109,960
live,809,14426735872573,14426736017919,14426736096064,14426737840697,1.968124,0.078145,1.744633,960
live,810,14426745872573,14426746007632,14426746093361,14426747838570,1.965997,0.085729,1.745209,960
live,811,14426755872573,14426756031201,14426756114050,14426757845211,1.972638,0.082849,1.731161,960
live,812,14426765872573,14426766012242,14426766096595,14426767870413,1.99784,0.084353,1.773818,960
live,813,14426775872573,14426776023043,14426776110468,14426778071776,2.199203,0.087425,1.961308,960
live,814,14426785872573,14426786012052,14426786094069,14426787807342,1.934769,0.082017,1.713273,960
live,815,14426795872573,14426796031621,14426796114022,14426798120387,2.247814,0.082401,2.006365,960
live,816,14426805872573,14426806009206,14426806078103,14426808083924,2.211351,0.068897,2.005821,960
live,817,14426815872573,14426815998342,14426816097768,14426817846913,1.97434,0.099426,1.749145,960
live,818,14426825872573,14426826002679,14426826078649,14426827822162,1.949589,0.07597,1.743513,960
live,819,14426835872573,14426836015913,14426836097706,14426838092455,2.219882,0.081793,1.994749,960
live,820,14426845872573,14426846011930,14426846098619,14426849084550,3.211977,0.086689,2.985931,960
live,821,14426855872573,14426856025579,14426856110892,14426857823237,1.950664,0.085313,1.712345,960
live,822,14426865872573,14426866001659,14426866083261,14426867837558,1.964985,0.081602,1.754297,960
live,823,14426875872573,14426876018669,14426876097966,14426877819975,1.947402,0.079297,1.722009,960
live,824,14426885872573,14426886005150,14426886079711,14426887824888,1.952315,0.074561,1.745177,960
live,825,14426895872573,14426896035439,14426896124912,14426898290992,2.418419,0.089473,2.16608,960
live,826,14426905872573,14426906008320,14426906077921,14426908226048,2.353475,0.069601,2.148127,960
live,827,14426915872573,14426916019313,14426916092818,14426917853227,1.980654,0.073505,1.760409,960
live,828,14426925872573,14426926001889,14426926069954,14426928082592,2.210019,0.068065,2.012638,960
live,829,14426935872573,14426936015891,14426936095092,14426937816333,1.94376,0.079201,1.721241,960
live,830,14426945872573,14426946015140,14426946098469,14426948138850,2.266277,0.083329,2.040381,960
live,831,14426955872573,14426956019221,14426956098966,14426957814927,1.942354,0.079745,1.715961,960
live,832,14426965872573,14426965998757,14426966065958,14426967795519,1.922946,0.067201,1.729561,960
live,833,14426975872573,14426976019447,14426976099480,14426977812241,1.939668,0.080033,1.712761,960
live,834,14426985872573,14426986015784,14426986133161,14426987888259,2.015686,0.117377,1.755098,960
live,835,14426995872573,14426996059577,14426996150202,14426997909236,2.036663,0.090625,1.759034,960
live,836,14427005872573,14427006028298,14427006113259,14427008168489,2.295916,0.084961,2.05523,960
live,837,14427015872573,14427016079835,14427016164285,14427017900502,2.027929,0.08445,1.736217,960
live,838,14427025872573,14427026034828,14427026121517,14427027848358,1.975785,0.086689,1.726841,960
live,839,14427035872573,14427036036669,14427036115262,14427037851831,1.979258,0.078593,1.736569,960
live,840,14427045872573,14427046117775,14427046259601,14427049459551,3.586978,0.141826,3.19995,960
live,841,14427055872573,14427056038751,14427056117376,14427057859769,1.987196,0.078625,1.742393,960
live,842,14427065872573,14427066007887,14427066097072,14427067835562,1.962989,0.089185,1.73849,960
live,843,14427075872573,14427076026144,14427076108130,14427077127888,1.255315,0.081986,1.019758,960
live,844,14427085872573,14427086007377,14427086083730,14427087009216,1.136643,0.076353,0.925486,960
live,845,14427095872573,14427096027298,14427096103683,14427097191443,1.31887,0.076385,1.08776,960
live,846,14427105872573,14427106013171,14427106091860,14427107020162,1.147589,0.078689,0.928302,960
live,847,14427115872573,14427116033732,14427116112197,14427117328183,1.45561,0.078465,1.215986,960
live,848,14427125872573,14427126007221,14427126081334,14427126981443,1.10887,0.074113,0.900109,960
live,849,14427135872573,14427136024486,14427136100391,14427136997684,1.125111,0.075905,0.897293,960
live,850,14427145872573,14427146010647,14427146101304,14427147000485,1.127912,0.090657,0.899181,960
live,851,14427155872573,14427156033448,14427156109673,14427157022454,1.149881,0.076225,0.912781,960
live,852,14427165872573,14427166007353,14427166081338,14427166975303,1.10273,0.073985,0.893965,960
live,853,14427175872573,14427176030122,14427176096715,14427177307837,1.435264,0.066593,1.211122,960
live,854,14427185872573,14427186007899,14427186071900,14427186957384,1.084811,0.064001,0.885484,960
live,855,14427195872573,14427196020492,14427196158574,14427197848422,1.975849,0.138082,1.689848,960
live,856,14427205872573,14427206021181,14427206398722,14427208322654,2.450081,0.377541,1.923932,960
live,857,14427215872573,14427216030190,14427216404883,14427218261806,2.389233,0.374693,1.856923,960
live,858,14427225872573,14427226022911,14427226124000,14427227918842,2.046269,0.101089,1.794842,960
live,859,14427235872573,14427236052656,14427236141905,14427238382386,2.509813,0.089249,2.240481,960
live,860,14427245872573,14427246015521,14427246101506,14427249462962,3.590389,0.085985,3.361456,960
live,861,14427255872573,14427256032434,14427256126963,14427257867596,1.995023,0.094529,1.740633,960
live,862,14427265872573,14427266003298,14427266072643,14427267808220,1.935647,0.069345,1.735577,960
live,863,14427275872573,14427276023251,14427276101301,14427277823406,1.950833,0.07805,1.722105,960
live,864,14427285872573,14427286000996,14427286085125,14427287826431,1.953858,0.084129,1.741306,960
live,865,14427295872573,14427296022773,14427296100375,14427297840176,1.967603,0.077602,1.739801,960
live,866,14427305872573,14427306008806,14427306087399,14427307811712,1.939139,0.078593,1.724313,960
live,867,14427315872573,14427316020151,14427316096120,14427318224599,2.352026,0.075969,2.128479,960
live,868,14427325872573,14427326004520,14427326071849,14427328219592,2.347019,0.067329,2.147743,960
live,869,14427335872573,14427336019865,14427336089082,14427337859124,1.986551,0.069217,1.770042,960
live,870,14427345872573,14427346001322,14427346077451,14427348107432,2.234859,0.076129,2.029981,960
live,871,14427355872573,14427356041563,14427356123069,14427357860310,1.987737,0.081506,1.737241,960
live,872,14427365872573,14427366008204,14427366078893,14427367818790,1.946217,0.070689,1.739897,960
live,873,14427375872573,14427376017789,14427376092766,14427377819351,1.946778,0.074977,1.726585,960
live,874,14427385872573,14427386003182,14427386081711,14427387823464,1.950891,0.078529,1.741753,960
live,875,14427395872573,14427396017663,14427396098976,14427397831481,1.958908,0.081313,1.732505,960
live,876,14427405872573,14427406011792,14427406092081,14427407826602,1.954029,0.080289,1.734521,960
live,877,14427415872573,14427416021249,14427416098466,14427418135456,2.262883,0.077217,2.03699,960
live,878,14427425872573,14427426002098,14427426093619,14427428293619,2.421046,0.091521,2.2,960
live,879,14427435872573,14427436021347,14427436104388,14427437864254,1.991681,0.083041,1.759866,960
live,880,14427445872573,14427446005652,14427446100917,14427449088800,3.216227,0.095265,2.987883,960
live,881,14427455872573,14427456052901,14427456150503,14427457931616,2.059043,0.097602,1.781113,960
live,882,14427465872573,14427466009174,14427466092887,14427467867440,1.994867,0.083713,1.774553,960
live,883,14427475872573,14427476022215,14427476101896,14427477866305,1.993732,0.079681,1.764409,960
live,884,14427485872573,14427485999223,14427486078008,14427487824914,1.952341,0.078785,1.746906,960
live,885,14427495872573,14427496013736,14427496091498,14427497847907,1.975334,0.077762,1.756409,960
live,886,14427505872573,14427506053242,14427506223580,14427508103352,2.230779,0.170338,1.879772,960
live,887,14427515872573,14427516030699,14427516116300,14427517884134,2.011561,0.085601,1.767834,960
live,888,14427525872573,14427526003899,14427526083772,14427528254844,2.382271,0.079873,2.171072,960
live,889,14427535872573,14427536020812,14427536103502,14427537888680,2.016107,0.08269,1.785178,960
live,890,14427545872573,14427546002365,14427546082270,14427548140604,2.268031,0.079905,2.058334,960
live,891,14427555872573,14427556018094,14427556100368,14427558691189,2.818616,0.082274,2.590821,960
live,892,14427565872573,14427566005727,14427566086688,14427568135134,2.262561,0.080961,2.048446,960
live,893,14427575872573,14427576025584,14427576105041,14427577841899,1.969326,0.079457,1.736858,960
live,894,14427585872573,14427585999873,14427586077090,14427587836988,1.964415,0.077217,1.759898,960
live,895,14427595872573,14427596015922,14427596093811,14427597826316,1.953743,0.077889,1.732505,960
live,896,14427605872573,14427606000483,14427606077508,14427607801853,1.92928,0.077025,1.724345,960
live,897,14427615872573,14427616028884,14427616115509,14427617859215,1.986642,0.086625,1.743706,960
live,898,14427625872573,14427626005381,14427626075558,14427628120772,2.248199,0.070177,2.045214,960
live,899,14427635872573,14427636018998,14427636098455,14427637885457,2.012884,0.079457,1.787002,960
live,900,14427645872573,14427646000551,14427646093736,14427649455193,3.58262,0.093185,3.361457,960
live,901,14427655872573,14427656016248,14427656095961,14427658229528,2.356955,0.079713,2.133567,960
live,902,14427665872573,14427666018217,14427666107882,14427667864196,1.991623,0.089665,1.756314,960
live,903,14427675872573,14427676031290,14427676114747,14427677869429,1.996856,0.083457,1.754682,960
live,904,14427685872573,14427686027595,14427686119948,14427687883974,2.011401,0.092353,1.764026,960
live,905,14427695872573,14427696037660,14427696126493,14427697870455,1.997882,0.088833,1.743962,960
live,906,14427705872573,14427706012845,14427706095086,14427707834375,1.961802,0.082241,1.739289,960
live,907,14427715872573,14427716036286,14427716124383,14427717864376,1.991803,0.088097,1.739993,960
live,908,14427725872573,14427726009935,14427726095056,14427727830729,1.958156,0.085121,1.735673,960
live,909,14427735872573,14427736024640,14427736109377,14427738238112,2.365539,0.084737,2.128735,960
live,910,14427745872573,14427746009616,14427746089426,14427748241457,2.368884,0.07981,2.152031,960
live,911,14427755872573,14427756022338,14427756100963,14427757868284,1.995711,0.078625,1.767321,960
live,912,14427765872573,14427766018546,14427766100052,14427768165234,2.292661,0.081506,2.065182,960
live,913,14427775872573,14427776066244,14427776150117,14427777895231,2.022658,0.083873,1.745114,960
live,914,14427785872573,14427786038613,14427786121366,14427787860911,1.988338,0.082753,1.739545,960
live,915,14427795872573,14427796032966,14427796118311,14427797850720,1.978147,0.085345,1.732409,960
live,916,14427805872573,14427806018294,14427806105432,14427807851697,1.979124,0.087138,1.746265,960
live,917,14427815872573,14427816038376,14427816121641,14427817900227,2.027654,0.083265,1.778586,960
live,918,14427825872573,14427826012792,14427826083353,14427827820338,1.947765,0.070561,1.736985,960
live,919,14427835872573,14427836028297,14427836131083,14427837869540,1.996967,0.102786,1.738457,960
live,920,14427845872573,14427846015354,14427846100123,14427849471660,3.599087,0.084769,3.371537,960
live,921,14427855872573,14427856030283,14427856111372,14427858252748,2.380175,0.081089,2.141376,960
live,922,14427865872573,14427866019548,14427866111325,14427868186812,2.314239,0.091777,2.075487,960
live,923,14427875872573,14427876037005,14427876117070,14427877847144,1.974571,0.080065,1.730074,960
live,924,14427885872573,14427886014846,14427886101055,14427887883097,2.010524,0.086209,1.782042,960
live,925,14427895872573,14427896036207,14427896106448,14427897848233,1.97566,0.070241,1.741785,960
live,926,14427905872573,14427906028128,14427906118593,14427907872251,1.999678,0.090465,1.753658,960
live,927,14427915872573,14427916127634,14427916317845,14427918366451,2.493878,0.190211,2.048606,960
live,928,14427925872573,14427926018466,14427926088579,14427927061873,1.1893,0.070113,0.973294,960
live,929,14427935872573,14427936035987,14427936101108,14427937023841,1.151268,0.065121,0.922733,960
live,930,14427945872573,14427946012132,14427946089989,14427947017074,1.144501,0.077857,0.927085,960
live,931,14427955872573,14427956026677,14427956094806,14427956997571,1.124998,0.068129,0.902765,960
live,932,14427965872573,14427966110183,14427966549997,14427968170597,2.298024,0.439814,1.6206,960
live,933,14427975872573,14427976048919,14427976137144,14427977121447,1.248874,0.088225,0.984303,960
live,934,14427985872573,14427986023944,14427986101193,14427987036886,1.164313,0.077249,0.935693,960
live,935,14427995872573,14427996067193,14427996137178,14427997050535,1.177962,0.069985,0.913357,960
live,936,14428005872573,14428006015753,14428006092458,14428007003032,1.130459,0.076705,0.910574,960
live,937,14428015872573,14428016034043,14428016110012,14428017025225,1.152652,0.075969,0.915213,960
live,938,14428025872573,14428026018891,14428026096140,14428027019802,1.147229,0.077249,0.923662,960
live,939,14428035872573,14428036037308,14428036115518,14428037020395,1.147822,0.07821,0.904877,960
live,940,14428045872573,14428046015565,14428046395859,14428048720852,2.848279,0.380294,2.324993,960
live,941,14428055872573,14428056045054,14428056438532,14428057614549,1.741976,0.393478,1.176017,960
live,942,14428065872573,14428066011407,14428066094736,14428067037822,1.165249,0.083329,0.943086,960
live,943,14428075872573,14428076043232,14428076123905,14428077072079,1.199506,0.080673,0.948174,960
live,944,14428085872573,14428086015665,14428086092786,14428087007391,1.134818,0.077121,0.914605,960
live,945,14428095872573,14428096027138,14428096102627,14428097009200,1.136627,0.075489,0.906573,960
live,946,14428105872573,14428106017267,14428106093780,14428107013857,1.141284,0.076513,0.920077,960
live,947,14428115872573,14428116037540,14428116112997,14428117104979,1.232406,0.075457,0.991982,960
live,948,14428125872573,14428126020148,14428126093526,14428127602347,1.729774,0.073378,1.508821,960
live,949,14428135872573,14428136036870,14428136111751,14428137034132,1.161559,0.074881,0.922381,960
live,950,14428145872573,14428146014262,14428146079031,14428146969060,1.096487,0.064769,0.890029,960
live,951,14428155872573,14428156029255,14428156106280,14428157014582,1.142009,0.077025,0.908302,960
live,952,14428165872573,14428166009048,14428166082777,14428166984518,1.111945,0.073729,0.901741,960
live,953,14428175872573,14428176030601,14428176110698,14428177459326,1.586753,0.080097,1.348628,960
live,954,14428185872573,14428186015226,14428186094139,14428186994440,1.121867,0.078913,0.900301,960
live,955,14428195872573,14428196027083,14428196100460,14428196990553,1.11798,0.073377,0.890093,960
live,956,14428205872573,14428206011100,14428206085085,14428206970026,1.097453,0.073985,0.884941,960
live,957,14428215872573,14428216028749,14428216119790,14428217007163,1.13459,0.091041,0.887373,960
live,958,14428225872573,14428226012350,14428226089919,14428227003404,1.130831,0.077569,0.913485,960
live,959,14428235872573,14428236032783,14428236104272,14428237337954,1.465381,0.071489,1.233682,960
live,960,14428245872573,14428246010687,14428246074752,14428248234048,2.361475,0.064065,2.159296,960
live,961,14428255872573,14428256030385,14428256403862,14428258181072,2.308499,0.373477,1.77721,960
live,962,14428265872573,14428266011585,14428266092258,14428267100881,1.228308,0.080673,1.008623,960
live,963,14428275872573,14428276037491,14428276121364,14428277088226,1.215653,0.083873,0.966862,960
live,964,14428285872573,14428286013635,14428286092292,14428287012882,1.140309,0.078657,0.92059,960
live,965,14428295872573,14428296025716,14428296105813,14428297356840,1.484267,0.080097,1.251027,960
live,966,14428305872573,14428306009445,14428306093638,14428306991219,1.118646,0.084193,0.897581,960
live,967,14428315872573,14428316145752,14428316287898,14428317436715,1.564142,0.142146,1.148817,960
live,968,14428325872573,14428326059976,14428326455021,14428327604574,1.732001,0.395045,1.149553,960
live,969,14428335872573,14428336033656,14428336100633,14428337024518,1.151945,0.066977,0.923885,960
live,970,14428345872573,14428346001897,14428346079562,14428347053688,1.181115,0.077665,0.974126,960
live,971,14428355872573,14428356031866,14428356415583,14428357478607,1.606034,0.383717,1.063024,960
live,972,14428365872573,14428366020715,14428366113196,14428367061242,1.188669,0.092481,0.948046,960
live,973,14428375872573,14428376047964,14428376116765,14428377792021,1.919448,0.068801,1.675256,960
live,974,14428385872573,14428386020076,14428386098094,14428387029947,1.157374,0.078018,0.931853,960
live,975,14428395872573,14428396035902,14428396124863,14428397042316,1.169743,0.088961,0.917453,960
live,976,14428405872573,14428406014382,14428406089871,14428406997756,1.125183,0.075489,0.907885,960
live,977,14428415872573,14428416026335,14428416100704,14428417020174,1.147601,0.074369,0.91947,960
live,978,14428425872573,14428426009744,14428426083345,14428426980510,1.107937,0.073601,0.897165,960
live,979,14428435872573,14428436032641,14428436114562,14428437046768,1.174195,0.081921,0.932206,960
live,980,14428445872573,14428446016082,14428446083347,14428448268019,2.395446,0.067265,2.184672,960
live,981,14428455872573,14428456032003,14428456141573,14428457035442,1.162869,0.10957,0.893869,960
live,982,14428465872573,14428466015508,14428466092981,14428467322183,1.44961,0.077473,1.229202,960
live,983,14428475872573,14428476029157,14428476104070,14428477330488,1.457915,0.074913,1.226418,960
live,984,14428485872573,14428486025078,14428486110487,14428487374249,1.501676,0.085409,1.263762,960
live,985,14428495872573,14428496032199,14428496097096,14428497107766,1.235193,0.064897,1.01067,960
live,986,14428505872573,14428506012919,14428506090137,14428506983974,1.111401,0.077218,0.893837,960
live,987,14428515872573,14428516033097,14428516119018,14428517259546,1.386973,0.085921,1.140528,960
live,988,14428525872573,14428525982905,14428526021433,14428526462592,0.590019,0.038528,0.441159,960
live,989,14428535872573,14428536052107,14428536138380,14428537126938,1.254365,0.086273,0.988558,960
live,990,14428545872573,14428546040956,14428546122205,14428547063402,1.190829,0.081249,0.941197,960
live,991,14428555872573,14428556035948,14428556114286,14428557039963,1.16739,0.078338,0.925677,960
live,992,14428565872573,14428566015453,14428566083358,14428566987755,1.115182,0.067905,0.904397,960
live,993,14428575872573,14428576034510,14428576101711,14428577155358,1.282785,0.067201,1.053647,960
live,994,14428585872573,14428586027295,14428586110528,14428587092366,1.219793,0.083233,0.981838,960
live,995,14428595872573,14428596041456,14428596121041,14428597048895,1.176322,0.079585,0.927854,960
live,996,14428605872573,14428606021281,14428606099810,14428607009711,1.137138,0.078529,0.909901,960
live,997,14428615872573,14428616031442,14428616099315,14428617325061,1.452488,0.067873,1.225746,960
live,998,14428625872573,14428626018371,14428626082820,14428626984529,1.111956,0.064449,0.901709,960
live,999,14428635872573,14428636031572,14428636114069,14428637091395,1.218822,0.082497,0.977326,960
live,1000,14428645872573,14428646012164,14428646084581,14428648265701,2.393128,0.072417,2.18112,960
live,1001,14428655872573,14428656028470,14428656115927,14428657038692,1.166119,0.087457,0.922765,960
live,1002,14428665872573,14428666011846,14428666074247,14428666983828,1.111255,0.062401,0.909581,960
live,1003,14428675872573,14428676026871,14428676090904,14428677312938,1.440365,0.064033,1.222034,960
live,1004,14428685872573,14428686022024,14428686102089,14428687418876,1.546303,0.080065,1.316787,960
live,1005,14428695872573,14428696038777,14428696116794,14428697123785,1.251212,0.078017,1.006991,960
live,1006,14428705872573,14428706014730,14428706090155,14428707006744,1.134171,0.075425,0.916589,960
live,1007,14428715872573,14428716030491,14428716105596,14428717013417,1.140844,0.075105,0.907821,960
live,1008,14428725872573,14428726012748,14428726077261,14428726972154,1.099581,0.064513,0.894893,960
live,1009,14428735872573,14428736030109,14428736119198,14428737101996,1.229423,0.089089,0.982798,960
live,1010,14428745872573,14428746011502,14428746088079,14428746998652,1.126079,0.076577,0.910573,960
live,1011,14428755872573,14428756029247,14428756116160,14428757025965,1.153392,0.086913,0.909805,960
live,1012,14428765872573,14428766016848,14428766082000,14428766976541,1.103968,0.065152,0.894541,960
live,1013,14428775872573,14428776024225,14428776086881,14428777350004,1.477431,0.062656,1.263123,960
live,1014,14428785872573,14428786246773,14428786631418,14428788714456,2.841883,0.384645,2.083038,960
live,1015,14428795872573,14428796051619,14428796542154,14428798111713,2.23914,0.490535,1.569559,960
live,1016,14428805872573,14428806010483,14428806106805,14428807466728,1.594155,0.096322,1.359923,960
live,1017,14428815872573,14428816080901,14428816174630,14428817186261,1.313688,0.093729,1.011631,960
live,1018,14428825872573,14428826033045,14428826118263,14428827050436,1.177863,0.085218,0.932173,960
live,1019,14428835872573,14428836042758,14428836129352,14428837415482,1.542909,0.086594,1.28613,960
live,1020,14428845872573,14428846030743,14428846113784,14428848308792,2.436219,0.083041,2.195008,960
live,1021,14428855872573,14428856039944,14428856110633,14428857023446,1.150873,0.070689,0.912813,960
live,1022,14428865872573,14428866017081,14428866086170,14428866986663,1.11409,0.069089,0.900493,960
live,1023,14428875872573,14428876031850,14428876142187,14428877177818,1.305245,0.110337,1.035631,960
live,1024,14428885872573,14428886025115,14428886106652,14428887061130,1.188557,0.081537,0.954478,960
live,1025,14428895872573,14428896043756,14428896124013,14428897060187,1.187614,0.080257,0.936174,960
live,1026,14428905872573,14428906016668,14428906084541,14428906977290,1.104717,0.067873,0.892749,960
live,1027,14428915872573,14428916032846,14428916112335,14428917021180,1.148607,0.079489,0.908845,960
live,1028,14428925872573,14428926014238,14428926092639,14428926989324,1.116751,0.078401,0.896685,960
live,1029,14428935872573,14428936032559,14428936113201,14428937022718,1.150145,0.080642,0.909517,960
live,1030,14428945872573,14428946018688,14428946092129,14428947015759,1.143186,0.073441,0.92363,960
live,1031,14428955872573,14428956037521,14428956101938,14428956998879,1.126306,0.064417,0.896941,960
live,1032,14428965872573,14428966012610,14428966088355,14428966975792,1.103219,0.075745,0.887437,960
live,1033,14428975872573,14428976032595,14428976115412,14428977012641,1.140068,0.082817,0.897229,960
live,1034,14428985872573,14428986014404,14428986088421,14428986973042,1.100469,0.074017,0.884621,960
live,1035,14428995872573,14428996039029,14428996128726,14428997054052,1.181479,0.089697,0.925326,960
live,1036,14429005872573,14429006022886,14429006086599,14429006989300,1.116727,0.063713,0.902701,960
live,1037,14429015872573,14429016032311,14429016097368,14429016987780,1.115207,0.065057,0.890412,960
live,1038,14429025872573,14429026017575,14429026099336,14429027007446,1.134873,0.081761,0.90811,960
live,1039,14429035872573,14429036034872,14429036111642,14429037011719,1.139146,0.07677,0.900077,960
live,1040,14429045872573,14429046026921,14429046111434,14429048661583,2.78901,0.084513,2.550149,960
live,1041,14429055872573,14429056044346,14429056110363,14429057006984,1.134411,0.066017,0.896621,960
live,1042,14429065872573,14429066011723,14429066078124,14429066975385,1.102812,0.066401,0.897261,960
live,1043,14429075872573,14429076030972,14429076116157,14429077170188,1.297615,0.085185,1.054031,960
live,1044,14429085872573,14429086015085,14429086080206,14429087025435,1.152862,0.065121,0.945229,960
live,1045,14429095872573,14429096032638,14429096113823,14429097103213,1.23064,0.081185,0.98939,960
live,1046,14429105872573,14429106019694,14429106095728,14429107016733,1.14416,0.076034,0.921005,960
live,1047,14429115872573,14429116027455,14429116102688,14429117368787,1.496214,0.075233,1.266099,960
live,1048,14429125872573,14429126012624,14429126081329,14429126978238,1.105665,0.068705,0.896909,960
live,1049,14429135872573,14429136028673,14429136095266,14429136999439,1.126866,0.066593,0.904173,960
live,1050,14429145872573,14429146016818,14429146099955,14429147063681,1.191108,0.083137,0.963726,960
live,1051,14429155872573,14429156029635,14429156104420,14429157018129,1.145556,0.074785,0.913709,960
live,1052,14429165872573,14429166013940,14429166086549,14429166993538,1.120965,0.072609,0.906989,960
live,1053,14429175872573,14429176035045,14429176112582,14429177017267,1.144694,0.077537,0.904685,960
live,1054,14429185872573,14429186015669,14429186081238,14429186978659,1.106086,0.065569,0.897421,960
live,1055,14429195872573,14429196344427,14429196432748,14429197762784,1.890211,0.088321,1.330036,960
live,1056,14429205872573,14429206018551,14429206093400,14429207336394,1.463821,0.074849,1.242994,960
live,1057,14429215872573,14429216031400,14429216099561,14429217353467,1.480894,0.068161,1.253906,960
live,1058,14429225872573,14429226016569,14429226081786,14429227302956,1.430383,0.065217,1.22117,960
live,1059,14429235872573,14429236027434,14429236095947,14429236986296,1.113723,0.068513,0.890349,960
live,1060,14429245872573,14429246015931,14429246081340,14429249548398,3.675825,0.065409,3.467058,960
live,1061,14429255872573,14429256043052,14429256442258,14429258516016,2.643443,0.399206,2.073758,960
live,1062,14429265872573,14429266013500,14429266108446,14429267826007,1.953434,0.094946,1.717561,960
live,1063,14429275872573,14429276044206,14429276130639,14429277876168,2.003595,0.086433,1.745529,960
live,1064,14429285872573,14429286013310,14429286088255,14429287813016,1.940443,0.074945,1.724761,960
live,1065,14429295872573,14429296064624,14429296162001,14429298162030,2.289457,0.097377,2.000029,960
live,1066,14429305872573,14429306042816,14429306135874,14429308228000,2.355427,0.093058,2.092126,960
live,1067,14429315872573,14429316042225,14429316133555,14429317896364,2.023791,0.09133,1.762809,960
live,1068,14429325872573,14429326015618,14429326098275,14429327830908,1.958335,0.082657,1.732633,960
live,1069,14429335872573,14429336029715,14429336116308,14429337849709,1.977136,0.086593,1.733401,960
live,1070,14429345872573,14429346015044,14429346094181,14429347842174,1.969601,0.079137,1.747993,960
live,1071,14429355872573,14429356032725,14429356121814,14429358180916,2.308343,0.089089,2.059102,960
live,1072,14429365872573,14429366019301,14429366101543,14429367839616,1.967043,0.082242,1.738073,960
live,1073,14429375872573,14429376028854,14429376118264,14429377864177,1.991604,0.08941,1.745913,960
live,1074,14429385872573,14429386015495,14429386110025,14429387835106,1.962533,0.09453,1.725081,960
live,1075,14429395872573,14429396030616,14429396118906,14429397847635,1.975062,0.08829,1.728729,960
live,1076,14429405872573,14429406016841,14429406101674,14429407880964,2.008391,0.084833,1.77929,960
live,1077,14429415872573,14429416036986,14429416120443,14429418146937,2.274364,0.083457,2.026494,960
live,1078,14429425872573,14429426013707,14429426091980,14429427828421,1.955848,0.078273,1.736441,960
live,1079,14429435872573,14429436033468,14429436115741,14429437846422,1.973849,0.082273,1.730681,960
live,1080,14429445872573,14429446012972,14429446107566,14429449079993,3.20742,0.094594,2.972427,960
live,1081,14429455872573,14429456038718,14429456132159,14429457921049,2.048476,0.093441,1.78889,960
live,1082,14429465872573,14429466017358,14429466098799,14429467860841,1.988268,0.081441,1.762042,960
live,1083,14429475872573,14429476028287,14429476108928,14429478120702,2.248129,0.080641,2.011774,960
live,1084,14429485872573,14429486016304,14429486108849,14429487793866,1.921293,0.092545,1.685017,960
live,1085,14429495872573,14429496093378,14429496178435,14429497931709,2.059136,0.085057,1.753274,960
live,1086,14429505872573,14429506019666,14429506113747,14429507851788,1.979215,0.094081,1.738041,960
live,1087,14429515872573,14429516044259,14429516124580,14429517885694,2.013121,0.080321,1.761114,960
live,1088,14429525872573,14429526014452,14429526083733,14429528116818,2.244245,0.069281,2.033085,960
live,1089,14429535872573,14429536032133,14429536115142,14429537855007,1.982434,0.083009,1.739865,960
live,1090,14429545872573,14429546014197,14429546083766,14429547816687,1.944114,0.069569,1.732921,960
live,1091,14429555872573,14429556039943,14429556132072,14429557891233,2.01866,0.092129,1.759161,960
live,1092,14429565872573,14429566019127,14429566102680,14429567857714,1.985141,0.083553,1.755034,960
live,1093,14429575872573,14429576032296,14429576111913,14429577861859,1.989286,0.079617,1.749946,960
live,1094,14429585872573,14429586009529,14429586099290,14429588150488,2.277915,0.089761,2.051198,960
live,1095,14429595872573,14429596031946,14429596113483,14429597878821,2.006248,0.081537,1.765338,960
live,1096,14429605872573,14429606017147,14429606101596,14429607891446,2.018873,0.084449,1.78985,960
live,1097,14429615872573,14429616034860,14429616106445,14429617849606,1.977033,0.071585,1.743161,960
live,1098,14429625872573,14429626012444,14429626092510,14429627836311,1.963738,0.080066,1.743801,960
live,1099,14429635872573,14429636030798,14429636112367,14429637853384,1.980811,0.081569,1.741017,960
live,1100,14429645872573,14429646012510,14429646091359,14429649083307,3.210734,0.078849,2.991948,960
live,1101,14429655872573,14429656042383,14429656132081,14429657917483,2.04491,0.089698,1.785402,960
live,1102,14429665872573,14429666023456,14429666112865,14429667886651,2.014078,0.089409,1.773786,960
live,1103,14429675872573,14429676027889,14429676110578,14429677861612,1.989039,0.082689,1.751034,960
live,1104,14429685872573,14429686013090,14429686094435,14429687836956,1.964383,0.081345,1.742521,960
live,1105,14429695872573,14429696027251,14429696112148,14429697856301,1.983728,0.084897,1.744153,960
live,1106,14429705872573,14429706141669,14429706291688,14429708386630,2.514057,0.150019,2.094942,960
live,1107,14429715872573,14429716051573,14429716408442,14429718214996,2.342423,0.356869,1.806554,960
live,1108,14429725872573,14429726018693,14429726103239,14429727859584,1.987011,0.084546,1.756345,960
live,1109,14429735872573,14429736033942,14429736119096,14429737858769,1.986196,0.085154,1.739673,960
live,1110,14429745872573,14429746016839,14429746097096,14429747834817,1.962244,0.080257,1.737721,960
live,1111,14429755872573,14429756025752,14429756121945,14429759053988,3.181415,0.096193,2.932043,960
live,1112,14429765872573,14429766022857,14429766106570,14429767842115,1.969542,0.083713,1.735545,960
live,1113,14429775872573,14429776032122,14429776114843,14429777871573,1.999,0.082721,1.75673,960
live,1114,14429785872573,14429786012779,14429786091020,14429787831301,1.958728,0.078241,1.740281,960
live,1115,14429795872573,14429796027484,14429796108189,14429797841302,1.968729,0.080705,1.733113,960
live,1116,14429805872573,14429806011404,14429806092717,14429807814886,1.942313,0.081313,1.722169,960
live,1117,14429815872573,14429816033021,14429816117503,14429817893176,2.020603,0.084482,1.775673,960
live,1118,14429825872573,14429826014926,14429826100047,14429827841033,1.96846,0.085121,1.740986,960
live,1119,14429835872573,14429836036575,14429836122785,14429837877562,2.004989,0.08621,1.754777,960
live,1120,14429845872573,14429846018000,14429846104817,14429849078940,3.206367,0.086817,2.974123,960
live,1121,14429855872573,14429856037921,14429856109858,14429857853051,1.980478,0.071937,1.743193,960
live,1122,14429865872573,14429866013042,14429866099283,14429867892621,2.020048,0.086241,1.793338,960
live,1123,14429875872573,14429876038211,14429876107780,14429877874814,2.002241,0.069569,1.767034,960
live,1124,14429885872573,14429886022388,14429886104117,14429887861934,1.989361,0.081729,1.757817,960
live,1125,14429895872573,14429896031781,14429896114758,14429897873279,2.000706,0.082977,1.758521,960
live,1126,14429905872573,14429906012341,14429906094998,14429907827311,1.954738,0.082657,1.732313,960
live,1127,14429915872573,14429916033606,14429916124264,14429917890657,2.018084,0.090658,1.766393,960
live,1128,14429925872573,14429926017335,14429926100920,14429927849170,1.976597,0.083585,1.74825,960
live,1129,14429935872573,14429936045992,14429936127434,14429937865443,1.99287,0.081442,1.738009,960
live,1130,14429945872573,14429946023929,14429946108890,14429947870612,1.998039,0.084961,1.761722,960
live,1131,14429955872573,14429956029738,14429956107915,14429957854372,1.981799,0.078177,1.746457,960
live,1132,14429965872573,14429966016539,14429966104572,14429967889878,2.017305,0.088033,1.785306,960
live,1133,14429975872573,14429976035148,14429976114509,14429977885478,2.012905,0.079361,1.770969,960
live,1134,14429985872573,14429986013532,14429986093373,14429987838327,1.965754,0.079841,1.744954,960
live,1135,14429995872573,14429996030445,14429996109038,14429997862888,1.990315,0.078593,1.75385,960
live,1136,14430005872573,14430006008926,14430006112959,14430007838520,1.965947,0.104033,1.725561,960
live,1137,14430015872573,14430016032623,14430016122864,14430017882474,2.009901,0.090241,1.75961,960
live,1138,14430025872573,14430026010752,14430026092033,14430027852314,1.979741,0.081281,1.760281,960
live,1139,14430035872573,14430036031793,14430036112434,14430038127823,2.25525,0.080641,2.015389,960
live,1140,14430045872573,14430046011521,14430046094210,14430049068526,3.195953,0.082689,2.974316,960
live,1141,14430055872573,14430056031314,14430056117876,14430057869677,1.997104,0.086562,1.751801,960
live,1142,14430065872573,14430066047907,14430066140005,14430067904798,2.032225,0.092098,1.764793,960
live,1143,14430075872573,14430076063317,14430076152470,14430077913903,2.04133,0.089153,1.761433,960
live,1144,14430085872573,14430086017957,14430086102662,14430087840063,1.96749,0.084705,1.737401,960
live,1145,14430095872573,14430096030422,14430096117463,14430098149972,2.277399,0.087041,2.032509,960
live,1146,14430105872573,14430106013958,14430106086567,14430107815072,1.942499,0.072609,1.728505,960
live,1147,14430115872573,14430116031383,14430116116217,14430117897523,2.02495,0.084834,1.781306,960
live,1148,14430125872573,14430126018056,14430126088777,14430127834946,1.962373,0.070721,1.746169,960
live,1149,14430135872573,14430136029689,14430136118234,14430137876724,2.004151,0.088545,1.75849,960
live,1150,14430145872573,14430146014314,14430146085675,14430147075801,1.203228,0.071361,0.990126,960
live,1151,14430155872573,14430156028251,14430156132732,14430157354766,1.482193,0.104481,1.222034,960
live,1152,14430165872573,14430166317744,14430166435122,14430167593218,1.720645,0.117378,1.158096,960
live,1153,14430175872573,14430176037469,14430176125214,14430177013643,1.14107,0.087745,0.888429,960
live,1154,14430185872573,14430186015437,14430186097262,14430186991547,1.118974,0.081825,0.894285,960
live,1155,14430195872573,14430196030270,14430196114303,14430197007692,1.135119,0.084033,0.893389,960
live,1156,14430205872573,14430206013871,14430206090928,14430206980061,1.107488,0.077057,0.889133,960
live,1157,14430215872573,14430216027776,14430216105537,14430217939356,2.066783,0.077761,1.833819,960
live,1158,14430225872573,14430226014769,14430226095410,14430227005727,1.133154,0.080641,0.910317,960
live,1159,14430235872573,14430236034210,14430236110499,14430236998736,1.126163,0.076289,0.888237,960
live,1160,14430245872573,14430246015922,14430246093907,14430248239347,2.366774,0.077985,2.14544,960
live,1161,14430255872573,14430256030051,14430256097732,14430256982481,1.109908,0.067681,0.884749,960
live,1162,14430265872573,14430266012276,14430266077109,14430267292294,1.419721,0.064833,1.215185,960
live,1163,14430275872573,14430276041221,14430276426539,14430278256293,2.38372,0.385318,1.829754,960
live,1164,14430285872573,14430286027382,14430286414107,14430288328599,2.456026,0.386725,1.914492,960
live,1165,14430295872573,14430296040967,14430296428973,14430298315496,2.442923,0.388006,1.886523,960
live,1166,14430305872573,14430306012119,14430306084856,14430307826738,1.954165,0.072737,1.741882,960
live,1167,14430315872573,14430316024488,14430316101897,14430317836579,1.964006,0.077409,1.734682,960
live,1168,14430325872573,14430326017753,14430326107386,14430328183384,2.310811,0.089633,2.075998,960
live,1169,14430335872573,14430336041578,14430336127180,14430337892101,2.019528,0.085602,1.764921,960
live,1170,14430345872573,14430346013851,14430346095452,14430347831989,1.959416,0.081601,1.736537,960
live,1171,14430355872573,14430356027276,14430356112461,14430357858502,1.985929,0.085185,1.746041,960
live,1172,14430365872573,14430366014428,14430366100542,14430367834839,1.962266,0.086114,1.734297,960
live,1173,14430375872573,14430376045198,14430376138927,14430377941609,2.069036,0.093729,1.802682,960
live,1174,14430385872573,14430386015294,14430386111200,14430387879737,2.007164,0.095906,1.768537,960
live,1175,14430395872573,14430396052144,14430396123057,14430397863722,1.991149,0.070913,1.740665,960
live,1176,14430405872573,14430406010816,14430406092993,14430407810682,1.938109,0.082177,1.717689,960
live,1177,14430415872573,14430416028145,14430416113810,14430417855339,1.982766,0.085665,1.741529,960
live,1178,14430425872573,14430426014530,14430426106435,14430427864060,1.991487,0.091905,1.757625,960
live,1179,14430435872573,14430436031859,14430436104660,14430438123441,2.250868,0.072801,2.018781,960
live,1180,14430445872573,14430446012035,14430446085476,14430449033007,3.160434,0.073441,2.947531,960
live,1181,14430455872573,14430456036724,14430456115318,14430457850127,1.977554,0.078594,1.734809,960
live,1182,14430465872573,14430466011813,14430466095174,14430467844831,1.972258,0.083361,1.749657,960
live,1183,14430475872573,14430476036982,14430476125719,14430477910513,2.03794,0.088737,1.784794,960
live,1184,14430485872573,14430486018343,14430486099080,14430487850753,1.97818,0.080737,1.751673,960
live,1185,14430495872573,14430496041336,14430496124569,14430498133110,2.260537,0.083233,2.008541,960
live,1186,14430505872573,14430506015976,14430506099530,14430507832099,1.959526,0.083554,1.732569,960
live,1187,14430515872573,14430516027481,14430516107739,14430517862356,1.989783,0.080258,1.754617,960
live,1188,14430525872573,14430526015754,14430526107147,14430527852005,1.979432,0.091393,1.744858,960
live,1189,14430535872573,14430536029659,14430536116604,14430537857270,1.984697,0.086945,1.740666,960
live,1190,14430545872573,14430546012172,14430546083693,14430547828518,1.955945,0.071521,1.744825,960
live,1191,14430555872573,14430556026813,14430556114430,14430557861815,1.989242,0.087617,1.747385,960
live,1192,14430565872573,14430566010445,14430566092655,14430567855112,1.982539,0.08221,1.762457,960
live,1193,14430575872573,14430576029695,14430576116768,14430577915834,2.043261,0.087073,1.799066,960
live,1194,14430585872573,14430586017359,14430586098864,14430587841802,1.969229,0.081505,1.742938,960
live,1195,14430595872573,14430596035840,14430596122242,14430597880155,2.007582,0.086402,1.757913,960
live,1196,14430605872573,14430606016817,14430606111890,14430607837067,1.964494,0.095073,1.725177,960
live,1197,14430615872573,14430616044322,14430616124995,14430617930237,2.057664,0.080673,1.805242,960
live,1198,14430625872573,14430626016755,14430626114964,14430627884526,2.011953,0.098209,1.769562,960
live,1199,14430635872573,14430636035300,14430636114757,14430637872574,2.000001,0.079457,1.757817,960
live,1200,14430645872573,14430646013684,14430646097717,14430649059424,3.186851,0.084033,2.961707,960
live,1201,14430655872573,14430656034917,14430656127591,14430657889504,2.016931,0.092674,1.761913,960
live,1202,14430665872573,14430666014966,14430666097399,14430668153045,2.280472,0.082433,2.055646,960
live,1203,14430675872573,14430676038247,14430676131880,14430678169638,2.297065,0.093633,2.037758,960
live,1204,14430685872573,14430686018488,14430686103449,14430687949236,2.076663,0.084961,1.845787,960
live,1205,14430695872573,14430696038121,14430696126346,14430697881764,2.009191,0.088225,1.755418,960
live,1206,14430705872573,14430706011705,14430706091898,14430707824948,1.952375,0.080193,1.73305,960
live,1207,14430715872573,14430716025610,14430716105836,14430718144777,2.272204,0.080226,2.038941,960
live,1208,14430725872573,14430726010939,14430726097404,14430728364093,2.49152,0.086465,2.266689,960
live,1209,14430735872573,14430736034188,14430736119757,14430737888199,2.015626,0.085569,1.768442,960
live,1210,14430745872573,14430746016669,14430746100574,14430747851479,1.978906,0.083905,1.750905,960
live,1211,14430755872573,14430756032430,14430756114607,14430757862472,1.989899,0.082177,1.747865,960
live,1212,14430765872573,14430766011998,14430766101888,14430767839513,1.96694,0.08989,1.737625,960
live,1213,14430775872573,14430776026223,14430776108369,14430778130382,2.257809,0.082146,2.022013,960
live,1214,14430785872573,14430786012992,14430786108065,14430787889915,2.017342,0.095073,1.78185,960
live,1215,14430795872573,14430796031057,14430796113074,14430797891724,2.019151,0.082017,1.77865,960
live,1216,14430805872573,14430806010722,14430806096163,14430807835836,1.963263,0.085441,1.739673,960
live,1217,14430815872573,14430816054099,14430816134836,14430817868046,1.995473,0.080737,1.73321,960
live,1218,14430825872573,14430826051524,14430826139333,14430827879999,2.007426,0.087809,1.740666,960
live,1219,14430835872573,14430836058837,14430836149974,14430838415383,2.54281,0.091137,2.265409,960
live,1220,14430845872573,14430846028357,14430846108199,14430849107922,3.235349,0.079842,2.999723,960
live,1221,14430855872573,14430856036374,14430856144728,14430857888945,2.016372,0.108354,1.744217,960
live,1222,14430865872573,14430866014983,14430866097192,14430867822593,1.95002,0.082209,1.725401,960
live,1223,14430875872573,14430876033208,14430876118393,14430877850994,1.978421,0.085185,1.732601,960
live,1224,14430885872573,14430886022729,14430886111146,14430888207144,2.334571,0.088417,2.095998,960
live,1225,14430895872573,14430896038266,14430896121563,14430897879924,2.007351,0.083297,1.758361,960
live,1226,14430905872573,14430906010602,14430906081835,14430907821444,1.948871,0.071233,1.739609,960
live,1227,14430915872573,14430916025307,14430916107133,14430917864726,1.992153,0.081826,1.757593,960
live,1228,14430925872573,14430926011628,14430926093741,14430927845639,1.973066,0.082113,1.751898,960
live,1229,14430935872573,14430936034557,14430936123614,14430937905976,2.033403,0.089057,1.782362,960
live,1230,14430945872573,14430946015342,14430946098575,14430948155565,2.282992,0.083233,2.05699,960
live,1231,14430955872573,14430956031359,14430956117504,14430957853945,1.981372,0.086145,1.736441,960
live,1232,14430965872573,14430966008463,14430966090864,14430967830698,1.958125,0.082401,1.739834,960
live,1233,14430975872573,14430976032192,14430976116962,14430977869083,1.99651,0.08477,1.752121,960
live,1234,14430985872573,14430986017009,14430986105554,14430987872332,1.999759,0.088545,1.766778,960
live,1235,14430995872573,14430996041154,14430996128131,14430998148801,2.276228,0.086977,2.02067,960
live,1236,14431005872573,14431006010995,14431006088852,14431007812653,1.94008,0.077857,1.723801,960
live,1237,14431015872573,14431016025348,14431016092773,14431017840542,1.967969,0.067425,1.747769,960
live,1238,14431025872573,14431026008884,14431026111510,14431027837167,1.964594,0.102626,1.725657,960
live,1239,14431035872573,14431036034053,14431036122727,14431037896640,2.024067,0.088674,1.773913,960
live,1240,14431045872573,14431046013622,14431046085655,14431049162915,3.290342,0.072033,3.07726,960
live,1241,14431055872573,14431056036327,14431056114888,14431058113317,2.240744,0.078561,1.998429,960
live,1242,14431065872573,14431066024408,14431066112313,14431067876338,2.003765,0.087905,1.764025,960
live,1243,14431075872573,14431076034857,14431076116106,14431077866403,1.99383,0.081249,1.750297,960
live,1244,14431085872573,14431086016217,14431086107226,14431087894580,2.022007,0.091009,1.787354,960
live,1245,14431095872573,14431096032778,14431096114475,14431097886565,2.013992,0.081697,1.77209,960
live,1246,14431105872573,14431106015067,14431106084796,14431107067978,1.195405,0.069729,0.983182,960
live,1247,14431115872573,14431116028876,14431116097933,14431117336671,1.464098,0.069057,1.238738,960
live,1248,14431125872573,14431126007420,14431126096606,14431127000139,1.127566,0.089186,0.903533,960
live,1249,14431135872573,14431136027053,14431136162511,14431137276159,1.403586,0.135458,1.113648,960
live,1250,14431145872573,14431146018590,14431146095807,14431146988204,1.115631,0.077217,0.892397,960
live,1251,14431155872573,14431156028943,14431156110736,14431157015453,1.14288,0.081793,0.904717,960
live,1252,14431165872573,14431166011744,14431166086849,14431166974190,1.101617,0.075105,0.887341,960
live,1253,14431175872573,14431176027537,14431176102546,14431176991231,1.118658,0.075009,0.888685,960
live,1254,14431185872573,14431186011457,14431186084962,14431187566968,1.694395,0.073505,1.482006,960
live,1255,14431195872573,14431196032114,14431196109907,14431197003104,1.130531,0.077793,0.893197,960
live,1256,14431205872573,14431206011619,14431206085412,14431206969937,1.097364,0.073793,0.884525,960
live,1257,14431215872573,14431216035092,14431216113301,14431216989122,1.116549,0.078209,0.875821,960
live,1258,14431225872573,14431226015557,14431226081605,14431227278903,1.40633,0.066048,1.197298,960
live,1259,14431235872573,14431236025237,14431236098775,14431236978979,1.106406,0.073538,0.880204,960
live,1260,14431245872573,14431246013670,14431246102695,14431248277671,2.405098,0.089025,2.174976,960
live,1261,14431255872573,14431256040151,14431256124793,14431257023398,1.150825,0.084642,0.898605,960
live,1262,14431265872573,14431266013928,14431266091529,14431266979638,1.107065,0.077601,0.888109,960
live,1263,14431275872573,14431276034937,14431276099066,14431277379052,1.506479,0.064129,1.279986,960
live,1264,14431285872573,14431286015241,14431286079306,14431286953879,1.081306,0.064065,0.874573,960
live,1265,14431295872573,14431296038043,14431296426848,14431298234138,2.361565,0.388805,1.80729,960
live,1266,14431305872573,14431306034475,14431306425809,14431308310188,2.437615,0.391334,1.884379,960
live,1267,14431315872573,14431316036796,14431316557700,14431318393374,2.520801,0.520904,1.835674,960
live,1268,14431325872573,14431326011597,14431326084558,14431327823239,1.950666,0.072961,1.738681,960
live,1269,14431335872573,14431336029950,14431336117599,14431338154268,2.281695,0.087649,2.036669,960
live,1270,14431345872573,14431346017422,14431346108592,14431347893065,2.020492,0.09117,1.784473,960
live,1271,14431355872573,14431356044543,14431356126945,14431357874426,2.001853,0.082402,1.747481,960
live,1272,14431365872573,14431366015760,14431366098129,14431367858795,1.986222,0.082369,1.760666,960
live,1273,14431375872573,14431376032545,14431376118594,14431377854811,1.982238,0.086049,1.736217,960
live,1274,14431385872573,14431386019922,14431386102067,14431387856876,1.984303,0.082145,1.754809,960
live,1275,14431395872573,14431396033379,14431396121764,14431398188194,2.315621,0.088385,2.06643,960
live,1276,14431405872573,14431406017427,14431406103508,14431407864750,1.992177,0.086081,1.761242,960
live,1277,14431415872573,14431416028676,14431416127910,14431417878463,2.00589,0.099234,1.750553,960
live,1278,14431425872573,14431426011957,14431426096214,14431427842991,1.970418,0.084257,1.746777,960
live,1279,14431435872573,14431436026118,14431436094791,14431437847968,1.975395,0.068673,1.753177,960
live,1280,14431445872573,14431446013558,14431446100344,14431449388743,3.51617,0.086786,3.288399,960
live,1281,14431455872573,14431456033287,14431456117897,14431457875554,2.002981,0.08461,1.757657,960
live,1282,14431465872573,14431466013528,14431466098105,14431467851923,1.97935,0.084577,1.753818,960
live,1283,14431475872573,14431476027273,14431476109514,14431477860708,1.988135,0.082241,1.751194,960
live,1284,14431485872573,14431486011834,14431486084251,14431487934581,2.062008,0.072417,1.85033,960
live,1285,14431495872573,14431496032747,14431496128780,14431497992295,2.119722,0.096033,1.863515,960
live,1286,14431505872573,14431506021787,14431506091164,14431508120282,2.247709,0.069377,2.029118,960
live,1287,14431515872573,14431516043148,14431516127918,14431517883463,2.01089,0.08477,1.755545,960
live,1288,14431525872573,14431526015165,14431526103102,14431527858616,1.986043,0.087937,1.755514,960
live,1289,14431535872573,14431536035118,14431536116399,14431537868585,1.996012,0.081281,1.752186,960
live,1290,14431545872573,14431546226946,14431546371588,14431548430017,2.557444,0.144642,2.058429,960
live,1291,14431555872573,14431556042896,14431556127409,14431558182767,2.310194,0.084513,2.055358,960
live,1292,14431565872573,14431566013888,14431566092929,14431567822554,1.949981,0.079041,1.729625,960
live,1293,14431575872573,14431576025873,14431576135571,14431577905996,2.033423,0.109698,1.770425,960
live,1294,14431585872573,14431586050562,14431586137156,14431587888893,2.01632,0.086594,1.751737,960
live,1295,14431595872573,14431596054803,14431596138868,14431598373237,2.500664,0.084065,2.234369,960
live,1296,14431605872573,14431606017987,14431606104165,14431607860030,1.987457,0.086178,1.755865,960
live,1297,14431615872573,14431615984052,14431616031892,14431617370856,1.498283,0.04784,1.338964,960
live,1298,14431625872573,14431625970980,14431626008037,14431627136309,1.263736,0.037057,1.128272,960
live,1299,14431635872573,14431636020918,14431636104311,14431637851984,1.979411,0.083393,1.747673,960
live,1300,14431645872573,14431646009223,14431646088488,14431649307126,3.434553,0.079265,3.218638,960
live,1301,14431655872573,14431656030424,14431656116441,14431657884114,2.011541,0.086017,1.767673,960
live,1302,14431665872573,14431666015304,14431666103018,14431667883011,2.010438,0.087714,1.779993,960
live,1303,14431675872573,14431676027609,14431676099738,14431678091767,2.219194,0.072129,1.992029,960
live,1304,14431685872573,14431686012394,14431686109195,14431687850052,1.977479,0.096801,1.740857,960
live,1305,14431695872573,14431696025435,14431696107516,14431697857269,1.984696,0.082081,1.749753,960
live,1306,14431705872573,14431706015884,14431706106317,14431707870278,1.997705,0.090433,1.763961,960
live,1307,14431715872573,14431716033277,14431716103262,14431717861335,1.988762,0.069985,1.758073,960
live,1308,14431725872573,14431726012493,14431726104270,14431728162124,2.289551,0.091777,2.057854,960
live,1309,14431735872573,14431736036894,14431736125696,14431737899513,2.02694,0.088802,1.773817,960
live,1310,14431745872573,14431746012207,14431746084368,14431747849801,1.977228,0.072161,1.765433,960
live,1311,14431755872573,14431756035104,14431756126785,14431757900763,2.02819,0.091681,1.773978,960
live,1312,14431765872573,14431766014256,14431766094962,14431767839627,1.967054,0.080706,1.744665,960
live,1313,14431775872573,14431776027201,14431776111171,14431777881564,2.008991,0.08397,1.770393,960
live,1314,14431785872573,14431786012786,14431786095091,14431788120208,2.247635,0.082305,2.025117,960
live,1315,14431795872573,14431796033635,14431796120580,14431797869566,1.996993,0.086945,1.748986,960
live,1316,14431805872573,14431806014100,14431806103093,14431807869422,1.996849,0.088993,1.766329,960
live,1317,14431815872573,14431816033797,14431816107622,14431817884351,2.011778,0.073825,1.776729,960
live,1318,14431825872573,14431826009333,14431826092310,14431827863472,1.990899,0.082977,1.771162,960
live,1319,14431835872573,14431836027654,14431836097415,14431837855617,1.983044,0.069761,1.758202,960
live,1320,14431845872573,14431846009623,14431846089752,14431849325671,3.453098,0.080129,3.235919,960
live,1321,14431855872573,14431856028808,14431856115049,14431857902371,2.029798,0.086241,1.787322,960
live,1322,14431865872573,14431866009464,14431866093370,14431867848627,1.976054,0.083906,1.755257,960
live,1323,14431875872573,14431876029001,14431876098539,14431877852356,1.979783,0.069538,1.753817,960
live,1324,14431885872573,14431886006618,14431886088635,14431887833236,1.960663,0.082017,1.744601,960
live,1325,14431895872573,14431896025995,14431896108876,14431898171466,2.298893,0.082881,2.06259,960
live,1326,14431905872573,14431906009884,14431906101117,14431907845078,1.972505,0.091233,1.743961,960
live,1327,14431915872573,14431916043021,14431916126542,14431917858599,1.986026,0.083521,1.732057,960
live,1328,14431925872573,14431926011613,14431926083006,14431927784727,1.912154,0.071393,1.701721,960
live,1329,14431935872573,14431936026894,14431936108144,14431937812712,1.940139,0.08125,1.704568,960
live,1330,14431945872573,14431946027423,14431946148129,14431947194640,1.322067,0.120706,1.046511,960
live,1331,14431955872573,14431956335156,14431956422998,14431958227248,2.354675,0.087842,1.80425,960
live,1332,14431965872573,14431966049857,14431966154883,14431967969117,2.096544,0.105026,1.814234,960
live,1333,14431975872573,14431976056754,14431976146387,14431977164034,1.291461,0.089633,1.017647,960
live,1334,14431985872573,14431986016642,14431986095491,14431987009553,1.13698,0.078849,0.914062,960
live,1335,14431995872573,14431996035027,14431996109204,14431997011329,1.138756,0.074177,0.902125,960
live,1336,14432005872573,14432006011492,14432006096709,14432007633723,1.76115,0.085217,1.537014,960
live,1337,14432015872573,14432016035509,14432016115926,14432017022371,1.149798,0.080417,0.906445,960
live,1338,14432025872573,14432026015941,14432026097926,14432026989331,1.116758,0.081985,0.891405,960
live,1339,14432035872573,14432036028758,14432036102679,14432036992484,1.119911,0.073921,0.889805,960
live,1340,14432045872573,14432046010727,14432046098824,14432048304136,2.431563,0.088097,2.205312,960
live,1341,14432055872573,14432056029176,14432056109145,14432057011558,1.138985,0.079969,0.902413,960
live,1342,14432065872573,14432066015720,14432066100426,14432067026839,1.154266,0.084706,0.926413,960
live,1343,14432075872573,14432076036729,14432076104634,14432076993319,1.120746,0.067905,0.888685,960
live,1344,14432085872573,14432086012970,14432086092331,14432086966776,1.094203,0.079361,0.874445,960
live,1345,14432095872573,14432096043227,14432096439841,14432098246203,2.37363,0.396614,1.806362,960
live,1346,14432105872573,14432106029740,14432106418705,14432108322541,2.449968,0.388965,1.903836,960
live,1347,14432115872573,14432116030780,14432116118366,14432117967480,2.094907,0.087586,1.849114,960
live,1348,14432125872573,14432126019789,14432126106798,14432127865192,1.992619,0.087009,1.758394,960
live,1349,14432135872573,14432136035006,14432136118527,14432137887225,2.014652,0.083521,1.768698,960
live,1350,14432145872573,14432146016815,14432146096144,14432147870217,1.997644,0.079329,1.774073,960
live,1351,14432155872573,14432156027903,14432156113217,14432157912539,2.039966,0.085314,1.799322,960
live,1352,14432165872573,14432166021648,14432166119058,14432167908876,2.036303,0.09741,1.789818,960
live,1353,14432175872573,14432176046625,14432176133283,14432177917724,2.045151,0.086658,1.784441,960
live,1354,14432185872573,14432186021490,14432186130131,14432188117968,2.245395,0.108641,1.987837,960
live,1355,14432195872573,14432196062755,14432196150980,14432197172787,1.300214,0.088225,1.021807,960
live,1356,14432205872573,14432206024531,14432206106709,14432207038114,1.165541,0.082178,0.931405,960
live,1357,14432215872573,14432216040228,14432216120357,14432217051219,1.178646,0.080129,0.930862,960
live,1358,14432225872573,14432226015605,14432226092534,14432226990691,1.118118,0.076929,0.898157,960
live,1359,14432235872573,14432236039622,14432236116967,14432237044788,1.172215,0.077345,0.927821,960
live,1360,14432245872573,14432246014070,14432246090583,14432248264471,2.391898,0.076513,2.173888,960
live,1361,14432255872573,14432256037031,14432256117321,14432257008405,1.135832,0.08029,0.891084,960
live,1362,14432265872573,14432266020120,14432266105529,14432267024230,1.151657,0.085409,0.918701,960
live,1363,14432275872573,14432276034985,14432276113738,14432276998007,1.125434,0.078753,0.884269,960
live,1364,14432285872573,14432286011481,14432286086266,14432286974983,1.10241,0.074785,0.888717,960
live,1365,14432295872573,14432296027146,14432296094091,14432297315773,1.4432,0.066945,1.221682,960
live,1366,14432305872573,14432306014555,14432306093020,14432306976809,1.104236,0.078465,0.883789,960
live,1367,14432315872573,14432316030188,14432316131245,14432317866599,1.994026,0.101057,1.735354,960
live,1368,14432325872573,14432326033565,14432326426978,14432328353214,2.480641,0.393413,1.926236,960
live,1369,14432335872573,14432336049806,14432336442963,14432338332463,2.45989,0.393157,1.8895,960
live,1370,14432345872573,14432346052255,14432346127296,14432347898905,2.026332,0.075041,1.771609,960
live,1371,14432355872573,14432356045423,14432356141137,14432358173262,2.300689,0.095714,2.032125,960
live,1372,14432365872573,14432366031168,14432366120481,14432367899579,2.027006,0.089313,1.779098,960
live,1373,14432375872573,14432376050577,14432376132178,14432377899916,2.027343,0.081601,1.767738,960
live,1374,14432385872573,14432386017601,14432386090850,14432387848316,1.975743,0.073249,1.757466,960
live,1375,14432395872573,14432396039858,14432396173588,14432397985998,2.113425,0.13373,1.81241,960
live,1376,14432405872573,14432406021539,14432406112292,14432407893918,2.021345,0.090753,1.781626,960
live,1377,14432415872573,14432416047796,14432416142197,14432417972592,2.100019,0.094401,1.830395,960
live,1378,14432425872573,14432426018084,14432426091397,14432427866911,1.994338,0.073313,1.775514,960
live,1379,14432435872573,14432436031349,14432436099766,14432437895664,2.023091,0.068417,1.795898,960
live,1380,14432445872573,14432446011046,14432446094439,14432449098290,3.225717,0.083393,3.003851,960
live,1381,14432455872573,14432456027831,14432456114456,14432457873809,2.001236,0.086625,1.759353,960
live,1382,14432465872573,14432466102793,14432466225802,14432468311625,2.439052,0.123009,2.085823,960
live,1383,14432475872573,14432476040248,14432476123738,14432477920788,2.048215,0.08349,1.79705,960
live,1384,14432485872573,14432486018089,14432486087338,14432487880164,2.007591,0.069249,1.792826,960
live,1385,14432495872573,14432496032858,14432496120315,14432497882005,2.009432,0.087457,1.76169,960
live,1386,14432505872573,14432506013290,14432506094444,14432507842469,1.969896,0.081154,1.748025,960
live,1387,14432515872573,14432516034652,14432516116477,14432518936166,3.063593,0.081825,2.819689,960
live,1388,14432525872573,14432526018700,14432526105037,14432527870727,1.998154,0.086337,1.76569,960
live,1389,14432535872573,14432536037117,14432536118462,14432537864312,1.991739,0.081345,1.74585,960
live,1390,14432545872573,14432546016142,14432546099791,14432547859272,1.986699,0.083649,1.759481,960
live,1391,14432555872573,14432556033247,14432556112032,14432557886137,2.013564,0.078785,1.774105,960
live,1392,14432565872573,14432566041935,14432566126353,14432567896202,2.023629,0.084418,1.769849,960
live,1393,14432575872573,14432576043200,14432576127105,14432577935740,2.063167,0.083905,1.808635,960
live,1394,14432585872573,14432586012849,14432586094098,14432587846155,1.973582,0.081249,1.752057,960
live,1395,14432595872573,14432596034082,14432596109091,14432597913085,2.040512,0.075009,1.803994,960
live,1396,14432605872573,14432606014322,14432606085075,14432607838509,1.965936,0.070753,1.753434,960
live,1397,14432615872573,14432616030563,14432616110308,14432617898494,2.025921,0.079745,1.788186,960
live,1398,14432625872573,14432626024436,14432626123637,14432627941968,2.069395,0.099201,1.818331,960
live,1399,14432635872573,14432636032453,14432636121030,14432637890816,2.018243,0.088577,1.769786,960
live,1400,14432645872573,14432646004501,14432646083318,14432648788669,2.916096,0.078817,2.705351,960
live,1401,14432655872573,14432656020902,14432656105479,14432657624669,1.752096,0.084577,1.51919,960
live,1402,14432665872573,14432666017911,14432666095832,14432667817713,1.94514,0.077921,1.721881,960
live,1403,14432675872573,14432676034664,14432676130921,14432677921347,2.048774,0.096257,1.790426,960
live,1404,14432685872573,14432686016856,14432686086265,14432687852115,1.979542,0.069409,1.76585,960
live,1405,14432695872573,14432696027689,14432696097930,14432697877700,2.005127,0.070241,1.77977,960
live,1406,14432705872573,14432706011258,14432706082171,14432707838612,1.966039,0.070913,1.756441,960
live,1407,14432715872573,14432716026347,14432716095660,14432717839461,1.966888,0.069313,1.743801,960
live,1408,14432725872573,14432726013627,14432726100637,14432727887767,2.015194,0.08701,1.78713,960
live,1409,14432735872573,14432736033869,14432736119246,14432737881447,2.008874,0.085377,1.762201,960
live,1410,14432745872573,14432746010557,14432746081246,14432747828247,1.955674,0.070689,1.747001,960
live,1411,14432755872573,14432756025678,14432756095151,14432757863561,1.990988,0.069473,1.76841,960
live,1412,14432765872573,14432766010175,14432766083264,14432767858745,1.986172,0.073089,1.775481,960
live,1413,14432775872573,14432776031536,14432776122065,14432777912715,2.040142,0.090529,1.79065,960
live,1414,14432785872573,14432786013728,14432786086209,14432787837883,1.96531,0.072481,1.751674,960
live,1415,14432795872573,14432796028273,14432796109554,14432797903916,2.031343,0.081281,1.794362,960
live,1416,14432805872573,14432806013250,14432806082051,14432807824636,1.952063,0.068801,1.742585,960
live,1417,14432815872573,14432816023635,14432816106548,14432817861421,1.988848,0.082913,1.754873,960
live,1418,14432825872573,14432826019907,14432826106085,14432827891934,2.019361,0.086178,1.785849,960
live,1419,14432835872573,14432836034740,14432836108085,14432837885871,2.013298,0.073345,1.777786,960
live,1420,14432845872573,14432846013733,14432846097254,14432849107634,3.235061,0.083521,3.01038,960
live,1421,14432855872573,14432856030102,14432856108983,14432857923217,2.050644,0.078881,1.814234,960
live,1422,14432865872573,14432866011718,14432866085095,14432867852641,1.980068,0.073377,1.767546,960
live,1423,14432875872573,14432876183194,14432876271515,14432878074901,2.202328,0.088321,1.803386,960
live,1424,14432885872573,14432886018280,14432886087785,14432887086935,1.214362,0.069505,0.99915,960
live,1425,14432895872573,14432896028857,14432896103066,14432897021383,1.14881,0.074209,0.918317,960
live,1426,14432905872573,14432906011081,14432906087883,14432906989848,1.117275,0.076802,0.901965,960
live,1427,14432915872573,14432916023706,14432916097947,14432916993864,1.121291,0.074241,0.895917,960
live,1428,14432925872573,14432926010763,14432926086860,14432927706404,1.833831,0.076097,1.619544,960
live,1429,14432935872573,14432936031708,14432936115581,14432937034283,1.16171,0.083873,0.918702,960
live,1430,14432945872573,14432946015821,14432946092686,14432947318463,1.44589,0.076865,1.225777,960
live,1431,14432955872573,14432956027294,14432956101151,14432957310416,1.437843,0.073857,1.209265,960
live,1432,14432965872573,14432966012142,14432966088015,14432967308417,1.435844,0.075873,1.220402,960
live,1433,14432975872573,14432976025791,14432976103008,14432977317810,1.445237,0.077217,1.214802,960
live,1434,14432985872573,14432986015152,14432986096273,14432987013118,1.140545,0.081121,0.916845,960
live,1435,14432995872573,14432996035937,14432996103010,14432996992142,1.119569,0.067073,0.889132,960
live,1436,14433005872573,14433006021297,14433006415159,14433008224433,2.35186,0.393862,1.809274,960
live,1437,14433015872573,14433016048130,14433016441960,14433018339555,2.466982,0.39383,1.897595,960
live,1438,14433025872573,14433026023283,14433026415608,14433028348276,2.475703,0.392325,1.932668,960
live,1439,14433035872573,14433036033764,14433036122341,14433037932831,2.060258,0.088577,1.81049,960
live,1440,14433045872573,14433046014484,14433046086421,14433049469990,3.597417,0.071937,3.383569,960
live,1441,14433055872573,14433056027845,14433056111142,14433058262405,2.389832,0.083297,2.151263,960
live,1442,14433065872573,14433066014197,14433066086615,14433068264022,2.391449,0.072418,2.177407,960
live,1443,14433075872573,14433076027046,14433076097671,14433077868641,1.996068,0.070625,1.77097,960
live,1444,14433085872573,14433086037655,14433086144569,14433087958707,2.086134,0.106914,1.814138,960
live,1445,14433095872573,14433096057992,14433096146922,14433098009765,2.137192,0.08893,1.862843,960
live,1446,14433105872573,14433106061401,14433106147034,14433107890420,2.017847,0.085633,1.743386,960
live,1447,14433115872573,14433116051242,14433116121547,14433117872132,1.999559,0.070305,1.750585,960
live,1448,14433125872573,14433126018618,14433126108027,14433127080745,1.208172,0.089409,0.972718,960
live,1449,14433135872573,14433136039819,14433136124716,14433137078522,1.205949,0.084897,0.953806,960
live,1450,14433145872573,14433146015323,14433146082716,14433146997226,1.124653,0.067393,0.91451,960
live,1451,14433155872573,14433156028044,14433156102541,14433157339711,1.467138,0.074497,1.23717,960
live,1452,14433165872573,14433166012413,14433166091038,14433167299215,1.426642,0.078625,1.208177,960
live,1453,14433175872573,14433176024622,14433176105551,14433177000252,1.127679,0.080929,0.894701,960
live,1454,14433185872573,14433186021534,14433186103744,14433187025005,1.152432,0.08221,0.921261,960
live,1455,14433195872573,14433196035823,14433196118193,14433197021406,1.148833,0.08237,0.903213,960
live,1456,14433205872573,14433206009632,14433206084289,14433206978158,1.105585,0.074657,0.893869,960
live,1457,14433215872573,14433216026897,14433216116434,14433217008863,1.13629,0.089537,0.892429,960
live,1458,14433225872573,14433226014433,14433226093986,14433226985359,1.112786,0.079553,0.891373,960
live,1459,14433235872573,14433236039474,14433236118676,14433237026241,1.153668,0.079202,0.907565,960
live,1460,14433245872573,14433246024771,14433246415849,14433249473237,3.600664,0.391078,3.057388,960
live,1461,14433255872573,14433256026580,14433256114357,14433257432232,1.559659,0.087777,1.317875,960
live,1462,14433265872573,14433266016484,14433266093765,14433267341335,1.468762,0.077281,1.24757,960
live,1463,14433275872573,14433276028565,14433276106646,14433277352232,1.479659,0.078081,1.245586,960
live,1464,14433285872573,14433286014726,14433286105127,14433287381145,1.508572,0.090401,1.276018,960
live,1465,14433295872573,14433296032343,14433296109080,14433297018469,1.145896,0.076737,0.909389,960
live,1466,14433305872573,14433306010823,14433306087848,14433306981301,1.108728,0.077025,0.893453,960
live,1467,14433315872573,14433316031352,14433316099225,14433317000902,1.128329,0.067873,0.901677,960
live,1468,14433325872573,14433326647890,14433326796404,14433327708865,1.836292,0.148514,0.912461,960
live,1469,14433335872573,14433336105115,14433336225276,14433337158154,1.285581,0.120161,0.932878,960
live,1470,14433345872573,14433346016010,14433346382223,14433347998055,2.125482,0.366213,1.615832,960
live,1471,14433355872573,14433355997915,14433356340608,14433357871766,1.999193,0.342693,1.531158,960
live,1472,14433365872573,14433366036908,14433366436882,14433368297773,2.4252,0.399974,1.860891,960
live,1473,14433375872573,14433376058621,14433376151806,14433377862071,1.989498,0.093185,1.710265,960
live,1474,14433385872573,14433386078638,14433386173935,14433387920937,2.048364,0.095297,1.747002,960
live,1475,14433395872573,14433396051614,14433396130752,14433397851096,1.978523,0.079138,1.720344,960
live,1476,14433405872573,14433406023535,14433406106032,14433408223631,2.351058,0.082497,2.117599,960
live,1477,14433415872573,14433416044320,14433416122145,14433418205727,2.333154,0.077825,2.083582,960
live,1478,14433425872573,14433426017232,14433426093969,14433428241392,2.368819,0.076737,2.147423,960
live,1479,14433435872573,14433436022913,14433436116066,14433438403843,2.53127,0.093153,2.287777,960
live,1480,14433445872573,14433446053106,14433446139603,14433449524388,3.651815,0.086497,3.384785,960
live,1481,14433455872573,14433456056355,14433456144260,14433458274499,2.401926,0.087905,2.130239,960
live,1482,14433465872573,14433466029459,14433466106036,14433468274324,2.401751,0.076577,2.168288,960
live,1483,14433475872573,14433476044132,14433476137126,14433478421287,2.548714,0.092994,2.284161,960
live,1484,14433485872573,14433486024309,14433486115350,14433489113185,3.240612,0.091041,2.997835,960
live,1485,14433495872573,14433496053638,14433496138983,14433498281158,2.408585,0.085345,2.142175,960
live,1486,14433505872573,14433506040886,14433506122200,14433508277431,2.404858,0.081314,2.155231,960
live,1487,14433515872573,14433516054695,14433516130408,14433518254215,2.381642,0.075713,2.123807,960
live,1488,14433525872573,14433526005911,14433526085848,14433528190551,2.317978,0.079937,2.104703,960
live,1489,14433535872573,14433536039817,14433536117514,14433538189448,2.316875,0.077697,2.071934,960
live,1490,14433545872573,14433546034329,14433546115898,14433548272410,2.399837,0.081569,2.156512,960
live,1491,14433555872573,14433556080907,14433556189676,14433558298827,2.426254,0.108769,2.109151,960
live,1492,14433565872573,14433566033979,14433566116860,14433568242715,2.370142,0.082881,2.125855,960
live,1493,14433575872573,14433576038219,14433576122189,14433578146698,2.274125,0.08397,2.024509,960
live,1494,14433585872573,14433586028764,14433586107261,14433587864919,1.992346,0.078497,1.757658,960
live,1495,14433595872573,14433596106638,14433596251504,14433598385327,2.512754,0.144866,2.133823,960
live,1496,14433605872573,14433606071198,14433606169568,14433608353215,2.480642,0.09837,2.183647,960
live,1497,14433615872573,14433616070639,14433616151952,14433618280879,2.408306,0.081313,2.128927,960
live,1498,14433625872573,14433626022815,14433626114304,14433628140478,2.267905,0.091489,2.026174,960
live,1499,14433635872573,14433636050480,14433636275987,14433637979980,2.107407,0.225507,1.703993,960
