stage,sequence,release_ns,queued_ns,start_ns,end_ns,age_ms,queue_ms,service_ms,output_samples
live,0,14486048794314,14486049118809,14486049270011,14486053131251,4.336937,0.151202,3.86124,1920
live,1,14486058794314,14486059035847,14486059162025,14486059845426,1.051112,0.126178,0.683401,1920
live,2,14486068794314,14486068959029,14486069053782,14486069901922,1.107608,0.094753,0.84814,1920
live,3,14486078794314,14486078977508,14486079067685,14486080407352,1.613038,0.090177,1.339667,1920
live,4,14486088794314,14486088949330,14486089041940,14486090403335,1.609021,0.09261,1.361395,1920
live,5,14486098794314,14486098943777,14486099025538,14486100079153,1.284839,0.081761,1.053615,1920
live,6,14486108794314,14486108982321,14486109070770,14486109999583,1.205269,0.088449,0.928813,1920
live,7,14486118794314,14486118958175,14486119034048,14486119827404,1.03309,0.075873,0.793356,1920
live,8,14486128794314,14486128930894,14486129005295,14486130299585,1.505271,0.074401,1.29429,1920
live,9,14486138794314,14486138948637,14486139025726,14486140411730,1.617416,0.077089,1.386004,1920
live,10,14486148794314,14486148948652,14486149027149,14486150072860,1.278546,0.078497,1.045711,1920
live,11,14486158794314,14486158943962,14486159068892,14486160468784,1.67447,0.12493,1.399892,1920
live,12,14486168794314,14486168996874,14486169083339,14486170173563,1.379249,0.086465,1.090224,1920
live,13,14486178794314,14486178964921,14486179370878,14486181284282,2.489968,0.405957,1.913404,1920
live,14,14486188794314,14486188950279,14486189338829,14486191276104,2.48179,0.38855,1.937275,1920
live,15,14486198794314,14486198947158,14486199339868,14486201249303,2.454989,0.39271,1.909435,1920
live,16,14486208794314,14486208949477,14486209034534,14486212199731,3.405417,0.085057,3.165197,1920
live,17,14486218794314,14486218953332,14486219043893,14486221320982,2.526668,0.090561,2.277089,1920
live,18,14486228794314,14486228954243,14486229047492,14486231230499,2.436185,0.093249,2.183007,1920
live,19,14486238794314,14486238951954,14486239039731,14486241153905,2.359591,0.087777,2.114174,1920
live,20,14486248794314,14486248988865,14486249115235,14486255828387,7.034073,0.12637,6.713152,1920
live,21,14486258794314,14486258974288,14486259053425,14486260935692,2.141378,0.079137,1.882267,1920
live,22,14486268794314,14486268937662,14486269033247,14486270791353,1.997039,0.095585,1.758106,1920
live,23,14486278794314,14486278966637,14486279065423,14486280985802,2.191488,0.098786,1.920379,1920
live,24,14486288794314,14486288976572,14486289071582,14486290915288,2.120974,0.09501,1.843706,1920
live,25,14486298794314,14486298978283,14486299062925,14486300944871,2.150557,0.084642,1.881946,1920
live,26,14486308794314,14486308961818,14486309044411,14486311152089,2.357775,0.082593,2.107678,1920
live,27,14486318794314,14486318970569,14486319060778,14486321361835,2.567521,0.090209,2.301057,1920
live,28,14486328794314,14486328955672,14486329040569,14486331316345,2.522031,0.084897,2.275776,1920
live,29,14486338794314,14486338948326,14486339035336,14486341158086,2.363772,0.08701,2.12275,1920
live,30,14486348794314,14486348958262,14486349040919,14486350885553,2.091239,0.082657,1.844634,1920
live,31,14486358794314,14486358960868,14486359045574,14486360926465,2.132151,0.084706,1.880891,1920
live,32,14486368794314,14486368944915,14486369028884,14486370889711,2.095397,0.083969,1.860827,1920
live,33,14486378794314,14486378962626,14486379752622,14486381615592,2.821278,0.789996,1.86297,1920
live,34,14486388794314,14486388995058,14486389096691,14486390945549,2.151235,0.101633,1.848858,1920
live,35,14486398794314,14486398969984,14486399069570,14486400946108,2.151794,0.099586,1.876538,1920
live,36,14486408794314,14486408957167,14486409042768,14486410880938,2.086624,0.085601,1.83817,1920
live,37,14486418794314,14486418983390,14486419077247,14486420655190,1.860876,0.093857,1.577943,1920
live,38,14486428794314,14486428948748,14486429021390,14486430431234,1.63692,0.072642,1.409844,1920
live,39,14486438794314,14486438938779,14486439010012,14486440447409,1.653095,0.071233,1.437397,1920
live,40,14486448794314,14486448938378,14486449015723,14486452623775,3.829461,0.077345,3.608052,1920
live,41,14486458794314,14486458960345,14486459056155,14486460900725,2.106411,0.09581,1.84457,1920
live,42,14486468794314,14486468991593,14486469080874,14486471000997,2.206683,0.089281,1.920123,1920
live,43,14486478794314,14486478956471,14486479056664,14486481212407,2.418093,0.100193,2.155743,1920
live,44,14486488794314,14486488948870,14486489023559,14486490771296,1.976982,0.074689,1.747737,1920
live,45,14486498794314,14486498933908,14486499024278,14486500674317,1.880003,0.09037,1.650039,1920
live,46,14486508794314,14486508973636,14486509064453,14486510929056,2.134742,0.090817,1.864603,1920
live,47,14486518794314,14486518962803,14486519057556,14486521026480,2.232166,0.094753,1.968924,1920
live,48,14486528794314,14486528956001,14486529041347,14486530900765,2.106451,0.085346,1.859418,1920
live,49,14486538794314,14486538953648,14486539037874,14486540931149,2.136835,0.084226,1.893275,1920
live,50,14486548794314,14486548952671,14486549036864,14486550904955,2.110641,0.084193,1.868091,1920
live,51,14486558794314,14486558966062,14486559050255,14486560941802,2.147488,0.084193,1.891547,1920
live,52,14486568794314,14486569009022,14486569114079,14486571227389,2.433075,0.105057,2.11331,1920
live,53,14486578794314,14486578976588,14486579068205,14486580971977,2.177663,0.091617,1.903772,1920
live,54,14486588794314,14486588970587,14486589054044,14486590907415,2.113101,0.083457,1.853371,1920
live,55,14486598794314,14486598962026,14486599046347,14486600993095,2.198781,0.084321,1.946748,1920
live,56,14486608794314,14486608957913,14486609040986,14486610904948,2.110634,0.083073,1.863962,1920
live,57,14486618794314,14486618960392,14486619047369,14486621540780,2.746466,0.086977,2.493411,1920
live,58,14486628794314,14486628960630,14486629065624,14486630981267,2.186953,0.104994,1.915643,1920
live,59,14486638794314,14486638968485,14486639058151,14486641312743,2.518429,0.089666,2.254592,1920
live,60,14486648794314,14486648958996,14486649042997,14486653235857,4.441543,0.084001,4.19286,1920
live,61,14486658794314,14486658956963,14486659042756,14486660928703,2.134389,0.085793,1.885947,1920
live,62,14486668794314,14486668969650,14486669052659,14486670918382,2.124068,0.083009,1.865723,1920
live,63,14486678794314,14486678959777,14486679053058,14486680991358,2.197044,0.093281,1.9383,1920
live,64,14486688794314,14486688967408,14486689062513,14486690974477,2.180163,0.095105,1.911964,1920
live,65,14486698794314,14486698978175,14486699070112,14486700980475,2.186161,0.091937,1.910363,1920
live,66,14486708794314,14486708963726,14486709050351,14486710442083,1.647769,0.086625,1.391732,1920
live,67,14486718794314,14486718931548,14486719006877,14486720456850,1.662536,0.075329,1.449973,1920
live,68,14486728794314,14486728972779,14486729059437,14486731368654,2.57434,0.086658,2.309217,1920
live,69,14486738794314,14486738963802,14486739047291,14486741337468,2.543154,0.083489,2.290177,1920
live,70,14486748794314,14486748965769,14486749054346,14486751452877,2.658563,0.088577,2.398531,1920
live,71,14486758794314,14486758971320,14486759054873,14486761289465,2.495151,0.083553,2.234592,1920
live,72,14486768794314,14486768952743,14486769038056,14486770961827,2.167513,0.085313,1.923771,1920
live,73,14486778794314,14486778945366,14486779030263,14486780978643,2.184329,0.084897,1.94838,1920
live,74,14486788794314,14486788964453,14486789054054,14486790913313,2.118999,0.089601,1.859259,1920
live,75,14486798794314,14486798965076,14486799045493,14486800925328,2.131014,0.080417,1.879835,1920
live,76,14486808794314,14486809022595,14486809111877,14486810945503,2.151189,0.089282,1.833626,1920
live,77,14486818794314,14486818996786,14486819087763,14486820988174,2.19386,0.090977,1.900411,1920
live,78,14486828794314,14486828962144,14486829064642,14486830243186,1.448872,0.102498,1.178544,1920
live,79,14486838794314,14486838966895,14486839054960,14486841249712,2.455398,0.088065,2.194752,1920
live,80,14486848794314,14486848957182,14486849043263,14486853392573,4.598259,0.086081,4.34931,1920
live,81,14486858794314,14486858955373,14486859047982,14486861184973,2.390659,0.092609,2.136991,1920
live,82,14486868794314,14486868973596,14486869059101,14486871160539,2.366225,0.085505,2.101438,1920
live,83,14486878794314,14486878962091,14486879053484,14486881003304,2.20899,0.091393,1.94982,1920
live,84,14486888794314,14486888960025,14486889042747,14486890910741,2.116427,0.082722,1.867994,1920
live,85,14486898794314,14486898945384,14486899026729,14486900899652,2.105338,0.081345,1.872923,1920
live,86,14486908794314,14486908948023,14486909043640,14486910890227,2.095913,0.095617,1.846587,1920
live,87,14486918794314,14486918966406,14486919063144,14486920920514,2.1262,0.096738,1.85737,1920
live,88,14486928794314,14486928964789,14486929067447,14486931138804,2.34449,0.102658,2.071357,1920
live,89,14486938794314,14486938953764,14486939034629,14486941185924,2.39161,0.080865,2.151295,1920
live,90,14486948794314,14486948930322,14486949013908,14486950937295,2.142981,0.083586,1.923387,1920
live,91,14486958794314,14486958953762,14486959040835,14486961272931,2.478617,0.087073,2.232096,1920
live,92,14486968794314,14486968955824,14486969036210,14486971134640,2.340326,0.080386,2.09843,1920
live,93,14486978794314,14486978972224,14486979069985,14486981004605,2.210291,0.097761,1.93462,1920
live,94,14486988794314,14486988971150,14486989058256,14486990906698,2.112384,0.087106,1.848442,1920
live,95,14486998794314,14486998949021,14486999095839,14487000987930,2.193616,0.146818,1.892091,1920
live,96,14487008794314,14487009019181,14487009112558,14487010956424,2.16211,0.093377,1.843866,1920
live,97,14487018794314,14487018977019,14487019071708,14487020940311,2.145997,0.094689,1.868603,1920
live,98,14487028794314,14487029083243,14487029216525,14487031353100,2.558786,0.133282,2.136575,1920
live,99,14487038794314,14487038992441,14487039081786,14487040980693,2.186379,0.089345,1.898907,1920
live,100,14487048794314,14487048965383,14487049048329,14487053395815,4.601501,0.082946,4.347486,1920
live,101,14487058794314,14487058948214,14487059036407,14487061291736,2.497422,0.088193,2.255329,1920
live,102,14487068794314,14487068952773,14487069039462,14487071126852,2.332538,0.086689,2.08739,1920
live,103,14487078794314,14487078948180,14487079030101,14487081516408,2.722094,0.081921,2.486307,1920
live,104,14487088794314,14487088975107,14487089090149,14487090974528,2.180214,0.115042,1.884379,1920
live,105,14487098794314,14487098978994,14487099063379,14487100927822,2.133508,0.084385,1.864443,1920
live,106,14487108794314,14487108961249,14487109047298,14487110869244,2.07493,0.086049,1.821946,1920
live,107,14487118794314,14487118953679,14487119038320,14487120905451,2.111137,0.084641,1.867131,1920
live,108,14487128794314,14487128949310,14487129042719,14487130892570,2.098256,0.093409,1.849851,1920
live,109,14487138794314,14487138972141,14487139061935,14487140997226,2.202912,0.089794,1.935291,1920
live,110,14487148794314,14487148953340,14487149034685,14487151311069,2.516755,0.081345,2.276384,1920
live,111,14487158794314,14487158956907,14487159059244,14487161283532,2.489218,0.102337,2.224288,1920
live,112,14487168794314,14487168954810,14487169028219,14487171117368,2.323054,0.073409,2.089149,1920
live,113,14487178794314,14487178925096,14487179006025,14487180842531,2.048217,0.080929,1.836506,1920
live,114,14487188794314,14487188958615,14487189055097,14487190260330,1.466016,0.096482,1.205233,1920
live,115,14487198794314,14487198967846,14487199062664,14487200202072,1.407758,0.094818,1.139408,1920
live,116,14487208794314,14487208949365,14487209032022,14487210841584,2.04727,0.082657,1.809562,1920
live,117,14487218794314,14487218957764,14487219043109,14487220925888,2.131574,0.085345,1.882779,1920
live,118,14487228794314,14487228942515,14487229026580,14487230877486,2.083172,0.084065,1.850906,1920
live,119,14487238794314,14487238955202,14487239046211,14487240256180,1.461866,0.091009,1.209969,1920
live,120,14487248794314,14487248964561,14487249058514,14487252612901,3.818587,0.093953,3.554387,1920
live,121,14487258794314,14487258959295,14487259051905,14487261425987,2.631673,0.09261,2.374082,1920
live,122,14487268794314,14487268974862,14487269059632,14487271482802,2.688488,0.08477,2.42317,1920
live,123,14487278794314,14487278947325,14487279033854,14487281272510,2.478196,0.086529,2.238656,1920
live,124,14487288794314,14487288958860,14487289048557,14487291212076,2.417762,0.089697,2.163519,1920
live,125,14487298794314,14487298946619,14487299035036,14487300940663,2.146349,0.088417,1.905627,1920
live,126,14487308794314,14487308953321,14487309039755,14487310920070,2.125756,0.086434,1.880315,1920
live,127,14487318794314,14487318958744,14487319044154,14487320939893,2.145579,0.08541,1.895739,1920
live,128,14487328794314,14487328944231,14487329040776,14487330901763,2.107449,0.096545,1.860987,1920
live,129,14487338794314,14487338975446,14487339063256,14487340986355,2.192041,0.08781,1.923099,1920
live,130,14487348794314,14487348961029,14487349049158,14487350916705,2.122391,0.088129,1.867547,1920
live,131,14487358794314,14487358958228,14487359039509,14487361301077,2.506763,0.081281,2.261568,1920
live,132,14487368794314,14487368938370,14487369026212,14487370865086,2.070772,0.087842,1.838874,1920
live,133,14487378794314,14487378943889,14487379030003,14487380923886,2.129572,0.086114,1.893883,1920
live,134,14487388794314,14487388953824,14487389050146,14487390953277,2.158963,0.096322,1.903131,1920
live,135,14487398794314,14487398958415,14487399042736,14487400955340,2.161026,0.084321,1.912604,1920
live,136,14487408794314,14487408958526,14487409040223,14487410911834,2.11752,0.081697,1.871611,1920
live,137,14487418794314,14487418973389,14487419056014,14487421286894,2.49258,0.082625,2.23088,1920
live,138,14487428794314,14487428942748,14487429024829,14487431129051,2.334737,0.082081,2.104222,1920
live,139,14487438794314,14487439163342,14487439251119,14487441447022,2.652708,0.087777,2.195903,1920
live,140,14487448794314,14487448954041,14487449038427,14487452995795,4.201481,0.084386,3.957368,1920
live,141,14487458794314,14487458940552,14487459023657,14487460907108,2.112794,0.083105,1.883451,1920
live,142,14487468794314,14487468966647,14487469051193,14487471307737,2.513423,0.084546,2.256544,1920
live,143,14487478794314,14487478938790,14487479023015,14487481281607,2.487293,0.084225,2.258592,1920
live,144,14487488794314,14487488943413,14487489025398,14487491356375,2.562061,0.081985,2.330977,1920
live,145,14487498794314,14487498959652,14487499045957,14487501210884,2.41657,0.086305,2.164927,1920
live,146,14487508794314,14487508954387,14487509040116,14487510878990,2.084676,0.085729,1.838874,1920
live,147,14487518794314,14487518950337,14487519033379,14487521266594,2.47228,0.083042,2.233215,1920
live,148,14487528794314,14487528951536,14487529034513,14487531240433,2.446119,0.082977,2.20592,1920
live,149,14487538794314,14487538951103,14487539043360,14487541906025,3.111711,0.092257,2.862665,1920
live,150,14487548794314,14487548965006,14487549055855,14487550951243,2.156929,0.090849,1.895388,1920
live,151,14487558794314,14487558968797,14487559052094,14487560929209,2.134895,0.083297,1.877115,1920
live,152,14487568794314,14487569013485,14487569114318,14487570950024,2.15571,0.100833,1.835706,1920
live,153,14487578794314,14487579004635,14487579099965,14487580972119,2.177805,0.09533,1.872154,1920
live,154,14487588794314,14487588953929,14487589042923,14487591474573,2.680259,0.088994,2.43165,1920
live,155,14487598794314,14487598946776,14487599043226,14487600970229,2.175915,0.09645,1.927003,1920
live,156,14487608794314,14487608951015,14487609037672,14487610858530,2.064216,0.086657,1.820858,1920
live,157,14487618794314,14487618962134,14487619068824,14487620965235,2.170921,0.10669,1.896411,1920
live,158,14487628794314,14487628954437,14487629045094,14487630898401,2.104087,0.090657,1.853307,1920
live,159,14487638794314,14487638959988,14487639042421,14487640905744,2.11143,0.082433,1.863323,1920
live,160,14487648794314,14487648965859,14487649052868,14487653026429,4.232115,0.087009,3.973561,1920
live,161,14487658794314,14487658960978,14487659044019,14487660956814,2.1625,0.083041,1.912795,1920
live,162,14487668794314,14487668950112,14487669031073,14487671299202,2.504888,0.080961,2.268129,1920
live,163,14487678794314,14487678962863,14487679050224,14487681317873,2.523559,0.087361,2.267649,1920
live,164,14487688794314,14487688946238,14487689028767,14487691441762,2.647448,0.082529,2.412995,1920
live,165,14487698794314,14487698961005,14487699051790,14487701246414,2.4521,0.090785,2.194624,1920
live,166,14487708794314,14487708948508,14487709042653,14487711170811,2.376497,0.094145,2.128158,1920
live,167,14487718794314,14487718957323,14487719037900,14487720923367,2.129053,0.080577,1.885467,1920
live,168,14487728794314,14487728942265,14487729034715,14487730899221,2.104907,0.09245,1.864506,1920
live,169,14487738794314,14487738945608,14487739028489,14487740910020,2.115706,0.082881,1.881531,1920
live,170,14487748794314,14487748944791,14487749051032,14487750959636,2.165322,0.106241,1.908604,1920
live,171,14487758794314,14487758963878,14487759048519,14487760954051,2.159737,0.084641,1.905532,1920
live,172,14487768794314,14487768957429,14487769039894,14487770902353,2.108039,0.082465,1.862459,1920
live,173,14487778794314,14487778942531,14487779039813,14487781282501,2.488187,0.097282,2.242688,1920
live,174,14487788794314,14487788949362,14487789038740,14487791477463,2.683149,0.089378,2.438723,1920
live,175,14487798794314,14487798960097,14487799062659,14487801373508,2.579194,0.102562,2.310849,1920
live,176,14487808794314,14487808964240,14487809056274,14487811216305,2.421991,0.092034,2.160031,1920
live,177,14487818794314,14487818962015,14487819047936,14487820930139,2.135825,0.085921,1.882203,1920
live,178,14487828794314,14487828943246,14487829028015,14487830160479,1.366165,0.084769,1.132464,1920
live,179,14487838794314,14487838959101,14487839034846,14487840121741,1.327427,0.075745,1.086895,1920
live,180,14487848794314,14487848963564,14487849071021,14487852308412,3.514098,0.107457,3.237391,1920
live,181,14487858794314,14487858963163,14487859049692,14487860137835,1.343521,0.086529,1.088143,1920
live,182,14487868794314,14487868961545,14487869045483,14487870088218,1.293904,0.083938,1.042735,1920
live,183,14487878794314,14487878959704,14487879044793,14487880455982,1.661668,0.085089,1.411189,1920
live,184,14487888794314,14487888954599,14487889037384,14487890433788,1.639474,0.082785,1.396404,1920
live,185,14487898794314,14487898951830,14487899040343,14487900520780,1.726466,0.088513,1.480437,1920
live,186,14487908794314,14487908956933,14487909040774,14487910396857,1.602543,0.083841,1.356083,1920
live,187,14487918794314,14487918958068,14487919046517,14487920108964,1.31465,0.088449,1.062447,1920
live,188,14487928794314,14487928954050,14487929033956,14487930063250,1.268936,0.079906,1.029294,1920
live,189,14487938794314,14487938953201,14487939034066,14487940092418,1.298104,0.080865,1.058352,1920
live,190,14487948794314,14487949133603,14487949225380,14487950489334,1.69502,0.091777,1.263954,1920
live,191,14487958794314,14487958981679,14487959067729,14487960182561,1.388247,0.08605,1.114832,1920
live,192,14487968794314,14487968962494,14487969384452,14487970644406,1.850092,0.421958,1.259954,1920
live,193,14487978794314,14487978952269,14487979037998,14487980147806,1.353492,0.085729,1.109808,1920
live,194,14487988794314,14487988946939,14487989036189,14487990097452,1.303138,0.08925,1.061263,1920
live,195,14487998794314,14487998972427,14487999053036,14488000647555,1.853241,0.080609,1.594519,1920
live,196,14488008794314,14488008954169,14488009044922,14488010148234,1.35392,0.090753,1.103312,1920
live,197,14488018794314,14488018966280,14488019051785,14488020123257,1.328943,0.085505,1.071472,1920
live,198,14488028794314,14488028947159,14488029029368,14488030383979,1.589665,0.082209,1.354611,1920
live,199,14488038794314,14488038960486,14488039034823,14488040100278,1.305964,0.074337,1.065455,1920
live,200,14488048794314,14488048944756,14488049018197,14488052845068,4.050754,0.073441,3.826871,1920
live,201,14488058794314,14488058954115,14488059031908,14488060131892,1.337578,0.077793,1.099984,1920
live,202,14488068794314,14488068961106,14488069369080,14488071274547,2.480233,0.407974,1.905467,1920
live,203,14488078794314,14488078952129,14488079348935,14488080643801,1.849487,0.396806,1.294866,1920
live,204,14488088794314,14488088956976,14488089039857,14488090424261,1.629947,0.082881,1.384404,1920
live,205,14488098794314,14488098940062,14488099018495,14488100420691,1.626377,0.078433,1.402196,1920
live,206,14488108794314,14488108958445,14488109047055,14488110470115,1.675801,0.08861,1.42306,1920
live,207,14488118794314,14488118968668,14488119053854,14488120439729,1.645415,0.085186,1.385875,1920
live,208,14488128794314,14488128951787,14488129035276,14488130402240,1.607926,0.083489,1.366964,1920
live,209,14488138794314,14488138951770,14488139033083,14488140416079,1.621765,0.081313,1.382996,1920
live,210,14488148794314,14488148957193,14488149042762,14488150403933,1.609619,0.085569,1.361171,1920
live,211,14488158794314,14488158971192,14488159051993,14488160486829,1.692515,0.080801,1.434836,1920
live,212,14488168794314,14488168958054,14488169033575,14488170379963,1.585649,0.075521,1.346388,1920
live,213,14488178794314,14488178952053,14488179026966,14488180088229,1.293915,0.074913,1.061263,1920
live,214,14488188794314,14488188941284,14488189342985,14488191621354,2.82704,0.401701,2.278369,1920
live,215,14488198794314,14488198961075,14488199359193,14488201738363,2.944049,0.398118,2.37917,1920
live,216,14488208794314,14488208957634,14488209059139,14488211373636,2.579322,0.101505,2.314497,1920
live,217,14488218794314,14488218956176,14488219041010,14488221356979,2.562665,0.084834,2.315969,1920
live,218,14488228794314,14488228946239,14488229029728,14488231199551,2.405237,0.083489,2.169823,1920
live,219,14488238794314,14488238966926,14488239049263,14488241187310,2.392996,0.082337,2.138047,1920
live,220,14488248794314,14488248946045,14488249026750,14488253210042,4.415728,0.080705,4.183292,1920
live,221,14488258794314,14488258951052,14488259039501,14488260567171,1.772857,0.088449,1.52767,1920
live,222,14488268794314,14488268945338,14488269026748,14488270415887,1.621573,0.08141,1.389139,1920
live,223,14488278794314,14488278952585,14488279028714,14488280522816,1.728502,0.076129,1.494102,1920
live,224,14488288794314,14488288957944,14488289036153,14488290857299,2.062985,0.078209,1.821146,1920
live,225,14488298794314,14488298957575,14488299062889,14488300965668,2.171354,0.105314,1.902779,1920
live,226,14488308794314,14488308967126,14488309060631,14488310975059,2.180745,0.093505,1.914428,1920
live,227,14488318794314,14488318994661,14488319122247,14488320644861,1.850547,0.127586,1.522614,1920
live,228,14488328794314,14488329030645,14488329121846,14488330267910,1.473596,0.091201,1.146064,1920
live,229,14488338794314,14488338992227,14488339080068,14488340182868,1.388554,0.087841,1.1028,1920
live,230,14488348794314,14488348969169,14488349058515,14488350918509,2.124195,0.089346,1.859994,1920
live,231,14488358794314,14488358972576,14488359061473,14488361022589,2.228275,0.088897,1.961116,1920
live,232,14488368794314,14488368945199,14488369028752,14488371168078,2.373764,0.083553,2.139326,1920
live,233,14488378794314,14488378967358,14488379055839,14488381177533,2.383219,0.088481,2.121694,1920
live,234,14488388794314,14488388957516,14488389038126,14488391176364,2.38205,0.08061,2.138238,1920
live,235,14488398794314,14488398949819,14488399032252,14488400904887,2.110573,0.082433,1.872635,1920
live,236,14488408794314,14488409071628,14488409183437,14488411568111,2.773797,0.111809,2.384674,1920
live,237,14488418794314,14488418991961,14488419077691,14488421208025,2.413711,0.08573,2.130334,1920
live,238,14488428794314,14488428960712,14488429042697,14488431331178,2.536864,0.081985,2.288481,1920
live,239,14488438794314,14488438952086,14488439035064,14488441187446,2.393132,0.082978,2.152382,1920
live,240,14488448794314,14488448952389,14488449033190,14488453252387,4.458073,0.080801,4.219197,1920
live,241,14488458794314,14488458951764,14488459034005,14488461524761,2.730447,0.082241,2.490756,1920
live,242,14488468794314,14488468955459,14488469051108,14488471247972,2.453658,0.095649,2.196864,1920
live,243,14488478794314,14488478974098,14488479057299,14488480948238,2.153924,0.083201,1.890939,1920
live,244,14488488794314,14488488953729,14488489036066,14488490894076,2.099762,0.082337,1.85801,1920
live,245,14488498794314,14488498949231,14488499033105,14488500486565,1.692251,0.083874,1.45346,1920
live,246,14488508794314,14488508955902,14488509045280,14488510407219,1.612905,0.089378,1.361939,1920
live,247,14488518794314,14488518982829,14488519074607,14488520664645,1.870331,0.091778,1.590038,1920
live,248,14488528794314,14488528970492,14488529076318,14488530441585,1.647271,0.105826,1.365267,1920
live,249,14488538794314,14488538953675,14488539039852,14488540107099,1.312785,0.086177,1.067247,1920
live,250,14488548794314,14488548953817,14488549038843,14488550082090,1.287776,0.085026,1.043247,1920
live,251,14488558794314,14488558951368,14488559032585,14488560093145,1.298831,0.081217,1.06056,1920
live,252,14488568794314,14488568955735,14488569040440,14488570102760,1.308446,0.084705,1.06232,1920
live,253,14488578794314,14488578969670,14488579056295,14488580118647,1.324333,0.086625,1.062352,1920
live,254,14488588794314,14488588946741,14488589029462,14488590054885,1.260571,0.082721,1.025423,1920
live,255,14488598794314,14488598966980,14488599051813,14488600153301,1.358987,0.084833,1.101488,1920
live,256,14488608794314,14488608973971,14488609055380,14488610086851,1.292537,0.081409,1.031471,1920
live,257,14488618794314,14488618960289,14488619038338,14488620125458,1.331144,0.078049,1.08712,1920
live,258,14488628794314,14488628960176,14488629386614,14488630612456,1.818142,0.426438,1.225842,1920
live,259,14488638794314,14488638961471,14488639364485,14488641742471,2.948157,0.403014,2.377986,1920
live,260,14488648794314,14488648950126,14488649348403,14488653778547,4.984233,0.398277,4.430144,1920
live,261,14488658794314,14488658956541,14488659038622,14488661169052,2.374738,0.082081,2.13043,1920
live,262,14488668794314,14488668945931,14488669038189,14488670941896,2.147582,0.092258,1.903707,1920
live,263,14488678794314,14488678952058,14488679036027,14488680958743,2.164429,0.083969,1.922716,1920
live,264,14488688794314,14488688941641,14488689023914,14488690891365,2.097051,0.082273,1.867451,1920
live,265,14488698794314,14488698942680,14488699025401,14488700921044,2.12673,0.082721,1.895643,1920
live,266,14488708794314,14488708943654,14488709027368,14488711164390,2.370076,0.083714,2.137022,1920
live,267,14488718794314,14488718954517,14488719043031,14488721242646,2.448332,0.088514,2.199615,1920
live,268,14488728794314,14488728952612,14488729036709,14488731287494,2.49318,0.084097,2.250785,1920
live,269,14488738794314,14488738949683,14488739043412,14488741282260,2.487946,0.093729,2.238848,1920
live,270,14488748794314,14488748960322,14488749061699,14488751199682,2.405368,0.101377,2.137983,1920
live,271,14488758794314,14488758953073,14488759041842,14488760939693,2.145379,0.088769,1.897851,1920
live,272,14488768794314,14488768958368,14488769056033,14488770975900,2.181586,0.097665,1.919867,1920
live,273,14488778794314,14488778975023,14488779063216,14488780977195,2.182881,0.088193,1.913979,1920
live,274,14488788794314,14488788954397,14488789038462,14488790923033,2.128719,0.084065,1.884571,1920
live,275,14488798794314,14488798954732,14488799050445,14488800958729,2.164415,0.095713,1.908284,1920
live,276,14488808794314,14488808959835,14488809053180,14488810923863,2.129549,0.093345,1.870683,1920
live,277,14488818794314,14488818962026,14488819048747,14488820984839,2.190525,0.086721,1.936092,1920
live,278,14488828794314,14488828962425,14488829050138,14488831298138,2.503824,0.087713,2.248,1920
live,279,14488838794314,14488838943847,14488839035048,14488841292009,2.497695,0.091201,2.256961,1920
live,280,14488848794314,14488848950710,14488849033623,14488853413942,4.619628,0.082913,4.380319,1920
live,281,14488858794314,14488858964613,14488859047878,14488861206469,2.412155,0.083265,2.158591,1920
live,282,14488868794314,14488869206295,14488869338297,14488871359286,2.564972,0.132002,2.020989,1920
live,283,14488878794314,14488878949955,14488879046308,14488880984928,2.190614,0.096353,1.93862,1920
live,284,14488888794314,14488888959377,14488889054579,14488890928206,2.133892,0.095202,1.873627,1920
live,285,14488898794314,14488898960704,14488899040193,14488900951933,2.157619,0.079489,1.91174,1920
live,286,14488908794314,14488908952495,14488909033520,14488910900075,2.105761,0.081025,1.866555,1920
live,287,14488918794314,14488918950302,14488919030399,14488921253151,2.458837,0.080097,2.222752,1920
live,288,14488928794314,14488928967917,14488929055630,14488930988234,2.19392,0.087713,1.932604,1920
live,289,14488938794314,14488938949595,14488939035741,14488940946136,2.151822,0.086146,1.910395,1920
live,290,14488948794314,14488948938922,14488949024139,14488950898598,2.104284,0.085217,1.874459,1920
live,291,14488958794314,14488958946809,14488959027930,14488960946294,2.15198,0.081121,1.918364,1920
live,292,14488968794314,14488968945704,14488969028233,14488970983173,2.188859,0.082529,1.95494,1920
live,293,14488978794314,14488978954583,14488979056952,14488981033844,2.23953,0.102369,1.976892,1920
live,294,14488988794314,14488988949189,14488989037159,14488990909537,2.115223,0.08797,1.872378,1920
live,295,14488998794314,14488998952660,14488999037494,14489000929233,2.134919,0.084834,1.891739,1920
live,296,14489008794314,14489008950019,14489009034340,14489010916831,2.122517,0.084321,1.882491,1920
live,297,14489018794314,14489018939826,14489019020467,14489021280019,2.485705,0.080641,2.259552,1920
live,298,14489028794314,14489028944833,14489029029602,14489030957789,2.163475,0.084769,1.928187,1920
live,299,14489038794314,14489038944111,14489039036625,14489040920844,2.12653,0.092514,1.884219,1920
live,300,14489048794314,14489048951966,14489049046432,14489053385374,4.59106,0.094466,4.338942,1920
live,301,14489058794314,14489058959853,14489059044078,14489061304463,2.510149,0.084225,2.260385,1920
live,302,14489068794314,14489068951676,14489069036093,14489071314174,2.51986,0.084417,2.278081,1920
live,303,14489078794314,14489078954283,14489079054188,14489081011080,2.216766,0.099905,1.956892,1920
live,304,14489088794314,14489089019994,14489089117916,14489091375740,2.581426,0.097922,2.257824,1920
live,305,14489098794314,14489099008169,14489099106474,14489101391307,2.596993,0.098305,2.284833,1920
live,306,14489108794314,14489108966775,14489109052408,14489111320985,2.526671,0.085633,2.268577,1920
live,307,14489118794314,14489118955334,14489119039015,14489121302055,2.507741,0.083681,2.26304,1920
live,308,14489128794314,14489128964501,14489129052950,14489130932497,2.138183,0.088449,1.879547,1920
live,309,14489138794314,14489138956835,14489139042341,14489140928000,2.133686,0.085506,1.885659,1920
live,310,14489148794314,14489148956178,14489149041011,14489151183986,2.389672,0.084833,2.142975,1920
live,311,14489158794314,14489158948161,14489159045634,14489161174049,2.379735,0.097473,2.128415,1920
live,312,14489168794314,14489168968048,14489169052497,14489171179760,2.385446,0.084449,2.127263,1920
live,313,14489178794314,14489178960351,14489179049408,14489180973371,2.179057,0.089057,1.923963,1920
live,314,14489188794314,14489188946733,14489189040303,14489190909001,2.114687,0.09357,1.868698,1920
live,315,14489198794314,14489198961276,14489199054398,14489200951769,2.157455,0.093122,1.897371,1920
live,316,14489208794314,14489208960491,14489209048108,14489210909351,2.115037,0.087617,1.861243,1920
live,317,14489218794314,14489218960090,14489219052923,14489220943062,2.148748,0.092833,1.890139,1920
live,318,14489228794314,14489228954536,14489229051498,14489230959845,2.165531,0.096962,1.908347,1920
live,319,14489238794314,14489238965751,14489239052761,14489240236842,1.442528,0.08701,1.184081,1920
live,320,14489248794314,14489248959046,14489249052231,14489253219267,4.424953,0.093185,4.167036,1920
live,321,14489258794314,14489258956629,14489259047766,14489261176053,2.381739,0.091137,2.128287,1920
live,322,14489268794314,14489268949508,14489269029989,14489270894911,2.100597,0.080481,1.864922,1920
live,323,14489278794314,14489279389721,14489279483194,14489281660249,2.865935,0.093473,2.177055,1920
live,324,14489288794314,14489288956289,14489289043554,14489290888349,2.094035,0.087265,1.844795,1920
live,325,14489298794314,14489298967856,14489299059506,14489300947404,2.15309,0.09165,1.887898,1920
live,326,14489308794314,14489309355333,14489309514759,14489311687526,2.893212,0.159426,2.172767,1920
live,327,14489318794314,14489318984686,14489319102320,14489320980587,2.186273,0.117634,1.878267,1920
live,328,14489328794314,14489328998621,14489329117599,14489331471872,2.677558,0.118978,2.354273,1920
live,329,14489338794314,14489338988332,14489339102605,14489340991848,2.197534,0.114273,1.889243,1920
live,330,14489348794314,14489348980922,14489349079676,14489350923478,2.129164,0.098754,1.843802,1920
live,331,14489358794314,14489358949673,14489359033674,14489360903909,2.109595,0.084001,1.870235,1920
live,332,14489368794314,14489368949047,14489369033081,14489370876883,2.082569,0.084034,1.843802,1920
live,333,14489378794314,14489378955398,14489379049384,14489380928482,2.134168,0.093986,1.879098,1920
live,334,14489388794314,14489388969045,14489389067223,14489390957682,2.163368,0.098178,1.890459,1920
live,335,14489398794314,14489398969092,14489399051845,14489400941984,2.14767,0.082753,1.890139,1920
live,336,14489408794314,14489408943443,14489409034228,14489410918319,2.124005,0.090785,1.884091,1920
live,337,14489418794314,14489418948481,14489419032259,14489421150529,2.356215,0.083778,2.11827,1920
live,338,14489428794314,14489428943504,14489429030609,14489430897740,2.103426,0.087105,1.867131,1920
live,339,14489438794314,14489438967295,14489439058273,14489441019005,2.224691,0.090978,1.960732,1920
live,340,14489448794314,14489448952462,14489449036335,14489453021896,4.227582,0.083873,3.985561,1920
live,341,14489458794314,14489459291265,14489459416771,14489461541666,2.747352,0.125506,2.124895,1920
live,342,14489468794314,14489468958955,14489469044205,14489470857575,2.063261,0.08525,1.81337,1920
live,343,14489478794314,14489478933914,14489479015227,14489480855669,2.061355,0.081313,1.840442,1920
live,344,14489488794314,14489488969481,14489489075467,14489491021638,2.227324,0.105986,1.946171,1920
live,345,14489498794314,14489498977048,14489499065913,14489500961844,2.16753,0.088865,1.895931,1920
live,346,14489508794314,14489508949702,14489509040328,14489510928003,2.133689,0.090626,1.887675,1920
live,347,14489518794314,14489518967254,14489519050231,14489520938226,2.143912,0.082977,1.887995,1920
live,348,14489528794314,14489528941348,14489529026149,14489530889920,2.095606,0.084801,1.863771,1920
live,349,14489538794314,14489538963539,14489539049524,14489541012336,2.218022,0.085985,1.962812,1920
live,350,14489548794314,14489548952322,14489549042915,14489550910686,2.116372,0.090593,1.867771,1920
live,351,14489558794314,14489558946704,14489559028786,14489560916813,2.122499,0.082082,1.888027,1920
live,352,14489568794314,14489568950847,14489569054273,14489570894587,2.100273,0.103426,1.840314,1920
live,353,14489578794314,14489578961582,14489579043407,14489580921546,2.127232,0.081825,1.878139,1920
live,354,14489588794314,14489588951485,14489589042430,14489590949657,2.155343,0.090945,1.907227,1920
live,355,14489598794314,14489598945196,14489599029101,14489601191468,2.397154,0.083905,2.162367,1920
live,356,14489608794314,14489608948666,14489609048252,14489611170906,2.376592,0.099586,2.122654,1920
live,357,14489618794314,14489618948073,14489619027690,14489620912165,2.117851,0.079617,1.884475,1920
live,358,14489628794314,14489628950200,14489629081082,14489630958933,2.164619,0.130882,1.877851,1920
live,359,14489638794314,14489638988743,14489639078697,14489640365595,1.571281,0.089954,1.286898,1920
live,360,14489648794314,14489648960470,14489649044151,14489652425031,3.630717,0.083681,3.38088,1920
live,361,14489658794314,14489658949700,14489659039238,14489660150165,1.355851,0.089538,1.110927,1920
live,362,14489668794314,14489668965779,14489669049077,14489670113348,1.319034,0.083298,1.064271,1920
live,363,14489678794314,14489678955970,14489679039203,14489680116275,1.321961,0.083233,1.077072,1920
live,364,14489688794314,14489688962449,14489689046482,14489690137314,1.343,0.084033,1.090832,1920
live,365,14489698794314,14489698964640,14489699039969,14489700134352,1.340038,0.075329,1.094383,1920
live,366,14489708794314,14489708961294,14489709049936,14489710409987,1.615673,0.088642,1.360051,1920
live,367,14489718794314,14489718960445,14489719042782,14489720109422,1.315108,0.082337,1.06664,1920
live,368,14489728794314,14489728949932,14489729033389,14489730062876,1.268562,0.083457,1.029487,1920
live,369,14489738794314,14489738987675,14489739071292,14489740182284,1.38797,0.083617,1.110992,1920
live,370,14489748794314,14489748958986,14489749035435,14489750071673,1.277359,0.076449,1.036238,1920
live,371,14489758794314,14489758953464,14489759343006,14489761206744,2.41243,0.389542,1.863738,1920
live,372,14489768794314,14489768939367,14489769303596,14489771149830,2.355516,0.364229,1.846234,1920
live,373,14489778794314,14489778924117,14489779002007,14489780653038,1.858724,0.07789,1.651031,1920
live,374,14489788794314,14489788948453,14489789161352,14489791295718,2.501404,0.212899,2.134366,1920
live,375,14489798794314,14489798987668,14489799075765,14489800996337,2.202023,0.088097,1.920572,1920
live,376,14489808794314,14489808946082,14489809026947,14489810910974,2.11666,0.080865,1.884027,1920
live,377,14489818794314,14489818948273,14489819031122,14489820961934,2.16762,0.082849,1.930812,1920
live,378,14489828794314,14489828950784,14489829033921,14489830895900,2.101586,0.083137,1.861979,1920
live,379,14489838794314,14489838948046,14489839031408,14489841514195,2.719881,0.083362,2.482787,1920
live,380,14489848794314,14489849014718,14489849122304,14489853170650,4.376336,0.107586,4.048346,1920
live,381,14489858794314,14489859014413,14489859109198,14489861056202,2.261888,0.094785,1.947004,1920
live,382,14489868794314,14489868965851,14489869055100,14489871169595,2.375281,0.089249,2.114495,1920
live,383,14489878794314,14489878981898,14489879081004,14489880988743,2.194429,0.099106,1.907739,1920
live,384,14489888794314,14489888963225,14489889047098,14489890925397,2.131083,0.083873,1.878299,1920
live,385,14489898794314,14489898963847,14489899060777,14489901012229,2.217915,0.09693,1.951452,1920
live,386,14489908794314,14489908956502,14489909056184,14489910937842,2.143528,0.099682,1.881658,1920
live,387,14489918794314,14489918977029,14489919064518,14489920957409,2.163095,0.087489,1.892891,1920
live,388,14489928794314,14489928945588,14489929029813,14489930899823,2.105509,0.084225,1.87001,1920
live,389,14489938794314,14489938947138,14489939039972,14489940947711,2.153397,0.092834,1.907739,1920
live,390,14489948794314,14489948972690,14489949065395,14489950962350,2.168036,0.092705,1.896955,1920
live,391,14489958794314,14489958960224,14489959045569,14489960960125,2.165811,0.085345,1.914556,1920
live,392,14489968794314,14489968961999,14489969046960,14489970914123,2.119809,0.084961,1.867163,1920
live,393,14489978794314,14489978969246,14489979049375,14489981313599,2.519285,0.080129,2.264224,1920
live,394,14489988794314,14489988956044,14489989036557,14489991324622,2.530308,0.080513,2.288065,1920
live,395,14489998794314,14489998965403,14489999049148,14490000970008,2.175694,0.083745,1.92086,1920
live,396,14490008794314,14490008965898,14490009047307,14490010938406,2.144092,0.081409,1.891099,1920
live,397,14490018794314,14490018961113,14490019044570,14490020957173,2.162859,0.083457,1.912603,1920
live,398,14490028794314,14490028946279,14490029030920,14490030887299,2.092985,0.084641,1.856379,1920
live,399,14490038794314,14490038946934,14490039030647,14490040900210,2.105896,0.083713,1.869563,1920
live,400,14490048794314,14490048964037,14490049056262,14490053288835,4.494521,0.092225,4.232573,1920
live,401,14490058794314,14490058949268,14490059036789,14490060949968,2.155654,0.087521,1.913179,1920
live,402,14490068794314,14490068947522,14490069028707,14490070165524,1.37121,0.081185,1.136817,1920
live,403,14490078794314,14490078965905,14490079044978,14490080218499,1.424185,0.079073,1.173521,1920
live,404,14490088794314,14490088962208,14490089054465,14490090132049,1.337735,0.092257,1.077584,1920
live,405,14490098794314,14490098985167,14490099081424,14490100289890,1.495576,0.096257,1.208466,1920
live,406,14490108794314,14490108958845,14490109044191,14490110118286,1.323972,0.085346,1.074095,1920
live,407,14490118794314,14490118956044,14490119037325,14490120448289,1.653975,0.081281,1.410964,1920
live,408,14490128794314,14490128956891,14490129034588,14490130397103,1.602789,0.077697,1.362515,1920
live,409,14490138794314,14490138962762,14490139040587,14490140110874,1.31656,0.077825,1.070287,1920
live,410,14490148794314,14490148973433,14490149055738,14490150126473,1.332159,0.082305,1.070735,1920
live,411,14490158794314,14490158981864,14490159069577,14490160151736,1.357422,0.087713,1.082159,1920
live,412,14490168794314,14490168971510,14490169054615,14490170084262,1.289948,0.083105,1.029647,1920
live,413,14490178794314,14490178954533,14490179029926,14490180081461,1.287147,0.075393,1.051535,1920
live,414,14490188794314,14490188961171,14490189041301,14490190392520,1.598206,0.08013,1.351219,1920
live,415,14490198794314,14490199167877,14490199253478,14490200670363,1.876049,0.085601,1.416885,1920
live,416,14490208794314,14490208956145,14490209350903,14490210604232,1.809918,0.394758,1.253329,1920
live,417,14490218794314,14490218950336,14490219347237,14490220609911,1.815597,0.396901,1.262674,1920
live,418,14490228794314,14490228935982,14490229331540,14490230546469,1.752155,0.395558,1.214929,1920
live,419,14490238794314,14490238955453,14490239043006,14490240146094,1.35178,0.087553,1.103088,1920
live,420,14490248794314,14490248948844,14490249027181,14490252327100,3.532786,0.078337,3.299919,1920
live,421,14490258794314,14490258964987,14490259052700,14490260150572,1.356258,0.087713,1.097872,1920
live,422,14490268794314,14490268957129,14490269045707,14490270106970,1.312656,0.088578,1.061263,1920
live,423,14490278794314,14490278959640,14490279047194,14490280119785,1.325471,0.087554,1.072591,1920
live,424,14490288794314,14490288954631,14490289030280,14490290383547,1.589233,0.075649,1.353267,1920
live,425,14490298794314,14490298954678,14490299029175,14490300713839,1.919525,0.074497,1.684664,1920
live,426,14490308794314,14490308951812,14490309040710,14490310140085,1.345771,0.088898,1.099375,1920
live,427,14490318794314,14490318967027,14490319044149,14490320120676,1.326362,0.077122,1.076527,1920
live,428,14490328794314,14490328956770,14490329040195,14490330108882,1.314568,0.083425,1.068687,1920
live,429,14490338794314,14490338973265,14490339374583,14490341277010,2.482696,0.401318,1.902427,1920
live,430,14490348794314,14490348945919,14490349028065,14490350890139,2.095825,0.082146,1.862074,1920
live,431,14490358794314,14490358960174,14490359043728,14490360977035,2.182721,0.083554,1.933307,1920
live,432,14490368794314,14490368946717,14490369044798,14490370921817,2.127503,0.098081,1.877019,1920
live,433,14490378794314,14490378959436,14490379056333,14490380961288,2.166974,0.096897,1.904955,1920
live,434,14490388794314,14490388948794,14490389034588,14490390891830,2.097516,0.085794,1.857242,1920
live,435,14490398794314,14490398961577,14490399042379,14490400941318,2.147004,0.080802,1.898939,1920
live,436,14490408794314,14490408945784,14490409032057,14490410948148,2.153834,0.086273,1.916091,1920
live,437,14490418794314,14490418953351,14490419034664,14490420918243,2.123929,0.081313,1.883579,1920
live,438,14490428794314,14490428948437,14490429030999,14490430932818,2.138504,0.082562,1.901819,1920
live,439,14490438794314,14490438961988,14490439042662,14490440950721,2.156407,0.080674,1.908059,1920
live,440,14490448794314,14490448946003,14490449036628,14490452995725,4.201411,0.090625,3.959097,1920
live,441,14490458794314,14490458970210,14490459068131,14490461022687,2.228373,0.097921,1.954556,1920
live,442,14490468794314,14490468960113,14490469046290,14490470942253,2.147939,0.086177,1.895963,1920
live,443,14490478794314,14490478969568,14490479052193,14490480956796,2.162482,0.082625,1.904603,1920
live,444,14490488794314,14490488942542,14490489022991,14490490892138,2.097824,0.080449,1.869147,1920
live,445,14490498794314,14490498958461,14490499040702,14490501303454,2.50914,0.082241,2.262752,1920
live,446,14490508794314,14490508950508,14490509039181,14490510948360,2.154046,0.088673,1.909179,1920
live,447,14490518794314,14490518938714,14490519023579,14490520904790,2.110476,0.084865,1.881211,1920
live,448,14490528794314,14490528946985,14490529031178,14490530914981,2.120667,0.084193,1.883803,1920
live,449,14490538794314,14490538953720,14490539039577,14490540949780,2.155466,0.085857,1.910203,1920
live,450,14490548794314,14490548957255,14490549045704,14490550987300,2.192986,0.088449,1.941596,1920
live,451,14490558794314,14490558957781,14490559060279,14490560996115,2.201801,0.102498,1.935836,1920
live,452,14490568794314,14490568956708,14490569051622,14490570922144,2.12783,0.094914,1.870522,1920
live,453,14490578794314,14490578966579,14490579048980,14490580953327,2.159013,0.082401,1.904347,1920
live,454,14490588794314,14490588948546,14490589033443,14490590905917,2.111603,0.084897,1.872474,1920
live,455,14490598794314,14490598965201,14490599054194,14490600272227,1.477913,0.088993,1.218033,1920
live,456,14490608794314,14490609018912,14490609105473,14490610241394,1.44708,0.086561,1.135921,1920
live,457,14490618794314,14490618994062,14490619085232,14490620206720,1.412406,0.09117,1.121488,1920
live,458,14490628794314,14490628967581,14490629057662,14490630877592,2.083278,0.090081,1.81993,1920
live,459,14490638794314,14490638960075,14490639042413,14490640931112,2.136798,0.082338,1.888699,1920
live,460,14490648794314,14490648945178,14490649024763,14490652982292,4.187978,0.079585,3.957529,1920
live,461,14490658794314,14490658954025,14490659046634,14490660976422,2.182108,0.092609,1.929788,1920
live,462,14490668794314,14490668954200,14490669043705,14490670928148,2.133834,0.089505,1.884443,1920
live,463,14490678794314,14490678954566,14490679047208,14490680959875,2.165561,0.092642,1.912667,1920
live,464,14490688794314,14490688952245,14490689035862,14490690894641,2.100327,0.083617,1.858779,1920
live,465,14490698794314,14490698952164,14490699032581,14490700931680,2.137366,0.080417,1.899099,1920
live,466,14490708794314,14490709125077,14490709208502,14490711119058,2.324744,0.083425,1.910556,1920
live,467,14490718794314,14490718943457,14490719025538,14490721169889,2.375575,0.082081,2.144351,1920
live,468,14490728794314,14490728947472,14490729030481,14490731157872,2.363558,0.083009,2.127391,1920
live,469,14490738794314,14490738950815,14490739034464,14490740925115,2.130801,0.083649,1.890651,1920
live,470,14490748794314,14490748946542,14490749028879,14490750934026,2.139712,0.082337,1.905147,1920
live,471,14490758794314,14490758955452,14490759042302,14490761162332,2.368018,0.08685,2.12003,1920
live,472,14490768794314,14490768950859,14490769038124,14490770912199,2.117885,0.087265,1.874075,1920
live,473,14490778794314,14490778980346,14490779079228,14490780997655,2.203341,0.098882,1.918427,1920
live,474,14490788794314,14490788957161,14490789045834,14490790922853,2.128539,0.088673,1.877019,1920
live,475,14490798794314,14490798949175,14490799045561,14490800934964,2.14065,0.096386,1.889403,1920
live,476,14490808794314,14490808950502,14490809035111,14490811814095,3.019781,0.084609,2.778984,1920
live,477,14490818794314,14490818957077,14490819058038,14490820975090,2.180776,0.100961,1.917052,1920
live,478,14490828794314,14490828958276,14490829051781,14490831183236,2.388922,0.093505,2.131455,1920
live,479,14490838794314,14490838958419,14490839038964,14490840906606,2.112292,0.080545,1.867642,1920
live,480,14490848794314,14490848936865,14490849018562,14490853014555,4.220241,0.081697,3.995993,1920
live,481,14490858794314,14490858955536,14490859038353,14490860921516,2.127202,0.082817,1.883163,1920
live,482,14490868794314,14490868962047,14490869061024,14490871006428,2.212114,0.098977,1.945404,1920
live,483,14490878794314,14490878964974,14490879048143,14490880966666,2.172352,0.083169,1.918523,1920
live,484,14490888794314,14490888943900,14490889039774,14490890898776,2.104462,0.095874,1.859002,1920
live,485,14490898794314,14490898966283,14490899045900,14490900949864,2.15555,0.079617,1.903964,1920
live,486,14490908794314,14490908948346,14490909032603,14490911167353,2.373039,0.084257,2.13475,1920
live,487,14490918794314,14490918948360,14490919035114,14490920958917,2.164603,0.086754,1.923803,1920
live,488,14490928794314,14490928934935,14490929017816,14490931286073,2.491759,0.082881,2.268257,1920
live,489,14490938794314,14490938948326,14490939028935,14490941193702,2.399388,0.080609,2.164767,1920
live,490,14490948794314,14490948945973,14490949026294,14490950886032,2.091718,0.080321,1.859738,1920
live,491,14490958794314,14490958942979,14490959024613,14490960927712,2.133398,0.081634,1.903099,1920
live,492,14490968794314,14490968941106,14490969025555,14490970923118,2.128804,0.084449,1.897563,1920
live,493,14490978794314,14490978950369,14490979036770,14490980929277,2.134963,0.086401,1.892507,1920
live,494,14490988794314,14490988935535,14490989016849,14490990892107,2.097793,0.081314,1.875258,1920
live,495,14490998794314,14490998954142,14490999060480,14491000986107,2.191793,0.106338,1.925627,1920
live,496,14491008794314,14491008963789,14491009051695,14491010925193,2.130879,0.087906,1.873498,1920
live,497,14491018794314,14491018959132,14491019052253,14491020633460,1.839146,0.093121,1.581207,1920
live,498,14491028794314,14491028953963,14491029037708,14491030868294,2.07398,0.083745,1.830586,1920
live,499,14491038794314,14491038949849,14491039034427,14491040923253,2.128939,0.084578,1.888826,1920
live,500,14491048794314,14491048945864,14491049029385,14491052995874,4.20156,0.083521,3.966489,1920
live,501,14491058794314,14491058961751,14491059046040,14491061220183,2.425869,0.084289,2.174143,1920
live,502,14491068794314,14491068956262,14491069047847,14491070971554,2.17724,0.091585,1.923707,1920
live,503,14491078794314,14491078952052,14491079038293,14491080955121,2.160807,0.086241,1.916828,1920
live,504,14491088794314,14491088941251,14491089023812,14491090872446,2.078132,0.082561,1.848634,1920
live,505,14491098794314,14491098947762,14491099029811,14491100985999,2.191685,0.082049,1.956188,1920
live,506,14491108794314,14491108934720,14491109017217,14491110879132,2.084818,0.082497,1.861915,1920
live,507,14491118794314,14491118956591,14491119047856,14491120971660,2.177346,0.091265,1.923804,1920
live,508,14491128794314,14491128965502,14491129061439,14491131305791,2.511477,0.095937,2.244352,1920
live,509,14491138794314,14491138964365,14491139051726,14491141327470,2.533156,0.087361,2.275744,1920
live,510,14491148794314,14491148939099,14491149028444,14491151159451,2.365137,0.089345,2.131007,1920
live,511,14491158794314,14491158966314,14491159064108,14491161196682,2.402368,0.097794,2.132574,1920
live,512,14491168794314,14491169049722,14491169418463,14491171565086,2.770772,0.368741,2.146623,1920
live,513,14491178794314,14491178965384,14491179049705,14491180943588,2.149274,0.084321,1.893883,1920
live,514,14491188794314,14491188952502,14491189038775,14491190908530,2.114216,0.086273,1.869755,1920
live,515,14491198794314,14491198947749,14491199035014,14491200910817,2.116503,0.087265,1.875803,1920
live,516,14491208794314,14491208931923,14491209019413,14491210881999,2.087685,0.08749,1.862586,1920
live,517,14491218794314,14491218938338,14491219025475,14491221787627,2.993313,0.087137,2.762152,1920
live,518,14491228794314,14491228985266,14491229087027,14491231227634,2.43332,0.101761,2.140607,1920
live,519,14491238794314,14491238960096,14491239043137,14491240941180,2.146866,0.083041,1.898043,1920
live,520,14491248794314,14491248954159,14491249048720,14491253021225,4.226911,0.094561,3.972505,1920
live,521,14491258794314,14491258969725,14491259067167,14491261003195,2.208881,0.097442,1.936028,1920
live,522,14491268794314,14491268959532,14491269052941,14491270908072,2.113758,0.093409,1.855131,1920
live,523,14491278794314,14491278988603,14491279075932,14491281058713,2.264399,0.087329,1.982781,1920
live,524,14491288794314,14491288980362,14491289066827,14491291199561,2.405247,0.086465,2.132734,1920
live,525,14491298794314,14491298948024,14491299030425,14491300924980,2.130666,0.082401,1.894555,1920
live,526,14491308794314,14491308941319,14491309024008,14491310891555,2.097241,0.082689,1.867547,1920
live,527,14491318794314,14491318951542,14491319037015,14491320900209,2.105895,0.085473,1.863194,1920
live,528,14491328794314,14491328955268,14491329045542,14491330200694,1.40638,0.090274,1.155152,1920
live,529,14491338794314,14491338957011,14491339047092,14491341309685,2.515371,0.090081,2.262593,1920
live,530,14491348794314,14491348946114,14491349027267,14491351259587,2.465273,0.081153,2.23232,1920
live,531,14491358794314,14491358949456,14491359032402,14491361183952,2.389638,0.082946,2.15155,1920
live,532,14491368794314,14491369001376,14491369092481,14491371194239,2.399925,0.091105,2.101758,1920
live,533,14491378794314,14491379003951,14491379091888,14491380317121,1.522807,0.087937,1.225233,1920
live,534,14491388794314,14491388964349,14491389048510,14491390872536,2.078222,0.084161,1.824026,1920
live,535,14491398794314,14491398952203,14491399037581,14491401179723,2.385409,0.085378,2.142142,1920
live,536,14491408794314,14491408965658,14491409057596,14491410903094,2.10878,0.091938,1.845498,1920
live,537,14491418794314,14491418979241,14491419061706,14491420926789,2.132475,0.082465,1.865083,1920
live,538,14491428794314,14491428946551,14491429052281,14491430915764,2.12145,0.10573,1.863483,1920
live,539,14491438794314,14491438966918,14491439056584,14491441042308,2.247994,0.089666,1.985724,1920
live,540,14491448794314,14491448948309,14491449035158,14491453206578,4.412264,0.086849,4.17142,1920
live,541,14491458794314,14491458960740,14491459071237,14491460958944,2.16463,0.110497,1.887707,1920
live,542,14491468794314,14491468962419,14491469052276,14491470901358,2.107044,0.089857,1.849082,1920
live,543,14491478794314,14491478958081,14491479053475,14491480996126,2.201812,0.095394,1.942651,1920
live,544,14491488794314,14491488947664,14491489039153,14491490909132,2.114818,0.091489,1.869979,1920
live,545,14491498794314,14491498967423,14491499051008,14491501192703,2.398389,0.083585,2.141695,1920
live,546,14491508794314,14491508954925,14491509040367,14491511143885,2.349571,0.085442,2.103518,1920
live,547,14491518794314,14491518953404,14491519037309,14491520922424,2.12811,0.083905,1.885115,1920
live,548,14491528794314,14491529030924,14491529125069,14491531027784,2.23347,0.094145,1.902715,1920
live,549,14491538794314,14491538946905,14491539029563,14491540944694,2.15038,0.082658,1.915131,1920
live,550,14491548794314,14491548937512,14491549024617,14491550900004,2.10569,0.087105,1.875387,1920
live,551,14491558794314,14491558961367,14491559050936,14491560946547,2.152233,0.089569,1.895611,1920
live,552,14491568794314,14491568963910,14491569048167,14491571163813,2.369499,0.084257,2.115646,1920
live,553,14491578794314,14491578948084,14491579031285,14491581345751,2.551437,0.083201,2.314466,1920
live,554,14491588794314,14491588953315,14491589046276,14491590915359,2.121045,0.092961,1.869083,1920
live,555,14491598794314,14491598960498,14491599045107,14491600967471,2.173157,0.084609,1.922364,1920
live,556,14491608794314,14491608940032,14491609034178,14491610883196,2.088882,0.094146,1.849018,1920
live,557,14491618794314,14491618942127,14491619017232,14491620362435,1.568121,0.075105,1.345203,1920
live,558,14491628794314,14491628924478,14491628996895,14491631430049,2.635735,0.072417,2.433154,1920
live,559,14491638794314,14491638955437,14491639048814,14491640951337,2.157023,0.093377,1.902523,1920
live,560,14491648794314,14491648962716,14491649046749,14491653019957,4.225643,0.084033,3.973208,1920
live,561,14491658794314,14491658964970,14491659049676,14491660905734,2.11142,0.084706,1.856058,1920
live,562,14491668794314,14491668942713,14491669030234,14491670888756,2.094442,0.087521,1.858522,1920
live,563,14491678794314,14491678940295,14491679025641,14491681189384,2.39507,0.085346,2.163743,1920
live,564,14491688794314,14491688960150,14491689064440,14491690978259,2.183945,0.10429,1.913819,1920
live,565,14491698794314,14491698950117,14491699037158,14491700917601,2.123287,0.087041,1.880443,1920
live,566,14491708794314,14491708949844,14491709035925,14491710884975,2.090661,0.086081,1.84905,1920
live,567,14491718794314,14491718945762,14491719031396,14491720913566,2.119252,0.085634,1.88217,1920
live,568,14491728794314,14491728938449,14491729021426,14491730865388,2.071074,0.082977,1.843962,1920
live,569,14491738794314,14491738958816,14491739048449,14491740975293,2.180979,0.089633,1.926844,1920
live,570,14491748794314,14491748947279,14491749039600,14491750911819,2.117505,0.092321,1.872219,1920
live,571,14491758794314,14491758955517,14491759038975,14491761301727,2.507413,0.083458,2.262752,1920
live,572,14491768794314,14491768942380,14491769024813,14491771296782,2.502468,0.082433,2.271969,1920
live,573,14491778794314,14491778948699,14491779044444,14491781189627,2.395313,0.095745,2.145183,1920
live,574,14491788794314,14491788964490,14491789054539,14491791218442,2.424128,0.090049,2.163903,1920
live,575,14491798794314,14491798971193,14491799055482,14491800947541,2.153227,0.084289,1.892059,1920
live,576,14491808794314,14491808937575,14491809031784,14491810875394,2.08108,0.094209,1.84361,1920
live,577,14491818794314,14491818954358,14491819036951,14491820938898,2.144584,0.082593,1.901947,1920
live,578,14491828794314,14491828946628,14491829033094,14491830898528,2.104214,0.086466,1.865434,1920
live,579,14491838794314,14491838961651,14491839052277,14491840996848,2.202534,0.090626,1.944571,1920
live,580,14491848794314,14491848949666,14491849031779,14491853008988,4.214674,0.082113,3.977209,1920
live,581,14491858794314,14491858952657,14491859037586,14491861275666,2.481352,0.084929,2.23808,1920
live,582,14491868794314,14491868945439,14491869031840,14491871293825,2.499511,0.086401,2.261985,1920
live,583,14491878794314,14491878941646,14491879028751,14491881174542,2.380228,0.087105,2.145791,1920
live,584,14491888794314,14491888943901,14491889032030,14491890944025,2.149711,0.088129,1.911995,1920
live,585,14491898794314,14491898966860,14491899050285,14491901195915,2.401601,0.083425,2.14563,1920
live,586,14491908794314,14491908963226,14491909067676,14491910926966,2.132652,0.10445,1.85929,1920
live,587,14491918794314,14491918959305,14491919045098,14491920908261,2.113947,0.085793,1.863163,1920
live,588,14491928794314,14491928938839,14491929023193,14491930880979,2.086665,0.084354,1.857786,1920
live,589,14491938794314,14491938951110,14491939040648,14491940989443,2.195129,0.089538,1.948795,1920
live,590,14491948794314,14491948946677,14491949039030,14491950197767,1.403453,0.092353,1.158737,1920
live,591,14491958794314,14491958971428,14491959051557,14491960463065,1.668751,0.080129,1.411508,1920
live,592,14491968794314,14491968944114,14491969030068,14491970072546,1.278232,0.085954,1.042478,1920
live,593,14491978794314,14491978947265,14491979022882,14491980080657,1.286343,0.075617,1.057775,1920
live,594,14491988794314,14491989058833,14491989161747,14491990237602,1.443288,0.102914,1.075855,1920
live,595,14491998794314,14491998954015,14491999027424,14492000089743,1.295429,0.073409,1.062319,1920
live,596,14492008794314,14492008958445,14492009043695,14492010079581,1.285267,0.08525,1.035886,1920
live,597,14492018794314,14492018948092,14492019033053,14492020086092,1.291778,0.084961,1.053039,1920
live,598,14492028794314,14492028956139,14492029042828,14492030072283,1.277969,0.086689,1.029455,1920
live,599,14492038794314,14492038953593,14492039028794,14492040855572,2.061258,0.075201,1.826778,1920
live,600,14492048794314,14492048939880,14492049024777,14492052216279,3.421965,0.084897,3.191502,1920
live,601,14492058794314,14492058960151,14492059041368,14492060115207,1.320893,0.081217,1.073839,1920
live,602,14492068794314,14492068948421,14492069358283,14492071682828,2.888514,0.409862,2.324545,1920
live,603,14492078794314,14492078942420,14492079340442,14492081710075,2.915761,0.398022,2.369633,1920
live,604,14492088794314,14492088948291,14492089034884,14492092151664,3.35735,0.086593,3.11678,1920
live,605,14492098794314,14492098967186,14492099067315,14492100280836,1.486522,0.100129,1.213521,1920
live,606,14492108794314,14492108954880,14492109053122,14492110134481,1.340167,0.098242,1.081359,1920
live,607,14492118794314,14492118952239,14492119041968,14492120129344,1.33503,0.089729,1.087376,1920
live,608,14492128794314,14492128963966,14492129053279,14492130578357,1.784043,0.089313,1.525078,1920
live,609,14492138794314,14492139014349,14492139105230,14492140176574,1.38226,0.090881,1.071344,1920
live,610,14492148794314,14492148980219,14492149085373,14492150165388,1.371074,0.105154,1.080015,1920
live,611,14492158794314,14492158966442,14492159056075,14492160133082,1.338768,0.089633,1.077007,1920
live,612,14492168794314,14492168956728,14492169041466,14492170397133,1.602819,0.084738,1.355667,1920
live,613,14492178794314,14492178952071,14492179037480,14492180102423,1.308109,0.085409,1.064943,1920
live,614,14492188794314,14492188962518,14492189051287,14492190399370,1.605056,0.088769,1.348083,1920
live,615,14492198794314,14492198964229,14492199049414,14492200147541,1.353227,0.085185,1.098127,1920
live,616,14492208794314,14492208958867,14492209039124,14492210076003,1.281689,0.080257,1.036879,1920
live,617,14492218794314,14492218951810,14492219032515,14492220107218,1.312904,0.080705,1.074703,1920
live,618,14492228794314,14492228938672,14492229023537,14492230826923,2.032609,0.084865,1.803386,1920
live,619,14492238794314,14492238952831,14492239039648,14492241191231,2.396917,0.086817,2.151583,1920
live,620,14492248794314,14492248959502,14492249048591,14492253065064,4.27075,0.089089,4.016473,1920
live,621,14492258794314,14492258932220,14492259018333,14492260921785,2.127471,0.086113,1.903452,1920
live,622,14492268794314,14492268954059,14492269040652,14492270890983,2.096669,0.086593,1.850331,1920
live,623,14492278794314,14492278959514,14492279046235,14492281291259,2.496945,0.086721,2.245024,1920
live,624,14492288794314,14492288951465,14492289036202,14492291278762,2.484448,0.084737,2.24256,1920
live,625,14492298794314,14492298955831,14492299040665,14492301239768,2.445454,0.084834,2.199103,1920
live,626,14492308794314,14492308942822,14492309031207,14492310886338,2.092024,0.088385,1.855131,1920
live,627,14492318794314,14492318947957,14492319035414,14492320922673,2.128359,0.087457,1.887259,1920
live,628,14492328794314,14492328945219,14492329025732,14492330882015,2.087701,0.080513,1.856283,1920
live,629,14492338794314,14492338940818,14492339030387,14492341183058,2.388744,0.089569,2.152671,1920
live,630,14492348794314,14492348953537,14492349057154,14492351188705,2.394391,0.103617,2.131551,1920
live,631,14492358794314,14492358971760,14492359072017,14492360987980,2.193666,0.100257,1.915963,1920
live,632,14492368794314,14492368955742,14492369056064,14492370914298,2.119984,0.100322,1.858234,1920
live,633,14492378794314,14492378969293,14492379053358,14492380935273,2.140959,0.084065,1.881915,1920
live,634,14492388794314,14492388945275,14492389035933,14492390887671,2.093357,0.090658,1.851738,1920
live,635,14492398794314,14492398961898,14492399064876,14492400988551,2.194237,0.102978,1.923675,1920
live,636,14492408794314,14492408959289,14492409041242,14492411154552,2.360238,0.081953,2.11331,1920
live,637,14492418794314,14492418975208,14492419057033,14492420949764,2.15545,0.081825,1.892731,1920
live,638,14492428794314,14492428947382,14492429030071,14492430881746,2.087432,0.082689,1.851675,1920
live,639,14492438794314,14492438957349,14492439038726,14492440915969,2.121655,0.081377,1.877243,1920
live,640,14492448794314,14492449118294,14492449258328,14492453697015,4.902701,0.140034,4.438687,1920
live,641,14492458794314,14492458992707,14492459085540,14492460945919,2.151605,0.092833,1.860379,1920
live,642,14492468794314,14492468947089,14492469031570,14492471143632,2.349318,0.084481,2.112062,1920
live,643,14492478794314,14492478953472,14492479034721,14492481141791,2.347477,0.081249,2.10707,1920
live,644,14492488794314,14492488919022,14492488996687,14492491170510,2.376196,0.077665,2.173823,1920
live,645,14492498794314,14492498921789,14492498999230,14492501790950,2.996636,0.077441,2.79172,1920
live,646,14492508794314,14492508917227,14492508991148,14492511173931,2.379617,0.073921,2.182783,1920
live,647,14492518794314,14492518938426,14492519026684,14492521140890,2.346576,0.088258,2.114206,1920
live,648,14492528794314,14492528948969,14492529030730,14492530856708,2.062394,0.081761,1.825978,1920
live,649,14492538794314,14492538936632,14492539018073,14492540881107,2.086793,0.081441,1.863034,1920
live,650,14492548794314,14492548938374,14492549021800,14492550840641,2.046327,0.083426,1.818841,1920
live,651,14492558794314,14492558949013,14492559042198,14492560932177,2.137863,0.093185,1.889979,1920
live,652,14492568794314,14492568952388,14492569035589,14492570880639,2.086325,0.083201,1.84505,1920
live,653,14492578794314,14492578943442,14492579036852,14492580937551,2.143237,0.09341,1.900699,1920
live,654,14492588794314,14492588980354,14492589088867,14492590920125,2.125811,0.108513,1.831258,1920
live,655,14492598794314,14492598987632,14492599093234,14492601019149,2.224835,0.105602,1.925915,1920
live,656,14492608794314,14492608965919,14492609053056,14492610913371,2.119057,0.087137,1.860315,1920
live,657,14492618794314,14492618942253,14492619025582,14492621143117,2.348803,0.083329,2.117535,1920
live,658,14492628794314,14492628939292,14492629021245,14492631121691,2.327377,0.081953,2.100446,1920
live,659,14492638794314,14492638954603,14492639040300,14492641260908,2.466594,0.085697,2.220608,1920
live,660,14492648794314,14492648943449,14492649024250,14492653385529,4.591215,0.080801,4.361279,1920
live,661,14492658794314,14492658943848,14492659029097,14492660892260,2.097946,0.085249,1.863163,1920
live,662,14492668794314,14492668952951,14492669038648,14492670864882,2.070568,0.085697,1.826234,1920
live,663,14492678794314,14492678944197,14492679026471,14492680887297,2.092983,0.082274,1.860826,1920
live,664,14492688794314,14492688947860,14492689029621,14492691129523,2.335209,0.081761,2.099902,1920
live,665,14492698794314,14492698948579,14492699030404,14492700880702,2.086388,0.081825,1.850298,1920
live,666,14492708794314,14492708947185,14492709029619,14492710852365,2.058051,0.082434,1.822746,1920
live,667,14492718794314,14492718953920,14492719036801,14492720891804,2.09749,0.082881,1.855003,1920
live,668,14492728794314,14492728940303,14492729022320,14492730834410,2.040096,0.082017,1.81209,1920
live,669,14492738794314,14492738958110,14492739077247,14492741158045,2.363731,0.119137,2.080798,1920
live,670,14492748794314,14492748953196,14492749036302,14492751121867,2.327553,0.083106,2.085565,1920
live,671,14492758794314,14492758947355,14492759030812,14492760887543,2.093229,0.083457,1.856731,1920
live,672,14492768794314,14492768942026,14492769022059,14492770850597,2.056283,0.080033,1.828538,1920
live,673,14492778794314,14492778951288,14492779035354,14492780894516,2.100202,0.084066,1.859162,1920
live,674,14492788794314,14492788937863,14492789020520,14492790855010,2.060696,0.082657,1.83449,1920
live,675,14492798794314,14492798960374,14492799053879,14492801285911,2.491597,0.093505,2.232032,1920
live,676,14492808794314,14492809145607,14492809243753,14492811468360,2.674046,0.098146,2.224607,1920
live,677,14492818794314,14492818954323,14492819035252,14492821140242,2.345928,0.080929,2.10499,1920
live,678,14492828794314,14492828952418,14492829033923,14492830859677,2.065363,0.081505,1.825754,1920
live,679,14492838794314,14492838949424,14492839030642,14492840883372,2.089058,0.081218,1.85273,1920
live,680,14492848794314,14492848934175,14492849013248,14492852926040,4.131726,0.079073,3.912792,1920
live,681,14492858794314,14492858944686,14492859039823,14492861329392,2.535078,0.095137,2.289569,1920
live,682,14492868794314,14492868955485,14492869039326,14492870870072,2.075758,0.083841,1.830746,1920
live,683,14492878794314,14492878939659,14492879021516,14492880897799,2.103485,0.081857,1.876283,1920
live,684,14492888794314,14492888937882,14492889021531,14492890844757,2.050443,0.083649,1.823226,1920
live,685,14492898794314,14492899021866,14492899106219,14492900977894,2.18358,0.084353,1.871675,1920
live,686,14492908794314,14492908975544,14492909071321,14492912093764,3.29945,0.095777,3.022443,1920
live,687,14492918794314,14492918959526,14492919060232,14492921258663,2.464349,0.100706,2.198431,1920
live,688,14492928794314,14492928953813,14492929034966,14492931105875,2.311561,0.081153,2.070909,1920
live,689,14492938794314,14492938952867,14492939038597,14492940873119,2.078805,0.08573,1.834522,1920
live,690,14492948794314,14492948939026,14492949030323,14492950920014,2.1257,0.091297,1.889691,1920
live,691,14492958794314,14492958958529,14492959041538,14492960184146,1.389832,0.083009,1.142608,1920
live,692,14492968794314,14492968942383,14492969018672,14492970396452,1.602138,0.076289,1.37778,1920
live,693,14492978794314,14492978944350,14492979019423,14492980094990,1.300676,0.075073,1.075567,1920
live,694,14492988794314,14492988939725,14492989012046,14492990059069,1.264755,0.072321,1.047023,1920
live,695,14492998794314,14492998938491,14492999014940,14493000059883,1.265569,0.076449,1.044943,1920
live,696,14493008794314,14493008984459,14493009105836,14493010485056,1.690742,0.121377,1.37922,1920
live,697,14493018794314,14493018991001,14493019112891,14493020509871,1.715557,0.12189,1.39698,1920
live,698,14493028794314,14493028998888,14493029132618,14493030519486,1.725172,0.13373,1.386868,1920
live,699,14493038794314,14493039016663,14493039139961,14493040531469,1.737155,0.123298,1.391508,1920
live,700,14493048794314,14493048973349,14493049068294,14493052200659,3.406345,0.094945,3.132365,1920
live,701,14493058794314,14493058962132,14493059046037,14493060109956,1.315642,0.083905,1.063919,1920
live,702,14493068794314,14493068949570,14493069030051,14493070057394,1.26308,0.080481,1.027343,1920
live,703,14493078794314,14493078956369,14493079353878,14493081227345,2.433031,0.397509,1.873467,1920
live,704,14493088794314,14493088937183,14493089322693,14493091229952,2.435638,0.38551,1.907259,1920
live,705,14493098794314,14493098944942,14493099044463,14493100915082,2.120768,0.099521,1.870619,1920
live,706,14493108794314,14493108959037,14493109046622,14493111166012,2.371698,0.087585,2.11939,1920
live,707,14493118794314,14493118947723,14493119031276,14493121249964,2.45565,0.083553,2.218688,1920
live,708,14493128794314,14493128934266,14493129017403,14493131224122,2.429808,0.083137,2.206719,1920
live,709,14493138794314,14493138942024,14493139024010,14493141164584,2.37027,0.081986,2.140574,1920
live,710,14493148794314,14493148941463,14493149022104,14493151113910,2.319596,0.080641,2.091806,1920
live,711,14493158794314,14493158954918,14493159036007,14493160896130,2.101816,0.081089,1.860123,1920
live,712,14493168794314,14493168926100,14493169008565,14493170831279,2.036965,0.082465,1.822714,1920
live,713,14493178794314,14493178949251,14493179034052,14493180904895,2.110581,0.084801,1.870843,1920
live,714,14493188794314,14493188940626,14493189022739,14493190854381,2.060067,0.082113,1.831642,1920
live,715,14493198794314,14493198954945,14493199038306,14493201152672,2.358358,0.083361,2.114366,1920
live,716,14493208794314,14493208945359,14493209030736,14493210853098,2.058784,0.085377,1.822362,1920
live,717,14493218794314,14493218941022,14493219022815,14493221243775,2.449461,0.081793,2.22096,1920
live,718,14493228794314,14493228936812,14493229025102,14493231227981,2.433667,0.08829,2.202879,1920
live,719,14493238794314,14493238983132,14493239111709,14493241314493,2.520179,0.128577,2.202784,1920
live,720,14493248794314,14493248992490,14493249124300,14493253312904,4.51859,0.13181,4.188604,1920
live,721,14493258794314,14493259006585,14493259146043,14493260990998,2.196684,0.139458,1.844955,1920
live,722,14493268794314,14493269130922,14493269283596,14493271423466,2.629152,0.152674,2.13987,1920
live,723,14493278794314,14493278967062,14493279057847,14493280903698,2.109384,0.090785,1.845851,1920
live,724,14493288794314,14493288949444,14493289047974,14493290868736,2.074422,0.09853,1.820762,1920
live,725,14493298794314,14493298951187,14493299034228,14493300875983,2.081669,0.083041,1.841755,1920
live,726,14493308794314,14493308940514,14493309028963,14493311141505,2.347191,0.088449,2.112542,1920
live,727,14493318794314,14493318958577,14493319039794,14493321573430,2.779116,0.081217,2.533636,1920
live,728,14493328794314,14493328940415,14493329028352,14493331237056,2.442742,0.087937,2.208704,1920
live,729,14493338794314,14493338941006,14493339023343,14493341224590,2.430276,0.082337,2.201247,1920
live,730,14493348794314,14493348939164,14493349021885,14493351111035,2.316721,0.082721,2.08915,1920
live,731,14493358794314,14493358950219,14493359032588,14493360876903,2.082589,0.082369,1.844315,1920
live,732,14493368794314,14493368939354,14493369018363,14493371319067,2.524753,0.079009,2.300704,1920
live,733,14493378794314,14493378949640,14493379036874,14493380893668,2.099354,0.087234,1.856794,1920
live,734,14493388794314,14493388943735,14493389028440,14493390850354,2.05604,0.084705,1.821914,1920
live,735,14493398794314,14493398941606,14493399033415,14493400902786,2.108472,0.091809,1.869371,1920
live,736,14493408794314,14493408943988,14493409022805,14493410846159,2.051845,0.078817,1.823354,1920
live,737,14493418794314,14493418946467,14493419034148,14493421167683,2.373369,0.087681,2.133535,1920
live,738,14493428794314,14493428935345,14493429016211,14493431225874,2.43156,0.080866,2.209663,1920
live,739,14493438794314,14493438943008,14493439025729,14493441253665,2.459351,0.082721,2.227936,1920
live,740,14493448794314,14493448933935,14493449019376,14493453272205,4.477891,0.085441,4.252829,1920
live,741,14493458794314,14493458944126,14493459026559,14493461151997,2.357683,0.082433,2.125438,1920
live,742,14493468794314,14493468941804,14493469026285,14493471151212,2.356898,0.084481,2.124927,1920
live,743,14493478794314,14493478935963,14493479018556,14493481136474,2.34216,0.082593,2.117918,1920
live,744,14493488794314,14493488936105,14493489018315,14493490830564,2.03625,0.08221,1.812249,1920
live,745,14493498794314,14493498946872,14493499048410,14493500910004,2.11569,0.101538,1.861594,1920
live,746,14493508794314,14493508948423,14493509055464,14493510861986,2.067672,0.107041,1.806522,1920
live,747,14493518794314,14493518958934,14493519045815,14493520892369,2.098055,0.086881,1.846554,1920
live,748,14493528794314,14493528931620,14493529014469,14493531274213,2.479899,0.082849,2.259744,1920
live,749,14493538794314,14493538943603,14493539027700,14493541216147,2.421833,0.084097,2.188447,1920
live,750,14493548794314,14493548943105,14493549027075,14493551257730,2.463416,0.08397,2.230655,1920
live,751,14493558794314,14493558940592,14493559024881,14493561137679,2.343365,0.084289,2.112798,1920
live,752,14493568794314,14493568934271,14493569014976,14493570834586,2.040272,0.080705,1.81961,1920
live,753,14493578794314,14493578930093,14493579009838,14493580874665,2.080351,0.079745,1.864827,1920
live,754,14493588794314,14493588934140,14493589019837,14493591120795,2.326481,0.085697,2.100958,1920
live,755,14493598794314,14493598941451,14493599024364,14493600872870,2.078556,0.082913,1.848506,1920
live,756,14493608794314,14493608934169,14493609018298,14493610835188,2.040874,0.084129,1.81689,1920
live,757,14493618794314,14493618945992,14493619031657,14493620889316,2.095002,0.085665,1.857659,1920
live,758,14493628794314,14493628929654,14493629012216,14493630847410,2.053096,0.082562,1.835194,1920
live,759,14493638794314,14493638941541,14493639020038,14493641232422,2.438108,0.078497,2.212384,1920
live,760,14493648794314,14493648958804,14493649042197,14493653347347,4.553033,0.083393,4.30515,1920
live,761,14493658794314,14493659017668,14493659113029,14493661222243,2.427929,0.095361,2.109214,1920
live,762,14493668794314,14493668972306,14493669057971,14493671126000,2.331686,0.085665,2.068029,1920
live,763,14493678794314,14493678944320,14493679041953,14493680895260,2.100946,0.097633,1.853307,1920
live,764,14493688794314,14493688939407,14493689027344,14493690858666,2.064352,0.087937,1.831322,1920
live,765,14493698794314,14493698940957,14493699021854,14493701125596,2.331282,0.080897,2.103742,1920
live,766,14493708794314,14493708935244,14493709020973,14493711127979,2.333665,0.085729,2.107006,1920
live,767,14493718794314,14493718937755,14493719022140,14493721030136,2.235822,0.084385,2.007996,1920
live,768,14493728794314,14493729028810,14493729136908,14493730983590,2.189276,0.108098,1.846682,1920
live,769,14493738794314,14493738969112,14493739053945,14493740891924,2.09761,0.084833,1.837979,1920
live,770,14493748794314,14493748935782,14493749021192,14493750860962,2.066648,0.08541,1.83977,1920
live,771,14493758794314,14493758945973,14493759031286,14493761272310,2.477996,0.085313,2.241024,1920
live,772,14493768794314,14493768937028,14493769024069,14493771216612,2.422298,0.087041,2.192543,1920
live,773,14493778794314,14493778944147,14493779024724,14493781260308,2.465994,0.080577,2.235584,1920
live,774,14493788794314,14493788943745,14493789033986,14493790859613,2.065299,0.090241,1.825627,1920
live,775,14493798794314,14493798960432,14493799045297,14493800900428,2.106114,0.084865,1.855131,1920
live,776,14493808794314,14493808946591,14493809028224,14493811132990,2.338676,0.081633,2.104766,1920
live,777,14493818794314,14493818937037,14493819022862,14493820945066,2.150752,0.085825,1.922204,1920
live,778,14493828794314,14493828946972,14493829040381,14493831432447,2.638133,0.093409,2.392066,1920
live,779,14493838794314,14493838951947,14493839033676,14493840898310,2.103996,0.081729,1.864634,1920
live,780,14493848794314,14493848940249,14493849022394,14493853305207,4.510893,0.082145,4.282813,1920
live,781,14493858794314,14493858943144,14493859029609,14493861241097,2.446783,0.086465,2.211488,1920
live,782,14493868794314,14493868941078,14493869028216,14493871270872,2.476558,0.087138,2.242656,1920
live,783,14493878794314,14493878935301,14493879014630,14493881108804,2.31449,0.079329,2.094174,1920
live,784,14493888794314,14493888928564,14493889011477,14493890821263,2.026949,0.082913,1.809786,1920
live,785,14493898794314,14493898933826,14493899014563,14493900867198,2.072884,0.080737,1.852635,1920
live,786,14493908794314,14493908927377,14493909008466,14493910830636,2.036322,0.081089,1.82217,1920
live,787,14493918794314,14493918932000,14493919010913,14493920856411,2.062097,0.078913,1.845498,1920
live,788,14493928794314,14493928927694,14493929009551,14493931096429,2.302115,0.081857,2.086878,1920
live,789,14493938794314,14493938951005,14493939035710,14493940912889,2.118575,0.084705,1.877179,1920
live,790,14493948794314,14493948939308,14493949022701,14493951246349,2.452035,0.083393,2.223648,1920
live,791,14493958794314,14493958963163,14493959064156,14493961262523,2.468209,0.100993,2.198367,1920
live,792,14493968794314,14493968950409,14493969047530,14493971246186,2.451872,0.097121,2.198656,1920
live,793,14493978794314,14493978961656,14493979046041,14493981189048,2.394734,0.084385,2.143007,1920
live,794,14493988794314,14493988930726,14493989023527,14493991107525,2.313211,0.092801,2.083998,1920
live,795,14493998794314,14493998935925,14493999017846,14494000882129,2.087815,0.081921,1.864283,1920
live,796,14494008794314,14494008936643,14494009027813,14494010839359,2.045045,0.09117,1.811546,1920
live,797,14494018794314,14494018941266,14494019024371,14494020891310,2.096996,0.083105,1.866939,1920
live,798,14494028794314,14494028937153,14494029021186,14494030831228,2.036914,0.084033,1.810042,1920
live,799,14494038794314,14494038930927,14494039015952,14494041129839,2.335525,0.085025,2.113887,1920
live,800,14494048794314,14494048933246,14494049014783,14494052943991,4.149677,0.081537,3.929208,1920
live,801,14494058794314,14494058940333,14494059026446,14494061273742,2.479428,0.086113,2.247296,1920
live,802,14494068794314,14494068935931,14494069019644,14494071233468,2.439154,0.083713,2.213824,1920
live,803,14494078794314,14494078950730,14494079032971,14494081158025,2.363711,0.082241,2.125054,1920
live,804,14494088794314,14494088939160,14494089023994,14494091127800,2.333486,0.084834,2.103806,1920
live,805,14494098794314,14494098937927,14494099023176,14494100178937,1.384623,0.085249,1.155761,1920
live,806,14494108794314,14494108942006,14494109023031,14494110078662,1.284348,0.081025,1.055631,1920
live,807,14494118794314,14494118944836,14494119020485,14494120099029,1.304715,0.075649,1.078544,1920
live,808,14494128794314,14494128937683,14494129019508,14494130058755,1.264441,0.081825,1.039247,1920
live,809,14494138794314,14494138937538,14494139014691,14494140077522,1.283208,0.077153,1.062831,1920
live,810,14494148794314,14494148939120,14494149012209,14494150381285,1.586971,0.073089,1.369076,1920
live,811,14494158794314,14494158940831,14494159028480,14494160103887,1.309573,0.087649,1.075407,1920
live,812,14494168794314,14494168948270,14494169036399,14494170381282,1.586968,0.088129,1.344883,1920
live,813,14494178794314,14494178945628,14494179032669,14494180424977,1.630663,0.087041,1.392308,1920
live,814,14494188794314,14494189055180,14494189409425,14494190885542,2.091228,0.354245,1.476117,1920
live,815,14494198794314,14494198957274,14494199035323,14494200425550,1.631236,0.078049,1.390227,1920
live,816,14494208794314,14494208939720,14494209015625,14494210350908,1.556594,0.075905,1.335283,1920
live,817,14494218794314,14494218931798,14494219011288,14494220063719,1.269405,0.07949,1.052431,1920
live,818,14494228794314,14494228933733,14494229011462,14494230032149,1.237835,0.077729,1.020687,1920
live,819,14494238794314,14494238940980,14494239334009,14494241992959,3.198645,0.393029,2.65895,1920
live,820,14494248794314,14494248930754,14494249323784,14494253307041,4.512727,0.39303,3.983257,1920
live,821,14494258794314,14494258953873,14494259037906,14494261149361,2.355047,0.084033,2.111455,1920
live,822,14494268794314,14494268945440,14494269027905,14494271274881,2.480567,0.082465,2.246976,1920
live,823,14494278794314,14494278944430,14494279024432,14494281239343,2.445029,0.080002,2.214911,1920
live,824,14494288794314,14494288936125,14494289024542,14494291252254,2.45794,0.088417,2.227712,1920
live,825,14494298794314,14494298947020,14494299027213,14494301127787,2.333473,0.080193,2.100574,1920
live,826,14494308794314,14494308937370,14494309021915,14494310853685,2.059371,0.084545,1.83177,1920
live,827,14494318794314,14494318957641,14494319041770,14494321141800,2.347486,0.084129,2.10003,1920
live,828,14494328794314,14494328934519,14494329012280,14494330837490,2.043176,0.077761,1.82521,1920
live,829,14494338794314,14494338929606,14494339010343,14494340850049,2.055735,0.080737,1.839706,1920
live,830,14494348794314,14494348928149,14494349011286,14494350850320,2.056006,0.083137,1.839034,1920
live,831,14494358794314,14494358932291,14494359015716,14494360867007,2.072693,0.083425,1.851291,1920
live,832,14494368794314,14494368936786,14494369031027,14494371127985,2.333671,0.094241,2.096958,1920
live,833,14494378794314,14494378968449,14494379052066,14494381282178,2.487864,0.083617,2.230112,1920
live,834,14494388794314,14494388934767,14494389027184,14494391220272,2.425958,0.092417,2.193088,1920
live,835,14494398794314,14494398938110,14494399035999,14494401131549,2.337235,0.097889,2.09555,1920
live,836,14494408794314,14494408941516,14494409026414,14494410850216,2.055902,0.084898,1.823802,1920
live,837,14494418794314,14494419007772,14494419111133,14494420967928,2.173614,0.103361,1.856795,1920
live,838,14494428794314,14494428979978,14494429071180,14494431167689,2.373375,0.091202,2.096509,1920
live,839,14494438794314,14494438954969,14494439049914,14494440886132,2.091818,0.094945,1.836218,1920
live,840,14494448794314,14494448942567,14494449037032,14494452937568,4.143254,0.094465,3.900536,1920
live,841,14494458794314,14494458951478,14494459037783,14494460899409,2.105095,0.086305,1.861626,1920
live,842,14494468794314,14494468930596,14494469022245,14494470848639,2.054325,0.091649,1.826394,1920
live,843,14494478794314,14494478949107,14494479033588,14494480888975,2.094661,0.084481,1.855387,1920
live,844,14494488794314,14494488945505,14494489032739,14494491285507,2.491193,0.087234,2.252768,1920
live,845,14494498794314,14494498941584,14494499020881,14494501231025,2.436711,0.079297,2.210144,1920
live,846,14494508794314,14494508942943,14494509035008,14494511126942,2.332628,0.092065,2.091934,1920
live,847,14494518794314,14494518940717,14494519023822,14494521125228,2.330914,0.083105,2.101406,1920
live,848,14494528794314,14494528933724,14494529013597,14494530819415,2.025101,0.079873,1.805818,1920
live,849,14494538794314,14494538932746,14494539014700,14494540849830,2.055516,0.081954,1.83513,1920
live,850,14494548794314,14494548925337,14494549003802,14494551115000,2.320686,0.078465,2.111198,1920
live,851,14494558794314,14494558941288,14494559027433,14494560876547,2.082233,0.086145,1.849114,1920
live,852,14494568794314,14494568940150,14494569024664,14494570893618,2.099304,0.084514,1.868954,1920
live,853,14494578794314,14494578948005,14494579031910,14494580872289,2.077975,0.083905,1.840379,1920
live,854,14494588794314,14494588933524,14494589011157,14494590837967,2.043653,0.077633,1.82681,1920
live,855,14494598794314,14494598946018,14494599031940,14494600952223,2.157909,0.085922,1.920283,1920
live,856,14494608794314,14494608949329,14494609047186,14494611160625,2.366311,0.097857,2.113439,1920
live,857,14494618794314,14494618961152,14494619053217,14494621256097,2.461783,0.092065,2.20288,1920
live,858,14494628794314,14494628945262,14494629032527,14494631238159,2.443845,0.087265,2.205632,1920
live,859,14494638794314,14494638939741,14494639023966,14494640856632,2.062318,0.084225,1.832666,1920
live,860,14494648794314,14494649235600,14494649350513,14494653314346,4.520032,0.114913,3.963833,1920
live,861,14494658794314,14494658971098,14494659063004,14494661171962,2.377648,0.091906,2.108958,1920
live,862,14494668794314,14494668950825,14494669041482,14494670862756,2.068442,0.090657,1.821274,1920
live,863,14494678794314,14494678940919,14494679023704,14494680890131,2.095817,0.082785,1.866427,1920
live,864,14494688794314,14494688955622,14494689044295,14494691275623,2.481309,0.088673,2.231328,1920
live,865,14494698794314,14494698952469,14494699036662,14494701963712,3.169398,0.084193,2.92705,1920
live,866,14494708794314,14494708935075,14494709026564,14494711132162,2.337848,0.091489,2.105598,1920
live,867,14494718794314,14494718952082,14494719037747,14494721161361,2.367047,0.085665,2.123614,1920
live,868,14494728794314,14494728952513,14494729037154,14494730857180,2.062866,0.084641,1.820026,1920
live,869,14494738794314,14494738932015,14494739014192,14494740874379,2.080065,0.082177,1.860187,1920
live,870,14494748794314,14494748937438,14494749019647,14494750843193,2.048879,0.082209,1.823546,1920
live,871,14494758794314,14494758938348,14494759015693,14494760886568,2.092254,0.077345,1.870875,1920
live,872,14494768794314,14494768941339,14494769022748,14494770870550,2.076236,0.081409,1.847802,1920
live,873,14494778794314,14494778946186,14494779027595,14494781159977,2.365663,0.081409,2.132382,1920
live,874,14494788794314,14494788947704,14494789046842,14494790229355,1.435041,0.099138,1.182513,1920
live,875,14494798794314,14494798948007,14494799030472,14494800435868,1.641554,0.082465,1.405396,1920
live,876,14494808794314,14494808942261,14494809026487,14494810395722,1.601408,0.084226,1.369235,1920
live,877,14494818794314,14494818948100,14494819044102,14494820445690,1.651376,0.096002,1.401588,1920
live,878,14494828794314,14494828953523,14494829031604,14494830398311,1.603997,0.078081,1.366707,1920
live,879,14494838794314,14494838938465,14494839021122,14494840403510,1.609196,0.082657,1.382388,1920
live,880,14494848794314,14494848957968,14494849041649,14494852203326,3.409012,0.083681,3.161677,1920
live,881,14494858794314,14494858955551,14494859047520,14494860126991,1.332677,0.091969,1.079471,1920
live,882,14494868794314,14494868957453,14494869051631,14494870097246,1.302932,0.094178,1.045615,1920
live,883,14494878794314,14494878942492,14494879019133,14494880078892,1.284578,0.076641,1.059759,1920
live,884,14494888794314,14494888949067,14494889033676,14494890861254,2.06694,0.084609,1.827578,1920
live,885,14494898794314,14494898962777,14494899061019,14494901316923,2.522609,0.098242,2.255904,1920
live,886,14494908794314,14494908945128,14494909033193,14494911260841,2.466527,0.088065,2.227648,1920
live,887,14494918794314,14494918935638,14494919020311,14494921229687,2.435373,0.084673,2.209376,1920
live,888,14494928794314,14494928926693,14494929011462,14494931120580,2.326266,0.084769,2.109118,1920
live,889,14494938794314,14494938933747,14494939017621,14494940887279,2.092965,0.083874,1.869658,1920
live,890,14494948794314,14494948935458,14494949031011,14494951123713,2.329399,0.095553,2.092702,1920
live,891,14494958794314,14494958938481,14494959021682,14494960894221,2.099907,0.083201,1.872539,1920
live,892,14494968794314,14494968930783,14494969014560,14494970841722,2.047408,0.083777,1.827162,1920
live,893,14494978794314,14494978940782,14494979022351,14494980904298,2.109984,0.081569,1.881947,1920
live,894,14494988794314,14494988933276,14494989029630,14494990853336,2.059022,0.096354,1.823706,1920
live,895,14494998794314,14494998943595,14494999029740,14495000900423,2.106109,0.086145,1.870683,1920
live,896,14495008794314,14495009171901,14495009323039,14495011620384,2.82607,0.151138,2.297345,1920
live,897,14495018794314,14495018956393,14495019041770,14495021251529,2.457215,0.085377,2.209759,1920
live,898,14495028794314,14495028948407,14495029031608,14495031111190,2.316876,0.083201,2.079582,1920
live,899,14495038794314,14495038948134,14495039028007,14495040877409,2.083095,0.079873,1.849402,1920
live,900,14495048794314,14495048929652,14495049013717,14495052933229,4.138915,0.084065,3.919512,1920
live,901,14495058794314,14495058933571,14495059026884,14495061552872,2.758558,0.093313,2.525988,1920
live,902,14495068794314,14495068956914,14495069081715,14495071189361,2.395047,0.124801,2.107646,1920
live,903,14495078794314,14495078954080,14495079038497,14495080947740,2.153426,0.084417,1.909243,1920
live,904,14495088794314,14495088948079,14495089043376,14495090946475,2.152161,0.095297,1.903099,1920
live,905,14495098794314,14495098966557,14495099074239,14495100955866,2.161552,0.107682,1.881627,1920
live,906,14495108794314,14495108966156,14495109056813,14495111354766,2.560452,0.090657,2.297953,1920
live,907,14495118794314,14495118941018,14495119022907,14495121257147,2.462833,0.081889,2.23424,1920
live,908,14495128794314,14495128936393,14495129021802,14495131262922,2.468608,0.085409,2.24112,1920
live,909,14495138794314,14495138938839,14495139020729,14495141150007,2.355693,0.08189,2.129278,1920
live,910,14495148794314,14495148940518,14495149020071,14495150869858,2.075544,0.079553,1.849787,1920
live,911,14495158794314,14495158957653,14495159038134,14495160888432,2.094118,0.080481,1.850298,1920
live,912,14495168794314,14495168927651,14495169007492,14495170858559,2.064245,0.079841,1.851067,1920
live,913,14495178794314,14495178993587,14495179092212,14495181175762,2.381448,0.098625,2.08355,1920
live,914,14495188794314,14495188990593,14495189083554,14495190912573,2.118259,0.092961,1.829019,1920
live,915,14495198794314,14495198962159,14495199054897,14495200898091,2.103777,0.092738,1.843194,1920
live,916,14495208794314,14495208957950,14495209039295,14495211130077,2.335763,0.081345,2.090782,1920
live,917,14495218794314,14495218925676,14495219007469,14495221216461,2.422147,0.081793,2.208992,1920
live,918,14495228794314,14495228934715,14495229019324,14495231497759,2.703445,0.084609,2.478435,1920
live,919,14495238794314,14495238944041,14495239026891,14495241300523,2.506209,0.08285,2.273632,1920
live,920,14495248794314,14495248947352,14495249030041,14495253347415,4.553101,0.082689,4.317374,1920
live,921,14495258794314,14495258942599,14495259033096,14495261016196,2.221882,0.090497,1.9831,1920
live,922,14495268794314,14495268934869,14495269014870,14495270852688,2.058374,0.080001,1.837818,1920
live,923,14495278794314,14495278945156,14495279030597,14495280883775,2.089461,0.085441,1.853178,1920
live,924,14495288794314,14495288949458,14495289030868,14495290875374,2.08106,0.08141,1.844506,1920
live,925,14495298794314,14495298945121,14495299026082,14495300901021,2.106707,0.080961,1.874939,1920
live,926,14495308794314,14495308943088,14495309041969,14495310922412,2.128098,0.098881,1.880443,1920
live,927,14495318794314,14495318951070,14495319044800,14495320627542,1.833228,0.09373,1.582742,1920
live,928,14495328794314,14495328957933,14495329056366,14495330488803,1.694489,0.098433,1.432437,1920
live,929,14495338794314,14495338979356,14495339067837,14495341293277,2.498963,0.088481,2.22544,1920
live,930,14495348794314,14495348942346,14495349026987,14495351151241,2.356927,0.084641,2.124254,1920
live,931,14495358794314,14495358941976,14495359023674,14495360887988,2.093674,0.081698,1.864314,1920
live,932,14495368794314,14495369107017,14495369241419,14495371148807,2.354493,0.134402,1.907388,1920
live,933,14495378794314,14495378975094,14495379092152,14495380577389,1.783075,0.117058,1.485237,1920
live,934,14495388794314,14495388945860,14495389029349,14495390170358,1.376044,0.083489,1.141009,1920
live,935,14495398794314,14495398964115,14495399049268,14495400158180,1.363866,0.085153,1.108912,1920
live,936,14495408794314,14495408971298,14495409051203,14495410456951,1.662637,0.079905,1.405748,1920
live,937,14495418794314,14495418943504,14495419333974,14495421679255,2.884941,0.39047,2.345281,1920
live,938,14495428794314,14495428929470,14495429320452,14495430624919,1.830605,0.390982,1.304467,1920
live,939,14495438794314,14495438931245,14495439011726,14495440113854,1.31954,0.080481,1.102128,1920
live,940,14495448794314,14495448932988,14495449019325,14495452205290,3.410976,0.086337,3.185965,1920
live,941,14495458794314,14495458961099,14495459048140,14495460122683,1.328369,0.087041,1.074543,1920
live,942,14495468794314,14495468942105,14495469020218,14495470451246,1.656932,0.078113,1.431028,1920
live,943,14495478794314,14495478935495,14495479008009,14495480096152,1.301838,0.072514,1.088143,1920
live,944,14495488794314,14495488931158,14495489018007,14495490060934,1.26662,0.086849,1.042927,1920
live,945,14495498794314,14495498951205,14495499029286,14495500410202,1.615888,0.078081,1.380916,1920
live,946,14495508794314,14495508941139,14495509022260,14495510378088,1.583774,0.081121,1.355828,1920
live,947,14495518794314,14495518919266,14495518989731,14495520352150,1.557836,0.070465,1.362419,1920
live,948,14495528794314,14495528907312,14495528979569,14495530960909,2.166595,0.072257,1.98134,1920
live,949,14495538794314,14495538921759,14495539007936,14495541115166,2.320852,0.086177,2.10723,1920
live,950,14495548794314,14495548940398,14495549046319,14495550911594,2.11728,0.105921,1.865275,1920
live,951,14495558794314,14495558957085,14495559054014,14495560943961,2.149647,0.096929,1.889947,1920
live,952,14495568794314,14495568965611,14495569067789,14495570954888,2.160574,0.102178,1.887099,1920
live,953,14495578794314,14495578946650,14495579035451,14495580918134,2.12382,0.088801,1.882683,1920
live,954,14495588794314,14495588940552,14495589029065,14495590866756,2.072442,0.088513,1.837691,1920
live,955,14495598794314,14495598942231,14495599023000,14495600885394,2.09108,0.080769,1.862394,1920
live,956,14495608794314,14495608935013,14495609017318,14495610851936,2.057622,0.082305,1.834618,1920
live,957,14495618794314,14495618934036,14495619017333,14495620895920,2.101606,0.083297,1.878587,1920
live,958,14495628794314,14495628929410,14495629007779,14495630232821,1.438507,0.078369,1.225042,1920
live,959,14495638794314,14495638933169,14495639010098,14495640020928,1.226614,0.076929,1.01083,1920
live,960,14495648794314,14495648924543,14495649003937,14495652980537,4.186223,0.079394,3.9766,1920
live,961,14495658794314,14495658955310,14495659050736,14495660930539,2.136225,0.095426,1.879803,1920
live,962,14495668794314,14495668969181,14495669049278,14495670905977,2.111663,0.080097,1.856699,1920
live,963,14495678794314,14495678935051,14495679012684,14495680174365,1.380051,0.077633,1.161681,1920
live,964,14495688794314,14495688940378,14495689020347,14495690073354,1.27904,0.079969,1.053007,1920
live,965,14495698794314,14495698936264,14495699009546,14495700077817,1.283503,0.073282,1.068271,1920
live,966,14495708794314,14495708937911,14495709013272,14495710392012,1.597698,0.075361,1.37874,1920
live,967,14495718794314,14495718943206,14495719026887,14495720420539,1.626225,0.083681,1.393652,1920
live,968,14495728794314,14495728946900,14495729018005,14495730083173,1.288859,0.071105,1.065168,1920
live,969,14495738794314,14495738943875,14495739023108,14495740090803,1.296489,0.079233,1.067695,1920
live,970,14495748794314,14495748947058,14495749020275,14495750042305,1.247991,0.073217,1.02203,1920
live,971,14495758794314,14495758940480,14495759021601,14495760081968,1.287654,0.081121,1.060367,1920
live,972,14495768794314,14495768950415,14495769026128,14495770070975,1.276661,0.075713,1.044847,1920
live,973,14495778794314,14495778937117,14495779022878,14495780103310,1.308996,0.085761,1.080432,1920
live,974,14495788794314,14495788967468,14495789044941,14495790339776,1.545462,0.077473,1.294835,1920
live,975,14495798794314,14495798951451,14495799028508,14495800097803,1.303489,0.077057,1.069295,1920
live,976,14495808794314,14495808944969,14495809345839,14495811206121,2.411807,0.40087,1.860282,1920
live,977,14495818794314,14495818954552,14495819090426,14495820625840,1.831526,0.135874,1.535414,1920
live,978,14495828794314,14495829037704,14495829469966,14495830924163,2.129849,0.432262,1.454197,1920
live,979,14495838794314,14495838973109,14495839068983,14495840535340,1.741026,0.095874,1.466357,1920
live,980,14495848794314,14495848955844,14495849044389,14495852561143,3.766829,0.088545,3.516754,1920
live,981,14495858794314,14495858963026,14495859043123,14495860447464,1.65315,0.080097,1.404341,1920
live,982,14495868794314,14495868958017,14495869040610,14495870405910,1.611596,0.082593,1.3653,1920
live,983,14495878794314,14495878975920,14495879058193,14495880137600,1.343286,0.082273,1.079407,1920
live,984,14495888794314,14495888954718,14495889031711,14495890073998,1.279684,0.076993,1.042287,1920
live,985,14495898794314,14495898949997,14495899028078,14495900426498,1.632184,0.078081,1.39842,1920
live,986,14495908794314,14495908944603,14495909023100,14495910058635,1.264321,0.078497,1.035535,1920
live,987,14495918794314,14495918950058,14495919342095,14495920528224,1.73391,0.392037,1.186129,1920
live,988,14495928794314,14495928952824,14495929041658,14495930103849,1.309535,0.088834,1.062191,1920
live,989,14495938794314,14495938998952,14495939084425,14495940157624,1.36331,0.085473,1.073199,1920
live,990,14495948794314,14495948985174,14495949064855,14495950105446,1.311132,0.079681,1.040591,1920
live,991,14495958794314,14495958961028,14495959048645,14495960112629,1.318315,0.087617,1.063984,1920
live,992,14495968794314,14495968947923,14495969025940,14495970055202,1.260888,0.078017,1.029262,1920
live,993,14495978794314,14495978948257,14495979020674,14495980078193,1.283879,0.072417,1.057519,1920
live,994,14495988794314,14495988936272,14495989014257,14495990466149,1.671835,0.077985,1.451892,1920
live,995,14495998794314,14495998956990,14496000073806,14496001464450,2.670136,1.116816,1.390644,1920
live,996,14496008794314,14496008956141,14496009052398,14496010506051,1.711737,0.096257,1.453653,1920
live,997,14496018794314,14496018963036,14496019050909,14496020511442,1.717128,0.087873,1.460533,1920
live,998,14496028794314,14496028950922,14496029038603,14496030826949,2.032635,0.087681,1.788346,1920
live,999,14496038794314,14496038948697,14496039030842,14496040898132,2.103818,0.082145,1.86729,1920
live,1000,14496048794314,14496048954439,14496049048489,14496053016801,4.222487,0.09405,3.968312,1920
live,1001,14496058794314,14496058978806,14496059073271,14496060958354,2.16404,0.094465,1.885083,1920
live,1002,14496068794314,14496068965060,14496069049190,14496070906976,2.112662,0.08413,1.857786,1920
live,1003,14496078794314,14496078947795,14496079030420,14496080925039,2.130725,0.082625,1.894619,1920
live,1004,14496088794314,14496088943553,14496089024322,14496090884445,2.090131,0.080769,1.860123,1920
live,1005,14496098794314,14496098966736,14496099049617,14496101305393,2.511079,0.082881,2.255776,1920
live,1006,14496108794314,14496108944798,14496109028544,14496111285856,2.491542,0.083746,2.257312,1920
live,1007,14496118794314,14496118947469,14496119030254,14496121285838,2.491524,0.082785,2.255584,1920
live,1008,14496128794314,14496128953788,14496129041373,14496131288669,2.494355,0.087585,2.247296,1920
live,1009,14496138794314,14496138947306,14496139026347,14496141267211,2.472897,0.079041,2.240864,1920
live,1010,14496148794314,14496148945049,14496149028602,14496151271834,2.47752,0.083553,2.243232,1920
live,1011,14496158794314,14496158953767,14496159035272,14496161276456,2.482142,0.081505,2.241184,1920
live,1012,14496168794314,14496168939894,14496169021335,14496171265559,2.471245,0.081441,2.244224,1920
live,1013,14496178794314,14496178954372,14496179034438,14496181331846,2.537532,0.080066,2.297408,1920
live,1014,14496188794314,14496188931283,14496189013652,14496191232691,2.438377,0.082369,2.219039,1920
live,1015,14496198794314,14496198954178,14496199040931,14496201166369,2.372055,0.086753,2.125438,1920
live,1016,14496208794314,14496208943760,14496209025969,14496211132143,2.337829,0.082209,2.106174,1920
live,1017,14496218794314,14496218950271,14496219054560,14496221240383,2.446069,0.104289,2.185823,1920
live,1018,14496228794314,14496228958157,14496229053167,14496231293391,2.499077,0.09501,2.240224,1920
live,1019,14496238794314,14496239192991,14496239288193,14496241504000,2.709686,0.095202,2.215807,1920
live,1020,14496248794314,14496248962410,14496249060204,14496253019140,4.224826,0.097794,3.958936,1920
live,1021,14496258794314,14496259005242,14496259134939,14496261016502,2.222188,0.129697,1.881563,1920
live,1022,14496268794314,14496268984776,14496269079561,14496270923108,2.128794,0.094785,1.843547,1920
live,1023,14496278794314,14496278958838,14496279057080,14496281212630,2.418316,0.098242,2.15555,1920
live,1024,14496288794314,14496288959429,14496289053926,14496291936559,3.142245,0.094497,2.882633,1920
live,1025,14496298794314,14496298948307,14496299050005,14496301161683,2.367369,0.101698,2.111678,1920
live,1026,14496308794314,14496308953954,14496309040419,14496311138113,2.343799,0.086465,2.097694,1920
live,1027,14496318794314,14496318963376,14496319055058,14496321161328,2.367014,0.091682,2.10627,1920
live,1028,14496328794314,14496328955807,14496329038848,14496331121758,2.327444,0.083041,2.08291,1920
live,1029,14496338794314,14496338952461,14496339044559,14496340897033,2.102719,0.092098,1.852474,1920
live,1030,14496348794314,14496348955516,14496349037373,14496351145723,2.351409,0.081857,2.10835,1920
live,1031,14496358794314,14496358935946,14496359017995,14496360872166,2.077852,0.082049,1.854171,1920
live,1032,14496368794314,14496368940889,14496369035770,14496371135160,2.340846,0.094881,2.09939,1920
live,1033,14496378794314,14496378953800,14496379040809,14496381169063,2.374749,0.087009,2.128254,1920
live,1034,14496388794314,14496388934070,14496389018039,14496391109237,2.314923,0.083969,2.091198,1920
live,1035,14496398794314,14496398924484,14496399007302,14496400849824,2.05551,0.082818,1.842522,1920
live,1036,14496408794314,14496408938739,14496409015956,14496410975088,2.180774,0.077217,1.959132,1920
live,1037,14496418794314,14496418900705,14496418968354,14496420844477,2.050163,0.067649,1.876123,1920
live,1038,14496428794314,14496428924464,14496429014193,14496431101615,2.307301,0.089729,2.087422,1920
live,1039,14496438794314,14496438950751,14496439041120,14496440876922,2.082608,0.090369,1.835802,1920
live,1040,14496448794314,14496448950765,14496449045103,14496455454730,6.660416,0.094338,6.409627,1920
live,1041,14496458794314,14496458960956,14496459060254,14496461056090,2.261776,0.099298,1.995836,1920
live,1042,14496468794314,14496468976363,14496469070508,14496470243517,1.449203,0.094145,1.173009,1920
live,1043,14496478794314,14496478950809,14496479028570,14496480870101,2.075787,0.077761,1.841531,1920
live,1044,14496488794314,14496488943752,14496489024553,14496490875299,2.080985,0.080801,1.850746,1920
live,1045,14496498794314,14496498945398,14496499030519,14496501270679,2.476365,0.085121,2.24016,1920
live,1046,14496508794314,14496508941413,14496509039526,14496511253702,2.459388,0.098113,2.214176,1920
live,1047,14496518794314,14496518962100,14496519047605,14496521282965,2.488651,0.085505,2.23536,1920
live,1048,14496528794314,14496528948098,14496529031587,14496531114209,2.319895,0.083489,2.082622,1920
live,1049,14496538794314,14496538954801,14496539050322,14496540900204,2.10589,0.095521,1.849882,1920
live,1050,14496548794314,14496548943423,14496549025248,14496550876251,2.081937,0.081825,1.851003,1920
live,1051,14496558794314,14496558941934,14496559024143,14496560869097,2.074783,0.082209,1.844954,1920
live,1052,14496568794314,14496568937916,14496569033373,14496570858711,2.064397,0.095457,1.825338,1920
live,1053,14496578794314,14496578959179,14496579046316,14496580893894,2.09958,0.087137,1.847578,1920
live,1054,14496588794314,14496588944313,14496589029402,14496591142297,2.347983,0.085089,2.112895,1920
live,1055,14496598794314,14496598941768,14496599032297,14496600918180,2.123866,0.090529,1.885883,1920
live,1056,14496608794314,14496608950838,14496609047864,14496610882994,2.08868,0.097026,1.83513,1920
live,1057,14496618794314,14496618956933,14496619040134,14496621256710,2.462396,0.083201,2.216576,1920
live,1058,14496628794314,14496628940083,14496629020341,14496631228756,2.434442,0.080258,2.208415,1920
live,1059,14496638794314,14496638943554,14496639026179,14496641459878,2.665564,0.082625,2.433699,1920
live,1060,14496648794314,14496648939377,14496649037042,14496653315599,4.521285,0.097665,4.278557,1920
live,1061,14496658794314,14496658954015,14496659050977,14496661171359,2.377045,0.096962,2.120382,1920
live,1062,14496668794314,14496668943374,14496669034575,14496671107661,2.313347,0.091201,2.073086,1920
live,1063,14496678794314,14496678936092,14496679034590,14496680922328,2.128014,0.098498,1.887738,1920
live,1064,14496688794314,14496688943979,14496689034156,14496691054377,2.260063,0.090177,2.020221,1920
live,1065,14496698794314,14496699021082,14496699112412,14496701393372,2.599058,0.09133,2.28096,1920
live,1066,14496708794314,14496708983176,14496709075146,14496710912420,2.118106,0.09197,1.837274,1920
live,1067,14496718794314,14496718971607,14496719055192,14496720918099,2.123785,0.083585,1.862907,1920
live,1068,14496728794314,14496728961317,14496729047655,14496731262278,2.467964,0.086338,2.214623,1920
live,1069,14496738794314,14496738957012,14496739041493,14496741285237,2.490923,0.084481,2.243744,1920
live,1070,14496748794314,14496748946434,14496749032931,14496751243683,2.449369,0.086497,2.210752,1920
live,1071,14496758794314,14496758931921,14496759014674,14496761114928,2.320614,0.082753,2.100254,1920
live,1072,14496768794314,14496768936159,14496769017216,14496770820666,2.026352,0.081057,1.80345,1920
live,1073,14496778794314,14496778945006,14496779028527,14496780879689,2.085375,0.083521,1.851162,1920
live,1074,14496788794314,14496788943228,14496789031550,14496790866808,2.072494,0.088322,1.835258,1920
live,1075,14496798794314,14496798949579,14496799031340,14496800883367,2.089053,0.081761,1.852027,1920
live,1076,14496808794314,14496808933369,14496809011675,14496810838677,2.044363,0.078306,1.827002,1920
live,1077,14496818794314,14496818938856,14496819020521,14496820878436,2.084122,0.081665,1.857915,1920
live,1078,14496828794314,14496828938263,14496829030200,14496831238391,2.444077,0.091937,2.208191,1920
live,1079,14496838794314,14496838979206,14496839386956,14496841686092,2.891778,0.40775,2.299136,1920
live,1080,14496848794314,14496848943828,14496849035893,14496853335602,4.541288,0.092065,4.299709,1920
live,1081,14496858794314,14496858940162,14496859025988,14496861163074,2.36876,0.085826,2.137086,1920
live,1082,14496868794314,14496868948369,14496869032466,14496871139984,2.34567,0.084097,2.107518,1920
live,1083,14496878794314,14496878951936,14496879034785,14496881266497,2.472183,0.082849,2.231712,1920
live,1084,14496888794314,14496888933902,14496889014639,14496891221166,2.426852,0.080737,2.206527,1920
live,1085,14496898794314,14496898942781,14496899047518,14496901311838,2.517524,0.104737,2.26432,1920
live,1086,14496908794314,14496908939915,14496909030220,14496911059433,2.265119,0.090305,2.029213,1920
live,1087,14496918794314,14496918963194,14496919060667,14496920363918,1.569604,0.097473,1.303251,1920
live,1088,14496928794314,14496928954120,14496929043978,14496930845507,2.051193,0.089858,1.801529,1920
live,1089,14496938794314,14496938952183,14496939036472,14496940895923,2.101609,0.084289,1.859451,1920
live,1090,14496948794314,14496948951461,14496949034983,14496950882081,2.087767,0.083522,1.847098,1920
live,1091,14496958794314,14496958940596,14496959021429,14496960883504,2.08919,0.080833,1.862075,1920
live,1092,14496968794314,14496968930626,14496969011171,14496970833821,2.039507,0.080545,1.82265,1920
live,1093,14496978794314,14496978942961,14496979027602,14496980873676,2.079362,0.084641,1.846074,1920
live,1094,14496988794314,14496988939711,14496989023585,14496990850523,2.056209,0.083874,1.826938,1920
live,1095,14496998794314,14496998943726,14496999025903,14497000878698,2.084384,0.082177,1.852795,1920
live,1096,14497008794314,14497009069310,14497009152928,14497011407552,2.613238,0.083618,2.254624,1920
live,1097,14497018794314,14497018941771,14497019023084,14497021137578,2.343264,0.081313,2.114494,1920
live,1098,14497028794314,14497028937914,14497029026011,14497030831733,2.037419,0.088097,1.805722,1920
live,1099,14497038794314,14497038948808,14497039031849,14497040885732,2.091418,0.083041,1.853883,1920
live,1100,14497048794314,14497048941527,14497049025688,14497052947568,4.153254,0.084161,3.92188,1920
live,1101,14497058794314,14497058946245,14497059027430,14497061225254,2.43094,0.081185,2.197824,1920
live,1102,14497068794314,14497068947412,14497069043765,14497070881903,2.087589,0.096353,1.838138,1920
live,1103,14497078794314,14497078963491,14497079046436,14497080919486,2.125172,0.082945,1.87305,1920
live,1104,14497088794314,14497088941489,14497089028434,14497091253970,2.459656,0.086945,2.225536,1920
live,1105,14497098794314,14497098950431,14497099035553,14497101237568,2.443254,0.085122,2.202015,1920
live,1106,14497108794314,14497108956270,14497109041583,14497112172604,3.37829,0.085313,3.131021,1920
live,1107,14497118794314,14497118948636,14497119044926,14497121204989,2.410675,0.09629,2.160063,1920
live,1108,14497128794314,14497128961003,14497129089005,14497130353151,1.558837,0.128002,1.264146,1920
live,1109,14497138794314,14497138952794,14497139046139,14497140257100,1.462786,0.093345,1.210961,1920
live,1110,14497148794314,14497148949064,14497149036297,14497150124281,1.329967,0.087233,1.087984,1920
live,1111,14497158794314,14497158962711,14497159053464,14497160236777,1.442463,0.090753,1.183313,1920
live,1112,14497168794314,14497168942085,14497169032870,14497170104534,1.31022,0.090785,1.071664,1920
live,1113,14497178794314,14497178956148,14497179039829,14497180103684,1.30937,0.083681,1.063855,1920
live,1114,14497188794314,14497188955842,14497189041635,14497190434071,1.639757,0.085793,1.392436,1920
live,1115,14497198794314,14497198956273,14497199038066,14497200451270,1.656956,0.081793,1.413204,1920
live,1116,14497208794314,14497208950719,14497209029440,14497210398484,1.60417,0.078721,1.369044,1920
live,1117,14497218794314,14497218937966,14497219020367,14497220388898,1.594584,0.082401,1.368531,1920
live,1118,14497228794314,14497228937532,14497229022109,14497230344592,1.550278,0.084577,1.322483,1920
live,1119,14497238794314,14497238949451,14497239032492,14497240076987,1.282673,0.083041,1.044495,1920
live,1120,14497248794314,14497248953817,14497249030490,14497252187079,3.392765,0.076673,3.156589,1920
live,1121,14497258794314,14497258939656,14497259021449,14497260077272,1.282958,0.081793,1.055823,1920
live,1122,14497268794314,14497268929302,14497269011223,14497270362538,1.568224,0.081921,1.351315,1920
live,1123,14497278794314,14497278940837,14497279026918,14497280407194,1.61288,0.086081,1.380276,1920
live,1124,14497288794314,14497288944819,14497289024916,14497290361992,1.567678,0.080097,1.337076,1920
live,1125,14497298794314,14497298950786,14497299028099,14497300403703,1.609389,0.077313,1.375604,1920
live,1126,14497308794314,14497308942672,14497309020241,14497310371589,1.577275,0.077569,1.351348,1920
live,1127,14497318794314,14497318928799,14497319010048,14497320382067,1.587753,0.081249,1.372019,1920
live,1128,14497328794314,14497328933901,14497329016174,14497330343041,1.548727,0.082273,1.326867,1920
live,1129,14497338794314,14497338951900,14497339027421,14497340065420,1.271106,0.075521,1.037999,1920
live,1130,14497348794314,14497348930282,14497349006603,14497350019642,1.225328,0.076321,1.013039,1920
live,1131,14497358794314,14497358949401,14497359030490,14497360418062,1.623748,0.081089,1.387572,1920
live,1132,14497368794314,14497368940647,14497369023241,14497370385852,1.591538,0.082594,1.362611,1920
live,1133,14497378794314,14497378954774,14497379062232,14497380498188,1.703874,0.107458,1.435956,1920
live,1134,14497388794314,14497388975493,14497389072358,14497390416570,1.622256,0.096865,1.344212,1920
live,1135,14497398794314,14497398945843,14497399034580,14497400408456,1.614142,0.088737,1.373876,1920
live,1136,14497408794314,14497408954530,14497409030627,14497410401238,1.606924,0.076097,1.370611,1920
live,1137,14497418794314,14497419150099,14497419226548,14497420627656,1.833342,0.076449,1.401108,1920
live,1138,14497428794314,14497428935199,14497429015360,14497430342899,1.548585,0.080161,1.327539,1920
live,1139,14497438794314,14497438946829,14497439028526,14497440398306,1.603992,0.081697,1.36978,1920
live,1140,14497448794314,14497448946684,14497449021405,14497452450638,3.656324,0.074721,3.429233,1920
live,1141,14497458794314,14497458942090,14497459023179,14497460396159,1.601845,0.081089,1.37298,1920
live,1142,14497468794314,14497468994170,14497469077595,14497471274586,2.480272,0.083425,2.196991,1920
live,1143,14497478794314,14497478966504,14497479042633,14497480444701,1.650387,0.076129,1.402068,1920
live,1144,14497488794314,14497488943030,14497489021815,14497490334026,1.539712,0.078785,1.312211,1920
live,1145,14497498794314,14497498950916,14497499036614,14497500395289,1.600975,0.085698,1.358675,1920
live,1146,14497508794314,14497508947859,14497509031316,14497510393768,1.599454,0.083457,1.362452,1920
live,1147,14497518794314,14497518941729,14497519022627,14497520419318,1.625004,0.080898,1.396691,1920
live,1148,14497528794314,14497528936496,14497529017201,14497530341988,1.547674,0.080705,1.324787,1920
live,1149,14497538794314,14497538936510,14497539016512,14497540381715,1.587401,0.080002,1.365203,1920
live,1150,14497548794314,14497548945165,14497549027982,14497550347105,1.552791,0.082817,1.319123,1920
live,1151,14497558794314,14497558942972,14497559019293,14497560363824,1.56951,0.076321,1.344531,1920
live,1152,14497568794314,14497568941546,14497569013675,14497570332478,1.538164,0.072129,1.318803,1920
live,1153,14497578794314,14497578933624,14497579009786,14497580366637,1.572323,0.076162,1.356851,1920
live,1154,14497588794314,14497588945895,14497589024456,14497590370907,1.576593,0.078561,1.346451,1920
live,1155,14497598794314,14497598953622,14497599031927,14497600412555,1.618241,0.078305,1.380628,1920
live,1156,14497608794314,14497608954980,14497609042118,14497610375577,1.581263,0.087138,1.333459,1920
live,1157,14497618794314,14497618946803,14497619027316,14497620464808,1.670494,0.080513,1.437492,1920
live,1158,14497628794314,14497628946337,14497629022754,14497630347445,1.553131,0.076417,1.324691,1920
live,1159,14497638794314,14497638954512,14497639031569,14497640445189,1.650875,0.077057,1.41362,1920
live,1160,14497648794314,14497648940862,14497649019231,14497652498705,3.704391,0.078369,3.479474,1920
live,1161,14497658794314,14497658949997,14497659030190,14497660426434,1.63212,0.080193,1.396244,1920
live,1162,14497668794314,14497668938043,14497669013980,14497670337839,1.543525,0.075937,1.323859,1920
live,1163,14497678794314,14497678933738,14497679022443,14497680390430,1.596116,0.088705,1.367987,1920
live,1164,14497688794314,14497688950808,14497689030810,14497690365325,1.571011,0.080002,1.334515,1920
live,1165,14497698794314,14497698948967,14497699029096,14497700386907,1.592593,0.080129,1.357811,1920
live,1166,14497708794314,14497708958614,14497709035703,14497710351049,1.556735,0.077089,1.315346,1920
live,1167,14497718794314,14497718948516,14497719033637,14497720440057,1.645743,0.085121,1.40642,1920
live,1168,14497728794314,14497728940562,14497729015700,14497730342214,1.5479,0.075138,1.326514,1920
live,1169,14497738794314,14497738942305,14497739018850,14497740423990,1.629676,0.076545,1.40514,1920
live,1170,14497748794314,14497748932623,14497749010928,14497750372548,1.578234,0.078305,1.36162,1920
live,1171,14497758794314,14497758942942,14497759020127,14497760378195,1.583881,0.077185,1.358068,1920
live,1172,14497768794314,14497768936556,14497769016622,14497770324256,1.529942,0.080066,1.307634,1920
live,1173,14497778794314,14497778928443,14497779015196,14497780371503,1.577189,0.086753,1.356307,1920
live,1174,14497788794314,14497788944202,14497789022507,14497790342622,1.548308,0.078305,1.320115,1920
live,1175,14497798794314,14497798949432,14497799022297,14497800387213,1.592899,0.072865,1.364916,1920
live,1176,14497808794314,14497808957031,14497809035528,14497810344379,1.550065,0.078497,1.308851,1920
live,1177,14497818794314,14497818946837,14497819028054,14497820429194,1.63488,0.081217,1.40114,1920
live,1178,14497828794314,14497829222408,14497829324905,14497830681501,1.887187,0.102497,1.356596,1920
live,1179,14497838794314,14497838969107,14497839060628,14497840518601,1.724287,0.091521,1.457973,1920
live,1180,14497848794314,14497848961921,14497849050306,14497852460915,3.666601,0.088385,3.410609,1920
live,1181,14497858794314,14497858964112,14497859044753,14497860477253,1.682939,0.080641,1.4325,1920
live,1182,14497868794314,14497868956926,14497869036351,14497870400083,1.605769,0.079425,1.363732,1920
live,1183,14497878794314,14497878944748,14497879020493,14497880933449,2.139135,0.075745,1.912956,1920
live,1184,14497888794314,14497888935515,14497889032732,14497890404592,1.610278,0.097217,1.37186,1920
live,1185,14497898794314,14497898950250,14497899030987,14497900448543,1.654229,0.080737,1.417556,1920
live,1186,14497908794314,14497908951000,14497909028761,14497910396749,1.602435,0.077761,1.367988,1920
live,1187,14497918794314,14497918951847,14497919025288,14497920423740,1.629426,0.073441,1.398452,1920
live,1188,14497928794314,14497928940373,14497929022166,14497930382090,1.587776,0.081793,1.359924,1920
live,1189,14497938794314,14497938943332,14497939020197,14497940399128,1.604814,0.076865,1.378931,1920
live,1190,14497948794314,14497948935346,14497949011379,14497950398087,1.603773,0.076033,1.386708,1920
live,1191,14497958794314,14497958957089,14497959033730,14497960439254,1.64494,0.076641,1.405524,1920
live,1192,14497968794314,14497968941199,14497969032464,14497970395428,1.601114,0.091265,1.362964,1920
live,1193,14497978794314,14497978967390,14497979041695,14497980788664,1.99435,0.074305,1.746969,1920
live,1194,14497988794314,14497988939148,14497989021613,14497990507522,1.713208,0.082465,1.485909,1920
live,1195,14497998794314,14497998942363,14497999028316,14498000493009,1.698695,0.085953,1.464693,1920
live,1196,14498008794314,14498008948233,14498009026474,14498010504351,1.710037,0.078241,1.477877,1920
live,1197,14498018794314,14498018942488,14498019020825,14498020491022,1.696708,0.078337,1.470197,1920
live,1198,14498028794314,14498028951718,14498029034919,14498030514204,1.71989,0.083201,1.479285,1920
live,1199,14498038794314,14498038943893,14498039023830,14498040518891,1.724577,0.079937,1.495061,1920
live,1200,14498048794314,14498048957603,14498049042404,14498052698521,3.904207,0.084801,3.656117,1920
live,1201,14498058794314,14498058945906,14498059045171,14498060892077,2.097763,0.099265,1.846906,1920
live,1202,14498068794314,14498068965312,14498069056066,14498070426453,1.632139,0.090754,1.370387,1920
live,1203,14498078794314,14498078966895,14498079055376,14498080422308,1.627994,0.088481,1.366932,1920
live,1204,14498088794314,14498088942813,14498089025790,14498090395826,1.601512,0.082977,1.370036,1920
live,1205,14498098794314,14498098951340,14498099030829,14498100411104,1.61679,0.079489,1.380275,1920
live,1206,14498108794314,14498108946522,14498109026011,14498110404943,1.610629,0.079489,1.378932,1920
live,1207,14498118794314,14498118964233,14498119040010,14498120383613,1.589299,0.075777,1.343603,1920
live,1208,14498128794314,14498128937783,14498129018520,14498130374219,1.579905,0.080737,1.355699,1920
live,1209,14498138794314,14498138935525,14498139008806,14498140359962,1.565648,0.073281,1.351156,1920
live,1210,14498148794314,14498148938932,14498149019477,14498150377064,1.58275,0.080545,1.357587,1920
live,1211,14498158794314,14498158954019,14498159030660,14498160377623,1.583309,0.076641,1.346963,1920
live,1212,14498168794314,14498168947793,14498169032114,14498170395942,1.601628,0.084321,1.363828,1920
live,1213,14498178794314,14498178963040,14498179050849,14498180458101,1.663787,0.087809,1.407252,1920
live,1214,14498188794314,14498188942670,14498189025071,14498190392195,1.597881,0.082401,1.367124,1920
live,1215,14498198794314,14498198949821,14498199026974,14498200429874,1.63556,0.077153,1.4029,1920
live,1216,14498208794314,14498208942347,14498209019788,14498210334719,1.540405,0.077441,1.314931,1920
live,1217,14498218794314,14498218941369,14498219018139,14498220408302,1.613988,0.07677,1.390163,1920
live,1218,14498228794314,14498228995017,14498229071722,14498230401085,1.606771,0.076705,1.329363,1920
live,1219,14498238794314,14498238958519,14498239037208,14498240395723,1.601409,0.078689,1.358515,1920
live,1220,14498248794314,14498248938821,14498249016134,14498252428599,3.634285,0.077313,3.412465,1920
live,1221,14498258794314,14498258958100,14498259040021,14498260425609,1.631295,0.081921,1.385588,1920
live,1222,14498268794314,14498268942146,14498269029411,14498270436887,1.642573,0.087265,1.407476,1920
live,1223,14498278794314,14498278975409,14498279062226,14498280438758,1.644444,0.086817,1.376532,1920
live,1224,14498288794314,14498288958623,14498289049440,14498290980092,2.185778,0.090817,1.930652,1920
live,1225,14498298794314,14498298961838,14498299052399,14498300446659,1.652345,0.090561,1.39426,1920
live,1226,14498308794314,14498308951516,14498309030717,14498310375504,1.58119,0.079201,1.344787,1920
live,1227,14498318794314,14498318952971,14498319029292,14498320395903,1.601589,0.076321,1.366611,1920
live,1228,14498328794314,14498328958969,14498329036154,14498330365197,1.570883,0.077185,1.329043,1920
live,1229,14498338794314,14498338956136,14498339036553,14498340405404,1.61109,0.080417,1.368851,1920
live,1230,14498348794314,14498348939798,14498349023959,14498350386858,1.592544,0.084161,1.362899,1920
live,1231,14498358794314,14498358941540,14498359024774,14498360435898,1.641584,0.083234,1.411124,1920
live,1232,14498368794314,14498368946963,14498369025812,14498370386407,1.592093,0.078849,1.360595,1920
live,1233,14498378794314,14498378940801,14498379019330,14498380402614,1.6083,0.078529,1.383284,1920
live,1234,14498388794314,14498388936336,14498389016593,14498390021407,1.227093,0.080257,1.004814,1920
live,1235,14498398794314,14498398936094,14498399008127,14498400353906,1.559592,0.072033,1.345779,1920
live,1236,14498408794314,14498408930221,14498409008206,14498410332961,1.538647,0.077985,1.324755,1920
live,1237,14498418794314,14498418949819,14498419027805,14498420387664,1.59335,0.077986,1.359859,1920
live,1238,14498428794314,14498428937098,14498429015115,14498430332958,1.538644,0.078017,1.317843,1920
live,1239,14498438794314,14498438943448,14498439019737,14498440381869,1.587555,0.076289,1.362132,1920
live,1240,14498448794314,14498448931719,14498449010952,14498452476185,3.681871,0.079233,3.465233,1920
live,1241,14498458794314,14498458942549,14498459031831,14498460454123,1.659809,0.089282,1.422292,1920
live,1242,14498468794314,14498468960964,14498469042725,14498470414681,1.620367,0.081761,1.371956,1920
live,1243,14498478794314,14498478943730,14498479025555,14498480425575,1.631261,0.081825,1.40002,1920
live,1244,14498488794314,14498488935457,14498489017186,14498490327637,1.533323,0.081729,1.310451,1920
live,1245,14498498794314,14498498935151,14498499027697,14498500424324,1.63001,0.092546,1.396627,1920
live,1246,14498508794314,14498508952286,14498509043231,14498510549909,1.755595,0.090945,1.506678,1920
live,1247,14498518794314,14498518965581,14498519061070,14498520421185,1.626871,0.095489,1.360115,1920
live,1248,14498528794314,14498528949627,14498529034396,14498530382159,1.587845,0.084769,1.347763,1920
live,1249,14498538794314,14498538950761,14498539029803,14498540381534,1.58722,0.079042,1.351731,1920
live,1250,14498548794314,14498548927064,14498549008281,14498550305579,1.511265,0.081217,1.297298,1920
live,1251,14498558794314,14498558924326,14498559007975,14498560337082,1.542768,0.083649,1.329107,1920
live,1252,14498568794314,14498568927669,14498568995318,14498570284360,1.490046,0.067649,1.289042,1920
live,1253,14498578794314,14498578935459,14498579026980,14498580377304,1.58299,0.091521,1.350324,1920
live,1254,14498588794314,14498588947890,14498589029363,14498590334086,1.539772,0.081473,1.304723,1920
live,1255,14498598794314,14498598946560,14498599024833,14498600414677,1.620363,0.078273,1.389844,1920
live,1256,14498608794314,14498608947407,14498609026640,14498610339011,1.544697,0.079233,1.312371,1920
live,1257,14498618794314,14498618946173,14498619026110,14498620376114,1.5818,0.079937,1.350004,1920
live,1258,14498628794314,14498628951116,14498629032557,14498630347296,1.552982,0.081441,1.314739,1920
live,1259,14498638794314,14498638953562,14498639038364,14498640377359,1.583045,0.084802,1.338995,1920
live,1260,14498648794314,14498648939657,14498649016362,14498652486203,3.691889,0.076705,3.469841,1920
live,1261,14498658794314,14498658937719,14498659019288,14498660384812,1.590498,0.081569,1.365524,1920
live,1262,14498668794314,14498668949798,14498669041543,14498671173061,2.378747,0.091745,2.131518,1920
live,1263,14498678794314,14498678959252,14498679064918,14498680577195,1.782881,0.105666,1.512277,1920
live,1264,14498688794314,14498688965443,14498689063108,14498690531001,1.736687,0.097665,1.467893,1920
live,1265,14498698794314,14498699174580,14498699283958,14498700912973,2.118659,0.109378,1.629015,1920
live,1266,14498708794314,14498708983872,14498709075970,14498710110320,1.316006,0.092098,1.03435,1920
live,1267,14498718794314,14498718961998,14498719323668,14498720143903,1.349589,0.36167,0.820235,1920
live,1268,14498728794314,14498728923068,14498729229057,14498730511475,1.717161,0.305989,1.282418,1920
live,1269,14498738794314,14498738961483,14498739363633,14498741423567,2.629253,0.40215,2.059934,1920
live,1270,14498748794314,14498748956762,14498749035579,14498751564031,2.769717,0.078817,2.528452,1920
live,1271,14498758794314,14498759316941,14498759457455,14498761302154,2.50784,0.140514,1.844699,1920
live,1272,14498768794314,14498768998455,14498769120985,14498770946067,2.151753,0.12253,1.825082,1920
live,1273,14498778794314,14498778969894,14498779064519,14498781158693,2.364379,0.094625,2.094174,1920
live,1274,14498788794314,14498788962292,14498789055861,14498791143603,2.349289,0.093569,2.087742,1920
live,1275,14498798794314,14498798953474,14498799045828,14498800927998,2.133684,0.092354,1.88217,1920
live,1276,14498808794314,14498808947793,14498809031346,14498810859468,2.065154,0.083553,1.828122,1920
live,1277,14498818794314,14498818947359,14498819028960,14498820907739,2.113425,0.081601,1.878779,1920
live,1278,14498828794314,14498828948910,14498829032271,14498830858377,2.064063,0.083361,1.826106,1920
live,1279,14498838794314,14498838943292,14498839022621,14498841134363,2.340049,0.079329,2.111742,1920
live,1280,14498848794314,14498848947275,14498849023852,14498854380920,5.586606,0.076577,5.357068,1920
live,1281,14498858794314,14498858952089,14498859042907,14498861269338,2.475024,0.090818,2.226431,1920
live,1282,14498868794314,14498868956968,14498869041065,14498871134087,2.339773,0.084097,2.093022,1920
live,1283,14498878794314,14498878947766,14498879031543,14498881244663,2.450349,0.083777,2.21312,1920
live,1284,14498888794314,14498888948869,14498889030022,14498891267494,2.47318,0.081153,2.237472,1920
live,1285,14498898794314,14498898945683,14498899026100,14498901251924,2.45761,0.080417,2.225824,1920
live,1286,14498908794314,14498908942722,14498909024227,14498910845853,2.051539,0.081505,1.821626,1920
live,1287,14498918794314,14498918949456,14498919031761,14498921250929,2.456615,0.082305,2.219168,1920
live,1288,14498928794314,14498928944191,14498929025152,14498931252511,2.458197,0.080961,2.227359,1920
live,1289,14498938794314,14498938940365,14498939059023,14498941250542,2.456228,0.118658,2.191519,1920
live,1290,14498948794314,14498948955388,14498949037565,14498951287837,2.493523,0.082177,2.250272,1920
live,1291,14498958794314,14498958939754,14498959020235,14498961240939,2.446625,0.080481,2.220704,1920
live,1292,14498968794314,14498968936568,14498969021658,14498971202233,2.407919,0.08509,2.180575,1920
live,1293,14498978794314,14498978947815,14498979032840,14498981228456,2.434142,0.085025,2.195616,1920
live,1294,14498988794314,14498989018551,14498989103576,14498991338552,2.544238,0.085025,2.234976,1920
live,1295,14498998794314,14498998998565,14498999099910,14499001166532,2.372218,0.101345,2.066622,1920
live,1296,14499008794314,14499008955283,14499009038420,14499010878286,2.083972,0.083137,1.839866,1920
live,1297,14499018794314,14499018945825,14499019028610,14499021243298,2.448984,0.082785,2.214688,1920
live,1298,14499028794314,14499028943215,14499029026448,14499031112110,2.317796,0.083233,2.085662,1920
live,1299,14499038794314,14499038941662,14499039024607,14499041133277,2.338963,0.082945,2.10867,1920
live,1300,14499048794314,14499048960396,14499049043790,14499053393132,4.598818,0.083394,4.349342,1920
live,1301,14499058794314,14499058943579,14499059027676,14499061266620,2.472306,0.084097,2.238944,1920
live,1302,14499068794314,14499068950409,14499069036778,14499071154537,2.360223,0.086369,2.117759,1920
live,1303,14499078794314,14499078952440,14499079035097,14499081118455,2.324141,0.082657,2.083358,1920
live,1304,14499088794314,14499088944390,14499089025575,14499091100741,2.306427,0.081185,2.075166,1920
live,1305,14499098794314,14499098948533,14499099034518,14499101148468,2.354154,0.085985,2.11395,1920
live,1306,14499108794314,14499108938339,14499109020900,14499111106466,2.312152,0.082561,2.085566,1920
live,1307,14499118794314,14499118949938,14499119035795,14499121128465,2.334151,0.085857,2.09267,1920
live,1308,14499128794314,14499128947552,14499129029281,14499131132319,2.338005,0.081729,2.103038,1920
live,1309,14499138794314,14499138945262,14499139028656,14499141113837,2.319523,0.083394,2.085181,1920
live,1310,14499148794314,14499148955101,14499149038398,14499151161628,2.367314,0.083297,2.12323,1920
live,1311,14499158794314,14499159205903,14499159300656,14499161929558,3.135244,0.094753,2.628902,1920
live,1312,14499168794314,14499168964410,14499169046299,14499171288571,2.494257,0.081889,2.242272,1920
live,1313,14499178794314,14499178953416,14499179033994,14499181133799,2.339485,0.080578,2.099805,1920
live,1314,14499188794314,14499188955031,14499189051352,14499191218551,2.424237,0.096321,2.167199,1920
live,1315,14499198794314,14499198958501,14499199046311,14499201161765,2.367451,0.08781,2.115454,1920
live,1316,14499208794314,14499208946772,14499209043701,14499212106497,3.312183,0.096929,3.062796,1920
live,1317,14499218794314,14499218977955,14499219085892,14499221175266,2.380952,0.107937,2.089374,1920
live,1318,14499228794314,14499228966705,14499229051090,14499231180176,2.385862,0.084385,2.129086,1920
live,1319,14499238794314,14499238950463,14499239047424,14499241137438,2.343124,0.096961,2.090014,1920
live,1320,14499248794314,14499248965262,14499249047983,14499253238731,4.444417,0.082721,4.190748,1920
live,1321,14499258794314,14499258968412,14499259051933,14499261158811,2.364497,0.083521,2.106878,1920
live,1322,14499268794314,14499268943722,14499269021291,14499271111113,2.316799,0.077569,2.089822,1920
live,1323,14499278794314,14499278955705,14499279037114,14499281149976,2.355662,0.081409,2.112862,1920
live,1324,14499288794314,14499288955271,14499289039625,14499291165607,2.371293,0.084354,2.125982,1920
live,1325,14499298794314,14499298945782,14499299025143,14499301136405,2.342091,0.079361,2.111262,1920
live,1326,14499308794314,14499308952100,14499309031813,14499311150532,2.356218,0.079713,2.118719,1920
live,1327,14499318794314,14499318928050,14499319007796,14499321234899,2.440585,0.079746,2.227103,1920
live,1328,14499328794314,14499328939361,14499329020194,14499331117376,2.323062,0.080833,2.097182,1920
live,1329,14499338794314,14499338937808,14499339018385,14499341127535,2.333221,0.080577,2.10915,1920
live,1330,14499348794314,14499348944030,14499349026623,14499351162878,2.368564,0.082593,2.136255,1920
live,1331,14499358794314,14499358941965,14499359022798,14499361124844,2.33053,0.080833,2.102046,1920
live,1332,14499368794314,14499368936475,14499369014876,14499371100218,2.305904,0.078401,2.085342,1920
live,1333,14499378794314,14499378931241,14499379013162,14499381096328,2.302014,0.081921,2.083166,1920
live,1334,14499388794314,14499388933496,14499389015993,14499391092663,2.298349,0.082497,2.07667,1920
live,1335,14499398794314,14499398940870,14499399021671,14499401161382,2.367068,0.080801,2.139711,1920
live,1336,14499408794314,14499408941461,14499409024214,14499411147220,2.352906,0.082753,2.123006,1920
live,1337,14499418794314,14499418932483,14499419014724,14499421142403,2.348089,0.082241,2.127679,1920
live,1338,14499428794314,14499428934706,14499429015923,14499431216914,2.4226,0.081217,2.200991,1920
live,1339,14499438794314,14499438941792,14499439029569,14499441117983,2.323669,0.087777,2.088414,1920
live,1340,14499448794314,14499448946607,14499449039632,14499453174571,4.380257,0.093025,4.134939,1920
live,1341,14499458794314,14499458948029,14499459045855,14499461171933,2.377619,0.097826,2.126078,1920
live,1342,14499468794314,14499468947020,14499469042605,14499471135947,2.341633,0.095585,2.093342,1920
live,1343,14499478794314,14499478971802,14499479058588,14499481154746,2.360432,0.086786,2.096158,1920
live,1344,14499488794314,14499488947913,14499489030346,14499491129352,2.335038,0.082433,2.099006,1920
live,1345,14499498794314,14499498947799,14499499029368,14499501119958,2.325644,0.081569,2.09059,1920
live,1346,14499508794314,14499508946086,14499509041895,14499511174757,2.380443,0.095809,2.132862,1920
live,1347,14499518794314,14499518951924,14499519034581,14499521122099,2.327785,0.082657,2.087518,1920
live,1348,14499528794314,14499528937250,14499529022180,14499531110689,2.316375,0.08493,2.088509,1920
live,1349,14499538794314,14499538939089,14499539022034,14499541117200,2.322886,0.082945,2.095166,1920
live,1350,14499548794314,14499548935071,14499549026944,14499551088670,2.294356,0.091873,2.061726,1920
live,1351,14499558794314,14499558956014,14499559036879,14499561133293,2.338979,0.080865,2.096414,1920
live,1352,14499568794314,14499569127583,14499569207232,14499571302046,2.507732,0.079649,2.094814,1920
live,1353,14499578794314,14499578954827,14499579036332,14499581140426,2.346112,0.081505,2.104094,1920
live,1354,14499588794314,14499588945273,14499589027802,14499591102616,2.308302,0.082529,2.074814,1920
live,1355,14499598794314,14499598954024,14499599035113,14499601121383,2.327069,0.081089,2.08627,1920
live,1356,14499608794314,14499608946742,14499609028055,14499611112437,2.318123,0.081313,2.084382,1920
live,1357,14499618794314,14499618943685,14499619025062,14499621177572,2.383258,0.081377,2.15251,1920
live,1358,14499628794314,14499628936979,14499629022868,14499631165747,2.371433,0.085889,2.142879,1920
live,1359,14499638794314,14499638943777,14499639023619,14499640873949,2.079635,0.079842,1.85033,1920
live,1360,14499648794314,14499648943824,14499649025361,14499653225933,4.431619,0.081537,4.200572,1920
live,1361,14499658794314,14499658957215,14499659043488,14499660928955,2.134641,0.086273,1.885467,1920
live,1362,14499668794314,14499669027630,14499669157456,14499672670690,3.876376,0.129826,3.513234,1920
live,1363,14499678794314,14499678991580,14499679103838,14499680960312,2.165998,0.112258,1.856474,1920
live,1364,14499688794314,14499688961386,14499689056203,14499691139753,2.345439,0.094817,2.08355,1920
live,1365,14499698794314,14499698953976,14499699045466,14499701163800,2.369486,0.09149,2.118334,1920
live,1366,14499708794314,14499708950695,14499709036616,14499710870146,2.075832,0.085921,1.83353,1920
live,1367,14499718794314,14499718946709,14499719031254,14499720889105,2.094791,0.084545,1.857851,1920
live,1368,14499728794314,14499728936292,14499729015685,14499730853279,2.058965,0.079393,1.837594,1920
live,1369,14499738794314,14499738943378,14499739028275,14499740897166,2.102852,0.084897,1.868891,1920
live,1370,14499748794314,14499749026882,14499749123299,14499750938781,2.144467,0.096417,1.815482,1920
live,1371,14499758794314,14499758995824,14499759084209,14499760935371,2.141057,0.088385,1.851162,1920
live,1372,14499768794314,14499768942141,14499769026303,14499770858105,2.063791,0.084162,1.831802,1920
live,1373,14499778794314,14499778942540,14499779023597,14499780893288,2.098974,0.081057,1.869691,1920
live,1374,14499788794314,14499788949274,14499789031548,14499790857782,2.063468,0.082274,1.826234,1920
live,1375,14499798794314,14499798940713,14499799021066,14499800879940,2.085626,0.080353,1.858874,1920
live,1376,14499808794314,14499808945751,14499809026553,14499811263416,2.469102,0.080802,2.236863,1920
live,1377,14499818794314,14499818952038,14499819032071,14499821265255,2.470941,0.080033,2.233184,1920
live,1378,14499828794314,14499828934900,14499829016085,14499830832175,2.037861,0.081185,1.81609,1920
live,1379,14499838794314,14499838947363,14499839025252,14499840863998,2.069684,0.077889,1.838746,1920
live,1380,14499848794314,14499848945713,14499849025138,14499852917834,4.12352,0.079425,3.892696,1920
live,1381,14499858794314,14499858948576,14499859034305,14499860879227,2.084913,0.085729,1.844922,1920
live,1382,14499868794314,14499868950126,14499869043312,14499870874474,2.08016,0.093186,1.831162,1920
live,1383,14499878794314,14499878957693,14499879042622,14499880933849,2.139535,0.084929,1.891227,1920
live,1384,14499888794314,14499888956971,14499889042188,14499890881287,2.086973,0.085217,1.839099,1920
live,1385,14499898794314,14499898960634,14499899047387,14499900942006,2.147692,0.086753,1.894619,1920
live,1386,14499908794314,14499908959624,14499909044969,14499910868675,2.074361,0.085345,1.823706,1920
live,1387,14499918794314,14499918956791,14499919040472,14499920891154,2.09684,0.083681,1.850682,1920
live,1388,14499928794314,14499928943045,14499929026086,14499930845088,2.050774,0.083041,1.819002,1920
live,1389,14499938794314,14499938957684,14499939040405,14499940502314,1.708,0.082721,1.461909,1920
live,1390,14499948794314,14499948951106,14499949036963,14499950382166,1.587852,0.085857,1.345203,1920
live,1391,14499958794314,14499958964977,14499959047506,14499960415397,1.621083,0.082529,1.367891,1920
live,1392,14499968794314,14499968966527,14499969045696,14499970372275,1.577961,0.079169,1.326579,1920
live,1393,14499978794314,14499979075183,14499979146000,14499980195487,1.401173,0.070817,1.049487,1920
live,1394,14499988794314,14499988943004,14499989016189,14499990041355,1.247041,0.073185,1.025166,1920
live,1395,14499998794314,14499998934922,14499999019051,14500000379550,1.585236,0.084129,1.360499,1920
live,1396,14500008794314,14500008960377,14500009044346,14500010373901,1.579587,0.083969,1.329555,1920
live,1397,14500018794314,14500018952007,14500019024840,14500020096247,1.301933,0.072833,1.071407,1920
live,1398,14500028794314,14500028945461,14500029014902,14500031041939,2.247625,0.069441,2.027037,1920
live,1399,14500038794314,14500038941988,14500039012645,14500040057204,1.26289,0.070657,1.044559,1920
live,1400,14500048794314,14500048937970,14500049013939,14500052154688,3.360374,0.075969,3.140749,1920
live,1401,14500058794314,14500058950689,14500059028482,14500060084177,1.289863,0.077793,1.055695,1920
live,1402,14500068794314,14500068957839,14500069365141,14500071250864,2.45655,0.407302,1.885723,1920
live,1403,14500078794314,14500078948445,14500079339203,14500082093290,3.298976,0.390758,2.754087,1920
live,1404,14500088794314,14500088936076,14500089325425,14500091244045,2.449731,0.389349,1.91862,1920
live,1405,14500098794314,14500098953626,14500099035484,14500100900822,2.106508,0.081858,1.865338,1920
live,1406,14500108794314,14500108947753,14500109032426,14500110894116,2.099802,0.084673,1.86169,1920
live,1407,14500118794314,14500118950039,14500119032568,14500120890867,2.096553,0.082529,1.858299,1920
live,1408,14500128794314,14500128966406,14500129054567,14500131345320,2.551006,0.088161,2.290753,1920
live,1409,14500138794314,14500138954932,14500139038165,14500141274549,2.480235,0.083233,2.236384,1920
live,1410,14500148794314,14500148943906,14500149026468,14500151133026,2.338712,0.082562,2.106558,1920
live,1411,14500158794314,14500158938577,14500159021010,14500160890829,2.096515,0.082433,1.869819,1920
live,1412,14500168794314,14500168944031,14500169026336,14500170133520,1.339206,0.082305,1.107184,1920
live,1413,14500178794314,14500178946414,14500179021935,14500180085822,1.291508,0.075521,1.063887,1920
live,1414,14500188794314,14500188936060,14500189015933,14500190047596,1.253282,0.079873,1.031663,1920
live,1415,14500198794314,14500198943659,14500199018668,14500200074651,1.280337,0.075009,1.055983,1920
live,1416,14500208794314,14500208931961,14500209016506,14500210031976,1.237662,0.084545,1.01547,1920
live,1417,14500218794314,14500218962952,14500219044489,14500220081688,1.287374,0.081537,1.037199,1920
live,1418,14500228794314,14500228954742,14500229043703,14500230052326,1.258012,0.088961,1.008623,1920
live,1419,14500238794314,14500238954692,14500239030438,14500240096629,1.302315,0.075746,1.066191,1920
live,1420,14500248794314,14500248942835,14500249020436,14500252532294,3.73798,0.077601,3.511858,1920
live,1421,14500258794314,14500258944065,14500259025410,14500260398550,1.604236,0.081345,1.37314,1920
live,1422,14500268794314,14500268942576,14500269020625,14500270035583,1.241269,0.078049,1.014958,1920
live,1423,14500278794314,14500278950558,14500279028479,14500280067854,1.27354,0.077921,1.039375,1920
live,1424,14500288794314,14500288929484,14500289334290,14500291202509,2.408195,0.404806,1.868219,1920
live,1425,14500298794314,14500298940763,14500299341729,14500301250652,2.456338,0.400966,1.908923,1920
live,1426,14500308794314,14500308933033,14500309017258,14500310840196,2.045882,0.084225,1.822938,1920
live,1427,14500318794314,14500318953432,14500319035577,14500321156791,2.362477,0.082145,2.121214,1920
live,1428,14500328794314,14500328950022,14500329036327,14500330868866,2.074552,0.086305,1.832539,1920
live,1429,14500338794314,14500338950293,14500339032662,14500340924881,2.130567,0.082369,1.892219,1920
live,1430,14500348794314,14500348960899,14500349060965,14500350911135,2.116821,0.100066,1.85017,1920
live,1431,14500358794314,14500358956178,14500359037939,14500360923470,2.129156,0.081761,1.885531,1920
live,1432,14500368794314,14500368950912,14500369035681,14500371261889,2.467575,0.084769,2.226208,1920
live,1433,14500378794314,14500378948974,14500379030576,14500381253807,2.459493,0.081602,2.223231,1920
live,1434,14500388794314,14500389267105,14500389361603,14500391602595,2.808281,0.094498,2.240992,1920
live,1435,14500398794314,14500398963979,14500399046861,14500400906023,2.111709,0.082882,1.859162,1920
live,1436,14500408794314,14500408934649,14500409015675,14500410840277,2.045963,0.081026,1.824602,1920
live,1437,14500418794314,14500418941128,14500419024681,14500420884932,2.090618,0.083553,1.860251,1920
live,1438,14500428794314,14500428938614,14500429017271,14500431089205,2.294891,0.078657,2.071934,1920
live,1439,14500438794314,14500438949669,14500439038534,14500441663948,2.869634,0.088865,2.625414,1920
live,1440,14500448794314,14500448951315,14500449031541,14500452980685,4.186371,0.080226,3.949144,1920
live,1441,14500458794314,14500458955458,14500459040483,14500460913214,2.1189,0.085025,1.872731,1920
live,1442,14500468794314,14500468954192,14500469034289,14500470885004,2.09069,0.080097,1.850715,1920
live,1443,14500478794314,14500478940447,14500479020832,14500481158430,2.364116,0.080385,2.137598,1920
live,1444,14500488794314,14500488937997,14500489029198,14500490884777,2.090463,0.091201,1.855579,1920
live,1445,14500498794314,14500498950108,14500499032157,14500501259068,2.464754,0.082049,2.226911,1920
live,1446,14500508794314,14500508989067,14500509073964,14500511252203,2.457889,0.084897,2.178239,1920
live,1447,14500518794314,14500518979833,14500519062746,14500521171512,2.377198,0.082913,2.108766,1920
live,1448,14500528794314,14500528942855,14500529025544,14500530847554,2.05324,0.082689,1.82201,1920
live,1449,14500538794314,14500538953109,14500539035734,14500540883249,2.088935,0.082625,1.847515,1920
live,1450,14500548794314,14500548923875,14500549020229,14500550860927,2.066613,0.096354,1.840698,1920
live,1451,14500558794314,14500558936082,14500559007571,14500560802061,2.007747,0.071489,1.79449,1920
live,1452,14500568794314,14500568924256,14500569000929,14500570682265,1.887951,0.076673,1.681336,1920
live,1453,14500578794314,14500578930063,14500579018928,14500580661703,1.867389,0.088865,1.642775,1920
live,1454,14500588794314,14500589052831,14500589204033,14500591048411,2.254097,0.151202,1.844378,1920
live,1455,14500598794314,14500599004877,14500599139951,14500601269229,2.474915,0.135074,2.129278,1920
live,1456,14500608794314,14500608979547,14500609094364,14500610938231,2.143917,0.114817,1.843867,1920
live,1457,14500618794314,14500618968169,14500619063754,14500620934597,2.140283,0.095585,1.870843,1920
live,1458,14500628794314,14500628963127,14500629059257,14500630904019,2.109705,0.09613,1.844762,1920
live,1459,14500638794314,14500638977606,14500639060135,14500640922946,2.128632,0.082529,1.862811,1920
live,1460,14500648794314,14500648976212,14500649090454,14500653026574,4.23226,0.114242,3.93612,1920
live,1461,14500658794314,14500658973763,14500659072292,14500660955903,2.161589,0.098529,1.883611,1920
live,1462,14500668794314,14500668966353,14500669062930,14500671295154,2.50084,0.096577,2.232224,1920
live,1463,14500678794314,14500678972960,14500679060321,14500681268928,2.474614,0.087361,2.208607,1920
live,1464,14500688794314,14500688950126,14500689033135,14500691254383,2.460069,0.083009,2.221248,1920
live,1465,14500698794314,14500698970492,14500699073118,14500701319134,2.52482,0.102626,2.246016,1920
live,1466,14500708794314,14500708960267,14500709052684,14500711262540,2.468226,0.092417,2.209856,1920
live,1467,14500718794314,14500718974841,14500719067163,14500721143832,2.349518,0.092322,2.076669,1920
live,1468,14500728794314,14500728947495,14500729030057,14500731109958,2.315644,0.082562,2.079901,1920
live,1469,14500738794314,14500738950774,14500739036439,14500740899634,2.10532,0.085665,1.863195,1920
live,1470,14500748794314,14500748960804,14500749057766,14500751144804,2.35049,0.096962,2.087038,1920
live,1471,14500758794314,14500758957427,14500759054100,14500761305492,2.511178,0.096673,2.251392,1920
live,1472,14500768794314,14500768969025,14500769060131,14500771265570,2.471256,0.091106,2.205439,1920
live,1473,14500778794314,14500778955792,14500779042097,14500781250224,2.45591,0.086305,2.208127,1920
live,1474,14500788794314,14500788951038,14500789034463,14500791130237,2.335923,0.083425,2.095774,1920
live,1475,14500798794314,14500798975405,14500799074702,14500800918408,2.124094,0.099297,1.843706,1920
live,1476,14500808794314,14500808958235,14500809057244,14500810872214,2.0779,0.099009,1.81497,1920
live,1477,14500818794314,14500818977642,14500819069515,14500820957382,2.163068,0.091873,1.887867,1920
live,1478,14500828794314,14500828974424,14500829071033,14500830962548,2.168234,0.096609,1.891515,1920
live,1479,14500838794314,14500838974023,14500839061096,14500840925506,2.131192,0.087073,1.86441,1920
live,1480,14500848794314,14500849325146,14500849461980,14500853373652,4.579338,0.136834,3.911672,1920
live,1481,14500858794314,14500858985476,14500859103173,14500861338405,2.544091,0.117697,2.235232,1920
live,1482,14500868794314,14500868968306,14500869061203,14500871165969,2.371655,0.092897,2.104766,1920
live,1483,14500878794314,14500878979904,14500879072898,14500880922300,2.127986,0.092994,1.849402,1920
live,1484,14500888794314,14500888945390,14500889028623,14500890865674,2.07136,0.083233,1.837051,1920
live,1485,14500898794314,14500898950109,14500899032894,14500901729284,2.93497,0.082785,2.69639,1920
live,1486,14500908794314,14500908933035,14500909016940,14500910848582,2.054268,0.083905,1.831642,1920
live,1487,14500918794314,14500918951738,14500919035291,14500920888469,2.094155,0.083553,1.853178,1920
live,1488,14500928794314,14500928947944,14500929029897,14500931171816,2.377502,0.081953,2.141919,1920
live,1489,14500938794314,14500938955991,14500939040024,14500940888658,2.094344,0.084033,1.848634,1920
live,1490,14500948794314,14500948952645,14500949045734,14500950871168,2.076854,0.093089,1.825434,1920
live,1491,14500958794314,14500958944947,14500959030580,14500961030161,2.235847,0.085633,1.999581,1920
live,1492,14500968794314,14500968937282,14500969019843,14500970979679,2.185365,0.082561,1.959836,1920
live,1493,14500978794314,14500978956784,14500979036433,14500981036558,2.242244,0.079649,2.000125,1920
live,1494,14500988794314,14500988944446,14500989027872,14500990965435,2.171121,0.083426,1.937563,1920
live,1495,14500998794314,14500998943277,14500999023982,14501001001130,2.206816,0.080705,1.977148,1920
live,1496,14501008794314,14501008933563,14501009016316,14501011136442,2.342128,0.082753,2.120126,1920
live,1497,14501018794314,14501018949866,14501019035307,14501021165929,2.371615,0.085441,2.130622,1920
live,1498,14501028794314,14501028958680,14501029046649,14501030886068,2.091754,0.087969,1.839419,1920
live,1499,14501038794314,14501038952615,14501039181034,14501041408458,2.614144,0.228419,2.227424,1920
