stage,sequence,release_ns,queued_ns,start_ns,end_ns,age_ms,queue_ms,service_ms,output_samples
live,0,16763114579355,16763114902772,16763115235768,16763121360386,6.781031,0.332996,6.124618,960
live,1,16763124579355,16763124926316,16763125373042,16763127655245,3.07589,0.446726,2.282203,960
live,2,16763134579355,16763134770754,16763135179143,16763137496483,2.917128,0.408389,2.31734,960
live,3,16763144579355,16763144788058,16763145203423,16763147450746,2.871391,0.415365,2.247323,960
live,4,16763154579355,16763154746641,16763155150102,16763157690260,3.110905,0.403461,2.540158,960
live,5,16763164579355,16763164745960,16763165123757,16763167357640,2.778285,0.377797,2.233883,960
live,6,16763174579355,16763174722368,16763175074212,16763177008699,2.429344,0.351844,1.934487,960
live,7,16763184579355,16763184704663,16763185010587,16763186975314,2.395959,0.305924,1.964727,960
live,8,16763194579355,16763194719151,16763194795152,16763197711922,3.132567,0.076001,2.91677,960
live,9,16763204579355,16763204729414,16763204825096,16763207150435,2.57108,0.095682,2.325339,960
live,10,16763214579355,16763214741598,16763214833151,16763216948312,2.368957,0.091553,2.115161,960
live,11,16763224579355,16763224731382,16763224803254,16763226882767,2.303412,0.071872,2.079513,960
live,12,16763234579355,16763234727277,16763234814862,16763236896327,2.316972,0.087585,2.081465,960
live,13,16763244579355,16763244746373,16763244830630,16763247168514,2.589159,0.084257,2.337884,960
live,14,16763254579355,16763254725532,16763254800253,16763257134937,2.555582,0.074721,2.334684,960
live,15,16763264579355,16763264738324,16763264826485,16763267179921,2.600566,0.088161,2.353436,960
live,16,16763274579355,16763274727339,16763274799116,16763276781700,2.202345,0.071777,1.982584,960
live,17,16763284579355,16763284702019,16763284796420,16763286588761,2.009406,0.094401,1.792341,960
live,18,16763294579355,16763294737915,16763294825916,16763296907509,2.328154,0.088001,2.081593,960
live,19,16763304579355,16763304726866,16763304820979,16763306876972,2.297617,0.094113,2.055993,960
live,20,16763314579355,16763314733002,16763314826635,16763321242007,6.662652,0.093633,6.415372,960
live,21,16763324579355,16763324715489,16763324805954,16763326821882,2.242527,0.090465,2.015928,960
live,22,16763334579355,16763334726233,16763334801562,16763336901875,2.32252,0.075329,2.100313,960
live,23,16763344579355,16763344720400,16763344799409,16763346866314,2.286959,0.079009,2.066905,960
live,24,16763354579355,16763354725288,16763354796297,16763356874882,2.295527,0.071009,2.078585,960
live,25,16763364579355,16763364734431,16763364822753,16763366954746,2.375391,0.088322,2.131993,960
live,26,16763374579355,16763374730775,16763374801400,16763376817936,2.238581,0.070625,2.016536,960
live,27,16763384579355,16763384704334,16763384772495,16763386757479,2.178124,0.068161,1.984984,960
live,28,16763394579355,16763394723686,16763394796103,16763396884896,2.305541,0.072417,2.088793,960
live,29,16763404579355,16763404723006,16763404793086,16763406845975,2.26662,0.07008,2.052889,960
live,30,16763414579355,16763414732917,16763414822134,16763417199955,2.6206,0.089217,2.377821,960
live,31,16763424579355,16763424727181,16763424799886,16763426880199,2.300844,0.072705,2.080313,960
live,32,16763434579355,16763434724004,16763434797509,16763437142849,2.563494,0.073505,2.34534,960
live,33,16763444579355,16763444724220,16763444793917,16763447125753,2.546398,0.069697,2.331836,960
live,34,16763454579355,16763454729492,16763454798836,16763457159793,2.580438,0.069344,2.360957,960
live,35,16763464579355,16763464917965,16763465098831,16763467440107,2.860752,0.180866,2.341276,960
live,36,16763474579355,16763474734467,16763474817796,16763476163796,1.584441,0.083329,1.346,960
live,37,16763484579355,16763484729018,16763484806235,16763486806515,2.22716,0.077217,2.00028,960
live,38,16763494579355,16763494726322,16763494798099,16763497157935,2.57858,0.071777,2.359836,960
live,39,16763504579355,16763504728841,16763504833995,16763507180487,2.601132,0.105154,2.346492,960
live,40,16763514579355,16763514728961,16763514800802,16763521088749,6.509394,0.071841,6.287947,960
live,41,16763524579355,16763524746905,16763524861114,16763526994644,2.415289,0.114209,2.13353,960
live,42,16763534579355,16763534734960,16763534817009,16763536887082,2.307727,0.082049,2.070073,960
live,43,16763544579355,16763544727912,16763544810441,16763546776704,2.197349,0.082529,1.966263,960
live,44,16763554579355,16763554710335,16763554781312,16763556607158,2.027803,0.070977,1.825846,960
live,45,16763564579355,16763564729943,16763564803992,16763566913713,2.334358,0.074049,2.109721,960
live,46,16763574579355,16763574740398,16763574827279,16763576946185,2.36683,0.086881,2.118906,960
live,47,16763584579355,16763584732038,16763584801095,16763586859039,2.279684,0.069057,2.057944,960
live,48,16763594579355,16763594726557,16763594799230,16763596894263,2.314908,0.072673,2.095033,960
live,49,16763604579355,16763604723413,16763604795222,16763607140690,2.561335,0.071809,2.345468,960
live,50,16763614579355,16763614725389,16763614794285,16763616870342,2.290987,0.068896,2.076057,960
live,51,16763624579355,16763624731588,16763624818885,16763626911422,2.332067,0.087297,2.092537,960
live,52,16763634579355,16763634726652,16763634796252,16763636854709,2.275354,0.0696,2.058457,960
live,53,16763644579355,16763644729843,16763644822420,16763646797164,2.217809,0.092577,1.974744,960
live,54,16763654579355,16763654712939,16763654784843,16763656613121,2.033766,0.071904,1.828278,960
live,55,16763664579355,16763664724226,16763664793731,16763667120895,2.54154,0.069505,2.327164,960
live,56,16763674579355,16763674736538,16763674828859,16763676934516,2.355161,0.092321,2.105657,960
live,57,16763684579355,16763684733714,16763684819987,16763686885387,2.306032,0.086273,2.0654,960
live,58,16763694579355,16763694725961,16763694800682,16763696883043,2.303688,0.074721,2.082361,960
live,59,16763704579355,16763704732289,16763704807234,16763707126909,2.547554,0.074945,2.319675,960
live,60,16763714579355,16763714725912,16763714811193,16763722072528,7.493173,0.085281,7.261335,960
live,61,16763724579355,16763724740784,16763724852209,16763726981771,2.402416,0.111425,2.129562,960
live,62,16763734579355,16763734731207,16763734801640,16763736873057,2.293702,0.070433,2.071417,960
live,63,16763744579355,16763744797664,16763744917793,16763747251997,2.672642,0.120129,2.334204,960
live,64,16763754579355,16763754761175,16763754858680,16763756937745,2.35839,0.097505,2.079065,960
live,65,16763764579355,16763764752046,16763764843951,16763766896744,2.317389,0.091905,2.052793,960
live,66,16763774579355,16763774754406,16763774858247,16763777333829,2.754474,0.103841,2.475582,960
live,67,16763784579355,16763784741597,16763784813566,16763787280188,2.700833,0.071969,2.466622,960
live,68,16763794579355,16763794733493,16763794820694,16763797292179,2.712824,0.087201,2.471485,960
live,69,16763804579355,16763804736012,16763804819053,16763807257067,2.677712,0.083041,2.438014,960
live,70,16763814579355,16763814730724,16763814830629,16763817180097,2.600742,0.099905,2.349468,960
live,71,16763824579355,16763824737212,16763824822333,16763826901205,2.32185,0.085121,2.078872,960
live,72,16763834579355,16763834730035,16763834800404,16763836920557,2.341202,0.070369,2.120153,960
live,73,16763844579355,16763844729419,16763844822860,16763846123867,1.544512,0.093441,1.301007,960
live,74,16763854579355,16763854728578,16763854805283,16763856079890,1.500535,0.076705,1.274607,960
live,75,16763864579355,16763864725274,16763864802555,16763866024169,1.444814,0.077281,1.221614,960
live,76,16763874579355,16763874918932,16763875056693,16763876864587,2.285232,0.137761,1.807894,960
live,77,16763884579355,16763884758601,16763884839146,16763886393917,1.814562,0.080545,1.554771,960
live,78,16763894579355,16763894730560,16763894815553,16763896398132,1.818777,0.084993,1.582579,960
live,79,16763904579355,16763904723512,16763904796729,16763906303115,1.72376,0.073217,1.506386,960
live,80,16763914579355,16763914723599,16763914822609,16763920122992,5.543637,0.09901,5.300383,960
live,81,16763924579355,16763924731303,16763924823560,16763926045367,1.466012,0.092257,1.221807,960
live,82,16763934579355,16763934729855,16763934815552,16763936065583,1.486228,0.085697,1.250031,960
live,83,16763944579355,16763944726806,16763944792279,16763946037222,1.457867,0.065473,1.244943,960
live,84,16763954579355,16763954721262,16763954792143,16763955983645,1.40429,0.070881,1.191502,960
live,85,16763964579355,16763964740197,16763965129354,16763967255748,2.676393,0.389157,2.126394,960
live,86,16763974579355,16763974745629,16763975130274,16763976962168,2.382813,0.384645,1.831894,960
live,87,16763984579355,16763984761845,16763984857622,16763986523466,1.944111,0.095777,1.665844,960
live,88,16763994579355,16763994740556,16763994829389,16763996457889,1.878534,0.088833,1.6285,960
live,89,16764004579355,16764004732388,16764004811877,16764006339927,1.760572,0.079489,1.52805,960
live,90,16764014579355,16764014727387,16764014806012,16764016043339,1.463984,0.078625,1.237327,960
live,91,16764024579355,16764024727091,16764024804084,16764025996802,1.417447,0.076993,1.192718,960
live,92,16764034579355,16764034729738,16764034808523,16764036047450,1.468095,0.078785,1.238927,960
live,93,16764044579355,16764044727330,16764044807907,16764046016113,1.436758,0.080577,1.208206,960
live,94,16764054579355,16764054729498,16764054811227,16764056041993,1.462638,0.081729,1.230766,960
live,95,16764064579355,16764064731665,16764064810546,16764066007136,1.427781,0.078881,1.19659,960
live,96,16764074579355,16764074726697,16764074798826,16764076381404,1.802049,0.072129,1.582578,960
live,97,16764084579355,16764084729728,16764084797729,16764086342164,1.762809,0.068001,1.544435,960
live,98,16764094579355,16764094736024,16764095117532,16764097468281,2.888926,0.381508,2.350749,960
replay,99,16764104579355,16764107211469,16764107343151,16764162284096,57.704741,0.131682,54.940945,73088
live,99,16764104579355,16764107138412,16764108033015,16764110956794,6.377439,0.894603,2.923779,960
live,100,16764114579355,16764114810312,16764114934089,16764123103787,8.524432,0.123777,8.169698,960
live,101,16764124579355,16764124829120,16764124985186,16764127481695,2.90234,0.156066,2.496509,960
live,102,16764134579355,16764134772727,16764134873176,16764136937201,2.357846,0.100449,2.064025,960
live,103,16764144579355,16764144747982,16764144840815,16764147238764,2.659409,0.092833,2.397949,960
live,104,16764154579355,16764154810118,16764154910567,16764157941964,3.362609,0.100449,3.031397,960
live,105,16764164579355,16764164771837,16764164871423,16764166864854,2.285499,0.099586,1.993431,960
live,106,16764174579355,16764174735028,16764174817269,16764176763533,2.184178,0.082241,1.946264,960
live,107,16764184579355,16764185093904,16764185187921,16764187656975,3.07762,0.094017,2.469054,960
live,108,16764194579355,16764194790436,16764194912230,16764197455908,2.876553,0.121794,2.543678,960
live,109,16764204579355,16764204752667,16764204853757,16764207155288,2.575933,0.10109,2.301531,960
live,110,16764214579355,16764214745011,16764214833300,16764216947693,2.368338,0.088289,2.114393,960
live,111,16764224579355,16764224746507,16764224832556,16764226763011,2.183656,0.086049,1.930455,960
live,112,16764234579355,16764234732162,16764234807363,16764237062942,2.483587,0.075201,2.255579,960
live,113,16764244579355,16764244739162,16764244838875,16764246149994,1.570639,0.099713,1.311119,960
live,114,16764254579355,16764254733585,16764254812914,16764256089281,1.509926,0.079329,1.276367,960
live,115,16764264579355,16764264741449,16764264825162,16764266033752,1.454397,0.083713,1.20859,960
live,116,16764274579355,16764274730336,16764274808897,16764276389524,1.810169,0.078561,1.580627,960
live,117,16764284579355,16764284736344,16764284816153,16764286378571,1.799216,0.079809,1.562418,960
live,118,16764294579355,16764294732687,16764294816912,16764296434212,1.854857,0.084225,1.6173,960
live,119,16764304579355,16764304729223,16764304805864,16764306375291,1.795936,0.076641,1.569427,960
live,120,16764314579355,16764314729086,16764314817760,16764321127339,6.547984,0.088674,6.309579,960
live,121,16764324579355,16764324734774,16764324820919,16764326062214,1.482859,0.086145,1.241295,960
live,122,16764334579355,16764334728910,16764334796046,16764335999101,1.419746,0.067136,1.203055,960
live,123,16764344579355,16764344734021,16764344802662,16764346003892,1.424537,0.068641,1.20123,960
live,124,16764354579355,16764354724669,16764354802526,16764356066349,1.486994,0.077857,1.263823,960
live,125,16764364579355,16764364738420,16764364806389,16764366005860,1.426505,0.067969,1.199471,960
live,126,16764374579355,16764374730092,16764374796717,16764375985531,1.406176,0.066625,1.188814,960
live,127,16764384579355,16764384734596,16764384820389,16764386433240,1.853885,0.085793,1.612851,960
live,128,16764394579355,16764394742779,16764394827164,16764396439632,1.860277,0.084385,1.612468,960
live,129,16764404579355,16764404728979,16764404805876,16764406313190,1.733835,0.076897,1.507314,960
live,130,16764414579355,16764414732298,16764414799851,16764416034202,1.454847,0.067553,1.234351,960
live,131,16764424579355,16764424730146,16764424806499,16764426010897,1.431542,0.076353,1.204398,960
live,132,16764434579355,16764434734745,16764434811546,16764436032137,1.452782,0.076801,1.220591,960
live,133,16764444579355,16764444742705,16764444831442,16764446031393,1.452038,0.088737,1.199951,960
live,134,16764454579355,16764454734185,16764455111021,16764456525374,1.946019,0.376836,1.414353,960
live,135,16764464579355,16764464736320,16764465113733,16764466498101,1.918746,0.377413,1.384368,960
live,136,16764474579355,16764474724728,16764474795352,16764476087400,1.508045,0.070624,1.292048,960
live,137,16764484579355,16764484728687,16764484807632,16764486370211,1.790856,0.078945,1.562579,960
live,138,16764494579355,16764494734279,16764494816808,16764496446811,1.867456,0.082529,1.630003,960
live,139,16764504579355,16764504731422,16764504812831,16764506412947,1.833592,0.081409,1.600116,960
live,140,16764514579355,16764514724566,16764514797911,16764520667613,6.088258,0.073345,5.869702,960
live,141,16764524579355,16764524735918,16764524826095,16764526074974,1.495619,0.090177,1.248879,960
live,142,16764534579355,16764534732613,16764534799622,16764536036181,1.456826,0.067009,1.236559,960
live,143,16764544579355,16764544730525,16764544797886,16764546006860,1.427505,0.067361,1.208974,960
live,144,16764554579355,16764554726452,16764554792245,16764555992291,1.412936,0.065793,1.200046,960
live,145,16764564579355,16764564734124,16764564825005,16764566778180,2.198825,0.090881,1.953175,960
live,146,16764574579355,16764574733955,16764574818245,16764576845021,2.265666,0.08429,2.026776,960
live,147,16764584579355,16764584730171,16764584813340,16764586796500,2.217145,0.083169,1.98316,960
live,148,16764594579355,16764595104375,16764595233305,16764597544692,2.965337,0.12893,2.311387,960
live,149,16764604579355,16764604766603,16764604861868,16764607114407,2.535052,0.095265,2.252539,960
live,150,16764614579355,16764614737794,16764614825475,16764617007165,2.42781,0.087681,2.18169,960
live,151,16764624579355,16764624722425,16764624811322,16764626798066,2.218711,0.088897,1.986744,960
live,152,16764634579355,16764634777617,16764634865075,16764636872299,2.292944,0.087458,2.007224,960
live,153,16764644579355,16764644750025,16764644832138,16764647037604,2.458249,0.082113,2.205466,960
live,154,16764654579355,16764654733696,16764654803617,16764656849113,2.269758,0.069921,2.045496,960
live,155,16764664579355,16764664730392,16764664816409,16764667101620,2.522265,0.086017,2.285211,960
live,156,16764674579355,16764674731695,16764674818448,16764677125900,2.546545,0.086753,2.307452,960
live,157,16764684579355,16764684724583,16764684801832,16764686768991,2.189636,0.077249,1.967159,960
live,158,16764694579355,16764694721662,16764694793087,16764697164891,2.585536,0.071425,2.371804,960
live,159,16764704579355,16764704737462,16764704820119,16764706812303,2.232948,0.082657,1.992184,960
live,160,16764714579355,16764714727213,16764714795758,16764721017625,6.43827,0.068545,6.221867,960
live,161,16764724579355,16764724733093,16764724830150,16764727128098,2.548743,0.097057,2.297948,960
live,162,16764734579355,16764734724093,16764734796413,16764736818966,2.239611,0.07232,2.022553,960
live,163,16764744579355,16764744722260,16764744805941,16764746807053,2.227698,0.083681,2.001112,960
live,164,16764754579355,16764754734220,16764754818317,16764756839493,2.260138,0.084097,2.021176,960
live,165,16764764579355,16764764725411,16764764810468,16764766804348,2.224993,0.085057,1.99388,960
live,166,16764774579355,16764774726523,16764774796924,16764776805716,2.226361,0.070401,2.008792,960
live,167,16764784579355,16764784719378,16764784790163,16764787058542,2.479187,0.070785,2.268379,960
live,168,16764794579355,16764794732842,16764794805835,16764797180935,2.60158,0.072993,2.3751,960
live,169,16764804579355,16764804726402,16764804808963,16764807080926,2.501571,0.082561,2.271963,960
live,170,16764814579355,16764814720185,16764814791290,16764816793298,2.213943,0.071105,2.002008,960
live,171,16764824579355,16764824718385,16764824786770,16764826792874,2.213519,0.068385,2.006104,960
live,172,16764834579355,16764834715208,16764834817897,16764836844450,2.265095,0.102689,2.026553,960
live,173,16764844579355,16764844721792,16764844791841,16764847054460,2.475105,0.070049,2.262619,960
live,174,16764854579355,16764854725048,16764854796952,16764856845009,2.265654,0.071904,2.048057,960
live,175,16764864579355,16764864721391,16764864803664,16764866098239,1.518884,0.082273,1.294575,960
live,176,16764874579355,16764874736551,16764874843336,16764876202904,1.623549,0.106785,1.359568,960
live,177,16764884579355,16764884728926,16764884826143,16764886077134,1.497779,0.097217,1.250991,960
live,178,16764894579355,16764894733174,16764894813271,16764896084006,1.504651,0.080097,1.270735,960
live,179,16764904579355,16764904730989,16764904818318,16764906364321,1.784966,0.087329,1.546003,960
live,180,16764914579355,16764914720389,16764914785126,16764920153862,5.574507,0.064737,5.368736,960
live,181,16764924579355,16764924725949,16764924812478,16764926033452,1.454097,0.086529,1.220974,960
live,182,16764934579355,16764934717012,16764934813621,16764936048516,1.469161,0.096609,1.234895,960
live,183,16764944579355,16764944713612,16764944790796,16764946009883,1.430528,0.077184,1.219087,960
live,184,16764954579355,16764954729699,16764954805060,16764956048307,1.468952,0.075361,1.243247,960
live,185,16764964579355,16764964718171,16764964784124,16764965994570,1.415215,0.065953,1.210446,960
live,186,16764974579355,16764974718674,16764974778931,16764975973569,1.394214,0.060257,1.194638,960
live,187,16764984579355,16764984713098,16764984774347,16764985972025,1.39267,0.061249,1.197678,960
live,188,16764994579355,16764994716034,16764995086662,16764997151839,2.572484,0.370628,2.065177,960
live,189,16765004579355,16765004924636,16765005365665,16765007766590,3.187235,0.441029,2.400925,960
live,190,16765014579355,16765014733777,16765015104917,16765017226959,2.647604,0.37114,2.122042,960
live,191,16765024579355,16765024714952,16765024784201,16765026811841,2.232486,0.069249,2.02764,960
live,192,16765034579355,16765034717120,16765034787105,16765036839833,2.260478,0.069985,2.052728,960
live,193,16765044579355,16765044721559,16765044800664,16765046818609,2.239254,0.079105,2.017945,960
live,194,16765054579355,16765054716527,16765054787248,16765057760691,3.181336,0.070721,2.973443,960
live,195,16765064579355,16765064763431,16765064842472,16765066889057,2.309702,0.079041,2.046585,960
live,196,16765074579355,16765074715390,16765074784895,16765076835160,2.255805,0.069505,2.050265,960
live,197,16765084579355,16765084715286,16765084796311,16765086836655,2.2573,0.081025,2.040344,960
live,198,16765094579355,16765094719181,16765094788398,16765096833255,2.2539,0.069217,2.044857,960
live,199,16765104579355,16765107019872,16765107193155,16765111803802,7.224447,0.173283,4.610647,960
replay,199,16765104579355,16765107087009,16765107425477,16765162326710,57.747355,0.338468,54.901233,73088
live,200,16765114579355,16765114799294,16765114931231,16765123838794,9.259439,0.131937,8.907563,960
live,201,16765124579355,16765124846646,16765125399708,16765126904238,2.324883,0.553062,1.50453,960
live,202,16765134579355,16765134748428,16765134841901,16765136949286,2.369931,0.093473,2.107385,960
live,203,16765144579355,16765144734851,16765144823973,16765146925726,2.346371,0.089122,2.101753,960
live,204,16765154579355,16765154741499,16765154820828,16765156982998,2.403643,0.079329,2.16217,960
live,205,16765164579355,16765164773779,16765164874548,16765167135087,2.555732,0.100769,2.260539,960
live,206,16765174579355,16765174733738,16765174806987,16765176750818,2.171463,0.073249,1.943831,960
live,207,16765184579355,16765184724578,16765184809219,16765186774970,2.195615,0.084641,1.965751,960
live,208,16765194579355,16765194724569,16765194831291,16765196757106,2.177751,0.106722,1.925815,960
live,209,16765204579355,16765204720785,16765204799346,16765206108321,1.528966,0.078561,1.308975,960
live,210,16765214579355,16765214858922,16765215033196,16765216662592,2.083237,0.174274,1.629396,960
live,211,16765224579355,16765224724096,16765224800449,16765226404212,1.824857,0.076353,1.603763,960
live,212,16765234579355,16765234719736,16765234802713,16765236413708,1.834353,0.082977,1.610995,960
live,213,16765244579355,16765244722639,16765244797648,16765246334274,1.754919,0.075009,1.536626,960
live,214,16765254579355,16765254722343,16765254795144,16765256053751,1.474396,0.072801,1.258607,960
live,215,16765264579355,16765264723326,16765264799935,16765265989454,1.410099,0.076609,1.189519,960
live,216,16765274579355,16765274730934,16765274809623,16765276050726,1.471371,0.078689,1.241103,960
live,217,16765284579355,16765284722414,16765284797262,16765286019837,1.440482,0.074848,1.222575,960
live,218,16765294579355,16765294723717,16765294798374,16765296401657,1.822302,0.074657,1.603283,960
live,219,16765304579355,16765304725213,16765304793918,16765305989260,1.409905,0.068705,1.195342,960
live,220,16765314579355,16765314723988,16765314788789,16765320805501,6.226146,0.064801,6.016712,960
live,221,16765324579355,16765324733132,16765325129489,16765327579118,2.999763,0.396357,2.449629,960
live,222,16765334579355,16765334731108,16765335131656,16765337357251,2.777896,0.400548,2.225595,960
live,223,16765344579355,16765344721243,16765345085599,16765347111096,2.531741,0.364356,2.025497,960
live,224,16765354579355,16765354727987,16765354802068,16765356801740,2.222385,0.074081,1.999672,960
live,225,16765364579355,16765364728778,16765364812267,16765366756067,2.176712,0.083489,1.9438,960
live,226,16765374579355,16765374727842,16765374811491,16765376801435,2.22208,0.083649,1.989944,960
live,227,16765384579355,16765384726073,16765384794522,16765386725137,2.145782,0.068449,1.930615,960
live,228,16765394579355,16765394782194,16765394871571,16765396843722,2.264367,0.089377,1.972151,960
live,229,16765404579355,16765404747081,16765404828266,16765406762593,2.183238,0.081185,1.934327,960
live,230,16765414579355,16765414733024,16765414803201,16765416761913,2.182558,0.070177,1.958712,960
live,231,16765424579355,16765424726200,16765424798937,16765427106100,2.526745,0.072737,2.307163,960
live,232,16765434579355,16765434722991,16765434805008,16765437157868,2.578513,0.082017,2.35286,960
live,233,16765444579355,16765444723143,16765444792936,16765447104931,2.525576,0.069793,2.311995,960
live,234,16765454579355,16765454721022,16765454790047,16765457021466,2.442111,0.069025,2.231419,960
live,235,16765464579355,16765464726550,16765464806039,16765466747118,2.167763,0.079489,1.941079,960
live,236,16765474579355,16765474726734,16765474812239,16765476773382,2.194027,0.085505,1.961143,960
live,237,16765484579355,16765484723973,16765484827142,16765486756670,2.177315,0.103169,1.929528,960
live,238,16765494579355,16765494724445,16765494796126,16765496769941,2.190586,0.071681,1.973815,960
live,239,16765504579355,16765504719060,16765504786165,16765506695564,2.116209,0.067105,1.909399,960
live,240,16765514579355,16765514720396,16765514786413,16765520516529,5.937174,0.066017,5.730116,960
live,241,16765524579355,16765524736228,16765524829861,16765526815805,2.23645,0.093633,1.985944,960
live,242,16765534579355,16765534726491,16765534802684,16765537066327,2.486972,0.076193,2.263643,960
live,243,16765544579355,16765544726803,16765544809460,16765547151888,2.572533,0.082657,2.342428,960
live,244,16765554579355,16765554729866,16765554806795,16765557103847,2.524492,0.076929,2.297052,960
live,245,16765564579355,16765564730402,16765564946469,16765567322369,2.743014,0.216067,2.3759,960
live,246,16765574579355,16765574790426,16765574917212,16765577023157,2.443802,0.126786,2.105945,960
live,247,16765584579355,16765584750289,16765584844051,16765586872075,2.29272,0.093762,2.028024,960
live,248,16765594579355,16765594732105,16765594825642,16765596850562,2.271207,0.093537,2.02492,960
live,249,16765604579355,16765604731712,16765604823553,16765606793913,2.214558,0.091841,1.97036,960
live,250,16765614579355,16765614727512,16765614799673,16765616824017,2.244662,0.072161,2.024344,960
live,251,16765624579355,16765624728752,16765624813905,16765626785384,2.206029,0.085153,1.971479,960
live,252,16765634579355,16765634733927,16765634804872,16765637181188,2.601833,0.070945,2.376316,960
live,253,16765644579355,16765644724767,16765644795711,16765647167452,2.588097,0.070944,2.371741,960
live,254,16765654579355,16765654720182,16765654790871,16765657173203,2.593848,0.070689,2.382332,960
live,255,16765664579355,16765664723886,16765664793679,16765667033001,2.453646,0.069793,2.239322,960
live,256,16765674579355,16765674725669,16765674810310,16765676814942,2.235587,0.084641,2.004632,960
live,257,16765684579355,16765684727613,16765684809118,16765686729461,2.150106,0.081505,1.920343,960
live,258,16765694579355,16765694728309,16765694795893,16765697009264,2.429909,0.067584,2.213371,960
live,259,16765704579355,16765704721612,16765704791597,16765706713668,2.134313,0.069985,1.922071,960
live,260,16765714579355,16765714728932,16765714800901,16765721072784,6.493429,0.071969,6.271883,960
live,261,16765724579355,16765724916638,16765725745864,16765727424476,2.845121,0.829226,1.678612,960
live,262,16765734579355,16765734731251,16765734818932,16765736183556,1.604201,0.087681,1.364624,960
live,263,16765744579355,16765744724874,16765744804459,16765746383134,1.803779,0.079585,1.578675,960
live,264,16765754579355,16765754723074,16765754788739,16765756405398,1.826043,0.065665,1.616659,960
live,265,16765764579355,16765764725434,16765764790522,16765766322797,1.743442,0.065088,1.532275,960
live,266,16765774579355,16765774727889,16765774789298,16765776045793,1.466438,0.061409,1.256495,960
live,267,16765784579355,16765784746729,16765784861962,16765786358780,1.779425,0.115233,1.496818,960
live,268,16765794579355,16765794738049,16765794830722,16765796154290,1.574935,0.092673,1.323568,960
live,269,16765804579355,16765804731448,16765804797913,16765806397900,1.818545,0.066465,1.599987,960
live,270,16765814579355,16765814719952,16765814780368,16765816046143,1.466788,0.060416,1.265775,960
live,271,16765824579355,16765824720263,16765824787240,16765826019351,1.439996,0.066977,1.232111,960
live,272,16765834579355,16765834728767,16765834821984,16765836245265,1.66591,0.093217,1.423281,960
live,273,16765844579355,16765844732886,16765844810039,16765846395402,1.816047,0.077153,1.585363,960
live,274,16765854579355,16765854722766,16765854789519,16765856371330,1.791975,0.066753,1.581811,960
live,275,16765864579355,16765864717061,16765864783462,16765866409850,1.830495,0.066401,1.626388,960
live,276,16765874579355,16765874719709,16765874781598,16765876037485,1.45813,0.061889,1.255887,960
live,277,16765884579355,16765884727509,16765884809270,16765886138118,1.558763,0.081761,1.328848,960
live,278,16765894579355,16765894724396,16765894791021,16765896079772,1.500417,0.066625,1.288751,960
live,279,16765904579355,16765904716100,16765904780293,16765906018803,1.439448,0.064193,1.23851,960
live,280,16765914579355,16765914724347,16765914790524,16765920606050,6.026695,0.066177,5.815526,960
live,281,16765924579355,16765924739443,16765924839572,16765926103524,1.524169,0.100129,1.263952,960
live,282,16765934579355,16765934747371,16765934859052,16765936284541,1.705186,0.111681,1.425489,960
live,283,16765944579355,16765944731362,16765944813091,16765946099155,1.5198,0.081729,1.286064,960
live,284,16765954579355,16765954729594,16765954794619,16765956429966,1.850611,0.065025,1.635347,960
live,285,16765964579355,16765964722577,16765964788914,16765966501671,1.922316,0.066337,1.712757,960
live,286,16765974579355,16765974727241,16765974796266,16765976399581,1.820226,0.069025,1.603315,960
live,287,16765984579355,16765984738049,16765984824418,16765986155730,1.576375,0.086369,1.331312,960
live,288,16765994579355,16765994729560,16765994806233,16765996423724,1.844369,0.076673,1.617491,960
live,289,16766004579355,16766004720688,16766004786000,16766006357571,1.778216,0.065312,1.571571,960
live,290,16766014579355,16766014722151,16766014790184,16766016083960,1.504605,0.068033,1.293776,960
live,291,16766024579355,16766024732063,16766024800288,16766026320658,1.741303,0.068225,1.52037,960
live,292,16766034579355,16766034747895,16766034835640,16766036220552,1.641197,0.087745,1.384912,960
live,293,16766044579355,16766044727054,16766044806191,16766046052958,1.473603,0.079137,1.246767,960
live,294,16766054579355,16766054725926,16766054802375,16766056431226,1.851871,0.076449,1.628851,960
live,295,16766064579355,16766064718845,16766064783230,16766066496530,1.917175,0.064385,1.7133,960
live,296,16766074579355,16766074724885,16766074784310,16766076387977,1.808622,0.059425,1.603667,960
live,297,16766084579355,16766085046832,16766085138257,16766087555310,2.975955,0.091425,2.417053,960
live,298,16766094579355,16766094728132,16766094817189,16766096884510,2.305155,0.089057,2.067321,960
live,299,16766104579355,16766105393348,16766105581446,16766109105328,4.525973,0.188098,3.523882,960
replay,299,16766104579355,16766105465797,16766106115692,16766161863271,57.283916,0.649895,55.747579,73088
live,300,16766114579355,16766116098660,16766116415719,16766124246373,9.667018,0.317059,7.830654,960
live,301,16766124579355,16766124842348,16766124970222,16766126791300,2.211945,0.127874,1.821078,960
live,302,16766134579355,16766134755971,16766134838436,16766137135583,2.556228,0.082465,2.297147,960
live,303,16766144579355,16766144798907,16766145235904,16766147484667,2.905312,0.436997,2.248763,960
live,304,16766154579355,16766155013397,16766155423322,16766159180359,4.601004,0.409925,3.757037,960
live,305,16766164579355,16766164808234,16766164907723,16766167247655,2.6683,0.099489,2.339932,960
live,306,16766174579355,16766174747169,16766174838498,16766176845946,2.266591,0.091329,2.007448,960
live,307,16766184579355,16766184734713,16766184845050,16766186881714,2.302359,0.110337,2.036664,960
live,308,16766194579355,16766194760624,16766194857650,16766197149069,2.569714,0.097026,2.291419,960
live,309,16766204579355,16766204733160,16766204804169,16766206782240,2.202885,0.071009,1.978071,960
live,310,16766214579355,16766214728191,16766214798176,16766216793560,2.214205,0.069985,1.995384,960
live,311,16766224579355,16766224726455,16766224807928,16766226773615,2.19426,0.081473,1.965687,960
live,312,16766234579355,16766234729102,16766234806639,16766236931081,2.351726,0.077537,2.124442,960
live,313,16766244579355,16766244737382,16766244839431,16766247116579,2.537224,0.102049,2.277148,960
live,314,16766254579355,16766254742078,16766254841599,16766256674645,2.09529,0.099521,1.833046,960
live,315,16766264579355,16766264742965,16766264829526,16766266930256,2.350901,0.086561,2.10073,960
live,316,16766274579355,16766274731885,16766274809390,16766277094825,2.51547,0.077505,2.285435,960
live,317,16766284579355,16766284724036,16766284798565,16766287040512,2.461157,0.074529,2.241947,960
live,318,16766294579355,16766294747228,16766294845181,16766297322299,2.742944,0.097953,2.477118,960
live,319,16766304579355,16766304736628,16766304821269,16766307113744,2.534389,0.084641,2.292475,960
live,320,16766314579355,16766314728651,16766314814028,16766321599261,7.019906,0.085377,6.785233,960
live,321,16766324579355,16766324738211,16766324843556,16766327149024,2.569669,0.105345,2.305468,960
live,322,16766334579355,16766334726298,16766334804923,16766337135351,2.555996,0.078625,2.330428,960
live,323,16766344579355,16766344747090,16766344839763,16766347304977,2.725622,0.092673,2.465214,960
live,324,16766354579355,16766354735626,16766354811979,16766357201095,2.62174,0.076353,2.389116,960
live,325,16766364579355,16766364737569,16766364824002,16766367131262,2.551907,0.086433,2.30726,960
live,326,16766374579355,16766374735097,16766374810010,16766377103893,2.524538,0.074913,2.293883,960
live,327,16766384579355,16766384727440,16766384801777,16766387086605,2.50725,0.074337,2.284828,960
live,328,16766394579355,16766394833833,16766394983051,16766397584394,3.005039,0.149218,2.601343,960
live,329,16766404579355,16766404741824,16766404821793,16766407116028,2.536673,0.079969,2.294235,960
live,330,16766414579355,16766414730903,16766414823416,16766417138900,2.559545,0.092513,2.315484,960
live,331,16766424579355,16766424732015,16766424839184,16766427113867,2.534512,0.107169,2.274683,960
live,332,16766434579355,16766434731430,16766434803783,16766437109347,2.529992,0.072353,2.305564,960
live,333,16766444579355,16766444730270,16766444814815,16766447711810,3.132455,0.084545,2.896995,960
live,334,16766454579355,16766454735862,16766454822167,16766457078258,2.498903,0.086305,2.256091,960
live,335,16766464579355,16766464734893,16766464823982,16766466279936,1.700581,0.089089,1.455954,960
live,336,16766474579355,16766474773189,16766474874694,16766476223255,1.6439,0.101505,1.348561,960
live,337,16766484579355,16766484748189,16766484829854,16766486070476,1.491121,0.081665,1.240622,960
live,338,16766494579355,16766494737812,16766494818677,16766496090308,1.510953,0.080865,1.271631,960
live,339,16766504579355,16766504759404,16766504851949,16766506258750,1.679395,0.092545,1.406801,960
live,340,16766514579355,16766514729731,16766514806756,16766520670506,6.091151,0.077025,5.86375,960
live,341,16766524579355,16766524735067,16766524813884,16766526358958,1.779603,0.078817,1.545074,960
live,342,16766534579355,16766534727730,16766534798739,16766536360902,1.781547,0.071009,1.562163,960
live,343,16766544579355,16766544730634,16766544797419,16766546331869,1.752514,0.066785,1.53445,960
live,344,16766554579355,16766554741538,16766554833283,16766556567287,1.987932,0.091745,1.734004,960
live,345,16766564579355,16766564739001,16766564823034,16766566381293,1.801938,0.084033,1.558259,960
live,346,16766574579355,16766574726129,16766574794769,16766576363332,1.783977,0.06864,1.568563,960
live,347,16766584579355,16766584735080,16766584803017,16766586344988,1.765633,0.067937,1.541971,960
live,348,16766594579355,16766594727808,16766594804801,16766596382356,1.803001,0.076993,1.577555,960
live,349,16766604579355,16766604748152,16766604839609,16766606513549,1.934194,0.091457,1.67394,960
live,350,16766614579355,16766614739439,16766614809040,16766616389411,1.810056,0.069601,1.580371,960
live,351,16766624579355,16766624726375,16766624802696,16766626344762,1.765407,0.076321,1.542066,960
live,352,16766634579355,16766634727582,16766634797055,16766636340946,1.761591,0.069473,1.543891,960
live,353,16766644579355,16766644729878,16766644799095,16766646337641,1.758286,0.069217,1.538546,960
live,354,16766654579355,16766654744334,16766654843087,16766656542435,1.96308,0.098753,1.699348,960
live,355,16766664579355,16766664742981,16766664826086,16766666369849,1.790494,0.083105,1.543763,960
live,356,16766674579355,16766674726173,16766674792957,16766676357776,1.778421,0.066784,1.564819,960
live,357,16766684579355,16766684722740,16766684787477,16766686298919,1.719564,0.064737,1.511442,960
live,358,16766694579355,16766694740652,16766694822509,16766696410080,1.830725,0.081857,1.587571,960
live,359,16766704579355,16766704754212,16766704842981,16766706500537,1.921182,0.088769,1.657556,960
live,360,16766714579355,16766714731803,16766714825596,16766720624578,6.045223,0.093793,5.798982,960
live,361,16766724579355,16766724770131,16766724863444,16766726452263,1.872908,0.093313,1.588819,960
live,362,16766734579355,16766734734506,16766734816747,16766736398846,1.819491,0.082241,1.582099,960
live,363,16766744579355,16766744732258,16766744802403,16766746348789,1.769434,0.070145,1.546386,960
live,364,16766754579355,16766754739770,16766754831515,16766756509743,1.930388,0.091745,1.678228,960
live,365,16766764579355,16766764737489,16766764817682,16766766372965,1.79361,0.080193,1.555283,960
live,366,16766774579355,16766774728073,16766774808266,16766776385596,1.806241,0.080193,1.57733,960
live,367,16766784579355,16766784734720,16766784802753,16766786344020,1.764665,0.068033,1.541267,960
live,368,16766794579355,16766794725784,16766794791673,16766796359019,1.779664,0.065889,1.567346,960
live,369,16766804579355,16766804810544,16766804888849,16766806489444,1.910089,0.078305,1.600595,960
live,370,16766814579355,16766814730375,16766814808552,16766816403387,1.824032,0.078177,1.594835,960
live,371,16766824579355,16766824732127,16766824814848,16766826367602,1.788247,0.082721,1.552754,960
live,372,16766834579355,16766834727254,16766834797175,16766836356906,1.777551,0.069921,1.559731,960
live,373,16766844579355,16766844731310,16766844798767,16766846328001,1.748646,0.067457,1.529234,960
live,374,16766854579355,16766854728197,16766854814598,16766857410501,2.831146,0.086401,2.595903,960
live,375,16766864579355,16766864737981,16766864828990,16766867164122,2.584767,0.091009,2.335132,960
live,376,16766874579355,16766874735861,16766874807957,16766877175858,2.596503,0.072096,2.367901,960
live,377,16766884579355,16766884730892,16766884816429,16766887157993,2.578638,0.085537,2.341564,960
live,378,16766894579355,16766894724804,16766894805477,16766897176289,2.596934,0.080673,2.370812,960
live,379,16766904579355,16766904726203,16766904808252,16766907715519,3.136164,0.082049,2.907267,960
live,380,16766914579355,16766914779636,16766914877429,16766921459459,6.880104,0.097793,6.58203,960
live,381,16766924579355,16766924775755,16766924862316,16766926956997,2.377642,0.086561,2.094681,960
live,382,16766934579355,16766934736994,16766934840099,16766936947069,2.367714,0.103105,2.10697,960
live,383,16766944579355,16766944764570,16766944873019,16766947285656,2.706301,0.108449,2.412637,960
live,384,16766954579355,16766954743185,16766954836371,16766957206063,2.626708,0.093186,2.369692,960
live,385,16766964579355,16766964842794,16766964933995,16766967316872,2.737517,0.091201,2.382877,960
live,386,16766974579355,16766974736609,16766974822914,16766977234078,2.654723,0.086305,2.411164,960
live,387,16766984579355,16766984729656,16766984817177,16766987152501,2.573146,0.087521,2.335324,960
live,388,16766994579355,16766994730416,16766994845201,16766997186893,2.607538,0.114785,2.341692,960
live,389,16767004579355,16767004724263,16767004806024,16767007126116,2.546761,0.081761,2.320092,960
live,390,16767014579355,16767014730335,16767014805504,16767016501172,1.921817,0.075169,1.695668,960
live,391,16767024579355,16767024721078,16767024814360,16767026376746,1.797391,0.093282,1.562386,960
live,392,16767034579355,16767034725358,16767034807919,16767036388834,1.809479,0.082561,1.580915,960
live,393,16767044579355,16767044726854,16767044806343,16767046333657,1.754302,0.079489,1.527314,960
live,394,16767054579355,16767054720477,16767054788286,16767056351601,1.772246,0.067809,1.563315,960
live,395,16767064579355,16767064727765,16767064811958,16767066375145,1.79579,0.084193,1.563187,960
live,396,16767074579355,16767074731597,16767074811182,16767076376032,1.796677,0.079585,1.56485,960
live,397,16767084579355,16767084727108,16767084804229,16767086331799,1.752444,0.077121,1.52757,960
live,398,16767094579355,16767094730748,16767094813149,16767096356463,1.777108,0.082401,1.543314,960
live,399,16767104579355,16767105330587,16767105493597,16767108064571,3.485216,0.16301,2.570974,960
replay,399,16767104579355,16767105389787,16767105841473,16767160804274,56.224919,0.451686,54.962801,73088
live,400,16767114579355,16767115516372,16767116171004,16767123303410,8.724055,0.654632,7.132406,960
live,401,16767124579355,16767124806500,16767125327498,16767127789991,3.210636,0.520998,2.462493,960
live,402,16767134579355,16767134773883,16767135220608,16767137696894,3.117539,0.446725,2.476286,960
live,403,16767144579355,16767144788050,16767145204727,16767147496147,2.916792,0.416677,2.29142,960
live,404,16767154579355,16767155008813,16767155456434,16767158221587,3.642232,0.447621,2.765153,960
live,405,16767164579355,16767164765057,16767164871491,16767167437857,2.858502,0.106434,2.566366,960
live,406,16767174579355,16767174725753,16767175037116,16767176882994,2.303639,0.311363,1.845878,960
live,407,16767184579355,16767184757169,16767184851602,16767187110093,2.530738,0.094433,2.258491,960
live,408,16767194579355,16767194760328,16767194855785,16767197197477,2.618122,0.095457,2.341692,960
live,409,16767204579355,16767204753152,16767204850369,16767207133916,2.554561,0.097217,2.283547,960
live,410,16767214579355,16767214761079,16767214851960,16767217158292,2.578937,0.090881,2.306332,960
live,411,16767224579355,16767224752207,16767224846320,16767227133547,2.554192,0.094113,2.287227,960
live,412,16767234579355,16767234752455,16767234841960,16767237155395,2.57604,0.089505,2.313435,960
live,413,16767244579355,16767244739582,16767244820927,16767247092442,2.513087,0.081345,2.271515,960
live,414,16767254579355,16767254752246,16767254834071,16767257154546,2.575191,0.081825,2.320475,960
live,415,16767264579355,16767264751821,16767264837934,16767267088937,2.509582,0.086113,2.251003,960
live,416,16767274579355,16767274751493,16767274839942,16767277145634,2.566279,0.088449,2.305692,960
live,417,16767284579355,16767284744284,16767284824541,16767287085784,2.506429,0.080257,2.261243,960
live,418,16767294579355,16767294743924,16767294826293,16767297127697,2.548342,0.082369,2.301404,960
live,419,16767304579355,16767304749324,16767304832237,16767307102792,2.523437,0.082913,2.270555,960
live,420,16767314579355,16767314750051,16767314833124,16767321894521,7.315166,0.083073,7.061397,960
live,421,16767324579355,16767324766555,16767324857020,16767327167128,2.587773,0.090465,2.310108,960
live,422,16767334579355,16767334743314,16767334839124,16767337174096,2.594741,0.09581,2.334972,960
live,423,16767344579355,16767344747050,16767344825803,16767347081638,2.502283,0.078753,2.255835,960
live,424,16767354579355,16767354762850,16767354842819,16767357147806,2.568451,0.079969,2.304987,960
live,425,16767364579355,16767364751993,16767364846138,16767367121942,2.542587,0.094145,2.275804,960
live,426,16767374579355,16767374736785,16767374819954,16767377157134,2.577779,0.083169,2.33718,960
live,427,16767384579355,16767384748841,16767384827817,16767387102021,2.522666,0.078976,2.274204,960
live,428,16767394579355,16767394744448,16767394827201,16767397226142,2.646787,0.082753,2.398941,960
live,429,16767404579355,16767404739320,16767404834073,16767407099828,2.520473,0.094753,2.265755,960
live,430,16767414579355,16767414837232,16767414983410,16767417286958,2.707603,0.146178,2.303548,960
live,431,16767424579355,16767424782087,16767424889833,16767427168452,2.589097,0.107746,2.278619,960
live,432,16767434579355,16767434761439,16767434864896,16767437151003,2.571648,0.103457,2.286107,960
live,433,16767444579355,16767444760982,16767444853175,16767447100466,2.521111,0.092193,2.247291,960
live,434,16767454579355,16767454753646,16767454836911,16767457134186,2.554831,0.083265,2.297275,960
live,435,16767464579355,16767464738853,16767464820774,16767467098593,2.519238,0.081921,2.277819,960
live,436,16767474579355,16767474731709,16767474812798,16767477129625,2.55027,0.081089,2.316827,960
live,437,16767484579355,16767484739924,16767484824149,16767487084593,2.505238,0.084225,2.260444,960
live,438,16767494579355,16767494746956,16767494835437,16767497135049,2.555694,0.088481,2.299612,960
live,439,16767504579355,16767504744932,16767504821893,16767507115232,2.535877,0.076961,2.293339,960
live,440,16767514579355,16767514743867,16767514825308,16767521354058,6.774703,0.081441,6.52875,960
live,441,16767524579355,16767524787411,16767524870836,16767527188688,2.609333,0.083425,2.317852,960
live,442,16767534579355,16767534740619,16767534822091,16767537120583,2.541228,0.081472,2.298492,960
live,443,16767544579355,16767544747778,16767544839011,16767546453111,1.873756,0.091233,1.6141,960
live,444,16767554579355,16767554758682,16767554842043,16767556430670,1.851315,0.083361,1.588627,960
live,445,16767564579355,16767564750129,16767564831090,16767566388133,1.808778,0.080961,1.557043,960
live,446,16767574579355,16767574857802,16767574958348,16767576607455,2.0281,0.100546,1.649107,960
live,447,16767584579355,16767584756001,16767584840834,16767586378196,1.798841,0.084833,1.537362,960
live,448,16767594579355,16767594754392,16767594825977,16767596380492,1.801137,0.071585,1.554515,960
live,449,16767604579355,16767604746960,16767604826257,16767606401700,1.822345,0.079297,1.575443,960
live,450,16767614579355,16767614747047,16767614815944,16767616367867,1.788512,0.068897,1.551923,960
live,451,16767624579355,16767624789024,16767624867776,16767626592597,2.013242,0.078752,1.724821,960
live,452,16767634579355,16767634758647,16767634838904,16767636421995,1.84264,0.080257,1.583091,960
live,453,16767644579355,16767644741326,16767644822607,16767646374018,1.794663,0.081281,1.551411,960
live,454,16767654579355,16767654763430,16767654850471,16767656482651,1.903296,0.087041,1.63218,960
live,455,16767664579355,16767664744029,16767665059169,16767666462962,1.883607,0.31514,1.403793,960
live,456,16767674579355,16767674755925,16767675070585,16767677128562,2.549207,0.31466,2.057977,960
live,457,16767684579355,16767684772333,16767684857966,16767687172554,2.593199,0.085633,2.314588,960
live,458,16767694579355,16767694750404,16767694828485,16767697119393,2.540038,0.078081,2.290908,960
live,459,16767704579355,16767704743324,16767704823133,16767707080472,2.501117,0.079809,2.257339,960
live,460,16767714579355,16767714761556,16767714840117,16767721316354,6.736999,0.078561,6.476237,960
live,461,16767724579355,16767724748971,16767724842700,16767727136488,2.557133,0.093729,2.293788,960
live,462,16767734579355,16767734747939,16767734827780,16767737153631,2.574276,0.079841,2.325851,960
live,463,16767744579355,16767744743002,16767744822747,16767747100822,2.521467,0.079745,2.278075,960
live,464,16767754579355,16767754743474,16767754822099,16767757103438,2.524083,0.078625,2.281339,960
live,465,16767764579355,16767764751818,16767764830891,16767767108486,2.529131,0.079073,2.277595,960
live,466,16767774579355,16767774745281,16767774832610,16767777129726,2.550371,0.087329,2.297116,960
live,467,16767784579355,16767784738073,16767784814490,16767787096981,2.517626,0.076417,2.282491,960
live,468,16767794579355,16767794738032,16767794821265,16767797121357,2.542002,0.083233,2.300092,960
live,469,16767804579355,16767804755080,16767804831881,16767807108004,2.528649,0.076801,2.276123,960
live,470,16767814579355,16767814745984,16767814837025,16767817127804,2.548449,0.091041,2.290779,960
live,471,16767824579355,16767824750167,16767824829752,16767827119860,2.540505,0.079585,2.290108,960
live,472,16767834579355,16767834738543,16767834814416,16767837120299,2.540944,0.075873,2.305883,960
live,473,16767844579355,16767844745638,16767844824967,16767847086402,2.507047,0.079329,2.261435,960
live,474,16767854579355,16767854756318,16767854834943,16767857222524,2.643169,0.078625,2.387581,960
live,475,16767864579355,16767864746998,16767864838327,16767866556939,1.977584,0.091329,1.718612,960
live,476,16767874579355,16767874806350,16767874937871,16767876554307,1.974952,0.131521,1.616436,960
live,477,16767884579355,16767884812422,16767884929671,16767886495450,1.916095,0.117249,1.565779,960
live,478,16767894579355,16767894771709,16767894871550,16767896446737,1.867382,0.099841,1.575187,960
live,479,16767904579355,16767904769844,16767904857333,16767907078992,2.499637,0.087489,2.221659,960
live,480,16767914579355,16767914758764,16767914839501,16767921335610,6.756255,0.080737,6.496109,960
live,481,16767924579355,16767924763299,16767924848836,16767927157248,2.577893,0.085537,2.308412,960
live,482,16767934579355,16767934735771,16767934816924,16767936858388,2.279033,0.081153,2.041464,960
live,483,16767944579355,16767944753522,16767944837139,16767947131887,2.552532,0.083617,2.294748,960
live,484,16767954579355,16767954751978,16767954831851,16767956851651,2.272296,0.079873,2.0198,960
live,485,16767964579355,16767965123398,16767965273192,16767967262848,2.683493,0.149794,1.989656,960
live,486,16767974579355,16767974783162,16767974890683,16767976217355,1.638,0.107521,1.326672,960
live,487,16767984579355,16767985143094,16767985251351,16767986869578,2.290223,0.108257,1.618227,960
live,488,16767994579355,16767994757289,16767994838890,16767996138649,1.559294,0.081601,1.299759,960
live,489,16768004579355,16768004744896,16768004827681,16768006073296,1.493941,0.082785,1.245615,960
live,490,16768014579355,16768014751224,16768014839545,16768016426828,1.847473,0.088321,1.587283,960
live,491,16768024579355,16768024754671,16768024830160,16768026355139,1.775784,0.075489,1.524979,960
live,492,16768034579355,16768034743751,16768034824616,16768037379590,2.800235,0.080865,2.554974,960
live,493,16768044579355,16768044737790,16768044813663,16768046334258,1.754903,0.075873,1.520595,960
live,494,16768054579355,16768054752118,16768054824375,16768056074182,1.494827,0.072257,1.249807,960
live,495,16768064579355,16768064741966,16768064820431,16768066332865,1.75351,0.078465,1.512434,960
live,496,16768074579355,16768074745445,16768074816006,16768076043093,1.463738,0.070561,1.227087,960
live,497,16768084579355,16768084778525,16768084889887,16768086386993,1.807638,0.111362,1.497106,960
live,498,16768094579355,16768094766101,16768094856022,16768096155717,1.576362,0.089921,1.299695,960
live,499,16768104579355,16768105341683,16768105518165,16768107976627,3.397272,0.176482,2.458462,960
replay,499,16768104579355,16768105418036,16768105801753,16768157420066,52.840711,0.383717,51.618313,73088
live,500,16768114579355,16768115040743,16768115261674,16768122629186,8.049831,0.220931,7.367512,960
live,501,16768124579355,16768124809596,16768124963742,16768126929910,2.350555,0.154146,1.966168,960
live,502,16768134579355,16768134796564,16768134919445,16768136931501,2.352146,0.122881,2.012056,960
live,503,16768144579355,16768144753707,16768144868300,16768146634209,2.054854,0.114593,1.765909,960
live,504,16768154579355,16768157490243,16768157645413,16768159267864,4.688509,0.15517,1.622451,960
live,505,16768164579355,16768164784602,16768164887612,16768166032681,1.453326,0.10301,1.145069,960
live,506,16768174579355,16768174768306,16768174845811,16768175981472,1.402117,0.077505,1.135661,960
live,507,16768184579355,16768184748649,16768184852330,16768186052953,1.473598,0.103681,1.200623,960
live,508,16768194579355,16768194765857,16768194849858,16768196140081,1.560726,0.084001,1.290223,960
live,509,16768204579355,16768204773849,16768204845946,16768206066696,1.487341,0.072097,1.22075,960
live,510,16768214579355,16768214748816,16768214828017,16768216081056,1.501701,0.079201,1.253039,960
live,511,16768224579355,16768224753384,16768224833545,16768226042103,1.462748,0.080161,1.208558,960
live,512,16768234579355,16768234749887,16768235175748,16768236550261,1.970906,0.425861,1.374513,960
live,513,16768244579355,16768244760695,16768245168892,16768246637773,2.058418,0.408197,1.468881,960
live,514,16768254579355,16768254735726,16768254815023,16768256098495,1.51914,0.079297,1.283472,960
live,515,16768264579355,16768264749670,16768264828711,16768266070678,1.491323,0.079041,1.241967,960
live,516,16768274579355,16768274760766,16768274835679,16768276109870,1.530515,0.074913,1.274191,960
live,517,16768284579355,16768284740885,16768284824982,16768286040549,1.461194,0.084097,1.215567,960
live,518,16768294579355,16768294905519,16768294986928,16768296551682,1.972327,0.081409,1.564754,960
live,519,16768304579355,16768304749317,16768304825701,16768306031284,1.451929,0.076384,1.205583,960
live,520,16768314579355,16768314743996,16768314821917,16768320620290,6.040935,0.077921,5.798373,960
live,521,16768324579355,16768324766740,16768324856085,16768326135076,1.555721,0.089345,1.278991,960
live,522,16768334579355,16768334749803,16768334828268,16768336163804,1.584449,0.078465,1.335536,960
live,523,16768344579355,16768344744323,16768344843300,16768347474308,2.894953,0.098977,2.631008,960
live,524,16768354579355,16768354753563,16768354838300,16768356986677,2.407322,0.084737,2.148377,960
live,525,16768364579355,16768364754642,16768364839859,16768366942668,2.363313,0.085217,2.102809,960
live,526,16768374579355,16768374745098,16768374824363,16768376944516,2.365161,0.079265,2.120153,960
live,527,16768384579355,16768384740065,16768384828290,16768386912027,2.332672,0.088225,2.083737,960
live,528,16768394579355,16768394759001,16768394839002,16768397121685,2.54233,0.080001,2.282683,960
live,529,16768404579355,16768404741073,16768404817586,16768406928363,2.349008,0.076513,2.110777,960
live,530,16768414579355,16768414802249,16768414940523,16768417077540,2.498185,0.138274,2.137017,960
live,531,16768424579355,16768424776544,16768424915458,16768427017819,2.438464,0.138914,2.102361,960
live,532,16768434579355,16768434839833,16768434930458,16768437023731,2.444376,0.090625,2.093273,960
live,533,16768444579355,16768444793328,16768444881553,16768446949993,2.370638,0.088225,2.06844,960
live,534,16768454579355,16768454770951,16768454855560,16768456987106,2.407751,0.084609,2.131546,960
live,535,16768464579355,16768464752254,16768464843904,16768466940153,2.360798,0.09165,2.096249,960
live,536,16768474579355,16768474760470,16768474841559,16768476919728,2.340373,0.081089,2.078169,960
live,537,16768484579355,16768484753230,16768484836687,16768486883527,2.304172,0.083457,2.04684,960
live,538,16768494579355,16768494748773,16768494828390,16768496916415,2.33706,0.079617,2.088025,960
live,539,16768504579355,16768504741213,16768504820798,16768506918871,2.339516,0.079585,2.098073,960
live,540,16768514579355,16768514743604,16768514826293,16768521263234,6.683879,0.082689,6.436941,960
live,541,16768524579355,16768524748908,16768524831053,16768526940166,2.360811,0.082145,2.109113,960
live,542,16768534579355,16768534742020,16768534822533,16768536893341,2.313986,0.080513,2.070808,960
live,543,16768544579355,16768544746171,16768544825564,16768546983926,2.404571,0.079393,2.158362,960
live,544,16768554579355,16768554743891,16768554826996,16768556934189,2.354834,0.083105,2.107193,960
live,545,16768564579355,16768564758219,16768564850860,16768566231420,1.652065,0.092641,1.38056,960
live,546,16768574579355,16768574764386,16768574849955,16768576906428,2.327073,0.085569,2.056473,960
live,547,16768584579355,16768584749562,16768584831835,16768586892595,2.31324,0.082273,2.06076,960
live,548,16768594579355,16768594750161,16768594832882,16768596866955,2.2876,0.082721,2.034073,960
live,549,16768604579355,16768604750857,16768604838634,16768606928611,2.349256,0.087777,2.089977,960
live,550,16768614579355,16768614752449,16768614834690,16768616947067,2.367712,0.082241,2.112377,960
live,551,16768624579355,16768624757848,16768624849785,16768626924370,2.345015,0.091937,2.074585,960
live,552,16768634579355,16768634760656,16768634841617,16768636916618,2.337263,0.080961,2.075001,960
live,553,16768644579355,16768644749447,16768644827432,16768646875329,2.295974,0.077985,2.047897,960
live,554,16768654579355,16768654740063,16768654822304,16768656939801,2.360446,0.082241,2.117497,960
live,555,16768664579355,16768664745239,16768664823960,16768666898704,2.319349,0.078721,2.074744,960
live,556,16768674579355,16768674747278,16768674837487,16768676933192,2.353837,0.090209,2.095705,960
live,557,16768684579355,16768684759686,16768684837639,16768686898976,2.319621,0.077953,2.061337,960
live,558,16768694579355,16768694751326,16768694833279,16768696900599,2.321244,0.081953,2.06732,960
live,559,16768704579355,16768704734389,16768704811446,16768706880463,2.301108,0.077057,2.069017,960
live,560,16768714579355,16768714742125,16768714825870,16768718865854,4.286499,0.083745,4.039984,960
live,561,16768724579355,16768724771493,16768724854022,16768726628571,2.049216,0.082529,1.774549,960
live,562,16768734579355,16768734759644,16768734855869,16768736693203,2.113848,0.096225,1.837334,960
live,563,16768744579355,16768744762516,16768744866677,16768746999759,2.420404,0.104161,2.133082,960
live,564,16768754579355,16768754861005,16768754944078,16768757169064,2.589709,0.083073,2.224986,960
live,565,16768764579355,16768764756675,16768764840836,16768766988350,2.408995,0.084161,2.147514,960
live,566,16768774579355,16768774746138,16768774826523,16768776979349,2.399994,0.080385,2.152826,960
live,567,16768784579355,16768784763314,16768784845555,16768787007213,2.427858,0.082241,2.161658,960
live,568,16768794579355,16768794753322,16768794844555,16768796920356,2.341001,0.091233,2.075801,960
live,569,16768804579355,16768804748929,16768804832290,16768807278432,2.699077,0.083361,2.446142,960
live,570,16768814579355,16768814761145,16768814855354,16768816879922,2.300567,0.094209,2.024568,960
live,571,16768824579355,16768824766385,16768825167958,16768827655987,3.076632,0.401573,2.488029,960
live,572,16768834579355,16768834757672,16768835156269,16768837684299,3.104944,0.398597,2.52803,960
live,573,16768844579355,16768844745568,16768845149829,16768847597506,3.018151,0.404261,2.447677,960
live,574,16768854579355,16768854736855,16768855130428,16768857970910,3.391555,0.393573,2.840482,960
live,575,16768864579355,16768864747439,16768865145556,16768867591825,3.01247,0.398117,2.446269,960
live,576,16768874579355,16768874760743,16768875163116,16768877637033,3.057678,0.402373,2.473917,960
live,577,16768884579355,16768884751614,16768885157507,16768887607488,3.028133,0.405893,2.449981,960
live,578,16768894579355,16768894750230,16768895151195,16768897593208,3.013853,0.400965,2.442013,960
live,579,16768904579355,16768904735469,16768905134994,16768907728145,3.14879,0.399525,2.593151,960
live,580,16768914579355,16768914734757,16768915138986,16768921727513,7.148158,0.404229,6.588527,960
live,581,16768924579355,16768924759677,16768924844702,16768926916791,2.337436,0.085025,2.072089,960
live,582,16768934579355,16768934750292,16768934832693,16768937266258,2.686903,0.082401,2.433565,960
live,583,16768944579355,16768944756908,16768944845229,16768947250794,2.671439,0.088321,2.405565,960
live,584,16768954579355,16768954757540,16768954841189,16768957308546,2.729191,0.083649,2.467357,960
live,585,16768964579355,16768964743515,16768964824476,16768966877205,2.29785,0.080961,2.052729,960
live,586,16768974579355,16768974749619,16768974845268,16768976911661,2.332306,0.095649,2.066393,960
live,587,16768984579355,16768984768811,16768984858572,16768986883716,2.304361,0.089761,2.025144,960
live,588,16768994579355,16768994747138,16768994827907,16768996902332,2.322977,0.080769,2.074425,960
live,589,16769004579355,16769004749722,16769004842907,16769006881619,2.302264,0.093185,2.038712,960
live,590,16769014579355,16769014746449,16769014829426,16769016889931,2.310576,0.082977,2.060505,960
live,591,16769024579355,16769024752137,16769024831978,16769026833058,2.253703,0.079841,2.00108,960
live,592,16769034579355,16769034743264,16769034829441,16769036894682,2.315327,0.086177,2.065241,960
live,593,16769044579355,16769044750648,16769044839737,16769046856945,2.27759,0.089089,2.017208,960
live,594,16769054579355,16769054759600,16769054835601,16769056902089,2.322734,0.076001,2.066488,960
live,595,16769064579355,16769064760616,16769064851657,16769067030979,2.451624,0.091041,2.179322,960
live,596,16769074579355,16769074755295,16769074839744,16769076941081,2.361726,0.084449,2.101337,960
live,597,16769084579355,16769084760055,16769084854648,16769086905296,2.325941,0.094593,2.050648,960
live,598,16769094579355,16769094762830,16769094841039,16769096911432,2.332077,0.078209,2.070393,960
live,599,16769104579355,16769105383021,16769105561680,16769108265520,3.686165,0.178659,2.70384,960
replay,599,16769104579355,16769105446958,16769105839955,16769161857361,57.278006,0.392997,56.017406,73088
live,600,16769114579355,16769115143202,16769115462022,16769123799722,9.220367,0.31882,8.3377,960
live,601,16769124579355,16769124924951,16769125067353,16769127475158,2.895803,0.142402,2.407805,960
live,602,16769134579355,16769134782093,16769134899375,16769137394380,2.815025,0.117282,2.495005,960
live,603,16769144579355,16769144788453,16769144901478,16769147157377,2.578022,0.113025,2.255899,960
live,604,16769154579355,16769154886782,16769155031551,16769158225254,3.645899,0.144769,3.193703,960
live,605,16769164579355,16769164804532,16769164914326,16769166955950,2.376595,0.109794,2.041624,960
live,606,16769174579355,16769174752651,16769174836780,16769177088775,2.50942,0.084129,2.251995,960
live,607,16769184579355,16769184752163,16769184840996,16769187325858,2.746503,0.088833,2.484862,960
live,608,16769194579355,16769194747802,16769194839356,16769197359802,2.780447,0.091554,2.520446,960
live,609,16769204579355,16769204858835,16769204941236,16769207337873,2.758518,0.082401,2.396637,960
live,610,16769214579355,16769214771434,16769214855563,16769217267208,2.687853,0.084129,2.411645,960
live,611,16769224579355,16769224741857,16769224819970,16769227229247,2.649892,0.078113,2.409277,960
live,612,16769234579355,16769234736249,16769234819226,16769237236695,2.65734,0.082977,2.417469,960
live,613,16769244579355,16769244743633,16769244840786,16769246827145,2.24779,0.097153,1.986359,960
live,614,16769254579355,16769254748584,16769254833065,16769256895874,2.316519,0.084481,2.062809,960
live,615,16769264579355,16769264743840,16769264843297,16769266960154,2.380799,0.099457,2.116857,960
live,616,16769274579355,16769274734551,16769274815128,16769276920881,2.341526,0.080577,2.105753,960
live,617,16769284579355,16769284743311,16769284823280,16769287216589,2.637234,0.079969,2.393309,960
live,618,16769294579355,16769294743463,16769294826088,16769297250405,2.67105,0.082625,2.424317,960
live,619,16769304579355,16769304744542,16769304821279,16769307108379,2.529024,0.076737,2.2871,960
live,620,16769314579355,16769314740310,16769314819735,16769321654377,7.075022,0.079425,6.834642,960
live,621,16769324579355,16769324747822,16769324830447,16769326904487,2.325132,0.082625,2.07404,960
live,622,16769334579355,16769334751429,16769334837510,16769336898975,2.31962,0.086081,2.061465,960
live,623,16769344579355,16769344754909,16769344888191,16769346924791,2.345436,0.133282,2.0366,960
live,624,16769354579355,16769354760885,16769354842038,16769356887790,2.308435,0.081153,2.045752,960
live,625,16769364579355,16769364747436,16769364832333,16769367135177,2.555822,0.084897,2.302844,960
live,626,16769374579355,16769374742852,16769374828773,16769377156737,2.577382,0.085921,2.327964,960
live,627,16769384579355,16769384746843,16769384825596,16769387189593,2.610238,0.078753,2.363997,960
live,628,16769394579355,16769394741619,16769394819732,16769397221553,2.642198,0.078113,2.401821,960
live,629,16769404579355,16769404739082,16769404818123,16769407206856,2.627501,0.079041,2.388733,960
live,630,16769414579355,16769414748098,16769414831331,16769417168223,2.588868,0.083233,2.336892,960
live,631,16769424579355,16769424890268,16769424969148,16769427264344,2.684989,0.07888,2.295196,960
live,632,16769434579355,16769434738129,16769434818002,16769436857067,2.277712,0.079873,2.039065,960
live,633,16769444579355,16769444740009,16769444817578,16769447115845,2.53649,0.077569,2.298267,960
live,634,16769454579355,16769454731457,16769454812577,16769457142621,2.563266,0.08112,2.330044,960
live,635,16769464579355,16769464740952,16769464868090,16769466904882,2.325527,0.127138,2.036792,960
live,636,16769474579355,16769474806961,16769474888626,16769477274126,2.694771,0.081665,2.3855,960
live,637,16769484579355,16769484776840,16769484872745,16769487253670,2.674315,0.095905,2.380925,960
live,638,16769494579355,16769494753151,16769494838432,16769497279838,2.700483,0.085281,2.441406,960
live,639,16769504579355,16769504743543,16769504825592,16769507203956,2.624601,0.082049,2.378364,960
live,640,16769514579355,16769514746798,16769514827503,16769521391902,6.812547,0.080705,6.564399,960
live,641,16769524579355,16769524765574,16769524855527,16769527775466,3.196111,0.089953,2.919939,960
live,642,16769534579355,16769534760030,16769534844831,16769536888215,2.30886,0.084801,2.043384,960
live,643,16769544579355,16769544746997,16769544825270,16769546855215,2.27586,0.078273,2.029945,960
live,644,16769554579355,16769554749709,16769554829358,16769556888615,2.30926,0.079649,2.059257,960
live,645,16769564579355,16769564738244,16769564828582,16769566868510,2.289155,0.090338,2.039928,960
live,646,16769574579355,16769574753884,16769574836829,16769576909462,2.330107,0.082945,2.072633,960
live,647,16769584579355,16769584746164,16769584823605,16769586876845,2.29749,0.077441,2.05324,960
live,648,16769594579355,16769594734539,16769594824972,16769597340330,2.760975,0.090433,2.515358,960
live,649,16769604579355,16769604758147,16769604834948,16769607274433,2.695078,0.076801,2.439485,960
live,650,16769614579355,16769614749371,16769614831164,16769617164312,2.584957,0.081793,2.333148,960
live,651,16769624579355,16769624754194,16769624834035,16769626852748,2.273393,0.079841,2.018713,960
live,652,16769634579355,16769634735530,16769634814859,16769636893316,2.313961,0.079329,2.078457,960
live,653,16769644579355,16769644738049,16769644816770,16769646819034,2.239679,0.078721,2.002264,960
live,654,16769654579355,16769654754137,16769654837722,16769656908915,2.32956,0.083585,2.071193,960
live,655,16769664579355,16769664758993,16769664843122,16769666879050,2.299695,0.084129,2.035928,960
live,656,16769674579355,16769674746696,16769674828553,16769676889922,2.310567,0.081857,2.061369,960
live,657,16769684579355,16769684750112,16769684825281,16769686864537,2.285182,0.075169,2.039256,960
live,658,16769694579355,16769694741368,16769694827033,16769697278870,2.699515,0.085665,2.451837,960
live,659,16769704579355,16769704782000,16769704863569,16769707300398,2.721043,0.081569,2.436829,960
live,660,16769714579355,16769714741927,16769714840936,16769721429559,6.850204,0.099009,6.588623,960
live,661,16769724579355,16769724774783,16769724861376,16769727317469,2.738114,0.086593,2.456093,960
live,662,16769734579355,16769734741814,16769734824951,16769737303797,2.724442,0.083137,2.478846,960
live,663,16769744579355,16769744738830,16769744820207,16769747226603,2.647248,0.081377,2.406396,960
live,664,16769754579355,16769754746725,16769754830726,16769757326628,2.747273,0.084001,2.495902,960
live,665,16769764579355,16769764835326,16769764917695,16769767314780,2.735425,0.082369,2.397085,960
live,666,16769774579355,16769774752277,16769774845142,16769777183858,2.604503,0.092865,2.338716,960
live,667,16769784579355,16769784748684,16769784825901,16769787256010,2.676655,0.077217,2.430109,960
live,668,16769794579355,16769794748484,16769794827685,16769797292258,2.712903,0.079201,2.464573,960
live,669,16769804579355,16769804754876,16769804830045,16769807233113,2.653758,0.075169,2.403068,960
live,670,16769814579355,16769814748083,16769814828884,16769817279889,2.700534,0.080801,2.451005,960
live,671,16769824579355,16769824753515,16769824830732,16769827144776,2.565421,0.077217,2.314044,960
live,672,16769834579355,16769834739874,16769834818883,16769837155007,2.575652,0.079009,2.336124,960
live,673,16769844579355,16769844742330,16769844822747,16769847131255,2.5519,0.080417,2.308508,960
live,674,16769854579355,16769854732626,16769854811890,16769857158511,2.579156,0.079264,2.346621,960
live,675,16769864579355,16769864742985,16769864819018,16769867263271,2.683916,0.076033,2.444253,960
live,676,16769874579355,16769874744193,16769874826818,16769877180478,2.601123,0.082625,2.35366,960
live,677,16769884579355,16769884738968,16769884828250,16769886845394,2.266039,0.089282,2.017144,960
live,678,16769894579355,16769894745392,16769894823441,16769896885162,2.305807,0.078049,2.061721,960
live,679,16769904579355,16769904742984,16769904821033,16769907253926,2.674571,0.078049,2.432893,960
live,680,16769914579355,16769914752416,16769914835553,16769921387055,6.8077,0.083137,6.551502,960
live,681,16769924579355,16769924768247,16769924867385,16769927309718,2.730363,0.099138,2.442333,960
live,682,16769934579355,16769934971761,16769935111283,16769937902708,3.323353,0.139522,2.791425,960
live,683,16769944579355,16769944765575,16769944857448,16769946879328,2.299973,0.091873,2.02188,960
live,684,16769954579355,16769954763454,16769954845823,16769956927352,2.347997,0.082369,2.081529,960
live,685,16769964579355,16769964814262,16769964894583,16769967212115,2.63276,0.080321,2.317532,960
live,686,16769974579355,16769974769421,16769974852654,16769976919879,2.340524,0.083233,2.067225,960
live,687,16769984579355,16769984757733,16769984845638,16769987405061,2.825706,0.087905,2.559423,960
live,688,16769994579355,16769994758877,16769994842366,16769997180538,2.601183,0.083489,2.338172,960
live,689,16770004579355,16770004744596,16770004823477,16770007121009,2.541654,0.078881,2.297532,960
live,690,16770014579355,16770014749900,16770014838125,16770017270762,2.691407,0.088225,2.432637,960
live,691,16770024579355,16770024751299,16770024828068,16770027221121,2.641766,0.076769,2.393053,960
live,692,16770034579355,16770034751611,16770034831068,16770037415355,2.836,0.079457,2.584287,960
live,693,16770044579355,16770044735859,16770044813779,16770047117615,2.53826,0.07792,2.303836,960
live,694,16770054579355,16770054749610,16770054829419,16770056877540,2.298185,0.079809,2.048121,960
live,695,16770064579355,16770064745026,16770064821379,16770067136990,2.557635,0.076353,2.315611,960
live,696,16770074579355,16770074731449,16770074810490,16770076873715,2.29436,0.079041,2.063225,960
live,697,16770084579355,16770084736049,16770084826962,16770087119598,2.540243,0.090913,2.292636,960
live,698,16770094579355,16770094736937,16770094815882,16770096876194,2.296839,0.078945,2.060312,960
live,699,16770104579355,16770105283655,16770105466921,16770108604303,4.024948,0.183266,3.137382,960
replay,699,16770104579355,16770105348200,16770105737452,16770156882544,52.303189,0.389252,51.145092,73088
live,700,16770114579355,16770115773764,16770116228618,16770125325687,10.746332,0.454854,9.097069,960
live,701,16770124579355,16770124982003,16770125554137,16770128339515,3.76016,0.572134,2.785378,960
live,702,16770134579355,16770134817704,16770135302446,16770138026959,3.447604,0.484742,2.724513,960
live,703,16770144579355,16770144828704,16770145347686,16770147411359,2.832004,0.518982,2.063673,960
live,704,16770154579355,16770157076082,16770157381686,16770159100523,4.521168,0.305604,1.718837,960
live,705,16770164579355,16770164766254,16770164863600,16770166095166,1.515811,0.097346,1.231566,960
live,706,16770174579355,16770174783046,16770174882888,16770176294488,1.715133,0.099842,1.4116,960
live,707,16770184579355,16770184783518,16770184868351,16770186439058,1.859703,0.084833,1.570707,960
live,708,16770194579355,16770194751733,16770194832694,16770196459594,1.880239,0.080961,1.6269,960
live,709,16770204579355,16770204751245,16770204831822,16770206363424,1.784069,0.080577,1.531602,960
live,710,16770214579355,16770214749988,16770215151177,16770216828573,2.249218,0.401189,1.677396,960
live,711,16770224579355,16770224750524,16770225157185,16770226912598,2.333243,0.406661,1.755413,960
live,712,16770234579355,16770234746356,16770234825013,16770236430568,1.851213,0.078657,1.605555,960
live,713,16770244579355,16770244962126,16770245033391,16770246572993,1.993638,0.071265,1.539602,960
live,714,16770254579355,16770254734531,16770254805956,16770256451671,1.872316,0.071425,1.645715,960
live,715,16770264579355,16770264752475,16770264836988,16770266372782,1.793427,0.084513,1.535794,960
live,716,16770274579355,16770274750386,16770274829651,16770276389798,1.810443,0.079265,1.560147,960
live,717,16770284579355,16770284760746,16770284842699,16770286360477,1.781122,0.081953,1.517778,960
live,718,16770294579355,16770294747233,16770294827618,16770296696793,2.117438,0.080385,1.869175,960
live,719,16770304579355,16770304751385,16770304836890,16770306380621,1.801266,0.085505,1.543731,960
live,720,16770314579355,16770314739729,16770314821330,16770321731076,7.151721,0.081601,6.909746,960
live,721,16770324579355,16770324752360,16770324837481,16770326881538,2.302183,0.085121,2.044057,960
live,722,16770334579355,16770334767168,16770334850561,16770337169277,2.589922,0.083393,2.318716,960
live,723,16770344579355,16770344753208,16770344831801,16770347856765,3.27741,0.078593,3.024964,960
live,724,16770354579355,16770354752271,16770354838864,16770357170476,2.591121,0.086593,2.331612,960
live,725,16770364579355,16770364746247,16770364846536,16770367116035,2.53668,0.100289,2.269499,960
live,726,16770374579355,16770374735646,16770374814719,16770377145307,2.565952,0.079073,2.330588,960
live,727,16770384579355,16770384754806,16770384833079,16770387129523,2.550168,0.078273,2.296444,960
live,728,16770394579355,16770394742254,16770394820879,16770397127946,2.548591,0.078625,2.307067,960
live,729,16770404579355,16770404745893,16770404823110,16770407137922,2.558567,0.077217,2.314812,960
live,730,16770414579355,16770414744125,16770414827422,16770417113337,2.533982,0.083297,2.285915,960
live,731,16770424579355,16770424750965,16770424838038,16770427120337,2.540982,0.087073,2.282299,960
live,732,16770434579355,16770434758253,16770434837389,16770437153321,2.573966,0.079136,2.315932,960
live,733,16770444579355,16770444739236,16770444816709,16770447084832,2.505477,0.077473,2.268123,960
live,734,16770454579355,16770454732859,16770454813180,16770457150296,2.570941,0.080321,2.337116,960
live,735,16770464579355,16770464748083,16770464827828,16770467099791,2.520436,0.079745,2.271963,960
live,736,16770474579355,16770474752459,16770474847660,16770477161512,2.582157,0.095201,2.313852,960
live,737,16770484579355,16770484751235,16770484829252,16770487117087,2.537732,0.078017,2.287835,960
live,738,16770494579355,16770494739482,16770494832795,16770497164983,2.585628,0.093313,2.332188,960
live,739,16770504579355,16770504748082,16770504829747,16770507127886,2.548531,0.081665,2.298139,960
live,740,16770514579355,16770514750985,16770514833514,16770521396537,6.817182,0.082529,6.563023,960
live,741,16770524579355,16770524762945,16770524852930,16770527161534,2.582179,0.089985,2.308604,960
live,742,16770534579355,16770534751417,16770534843130,16770537151669,2.572314,0.091713,2.308539,960
live,743,16770544579355,16770544762609,16770544841905,16770547134445,2.55509,0.079296,2.29254,960
live,744,16770554579355,16770554739272,16770554817481,16770557137189,2.557834,0.078209,2.319708,960
live,745,16770564579355,16770564743296,16770564826945,16770567139004,2.559649,0.083649,2.312059,960
live,746,16770574579355,16770574750199,16770574829144,16770577162164,2.582809,0.078945,2.33302,960
live,747,16770584579355,16770584755183,16770584832912,16770587141100,2.561745,0.077729,2.308188,960
live,748,16770594579355,16770594748647,16770594829000,16770597124195,2.54484,0.080353,2.295195,960
live,749,16770604579355,16770604744510,16770604823583,16770607138843,2.559488,0.079073,2.31526,960
live,750,16770614579355,16770614740790,16770614824503,16770617148307,2.568952,0.083713,2.323804,960
live,751,16770624579355,16770624745165,16770624821902,16770627109386,2.530031,0.076737,2.287484,960
live,752,16770634579355,16770634742245,16770634821222,16770637115329,2.535974,0.078977,2.294107,960
live,753,16770644579355,16770644744029,16770644822910,16770647012440,2.433085,0.078881,2.18953,960
live,754,16770654579355,16770654737748,16770654822229,16770657401268,2.821913,0.084481,2.579039,960
live,755,16770664579355,16770664740364,16770664821549,16770667151977,2.572622,0.081185,2.330428,960
live,756,16770674579355,16770674753316,16770674835013,16770677158976,2.579621,0.081697,2.323963,960
live,757,16770684579355,16770684743131,16770684820316,16770687105655,2.5263,0.077185,2.285339,960
live,758,16770694579355,16770694765651,16770694849460,16770697163248,2.583893,0.083809,2.313788,960
live,759,16770704579355,16770704746923,16770704828075,16770707111815,2.53246,0.081152,2.28374,960
live,760,16770714579355,16770714736738,16770714820995,16770721302385,6.72303,0.084257,6.48139,960
live,761,16770724579355,16770724829883,16770724929244,16770727223959,2.644604,0.099361,2.294715,960
live,762,16770734579355,16770734796434,16770734880947,16770737196303,2.616948,0.084513,2.315356,960
live,763,16770744579355,16770744759913,16770744861962,16770747113221,2.533866,0.102049,2.251259,960
live,764,16770754579355,16770754930339,16770755245799,16770757627811,3.048456,0.31546,2.382012,960
live,765,16770764579355,16770764756184,16770764842233,16770767147285,2.56793,0.086049,2.305052,960
live,766,16770774579355,16770774746128,16770774830449,16770777141293,2.561938,0.084321,2.310844,960
live,767,16770784579355,16770784752552,16770784835721,16770787132004,2.552649,0.083169,2.296283,960
live,768,16770794579355,16770794747167,16770794827904,16770797133948,2.554593,0.080737,2.306044,960
live,769,16770804579355,16770804746967,16770804826360,16770808084927,3.505572,0.079393,3.258567,960
live,770,16770814579355,16770814741454,16770814825231,16770817151435,2.57208,0.083777,2.326204,960
live,771,16770824579355,16770824752678,16770824845031,16770827141283,2.561928,0.092353,2.296252,960
live,772,16770834579355,16770834748894,16770834835455,16770837141626,2.562271,0.086561,2.306171,960
live,773,16770844579355,16770844753429,16770844841783,16770847109266,2.529911,0.088354,2.267483,960
live,774,16770854579355,16770854746477,16770854837550,16770857139402,2.560047,0.091073,2.301852,960
live,775,16770864579355,16770864755813,16770864842214,16770866870622,2.291267,0.086401,2.028408,960
live,776,16770874579355,16770874752700,16770874848926,16770877232730,2.653375,0.096226,2.383804,960
live,777,16770884579355,16770884780468,16770884884246,16770887298962,2.719607,0.103778,2.414716,960
live,778,16770894579355,16770894772524,16770894857453,16770897163752,2.584397,0.084929,2.306299,960
live,779,16770904579355,16770904751875,16770904829156,16770907069407,2.490052,0.077281,2.240251,960
live,780,16770914579355,16770914740571,16770914820252,16770921270537,6.691182,0.079681,6.450285,960
live,781,16770924579355,16770924761907,16770924858708,16770927158991,2.579636,0.096801,2.300283,960
live,782,16770934579355,16770934759434,16770934843563,16770937156583,2.577228,0.084129,2.31302,960
live,783,16770944579355,16770944749154,16770944832931,16770947133310,2.553955,0.083777,2.300379,960
live,784,16770954579355,16770954739801,16770954820058,16770957120726,2.541371,0.080257,2.300668,960
live,785,16770964579355,16770964751473,16770964829234,16770967129005,2.54965,0.077761,2.299771,960
live,786,16770974579355,16770974742089,16770974821066,16770977128005,2.54865,0.078977,2.306939,960
live,787,16770984579355,16770984741792,16770984832513,16770987094556,2.515201,0.090721,2.262043,960
live,788,16770994579355,16770994758904,16770994841017,16770997176053,2.596698,0.082113,2.335036,960
live,789,16771004579355,16771004747440,16771004824849,16771007094348,2.514993,0.077409,2.269499,960
live,790,16771014579355,16771014737511,16771014823272,16771017152868,2.573513,0.085761,2.329596,960
live,791,16771024579355,16771024758687,16771024840512,16771027111579,2.532224,0.081825,2.271067,960
live,792,16771034579355,16771034760151,16771034843288,16771037129683,2.550328,0.083137,2.286395,960
live,793,16771044579355,16771044754862,16771044836623,16771047116490,2.537135,0.081761,2.279867,960
live,794,16771054579355,16771054743238,16771054825031,16771057146306,2.566951,0.081793,2.321275,960
live,795,16771064579355,16771064754142,16771064835743,16771067130362,2.551007,0.081601,2.294619,960
live,796,16771074579355,16771074744693,16771074826518,16771077141490,2.562135,0.081825,2.314972,960
live,797,16771084579355,16771084738957,16771084828110,16771087112713,2.533358,0.089153,2.284603,960
live,798,16771094579355,16771094744068,16771094828805,16771097304835,2.72548,0.084737,2.47603,960
live,799,16771104579355,16771105358499,16771105541894,16771109406900,4.827545,0.183395,3.865006,960
replay,799,16771104579355,16771105427428,16771105661031,16771156626889,52.047534,0.233603,50.965858,73088
live,800,16771114579355,16771116064579,16771116381255,16771123806304,9.226949,0.316676,7.425049,960
live,801,16771124579355,16771124818636,16771124957390,16771127416075,2.83672,0.138754,2.458685,960
live,802,16771134579355,16771134779811,16771134904837,16771136598585,2.01923,0.125026,1.693748,960
live,803,16771144579355,16771144774619,16771144888540,16771147091831,2.512476,0.113921,2.203291,960
live,804,16771154579355,16771156809099,16771156943341,16771158621377,4.042022,0.134242,1.678036,960
live,805,16771164579355,16771164786506,16771164889804,16771166027609,1.448254,0.103298,1.137805,960
live,806,16771174579355,16771174762754,16771174861411,16771176023281,1.443926,0.098657,1.16187,960
live,807,16771184579355,16771184759577,16771184875899,16771186082921,1.503566,0.116322,1.207022,960
live,808,16771194579355,16771194753329,16771194828210,16771196112161,1.532806,0.074881,1.283951,960
live,809,16771204579355,16771204740712,16771204828105,16771206072056,1.492701,0.087393,1.243951,960
live,810,16771214579355,16771214744832,16771214825313,16771216086128,1.506773,0.080481,1.260815,960
live,811,16771224579355,16771224732600,16771224806904,16771226052359,1.473004,0.074304,1.245455,960
live,812,16771234579355,16771234741327,16771234818928,16771236072479,1.493124,0.077601,1.253551,960
live,813,16771244579355,16771244743367,16771244817768,16771246044503,1.465148,0.074401,1.226735,960
live,814,16771254579355,16771254735615,16771255131171,16771256542804,1.963449,0.395556,1.411633,960
live,815,16771264579355,16771264741366,16771265145147,16771266622189,2.042834,0.403781,1.477042,960
live,816,16771274579355,16771274729518,16771274803919,16771276126590,1.547235,0.074401,1.322671,960
live,817,16771284579355,16771284737541,16771284809094,16771286065333,1.485978,0.071553,1.256239,960
live,818,16771294579355,16771294739933,16771294812862,16771296079085,1.49973,0.072929,1.266223,960
live,819,16771304579355,16771304741621,16771304810838,16771306049732,1.470377,0.069217,1.238894,960
live,820,16771314579355,16771314738828,16771314810317,16771320895478,6.316123,0.071489,6.085161,960
live,821,16771324579355,16771324754724,16771324838437,16771326148277,1.568922,0.083713,1.30984,960
live,822,16771334579355,16771334755964,16771334834781,16771336148781,1.569426,0.078817,1.314,960
live,823,16771344579355,16771344769460,16771344853045,16771346170053,1.590698,0.083585,1.317008,960
live,824,16771354579355,16771354737355,16771354815116,16771356107643,1.528288,0.077761,1.292527,960
live,825,16771364579355,16771364752707,16771364832388,16771367252193,2.672838,0.079681,2.419805,960
live,826,16771374579355,16771374739162,16771374819195,16771377170327,2.590972,0.080033,2.351132,960
live,827,16771384579355,16771384746450,16771384826899,16771387142319,2.562964,0.080449,2.31542,960
live,828,16771394579355,16771394738090,16771394827595,16771396935300,2.355945,0.089505,2.107705,960
live,829,16771404579355,16771404747393,16771404832706,16771406906555,2.3272,0.085313,2.073849,960
live,830,16771414579355,16771414744313,16771414822266,16771416886259,2.306904,0.077953,2.063993,960
live,831,16771424579355,16771424739633,16771424820594,16771427091341,2.511986,0.080961,2.270747,960
live,832,16771434579355,16771434738376,16771434820329,16771436899426,2.320071,0.081953,2.079097,960
live,833,16771444579355,16771444752576,16771444844257,16771447245086,2.665731,0.091681,2.400829,960
live,834,16771454579355,16771454757560,16771454840889,16771457267990,2.688635,0.083329,2.427101,960
live,835,16771464579355,16771464758959,16771464834448,16771467146636,2.567281,0.075489,2.312188,960
live,836,16771474579355,16771474737863,16771474815912,16771478039246,3.459891,0.078049,3.223334,960
live,837,16771484579355,16771484821727,16771484910208,16771486933241,2.353886,0.088481,2.023033,960
live,838,16771494579355,16771494785335,16771494865784,16771496926704,2.347349,0.080449,2.06092,960
live,839,16771504579355,16771504746702,16771504831631,16771506872743,2.293388,0.084929,2.041112,960
live,840,16771514579355,16771514743429,16771514830470,16771521137618,6.558263,0.087041,6.307148,960
live,841,16771524579355,16771524746013,16771524828478,16771526181550,1.602195,0.082465,1.353072,960
live,842,16771534579355,16771534744245,16771534829654,16771536140005,1.56065,0.085409,1.310351,960
live,843,16771544579355,16771544755916,16771544834413,16771546380192,1.800837,0.078497,1.545779,960
live,844,16771554579355,16771554751492,16771554840421,16771556450616,1.871261,0.088929,1.610195,960
live,845,16771564579355,16771564764828,16771564848125,16771566389295,1.80994,0.083297,1.54117,960
live,846,16771574579355,16771574755027,16771574843348,16771576449064,1.869709,0.088321,1.605716,960
live,847,16771584579355,16771584770347,16771584840396,16771586381918,1.802563,0.070049,1.541522,960
live,848,16771594579355,16771594750467,16771594819171,16771596401974,1.822619,0.068704,1.582803,960
live,849,16771604579355,16771604766746,16771604845467,16771606379726,1.800371,0.078721,1.534259,960
live,850,16771614579355,16771614751986,16771614823379,16771616369829,1.790474,0.071393,1.54645,960
live,851,16771624579355,16771624753226,16771624829131,16771626337629,1.758274,0.075905,1.508498,960
live,852,16771634579355,16771634745249,16771634818946,16771636370997,1.791642,0.073697,1.552051,960
live,853,16771644579355,16771644746297,16771644818490,16771646043368,1.464013,0.072193,1.224878,960
live,854,16771654579355,16771654744176,16771654818609,16771656381284,1.801929,0.074433,1.562675,960
live,855,16771664579355,16771664718600,16771665073644,16771667273638,2.694283,0.355044,2.199994,960
live,856,16771674579355,16771674705375,16771675026147,16771677075804,2.496449,0.320772,2.049657,960
live,857,16771684579355,16771684739223,16771685131996,16771687515448,2.936093,0.392773,2.383452,960
live,858,16771694579355,16771694738383,16771694820976,16771697146252,2.566897,0.082593,2.325276,960
live,859,16771704579355,16771704748039,16771704824072,16771707091171,2.511816,0.076033,2.267099,960
live,860,16771714579355,16771714745758,16771714825663,16771721415950,6.836595,0.079905,6.590287,960
live,861,16771724579355,16771724752310,16771724837111,16771727155251,2.575896,0.084801,2.31814,960
live,862,16771734579355,16771734750350,16771734830863,16771737183659,2.604304,0.080513,2.352796,960
live,863,16771744579355,16771744756165,16771744843302,16771746500186,1.920831,0.087137,1.656884,960
live,864,16771754579355,16771754763741,16771754849342,16771756640500,2.061145,0.085601,1.791158,960
live,865,16771764579355,16771764774933,16771764868470,16771766201382,1.622027,0.093537,1.332912,960
live,866,16771774579355,16771774784717,16771774887854,16771776239838,1.660483,0.103137,1.351984,960
live,867,16771784579355,16771784755652,16771784845445,16771786185557,1.606202,0.089793,1.340112,960
live,868,16771794579355,16771794756284,16771794835389,16771796162476,1.583121,0.079105,1.327087,960
live,869,16771804579355,16771804746483,16771804820884,16771806091619,1.512264,0.074401,1.270735,960
live,870,16771814579355,16771814765579,16771814838348,16771816119931,1.540576,0.072769,1.281583,960
live,871,16771824579355,16771824754082,16771824835587,16771826064338,1.484983,0.081505,1.228751,960
live,872,16771834579355,16771834765178,16771834835835,16771836126667,1.547312,0.070657,1.290832,960
live,873,16771844579355,16771844760178,16771844838099,16771846382725,1.80337,0.077921,1.544626,960
live,874,16771854579355,16771854752169,16771854830314,16771856107162,1.527807,0.078145,1.276848,960
live,875,16771864579355,16771864756609,16771865163782,16771867497954,2.918599,0.407173,2.334172,960
live,876,16771874579355,16771874736664,16771875138301,16771876636111,2.056756,0.401637,1.49781,960
live,877,16771884579355,16771884913074,16771884998483,16771886927370,2.348015,0.085409,1.928887,960
live,878,16771894579355,16771894742984,16771894822121,16771896119864,1.540509,0.079137,1.297743,960
live,879,16771904579355,16771904746720,16771904828737,16771906373203,1.793848,0.082017,1.544466,960
live,880,16771914579355,16771914757591,16771914838392,16771920590973,6.011618,0.080801,5.752581,960
live,881,16771924579355,16771924773679,16771924848848,16771926123711,1.544356,0.075169,1.274863,960
live,882,16771934579355,16771934757383,16771934836936,16771936446267,1.866912,0.079553,1.609331,960
live,883,16771944579355,16771944757246,16771944837279,16771946373810,1.794455,0.080033,1.536531,960
live,884,16771954579355,16771954757974,16771954830679,16771956379241,1.799886,0.072705,1.548562,960
live,885,16771964579355,16771964746413,16771965151154,16771967459022,2.879667,0.404741,2.307868,960
live,886,16771974579355,16771974740837,16771974819942,16771976183990,1.604635,0.079105,1.364048,960
live,887,16771984579355,16771984752765,16771984830270,16771986388688,1.809333,0.077505,1.558418,960
live,888,16771994579355,16771994740276,16771994813621,16771996134021,1.554666,0.073345,1.3204,960
live,889,16772004579355,16772004762668,16772004839693,16772006129085,1.54973,0.077025,1.289392,960
live,890,16772014579355,16772014748900,16772014825509,16772016355447,1.776092,0.076609,1.529938,960
live,891,16772024579355,16772024761404,16772024852701,16772026129324,1.549969,0.091297,1.276623,960
live,892,16772034579355,16772034749459,16772034828340,16772036094787,1.515432,0.078881,1.266447,960
live,893,16772044579355,16772044740075,16772044815275,16772046359486,1.780131,0.0752,1.544211,960
live,894,16772054579355,16772054756898,16772054831939,16772056083346,1.503991,0.075041,1.251407,960
live,895,16772064579355,16772064761850,16772065170175,16772066603344,2.023989,0.408325,1.433169,960
live,896,16772074579355,16772074751794,16772074829651,16772076149346,1.569991,0.077857,1.319695,960
live,897,16772084579355,16772084777802,16772084860555,16772086137338,1.557983,0.082753,1.276783,960
live,898,16772094579355,16772094765057,16772094845282,16772096456693,1.877338,0.080225,1.611411,960
live,899,16772104579355,16772105397056,16772105576994,16772108191170,3.611815,0.179938,2.614176,960
replay,899,16772104579355,16772105468833,16772105997576,16772156214464,51.635109,0.528743,50.216888,73088
live,900,16772114579355,16772115867646,16772116352611,16772124126752,9.547397,0.484965,7.774141,960
live,901,16772124579355,16772124868361,16772125014539,16772126809729,2.230374,0.146178,1.79519,960
live,902,16772134579355,16772134797312,16772134928802,16772136776856,2.197501,0.13149,1.848054,960
live,903,16772144579355,16772144835544,16772144986394,16772146642190,2.062835,0.15085,1.655796,960
live,904,16772154579355,16772156418307,16772156660262,16772158511228,3.931873,0.241955,1.850966,960
live,905,16772164579355,16772164771527,16772164865064,16772166174264,1.594909,0.093537,1.3092,960
live,906,16772174579355,16772174765598,16772174845375,16772176377554,1.798199,0.079777,1.532179,960
live,907,16772184579355,16772184752214,16772185156699,16772187400726,2.821371,0.404485,2.244027,960
live,908,16772194579355,16772194761166,16772194861167,16772196983528,2.404173,0.100001,2.122361,960
live,909,16772204579355,16772204760613,16772204864454,16772206898495,2.31914,0.103841,2.034041,960
live,910,16772214579355,16772214755261,16772214845022,16772217301883,2.722528,0.089761,2.456861,960
live,911,16772224579355,16772224763637,16772224846198,16772227244402,2.665047,0.082561,2.398204,960
live,912,16772234579355,16772234743692,16772234830669,16772237242218,2.662863,0.086977,2.411549,960
live,913,16772244579355,16772245462380,16772245945490,16772248439376,3.860021,0.48311,2.493886,960
live,914,16772254579355,16772254817308,16772254936190,16772257493500,2.914145,0.118882,2.55731,960
live,915,16772264579355,16772264777779,16772264877397,16772267286225,2.70687,0.099618,2.408828,960
live,916,16772274579355,16772274752747,16772274836108,16772277266697,2.687342,0.083361,2.430589,960
live,917,16772284579355,16772284748066,16772284831971,16772287094142,2.514787,0.083905,2.262171,960
live,918,16772294579355,16772294745146,16772294838267,16772297369721,2.790366,0.093121,2.531454,960
live,919,16772304579355,16772304756466,16772304848499,16772307145454,2.566099,0.092033,2.296955,960
live,920,16772314579355,16772314748425,16772314830026,16772321740125,7.16077,0.081601,6.910099,960
live,921,16772324579355,16772324761825,16772324843618,16772327292767,2.713412,0.081793,2.449149,960
live,922,16772334579355,16772334767417,16772334847290,16772337308759,2.729404,0.079873,2.461469,960
live,923,16772344579355,16772344740400,16772344830609,16772347513073,2.933718,0.090209,2.682464,960
live,924,16772354579355,16772354762824,16772354846729,16772357305127,2.725772,0.083905,2.458398,960
live,925,16772364579355,16772364752960,16772364838081,16772367304318,2.724963,0.085121,2.466237,960
live,926,16772374579355,16772374743095,16772374824376,16772377249429,2.670074,0.081281,2.425053,960
live,927,16772384579355,16772384744815,16772384827120,16772387228109,2.648754,0.082305,2.400989,960
live,928,16772394579355,16772394741510,16772394825351,16772397113795,2.53444,0.083841,2.288444,960
live,929,16772404579355,16772404737470,16772404819583,16772406898680,2.319325,0.082113,2.079097,960
live,930,16772414579355,16772414747862,16772414831927,16772417241876,2.662521,0.084065,2.409949,960
live,931,16772424579355,16772424742765,16772424825646,16772427212907,2.633552,0.082881,2.387261,960
live,932,16772434579355,16772434754565,16772434870247,16772437290916,2.711561,0.115682,2.420669,960
live,933,16772444579355,16772444744605,16772444835006,16772447220986,2.641631,0.090401,2.38598,960
live,934,16772454579355,16772454758453,16772454841494,16772457151249,2.571894,0.083041,2.309755,960
live,935,16772464579355,16772464761164,16772464858669,16772466591842,2.012487,0.097505,1.733173,960
live,936,16772474579355,16772474741988,16772474828901,16772476440632,1.861277,0.086913,1.611731,960
live,937,16772484579355,16772484760220,16772484842845,16772487069815,2.49046,0.082625,2.22697,960
live,938,16772494579355,16772494746867,16772494840372,16772497132464,2.553109,0.093505,2.292092,960
live,939,16772504579355,16772504747627,16772504825452,16772507159880,2.580525,0.077825,2.334428,960
live,940,16772514579355,16772514743778,16772514829123,16772521382706,6.803351,0.085345,6.553583,960
live,941,16772524579355,16772524751130,16772524840763,16772527164023,2.584668,0.089633,2.32326,960
live,942,16772534579355,16772534753426,16772534837779,16772537119310,2.539955,0.084353,2.281531,960
live,943,16772544579355,16772544743241,16772544820458,16772547102246,2.522891,0.077217,2.281788,960
live,944,16772554579355,16772554730433,16772554810146,16772557151102,2.571747,0.079713,2.340956,960
live,945,16772564579355,16772564741817,16772564825658,16772567140341,2.560986,0.083841,2.314683,960
live,946,16772574579355,16772574745200,16772574841777,16772577156813,2.577458,0.096577,2.315036,960
live,947,16772584579355,16772584768168,16772584846953,16772587118788,2.539433,0.078785,2.271835,960
live,948,16772594579355,16772594748416,16772594828353,16772597123996,2.544641,0.079937,2.295643,960
live,949,16772604579355,16772604741655,16772604823992,16772607108532,2.529177,0.082337,2.28454,960
live,950,16772614579355,16772614750223,16772614835472,16772617141548,2.562193,0.085249,2.306076,960
live,951,16772624579355,16772624742599,16772624831112,16772627073666,2.494311,0.088513,2.242554,960
live,952,16772634579355,16772634746750,16772634828735,16772637119355,2.54,0.081985,2.29062,960
live,953,16772644579355,16772644738454,16772644821079,16772647091250,2.511895,0.082625,2.270171,960
live,954,16772654579355,16772654736621,16772654814222,16772657133418,2.554063,0.077601,2.319196,960
live,955,16772664579355,16772664742949,16772664827110,16772667110817,2.531462,0.084161,2.283707,960
live,956,16772674579355,16772674745501,16772674832158,16772677140217,2.560862,0.086657,2.308059,960
live,957,16772684579355,16772684747028,16772684828981,16772687138993,2.559638,0.081953,2.310012,960
live,958,16772694579355,16772694743180,16772694828269,16772697415852,2.836497,0.085089,2.587583,960
live,959,16772704579355,16772704979719,16772705067656,16772707177537,2.598182,0.087937,2.109881,960
live,960,16772714579355,16772714746459,16772714829404,16772721324490,6.745135,0.082945,6.495086,960
live,961,16772724579355,16772724765683,16772724857364,16772727162000,2.582645,0.091681,2.304636,960
live,962,16772734579355,16772734756715,16772734850508,16772737151048,2.571693,0.093793,2.30054,960
live,963,16772744579355,16772744769955,16772744859332,16772747155551,2.576196,0.089377,2.296219,960
live,964,16772754579355,16772754763194,16772754845243,16772757288408,2.709053,0.082049,2.443165,960
live,965,16772764579355,16772764743890,16772764826835,16772767133518,2.554163,0.082945,2.306683,960
live,966,16772774579355,16772774750953,16772774834154,16772777135622,2.556267,0.083201,2.301468,960
live,967,16772784579355,16772784743457,16772784825730,16772787096989,2.517634,0.082273,2.271259,960
live,968,16772794579355,16772794758457,16772794839930,16772797181750,2.602395,0.081473,2.34182,960
live,969,16772804579355,16772804747504,16772804826353,16772807764052,3.184697,0.078849,2.937699,960
live,970,16772814579355,16772814741160,16772814821481,16772817157541,2.578186,0.080321,2.33606,960
live,971,16772824579355,16772824736448,16772824820769,16772827108924,2.529569,0.084321,2.288155,960
live,972,16772834579355,16772834746455,16772834825752,16772837144948,2.565593,0.079297,2.319196,960
live,973,16772844579355,16772844735727,16772844811504,16772847078091,2.498736,0.075777,2.266587,960
live,974,16772854579355,16772854734630,16772854819655,16772857135907,2.556552,0.085025,2.316252,960
live,975,16772864579355,16772864751518,16772864832575,16772867132763,2.553408,0.081057,2.300188,960
live,976,16772874579355,16772874733078,16772874813591,16772877107186,2.527831,0.080513,2.293595,960
live,977,16772884579355,16772884743278,16772884825199,16772887115434,2.536079,0.081921,2.290235,960
live,978,16772894579355,16772894748005,16772894839686,16772896893023,2.313668,0.091681,2.053337,960
live,979,16772904579355,16772904744541,16772904825118,16772907097657,2.518302,0.080577,2.272539,960
live,980,16772914579355,16772914744341,16772914837238,16772921275683,6.696328,0.092897,6.438445,960
live,981,16772924579355,16772924781165,16772924880590,16772927007559,2.428204,0.099425,2.126969,960
live,982,16772934579355,16772934762884,16772934845989,16772936933406,2.354051,0.083105,2.087417,960
live,983,16772944579355,16772944746523,16772944825564,16772947122680,2.543325,0.079041,2.297116,960
live,984,16772954579355,16772954752083,16772954833908,16772957154288,2.574933,0.081825,2.32038,960
live,985,16772964579355,16772964744811,16772964822988,16772967122951,2.543596,0.078177,2.299963,960
live,986,16772974579355,16772974742818,16772974822563,16772977139199,2.559844,0.079745,2.316636,960
live,987,16772984579355,16772984738682,16772984825979,16772987105462,2.526107,0.087297,2.279483,960
live,988,16772994579355,16772994746386,16772994827891,16772997122382,2.543027,0.081505,2.294491,960
live,989,16773004579355,16773004811690,16773004891691,16773007197191,2.617836,0.080001,2.3055,960
live,990,16773014579355,16773014791490,16773014873731,16773017202623,2.623268,0.082241,2.328892,960
live,991,16773024579355,16773024763929,16773024844602,16773027136373,2.557018,0.080673,2.291771,960
live,992,16773034579355,16773034741200,16773034821233,16773037105805,2.52645,0.080033,2.284572,960
live,993,16773044579355,16773044734344,16773044813417,16773047074020,2.494665,0.079073,2.260603,960
live,994,16773054579355,16773054740992,16773054820993,16773057169789,2.590434,0.080001,2.348796,960
live,995,16773064579355,16773064755352,16773064834936,16773067161140,2.581785,0.079584,2.326204,960
live,996,16773074579355,16773074759951,16773074842064,16773077128204,2.548849,0.082113,2.28614,960
live,997,16773084579355,16773084744423,16773084825768,16773087077283,2.497928,0.081345,2.251515,960
live,998,16773094579355,16773094760223,16773094842496,16773097132731,2.553376,0.082273,2.290235,960
live,999,16773104579355,16773105309373,16773105492351,16773108421250,3.841895,0.182978,2.928899,960
replay,999,16773104579355,16773105382462,16773105777378,16773156562530,51.983175,0.394916,50.785152,73088
live,1000,16773114579355,16773117604528,16773117976564,16773126769310,12.189955,0.372036,8.792746,960
live,1001,16773124579355,16773125017833,16773126971520,16773129204347,4.624992,1.953687,2.232827,960
live,1002,16773134579355,16773134816222,16773134961856,16773137126138,2.546783,0.145634,2.164282,960
live,1003,16773144579355,16773144774773,16773144880630,16773147257523,2.678168,0.105857,2.376893,960
live,1004,16773154579355,16773156838661,16773157090440,16773159314979,4.735624,0.251779,2.224539,960
live,1005,16773164579355,16773164734820,16773164813189,16773166783452,2.204097,0.078369,1.970263,960
live,1006,16773174579355,16773174747804,16773174830941,16773177054807,2.475452,0.083137,2.223866,960
live,1007,16773184579355,16773184753907,16773184844789,16773187044399,2.465044,0.090882,2.19961,960
live,1008,16773194579355,16773194755019,16773194848236,16773197052999,2.473644,0.093217,2.204763,960
live,1009,16773204579355,16773204755843,16773204845380,16773207041150,2.461795,0.089537,2.19577,960
live,1010,16773214579355,16773214740090,16773214840796,16773217058230,2.478875,0.100706,2.217434,960
live,1011,16773224579355,16773224740594,16773224826163,16773227040174,2.460819,0.085569,2.214011,960
live,1012,16773234579355,16773234744810,16773234833995,16773237059525,2.48017,0.089185,2.22553,960
live,1013,16773244579355,16773244748705,16773244838914,16773247049149,2.469794,0.090209,2.210235,960
live,1014,16773254579355,16773254743641,16773254830970,16773257037972,2.458617,0.087329,2.207002,960
live,1015,16773264579355,16773264736657,16773264818706,16773267002540,2.423185,0.082049,2.183834,960
live,1016,16773274579355,16773274735880,16773274816841,16773277053764,2.474409,0.080961,2.236923,960
live,1017,16773284579355,16773284745664,16773284836033,16773287018715,2.43936,0.090369,2.182682,960
live,1018,16773294579355,16773294738936,16773294836249,16773297034451,2.455096,0.097313,2.198202,960
live,1019,16773304579355,16773304761904,16773304855473,16773307062155,2.4828,0.093569,2.206682,960
live,1020,16773314579355,16773314748455,16773314829928,16773321791163,7.211808,0.081473,6.961235,960
live,1021,16773324579355,16773324747167,16773324830560,16773326838200,2.258845,0.083393,2.00764,960
live,1022,16773334579355,16773334749494,16773334836471,16773337068242,2.488887,0.086977,2.231771,960
live,1023,16773344579355,16773344746894,16773344827247,16773347028233,2.448878,0.080353,2.200986,960
live,1024,16773354579355,16773354741670,16773354827783,16773357023745,2.44439,0.086113,2.195962,960
live,1025,16773364579355,16773364737629,16773364818526,16773367007544,2.428189,0.080897,2.189018,960
live,1026,16773374579355,16773374741973,16773374835670,16773377068977,2.489622,0.093697,2.233307,960
live,1027,16773384579355,16773384761293,16773384844366,16773387039784,2.460429,0.083073,2.195418,960
live,1028,16773394579355,16773394748388,16773394827845,16773397048928,2.469573,0.079457,2.221083,960
live,1029,16773404579355,16773404756316,16773404834941,16773407023351,2.443996,0.078625,2.18841,960
live,1030,16773414579355,16773414738548,16773414823605,16773417038671,2.459316,0.085057,2.215066,960
live,1031,16773424579355,16773424859725,16773424965326,16773427482892,2.903537,0.105601,2.517566,960
live,1032,16773434579355,16773434760995,16773434847012,16773437070079,2.490724,0.086017,2.223067,960
live,1033,16773444579355,16773444750683,16773444828988,16773447022998,2.443643,0.078305,2.19401,960
live,1034,16773454579355,16773454738738,16773454822355,16773457044814,2.465459,0.083617,2.222459,960
live,1035,16773464579355,16773464750634,16773464831147,16773467045798,2.466443,0.080513,2.214651,960
live,1036,16773474579355,16773474741794,16773474821411,16773477621700,3.042345,0.079617,2.800289,960
live,1037,16773484579355,16773484751929,16773484836890,16773487031605,2.45225,0.084961,2.194715,960
live,1038,16773494579355,16773494747633,16773494828498,16773497039244,2.459889,0.080865,2.210746,960
live,1039,16773504579355,16773504740137,16773504819466,16773507019492,2.440137,0.079329,2.200026,960
live,1040,16773514579355,16773514740576,16773514818785,16773521438832,6.859477,0.078209,6.620047,960
live,1041,16773524579355,16773524757240,16773524841849,16773527175381,2.596026,0.084609,2.333532,960
live,1042,16773534579355,16773534766288,16773534861265,16773537115340,2.535985,0.094977,2.254075,960
live,1043,16773544579355,16773544759847,16773544852233,16773547065475,2.48612,0.092386,2.213242,960
live,1044,16773554579355,16773554750559,16773554827040,16773557089915,2.51056,0.076481,2.262875,960
live,1045,16773564579355,16773564755191,16773564832696,16773567053394,2.474039,0.077505,2.220698,960
live,1046,16773574579355,16773574738254,16773574828079,16773577083306,2.503951,0.089825,2.255227,960
live,1047,16773584579355,16773584753958,16773584831367,16773587042081,2.462726,0.077409,2.210714,960
live,1048,16773594579355,16773594749182,16773594829663,16773597052185,2.47283,0.080481,2.222522,960
live,1049,16773604579355,16773604740693,16773604823446,16773607117330,2.537975,0.082753,2.293884,960
live,1050,16773614579355,16773614761261,16773614869486,16773617090889,2.511534,0.108225,2.221403,960
live,1051,16773624579355,16773624767877,16773624856422,16773627056544,2.477189,0.088545,2.200122,960
live,1052,16773634579355,16773634742652,16773634829245,16773637080792,2.501437,0.086593,2.251547,960
live,1053,16773644579355,16773644751028,16773644831093,16773647053424,2.474069,0.080065,2.222331,960
live,1054,16773654579355,16773654747052,16773654833165,16773657083432,2.504077,0.086113,2.250267,960
live,1055,16773664579355,16773664750179,16773664828708,16773667040671,2.461316,0.078529,2.211963,960
live,1056,16773674579355,16773674738043,16773674820188,16773677082039,2.502684,0.082145,2.261851,960
live,1057,16773684579355,16773684747091,16773684831732,16773687080399,2.501044,0.084641,2.248667,960
live,1058,16773694579355,16773694745194,16773694822891,16773697058758,2.479403,0.077697,2.235867,960
live,1059,16773704579355,16773704741922,16773704819715,16773707015389,2.436034,0.077793,2.195674,960
live,1060,16773714579355,16773714744250,16773714834683,16773721286888,6.707533,0.090433,6.452205,960
live,1061,16773724579355,16773724749521,16773724836370,16773727115726,2.536371,0.086849,2.279356,960
live,1062,16773734579355,16773734743561,16773734826762,16773737092325,2.51297,0.083201,2.265563,960
live,1063,16773744579355,16773744748225,16773744828130,16773747064924,2.485569,0.079905,2.236794,960
live,1064,16773754579355,16773754750776,16773754843769,16773757190613,2.611258,0.092993,2.346844,960
live,1065,16773764579355,16773764841841,16773764919858,16773767157293,2.577938,0.078017,2.237435,960
live,1066,16773774579355,16773774777320,16773774869609,16773777126084,2.546729,0.092289,2.256475,960
live,1067,16773784579355,16773784763263,16773784858625,16773787091835,2.51248,0.095362,2.23321,960
live,1068,16773794579355,16773794760439,16773794844088,16773797097267,2.517912,0.083649,2.253179,960
live,1069,16773804579355,16773804747279,16773804830064,16773807041034,2.461679,0.082785,2.21097,960
live,1070,16773814579355,16773814740294,16773814835559,16773817098978,2.519623,0.095265,2.263419,960
live,1071,16773824579355,16773824748734,16773824836223,16773827068026,2.488671,0.087489,2.231803,960
live,1072,16773834579355,16773834761302,16773834853783,16773837109618,2.530263,0.092481,2.255835,960
live,1073,16773844579355,16773844773774,16773844866863,16773847091049,2.511694,0.093089,2.224186,960
live,1074,16773854579355,16773855124553,16773855265931,16773857757737,3.178382,0.141378,2.491806,960
live,1075,16773864579355,16773864779133,16773864889470,16773867258395,2.67904,0.110337,2.368925,960
live,1076,16773874579355,16773874770516,16773874865878,16773877235410,2.656055,0.095362,2.369532,960
live,1077,16773884579355,16773884746988,16773884831757,16773887212713,2.633358,0.084769,2.380956,960
live,1078,16773894579355,16773894750180,16773894835557,16773897154304,2.574949,0.085377,2.318747,960
live,1079,16773904579355,16773904737947,16773904816316,16773907087575,2.50822,0.078369,2.271259,960
live,1080,16773914579355,16773914732147,16773914813268,16773921259905,6.68055,0.081121,6.446637,960
live,1081,16773924579355,16773924743690,16773924839692,16773927134535,2.55518,0.096002,2.294843,960
live,1082,16773934579355,16773934840419,16773934949605,16773937193631,2.614276,0.109186,2.244026,960
live,1083,16773944579355,16773944769274,16773944852859,16773947133334,2.553979,0.083585,2.280475,960
live,1084,16773954579355,16773954745490,16773954826418,16773957079693,2.500338,0.080928,2.253275,960
live,1085,16773964579355,16773964749161,16773964826602,16773967114950,2.535595,0.077441,2.288348,960
live,1086,16773974579355,16773974749057,16773974829954,16773977071869,2.492514,0.080897,2.241915,960
live,1087,16773984579355,16773984738680,16773984820217,16773987622939,3.043584,0.081537,2.802722,960
live,1088,16773994579355,16773994743056,16773994825649,16773997087628,2.508273,0.082593,2.261979,960
live,1089,16774004579355,16774004752456,16774004830313,16774007055587,2.476232,0.077857,2.225274,960
live,1090,16774014579355,16774014746976,16774014826432,16774017142332,2.562977,0.079456,2.3159,960
live,1091,16774024579355,16774024744887,16774024823160,16774027216661,2.637306,0.078273,2.393501,960
live,1092,16774034579355,16774034741231,16774034824656,16774037134411,2.555056,0.083425,2.309755,960
live,1093,16774044579355,16774044737702,16774044816775,16774047032802,2.453447,0.079073,2.216027,960
live,1094,16774054579355,16774054748766,16774054829567,16774057050138,2.470783,0.080801,2.220571,960
live,1095,16774064579355,16774064739350,16774064823255,16774067043249,2.463894,0.083905,2.219994,960
live,1096,16774074579355,16774074736653,16774074819950,16774077075817,2.496462,0.083297,2.255867,960
live,1097,16774084579355,16774084748101,16774084832358,16774087036545,2.45719,0.084257,2.204187,960
live,1098,16774094579355,16774094739293,16774094824894,16774097062905,2.48355,0.085601,2.238011,960
replay,1099,16774104579355,16774105375484,16774105531134,16774156786915,52.20756,0.15565,51.255781,73088
live,1099,16774104579355,16774105315355,16774106152421,16774108676100,4.096745,0.837066,2.523679,960
live,1100,16774114579355,16774115108433,16774115609175,16774124332223,9.752868,0.500742,8.723048,960
live,1101,16774124579355,16774124951814,16774125151241,16774127365411,2.786056,0.199427,2.21417,960
live,1102,16774134579355,16774134814812,16774134974046,16774137497757,2.918402,0.159234,2.523711,960
live,1103,16774144579355,16774144784404,16774144903093,16774147346450,2.767095,0.118689,2.443357,960
live,1104,16774154579355,16774157011686,16774157341706,16774160169196,5.589841,0.33002,2.82749,960
live,1105,16774164579355,16774164871172,16774164970341,16774167277249,2.697894,0.099169,2.306908,960
live,1106,16774174579355,16774174752954,16774174853020,16774177246744,2.667389,0.100066,2.393724,960
live,1107,16774184579355,16774184773970,16774184863667,16774187157167,2.577812,0.089697,2.2935,960
live,1108,16774194579355,16774194742698,16774194830763,16774197221511,2.642156,0.088065,2.390748,960
live,1109,16774204579355,16774204745313,16774204830370,16774207171902,2.592547,0.085057,2.341532,960
live,1110,16774214579355,16774214749817,16774214828986,16774217208022,2.628667,0.079169,2.379036,960
live,1111,16774224579355,16774224755281,16774224849458,16774227072397,2.493042,0.094177,2.222939,960
live,1112,16774234579355,16774234757320,16774234847114,16774237066820,2.487465,0.089794,2.219706,960
live,1113,16774244579355,16774244747392,16774244830241,16774247070908,2.491553,0.082849,2.240667,960
live,1114,16774254579355,16774254738936,16774254824665,16774257103732,2.524377,0.085729,2.279067,960
live,1115,16774264579355,16774264759696,16774264844209,16774267104268,2.524913,0.084513,2.260059,960
live,1116,16774274579355,16774274751399,16774274889129,16774277136004,2.556649,0.13773,2.246875,960
live,1117,16774284579355,16774284770655,16774284871520,16774287070715,2.49136,0.100865,2.199195,960
live,1118,16774294579355,16774294933113,16774295023610,16774297391798,2.812443,0.090497,2.368188,960
live,1119,16774304579355,16774304757902,16774304849359,16774307118954,2.539599,0.091457,2.269595,960
live,1120,16774314579355,16774314742470,16774314827271,16774321921564,7.342209,0.084801,7.094293,960
live,1121,16774324579355,16774324765246,16774324852351,16774327157818,2.578463,0.087105,2.305467,960
live,1122,16774334579355,16774334749653,16774334834102,16774337113233,2.533878,0.084449,2.279131,960
live,1123,16774344579355,16774344757901,16774344836878,16774348063636,3.484281,0.078977,3.226758,960
live,1124,16774354579355,16774354748420,16774354838694,16774357147681,2.568326,0.090274,2.308987,960
live,1125,16774364579355,16774364775388,16774364855485,16774367114840,2.535485,0.080097,2.259355,960
live,1126,16774374579355,16774374752884,16774374831861,16774377123120,2.543765,0.078977,2.291259,960
live,1127,16774384579355,16774384751628,16774384844205,16774387112168,2.532813,0.092577,2.267963,960
live,1128,16774394579355,16774394762723,16774394842372,16774397119040,2.539685,0.079649,2.276668,960
live,1129,16774404579355,16774404743611,16774404822300,16774407098615,2.51926,0.078689,2.276315,960
live,1130,16774414579355,16774414743538,16774414829619,16774417083598,2.504243,0.086081,2.253979,960
live,1131,16774424579355,16774424745162,16774424832171,16774427075878,2.496523,0.087009,2.243707,960
live,1132,16774434579355,16774434763682,16774434847459,16774437124638,2.545283,0.083777,2.277179,960
live,1133,16774444579355,16774444745817,16774444824442,16774447073653,2.494298,0.078625,2.249211,960
live,1134,16774454579355,16774454735313,16774454815314,16774457075885,2.49653,0.080001,2.260571,960
live,1135,16774464579355,16774464740905,16774464819210,16774467064805,2.48545,0.078305,2.245595,960
live,1136,16774474579355,16774474743040,16774474824673,16774477116605,2.53725,0.081633,2.291932,960
live,1137,16774484579355,16774484742200,16774484822009,16774487067476,2.488121,0.079809,2.245467,960
live,1138,16774494579355,16774494752336,16774494836177,16774497245710,2.666355,0.083841,2.409533,960
live,1139,16774504579355,16774504825448,16774504946794,16774507253286,2.673931,0.121346,2.306492,960
live,1140,16774514579355,16774514772864,16774514877089,16774521600209,7.020854,0.104225,6.72312,960
live,1141,16774524579355,16774524772951,16774524863448,16774527288661,2.709306,0.090497,2.425213,960
live,1142,16774534579355,16774534805999,16774534897392,16774537200748,2.621393,0.091393,2.303356,960
live,1143,16774544579355,16774544780807,16774544874024,16774547064450,2.485095,0.093217,2.190426,960
live,1144,16774554579355,16774554755518,16774554837695,16774557082650,2.503295,0.082177,2.244955,960
live,1145,16774564579355,16774564734709,16774564816022,16774567028913,2.449558,0.081313,2.212891,960
live,1146,16774574579355,16774574752717,16774574847790,16774577085769,2.506414,0.095073,2.237979,960
live,1147,16774584579355,16774584750309,16774584844582,16774587029376,2.450021,0.094273,2.184794,960
live,1148,16774594579355,16774594812957,16774594951167,16774597192826,2.613471,0.13821,2.241659,960
live,1149,16774604579355,16774604760468,16774604864854,16774607078416,2.499061,0.104386,2.213562,960
live,1150,16774614579355,16774614761964,16774614856109,16774617071944,2.492589,0.094145,2.215835,960
live,1151,16774624579355,16774624769188,16774624860869,16774627253762,2.674407,0.091681,2.392893,960
live,1152,16774634579355,16774634748763,16774634832188,16774637105912,2.526557,0.083425,2.273724,960
live,1153,16774644579355,16774644745779,16774644835668,16774647052015,2.47266,0.089889,2.216347,960
live,1154,16774654579355,16774654742635,16774654829548,16774657087975,2.50862,0.086913,2.258427,960
live,1155,16774664579355,16774664745794,16774664826915,16774667055358,2.476003,0.081121,2.228443,960
live,1156,16774674579355,16774674750554,16774674847099,16774677102070,2.522715,0.096545,2.254971,960
live,1157,16774684579355,16774684758578,16774684840819,16774687042477,2.463122,0.082241,2.201658,960
live,1158,16774694579355,16774694744905,16774694831914,16774697243655,2.6643,0.087009,2.411741,960
live,1159,16774704579355,16774705004612,16774705093189,16774708081289,3.501934,0.088577,2.9881,960
live,1160,16774714579355,16774714757817,16774714841434,16774721464553,6.885198,0.083617,6.623119,960
live,1161,16774724579355,16774724769361,16774724871858,16774727197070,2.617715,0.102497,2.325212,960
live,1162,16774734579355,16774734758472,16774734858601,16774737178117,2.598762,0.100129,2.319516,960
live,1163,16774744579355,16774744775328,16774744869697,16774747277022,2.697667,0.094369,2.407325,960
live,1164,16774754579355,16774754746455,16774754840664,16774757852477,3.273122,0.094209,3.011813,960
live,1165,16774764579355,16774764756239,16774764843056,16774767127052,2.547697,0.086817,2.283996,960
live,1166,16774774579355,16774774759271,16774774843912,16774776607389,2.028034,0.084641,1.763477,960
live,1167,16774784579355,16774784753822,16774784861536,16774786958489,2.379134,0.107714,2.096953,960
live,1168,16774794579355,16774794762614,16774794857239,16774796918000,2.338645,0.094625,2.060761,960
live,1169,16774804579355,16774804771822,16774804856175,16774807149514,2.570159,0.084353,2.293339,960
live,1170,16774814579355,16774814752037,16774814829510,16774817263876,2.684521,0.077473,2.434366,960
live,1171,16774824579355,16774824751069,16774824833758,16774827095929,2.516574,0.082689,2.262171,960
live,1172,16774834579355,16774834742965,16774834824854,16774837199570,2.620215,0.081889,2.374716,960
live,1173,16774844579355,16774844753165,16774844845678,16774847221898,2.642543,0.092513,2.37622,960
live,1174,16774854579355,16774854753700,16774854832261,16774857230306,2.650951,0.078561,2.398045,960
live,1175,16774864579355,16774864746172,16774864827453,16774867101880,2.522525,0.081281,2.274427,960
live,1176,16774874579355,16774874748307,16774874833300,16774876817260,2.237905,0.084993,1.98396,960
live,1177,16774884579355,16774884748235,16774884828780,16774886804388,2.225033,0.080545,1.975608,960
live,1178,16774894579355,16774894742947,16774894823268,16774896848188,2.268833,0.080321,2.02492,960
live,1179,16774904579355,16774904742106,16774904826843,16774907204344,2.624989,0.084737,2.377501,960
live,1180,16774914579355,16774914739314,16774914816659,16774921399682,6.820327,0.077345,6.583023,960
live,1181,16774924579355,16774924755338,16774924840331,16774927278920,2.699565,0.084993,2.438589,960
live,1182,16774934579355,16774934750242,16774934834659,16774937111326,2.531971,0.084417,2.276667,960
live,1183,16774944579355,16774944755833,16774944848122,16774946105257,1.525902,0.092289,1.257135,960
live,1184,16774954579355,16774954708720,16774954777297,16774955804349,1.224994,0.068577,1.027052,960
live,1185,16774964579355,16774964747241,16774964844714,16774966631871,2.052516,0.097473,1.787157,960
live,1186,16774974579355,16774974797729,16774974935074,16774976940730,2.361375,0.137345,2.005656,960
live,1187,16774984579355,16774984765272,16774984863641,16774987253590,2.674235,0.098369,2.389949,960
live,1188,16774994579355,16774994762224,16774994848433,16774997270222,2.690867,0.086209,2.421789,960
live,1189,16775004579355,16775004754983,16775004839144,16775007228453,2.649098,0.084161,2.389309,960
live,1190,16775014579355,16775014747455,16775014825504,16775017287869,2.708514,0.078049,2.462365,960
live,1191,16775024579355,16775024745111,16775024825912,16775027307221,2.727866,0.080801,2.481309,960
live,1192,16775034579355,16775034745902,16775034832111,16775037248268,2.668913,0.086209,2.416157,960
live,1193,16775044579355,16775044754278,16775044836039,16775047202275,2.62292,0.081761,2.366236,960
live,1194,16775054579355,16775054744478,16775054825727,16775057090714,2.511359,0.081249,2.264987,960
live,1195,16775064579355,16775064748981,16775064827222,16775066837614,2.258259,0.078241,2.010392,960
live,1196,16775074579355,16775074750381,16775074833742,16775077221035,2.64168,0.083361,2.387293,960
live,1197,16775084579355,16775084746373,16775084831270,16775087205730,2.626375,0.084897,2.37446,960
live,1198,16775094579355,16775094746012,16775094826493,16775097232410,2.653055,0.080481,2.405917,960
live,1199,16775104579355,16775105341723,16775105549278,16775108255198,3.675843,0.207555,2.70592,960
replay,1199,16775104579355,16775105411196,16775105860609,16775156133275,51.55392,0.449413,50.272666,73088
live,1200,16775114579355,16775117117288,16775117950770,16775126387223,11.807868,0.833482,8.436453,960
live,1201,16775124579355,16775124998438,16775126563225,16775129131672,4.552317,1.564787,2.568447,960
live,1202,16775134579355,16775134802748,16775134930973,16775137428475,2.84912,0.128225,2.497502,960
live,1203,16775144579355,16775144772819,16775144897397,16775147265041,2.685686,0.124578,2.367644,960
live,1204,16775154579355,16775156428575,16775156748482,16775159096735,4.51738,0.319907,2.348253,960
live,1205,16775164579355,16775164852931,16775164940036,16775166899132,2.319777,0.087105,1.959096,960
live,1206,16775174579355,16775174748986,16775174842043,16775176838803,2.259448,0.093057,1.99676,960
live,1207,16775184579355,16775184762834,16775184844211,16775187071021,2.491666,0.081377,2.22681,960
live,1208,16775194579355,16775194827306,16775194964556,16775196909219,2.329864,0.13725,1.944663,960
live,1209,16775204579355,16775204787649,16775204903555,16775207065245,2.48589,0.115906,2.16169,960
live,1210,16775214579355,16775214769625,16775214877338,16775216888370,2.309015,0.107713,2.011032,960
live,1211,16775224579355,16775224777297,16775224866546,16775227399184,2.819829,0.089249,2.532638,960
live,1212,16775234579355,16775234745224,16775234841257,16775237174725,2.59537,0.096033,2.333468,960
live,1213,16775244579355,16775244759232,16775244855521,16775247045659,2.466304,0.096289,2.190138,960
live,1214,16775254579355,16775254767832,16775254845528,16775256797680,2.218325,0.077696,1.952152,960
live,1215,16775264579355,16775264746223,16775264821424,16775266742407,2.163052,0.075201,1.920983,960
live,1216,16775274579355,16775274738823,16775274821224,16775277213604,2.634249,0.082401,2.39238,960
live,1217,16775284579355,16775284748062,16775284834367,16775287156315,2.57696,0.086305,2.321948,960
live,1218,16775294579355,16775294854807,16775294951129,16775297273620,2.694265,0.096322,2.322491,960
live,1219,16775304579355,16775304792846,16775304874319,16775307060169,2.480814,0.081473,2.18585,960
live,1220,16775314579355,16775314759558,16775314837831,16775321484118,6.904763,0.078273,6.646287,960
live,1221,16775324579355,16775324745533,16775324835678,16775327212091,2.632736,0.090145,2.376413,960
live,1222,16775334579355,16775334765237,16775334845110,16775337199538,2.620183,0.079873,2.354428,960
live,1223,16775344579355,16775344763757,16775344843214,16775347188330,2.608975,0.079457,2.345116,960
live,1224,16775354579355,16775354754404,16775354833925,16775357075712,2.496357,0.079521,2.241787,960
live,1225,16775364579355,16775364744572,16775364819069,16775366768436,2.189081,0.074497,1.949367,960
live,1226,16775374579355,16775374741555,16775374820980,16775376801868,2.222513,0.079425,1.980888,960
live,1227,16775384579355,16775384746123,16775384828556,16775386760931,2.181576,0.082433,1.932375,960
live,1228,16775394579355,16775394749731,16775394832420,16775397179360,2.600005,0.082689,2.34694,960
live,1229,16775404579355,16775404747963,16775404828636,16775407156215,2.57686,0.080673,2.327579,960
live,1230,16775414579355,16775414745586,16775414825619,16775417182671,2.603316,0.080033,2.357052,960
live,1231,16775424579355,16775424937836,16775425020909,16775427625196,3.045841,0.083073,2.604287,960
live,1232,16775434579355,16775434764066,16775434848387,16775437312544,2.733189,0.084321,2.464157,960
live,1233,16775444579355,16775444754489,16775444836314,16775447175094,2.595739,0.081825,2.33878,960
live,1234,16775454579355,16775454755249,16775454845938,16775457342704,2.763349,0.090689,2.496766,960
live,1235,16775464579355,16775464760937,16775464856106,16775467083013,2.503658,0.095169,2.226907,960
live,1236,16775474579355,16775474761409,16775474842689,16775477148541,2.569186,0.08128,2.305852,960
live,1237,16775484579355,16775484744952,16775484827801,16775487048628,2.469273,0.082849,2.220827,960
live,1238,16775494579355,16775494748624,16775494828081,16775497075756,2.496401,0.079457,2.247675,960
live,1239,16775504579355,16775504746375,16775504832680,16775507053507,2.474152,0.086305,2.220827,960
live,1240,16775514579355,16775514760191,16775514839296,16775521399055,6.8197,0.079105,6.559759,960
live,1241,16775524579355,16775524753207,16775524873240,16775528190848,3.611493,0.120033,3.317608,960
live,1242,16775534579355,16775534754543,16775534836208,16775537265357,2.686002,0.081665,2.429149,960
live,1243,16775544579355,16775544750182,16775544831047,16775547234468,2.655113,0.080865,2.403421,960
live,1244,16775554579355,16775554746654,16775554829567,16775557146619,2.567264,0.082913,2.317052,960
live,1245,16775564579355,16775564745973,16775564827638,16775567102642,2.523287,0.081665,2.275004,960
live,1246,16775574579355,16775574743469,16775574825486,16775577075081,2.495726,0.082017,2.249595,960
live,1247,16775584579355,16775584736229,16775584816134,16775587047328,2.467973,0.079905,2.231194,960
live,1248,16775594579355,16775594743773,16775594824317,16775597084889,2.505534,0.080544,2.260572,960
live,1249,16775604579355,16775604751348,16775604832309,16775607056112,2.476757,0.080961,2.223803,960
live,1250,16775614579355,16775614747852,16775614826925,16775617082600,2.503245,0.079073,2.255675,960
live,1251,16775624579355,16775624746980,16775624827525,16775627049951,2.470596,0.080545,2.222426,960
live,1252,16775634579355,16775634744187,16775634823036,16775637073815,2.49446,0.078849,2.250779,960
live,1253,16775644579355,16775644746131,16775644823860,16775647063407,2.484052,0.077729,2.239547,960
live,1254,16775654579355,16775654746539,16775654825676,16775657084775,2.50542,0.079137,2.259099,960
live,1255,16775664579355,16775664754114,16775664835203,16775667308769,2.729414,0.081089,2.473566,960
live,1256,16775674579355,16775674853147,16775674993693,16775677271096,2.691741,0.140546,2.277403,960
live,1257,16775684579355,16775684776242,16775684887539,16775687257488,2.678133,0.111297,2.369949,960
live,1258,16775694579355,16775694769098,16775694866315,16775697229383,2.650028,0.097217,2.363068,960
live,1259,16775704579355,16775704758049,16775704843010,16775706470934,1.891579,0.084961,1.627924,960
live,1260,16775714579355,16775714752665,16775714838554,16775720622335,6.04298,0.085889,5.783781,960
live,1261,16775724579355,16775724760369,16775724843698,16775726081632,1.502277,0.083329,1.237934,960
live,1262,16775734579355,16775734758632,16775734831273,16775736064088,1.484733,0.072641,1.232815,960
live,1263,16775744579355,16775744772544,16775744861217,16775746455924,1.876569,0.088673,1.594707,960
live,1264,16775754579355,16775754764152,16775754844249,16775756405227,1.825872,0.080097,1.560978,960
live,1265,16775764579355,16775764752719,16775764821712,16775766388483,1.809128,0.068993,1.566771,960
live,1266,16775774579355,16775774750983,16775774822184,16775776057111,1.477756,0.071201,1.234927,960
live,1267,16775784579355,16775784735582,16775784805727,16775786014382,1.435027,0.070145,1.208655,960
live,1268,16775794579355,16775794739222,16775794812503,16775796058118,1.478763,0.073281,1.245615,960
live,1269,16775804579355,16775804744142,16775804819407,16775806355201,1.775846,0.075265,1.535794,960
live,1270,16775814579355,16775814745254,16775814821862,16775816373689,1.794334,0.076608,1.551827,960
live,1271,16775824579355,16775824754269,16775824825438,16775826980984,2.401629,0.071169,2.155546,960
live,1272,16775834579355,16775834914775,16775835316028,16775837108529,2.529174,0.401253,1.792501,960
live,1273,16775844579355,16775844744461,16775844825966,16775846406528,1.827173,0.081505,1.580562,960
live,1274,16775854579355,16775854748132,16775854819909,16775856387096,1.807741,0.071777,1.567187,960
live,1275,16775864579355,16775864746908,16775864826301,16775866374191,1.794836,0.079393,1.54789,960
live,1276,16775874579355,16775874752660,16775874830357,16775876392199,1.812844,0.077697,1.561842,960
live,1277,16775884579355,16775884758539,16775884830860,16775887023655,2.4443,0.072321,2.192795,960
live,1278,16775894579355,16775894750371,16775894844420,16775896099763,1.520408,0.094049,1.255343,960
live,1279,16775904579355,16775904764699,16775904853628,16775906393646,1.814291,0.088929,1.540018,960
live,1280,16775914579355,16775914808371,16775914929077,16775920674969,6.095614,0.120706,5.745892,960
live,1281,16775924579355,16775924778410,16775924865292,16775926429406,1.850051,0.086882,1.564114,960
live,1282,16775934579355,16775934759522,16775934851651,16775936422998,1.843643,0.092129,1.571347,960
live,1283,16775944579355,16775944774266,16775945194431,16775947855295,3.27594,0.420165,2.660864,960
live,1284,16775954579355,16775954752433,16775955152310,16775957657556,3.078201,0.399877,2.505246,960
live,1285,16775964579355,16775964741769,16775965135789,16775967642635,3.06328,0.39402,2.506846,960
live,1286,16775974579355,16775974740192,16775974819329,16775977089917,2.510562,0.079137,2.270588,960
live,1287,16775984579355,16775984740216,16775984818425,16775987062420,2.483065,0.078209,2.243995,960
live,1288,16775994579355,16775994744272,16775994824721,16775996833769,2.254414,0.080449,2.009048,960
live,1289,16776004579355,16776004742696,16776004827785,16776007055235,2.47588,0.085089,2.22745,960
live,1290,16776014579355,16776014747167,16776014827552,16776016805048,2.225693,0.080385,1.977496,960
live,1291,16776024579355,16776024736919,16776024818584,16776027051859,2.472504,0.081665,2.233275,960
live,1292,16776034579355,16776034745007,16776034826608,16776036812263,2.232908,0.081601,1.985655,960
live,1293,16776044579355,16776044744294,16776044821671,16776046785151,2.205796,0.077377,1.96348,960
live,1294,16776054579355,16776054835903,16776054931584,16776056623221,2.043866,0.095681,1.691637,960
live,1295,16776064579355,16776064790102,16776064870455,16776066477930,1.898575,0.080353,1.607475,960
live,1296,16776074579355,16776074744237,16776074817806,16776076441634,1.862279,0.073569,1.623828,960
live,1297,16776084579355,16776084749445,16776084822278,16776086358808,1.779453,0.072833,1.53653,960
live,1298,16776094579355,16776094734781,16776094809118,16776096044108,1.464753,0.074337,1.23499,960
live,1299,16776104579355,16776105341052,16776105529982,16776107397780,2.818425,0.18893,1.867798,960
replay,1299,16776104579355,16776105408476,16776105895714,16776158379798,53.800443,0.487238,52.484084,73088
live,1300,16776114579355,16776115197298,16776115584694,16776123262290,8.682935,0.387396,7.677596,960
live,1301,16776124579355,16776124930726,16776125140233,16776127087264,2.507909,0.209507,1.947031,960
live,1302,16776134579355,16776134822109,16776134984542,16776136846581,2.267226,0.162433,1.862039,960
live,1303,16776144579355,16776144789908,16776144895541,16776146621994,2.042639,0.105633,1.726453,960
live,1304,16776154579355,16776154939917,16776155154416,16776159621349,5.041994,0.214499,4.466933,960
live,1305,16776164579355,16776164811267,16776164909829,16776166538200,1.958845,0.098562,1.628371,960
live,1306,16776174579355,16776174755930,16776174835003,16776176407438,1.828083,0.079073,1.572435,960
live,1307,16776184579355,16776184749042,16776184821491,16776186956365,2.37701,0.072449,2.134874,960
live,1308,16776194579355,16776194859531,16776195020205,16776197213959,2.634604,0.160674,2.193754,960
live,1309,16776204579355,16776204765986,16776204849155,16776206987388,2.408033,0.083169,2.138233,960
live,1310,16776214579355,16776214745689,16776214823962,16776216744465,2.16511,0.078273,1.920503,960
live,1311,16776224579355,16776224758481,16776224836626,16776226732489,2.153134,0.078145,1.895863,960
live,1312,16776234579355,16776234741960,16776234834186,16776237163109,2.583754,0.092226,2.328923,960
live,1313,16776244579355,16776244751616,16776244835425,16776247337279,2.757924,0.083809,2.501854,960
live,1314,16776254579355,16776254762648,16776254846393,16776257030899,2.451544,0.083745,2.184506,960
live,1315,16776264579355,16776264751856,16776264827057,16776267096748,2.517393,0.075201,2.269691,960
live,1316,16776274579355,16776274737927,16776274814472,16776277082947,2.503592,0.076545,2.268475,960
live,1317,16776284579355,16776284744287,16776284822752,16776286926937,2.347582,0.078465,2.104185,960
live,1318,16776294579355,16776294741687,16776294822616,16776297244533,2.665178,0.080929,2.421917,960
live,1319,16776304579355,16776304743502,16776304825039,16776306728742,2.149387,0.081537,1.903703,960
live,1320,16776314579355,16776314743430,16776314827559,16776320856239,6.276884,0.084129,6.02868,960
live,1321,16776324579355,16776324763582,16776324842015,16776326725557,2.146202,0.078433,1.883542,960
live,1322,16776334579355,16776334749461,16776334834903,16776336898127,2.318772,0.085442,2.063224,960
live,1323,16776344579355,16776344754381,16776344839118,16776346852646,2.273291,0.084737,2.013528,960
live,1324,16776354579355,16776354765765,16776354859462,16776357279203,2.699848,0.093697,2.419741,960
live,1325,16776364579355,16776364767869,16776364870910,16776367461597,2.882242,0.103041,2.590687,960
live,1326,16776374579355,16776374772533,16776374854966,16776377279187,2.699832,0.082433,2.424221,960
live,1327,16776384579355,16776384756396,16776384839949,16776387248810,2.669455,0.083553,2.408861,960
live,1328,16776394579355,16776394760804,16776394849061,16776397100256,2.520901,0.088257,2.251195,960
live,1329,16776404579355,16776404750651,16776404833180,16776407122776,2.543421,0.082529,2.289596,960
live,1330,16776414579355,16776414746291,16776414828596,16776417144560,2.565205,0.082305,2.315964,960
live,1331,16776424579355,16776424742827,16776424819468,16776426980933,2.401578,0.076641,2.161465,960
live,1332,16776434579355,16776434744898,16776434823235,16776436773499,2.194144,0.078337,1.950264,960
live,1333,16776444579355,16776444745114,16776444823835,16776447119478,2.540123,0.078721,2.295643,960
live,1334,16776454579355,16776454733106,16776454811859,16776457152303,2.572948,0.078753,2.340444,960
live,1335,16776464579355,16776464751498,16776464826890,16776467098022,2.518667,0.075392,2.271132,960
live,1336,16776474579355,16776474744417,16776474824546,16776477083069,2.503714,0.080129,2.258523,960
live,1337,16776484579355,16776484764825,16776484843738,16776487197174,2.617819,0.078913,2.353436,960
live,1338,16776494579355,16776494749137,16776494827826,16776497084269,2.504914,0.078689,2.256443,960
live,1339,16776504579355,16776504751304,16776504830217,16776507004899,2.425544,0.078913,2.174682,960
live,1340,16776514579355,16776514736640,16776514816801,16776521400496,6.821141,0.080161,6.583695,960
live,1341,16776524579355,16776524761944,16776524851609,16776527054643,2.475288,0.089665,2.203034,960
live,1342,16776534579355,16776534754031,16776534835280,16776537058603,2.479248,0.081249,2.223323,960
live,1343,16776544579355,16776544751111,16776544829640,16776547037986,2.458631,0.078529,2.208346,960
live,1344,16776554579355,16776554741279,16776554821024,16776557043610,2.464255,0.079745,2.222586,960
live,1345,16776564579355,16776564762999,16776564862360,16776567172627,2.593272,0.099361,2.310267,960
live,1346,16776574579355,16776574771150,16776574868272,16776577268012,2.688657,0.097122,2.39974,960
live,1347,16776584579355,16776584789094,16776584880999,16776587349029,2.769674,0.091905,2.46803,960
live,1348,16776594579355,16776595126402,16776595262052,16776597464606,2.885251,0.13565,2.202554,960
live,1349,16776604579355,16776604797110,16776604913719,16776607129138,2.549783,0.116609,2.215419,960
live,1350,16776614579355,16776614769709,16776614858542,16776617092265,2.51291,0.088833,2.233723,960
live,1351,16776624579355,16776624756261,16776624842278,16776627035424,2.456069,0.086017,2.193146,960
live,1352,16776634579355,16776634750748,16776634833533,16776637064408,2.485053,0.082785,2.230875,960
live,1353,16776644579355,16776644737940,16776644818997,16776647038191,2.458836,0.081057,2.219194,960
live,1354,16776654579355,16776654742188,16776654821965,16776657055079,2.475724,0.079777,2.233114,960
live,1355,16776664579355,16776664734819,16776664811300,16776667030943,2.451588,0.076481,2.219643,960
live,1356,16776674579355,16776674753787,16776674837788,16776677220665,2.64131,0.084001,2.382877,960
live,1357,16776684579355,16776684758707,16776684838388,16776687209904,2.630549,0.079681,2.371516,960
live,1358,16776694579355,16776694745066,16776694824363,16776697201928,2.622573,0.079297,2.377565,960
live,1359,16776704579355,16776704897412,16776705023429,16776707528419,2.949064,0.126017,2.50499,960
live,1360,16776714579355,16776714762650,16776714844411,16776721287688,6.708333,0.081761,6.443277,960
live,1361,16776724579355,16776724753554,16776724854547,16776727097518,2.518163,0.100993,2.242971,960
live,1362,16776734579355,16776734766153,16776734845578,16776736818882,2.239527,0.079425,1.973304,960
live,1363,16776744579355,16776744747425,16776744823330,16776747044636,2.465281,0.075905,2.221306,960
live,1364,16776754579355,16776754784633,16776754866650,16776757090901,2.511546,0.082017,2.224251,960
live,1365,16776764579355,16776764754224,16776764839025,16776767067660,2.488305,0.084801,2.228635,960
live,1366,16776774579355,16776774756680,16776774837609,16776776824801,2.245446,0.080929,1.987192,960
live,1367,16776784579355,16776784745824,16776784832417,16776787419104,2.839749,0.086593,2.586687,960
live,1368,16776794579355,16776794745815,16776794828984,16776796538989,1.959634,0.083169,1.710005,960
live,1369,16776804579355,16776804753807,16776804841680,16776807001578,2.422223,0.087873,2.159898,960
live,1370,16776814579355,16776814847624,16776814950441,16776817032130,2.452775,0.102817,2.081689,960
live,1371,16776824579355,16776824794463,16776824884544,16776826862136,2.282781,0.090081,1.977592,960
live,1372,16776834579355,16776834749526,16776834840759,16776836817423,2.238068,0.091233,1.976664,960
live,1373,16776844579355,16776844771086,16776844853359,16776846807302,2.227947,0.082273,1.953943,960
live,1374,16776854579355,16776854757222,16776854839719,16776856818878,2.239523,0.082497,1.979159,960
live,1375,16776864579355,16776864747389,16776864823454,16776867071097,2.491742,0.076065,2.247643,960
live,1376,16776874579355,16776874739989,16776874820182,16776876805358,2.226003,0.080193,1.985176,960
live,1377,16776884579355,16776884749421,16776884833838,16776887149449,2.570094,0.084417,2.315611,960
live,1378,16776894579355,16776894740964,16776894817317,16776897159681,2.580326,0.076353,2.342364,960
live,1379,16776904579355,16776904751644,16776904826525,16776907205177,2.625822,0.074881,2.378652,960
live,1380,16776914579355,16776914741652,16776914821429,16776921328098,6.748743,0.079777,6.506669,960
live,1381,16776924579355,16776924743435,16776924827500,16776927189129,2.609774,0.084065,2.361629,960
live,1382,16776934579355,16776934737539,16776934819140,16776937046271,2.466916,0.081601,2.227131,960
live,1383,16776944579355,16776944735611,16776944813788,16776946761843,2.182488,0.078177,1.948055,960
live,1384,16776954579355,16776954740978,16776954819379,16776956807659,2.228304,0.078401,1.98828,960
live,1385,16776964579355,16776964734346,16776964807723,16776966759810,2.180455,0.073377,1.952087,960
live,1386,16776974579355,16776974735842,16776974816643,16776976821499,2.242144,0.080801,2.004856,960
live,1387,16776984579355,16776984738969,16776984819354,16776987019477,2.440122,0.080385,2.200123,960
live,1388,16776994579355,16776994737841,16776994818898,16776997189966,2.610611,0.081057,2.371068,960
live,1389,16777004579355,16777004794409,16777004922891,16777007273767,2.694412,0.128482,2.350876,960
live,1390,16777014579355,16777014769537,16777014862402,16777017121309,2.541954,0.092865,2.258907,960
live,1391,16777024579355,16777024757368,16777024844569,16777027211094,2.631739,0.087201,2.366525,960
live,1392,16777034579355,16777034861233,16777034953587,16777037425136,2.845781,0.092354,2.471549,960
live,1393,16777044579355,16777044764808,16777044843849,16777047222725,2.64337,0.079041,2.378876,960
live,1394,16777054579355,16777054738975,16777054820032,16777057212861,2.633506,0.081057,2.392829,960
live,1395,16777064579355,16777064785304,16777064896729,16777067260181,2.680826,0.111425,2.363452,960
live,1396,16777074579355,16777074769935,16777074863344,16777077243885,2.66453,0.093409,2.380541,960
live,1397,16777084579355,16777084755943,16777084838920,16777087181828,2.602473,0.082977,2.342908,960
live,1398,16777094579355,16777094742174,16777094819519,16777097209820,2.630465,0.077345,2.390301,960
live,1399,16777104579355,16777105310525,16777105500255,16777108265984,3.686629,0.18973,2.765729,960
replay,1399,16777104579355,16777105373245,16777105818179,16777156966759,52.387404,0.444934,51.14858,73088
live,1400,16777114579355,16777115218803,16777115529527,16777124230879,9.651524,0.310724,8.701352,960
live,1401,16777124579355,16777124906023,16777125103882,16777127752521,3.173166,0.197859,2.648639,960
live,1402,16777134579355,16777134802590,16777134939711,16777137420189,2.840834,0.137121,2.480478,960
live,1403,16777144579355,16777144774869,16777144882294,16777147354996,2.775641,0.107425,2.472702,960
live,1404,16777154579355,16777157167529,16777157480013,16777159746632,5.167277,0.312484,2.266619,960
live,1405,16777164579355,16777164785413,16777164882950,16777166857597,2.278242,0.097537,1.974647,960
live,1406,16777174579355,16777174751324,16777174849085,16777176845589,2.266234,0.097761,1.996504,960
live,1407,16777184579355,16777184771668,16777184871061,16777186846509,2.267154,0.099393,1.975448,960
live,1408,16777194579355,16777194754187,16777194842796,16777196809828,2.230473,0.088609,1.967032,960
live,1409,16777204579355,16777204761699,16777204854692,16777207187648,2.608293,0.092993,2.332956,960
live,1410,16777214579355,16777214757627,16777214852476,16777217184024,2.604669,0.094849,2.331548,960
live,1411,16777224579355,16777224752466,16777224833395,16777227028110,2.448755,0.080929,2.194715,960
live,1412,16777234579355,16777234744938,16777234824971,16777237064294,2.484939,0.080033,2.239323,960
live,1413,16777244579355,16777244751938,16777244843203,16777246877691,2.298336,0.091265,2.034488,960
live,1414,16777254579355,16777254751962,16777254837147,16777256299788,1.720433,0.085185,1.462641,960
live,1415,16777264579355,16777264773106,16777264848210,16777266999340,2.419985,0.075104,2.15113,960
live,1416,16777274579355,16777274750569,16777274835114,16777276880674,2.301319,0.084545,2.04556,960
live,1417,16777284579355,16777284754529,16777284843778,16777286787801,2.208446,0.089249,1.944023,960
live,1418,16777294579355,16777294753048,16777294838169,16777296834993,2.255638,0.085121,1.996824,960
live,1419,16777304579355,16777304756272,16777304841201,16777307156269,2.576914,0.084929,2.315068,960
live,1420,16777314579355,16777314758312,16777314840489,16777321805820,7.226465,0.082177,6.965331,960
live,1421,16777324579355,16777324752511,16777324833696,16777326812984,2.233629,0.081185,1.979288,960
live,1422,16777334579355,16777334754071,16777334836536,16777336822992,2.243637,0.082465,1.986456,960
live,1423,16777344579355,16777344745519,16777344823472,16777346767079,2.187724,0.077953,1.943607,960
live,1424,16777354579355,16777354741094,16777354819879,16777356837760,2.258405,0.078785,2.017881,960
live,1425,16777364579355,16777364764638,16777364841535,16777366775478,2.196123,0.076897,1.933943,960
live,1426,16777374579355,16777374756598,16777374840247,16777376834127,2.254772,0.083649,1.99388,960
live,1427,16777384579355,16777384753582,16777384834223,16777386775622,2.196267,0.080641,1.941399,960
live,1428,16777394579355,16777394741861,16777394820070,16777396814238,2.234883,0.078209,1.994168,960
live,1429,16777404579355,16777404742717,16777404823806,16777406811222,2.231867,0.081089,1.987416,960
live,1430,16777414579355,16777414782325,16777414884054,16777417257875,2.67852,0.101729,2.373821,960
live,1431,16777424579355,16777424921391,16777425008176,16777427235530,2.656175,0.086785,2.227354,960
live,1432,16777434579355,16777434759588,16777434850629,16777436833213,2.253858,0.091041,1.982584,960
live,1433,16777444579355,16777444766748,16777444857629,16777446815029,2.235674,0.090881,1.9574,960
live,1434,16777454579355,16777454750484,16777454829205,16777456814764,2.235409,0.078721,1.985559,960
live,1435,16777464579355,16777464754411,16777464838636,16777466853060,2.273705,0.084225,2.014424,960
live,1436,16777474579355,16777474745347,16777474834948,16777477310306,2.730951,0.089601,2.475358,960
live,1437,16777484579355,16777484773563,16777484868796,16777486863700,2.284345,0.095233,1.994904,960
live,1438,16777494579355,16777494753266,16777494836659,16777496223204,1.643849,0.083393,1.386545,960
live,1439,16777504579355,16777504768074,16777504856683,16777506249948,1.670593,0.088609,1.393265,960
live,1440,16777514579355,16777514763106,16777514842851,16777520841515,6.26216,0.079745,5.998664,960
live,1441,16777524579355,16777524754170,16777524830298,16777526412525,1.83317,0.076128,1.582227,960
live,1442,16777534579355,16777534745041,16777534825074,16777536115010,1.535655,0.080033,1.289936,960
live,1443,16777544579355,16777544757065,16777544837162,16777546375164,1.795809,0.080097,1.538002,960
live,1444,16777554579355,16777554759969,16777554840674,16777556419733,1.840378,0.080705,1.579059,960
live,1445,16777564579355,16777564744216,16777564815385,16777566337675,1.75832,0.071169,1.52229,960
live,1446,16777574579355,16777574832849,16777574910642,16777576481125,1.90177,0.077793,1.570483,960
live,1447,16777584579355,16777584784808,16777584857289,16777586127032,1.547677,0.072481,1.269743,960
live,1448,16777594579355,16777594756063,16777594831840,16777596377171,1.797816,0.075777,1.545331,960
live,1449,16777604579355,16777604746615,16777604821144,16777606335658,1.756303,0.074529,1.514514,960
live,1450,16777614579355,16777614735087,16777615128403,16777617121803,2.542448,0.393316,1.9934,960
live,1451,16777624579355,16777624747654,16777625136075,16777627520712,2.941357,0.388421,2.384637,960
live,1452,16777634579355,16777634742462,16777634821343,16777637184315,2.60496,0.078881,2.362972,960
live,1453,16777644579355,16777644747478,16777644829879,16777647039409,2.460054,0.082401,2.20953,960
live,1454,16777654579355,16777654747470,16777654830671,16777656828614,2.249259,0.083201,1.997943,960
live,1455,16777664579355,16777664752133,16777664830022,16777666807038,2.227683,0.077889,1.977016,960
live,1456,16777674579355,16777674738813,16777674820734,16777676792213,2.212858,0.081921,1.971479,960
live,1457,16777684579355,16777684741429,16777684822070,16777686773037,2.193682,0.080641,1.950967,960
live,1458,16777694579355,16777694743500,16777694827021,16777696850918,2.271563,0.083521,2.023897,960
live,1459,16777704579355,16777704742628,16777704825093,16777706838749,2.259394,0.082465,2.013656,960
live,1460,16777714579355,16777714743548,16777714825725,16777721159209,6.579854,0.082177,6.333484,960
live,1461,16777724579355,16777724761428,16777724851477,16777727226961,2.647606,0.090049,2.375484,960
live,1462,16777734579355,16777734749387,16777734840204,16777737342634,2.763279,0.090817,2.50243,960
live,1463,16777744579355,16777744767939,16777744849348,16777747082015,2.50266,0.081409,2.232667,960
live,1464,16777754579355,16777754749339,16777754832764,16777756838452,2.259097,0.083425,2.005688,960
live,1465,16777764579355,16777764751794,16777764834995,16777766820587,2.241232,0.083201,1.985592,960
live,1466,16777774579355,16777774746090,16777774837931,16777776841251,2.261896,0.091841,2.00332,960
live,1467,16777784579355,16777784744898,16777784822467,16777786798618,2.219263,0.077569,1.976151,960
live,1468,16777794579355,16777794741817,16777794831386,16777796822642,2.243287,0.089569,1.991256,960
live,1469,16777804579355,16777804746193,16777804825106,16777806620008,2.040653,0.078913,1.794902,960
live,1470,16777814579355,16777814755113,16777814842602,16777816594719,2.015364,0.087489,1.752117,960
live,1471,16777824579355,16777824768737,16777824846530,16777826796889,2.217534,0.077793,1.950359,960
live,1472,16777834579355,16777834761752,16777834845593,16777837047796,2.468441,0.083841,2.202203,960
live,1473,16777844579355,16777844757168,16777844842545,16777847119596,2.540241,0.085377,2.277051,960
live,1474,16777854579355,16777854752424,16777854836777,16777856894145,2.31479,0.084353,2.057368,960
live,1475,16777864579355,16777864747327,16777864826464,16777866812952,2.233597,0.079137,1.986488,960
live,1476,16777874579355,16777874750167,16777874832472,16777876845904,2.266549,0.082305,2.013432,960
live,1477,16777884579355,16777884801007,16777884884304,16777886857864,2.278509,0.083297,1.97356,960
live,1478,16777894579355,16777894751110,16777894841704,16777896849792,2.270437,0.090594,2.008088,960
live,1479,16777904579355,16777904757086,16777904843807,16777906834999,2.255644,0.086721,1.991192,960
live,1480,16777914579355,16777914761846,16777914849463,16777921047425,6.46807,0.087617,6.197962,960
live,1481,16777924579355,16777924758734,16777924846031,16777926841767,2.262412,0.087297,1.995736,960
live,1482,16777934579355,16777934749157,16777934964872,16777937407973,2.828618,0.215715,2.443101,960
live,1483,16777944579355,16777944770269,16777944855166,16777947218971,2.639616,0.084897,2.363805,960
live,1484,16777954579355,16777954753045,16777954835702,16777957117489,2.538134,0.082657,2.281787,960
live,1485,16777964579355,16777964752460,16777964834829,16777967072360,2.493005,0.082369,2.237531,960
live,1486,16777974579355,16777974744356,16777974838821,16777976862557,2.283202,0.094465,2.023736,960
live,1487,16777984579355,16777984758908,16777984839773,16777987783168,3.203813,0.080865,2.943395,960
live,1488,16777994579355,16777994745811,16777994831508,16777996854989,2.275634,0.085697,2.023481,960
live,1489,16778004579355,16778004758379,16778004839372,16778006795940,2.216585,0.080993,1.956568,960
live,1490,16778014579355,16778014744259,16778014824228,16778016851484,2.272129,0.079969,2.027256,960
live,1491,16778024579355,16778024737851,16778024816667,16778026786323,2.206968,0.078816,1.969656,960
live,1492,16778034579355,16778034769011,16778034855124,16778037245552,2.666197,0.086113,2.390428,960
live,1493,16778044579355,16778044748970,16778044831499,16778047218760,2.639405,0.082529,2.387261,960
live,1494,16778054579355,16778054743906,16778054823331,16778057213951,2.634596,0.079425,2.39062,960
live,1495,16778064579355,16778064749337,16778064827418,16778067079989,2.500634,0.078081,2.252571,960
live,1496,16778074579355,16778074750257,16778074827218,16778076828458,2.249103,0.076961,2.00124,960
live,1497,16778084579355,16778084746345,16778084826154,16778086786497,2.207142,0.079809,1.960343,960
live,1498,16778094579355,16778094740129,16778094820449,16778096827322,2.247967,0.08032,2.006873,960
live,1499,16778104579355,16778105400064,16778105599459,16778108489765,3.91041,0.199395,2.890306,960
replay,1499,16778104579355,16778105460129,16778106040680,16778158786239,54.206884,0.580551,52.745559,73088
