scenario,audio_profile,people,audio_streams,beams_per_person,cameras,payload_mbps,modeled_ipv4_mbps,recommended_link_mbps,reserve_factor,model_basis,video_profile
selected_beam_local_vision,opus_mono_16k_16k_20ms/speech_like,1,1,1,0,0.016,0.0384,0.047999999999999994,1.25,measured codec bytes; modeled IPv4/UDP/security headers; largest average bitrate round for this fixture,none
selected_beam_local_vision,opus_mono_16k_16k_20ms/speech_like,2,2,1,0,0.032,0.0768,0.09599999999999999,1.25,measured codec bytes; modeled IPv4/UDP/security headers; largest average bitrate round for this fixture,none
selected_beam_local_vision,opus_mono_16k_16k_20ms/speech_like,3,3,1,0,0.048,0.1152,0.144,1.25,measured codec bytes; modeled IPv4/UDP/security headers; largest average bitrate round for this fixture,none
selected_beam_local_vision,opus_mono_16k_16k_20ms/speech_like,4,4,1,0,0.064,0.1536,0.19199999999999998,1.25,measured codec bytes; modeled IPv4/UDP/security headers; largest average bitrate round for this fixture,none
selected_beam_local_vision,opus_mono_16k_16k_20ms/speech_like,8,8,1,0,0.128,0.3072,0.38399999999999995,1.25,measured codec bytes; modeled IPv4/UDP/security headers; largest average bitrate round for this fixture,none
selected_beam_local_vision,opus_mono_16k_16k_20ms/speech_like,16,16,1,0,0.256,0.6144,0.7679999999999999,1.25,measured codec bytes; modeled IPv4/UDP/security headers; largest average bitrate round for this fixture,none
selected_beam_local_vision,opus_mono_16k_16k_20ms/speech_like,32,32,1,0,0.512,1.2288,1.5359999999999998,1.25,measured codec bytes; modeled IPv4/UDP/security headers; largest average bitrate round for this fixture,none
selected_beam_local_vision,opus_mono_16k_16k_20ms/speech_like,64,64,1,0,1.024,2.4576,3.0719999999999996,1.25,measured codec bytes; modeled IPv4/UDP/security headers; largest average bitrate round for this fixture,none
selected_beam_shared_camera,opus_mono_16k_16k_20ms/speech_like,1,1,1,1,3.8666879999999995,4.094509333333333,5.314733286796196,1.25,measured codec bytes; modeled IPv4/UDP/security headers; largest average bitrate round for this fixture,h264_nvenc_4M
selected_beam_shared_camera,opus_mono_16k_16k_20ms/speech_like,2,2,1,1,3.8826879999999995,4.132909333333333,5.362733286796196,1.25,measured codec bytes; modeled IPv4/UDP/security headers; largest average bitrate round for this fixture,h264_nvenc_4M
selected_beam_shared_camera,opus_mono_16k_16k_20ms/speech_like,3,3,1,1,3.8986879999999995,4.171309333333332,5.410733286796195,1.25,measured codec bytes; modeled IPv4/UDP/security headers; largest average bitrate round for this fixture,h264_nvenc_4M
selected_beam_shared_camera,opus_mono_16k_16k_20ms/speech_like,4,4,1,1,3.9146879999999995,4.209709333333333,5.458733286796196,1.25,measured codec bytes; modeled IPv4/UDP/security headers; largest average bitrate round for this fixture,h264_nvenc_4M
selected_beam_shared_camera,opus_mono_16k_16k_20ms/speech_like,8,8,1,1,3.9786879999999996,4.363309333333333,5.6507332867961955,1.25,measured codec bytes; modeled IPv4/UDP/security headers; largest average bitrate round for this fixture,h264_nvenc_4M
selected_beam_shared_camera,opus_mono_16k_16k_20ms/speech_like,16,16,1,1,4.106687999999999,4.6705093333333325,6.034733286796196,1.25,measured codec bytes; modeled IPv4/UDP/security headers; largest average bitrate round for this fixture,h264_nvenc_4M
selected_beam_shared_camera,opus_mono_16k_16k_20ms/speech_like,32,32,1,1,4.3626879999999995,5.284909333333332,6.802733286796196,1.25,measured codec bytes; modeled IPv4/UDP/security headers; largest average bitrate round for this fixture,h264_nvenc_4M
selected_beam_shared_camera,opus_mono_16k_16k_20ms/speech_like,64,64,1,1,4.874687999999999,6.513709333333333,8.338733286796195,1.25,measured codec bytes; modeled IPv4/UDP/security headers; largest average bitrate round for this fixture,h264_nvenc_4M
four_candidates_shared_camera,opus_mono_16k_16k_20ms/speech_like,1,4,4,1,3.9146879999999995,4.209709333333333,5.458733286796196,1.25,measured codec bytes; modeled IPv4/UDP/security headers; largest average bitrate round for this fixture,h264_nvenc_4M
four_candidates_shared_camera,opus_mono_16k_16k_20ms/speech_like,2,8,4,1,3.9786879999999996,4.363309333333333,5.6507332867961955,1.25,measured codec bytes; modeled IPv4/UDP/security headers; largest average bitrate round for this fixture,h264_nvenc_4M
four_candidates_shared_camera,opus_mono_16k_16k_20ms/speech_like,3,12,4,1,4.042687999999999,4.5169093333333326,5.842733286796196,1.25,measured codec bytes; modeled IPv4/UDP/security headers; largest average bitrate round for this fixture,h264_nvenc_4M
four_candidates_shared_camera,opus_mono_16k_16k_20ms/speech_like,4,16,4,1,4.106687999999999,4.6705093333333325,6.034733286796196,1.25,measured codec bytes; modeled IPv4/UDP/security headers; largest average bitrate round for this fixture,h264_nvenc_4M
four_candidates_shared_camera,opus_mono_16k_16k_20ms/speech_like,8,32,4,1,4.3626879999999995,5.284909333333332,6.802733286796196,1.25,measured codec bytes; modeled IPv4/UDP/security headers; largest average bitrate round for this fixture,h264_nvenc_4M
four_candidates_shared_camera,opus_mono_16k_16k_20ms/speech_like,16,64,4,1,4.874687999999999,6.513709333333333,8.338733286796195,1.25,measured codec bytes; modeled IPv4/UDP/security headers; largest average bitrate round for this fixture,h264_nvenc_4M
four_candidates_shared_camera,opus_mono_16k_16k_20ms/speech_like,32,128,4,1,5.898688,8.971309333333332,11.410733286796194,1.25,measured codec bytes; modeled IPv4/UDP/security headers; largest average bitrate round for this fixture,h264_nvenc_4M
four_candidates_shared_camera,opus_mono_16k_16k_20ms/speech_like,64,256,4,1,7.946688,13.886509333333333,17.554733286796193,1.25,measured codec bytes; modeled IPv4/UDP/security headers; largest average bitrate round for this fixture,h264_nvenc_4M
independent_robots,opus_mono_16k_16k_20ms/speech_like,1,1,1,1,3.8666879999999995,4.094509333333333,5.314733286796196,1.25,measured codec bytes; modeled IPv4/UDP/security headers; largest average bitrate round for this fixture,h264_nvenc_4M
independent_robots,opus_mono_16k_16k_20ms/speech_like,2,2,1,2,7.733375999999999,8.189018666666666,10.629466573592392,1.25,measured codec bytes; modeled IPv4/UDP/security headers; largest average bitrate round for this fixture,h264_nvenc_4M
independent_robots,opus_mono_16k_16k_20ms/speech_like,3,3,1,3,11.600063999999998,12.283527999999999,15.944199860388586,1.25,measured codec bytes; modeled IPv4/UDP/security headers; largest average bitrate round for this fixture,h264_nvenc_4M
independent_robots,opus_mono_16k_16k_20ms/speech_like,4,4,1,4,15.466751999999998,16.37803733333333,21.258933147184784,1.25,measured codec bytes; modeled IPv4/UDP/security headers; largest average bitrate round for this fixture,h264_nvenc_4M
independent_robots,opus_mono_16k_16k_20ms/speech_like,8,8,1,8,30.933503999999996,32.75607466666666,42.51786629436957,1.25,measured codec bytes; modeled IPv4/UDP/security headers; largest average bitrate round for this fixture,h264_nvenc_4M
independent_robots,opus_mono_16k_16k_20ms/speech_like,16,16,1,16,61.86700799999999,65.51214933333333,85.03573258873914,1.25,measured codec bytes; modeled IPv4/UDP/security headers; largest average bitrate round for this fixture,h264_nvenc_4M
independent_robots,opus_mono_16k_16k_20ms/speech_like,32,32,1,32,123.73401599999998,131.02429866666665,170.07146517747827,1.25,measured codec bytes; modeled IPv4/UDP/security headers; largest average bitrate round for this fixture,h264_nvenc_4M
independent_robots,opus_mono_16k_16k_20ms/speech_like,64,64,1,64,247.46803199999997,262.0485973333333,340.14293035495655,1.25,measured codec bytes; modeled IPv4/UDP/security headers; largest average bitrate round for this fixture,h264_nvenc_4M
selected_beam_local_vision,opus_mono_16k_16k_20ms/noise,1,1,1,0,0.016,0.0384,0.047999999999999994,1.25,measured codec bytes; modeled IPv4/UDP/security headers; largest average bitrate round for this fixture,none
selected_beam_local_vision,opus_mono_16k_16k_20ms/noise,2,2,1,0,0.032,0.0768,0.09599999999999999,1.25,measured codec bytes; modeled IPv4/UDP/security headers; largest average bitrate round for this fixture,none
selected_beam_local_vision,opus_mono_16k_16k_20ms/noise,3,3,1,0,0.048,0.1152,0.144,1.25,measured codec bytes; modeled IPv4/UDP/security headers; largest average bitrate round for this fixture,none
selected_beam_local_vision,opus_mono_16k_16k_20ms/noise,4,4,1,0,0.064,0.1536,0.19199999999999998,1.25,measured codec bytes; modeled IPv4/UDP/security headers; largest average bitrate round for this fixture,none
selected_beam_local_vision,opus_mono_16k_16k_20ms/noise,8,8,1,0,0.128,0.3072,0.38399999999999995,1.25,measured codec bytes; modeled IPv4/UDP/security headers; largest average bitrate round for this fixture,none
selected_beam_local_vision,opus_mono_16k_16k_20ms/noise,16,16,1,0,0.256,0.6144,0.7679999999999999,1.25,measured codec bytes; modeled IPv4/UDP/security headers; largest average bitrate round for this fixture,none
selected_beam_local_vision,opus_mono_16k_16k_20ms/noise,32,32,1,0,0.512,1.2288,1.5359999999999998,1.25,measured codec bytes; modeled IPv4/UDP/security headers; largest average bitrate round for this fixture,none
selected_beam_local_vision,opus_mono_16k_16k_20ms/noise,64,64,1,0,1.024,2.4576,3.0719999999999996,1.25,measured codec bytes; modeled IPv4/UDP/security headers; largest average bitrate round for this fixture,none
selected_beam_shared_camera,opus_mono_16k_16k_20ms/noise,1,1,1,1,3.8666879999999995,4.094509333333333,5.314733286796196,1.25,measured codec bytes; modeled IPv4/UDP/security headers; largest average bitrate round for this fixture,h264_nvenc_4M
selected_beam_shared_camera,opus_mono_16k_16k_20ms/noise,2,2,1,1,3.8826879999999995,4.132909333333333,5.362733286796196,1.25,measured codec bytes; modeled IPv4/UDP/security headers; largest average bitrate round for this fixture,h264_nvenc_4M
selected_beam_shared_camera,opus_mono_16k_16k_20ms/noise,3,3,1,1,3.8986879999999995,4.171309333333332,5.410733286796195,1.25,measured codec bytes; modeled IPv4/UDP/security headers; largest average bitrate round for this fixture,h264_nvenc_4M
selected_beam_shared_camera,opus_mono_16k_16k_20ms/noise,4,4,1,1,3.9146879999999995,4.209709333333333,5.458733286796196,1.25,measured codec bytes; modeled IPv4/UDP/security headers; largest average bitrate round for this fixture,h264_nvenc_4M
selected_beam_shared_camera,opus_mono_16k_16k_20ms/noise,8,8,1,1,3.9786879999999996,4.363309333333333,5.6507332867961955,1.25,measured codec bytes; modeled IPv4/UDP/security headers; largest average bitrate round for this fixture,h264_nvenc_4M
selected_beam_shared_camera,opus_mono_16k_16k_20ms/noise,16,16,1,1,4.106687999999999,4.6705093333333325,6.034733286796196,1.25,measured codec bytes; modeled IPv4/UDP/security headers; largest average bitrate round for this fixture,h264_nvenc_4M
selected_beam_shared_camera,opus_mono_16k_16k_20ms/noise,32,32,1,1,4.3626879999999995,5.284909333333332,6.802733286796196,1.25,measured codec bytes; modeled IPv4/UDP/security headers; largest average bitrate round for this fixture,h264_nvenc_4M
selected_beam_shared_camera,opus_mono_16k_16k_20ms/noise,64,64,1,1,4.874687999999999,6.513709333333333,8.338733286796195,1.25,measured codec bytes; modeled IPv4/UDP/security headers; largest average bitrate round for this fixture,h264_nvenc_4M
four_candidates_shared_camera,opus_mono_16k_16k_20ms/noise,1,4,4,1,3.9146879999999995,4.209709333333333,5.458733286796196,1.25,measured codec bytes; modeled IPv4/UDP/security headers; largest average bitrate round for this fixture,h264_nvenc_4M
four_candidates_shared_camera,opus_mono_16k_16k_20ms/noise,2,8,4,1,3.9786879999999996,4.363309333333333,5.6507332867961955,1.25,measured codec bytes; modeled IPv4/UDP/security headers; largest average bitrate round for this fixture,h264_nvenc_4M
four_candidates_shared_camera,opus_mono_16k_16k_20ms/noise,3,12,4,1,4.042687999999999,4.5169093333333326,5.842733286796196,1.25,measured codec bytes; modeled IPv4/UDP/security headers; largest average bitrate round for this fixture,h264_nvenc_4M
four_candidates_shared_camera,opus_mono_16k_16k_20ms/noise,4,16,4,1,4.106687999999999,4.6705093333333325,6.034733286796196,1.25,measured codec bytes; modeled IPv4/UDP/security headers; largest average bitrate round for this fixture,h264_nvenc_4M
four_candidates_shared_camera,opus_mono_16k_16k_20ms/noise,8,32,4,1,4.3626879999999995,5.284909333333332,6.802733286796196,1.25,measured codec bytes; modeled IPv4/UDP/security headers; largest average bitrate round for this fixture,h264_nvenc_4M
four_candidates_shared_camera,opus_mono_16k_16k_20ms/noise,16,64,4,1,4.874687999999999,6.513709333333333,8.338733286796195,1.25,measured codec bytes; modeled IPv4/UDP/security headers; largest average bitrate round for this fixture,h264_nvenc_4M
four_candidates_shared_camera,opus_mono_16k_16k_20ms/noise,32,128,4,1,5.898688,8.971309333333332,11.410733286796194,1.25,measured codec bytes; modeled IPv4/UDP/security headers; largest average bitrate round for this fixture,h264_nvenc_4M
four_candidates_shared_camera,opus_mono_16k_16k_20ms/noise,64,256,4,1,7.946688,13.886509333333333,17.554733286796193,1.25,measured codec bytes; modeled IPv4/UDP/security headers; largest average bitrate round for this fixture,h264_nvenc_4M
independent_robots,opus_mono_16k_16k_20ms/noise,1,1,1,1,3.8666879999999995,4.094509333333333,5.314733286796196,1.25,measured codec bytes; modeled IPv4/UDP/security headers; largest average bitrate round for this fixture,h264_nvenc_4M
independent_robots,opus_mono_16k_16k_20ms/noise,2,2,1,2,7.733375999999999,8.189018666666666,10.629466573592392,1.25,measured codec bytes; modeled IPv4/UDP/security headers; largest average bitrate round for this fixture,h264_nvenc_4M
independent_robots,opus_mono_16k_16k_20ms/noise,3,3,1,3,11.600063999999998,12.283527999999999,15.944199860388586,1.25,measured codec bytes; modeled IPv4/UDP/security headers; largest average bitrate round for this fixture,h264_nvenc_4M
independent_robots,opus_mono_16k_16k_20ms/noise,4,4,1,4,15.466751999999998,16.37803733333333,21.258933147184784,1.25,measured codec bytes; modeled IPv4/UDP/security headers; largest average bitrate round for this fixture,h264_nvenc_4M
independent_robots,opus_mono_16k_16k_20ms/noise,8,8,1,8,30.933503999999996,32.75607466666666,42.51786629436957,1.25,measured codec bytes; modeled IPv4/UDP/security headers; largest average bitrate round for this fixture,h264_nvenc_4M
independent_robots,opus_mono_16k_16k_20ms/noise,16,16,1,16,61.86700799999999,65.51214933333333,85.03573258873914,1.25,measured codec bytes; modeled IPv4/UDP/security headers; largest average bitrate round for this fixture,h264_nvenc_4M
independent_robots,opus_mono_16k_16k_20ms/noise,32,32,1,32,123.73401599999998,131.02429866666665,170.07146517747827,1.25,measured codec bytes; modeled IPv4/UDP/security headers; largest average bitrate round for this fixture,h264_nvenc_4M
independent_robots,opus_mono_16k_16k_20ms/noise,64,64,1,64,247.46803199999997,262.0485973333333,340.14293035495655,1.25,measured codec bytes; modeled IPv4/UDP/security headers; largest average bitrate round for this fixture,h264_nvenc_4M
selected_beam_local_vision,opus_mono_16k_24k_20ms/speech_like,1,1,1,0,0.024,0.0464,0.057999999999999996,1.25,measured codec bytes; modeled IPv4/UDP/security headers; largest average bitrate round for this fixture,none
selected_beam_local_vision,opus_mono_16k_24k_20ms/speech_like,2,2,1,0,0.048,0.0928,0.11599999999999999,1.25,measured codec bytes; modeled IPv4/UDP/security headers; largest average bitrate round for this fixture,none
selected_beam_local_vision,opus_mono_16k_24k_20ms/speech_like,3,3,1,0,0.07200000000000001,0.1392,0.174,1.25,measured codec bytes; modeled IPv4/UDP/security headers; largest average bitrate round for this fixture,none
selected_beam_local_vision,opus_mono_16k_24k_20ms/speech_like,4,4,1,0,0.096,0.1856,0.23199999999999998,1.25,measured codec bytes; modeled IPv4/UDP/security headers; largest average bitrate round for this fixture,none
selected_beam_local_vision,opus_mono_16k_24k_20ms/speech_like,8,8,1,0,0.192,0.3712,0.46399999999999997,1.25,measured codec bytes; modeled IPv4/UDP/security headers; largest average bitrate round for this fixture,none
selected_beam_local_vision,opus_mono_16k_24k_20ms/speech_like,16,16,1,0,0.384,0.7424,0.9279999999999999,1.25,measured codec bytes; modeled IPv4/UDP/security headers; largest average bitrate round for this fixture,none
selected_beam_local_vision,opus_mono_16k_24k_20ms/speech_like,32,32,1,0,0.768,1.4848,1.8559999999999999,1.25,measured codec bytes; modeled IPv4/UDP/security headers; largest average bitrate round for this fixture,none
selected_beam_local_vision,opus_mono_16k_24k_20ms/speech_like,64,64,1,0,1.536,2.9696,3.7119999999999997,1.25,measured codec bytes; modeled IPv4/UDP/security headers; largest average bitrate round for this fixture,none
selected_beam_shared_camera,opus_mono_16k_24k_20ms/speech_like,1,1,1,1,3.8746879999999995,4.102509333333333,5.324733286796196,1.25,measured codec bytes; modeled IPv4/UDP/security headers; largest average bitrate round for this fixture,h264_nvenc_4M
selected_beam_shared_camera,opus_mono_16k_24k_20ms/speech_like,2,2,1,1,3.8986879999999995,4.148909333333332,5.382733286796196,1.25,measured codec bytes; modeled IPv4/UDP/security headers; largest average bitrate round for this fixture,h264_nvenc_4M
selected_beam_shared_camera,opus_mono_16k_24k_20ms/speech_like,3,3,1,1,3.9226879999999995,4.1953093333333324,5.4407332867961955,1.25,measured codec bytes; modeled IPv4/UDP/security headers; largest average bitrate round for this fixture,h264_nvenc_4M
selected_beam_shared_camera,opus_mono_16k_24k_20ms/speech_like,4,4,1,1,3.9466879999999995,4.241709333333333,5.498733286796195,1.25,measured codec bytes; modeled IPv4/UDP/security headers; largest average bitrate round for this fixture,h264_nvenc_4M
selected_beam_shared_camera,opus_mono_16k_24k_20ms/speech_like,8,8,1,1,4.042687999999999,4.427309333333333,5.7307332867961955,1.25,measured codec bytes; modeled IPv4/UDP/security headers; largest average bitrate round for this fixture,h264_nvenc_4M
selected_beam_shared_camera,opus_mono_16k_24k_20ms/speech_like,16,16,1,1,4.234687999999999,4.798509333333333,6.194733286796196,1.25,measured codec bytes; modeled IPv4/UDP/security headers; largest average bitrate round for this fixture,h264_nvenc_4M
selected_beam_shared_camera,opus_mono_16k_24k_20ms/speech_like,32,32,1,1,4.618688,5.540909333333333,7.122733286796196,1.25,measured codec bytes; modeled IPv4/UDP/security headers; largest average bitrate round for this fixture,h264_nvenc_4M
selected_beam_shared_camera,opus_mono_16k_24k_20ms/speech_like,64,64,1,1,5.3866879999999995,7.0257093333333325,8.978733286796196,1.25,measured codec bytes; modeled IPv4/UDP/security headers; largest average bitrate round for this fixture,h264_nvenc_4M
four_candidates_shared_camera,opus_mono_16k_24k_20ms/speech_like,1,4,4,1,3.9466879999999995,4.241709333333333,5.498733286796195,1.25,measured codec bytes; modeled IPv4/UDP/security headers; largest average bitrate round for this fixture,h264_nvenc_4M
four_candidates_shared_camera,opus_mono_16k_24k_20ms/speech_like,2,8,4,1,4.042687999999999,4.427309333333333,5.7307332867961955,1.25,measured codec bytes; modeled IPv4/UDP/security headers; largest average bitrate round for this fixture,h264_nvenc_4M
four_candidates_shared_camera,opus_mono_16k_24k_20ms/speech_like,3,12,4,1,4.138687999999999,4.612909333333333,5.962733286796196,1.25,measured codec bytes; modeled IPv4/UDP/security headers; largest average bitrate round for this fixture,h264_nvenc_4M
four_candidates_shared_camera,opus_mono_16k_24k_20ms/speech_like,4,16,4,1,4.234687999999999,4.798509333333333,6.194733286796196,1.25,measured codec bytes; modeled IPv4/UDP/security headers; largest average bitrate round for this fixture,h264_nvenc_4M
four_candidates_shared_camera,opus_mono_16k_24k_20ms/speech_like,8,32,4,1,4.618688,5.540909333333333,7.122733286796196,1.25,measured codec bytes; modeled IPv4/UDP/security headers; largest average bitrate round for this fixture,h264_nvenc_4M
four_candidates_shared_camera,opus_mono_16k_24k_20ms/speech_like,16,64,4,1,5.3866879999999995,7.0257093333333325,8.978733286796196,1.25,measured codec bytes; modeled IPv4/UDP/security headers; largest average bitrate round for this fixture,h264_nvenc_4M
four_candidates_shared_camera,opus_mono_16k_24k_20ms/speech_like,32,128,4,1,6.922687999999999,9.995309333333331,12.690733286796196,1.25,measured codec bytes; modeled IPv4/UDP/security headers; largest average bitrate round for this fixture,h264_nvenc_4M
four_candidates_shared_camera,opus_mono_16k_24k_20ms/speech_like,64,256,4,1,9.994688,15.934509333333331,20.114733286796195,1.25,measured codec bytes; modeled IPv4/UDP/security headers; largest average bitrate round for this fixture,h264_nvenc_4M
independent_robots,opus_mono_16k_24k_20ms/speech_like,1,1,1,1,3.8746879999999995,4.102509333333333,5.324733286796196,1.25,measured codec bytes; modeled IPv4/UDP/security headers; largest average bitrate round for this fixture,h264_nvenc_4M
independent_robots,opus_mono_16k_24k_20ms/speech_like,2,2,1,2,7.749375999999999,8.205018666666666,10.649466573592392,1.25,measured codec bytes; modeled IPv4/UDP/security headers; largest average bitrate round for this fixture,h264_nvenc_4M
independent_robots,opus_mono_16k_24k_20ms/speech_like,3,3,1,3,11.624063999999997,12.307528,15.974199860388588,1.25,measured codec bytes; modeled IPv4/UDP/security headers; largest average bitrate round for this fixture,h264_nvenc_4M
independent_robots,opus_mono_16k_24k_20ms/speech_like,4,4,1,4,15.498751999999998,16.41003733333333,21.298933147184783,1.25,measured codec bytes; modeled IPv4/UDP/security headers; largest average bitrate round for this fixture,h264_nvenc_4M
independent_robots,opus_mono_16k_24k_20ms/speech_like,8,8,1,8,30.997503999999996,32.82007466666666,42.59786629436957,1.25,measured codec bytes; modeled IPv4/UDP/security headers; largest average bitrate round for this fixture,h264_nvenc_4M
independent_robots,opus_mono_16k_24k_20ms/speech_like,16,16,1,16,61.99500799999999,65.64014933333333,85.19573258873913,1.25,measured codec bytes; modeled IPv4/UDP/security headers; largest average bitrate round for this fixture,h264_nvenc_4M
independent_robots,opus_mono_16k_24k_20ms/speech_like,32,32,1,32,123.99001599999998,131.28029866666665,170.39146517747827,1.25,measured codec bytes; modeled IPv4/UDP/security headers; largest average bitrate round for this fixture,h264_nvenc_4M
independent_robots,opus_mono_16k_24k_20ms/speech_like,64,64,1,64,247.98003199999997,262.5605973333333,340.78293035495653,1.25,measured codec bytes; modeled IPv4/UDP/security headers; largest average bitrate round for this fixture,h264_nvenc_4M
selected_beam_local_vision,opus_mono_16k_24k_20ms/noise,1,1,1,0,0.024,0.0464,0.057999999999999996,1.25,measured codec bytes; modeled IPv4/UDP/security headers; largest average bitrate round for this fixture,none
selected_beam_local_vision,opus_mono_16k_24k_20ms/noise,2,2,1,0,0.048,0.0928,0.11599999999999999,1.25,measured codec bytes; modeled IPv4/UDP/security headers; largest average bitrate round for this fixture,none
selected_beam_local_vision,opus_mono_16k_24k_20ms/noise,3,3,1,0,0.07200000000000001,0.1392,0.174,1.25,measured codec bytes; modeled IPv4/UDP/security headers; largest average bitrate round for this fixture,none
selected_beam_local_vision,opus_mono_16k_24k_20ms/noise,4,4,1,0,0.096,0.1856,0.23199999999999998,1.25,measured codec bytes; modeled IPv4/UDP/security headers; largest average bitrate round for this fixture,none
selected_beam_local_vision,opus_mono_16k_24k_20ms/noise,8,8,1,0,0.192,0.3712,0.46399999999999997,1.25,measured codec bytes; modeled IPv4/UDP/security headers; largest average bitrate round for this fixture,none
selected_beam_local_vision,opus_mono_16k_24k_20ms/noise,16,16,1,0,0.384,0.7424,0.9279999999999999,1.25,measured codec bytes; modeled IPv4/UDP/security headers; largest average bitrate round for this fixture,none
selected_beam_local_vision,opus_mono_16k_24k_20ms/noise,32,32,1,0,0.768,1.4848,1.8559999999999999,1.25,measured codec bytes; modeled IPv4/UDP/security headers; largest average bitrate round for this fixture,none
selected_beam_local_vision,opus_mono_16k_24k_20ms/noise,64,64,1,0,1.536,2.9696,3.7119999999999997,1.25,measured codec bytes; modeled IPv4/UDP/security headers; largest average bitrate round for this fixture,none
selected_beam_shared_camera,opus_mono_16k_24k_20ms/noise,1,1,1,1,3.8746879999999995,4.102509333333333,5.324733286796196,1.25,measured codec bytes; modeled IPv4/UDP/security headers; largest average bitrate round for this fixture,h264_nvenc_4M
selected_beam_shared_camera,opus_mono_16k_24k_20ms/noise,2,2,1,1,3.8986879999999995,4.148909333333332,5.382733286796196,1.25,measured codec bytes; modeled IPv4/UDP/security headers; largest average bitrate round for this fixture,h264_nvenc_4M
selected_beam_shared_camera,opus_mono_16k_24k_20ms/noise,3,3,1,1,3.9226879999999995,4.1953093333333324,5.4407332867961955,1.25,measured codec bytes; modeled IPv4/UDP/security headers; largest average bitrate round for this fixture,h264_nvenc_4M
selected_beam_shared_camera,opus_mono_16k_24k_20ms/noise,4,4,1,1,3.9466879999999995,4.241709333333333,5.498733286796195,1.25,measured codec bytes; modeled IPv4/UDP/security headers; largest average bitrate round for this fixture,h264_nvenc_4M
selected_beam_shared_camera,opus_mono_16k_24k_20ms/noise,8,8,1,1,4.042687999999999,4.427309333333333,5.7307332867961955,1.25,measured codec bytes; modeled IPv4/UDP/security headers; largest average bitrate round for this fixture,h264_nvenc_4M
selected_beam_shared_camera,opus_mono_16k_24k_20ms/noise,16,16,1,1,4.234687999999999,4.798509333333333,6.194733286796196,1.25,measured codec bytes; modeled IPv4/UDP/security headers; largest average bitrate round for this fixture,h264_nvenc_4M
selected_beam_shared_camera,opus_mono_16k_24k_20ms/noise,32,32,1,1,4.618688,5.540909333333333,7.122733286796196,1.25,measured codec bytes; modeled IPv4/UDP/security headers; largest average bitrate round for this fixture,h264_nvenc_4M
selected_beam_shared_camera,opus_mono_16k_24k_20ms/noise,64,64,1,1,5.3866879999999995,7.0257093333333325,8.978733286796196,1.25,measured codec bytes; modeled IPv4/UDP/security headers; largest average bitrate round for this fixture,h264_nvenc_4M
four_candidates_shared_camera,opus_mono_16k_24k_20ms/noise,1,4,4,1,3.9466879999999995,4.241709333333333,5.498733286796195,1.25,measured codec bytes; modeled IPv4/UDP/security headers; largest average bitrate round for this fixture,h264_nvenc_4M
four_candidates_shared_camera,opus_mono_16k_24k_20ms/noise,2,8,4,1,4.042687999999999,4.427309333333333,5.7307332867961955,1.25,measured codec bytes; modeled IPv4/UDP/security headers; largest average bitrate round for this fixture,h264_nvenc_4M
four_candidates_shared_camera,opus_mono_16k_24k_20ms/noise,3,12,4,1,4.138687999999999,4.612909333333333,5.962733286796196,1.25,measured codec bytes; modeled IPv4/UDP/security headers; largest average bitrate round for this fixture,h264_nvenc_4M
four_candidates_shared_camera,opus_mono_16k_24k_20ms/noise,4,16,4,1,4.234687999999999,4.798509333333333,6.194733286796196,1.25,measured codec bytes; modeled IPv4/UDP/security headers; largest average bitrate round for this fixture,h264_nvenc_4M
four_candidates_shared_camera,opus_mono_16k_24k_20ms/noise,8,32,4,1,4.618688,5.540909333333333,7.122733286796196,1.25,measured codec bytes; modeled IPv4/UDP/security headers; largest average bitrate round for this fixture,h264_nvenc_4M
four_candidates_shared_camera,opus_mono_16k_24k_20ms/noise,16,64,4,1,5.3866879999999995,7.0257093333333325,8.978733286796196,1.25,measured codec bytes; modeled IPv4/UDP/security headers; largest average bitrate round for this fixture,h264_nvenc_4M
four_candidates_shared_camera,opus_mono_16k_24k_20ms/noise,32,128,4,1,6.922687999999999,9.995309333333331,12.690733286796196,1.25,measured codec bytes; modeled IPv4/UDP/security headers; largest average bitrate round for this fixture,h264_nvenc_4M
four_candidates_shared_camera,opus_mono_16k_24k_20ms/noise,64,256,4,1,9.994688,15.934509333333331,20.114733286796195,1.25,measured codec bytes; modeled IPv4/UDP/security headers; largest average bitrate round for this fixture,h264_nvenc_4M
independent_robots,opus_mono_16k_24k_20ms/noise,1,1,1,1,3.8746879999999995,4.102509333333333,5.324733286796196,1.25,measured codec bytes; modeled IPv4/UDP/security headers; largest average bitrate round for this fixture,h264_nvenc_4M
independent_robots,opus_mono_16k_24k_20ms/noise,2,2,1,2,7.749375999999999,8.205018666666666,10.649466573592392,1.25,measured codec bytes; modeled IPv4/UDP/security headers; largest average bitrate round for this fixture,h264_nvenc_4M
independent_robots,opus_mono_16k_24k_20ms/noise,3,3,1,3,11.624063999999997,12.307528,15.974199860388588,1.25,measured codec bytes; modeled IPv4/UDP/security headers; largest average bitrate round for this fixture,h264_nvenc_4M
independent_robots,opus_mono_16k_24k_20ms/noise,4,4,1,4,15.498751999999998,16.41003733333333,21.298933147184783,1.25,measured codec bytes; modeled IPv4/UDP/security headers; largest average bitrate round for this fixture,h264_nvenc_4M
independent_robots,opus_mono_16k_24k_20ms/noise,8,8,1,8,30.997503999999996,32.82007466666666,42.59786629436957,1.25,measured codec bytes; modeled IPv4/UDP/security headers; largest average bitrate round for this fixture,h264_nvenc_4M
independent_robots,opus_mono_16k_24k_20ms/noise,16,16,1,16,61.99500799999999,65.64014933333333,85.19573258873913,1.25,measured codec bytes; modeled IPv4/UDP/security headers; largest average bitrate round for this fixture,h264_nvenc_4M
independent_robots,opus_mono_16k_24k_20ms/noise,32,32,1,32,123.99001599999998,131.28029866666665,170.39146517747827,1.25,measured codec bytes; modeled IPv4/UDP/security headers; largest average bitrate round for this fixture,h264_nvenc_4M
independent_robots,opus_mono_16k_24k_20ms/noise,64,64,1,64,247.98003199999997,262.5605973333333,340.78293035495653,1.25,measured codec bytes; modeled IPv4/UDP/security headers; largest average bitrate round for this fixture,h264_nvenc_4M
selected_beam_local_vision,opus_mono_16k_32k_20ms/speech_like,1,1,1,0,0.032,0.0544,0.06799999999999999,1.25,measured codec bytes; modeled IPv4/UDP/security headers; largest average bitrate round for this fixture,none
selected_beam_local_vision,opus_mono_16k_32k_20ms/speech_like,2,2,1,0,0.064,0.1088,0.13599999999999998,1.25,measured codec bytes; modeled IPv4/UDP/security headers; largest average bitrate round for this fixture,none
selected_beam_local_vision,opus_mono_16k_32k_20ms/speech_like,3,3,1,0,0.096,0.16319999999999998,0.204,1.25,measured codec bytes; modeled IPv4/UDP/security headers; largest average bitrate round for this fixture,none
selected_beam_local_vision,opus_mono_16k_32k_20ms/speech_like,4,4,1,0,0.128,0.2176,0.27199999999999996,1.25,measured codec bytes; modeled IPv4/UDP/security headers; largest average bitrate round for this fixture,none
selected_beam_local_vision,opus_mono_16k_32k_20ms/speech_like,8,8,1,0,0.256,0.4352,0.5439999999999999,1.25,measured codec bytes; modeled IPv4/UDP/security headers; largest average bitrate round for this fixture,none
selected_beam_local_vision,opus_mono_16k_32k_20ms/speech_like,16,16,1,0,0.512,0.8704,1.0879999999999999,1.25,measured codec bytes; modeled IPv4/UDP/security headers; largest average bitrate round for this fixture,none
selected_beam_local_vision,opus_mono_16k_32k_20ms/speech_like,32,32,1,0,1.024,1.7408,2.1759999999999997,1.25,measured codec bytes; modeled IPv4/UDP/security headers; largest average bitrate round for this fixture,none
selected_beam_local_vision,opus_mono_16k_32k_20ms/speech_like,64,64,1,0,2.048,3.4816,4.351999999999999,1.25,measured codec bytes; modeled IPv4/UDP/security headers; largest average bitrate round for this fixture,none
selected_beam_shared_camera,opus_mono_16k_32k_20ms/speech_like,1,1,1,1,3.8826879999999995,4.110509333333333,5.334733286796196,1.25,measured codec bytes; modeled IPv4/UDP/security headers; largest average bitrate round for this fixture,h264_nvenc_4M
selected_beam_shared_camera,opus_mono_16k_32k_20ms/speech_like,2,2,1,1,3.9146879999999995,4.164909333333332,5.402733286796195,1.25,measured codec bytes; modeled IPv4/UDP/security headers; largest average bitrate round for this fixture,h264_nvenc_4M
selected_beam_shared_camera,opus_mono_16k_32k_20ms/speech_like,3,3,1,1,3.9466879999999995,4.2193093333333325,5.470733286796196,1.25,measured codec bytes; modeled IPv4/UDP/security headers; largest average bitrate round for this fixture,h264_nvenc_4M
selected_beam_shared_camera,opus_mono_16k_32k_20ms/speech_like,4,4,1,1,3.9786879999999996,4.273709333333333,5.538733286796196,1.25,measured codec bytes; modeled IPv4/UDP/security headers; largest average bitrate round for this fixture,h264_nvenc_4M
selected_beam_shared_camera,opus_mono_16k_32k_20ms/speech_like,8,8,1,1,4.106687999999999,4.491309333333333,5.810733286796196,1.25,measured codec bytes; modeled IPv4/UDP/security headers; largest average bitrate round for this fixture,h264_nvenc_4M
selected_beam_shared_camera,opus_mono_16k_32k_20ms/speech_like,16,16,1,1,4.3626879999999995,4.926509333333333,6.354733286796196,1.25,measured codec bytes; modeled IPv4/UDP/security headers; largest average bitrate round for this fixture,h264_nvenc_4M
selected_beam_shared_camera,opus_mono_16k_32k_20ms/speech_like,32,32,1,1,4.874687999999999,5.796909333333333,7.442733286796196,1.25,measured codec bytes; modeled IPv4/UDP/security headers; largest average bitrate round for this fixture,h264_nvenc_4M
selected_beam_shared_camera,opus_mono_16k_32k_20ms/speech_like,64,64,1,1,5.898688,7.537709333333332,9.618733286796195,1.25,measured codec bytes; modeled IPv4/UDP/security headers; largest average bitrate round for this fixture,h264_nvenc_4M
four_candidates_shared_camera,opus_mono_16k_32k_20ms/speech_like,1,4,4,1,3.9786879999999996,4.273709333333333,5.538733286796196,1.25,measured codec bytes; modeled IPv4/UDP/security headers; largest average bitrate round for this fixture,h264_nvenc_4M
four_candidates_shared_camera,opus_mono_16k_32k_20ms/speech_like,2,8,4,1,4.106687999999999,4.491309333333333,5.810733286796196,1.25,measured codec bytes; modeled IPv4/UDP/security headers; largest average bitrate round for this fixture,h264_nvenc_4M
four_candidates_shared_camera,opus_mono_16k_32k_20ms/speech_like,3,12,4,1,4.234687999999999,4.708909333333333,6.082733286796196,1.25,measured codec bytes; modeled IPv4/UDP/security headers; largest average bitrate round for this fixture,h264_nvenc_4M
four_candidates_shared_camera,opus_mono_16k_32k_20ms/speech_like,4,16,4,1,4.3626879999999995,4.926509333333333,6.354733286796196,1.25,measured codec bytes; modeled IPv4/UDP/security headers; largest average bitrate round for this fixture,h264_nvenc_4M
four_candidates_shared_camera,opus_mono_16k_32k_20ms/speech_like,8,32,4,1,4.874687999999999,5.796909333333333,7.442733286796196,1.25,measured codec bytes; modeled IPv4/UDP/security headers; largest average bitrate round for this fixture,h264_nvenc_4M
four_candidates_shared_camera,opus_mono_16k_32k_20ms/speech_like,16,64,4,1,5.898688,7.537709333333332,9.618733286796195,1.25,measured codec bytes; modeled IPv4/UDP/security headers; largest average bitrate round for this fixture,h264_nvenc_4M
four_candidates_shared_camera,opus_mono_16k_32k_20ms/speech_like,32,128,4,1,7.946688,11.019309333333332,13.970733286796195,1.25,measured codec bytes; modeled IPv4/UDP/security headers; largest average bitrate round for this fixture,h264_nvenc_4M
four_candidates_shared_camera,opus_mono_16k_32k_20ms/speech_like,64,256,4,1,12.042688,17.982509333333333,22.674733286796194,1.25,measured codec bytes; modeled IPv4/UDP/security headers; largest average bitrate round for this fixture,h264_nvenc_4M
independent_robots,opus_mono_16k_32k_20ms/speech_like,1,1,1,1,3.8826879999999995,4.110509333333333,5.334733286796196,1.25,measured codec bytes; modeled IPv4/UDP/security headers; largest average bitrate round for this fixture,h264_nvenc_4M
independent_robots,opus_mono_16k_32k_20ms/speech_like,2,2,1,2,7.765375999999999,8.221018666666666,10.669466573592391,1.25,measured codec bytes; modeled IPv4/UDP/security headers; largest average bitrate round for this fixture,h264_nvenc_4M
independent_robots,opus_mono_16k_32k_20ms/speech_like,3,3,1,3,11.648063999999998,12.331527999999999,16.004199860388585,1.25,measured codec bytes; modeled IPv4/UDP/security headers; largest average bitrate round for this fixture,h264_nvenc_4M
independent_robots,opus_mono_16k_32k_20ms/speech_like,4,4,1,4,15.530751999999998,16.44203733333333,21.338933147184783,1.25,measured codec bytes; modeled IPv4/UDP/security headers; largest average bitrate round for this fixture,h264_nvenc_4M
independent_robots,opus_mono_16k_32k_20ms/speech_like,8,8,1,8,31.061503999999996,32.88407466666666,42.677866294369565,1.25,measured codec bytes; modeled IPv4/UDP/security headers; largest average bitrate round for this fixture,h264_nvenc_4M
independent_robots,opus_mono_16k_32k_20ms/speech_like,16,16,1,16,62.12300799999999,65.76814933333333,85.35573258873913,1.25,measured codec bytes; modeled IPv4/UDP/security headers; largest average bitrate round for this fixture,h264_nvenc_4M
independent_robots,opus_mono_16k_32k_20ms/speech_like,32,32,1,32,124.24601599999998,131.53629866666665,170.71146517747826,1.25,measured codec bytes; modeled IPv4/UDP/security headers; largest average bitrate round for this fixture,h264_nvenc_4M
independent_robots,opus_mono_16k_32k_20ms/speech_like,64,64,1,64,248.49203199999997,263.0725973333333,341.4229303549565,1.25,measured codec bytes; modeled IPv4/UDP/security headers; largest average bitrate round for this fixture,h264_nvenc_4M
selected_beam_local_vision,opus_mono_16k_32k_20ms/noise,1,1,1,0,0.032,0.0544,0.06799999999999999,1.25,measured codec bytes; modeled IPv4/UDP/security headers; largest average bitrate round for this fixture,none
selected_beam_local_vision,opus_mono_16k_32k_20ms/noise,2,2,1,0,0.064,0.1088,0.13599999999999998,1.25,measured codec bytes; modeled IPv4/UDP/security headers; largest average bitrate round for this fixture,none
selected_beam_local_vision,opus_mono_16k_32k_20ms/noise,3,3,1,0,0.096,0.16319999999999998,0.204,1.25,measured codec bytes; modeled IPv4/UDP/security headers; largest average bitrate round for this fixture,none
selected_beam_local_vision,opus_mono_16k_32k_20ms/noise,4,4,1,0,0.128,0.2176,0.27199999999999996,1.25,measured codec bytes; modeled IPv4/UDP/security headers; largest average bitrate round for this fixture,none
selected_beam_local_vision,opus_mono_16k_32k_20ms/noise,8,8,1,0,0.256,0.4352,0.5439999999999999,1.25,measured codec bytes; modeled IPv4/UDP/security headers; largest average bitrate round for this fixture,none
selected_beam_local_vision,opus_mono_16k_32k_20ms/noise,16,16,1,0,0.512,0.8704,1.0879999999999999,1.25,measured codec bytes; modeled IPv4/UDP/security headers; largest average bitrate round for this fixture,none
selected_beam_local_vision,opus_mono_16k_32k_20ms/noise,32,32,1,0,1.024,1.7408,2.1759999999999997,1.25,measured codec bytes; modeled IPv4/UDP/security headers; largest average bitrate round for this fixture,none
selected_beam_local_vision,opus_mono_16k_32k_20ms/noise,64,64,1,0,2.048,3.4816,4.351999999999999,1.25,measured codec bytes; modeled IPv4/UDP/security headers; largest average bitrate round for this fixture,none
selected_beam_shared_camera,opus_mono_16k_32k_20ms/noise,1,1,1,1,3.8826879999999995,4.110509333333333,5.334733286796196,1.25,measured codec bytes; modeled IPv4/UDP/security headers; largest average bitrate round for this fixture,h264_nvenc_4M
selected_beam_shared_camera,opus_mono_16k_32k_20ms/noise,2,2,1,1,3.9146879999999995,4.164909333333332,5.402733286796195,1.25,measured codec bytes; modeled IPv4/UDP/security headers; largest average bitrate round for this fixture,h264_nvenc_4M
selected_beam_shared_camera,opus_mono_16k_32k_20ms/noise,3,3,1,1,3.9466879999999995,4.2193093333333325,5.470733286796196,1.25,measured codec bytes; modeled IPv4/UDP/security headers; largest average bitrate round for this fixture,h264_nvenc_4M
selected_beam_shared_camera,opus_mono_16k_32k_20ms/noise,4,4,1,1,3.9786879999999996,4.273709333333333,5.538733286796196,1.25,measured codec bytes; modeled IPv4/UDP/security headers; largest average bitrate round for this fixture,h264_nvenc_4M
selected_beam_shared_camera,opus_mono_16k_32k_20ms/noise,8,8,1,1,4.106687999999999,4.491309333333333,5.810733286796196,1.25,measured codec bytes; modeled IPv4/UDP/security headers; largest average bitrate round for this fixture,h264_nvenc_4M
selected_beam_shared_camera,opus_mono_16k_32k_20ms/noise,16,16,1,1,4.3626879999999995,4.926509333333333,6.354733286796196,1.25,measured codec bytes; modeled IPv4/UDP/security headers; largest average bitrate round for this fixture,h264_nvenc_4M
selected_beam_shared_camera,opus_mono_16k_32k_20ms/noise,32,32,1,1,4.874687999999999,5.796909333333333,7.442733286796196,1.25,measured codec bytes; modeled IPv4/UDP/security headers; largest average bitrate round for this fixture,h264_nvenc_4M
selected_beam_shared_camera,opus_mono_16k_32k_20ms/noise,64,64,1,1,5.898688,7.537709333333332,9.618733286796195,1.25,measured codec bytes; modeled IPv4/UDP/security headers; largest average bitrate round for this fixture,h264_nvenc_4M
four_candidates_shared_camera,opus_mono_16k_32k_20ms/noise,1,4,4,1,3.9786879999999996,4.273709333333333,5.538733286796196,1.25,measured codec bytes; modeled IPv4/UDP/security headers; largest average bitrate round for this fixture,h264_nvenc_4M
four_candidates_shared_camera,opus_mono_16k_32k_20ms/noise,2,8,4,1,4.106687999999999,4.491309333333333,5.810733286796196,1.25,measured codec bytes; modeled IPv4/UDP/security headers; largest average bitrate round for this fixture,h264_nvenc_4M
four_candidates_shared_camera,opus_mono_16k_32k_20ms/noise,3,12,4,1,4.234687999999999,4.708909333333333,6.082733286796196,1.25,measured codec bytes; modeled IPv4/UDP/security headers; largest average bitrate round for this fixture,h264_nvenc_4M
four_candidates_shared_camera,opus_mono_16k_32k_20ms/noise,4,16,4,1,4.3626879999999995,4.926509333333333,6.354733286796196,1.25,measured codec bytes; modeled IPv4/UDP/security headers; largest average bitrate round for this fixture,h264_nvenc_4M
four_candidates_shared_camera,opus_mono_16k_32k_20ms/noise,8,32,4,1,4.874687999999999,5.796909333333333,7.442733286796196,1.25,measured codec bytes; modeled IPv4/UDP/security headers; largest average bitrate round for this fixture,h264_nvenc_4M
four_candidates_shared_camera,opus_mono_16k_32k_20ms/noise,16,64,4,1,5.898688,7.537709333333332,9.618733286796195,1.25,measured codec bytes; modeled IPv4/UDP/security headers; largest average bitrate round for this fixture,h264_nvenc_4M
four_candidates_shared_camera,opus_mono_16k_32k_20ms/noise,32,128,4,1,7.946688,11.019309333333332,13.970733286796195,1.25,measured codec bytes; modeled IPv4/UDP/security headers; largest average bitrate round for this fixture,h264_nvenc_4M
four_candidates_shared_camera,opus_mono_16k_32k_20ms/noise,64,256,4,1,12.042688,17.982509333333333,22.674733286796194,1.25,measured codec bytes; modeled IPv4/UDP/security headers; largest average bitrate round for this fixture,h264_nvenc_4M
independent_robots,opus_mono_16k_32k_20ms/noise,1,1,1,1,3.8826879999999995,4.110509333333333,5.334733286796196,1.25,measured codec bytes; modeled IPv4/UDP/security headers; largest average bitrate round for this fixture,h264_nvenc_4M
independent_robots,opus_mono_16k_32k_20ms/noise,2,2,1,2,7.765375999999999,8.221018666666666,10.669466573592391,1.25,measured codec bytes; modeled IPv4/UDP/security headers; largest average bitrate round for this fixture,h264_nvenc_4M
independent_robots,opus_mono_16k_32k_20ms/noise,3,3,1,3,11.648063999999998,12.331527999999999,16.004199860388585,1.25,measured codec bytes; modeled IPv4/UDP/security headers; largest average bitrate round for this fixture,h264_nvenc_4M
independent_robots,opus_mono_16k_32k_20ms/noise,4,4,1,4,15.530751999999998,16.44203733333333,21.338933147184783,1.25,measured codec bytes; modeled IPv4/UDP/security headers; largest average bitrate round for this fixture,h264_nvenc_4M
independent_robots,opus_mono_16k_32k_20ms/noise,8,8,1,8,31.061503999999996,32.88407466666666,42.677866294369565,1.25,measured codec bytes; modeled IPv4/UDP/security headers; largest average bitrate round for this fixture,h264_nvenc_4M
independent_robots,opus_mono_16k_32k_20ms/noise,16,16,1,16,62.12300799999999,65.76814933333333,85.35573258873913,1.25,measured codec bytes; modeled IPv4/UDP/security headers; largest average bitrate round for this fixture,h264_nvenc_4M
independent_robots,opus_mono_16k_32k_20ms/noise,32,32,1,32,124.24601599999998,131.53629866666665,170.71146517747826,1.25,measured codec bytes; modeled IPv4/UDP/security headers; largest average bitrate round for this fixture,h264_nvenc_4M
independent_robots,opus_mono_16k_32k_20ms/noise,64,64,1,64,248.49203199999997,263.0725973333333,341.4229303549565,1.25,measured codec bytes; modeled IPv4/UDP/security headers; largest average bitrate round for this fixture,h264_nvenc_4M
selected_beam_local_vision,flac_1ch_48k24_20ms/speech_like,1,1,1,0,0.934576,0.995376,1.24422,1.25,measured codec bytes; modeled IPv4/UDP/security headers; largest average bitrate round for this fixture,none
selected_beam_local_vision,flac_1ch_48k24_20ms/speech_like,2,2,1,0,1.869152,1.990752,2.48844,1.25,measured codec bytes; modeled IPv4/UDP/security headers; largest average bitrate round for this fixture,none
selected_beam_local_vision,flac_1ch_48k24_20ms/speech_like,3,3,1,0,2.803728,2.986128,3.73266,1.25,measured codec bytes; modeled IPv4/UDP/security headers; largest average bitrate round for this fixture,none
selected_beam_local_vision,flac_1ch_48k24_20ms/speech_like,4,4,1,0,3.738304,3.981504,4.97688,1.25,measured codec bytes; modeled IPv4/UDP/security headers; largest average bitrate round for this fixture,none
selected_beam_local_vision,flac_1ch_48k24_20ms/speech_like,8,8,1,0,7.476608,7.963008,9.95376,1.25,measured codec bytes; modeled IPv4/UDP/security headers; largest average bitrate round for this fixture,none
selected_beam_local_vision,flac_1ch_48k24_20ms/speech_like,16,16,1,0,14.953216,15.926016,19.90752,1.25,measured codec bytes; modeled IPv4/UDP/security headers; largest average bitrate round for this fixture,none
selected_beam_local_vision,flac_1ch_48k24_20ms/speech_like,32,32,1,0,29.906432,31.852032,39.81504,1.25,measured codec bytes; modeled IPv4/UDP/security headers; largest average bitrate round for this fixture,none
selected_beam_local_vision,flac_1ch_48k24_20ms/speech_like,64,64,1,0,59.812864,63.704064,79.63008,1.25,measured codec bytes; modeled IPv4/UDP/security headers; largest average bitrate round for this fixture,none
selected_beam_shared_camera,flac_1ch_48k24_20ms/speech_like,1,1,1,1,4.785264,5.051485333333333,6.510953286796196,1.25,measured codec bytes; modeled IPv4/UDP/security headers; largest average bitrate round for this fixture,h264_nvenc_4M
selected_beam_shared_camera,flac_1ch_48k24_20ms/speech_like,2,2,1,1,5.71984,6.046861333333332,7.755173286796195,1.25,measured codec bytes; modeled IPv4/UDP/security headers; largest average bitrate round for this fixture,h264_nvenc_4M
selected_beam_shared_camera,flac_1ch_48k24_20ms/speech_like,3,3,1,1,6.654415999999999,7.042237333333333,8.999393286796195,1.25,measured codec bytes; modeled IPv4/UDP/security headers; largest average bitrate round for this fixture,h264_nvenc_4M
selected_beam_shared_camera,flac_1ch_48k24_20ms/speech_like,4,4,1,1,7.588991999999999,8.037613333333333,10.243613286796196,1.25,measured codec bytes; modeled IPv4/UDP/security headers; largest average bitrate round for this fixture,h264_nvenc_4M
selected_beam_shared_camera,flac_1ch_48k24_20ms/speech_like,8,8,1,1,11.327295999999999,12.019117333333334,15.220493286796195,1.25,measured codec bytes; modeled IPv4/UDP/security headers; largest average bitrate round for this fixture,h264_nvenc_4M
selected_beam_shared_camera,flac_1ch_48k24_20ms/speech_like,16,16,1,1,18.803904,19.982125333333332,25.174253286796198,1.25,measured codec bytes; modeled IPv4/UDP/security headers; largest average bitrate round for this fixture,h264_nvenc_4M
selected_beam_shared_camera,flac_1ch_48k24_20ms/speech_like,32,32,1,1,33.75712,35.90814133333333,45.08177328679619,1.25,measured codec bytes; modeled IPv4/UDP/security headers; largest average bitrate round for this fixture,h264_nvenc_4M
selected_beam_shared_camera,flac_1ch_48k24_20ms/speech_like,64,64,1,1,63.663551999999996,67.76017333333334,84.8968132867962,1.25,measured codec bytes; modeled IPv4/UDP/security headers; largest average bitrate round for this fixture,h264_nvenc_4M
four_candidates_shared_camera,flac_1ch_48k24_20ms/speech_like,1,4,4,1,7.588991999999999,8.037613333333333,10.243613286796196,1.25,measured codec bytes; modeled IPv4/UDP/security headers; largest average bitrate round for this fixture,h264_nvenc_4M
four_candidates_shared_camera,flac_1ch_48k24_20ms/speech_like,2,8,4,1,11.327295999999999,12.019117333333334,15.220493286796195,1.25,measured codec bytes; modeled IPv4/UDP/security headers; largest average bitrate round for this fixture,h264_nvenc_4M
four_candidates_shared_camera,flac_1ch_48k24_20ms/speech_like,3,12,4,1,15.0656,16.00062133333333,20.197373286796196,1.25,measured codec bytes; modeled IPv4/UDP/security headers; largest average bitrate round for this fixture,h264_nvenc_4M
four_candidates_shared_camera,flac_1ch_48k24_20ms/speech_like,4,16,4,1,18.803904,19.982125333333332,25.174253286796198,1.25,measured codec bytes; modeled IPv4/UDP/security headers; largest average bitrate round for this fixture,h264_nvenc_4M
four_candidates_shared_camera,flac_1ch_48k24_20ms/speech_like,8,32,4,1,33.75712,35.90814133333333,45.08177328679619,1.25,measured codec bytes; modeled IPv4/UDP/security headers; largest average bitrate round for this fixture,h264_nvenc_4M
four_candidates_shared_camera,flac_1ch_48k24_20ms/speech_like,16,64,4,1,63.663551999999996,67.76017333333334,84.8968132867962,1.25,measured codec bytes; modeled IPv4/UDP/security headers; largest average bitrate round for this fixture,h264_nvenc_4M
four_candidates_shared_camera,flac_1ch_48k24_20ms/speech_like,32,128,4,1,123.476416,131.46423733333333,164.52689328679622,1.25,measured codec bytes; modeled IPv4/UDP/security headers; largest average bitrate round for this fixture,h264_nvenc_4M
four_candidates_shared_camera,flac_1ch_48k24_20ms/speech_like,64,256,4,1,243.10214399999998,258.87236533333333,323.7870532867962,1.25,measured codec bytes; modeled IPv4/UDP/security headers; largest average bitrate round for this fixture,h264_nvenc_4M
independent_robots,flac_1ch_48k24_20ms/speech_like,1,1,1,1,4.785264,5.051485333333333,6.510953286796196,1.25,measured codec bytes; modeled IPv4/UDP/security headers; largest average bitrate round for this fixture,h264_nvenc_4M
independent_robots,flac_1ch_48k24_20ms/speech_like,2,2,1,2,9.570528,10.102970666666666,13.021906573592393,1.25,measured codec bytes; modeled IPv4/UDP/security headers; largest average bitrate round for this fixture,h264_nvenc_4M
independent_robots,flac_1ch_48k24_20ms/speech_like,3,3,1,3,14.355791999999997,15.154456,19.532859860388587,1.25,measured codec bytes; modeled IPv4/UDP/security headers; largest average bitrate round for this fixture,h264_nvenc_4M
independent_robots,flac_1ch_48k24_20ms/speech_like,4,4,1,4,19.141056,20.20594133333333,26.043813147184785,1.25,measured codec bytes; modeled IPv4/UDP/security headers; largest average bitrate round for this fixture,h264_nvenc_4M
independent_robots,flac_1ch_48k24_20ms/speech_like,8,8,1,8,38.282112,40.41188266666666,52.08762629436957,1.25,measured codec bytes; modeled IPv4/UDP/security headers; largest average bitrate round for this fixture,h264_nvenc_4M
independent_robots,flac_1ch_48k24_20ms/speech_like,16,16,1,16,76.564224,80.82376533333333,104.17525258873914,1.25,measured codec bytes; modeled IPv4/UDP/security headers; largest average bitrate round for this fixture,h264_nvenc_4M
independent_robots,flac_1ch_48k24_20ms/speech_like,32,32,1,32,153.128448,161.64753066666665,208.35050517747828,1.25,measured codec bytes; modeled IPv4/UDP/security headers; largest average bitrate round for this fixture,h264_nvenc_4M
independent_robots,flac_1ch_48k24_20ms/speech_like,64,64,1,64,306.256896,323.2950613333333,416.70101035495657,1.25,measured codec bytes; modeled IPv4/UDP/security headers; largest average bitrate round for this fixture,h264_nvenc_4M
selected_beam_local_vision,flac_1ch_48k24_20ms/noise,1,1,1,0,1.0988373333333332,1.1900373333333332,1.4875466666666664,1.25,measured codec bytes; modeled IPv4/UDP/security headers; largest average bitrate round for this fixture,none
selected_beam_local_vision,flac_1ch_48k24_20ms/noise,2,2,1,0,2.1976746666666664,2.3800746666666663,2.9750933333333327,1.25,measured codec bytes; modeled IPv4/UDP/security headers; largest average bitrate round for this fixture,none
selected_beam_local_vision,flac_1ch_48k24_20ms/noise,3,3,1,0,3.296512,3.5701119999999995,4.4626399999999995,1.25,measured codec bytes; modeled IPv4/UDP/security headers; largest average bitrate round for this fixture,none
selected_beam_local_vision,flac_1ch_48k24_20ms/noise,4,4,1,0,4.395349333333333,4.760149333333333,5.950186666666665,1.25,measured codec bytes; modeled IPv4/UDP/security headers; largest average bitrate round for this fixture,none
selected_beam_local_vision,flac_1ch_48k24_20ms/noise,8,8,1,0,8.790698666666666,9.520298666666665,11.90037333333333,1.25,measured codec bytes; modeled IPv4/UDP/security headers; largest average bitrate round for this fixture,none
selected_beam_local_vision,flac_1ch_48k24_20ms/noise,16,16,1,0,17.58139733333333,19.04059733333333,23.80074666666666,1.25,measured codec bytes; modeled IPv4/UDP/security headers; largest average bitrate round for this fixture,none
selected_beam_local_vision,flac_1ch_48k24_20ms/noise,32,32,1,0,35.16279466666666,38.08119466666666,47.60149333333332,1.25,measured codec bytes; modeled IPv4/UDP/security headers; largest average bitrate round for this fixture,none
selected_beam_local_vision,flac_1ch_48k24_20ms/noise,64,64,1,0,70.32558933333333,76.16238933333332,95.20298666666665,1.25,measured codec bytes; modeled IPv4/UDP/security headers; largest average bitrate round for this fixture,none
selected_beam_shared_camera,flac_1ch_48k24_20ms/noise,1,1,1,1,4.949525333333333,5.246146666666666,6.754279953462863,1.25,measured codec bytes; modeled IPv4/UDP/security headers; largest average bitrate round for this fixture,h264_nvenc_4M
selected_beam_shared_camera,flac_1ch_48k24_20ms/noise,2,2,1,1,6.048362666666666,6.436183999999999,8.24182662012953,1.25,measured codec bytes; modeled IPv4/UDP/security headers; largest average bitrate round for this fixture,h264_nvenc_4M
selected_beam_shared_camera,flac_1ch_48k24_20ms/noise,3,3,1,1,7.1472,7.626221333333332,9.729373286796195,1.25,measured codec bytes; modeled IPv4/UDP/security headers; largest average bitrate round for this fixture,h264_nvenc_4M
selected_beam_shared_camera,flac_1ch_48k24_20ms/noise,4,4,1,1,8.246037333333332,8.816258666666666,11.21691995346286,1.25,measured codec bytes; modeled IPv4/UDP/security headers; largest average bitrate round for this fixture,h264_nvenc_4M
selected_beam_shared_camera,flac_1ch_48k24_20ms/noise,8,8,1,1,12.641386666666666,13.576407999999997,17.16710662012953,1.25,measured codec bytes; modeled IPv4/UDP/security headers; largest average bitrate round for this fixture,h264_nvenc_4M
selected_beam_shared_camera,flac_1ch_48k24_20ms/noise,16,16,1,1,21.43208533333333,23.096706666666662,29.06747995346286,1.25,measured codec bytes; modeled IPv4/UDP/security headers; largest average bitrate round for this fixture,h264_nvenc_4M
selected_beam_shared_camera,flac_1ch_48k24_20ms/noise,32,32,1,1,39.01348266666666,42.13730399999999,52.86822662012952,1.25,measured codec bytes; modeled IPv4/UDP/security headers; largest average bitrate round for this fixture,h264_nvenc_4M
selected_beam_shared_camera,flac_1ch_48k24_20ms/noise,64,64,1,1,74.17627733333333,80.21849866666666,100.46971995346284,1.25,measured codec bytes; modeled IPv4/UDP/security headers; largest average bitrate round for this fixture,h264_nvenc_4M
four_candidates_shared_camera,flac_1ch_48k24_20ms/noise,1,4,4,1,8.246037333333332,8.816258666666666,11.21691995346286,1.25,measured codec bytes; modeled IPv4/UDP/security headers; largest average bitrate round for this fixture,h264_nvenc_4M
four_candidates_shared_camera,flac_1ch_48k24_20ms/noise,2,8,4,1,12.641386666666666,13.576407999999997,17.16710662012953,1.25,measured codec bytes; modeled IPv4/UDP/security headers; largest average bitrate round for this fixture,h264_nvenc_4M
four_candidates_shared_camera,flac_1ch_48k24_20ms/noise,3,12,4,1,17.036735999999998,18.33655733333333,23.11729328679619,1.25,measured codec bytes; modeled IPv4/UDP/security headers; largest average bitrate round for this fixture,h264_nvenc_4M
four_candidates_shared_camera,flac_1ch_48k24_20ms/noise,4,16,4,1,21.43208533333333,23.096706666666662,29.06747995346286,1.25,measured codec bytes; modeled IPv4/UDP/security headers; largest average bitrate round for this fixture,h264_nvenc_4M
four_candidates_shared_camera,flac_1ch_48k24_20ms/noise,8,32,4,1,39.01348266666666,42.13730399999999,52.86822662012952,1.25,measured codec bytes; modeled IPv4/UDP/security headers; largest average bitrate round for this fixture,h264_nvenc_4M
four_candidates_shared_camera,flac_1ch_48k24_20ms/noise,16,64,4,1,74.17627733333333,80.21849866666666,100.46971995346284,1.25,measured codec bytes; modeled IPv4/UDP/security headers; largest average bitrate round for this fixture,h264_nvenc_4M
four_candidates_shared_camera,flac_1ch_48k24_20ms/noise,32,128,4,1,144.50186666666664,156.38088799999997,195.67270662012953,1.25,measured codec bytes; modeled IPv4/UDP/security headers; largest average bitrate round for this fixture,h264_nvenc_4M
four_candidates_shared_camera,flac_1ch_48k24_20ms/noise,64,256,4,1,285.1530453333333,308.7056666666666,386.0786799534628,1.25,measured codec bytes; modeled IPv4/UDP/security headers; largest average bitrate round for this fixture,h264_nvenc_4M
independent_robots,flac_1ch_48k24_20ms/noise,1,1,1,1,4.949525333333333,5.246146666666666,6.754279953462863,1.25,measured codec bytes; modeled IPv4/UDP/security headers; largest average bitrate round for this fixture,h264_nvenc_4M
independent_robots,flac_1ch_48k24_20ms/noise,2,2,1,2,9.899050666666666,10.492293333333333,13.508559906925726,1.25,measured codec bytes; modeled IPv4/UDP/security headers; largest average bitrate round for this fixture,h264_nvenc_4M
independent_robots,flac_1ch_48k24_20ms/noise,3,3,1,3,14.848575999999998,15.738439999999999,20.262839860388585,1.25,measured codec bytes; modeled IPv4/UDP/security headers; largest average bitrate round for this fixture,h264_nvenc_4M
independent_robots,flac_1ch_48k24_20ms/noise,4,4,1,4,19.79810133333333,20.984586666666665,27.01711981385145,1.25,measured codec bytes; modeled IPv4/UDP/security headers; largest average bitrate round for this fixture,h264_nvenc_4M
independent_robots,flac_1ch_48k24_20ms/noise,8,8,1,8,39.59620266666666,41.96917333333333,54.0342396277029,1.25,measured codec bytes; modeled IPv4/UDP/security headers; largest average bitrate round for this fixture,h264_nvenc_4M
independent_robots,flac_1ch_48k24_20ms/noise,16,16,1,16,79.19240533333333,83.93834666666666,108.0684792554058,1.25,measured codec bytes; modeled IPv4/UDP/security headers; largest average bitrate round for this fixture,h264_nvenc_4M
independent_robots,flac_1ch_48k24_20ms/noise,32,32,1,32,158.38481066666665,167.87669333333332,216.1369585108116,1.25,measured codec bytes; modeled IPv4/UDP/security headers; largest average bitrate round for this fixture,h264_nvenc_4M
independent_robots,flac_1ch_48k24_20ms/noise,64,64,1,64,316.7696213333333,335.75338666666664,432.2739170216232,1.25,measured codec bytes; modeled IPv4/UDP/security headers; largest average bitrate round for this fixture,h264_nvenc_4M
selected_beam_local_vision,flac_1ch_48k24_100ms/speech_like,1,1,1,0,0.8983456,0.9591455999999999,1.1989319999999999,1.25,measured codec bytes; modeled IPv4/UDP/security headers; largest average bitrate round for this fixture,none
selected_beam_local_vision,flac_1ch_48k24_100ms/speech_like,2,2,1,0,1.7966912,1.9182911999999999,2.3978639999999998,1.25,measured codec bytes; modeled IPv4/UDP/security headers; largest average bitrate round for this fixture,none
selected_beam_local_vision,flac_1ch_48k24_100ms/speech_like,3,3,1,0,2.6950368,2.8774368,3.596796,1.25,measured codec bytes; modeled IPv4/UDP/security headers; largest average bitrate round for this fixture,none
selected_beam_local_vision,flac_1ch_48k24_100ms/speech_like,4,4,1,0,3.5933824,3.8365823999999997,4.7957279999999995,1.25,measured codec bytes; modeled IPv4/UDP/security headers; largest average bitrate round for this fixture,none
selected_beam_local_vision,flac_1ch_48k24_100ms/speech_like,8,8,1,0,7.1867648,7.6731647999999995,9.591455999999999,1.25,measured codec bytes; modeled IPv4/UDP/security headers; largest average bitrate round for this fixture,none
selected_beam_local_vision,flac_1ch_48k24_100ms/speech_like,16,16,1,0,14.3735296,15.346329599999999,19.182911999999998,1.25,measured codec bytes; modeled IPv4/UDP/security headers; largest average bitrate round for this fixture,none
selected_beam_local_vision,flac_1ch_48k24_100ms/speech_like,32,32,1,0,28.7470592,30.692659199999998,38.365823999999996,1.25,measured codec bytes; modeled IPv4/UDP/security headers; largest average bitrate round for this fixture,none
selected_beam_local_vision,flac_1ch_48k24_100ms/speech_like,64,64,1,0,57.4941184,61.385318399999996,76.73164799999999,1.25,measured codec bytes; modeled IPv4/UDP/security headers; largest average bitrate round for this fixture,none
selected_beam_shared_camera,flac_1ch_48k24_100ms/speech_like,1,1,1,1,4.7490336,5.015254933333333,6.465665286796196,1.25,measured codec bytes; modeled IPv4/UDP/security headers; largest average bitrate round for this fixture,h264_nvenc_4M
selected_beam_shared_camera,flac_1ch_48k24_100ms/speech_like,2,2,1,1,5.6473792,5.974400533333332,7.664597286796195,1.25,measured codec bytes; modeled IPv4/UDP/security headers; largest average bitrate round for this fixture,h264_nvenc_4M
selected_beam_shared_camera,flac_1ch_48k24_100ms/speech_like,3,3,1,1,6.5457247999999995,6.933546133333333,8.863529286796195,1.25,measured codec bytes; modeled IPv4/UDP/security headers; largest average bitrate round for this fixture,h264_nvenc_4M
selected_beam_shared_camera,flac_1ch_48k24_100ms/speech_like,4,4,1,1,7.444070399999999,7.892691733333333,10.062461286796196,1.25,measured codec bytes; modeled IPv4/UDP/security headers; largest average bitrate round for this fixture,h264_nvenc_4M
selected_beam_shared_camera,flac_1ch_48k24_100ms/speech_like,8,8,1,1,11.037452799999999,11.729274133333332,14.858189286796195,1.25,measured codec bytes; modeled IPv4/UDP/security headers; largest average bitrate round for this fixture,h264_nvenc_4M
selected_beam_shared_camera,flac_1ch_48k24_100ms/speech_like,16,16,1,1,18.2242176,19.402438933333332,24.449645286796194,1.25,measured codec bytes; modeled IPv4/UDP/security headers; largest average bitrate round for this fixture,h264_nvenc_4M
selected_beam_shared_camera,flac_1ch_48k24_100ms/speech_like,32,32,1,1,32.5977472,34.74876853333333,43.63255728679619,1.25,measured codec bytes; modeled IPv4/UDP/security headers; largest average bitrate round for this fixture,h264_nvenc_4M
selected_beam_shared_camera,flac_1ch_48k24_100ms/speech_like,64,64,1,1,61.344806399999996,65.44142773333333,81.99838128679619,1.25,measured codec bytes; modeled IPv4/UDP/security headers; largest average bitrate round for this fixture,h264_nvenc_4M
four_candidates_shared_camera,flac_1ch_48k24_100ms/speech_like,1,4,4,1,7.444070399999999,7.892691733333333,10.062461286796196,1.25,measured codec bytes; modeled IPv4/UDP/security headers; largest average bitrate round for this fixture,h264_nvenc_4M
four_candidates_shared_camera,flac_1ch_48k24_100ms/speech_like,2,8,4,1,11.037452799999999,11.729274133333332,14.858189286796195,1.25,measured codec bytes; modeled IPv4/UDP/security headers; largest average bitrate round for this fixture,h264_nvenc_4M
four_candidates_shared_camera,flac_1ch_48k24_100ms/speech_like,3,12,4,1,14.6308352,15.565856533333331,19.653917286796197,1.25,measured codec bytes; modeled IPv4/UDP/security headers; largest average bitrate round for this fixture,h264_nvenc_4M
four_candidates_shared_camera,flac_1ch_48k24_100ms/speech_like,4,16,4,1,18.2242176,19.402438933333332,24.449645286796194,1.25,measured codec bytes; modeled IPv4/UDP/security headers; largest average bitrate round for this fixture,h264_nvenc_4M
four_candidates_shared_camera,flac_1ch_48k24_100ms/speech_like,8,32,4,1,32.5977472,34.74876853333333,43.63255728679619,1.25,measured codec bytes; modeled IPv4/UDP/security headers; largest average bitrate round for this fixture,h264_nvenc_4M
four_candidates_shared_camera,flac_1ch_48k24_100ms/speech_like,16,64,4,1,61.344806399999996,65.44142773333333,81.99838128679619,1.25,measured codec bytes; modeled IPv4/UDP/security headers; largest average bitrate round for this fixture,h264_nvenc_4M
four_candidates_shared_camera,flac_1ch_48k24_100ms/speech_like,32,128,4,1,118.8389248,126.82674613333333,158.7300292867962,1.25,measured codec bytes; modeled IPv4/UDP/security headers; largest average bitrate round for this fixture,h264_nvenc_4M
four_candidates_shared_camera,flac_1ch_48k24_100ms/speech_like,64,256,4,1,233.82716159999998,249.5973829333333,312.1933252867962,1.25,measured codec bytes; modeled IPv4/UDP/security headers; largest average bitrate round for this fixture,h264_nvenc_4M
independent_robots,flac_1ch_48k24_100ms/speech_like,1,1,1,1,4.7490336,5.015254933333333,6.465665286796196,1.25,measured codec bytes; modeled IPv4/UDP/security headers; largest average bitrate round for this fixture,h264_nvenc_4M
independent_robots,flac_1ch_48k24_100ms/speech_like,2,2,1,2,9.4980672,10.030509866666666,12.931330573592392,1.25,measured codec bytes; modeled IPv4/UDP/security headers; largest average bitrate round for this fixture,h264_nvenc_4M
independent_robots,flac_1ch_48k24_100ms/speech_like,3,3,1,3,14.247100799999998,15.045764799999999,19.396995860388586,1.25,measured codec bytes; modeled IPv4/UDP/security headers; largest average bitrate round for this fixture,h264_nvenc_4M
independent_robots,flac_1ch_48k24_100ms/speech_like,4,4,1,4,18.9961344,20.06101973333333,25.862661147184784,1.25,measured codec bytes; modeled IPv4/UDP/security headers; largest average bitrate round for this fixture,h264_nvenc_4M
independent_robots,flac_1ch_48k24_100ms/speech_like,8,8,1,8,37.9922688,40.12203946666666,51.72532229436957,1.25,measured codec bytes; modeled IPv4/UDP/security headers; largest average bitrate round for this fixture,h264_nvenc_4M
independent_robots,flac_1ch_48k24_100ms/speech_like,16,16,1,16,75.9845376,80.24407893333333,103.45064458873914,1.25,measured codec bytes; modeled IPv4/UDP/security headers; largest average bitrate round for this fixture,h264_nvenc_4M
independent_robots,flac_1ch_48k24_100ms/speech_like,32,32,1,32,151.9690752,160.48815786666665,206.90128917747828,1.25,measured codec bytes; modeled IPv4/UDP/security headers; largest average bitrate round for this fixture,h264_nvenc_4M
independent_robots,flac_1ch_48k24_100ms/speech_like,64,64,1,64,303.9381504,320.9763157333333,413.80257835495655,1.25,measured codec bytes; modeled IPv4/UDP/security headers; largest average bitrate round for this fixture,h264_nvenc_4M
selected_beam_local_vision,flac_1ch_48k24_100ms/noise,1,1,1,0,1.0680698666666664,1.1410298666666665,1.4262873333333332,1.25,measured codec bytes; modeled IPv4/UDP/security headers; largest average bitrate round for this fixture,none
selected_beam_local_vision,flac_1ch_48k24_100ms/noise,2,2,1,0,2.1361397333333327,2.282059733333333,2.8525746666666665,1.25,measured codec bytes; modeled IPv4/UDP/security headers; largest average bitrate round for this fixture,none
selected_beam_local_vision,flac_1ch_48k24_100ms/noise,3,3,1,0,3.204209599999999,3.4230895999999995,4.278861999999999,1.25,measured codec bytes; modeled IPv4/UDP/security headers; largest average bitrate round for this fixture,none
selected_beam_local_vision,flac_1ch_48k24_100ms/noise,4,4,1,0,4.2722794666666655,4.564119466666666,5.705149333333333,1.25,measured codec bytes; modeled IPv4/UDP/security headers; largest average bitrate round for this fixture,none
selected_beam_local_vision,flac_1ch_48k24_100ms/noise,8,8,1,0,8.544558933333331,9.128238933333332,11.410298666666666,1.25,measured codec bytes; modeled IPv4/UDP/security headers; largest average bitrate round for this fixture,none
selected_beam_local_vision,flac_1ch_48k24_100ms/noise,16,16,1,0,17.089117866666662,18.256477866666664,22.820597333333332,1.25,measured codec bytes; modeled IPv4/UDP/security headers; largest average bitrate round for this fixture,none
selected_beam_local_vision,flac_1ch_48k24_100ms/noise,32,32,1,0,34.178235733333324,36.51295573333333,45.641194666666664,1.25,measured codec bytes; modeled IPv4/UDP/security headers; largest average bitrate round for this fixture,none
selected_beam_local_vision,flac_1ch_48k24_100ms/noise,64,64,1,0,68.35647146666665,73.02591146666666,91.28238933333333,1.25,measured codec bytes; modeled IPv4/UDP/security headers; largest average bitrate round for this fixture,none
selected_beam_shared_camera,flac_1ch_48k24_100ms/noise,1,1,1,1,4.918757866666666,5.197139199999999,6.693020620129529,1.25,measured codec bytes; modeled IPv4/UDP/security headers; largest average bitrate round for this fixture,h264_nvenc_4M
selected_beam_shared_camera,flac_1ch_48k24_100ms/noise,2,2,1,1,5.986827733333332,6.338169066666666,8.119307953462862,1.25,measured codec bytes; modeled IPv4/UDP/security headers; largest average bitrate round for this fixture,h264_nvenc_4M
selected_beam_shared_camera,flac_1ch_48k24_100ms/noise,3,3,1,1,7.0548975999999985,7.479198933333333,9.545595286796196,1.25,measured codec bytes; modeled IPv4/UDP/security headers; largest average bitrate round for this fixture,h264_nvenc_4M
selected_beam_shared_camera,flac_1ch_48k24_100ms/noise,4,4,1,1,8.122967466666665,8.6202288,10.971882620129527,1.25,measured codec bytes; modeled IPv4/UDP/security headers; largest average bitrate round for this fixture,h264_nvenc_4M
selected_beam_shared_camera,flac_1ch_48k24_100ms/noise,8,8,1,1,12.39524693333333,13.184348266666664,16.677031953462862,1.25,measured codec bytes; modeled IPv4/UDP/security headers; largest average bitrate round for this fixture,h264_nvenc_4M
selected_beam_shared_camera,flac_1ch_48k24_100ms/noise,16,16,1,1,20.93980586666666,22.312587199999996,28.087330620129528,1.25,measured codec bytes; modeled IPv4/UDP/security headers; largest average bitrate round for this fixture,h264_nvenc_4M
selected_beam_shared_camera,flac_1ch_48k24_100ms/noise,32,32,1,1,38.02892373333332,40.56906506666666,50.90792795346285,1.25,measured codec bytes; modeled IPv4/UDP/security headers; largest average bitrate round for this fixture,h264_nvenc_4M
selected_beam_shared_camera,flac_1ch_48k24_100ms/noise,64,64,1,1,72.20715946666665,77.0820208,96.54912262012951,1.25,measured codec bytes; modeled IPv4/UDP/security headers; largest average bitrate round for this fixture,h264_nvenc_4M
four_candidates_shared_camera,flac_1ch_48k24_100ms/noise,1,4,4,1,8.122967466666665,8.6202288,10.971882620129527,1.25,measured codec bytes; modeled IPv4/UDP/security headers; largest average bitrate round for this fixture,h264_nvenc_4M
four_candidates_shared_camera,flac_1ch_48k24_100ms/noise,2,8,4,1,12.39524693333333,13.184348266666664,16.677031953462862,1.25,measured codec bytes; modeled IPv4/UDP/security headers; largest average bitrate round for this fixture,h264_nvenc_4M
four_candidates_shared_camera,flac_1ch_48k24_100ms/noise,3,12,4,1,16.667526399999996,17.74846773333333,22.382181286796193,1.25,measured codec bytes; modeled IPv4/UDP/security headers; largest average bitrate round for this fixture,h264_nvenc_4M
four_candidates_shared_camera,flac_1ch_48k24_100ms/noise,4,16,4,1,20.93980586666666,22.312587199999996,28.087330620129528,1.25,measured codec bytes; modeled IPv4/UDP/security headers; largest average bitrate round for this fixture,h264_nvenc_4M
four_candidates_shared_camera,flac_1ch_48k24_100ms/noise,8,32,4,1,38.02892373333332,40.56906506666666,50.90792795346285,1.25,measured codec bytes; modeled IPv4/UDP/security headers; largest average bitrate round for this fixture,h264_nvenc_4M
four_candidates_shared_camera,flac_1ch_48k24_100ms/noise,16,64,4,1,72.20715946666665,77.0820208,96.54912262012951,1.25,measured codec bytes; modeled IPv4/UDP/security headers; largest average bitrate round for this fixture,h264_nvenc_4M
four_candidates_shared_camera,flac_1ch_48k24_100ms/noise,32,128,4,1,140.5636309333333,150.10793226666664,187.83151195346284,1.25,measured codec bytes; modeled IPv4/UDP/security headers; largest average bitrate round for this fixture,h264_nvenc_4M
four_candidates_shared_camera,flac_1ch_48k24_100ms/noise,64,256,4,1,277.2765738666666,296.15975519999995,370.3962906201295,1.25,measured codec bytes; modeled IPv4/UDP/security headers; largest average bitrate round for this fixture,h264_nvenc_4M
independent_robots,flac_1ch_48k24_100ms/noise,1,1,1,1,4.918757866666666,5.197139199999999,6.693020620129529,1.25,measured codec bytes; modeled IPv4/UDP/security headers; largest average bitrate round for this fixture,h264_nvenc_4M
independent_robots,flac_1ch_48k24_100ms/noise,2,2,1,2,9.837515733333332,10.394278399999997,13.386041240259058,1.25,measured codec bytes; modeled IPv4/UDP/security headers; largest average bitrate round for this fixture,h264_nvenc_4M
independent_robots,flac_1ch_48k24_100ms/noise,3,3,1,3,14.756273599999997,15.591417599999998,20.079061860388588,1.25,measured codec bytes; modeled IPv4/UDP/security headers; largest average bitrate round for this fixture,h264_nvenc_4M
independent_robots,flac_1ch_48k24_100ms/noise,4,4,1,4,19.675031466666663,20.788556799999995,26.772082480518115,1.25,measured codec bytes; modeled IPv4/UDP/security headers; largest average bitrate round for this fixture,h264_nvenc_4M
independent_robots,flac_1ch_48k24_100ms/noise,8,8,1,8,39.35006293333333,41.57711359999999,53.54416496103623,1.25,measured codec bytes; modeled IPv4/UDP/security headers; largest average bitrate round for this fixture,h264_nvenc_4M
independent_robots,flac_1ch_48k24_100ms/noise,16,16,1,16,78.70012586666665,83.15422719999998,107.08832992207246,1.25,measured codec bytes; modeled IPv4/UDP/security headers; largest average bitrate round for this fixture,h264_nvenc_4M
independent_robots,flac_1ch_48k24_100ms/noise,32,32,1,32,157.4002517333333,166.30845439999996,214.17665984414492,1.25,measured codec bytes; modeled IPv4/UDP/security headers; largest average bitrate round for this fixture,h264_nvenc_4M
independent_robots,flac_1ch_48k24_100ms/noise,64,64,1,64,314.8005034666666,332.6169087999999,428.35331968828984,1.25,measured codec bytes; modeled IPv4/UDP/security headers; largest average bitrate round for this fixture,h264_nvenc_4M
shared_array_audio_only,flac_8ch_48k24_20ms/speech_like,1,1,0,0,7.208157333333333,7.684829333333333,9.606036666666666,1.25,measured codec bytes; modeled IPv4/UDP/security headers; largest average bitrate round for this fixture,none
shared_array_audio_only,flac_8ch_48k24_20ms/speech_like,2,1,0,0,7.208157333333333,7.684829333333333,9.606036666666666,1.25,measured codec bytes; modeled IPv4/UDP/security headers; largest average bitrate round for this fixture,none
shared_array_audio_only,flac_8ch_48k24_20ms/speech_like,3,1,0,0,7.208157333333333,7.684829333333333,9.606036666666666,1.25,measured codec bytes; modeled IPv4/UDP/security headers; largest average bitrate round for this fixture,none
shared_array_audio_only,flac_8ch_48k24_20ms/speech_like,4,1,0,0,7.208157333333333,7.684829333333333,9.606036666666666,1.25,measured codec bytes; modeled IPv4/UDP/security headers; largest average bitrate round for this fixture,none
shared_array_audio_only,flac_8ch_48k24_20ms/speech_like,8,1,0,0,7.208157333333333,7.684829333333333,9.606036666666666,1.25,measured codec bytes; modeled IPv4/UDP/security headers; largest average bitrate round for this fixture,none
shared_array_audio_only,flac_8ch_48k24_20ms/speech_like,16,1,0,0,7.208157333333333,7.684829333333333,9.606036666666666,1.25,measured codec bytes; modeled IPv4/UDP/security headers; largest average bitrate round for this fixture,none
shared_array_audio_only,flac_8ch_48k24_20ms/speech_like,32,1,0,0,7.208157333333333,7.684829333333333,9.606036666666666,1.25,measured codec bytes; modeled IPv4/UDP/security headers; largest average bitrate round for this fixture,none
shared_array_audio_only,flac_8ch_48k24_20ms/speech_like,64,1,0,0,7.208157333333333,7.684829333333333,9.606036666666666,1.25,measured codec bytes; modeled IPv4/UDP/security headers; largest average bitrate round for this fixture,none
shared_array,flac_8ch_48k24_20ms/speech_like,1,1,0,1,11.058845333333332,11.740938666666665,14.872769953462864,1.25,measured codec bytes; modeled IPv4/UDP/security headers; largest average bitrate round for this fixture,h264_nvenc_4M
shared_array,flac_8ch_48k24_20ms/speech_like,2,1,0,1,11.058845333333332,11.740938666666665,14.872769953462864,1.25,measured codec bytes; modeled IPv4/UDP/security headers; largest average bitrate round for this fixture,h264_nvenc_4M
shared_array,flac_8ch_48k24_20ms/speech_like,3,1,0,1,11.058845333333332,11.740938666666665,14.872769953462864,1.25,measured codec bytes; modeled IPv4/UDP/security headers; largest average bitrate round for this fixture,h264_nvenc_4M
shared_array,flac_8ch_48k24_20ms/speech_like,4,1,0,1,11.058845333333332,11.740938666666665,14.872769953462864,1.25,measured codec bytes; modeled IPv4/UDP/security headers; largest average bitrate round for this fixture,h264_nvenc_4M
shared_array,flac_8ch_48k24_20ms/speech_like,8,1,0,1,11.058845333333332,11.740938666666665,14.872769953462864,1.25,measured codec bytes; modeled IPv4/UDP/security headers; largest average bitrate round for this fixture,h264_nvenc_4M
shared_array,flac_8ch_48k24_20ms/speech_like,16,1,0,1,11.058845333333332,11.740938666666665,14.872769953462864,1.25,measured codec bytes; modeled IPv4/UDP/security headers; largest average bitrate round for this fixture,h264_nvenc_4M
shared_array,flac_8ch_48k24_20ms/speech_like,32,1,0,1,11.058845333333332,11.740938666666665,14.872769953462864,1.25,measured codec bytes; modeled IPv4/UDP/security headers; largest average bitrate round for this fixture,h264_nvenc_4M
shared_array,flac_8ch_48k24_20ms/speech_like,64,1,0,1,11.058845333333332,11.740938666666665,14.872769953462864,1.25,measured codec bytes; modeled IPv4/UDP/security headers; largest average bitrate round for this fixture,h264_nvenc_4M
independent_robots_raw_array,flac_8ch_48k24_20ms/speech_like,1,1,0,1,11.058845333333332,11.740938666666665,14.872769953462864,1.25,measured codec bytes; modeled IPv4/UDP/security headers; largest average bitrate round for this fixture,h264_nvenc_4M
independent_robots_raw_array,flac_8ch_48k24_20ms/speech_like,2,2,0,2,22.117690666666665,23.48187733333333,29.74553990692573,1.25,measured codec bytes; modeled IPv4/UDP/security headers; largest average bitrate round for this fixture,h264_nvenc_4M
independent_robots_raw_array,flac_8ch_48k24_20ms/speech_like,3,3,0,3,33.176536,35.222815999999995,44.618309860388585,1.25,measured codec bytes; modeled IPv4/UDP/security headers; largest average bitrate round for this fixture,h264_nvenc_4M
independent_robots_raw_array,flac_8ch_48k24_20ms/speech_like,4,4,0,4,44.23538133333333,46.96375466666666,59.49107981385146,1.25,measured codec bytes; modeled IPv4/UDP/security headers; largest average bitrate round for this fixture,h264_nvenc_4M
independent_robots_raw_array,flac_8ch_48k24_20ms/speech_like,8,8,0,8,88.47076266666666,93.92750933333332,118.98215962770291,1.25,measured codec bytes; modeled IPv4/UDP/security headers; largest average bitrate round for this fixture,h264_nvenc_4M
independent_robots_raw_array,flac_8ch_48k24_20ms/speech_like,16,16,0,16,176.94152533333332,187.85501866666664,237.96431925540583,1.25,measured codec bytes; modeled IPv4/UDP/security headers; largest average bitrate round for this fixture,h264_nvenc_4M
independent_robots_raw_array,flac_8ch_48k24_20ms/speech_like,32,32,0,32,353.88305066666663,375.7100373333333,475.92863851081165,1.25,measured codec bytes; modeled IPv4/UDP/security headers; largest average bitrate round for this fixture,h264_nvenc_4M
independent_robots_raw_array,flac_8ch_48k24_20ms/speech_like,64,64,0,64,707.7661013333333,751.4200746666666,951.8572770216233,1.25,measured codec bytes; modeled IPv4/UDP/security headers; largest average bitrate round for this fixture,h264_nvenc_4M
shared_array_audio_only,flac_8ch_48k24_20ms/noise,1,1,0,0,8.520397333333332,9.067597333333332,11.334496666666665,1.25,measured codec bytes; modeled IPv4/UDP/security headers; largest average bitrate round for this fixture,none
shared_array_audio_only,flac_8ch_48k24_20ms/noise,2,1,0,0,8.520397333333332,9.067597333333332,11.334496666666665,1.25,measured codec bytes; modeled IPv4/UDP/security headers; largest average bitrate round for this fixture,none
shared_array_audio_only,flac_8ch_48k24_20ms/noise,3,1,0,0,8.520397333333332,9.067597333333332,11.334496666666665,1.25,measured codec bytes; modeled IPv4/UDP/security headers; largest average bitrate round for this fixture,none
shared_array_audio_only,flac_8ch_48k24_20ms/noise,4,1,0,0,8.520397333333332,9.067597333333332,11.334496666666665,1.25,measured codec bytes; modeled IPv4/UDP/security headers; largest average bitrate round for this fixture,none
shared_array_audio_only,flac_8ch_48k24_20ms/noise,8,1,0,0,8.520397333333332,9.067597333333332,11.334496666666665,1.25,measured codec bytes; modeled IPv4/UDP/security headers; largest average bitrate round for this fixture,none
shared_array_audio_only,flac_8ch_48k24_20ms/noise,16,1,0,0,8.520397333333332,9.067597333333332,11.334496666666665,1.25,measured codec bytes; modeled IPv4/UDP/security headers; largest average bitrate round for this fixture,none
shared_array_audio_only,flac_8ch_48k24_20ms/noise,32,1,0,0,8.520397333333332,9.067597333333332,11.334496666666665,1.25,measured codec bytes; modeled IPv4/UDP/security headers; largest average bitrate round for this fixture,none
shared_array_audio_only,flac_8ch_48k24_20ms/noise,64,1,0,0,8.520397333333332,9.067597333333332,11.334496666666665,1.25,measured codec bytes; modeled IPv4/UDP/security headers; largest average bitrate round for this fixture,none
shared_array,flac_8ch_48k24_20ms/noise,1,1,0,1,12.371085333333331,13.123706666666664,16.601229953462862,1.25,measured codec bytes; modeled IPv4/UDP/security headers; largest average bitrate round for this fixture,h264_nvenc_4M
shared_array,flac_8ch_48k24_20ms/noise,2,1,0,1,12.371085333333331,13.123706666666664,16.601229953462862,1.25,measured codec bytes; modeled IPv4/UDP/security headers; largest average bitrate round for this fixture,h264_nvenc_4M
shared_array,flac_8ch_48k24_20ms/noise,3,1,0,1,12.371085333333331,13.123706666666664,16.601229953462862,1.25,measured codec bytes; modeled IPv4/UDP/security headers; largest average bitrate round for this fixture,h264_nvenc_4M
shared_array,flac_8ch_48k24_20ms/noise,4,1,0,1,12.371085333333331,13.123706666666664,16.601229953462862,1.25,measured codec bytes; modeled IPv4/UDP/security headers; largest average bitrate round for this fixture,h264_nvenc_4M
shared_array,flac_8ch_48k24_20ms/noise,8,1,0,1,12.371085333333331,13.123706666666664,16.601229953462862,1.25,measured codec bytes; modeled IPv4/UDP/security headers; largest average bitrate round for this fixture,h264_nvenc_4M
shared_array,flac_8ch_48k24_20ms/noise,16,1,0,1,12.371085333333331,13.123706666666664,16.601229953462862,1.25,measured codec bytes; modeled IPv4/UDP/security headers; largest average bitrate round for this fixture,h264_nvenc_4M
shared_array,flac_8ch_48k24_20ms/noise,32,1,0,1,12.371085333333331,13.123706666666664,16.601229953462862,1.25,measured codec bytes; modeled IPv4/UDP/security headers; largest average bitrate round for this fixture,h264_nvenc_4M
shared_array,flac_8ch_48k24_20ms/noise,64,1,0,1,12.371085333333331,13.123706666666664,16.601229953462862,1.25,measured codec bytes; modeled IPv4/UDP/security headers; largest average bitrate round for this fixture,h264_nvenc_4M
independent_robots_raw_array,flac_8ch_48k24_20ms/noise,1,1,0,1,12.371085333333331,13.123706666666664,16.601229953462862,1.25,measured codec bytes; modeled IPv4/UDP/security headers; largest average bitrate round for this fixture,h264_nvenc_4M
independent_robots_raw_array,flac_8ch_48k24_20ms/noise,2,2,0,2,24.742170666666663,26.247413333333327,33.202459906925725,1.25,measured codec bytes; modeled IPv4/UDP/security headers; largest average bitrate round for this fixture,h264_nvenc_4M
independent_robots_raw_array,flac_8ch_48k24_20ms/noise,3,3,0,3,37.11325599999999,39.37111999999999,49.80368986038858,1.25,measured codec bytes; modeled IPv4/UDP/security headers; largest average bitrate round for this fixture,h264_nvenc_4M
independent_robots_raw_array,flac_8ch_48k24_20ms/noise,4,4,0,4,49.484341333333326,52.494826666666654,66.40491981385145,1.25,measured codec bytes; modeled IPv4/UDP/security headers; largest average bitrate round for this fixture,h264_nvenc_4M
independent_robots_raw_array,flac_8ch_48k24_20ms/noise,8,8,0,8,98.96868266666665,104.98965333333331,132.8098396277029,1.25,measured codec bytes; modeled IPv4/UDP/security headers; largest average bitrate round for this fixture,h264_nvenc_4M
independent_robots_raw_array,flac_8ch_48k24_20ms/noise,16,16,0,16,197.9373653333333,209.97930666666662,265.6196792554058,1.25,measured codec bytes; modeled IPv4/UDP/security headers; largest average bitrate round for this fixture,h264_nvenc_4M
independent_robots_raw_array,flac_8ch_48k24_20ms/noise,32,32,0,32,395.8747306666666,419.95861333333323,531.2393585108116,1.25,measured codec bytes; modeled IPv4/UDP/security headers; largest average bitrate round for this fixture,h264_nvenc_4M
independent_robots_raw_array,flac_8ch_48k24_20ms/noise,64,64,0,64,791.7494613333332,839.9172266666665,1062.4787170216232,1.25,measured codec bytes; modeled IPv4/UDP/security headers; largest average bitrate round for this fixture,h264_nvenc_4M
shared_array_audio_only,flac_8ch_48k24_100ms/speech_like,1,1,0,0,7.128552533333332,7.582039466666666,9.477549333333332,1.25,measured codec bytes; modeled IPv4/UDP/security headers; largest average bitrate round for this fixture,none
shared_array_audio_only,flac_8ch_48k24_100ms/speech_like,2,1,0,0,7.128552533333332,7.582039466666666,9.477549333333332,1.25,measured codec bytes; modeled IPv4/UDP/security headers; largest average bitrate round for this fixture,none
shared_array_audio_only,flac_8ch_48k24_100ms/speech_like,3,1,0,0,7.128552533333332,7.582039466666666,9.477549333333332,1.25,measured codec bytes; modeled IPv4/UDP/security headers; largest average bitrate round for this fixture,none
shared_array_audio_only,flac_8ch_48k24_100ms/speech_like,4,1,0,0,7.128552533333332,7.582039466666666,9.477549333333332,1.25,measured codec bytes; modeled IPv4/UDP/security headers; largest average bitrate round for this fixture,none
shared_array_audio_only,flac_8ch_48k24_100ms/speech_like,8,1,0,0,7.128552533333332,7.582039466666666,9.477549333333332,1.25,measured codec bytes; modeled IPv4/UDP/security headers; largest average bitrate round for this fixture,none
shared_array_audio_only,flac_8ch_48k24_100ms/speech_like,16,1,0,0,7.128552533333332,7.582039466666666,9.477549333333332,1.25,measured codec bytes; modeled IPv4/UDP/security headers; largest average bitrate round for this fixture,none
shared_array_audio_only,flac_8ch_48k24_100ms/speech_like,32,1,0,0,7.128552533333332,7.582039466666666,9.477549333333332,1.25,measured codec bytes; modeled IPv4/UDP/security headers; largest average bitrate round for this fixture,none
shared_array_audio_only,flac_8ch_48k24_100ms/speech_like,64,1,0,0,7.128552533333332,7.582039466666666,9.477549333333332,1.25,measured codec bytes; modeled IPv4/UDP/security headers; largest average bitrate round for this fixture,none
shared_array,flac_8ch_48k24_100ms/speech_like,1,1,0,1,10.979240533333332,11.6381488,14.744282620129528,1.25,measured codec bytes; modeled IPv4/UDP/security headers; largest average bitrate round for this fixture,h264_nvenc_4M
shared_array,flac_8ch_48k24_100ms/speech_like,2,1,0,1,10.979240533333332,11.6381488,14.744282620129528,1.25,measured codec bytes; modeled IPv4/UDP/security headers; largest average bitrate round for this fixture,h264_nvenc_4M
shared_array,flac_8ch_48k24_100ms/speech_like,3,1,0,1,10.979240533333332,11.6381488,14.744282620129528,1.25,measured codec bytes; modeled IPv4/UDP/security headers; largest average bitrate round for this fixture,h264_nvenc_4M
shared_array,flac_8ch_48k24_100ms/speech_like,4,1,0,1,10.979240533333332,11.6381488,14.744282620129528,1.25,measured codec bytes; modeled IPv4/UDP/security headers; largest average bitrate round for this fixture,h264_nvenc_4M
shared_array,flac_8ch_48k24_100ms/speech_like,8,1,0,1,10.979240533333332,11.6381488,14.744282620129528,1.25,measured codec bytes; modeled IPv4/UDP/security headers; largest average bitrate round for this fixture,h264_nvenc_4M
shared_array,flac_8ch_48k24_100ms/speech_like,16,1,0,1,10.979240533333332,11.6381488,14.744282620129528,1.25,measured codec bytes; modeled IPv4/UDP/security headers; largest average bitrate round for this fixture,h264_nvenc_4M
shared_array,flac_8ch_48k24_100ms/speech_like,32,1,0,1,10.979240533333332,11.6381488,14.744282620129528,1.25,measured codec bytes; modeled IPv4/UDP/security headers; largest average bitrate round for this fixture,h264_nvenc_4M
shared_array,flac_8ch_48k24_100ms/speech_like,64,1,0,1,10.979240533333332,11.6381488,14.744282620129528,1.25,measured codec bytes; modeled IPv4/UDP/security headers; largest average bitrate round for this fixture,h264_nvenc_4M
independent_robots_raw_array,flac_8ch_48k24_100ms/speech_like,1,1,0,1,10.979240533333332,11.6381488,14.744282620129528,1.25,measured codec bytes; modeled IPv4/UDP/security headers; largest average bitrate round for this fixture,h264_nvenc_4M
independent_robots_raw_array,flac_8ch_48k24_100ms/speech_like,2,2,0,2,21.958481066666664,23.2762976,29.488565240259057,1.25,measured codec bytes; modeled IPv4/UDP/security headers; largest average bitrate round for this fixture,h264_nvenc_4M
independent_robots_raw_array,flac_8ch_48k24_100ms/speech_like,3,3,0,3,32.93772159999999,34.9144464,44.23284786038859,1.25,measured codec bytes; modeled IPv4/UDP/security headers; largest average bitrate round for this fixture,h264_nvenc_4M
independent_robots_raw_array,flac_8ch_48k24_100ms/speech_like,4,4,0,4,43.91696213333333,46.5525952,58.97713048051811,1.25,measured codec bytes; modeled IPv4/UDP/security headers; largest average bitrate round for this fixture,h264_nvenc_4M
independent_robots_raw_array,flac_8ch_48k24_100ms/speech_like,8,8,0,8,87.83392426666666,93.1051904,117.95426096103623,1.25,measured codec bytes; modeled IPv4/UDP/security headers; largest average bitrate round for this fixture,h264_nvenc_4M
independent_robots_raw_array,flac_8ch_48k24_100ms/speech_like,16,16,0,16,175.6678485333333,186.2103808,235.90852192207245,1.25,measured codec bytes; modeled IPv4/UDP/security headers; largest average bitrate round for this fixture,h264_nvenc_4M
independent_robots_raw_array,flac_8ch_48k24_100ms/speech_like,32,32,0,32,351.3356970666666,372.4207616,471.8170438441449,1.25,measured codec bytes; modeled IPv4/UDP/security headers; largest average bitrate round for this fixture,h264_nvenc_4M
independent_robots_raw_array,flac_8ch_48k24_100ms/speech_like,64,64,0,64,702.6713941333333,744.8415232,943.6340876882898,1.25,measured codec bytes; modeled IPv4/UDP/security headers; largest average bitrate round for this fixture,h264_nvenc_4M
shared_array_audio_only,flac_8ch_48k24_100ms/noise,1,1,0,0,8.48548,9.0266,11.28325,1.25,measured codec bytes; modeled IPv4/UDP/security headers; largest average bitrate round for this fixture,none
shared_array_audio_only,flac_8ch_48k24_100ms/noise,2,1,0,0,8.48548,9.0266,11.28325,1.25,measured codec bytes; modeled IPv4/UDP/security headers; largest average bitrate round for this fixture,none
shared_array_audio_only,flac_8ch_48k24_100ms/noise,3,1,0,0,8.48548,9.0266,11.28325,1.25,measured codec bytes; modeled IPv4/UDP/security headers; largest average bitrate round for this fixture,none
shared_array_audio_only,flac_8ch_48k24_100ms/noise,4,1,0,0,8.48548,9.0266,11.28325,1.25,measured codec bytes; modeled IPv4/UDP/security headers; largest average bitrate round for this fixture,none
shared_array_audio_only,flac_8ch_48k24_100ms/noise,8,1,0,0,8.48548,9.0266,11.28325,1.25,measured codec bytes; modeled IPv4/UDP/security headers; largest average bitrate round for this fixture,none
shared_array_audio_only,flac_8ch_48k24_100ms/noise,16,1,0,0,8.48548,9.0266,11.28325,1.25,measured codec bytes; modeled IPv4/UDP/security headers; largest average bitrate round for this fixture,none
shared_array_audio_only,flac_8ch_48k24_100ms/noise,32,1,0,0,8.48548,9.0266,11.28325,1.25,measured codec bytes; modeled IPv4/UDP/security headers; largest average bitrate round for this fixture,none
shared_array_audio_only,flac_8ch_48k24_100ms/noise,64,1,0,0,8.48548,9.0266,11.28325,1.25,measured codec bytes; modeled IPv4/UDP/security headers; largest average bitrate round for this fixture,none
shared_array,flac_8ch_48k24_100ms/noise,1,1,0,1,12.336168,13.082709333333334,16.549983286796195,1.25,measured codec bytes; modeled IPv4/UDP/security headers; largest average bitrate round for this fixture,h264_nvenc_4M
shared_array,flac_8ch_48k24_100ms/noise,2,1,0,1,12.336168,13.082709333333334,16.549983286796195,1.25,measured codec bytes; modeled IPv4/UDP/security headers; largest average bitrate round for this fixture,h264_nvenc_4M
shared_array,flac_8ch_48k24_100ms/noise,3,1,0,1,12.336168,13.082709333333334,16.549983286796195,1.25,measured codec bytes; modeled IPv4/UDP/security headers; largest average bitrate round for this fixture,h264_nvenc_4M
shared_array,flac_8ch_48k24_100ms/noise,4,1,0,1,12.336168,13.082709333333334,16.549983286796195,1.25,measured codec bytes; modeled IPv4/UDP/security headers; largest average bitrate round for this fixture,h264_nvenc_4M
shared_array,flac_8ch_48k24_100ms/noise,8,1,0,1,12.336168,13.082709333333334,16.549983286796195,1.25,measured codec bytes; modeled IPv4/UDP/security headers; largest average bitrate round for this fixture,h264_nvenc_4M
shared_array,flac_8ch_48k24_100ms/noise,16,1,0,1,12.336168,13.082709333333334,16.549983286796195,1.25,measured codec bytes; modeled IPv4/UDP/security headers; largest average bitrate round for this fixture,h264_nvenc_4M
shared_array,flac_8ch_48k24_100ms/noise,32,1,0,1,12.336168,13.082709333333334,16.549983286796195,1.25,measured codec bytes; modeled IPv4/UDP/security headers; largest average bitrate round for this fixture,h264_nvenc_4M
shared_array,flac_8ch_48k24_100ms/noise,64,1,0,1,12.336168,13.082709333333334,16.549983286796195,1.25,measured codec bytes; modeled IPv4/UDP/security headers; largest average bitrate round for this fixture,h264_nvenc_4M
independent_robots_raw_array,flac_8ch_48k24_100ms/noise,1,1,0,1,12.336168,13.082709333333334,16.549983286796195,1.25,measured codec bytes; modeled IPv4/UDP/security headers; largest average bitrate round for this fixture,h264_nvenc_4M
independent_robots_raw_array,flac_8ch_48k24_100ms/noise,2,2,0,2,24.672336,26.165418666666667,33.09996657359239,1.25,measured codec bytes; modeled IPv4/UDP/security headers; largest average bitrate round for this fixture,h264_nvenc_4M
independent_robots_raw_array,flac_8ch_48k24_100ms/noise,3,3,0,3,37.008504,39.248127999999994,49.64994986038859,1.25,measured codec bytes; modeled IPv4/UDP/security headers; largest average bitrate round for this fixture,h264_nvenc_4M
independent_robots_raw_array,flac_8ch_48k24_100ms/noise,4,4,0,4,49.344672,52.330837333333335,66.19993314718478,1.25,measured codec bytes; modeled IPv4/UDP/security headers; largest average bitrate round for this fixture,h264_nvenc_4M
independent_robots_raw_array,flac_8ch_48k24_100ms/noise,8,8,0,8,98.689344,104.66167466666667,132.39986629436956,1.25,measured codec bytes; modeled IPv4/UDP/security headers; largest average bitrate round for this fixture,h264_nvenc_4M
independent_robots_raw_array,flac_8ch_48k24_100ms/noise,16,16,0,16,197.378688,209.32334933333334,264.7997325887391,1.25,measured codec bytes; modeled IPv4/UDP/security headers; largest average bitrate round for this fixture,h264_nvenc_4M
independent_robots_raw_array,flac_8ch_48k24_100ms/noise,32,32,0,32,394.757376,418.6466986666667,529.5994651774782,1.25,measured codec bytes; modeled IPv4/UDP/security headers; largest average bitrate round for this fixture,h264_nvenc_4M
independent_robots_raw_array,flac_8ch_48k24_100ms/noise,64,64,0,64,789.514752,837.2933973333334,1059.1989303549565,1.25,measured codec bytes; modeled IPv4/UDP/security headers; largest average bitrate round for this fixture,h264_nvenc_4M
selected_beam_local_vision,pcm_1ch_16k_16bit_20ms,1,1,1,0,0.256,0.2784,0.348,1.25,analytical PCM and RTP/UDP/IPv4/security model,none
selected_beam_local_vision,pcm_1ch_16k_16bit_20ms,2,2,1,0,0.512,0.5568,0.696,1.25,analytical PCM and RTP/UDP/IPv4/security model,none
selected_beam_local_vision,pcm_1ch_16k_16bit_20ms,3,3,1,0,0.768,0.8351999999999999,1.044,1.25,analytical PCM and RTP/UDP/IPv4/security model,none
selected_beam_local_vision,pcm_1ch_16k_16bit_20ms,4,4,1,0,1.024,1.1136,1.392,1.25,analytical PCM and RTP/UDP/IPv4/security model,none
selected_beam_local_vision,pcm_1ch_16k_16bit_20ms,8,8,1,0,2.048,2.2272,2.784,1.25,analytical PCM and RTP/UDP/IPv4/security model,none
selected_beam_local_vision,pcm_1ch_16k_16bit_20ms,16,16,1,0,4.096,4.4544,5.568,1.25,analytical PCM and RTP/UDP/IPv4/security model,none
selected_beam_local_vision,pcm_1ch_16k_16bit_20ms,32,32,1,0,8.192,8.9088,11.136,1.25,analytical PCM and RTP/UDP/IPv4/security model,none
selected_beam_local_vision,pcm_1ch_16k_16bit_20ms,64,64,1,0,16.384,17.8176,22.272,1.25,analytical PCM and RTP/UDP/IPv4/security model,none
selected_beam_shared_camera,pcm_1ch_16k_16bit_20ms,1,1,1,1,4.106687999999999,4.334509333333333,5.614733286796197,1.25,analytical PCM and RTP/UDP/IPv4/security model,h264_nvenc_4M
selected_beam_shared_camera,pcm_1ch_16k_16bit_20ms,2,2,1,1,4.3626879999999995,4.612909333333333,5.962733286796196,1.25,analytical PCM and RTP/UDP/IPv4/security model,h264_nvenc_4M
selected_beam_shared_camera,pcm_1ch_16k_16bit_20ms,3,3,1,1,4.618688,4.891309333333332,6.310733286796195,1.25,analytical PCM and RTP/UDP/IPv4/security model,h264_nvenc_4M
selected_beam_shared_camera,pcm_1ch_16k_16bit_20ms,4,4,1,1,4.874687999999999,5.169709333333333,6.6587332867961955,1.25,analytical PCM and RTP/UDP/IPv4/security model,h264_nvenc_4M
selected_beam_shared_camera,pcm_1ch_16k_16bit_20ms,8,8,1,1,5.898688,6.2833093333333325,8.050733286796195,1.25,analytical PCM and RTP/UDP/IPv4/security model,h264_nvenc_4M
selected_beam_shared_camera,pcm_1ch_16k_16bit_20ms,16,16,1,1,7.946688,8.510509333333331,10.834733286796197,1.25,analytical PCM and RTP/UDP/IPv4/security model,h264_nvenc_4M
selected_beam_shared_camera,pcm_1ch_16k_16bit_20ms,32,32,1,1,12.042688,12.964909333333331,16.402733286796195,1.25,analytical PCM and RTP/UDP/IPv4/security model,h264_nvenc_4M
selected_beam_shared_camera,pcm_1ch_16k_16bit_20ms,64,64,1,1,20.234688,21.87370933333333,27.538733286796194,1.25,analytical PCM and RTP/UDP/IPv4/security model,h264_nvenc_4M
four_candidates_shared_camera,pcm_1ch_16k_16bit_20ms,1,4,4,1,4.874687999999999,5.169709333333333,6.6587332867961955,1.25,analytical PCM and RTP/UDP/IPv4/security model,h264_nvenc_4M
four_candidates_shared_camera,pcm_1ch_16k_16bit_20ms,2,8,4,1,5.898688,6.2833093333333325,8.050733286796195,1.25,analytical PCM and RTP/UDP/IPv4/security model,h264_nvenc_4M
four_candidates_shared_camera,pcm_1ch_16k_16bit_20ms,3,12,4,1,6.922687999999999,7.3969093333333324,9.442733286796196,1.25,analytical PCM and RTP/UDP/IPv4/security model,h264_nvenc_4M
four_candidates_shared_camera,pcm_1ch_16k_16bit_20ms,4,16,4,1,7.946688,8.510509333333331,10.834733286796197,1.25,analytical PCM and RTP/UDP/IPv4/security model,h264_nvenc_4M
four_candidates_shared_camera,pcm_1ch_16k_16bit_20ms,8,32,4,1,12.042688,12.964909333333331,16.402733286796195,1.25,analytical PCM and RTP/UDP/IPv4/security model,h264_nvenc_4M
four_candidates_shared_camera,pcm_1ch_16k_16bit_20ms,16,64,4,1,20.234688,21.87370933333333,27.538733286796194,1.25,analytical PCM and RTP/UDP/IPv4/security model,h264_nvenc_4M
four_candidates_shared_camera,pcm_1ch_16k_16bit_20ms,32,128,4,1,36.618688,39.69130933333333,49.81073328679619,1.25,analytical PCM and RTP/UDP/IPv4/security model,h264_nvenc_4M
four_candidates_shared_camera,pcm_1ch_16k_16bit_20ms,64,256,4,1,69.386688,75.32650933333333,94.35473328679619,1.25,analytical PCM and RTP/UDP/IPv4/security model,h264_nvenc_4M
independent_robots,pcm_1ch_16k_16bit_20ms,1,1,1,1,4.106687999999999,4.334509333333333,5.614733286796197,1.25,analytical PCM and RTP/UDP/IPv4/security model,h264_nvenc_4M
independent_robots,pcm_1ch_16k_16bit_20ms,2,2,1,2,8.213375999999998,8.669018666666666,11.229466573592394,1.25,analytical PCM and RTP/UDP/IPv4/security model,h264_nvenc_4M
independent_robots,pcm_1ch_16k_16bit_20ms,3,3,1,3,12.320063999999999,13.003528,16.844199860388585,1.25,analytical PCM and RTP/UDP/IPv4/security model,h264_nvenc_4M
independent_robots,pcm_1ch_16k_16bit_20ms,4,4,1,4,16.426751999999997,17.338037333333332,22.458933147184787,1.25,analytical PCM and RTP/UDP/IPv4/security model,h264_nvenc_4M
independent_robots,pcm_1ch_16k_16bit_20ms,8,8,1,8,32.853503999999994,34.676074666666665,44.917866294369574,1.25,analytical PCM and RTP/UDP/IPv4/security model,h264_nvenc_4M
independent_robots,pcm_1ch_16k_16bit_20ms,16,16,1,16,65.70700799999999,69.35214933333333,89.83573258873915,1.25,analytical PCM and RTP/UDP/IPv4/security model,h264_nvenc_4M
independent_robots,pcm_1ch_16k_16bit_20ms,32,32,1,32,131.41401599999998,138.70429866666666,179.6714651774783,1.25,analytical PCM and RTP/UDP/IPv4/security model,h264_nvenc_4M
independent_robots,pcm_1ch_16k_16bit_20ms,64,64,1,64,262.82803199999995,277.4085973333333,359.3429303549566,1.25,analytical PCM and RTP/UDP/IPv4/security model,h264_nvenc_4M
shared_array_audio_only,pcm_8ch_48k_24bit_20ms,1,1,0,0,9.216,9.664,12.08,1.25,analytical PCM and RTP/UDP/IPv4/security model,none
shared_array_audio_only,pcm_8ch_48k_24bit_20ms,2,1,0,0,9.216,9.664,12.08,1.25,analytical PCM and RTP/UDP/IPv4/security model,none
shared_array_audio_only,pcm_8ch_48k_24bit_20ms,3,1,0,0,9.216,9.664,12.08,1.25,analytical PCM and RTP/UDP/IPv4/security model,none
shared_array_audio_only,pcm_8ch_48k_24bit_20ms,4,1,0,0,9.216,9.664,12.08,1.25,analytical PCM and RTP/UDP/IPv4/security model,none
shared_array_audio_only,pcm_8ch_48k_24bit_20ms,8,1,0,0,9.216,9.664,12.08,1.25,analytical PCM and RTP/UDP/IPv4/security model,none
shared_array_audio_only,pcm_8ch_48k_24bit_20ms,16,1,0,0,9.216,9.664,12.08,1.25,analytical PCM and RTP/UDP/IPv4/security model,none
shared_array_audio_only,pcm_8ch_48k_24bit_20ms,32,1,0,0,9.216,9.664,12.08,1.25,analytical PCM and RTP/UDP/IPv4/security model,none
shared_array_audio_only,pcm_8ch_48k_24bit_20ms,64,1,0,0,9.216,9.664,12.08,1.25,analytical PCM and RTP/UDP/IPv4/security model,none
shared_array,pcm_8ch_48k_24bit_20ms,1,1,0,1,13.066688,13.720109333333333,17.346733286796194,1.25,analytical PCM and RTP/UDP/IPv4/security model,h264_nvenc_4M
shared_array,pcm_8ch_48k_24bit_20ms,2,1,0,1,13.066688,13.720109333333333,17.346733286796194,1.25,analytical PCM and RTP/UDP/IPv4/security model,h264_nvenc_4M
shared_array,pcm_8ch_48k_24bit_20ms,3,1,0,1,13.066688,13.720109333333333,17.346733286796194,1.25,analytical PCM and RTP/UDP/IPv4/security model,h264_nvenc_4M
shared_array,pcm_8ch_48k_24bit_20ms,4,1,0,1,13.066688,13.720109333333333,17.346733286796194,1.25,analytical PCM and RTP/UDP/IPv4/security model,h264_nvenc_4M
shared_array,pcm_8ch_48k_24bit_20ms,8,1,0,1,13.066688,13.720109333333333,17.346733286796194,1.25,analytical PCM and RTP/UDP/IPv4/security model,h264_nvenc_4M
shared_array,pcm_8ch_48k_24bit_20ms,16,1,0,1,13.066688,13.720109333333333,17.346733286796194,1.25,analytical PCM and RTP/UDP/IPv4/security model,h264_nvenc_4M
shared_array,pcm_8ch_48k_24bit_20ms,32,1,0,1,13.066688,13.720109333333333,17.346733286796194,1.25,analytical PCM and RTP/UDP/IPv4/security model,h264_nvenc_4M
shared_array,pcm_8ch_48k_24bit_20ms,64,1,0,1,13.066688,13.720109333333333,17.346733286796194,1.25,analytical PCM and RTP/UDP/IPv4/security model,h264_nvenc_4M
independent_robots_raw_array,pcm_8ch_48k_24bit_20ms,1,1,0,1,13.066688,13.720109333333333,17.346733286796194,1.25,analytical PCM and RTP/UDP/IPv4/security model,h264_nvenc_4M
independent_robots_raw_array,pcm_8ch_48k_24bit_20ms,2,2,0,2,26.133376,27.440218666666667,34.69346657359239,1.25,analytical PCM and RTP/UDP/IPv4/security model,h264_nvenc_4M
independent_robots_raw_array,pcm_8ch_48k_24bit_20ms,3,3,0,3,39.200064,41.16032799999999,52.04019986038858,1.25,analytical PCM and RTP/UDP/IPv4/security model,h264_nvenc_4M
independent_robots_raw_array,pcm_8ch_48k_24bit_20ms,4,4,0,4,52.266752,54.88043733333333,69.38693314718478,1.25,analytical PCM and RTP/UDP/IPv4/security model,h264_nvenc_4M
independent_robots_raw_array,pcm_8ch_48k_24bit_20ms,8,8,0,8,104.533504,109.76087466666667,138.77386629436955,1.25,analytical PCM and RTP/UDP/IPv4/security model,h264_nvenc_4M
independent_robots_raw_array,pcm_8ch_48k_24bit_20ms,16,16,0,16,209.067008,219.52174933333333,277.5477325887391,1.25,analytical PCM and RTP/UDP/IPv4/security model,h264_nvenc_4M
independent_robots_raw_array,pcm_8ch_48k_24bit_20ms,32,32,0,32,418.134016,439.04349866666666,555.0954651774782,1.25,analytical PCM and RTP/UDP/IPv4/security model,h264_nvenc_4M
independent_robots_raw_array,pcm_8ch_48k_24bit_20ms,64,64,0,64,836.268032,878.0869973333333,1110.1909303549564,1.25,analytical PCM and RTP/UDP/IPv4/security model,h264_nvenc_4M
local_asr_text_only,local_asr_json,1,1,1,0,0.0048,0.00592,0.0074,1.25,synthetic UTF8 JSON; modeled masked WebSocket + TLS1.3 + IPv4/TCP; no ASR timing,none
local_asr_text_only,local_asr_json,2,2,1,0,0.0096,0.01184,0.0148,1.25,synthetic UTF8 JSON; modeled masked WebSocket + TLS1.3 + IPv4/TCP; no ASR timing,none
local_asr_text_only,local_asr_json,3,3,1,0,0.0144,0.017759999999999998,0.022199999999999998,1.25,synthetic UTF8 JSON; modeled masked WebSocket + TLS1.3 + IPv4/TCP; no ASR timing,none
local_asr_text_only,local_asr_json,4,4,1,0,0.0192,0.02368,0.0296,1.25,synthetic UTF8 JSON; modeled masked WebSocket + TLS1.3 + IPv4/TCP; no ASR timing,none
local_asr_text_only,local_asr_json,8,8,1,0,0.0384,0.04736,0.0592,1.25,synthetic UTF8 JSON; modeled masked WebSocket + TLS1.3 + IPv4/TCP; no ASR timing,none
local_asr_text_only,local_asr_json,16,16,1,0,0.0768,0.09472,0.1184,1.25,synthetic UTF8 JSON; modeled masked WebSocket + TLS1.3 + IPv4/TCP; no ASR timing,none
local_asr_text_only,local_asr_json,32,32,1,0,0.1536,0.18944,0.2368,1.25,synthetic UTF8 JSON; modeled masked WebSocket + TLS1.3 + IPv4/TCP; no ASR timing,none
local_asr_text_only,local_asr_json,64,64,1,0,0.3072,0.37888,0.4736,1.25,synthetic UTF8 JSON; modeled masked WebSocket + TLS1.3 + IPv4/TCP; no ASR timing,none
