stage,sequence,release_ns,queued_ns,start_ns,end_ns,age_ms,queue_ms,service_ms,output_samples
live,0,13722532446563,13722532669941,13722532762262,13722535810044,3.363481,0.092321,3.047782,960
live,1,13722542446563,13722542863956,13722542923412,13722543818304,1.371741,0.059456,0.894892,960
live,2,13722552446563,13722552554572,13722552602829,13722553334166,0.887603,0.048257,0.731337,960
live,3,13722562446563,13722562584041,13722562681643,13722563638647,1.192084,0.097602,0.957004,960
live,4,13722572446563,13722572584102,13722572655015,13722573612691,1.166128,0.070913,0.957676,960
live,5,13722582446563,13722582578659,13722582645635,13722583670384,1.223821,0.066976,1.024749,960
live,6,13722592446563,13722592591103,13722592672800,13722594776507,2.329944,0.081697,2.103707,960
live,7,13722602446563,13722602645853,13722602764638,13722604115343,1.66878,0.118785,1.350705,960
live,8,13722612446563,13722612610393,13722612693594,13722613917737,1.471174,0.083201,1.224143,960
live,9,13722622446563,13722622595829,13722622685238,13722624237514,1.790951,0.089409,1.552276,960
live,10,13722632446563,13722632590930,13722632672435,13722634199078,1.752515,0.081505,1.526643,960
live,11,13722642446563,13722642591342,13722642675631,13722643865950,1.419387,0.084289,1.190319,960
live,12,13722652446563,13722652596171,13722652688108,13722653938460,1.491897,0.091937,1.250352,960
live,13,13722662446563,13722662591175,13722662667848,13722663869335,1.422772,0.076673,1.201487,960
live,14,13722672446563,13722672600516,13722672700165,13722673886260,1.439697,0.099649,1.186095,960
live,15,13722682446563,13722682595969,13722682664706,13722683846736,1.400173,0.068737,1.18203,960
live,16,13722692446563,13722692576893,13722692659422,13722693390247,0.943684,0.082529,0.730825,960
live,17,13722702446563,13722702577562,13722702659067,13722703763976,1.317413,0.081505,1.104909,960
live,18,13722712446563,13722712571126,13722712640663,13722713706276,1.259713,0.069537,1.065613,960
live,19,13722722446563,13722722562963,13722722603507,13722723170714,0.724151,0.040544,0.567207,960
live,20,13722732446563,13722732571471,13722732659344,13722738555802,6.109239,0.087873,5.896458,960
live,21,13722742446563,13722742602156,13722742723150,13722745068299,2.621736,0.120994,2.345149,960
live,22,13722752446563,13722752609417,13722752706154,13722754146140,1.699577,0.096737,1.439986,960
live,23,13722762446563,13722762588645,13722762647750,13722763367247,0.920684,0.059105,0.719497,960
live,24,13722772446563,13722772586530,13722772679267,13722774506330,2.059767,0.092737,1.827063,960
live,25,13722782446563,13722782606335,13722782711680,13722784874459,2.427896,0.105345,2.162779,960
live,26,13722792446563,13722792603707,13722792688604,13722794797623,2.35106,0.084897,2.109019,960
live,27,13722802446563,13722802601304,13722802695385,13722804915541,2.468978,0.094081,2.220156,960
live,28,13722812446563,13722812597845,13722812685846,13722814793712,2.347149,0.088001,2.107866,960
live,29,13722822446563,13722822593969,13722822679058,13722824846125,2.399562,0.085089,2.167067,960
live,30,13722832446563,13722832592526,13722832677039,13722834801033,2.35447,0.084513,2.123994,960
live,31,13722842446563,13722842591722,13722842691723,13722844887815,2.441252,0.100001,2.196092,960
live,32,13722852446563,13722852596903,13722852695688,13722854854787,2.408224,0.098785,2.159099,960
live,33,13722862446563,13722862589379,13722863379405,13722865524264,3.077701,0.790026,2.144859,960
live,34,13722872446563,13722872628160,13722872728898,13722874870364,2.423801,0.100738,2.141466,960
live,35,13722882446563,13722882603229,13722882680510,13722884865721,2.419158,0.077281,2.185211,960
live,36,13722892446563,13722892598457,13722892690170,13722894827573,2.38101,0.091713,2.137403,960
live,37,13722902446563,13722902605046,13722902695799,13722904887602,2.441039,0.090753,2.191803,960
live,38,13722912446563,13722912603763,13722912695476,13722914804238,2.357675,0.091713,2.108762,960
live,39,13722922446563,13722922593583,13722922681552,13722924819403,2.37284,0.087969,2.137851,960
live,40,13722932446563,13722932595468,13722932668557,13722938982139,6.535576,0.073089,6.313582,960
live,41,13722942446563,13722942600680,13722942703018,13722945150888,2.704325,0.102338,2.44787,960
live,42,13722952446563,13722952606597,13722952709510,13722954942498,2.495935,0.102913,2.232988,960
live,43,13722962446563,13722962608226,13722962700771,13722966294544,3.847981,0.092545,3.593773,960
live,44,13722972446563,13722972608062,13722972707903,13722974074288,1.627725,0.099841,1.366385,960
live,45,13722982446563,13722982578714,13722982626395,13722983235811,0.789248,0.047681,0.609416,960
live,46,13722992446563,13722992543383,13722992580247,13722993840327,1.393764,0.036864,1.26008,960
live,47,13723002446563,13723002593780,13723002682933,13723004912081,2.465518,0.089153,2.229148,960
live,48,13723012446563,13723012601136,13723012688818,13723014828524,2.381961,0.087682,2.139706,960
live,49,13723022446563,13723022598189,13723022684686,13723024846505,2.399942,0.086497,2.161819,960
live,50,13723032446563,13723032604170,13723032689899,13723034795173,2.34861,0.085729,2.105274,960
live,51,13723042446563,13723042596550,13723042682631,13723044839746,2.393183,0.086081,2.157115,960
live,52,13723052446563,13723052717828,13723052828934,13723055188643,2.74208,0.111106,2.359709,960
live,53,13723062446563,13723062606976,13723062699553,13723064850555,2.403992,0.092577,2.151002,960
live,54,13723072446563,13723072603484,13723072694845,13723075086203,2.63964,0.091361,2.391358,960
live,55,13723082446563,13723082600281,13723082679258,13723085242810,2.796247,0.078977,2.563552,960
live,56,13723092446563,13723092593717,13723092683030,13723095284055,2.837492,0.089313,2.601025,960
live,57,13723102446563,13723102596274,13723102684787,13723105861818,3.415255,0.088513,3.177031,960
live,58,13723112446563,13723112607631,13723112713232,13723115143022,2.696459,0.105601,2.42979,960
live,59,13723122446563,13723122594347,13723122681740,13723124819143,2.37258,0.087393,2.137403,960
live,60,13723132446563,13723132595112,13723132682473,13723138924566,6.478003,0.087361,6.242093,960
live,61,13723142446563,13723142601892,13723142702789,13723144863456,2.416893,0.100897,2.160667,960
live,62,13723152446563,13723152600257,13723152696514,13723154828349,2.381786,0.096257,2.131835,960
live,63,13723162446563,13723162603293,13723162708767,13723164926938,2.480375,0.105474,2.218171,960
live,64,13723172446563,13723172597338,13723172686939,13723174799861,2.353298,0.089601,2.112922,960
live,65,13723182446563,13723182601239,13723182709816,13723184902035,2.455472,0.108577,2.192219,960
live,66,13723192446563,13723192608883,13723192697492,13723194930800,2.484237,0.088609,2.233308,960
live,67,13723202446563,13723202597392,13723202695793,13723204158179,1.711616,0.098401,1.462386,960
live,68,13723212446563,13723212609772,13723212692462,13723213567032,1.120469,0.08269,0.87457,960
live,69,13723222446563,13723222584169,13723222675370,13723223941658,1.495095,0.091201,1.266288,960
live,70,13723232446563,13723232601542,13723232694695,13723234280378,1.833815,0.093153,1.585683,960
live,71,13723242446563,13723242602786,13723242689667,13723244264759,1.818196,0.086881,1.575092,960
live,72,13723252446563,13723252597087,13723252679904,13723254206067,1.759504,0.082817,1.526163,960
live,73,13723262446563,13723262600923,13723262685692,13723263913772,1.467209,0.084769,1.22808,960
live,74,13723272446563,13723272592472,13723272680825,13723275004726,2.558163,0.088353,2.323901,960
live,75,13723282446563,13723282596500,13723282684854,13723283971366,1.524803,0.088354,1.286512,960
live,76,13723292446563,13723292791796,13723292973398,13723294881838,2.435275,0.181602,1.90844,960
live,77,13723302446563,13723302693583,13723303088276,13723304858762,2.412199,0.394693,1.770486,960
live,78,13723312446563,13723312622059,13723312722540,13723314351360,1.904797,0.100481,1.62882,960
live,79,13723322446563,13723322600871,13723322672680,13723323907095,1.460532,0.071809,1.234415,960
live,80,13723332446563,13723332592195,13723332672580,13723337991175,5.544612,0.080385,5.318595,960
live,81,13723342446563,13723342602272,13723342709185,13723343945041,1.498478,0.106913,1.235856,960
live,82,13723352446563,13723352599421,13723352998434,13723354372083,1.92552,0.399013,1.373649,960
live,83,13723362446563,13723362603801,13723362700411,13723363985867,1.539304,0.09661,1.285456,960
live,84,13723372446563,13723372597366,13723372668887,13723373908486,1.461923,0.071521,1.239599,960
live,85,13723382446563,13723382591506,13723382663827,13723383890627,1.444064,0.072321,1.2268,960
live,86,13723392446563,13723392592111,13723392673616,13723393921024,1.474461,0.081505,1.247408,960
live,87,13723402446563,13723402593708,13723402683149,13723403887964,1.441401,0.089441,1.204815,960
live,88,13723412446563,13723412603528,13723412722794,13723416252758,3.806195,0.119266,3.529964,960
live,89,13723422446563,13723422623205,13723422740551,13723423693938,1.247375,0.117346,0.953387,960
live,90,13723432446563,13723432632354,13723432721315,13723433612270,1.165707,0.088961,0.890955,960
live,91,13723442446563,13723442595038,13723442657631,13723443489577,1.043014,0.062593,0.831946,960
live,92,13723452446563,13723452599611,13723452677340,13723453828778,1.382215,0.077729,1.151438,960
live,93,13723462446563,13723462954236,13723463047165,13723464346637,1.900074,0.092929,1.299472,960
live,94,13723472446563,13723472600276,13723472683797,13723473897092,1.450529,0.083521,1.213295,960
live,95,13723482446563,13723482603376,13723482682801,13723483882112,1.435549,0.079425,1.199311,960
live,96,13723492446563,13723492594061,13723492672366,13723493856349,1.409786,0.078305,1.183983,960
live,97,13723502446563,13723502595434,13723502680651,13723503888602,1.442039,0.085217,1.207951,960
live,98,13723512446563,13723512595590,13723512664551,13723514547358,2.100795,0.068961,1.882807,960
live,99,13723522446563,13723522637123,13723523042568,13723524492666,2.046103,0.405445,1.450098,960
live,100,13723532446563,13723532605919,13723532706753,13723538077732,5.631169,0.100834,5.370979,960
live,101,13723542446563,13723542601756,13723542690589,13723543923820,1.477257,0.088833,1.233231,960
live,102,13723552446563,13723552592664,13723552678682,13723553902537,1.455974,0.086018,1.223855,960
live,103,13723562446563,13723562595797,13723562682230,13723563935686,1.489123,0.086433,1.253456,960
live,104,13723572446563,13723572606802,13723572697011,13723573955779,1.509216,0.090209,1.258768,960
live,105,13723582446563,13723582601838,13723582674511,13723583879582,1.433019,0.072673,1.205071,960
live,106,13723592446563,13723592593291,13723592664684,13723593862907,1.416344,0.071393,1.198223,960
live,107,13723602446563,13723602598792,13723602988844,13723604340381,1.893818,0.390052,1.351537,960
live,108,13723612446563,13723612648837,13723613067434,13723614573277,2.126714,0.418597,1.505843,960
live,109,13723622446563,13723622607041,13723622696546,13723623931825,1.485262,0.089505,1.235279,960
live,110,13723632446563,13723632617630,13723632719103,13723633970190,1.523627,0.101473,1.251087,960
live,111,13723642446563,13723642634042,13723642755868,13723644331792,1.885229,0.121826,1.575924,960
live,112,13723652446563,13723652599735,13723652688472,13723653975080,1.528517,0.088737,1.286608,960
live,113,13723662446563,13723662605875,13723662696948,13723663875427,1.428864,0.091073,1.178479,960
live,114,13723672446563,13723672615792,13723672715601,13723673906144,1.459581,0.099809,1.190543,960
live,115,13723682446563,13723682603724,13723682699022,13723683898524,1.451961,0.095298,1.199502,960
live,116,13723692446563,13723692597321,13723692670954,13723693861497,1.414934,0.073633,1.190543,960
live,117,13723702446563,13723702592933,13723702662054,13723703845397,1.398834,0.069121,1.183343,960
live,118,13723712446563,13723712603426,13723712989703,13723714658428,2.211865,0.386277,1.668725,960
live,119,13723722446563,13723722624223,13723722731328,13723724069681,1.623118,0.107105,1.338353,960
live,120,13723732446563,13723732604347,13723732690524,13723738361187,5.914624,0.086177,5.670663,960
live,121,13723742446563,13723742601496,13723742704633,13723744330669,1.884106,0.103137,1.626036,960
live,122,13723752446563,13723752595220,13723752688502,13723754209449,1.762886,0.093282,1.520947,960
live,123,13723762446563,13723762590065,13723762661394,13723764216901,1.770338,0.071329,1.555507,960
live,124,13723772446563,13723772616366,13723772719823,13723773995615,1.549052,0.103457,1.275792,960
live,125,13723782446563,13723782599722,13723782678795,13723784267935,1.821372,0.079073,1.58914,960
live,126,13723792446563,13723792597287,13723792668328,13723794242811,1.796248,0.071041,1.574483,960
live,127,13723802446563,13723802592195,13723802662884,13723804191127,1.744564,0.070689,1.528243,960
live,128,13723812446563,13723812586656,13723812964709,13723815327714,2.881151,0.378053,2.363005,960
live,129,13723822446563,13723822630365,13723823020674,13723824592885,2.146322,0.390309,1.572211,960
live,130,13723832446563,13723832592857,13723832683770,13723833946730,1.500167,0.090913,1.26296,960
live,131,13723842446563,13723842595062,13723842687095,13723843909574,1.463011,0.092033,1.222479,960
live,132,13723852446563,13723852594130,13723852680563,13723853957603,1.51104,0.086433,1.27704,960
live,133,13723862446563,13723862601999,13723862706480,13723864087778,1.641215,0.104481,1.381298,960
live,134,13723872446563,13723872653836,13723872775278,13723874108734,1.662171,0.121442,1.333456,960
live,135,13723882446563,13723882623049,13723882718826,13723883990170,1.543607,0.095777,1.271344,960
live,136,13723892446563,13723892601157,13723892692070,13723893944758,1.498195,0.090913,1.252688,960
live,137,13723902446563,13723902596033,13723902669538,13723903879921,1.433358,0.073505,1.210383,960
live,138,13723912446563,13723912591710,13723912673567,13723913882734,1.436171,0.081857,1.209167,960
live,139,13723922446563,13723922815709,13723922898622,13723924191086,1.744523,0.082913,1.292464,960
live,140,13723932446563,13723932597911,13723932678392,13723937905561,5.458998,0.080481,5.227169,960
live,141,13723942446563,13723942598804,13723942678581,13723943901732,1.455169,0.079777,1.223151,960
live,142,13723952446563,13723952591824,13723952677713,13723953890816,1.444253,0.085889,1.213103,960
live,143,13723962446563,13723962587629,13723962669550,13723963867805,1.421242,0.081921,1.198255,960
live,144,13723972446563,13723972589833,13723972672938,13723974426368,1.979805,0.083105,1.75343,960
live,145,13723982446563,13723982596646,13723982683143,13723983887766,1.441203,0.086497,1.204623,960
live,146,13723992446563,13723992594979,13723992663204,13723993866227,1.419664,0.068225,1.203023,960
live,147,13724002446563,13724002590623,13724002656672,13724003847727,1.401164,0.066049,1.191055,960
live,148,13724012446563,13724012591484,13724012661181,13724013849259,1.402696,0.069697,1.188078,960
live,149,13724022446563,13724022590296,13724022672441,13724024481680,2.035117,0.082145,1.809239,960
live,150,13724032446563,13724032597269,13724032679766,13724034231401,1.784838,0.082497,1.551635,960
live,151,13724042446563,13724042592370,13724042673587,13724043883202,1.436639,0.081217,1.209615,960
live,152,13724052446563,13724052640367,13724052711408,13724053896350,1.449787,0.071041,1.184942,960
live,153,13724062446563,13724062613547,13724062684460,13724063865915,1.419352,0.070913,1.181455,960
live,154,13724072446563,13724072588167,13724072676488,13724073881175,1.434612,0.088321,1.204687,960
live,155,13724082446563,13724082603812,13724082699941,13724083999286,1.552723,0.096129,1.299345,960
live,156,13724092446563,13724092600737,13724092693890,13724093947729,1.501166,0.093153,1.253839,960
live,157,13724102446563,13724102612189,13724102702879,13724103936654,1.490091,0.09069,1.233775,960
live,158,13724112446563,13724112605722,13724112692699,13724113897066,1.450503,0.086977,1.204367,960
live,159,13724122446563,13724122719416,13724122897626,13724123987688,1.541125,0.17821,1.090062,960
live,160,13724132446563,13724132642804,13724132732597,13724135376438,2.929875,0.089793,2.643841,960
live,161,13724142446563,13724142594032,13724142678321,13724143545371,1.098808,0.084289,0.86705,960
live,162,13724152446563,13724152572044,13724152633677,13724153387638,0.941075,0.061633,0.753961,960
live,163,13724162446563,13724162609865,13724162715946,13724163847480,1.400917,0.106081,1.131534,960
live,164,13724172446563,13724172568293,13724172624486,13724173368719,0.922156,0.056193,0.744233,960
live,165,13724182446563,13724182565186,13724182619618,13724183453037,1.006474,0.054432,0.833419,960
live,166,13724192446563,13724192562142,13724192619103,13724193488426,1.041863,0.056961,0.869323,960
live,167,13724202446563,13724202563611,13724202630236,13724203581383,1.13482,0.066625,0.951147,960
live,168,13724212446563,13724212589624,13724212665177,13724213787655,1.341092,0.075553,1.122478,960
live,169,13724222446563,13724222591412,13724222656181,13724223760611,1.314048,0.064769,1.10443,960
live,170,13724232446563,13724232611857,13724232703538,13724234329350,1.882787,0.091681,1.625812,960
live,171,13724242446563,13724242604622,13724242691343,13724244268386,1.821823,0.086721,1.577043,960
live,172,13724252446563,13724252601898,13724252680171,13724254232478,1.785915,0.078273,1.552307,960
live,173,13724262446563,13724262603687,13724262674312,13724264214395,1.767832,0.070625,1.540083,960
live,174,13724272446563,13724272600067,13724272672740,13724274210903,1.76434,0.072673,1.538163,960
live,175,13724282446563,13724282600928,13724282688641,13724284309557,1.862994,0.087713,1.620916,960
live,176,13724292446563,13724292598204,13724292682430,13724294213201,1.766638,0.084226,1.530771,960
live,177,13724302446563,13724302595833,13724302979422,13724304391247,1.944684,0.383589,1.411825,960
live,178,13724312446563,13724312661526,13724313074908,13724315636252,3.189689,0.413382,2.561344,960
live,179,13724322446563,13724322660211,13724323076888,13724325840955,3.394392,0.416677,2.764067,960
live,180,13724332446563,13724332644975,13724333044340,13724339674983,7.22842,0.399365,6.630643,960
live,181,13724342446563,13724342649996,13724343056913,13724345707954,3.261391,0.406917,2.651041,960
live,182,13724352446563,13724352643401,13724353040142,13724355677710,3.231147,0.396741,2.637568,960
live,183,13724362446563,13724362625029,13724363024234,13724365659051,3.212488,0.399205,2.634817,960
live,184,13724372446563,13724372595969,13724372708739,13724375122593,2.67603,0.11277,2.413854,960
live,185,13724382446563,13724382816833,13724382914562,13724385371584,2.925021,0.097729,2.457022,960
live,186,13724392446563,13724392601946,13724392691228,13724395107546,2.660983,0.089282,2.416318,960
live,187,13724402446563,13724402595895,13724402683032,13724405080278,2.633715,0.087137,2.397246,960
live,188,13724412446563,13724412596852,13724412688917,13724415076626,2.630063,0.092065,2.387709,960
live,189,13724422446563,13724422597232,13724422684369,13724425108783,2.66222,0.087137,2.424414,960
live,190,13724432446563,13724432597965,13724432686478,13724435162989,2.716426,0.088513,2.476511,960
live,191,13724442446563,13724442612682,13724442694187,13724445155593,2.70903,0.081505,2.461406,960
live,192,13724452446563,13724452601382,13724452687047,13724455092165,2.645602,0.085665,2.405118,960
live,193,13724462446563,13724462595267,13724462680292,13724464814206,2.367643,0.085025,2.133914,960
live,194,13724472446563,13724472597503,13724472699104,13724475092222,2.645659,0.101601,2.393118,960
live,195,13724482446563,13724482599196,13724482686557,13724485701378,3.254815,0.087361,3.014821,960
live,196,13724492446563,13724492603096,13724492695290,13724495115032,2.668469,0.092194,2.419742,960
live,197,13724502446563,13724502601909,13724502687734,13724505125172,2.678609,0.085825,2.437438,960
live,198,13724512446563,13724512595889,13724512683539,13724515089361,2.642798,0.08765,2.405822,960
live,199,13724522446563,13724522597262,13724522687407,13724524834698,2.388135,0.090145,2.147291,960
live,200,13724532446563,13724532606731,13724532709452,13724539569250,7.122687,0.102721,6.859798,960
live,201,13724542446563,13724542654056,13724542787338,13724544978853,2.53229,0.133282,2.191515,960
live,202,13724552446563,13724552635268,13724552743974,13724554936673,2.49011,0.108706,2.192699,960
live,203,13724562446563,13724562608033,13724562699074,13724564908765,2.462202,0.091041,2.209691,960
live,204,13724572446563,13724572598365,13724572685918,13724574792504,2.345941,0.087553,2.106586,960
live,205,13724582446563,13724582591322,13724582684571,13724584824469,2.377906,0.093249,2.139898,960
live,206,13724592446563,13724592601238,13724592698775,13724594840434,2.393871,0.097537,2.141659,960
live,207,13724602446563,13724602646739,13724602759957,13724604927696,2.481133,0.113218,2.167739,960
live,208,13724612446563,13724612607344,13724612705297,13724614822219,2.375656,0.097953,2.116922,960
live,209,13724622446563,13724622578572,13724622622124,13724623994621,1.548058,0.043552,1.372497,960
live,210,13724632446563,13724632558344,13724632599913,13724633929305,1.482742,0.041569,1.329392,960
live,211,13724642446563,13724642575141,13724642670790,13724645239238,2.792675,0.095649,2.568448,960
live,212,13724652446563,13724652611618,13724652694307,13724655273827,2.827264,0.082689,2.57952,960
live,213,13724662446563,13724662592670,13724662681695,13724665122270,2.675707,0.089025,2.440575,960
live,214,13724672446563,13724672597499,13724672690748,13724674808695,2.362132,0.093249,2.117947,960
live,215,13724682446563,13724682592823,13724682679801,13724684849460,2.402897,0.086978,2.169659,960
live,216,13724692446563,13724692600212,13724692696853,13724694848016,2.401453,0.096641,2.151163,960
live,217,13724702446563,13724702597297,13724702675250,13724704839053,2.39249,0.077953,2.163803,960
live,218,13724712446563,13724712591437,13724712681198,13724714803721,2.357158,0.089761,2.122523,960
live,219,13724722446563,13724722590250,13724722690315,13724724820006,2.373443,0.100065,2.129691,960
live,220,13724732446563,13724732590054,13724732681448,13724738843316,6.396753,0.091394,6.161868,960
live,221,13724742446563,13724742602371,13724742721989,13724744908384,2.461821,0.119618,2.186395,960
live,222,13724752446563,13724752619200,13724752721857,13724754837276,2.390713,0.102657,2.115419,960
live,223,13724762446563,13724762601532,13724762693981,13724764847768,2.401205,0.092449,2.153787,960
live,224,13724772446563,13724772601017,13724772694682,13724775097336,2.650773,0.093665,2.402654,960
live,225,13724782446563,13724782627414,13724782723447,13724784901394,2.454831,0.096033,2.177947,960
live,226,13724792446563,13724792611794,13724792711891,13724794877326,2.430763,0.100097,2.165435,960
live,227,13724802446563,13724802604527,13724802697968,13724804870155,2.423592,0.093441,2.172187,960
live,228,13724812446563,13724812653452,13724812750061,13724814886888,2.440325,0.096609,2.136827,960
live,229,13724822446563,13724822623368,13724822717289,13724824860516,2.413953,0.093921,2.143227,960
live,230,13724832446563,13724832603269,13724832694566,13724834816256,2.369693,0.091297,2.12169,960
live,231,13724842446563,13724842686338,13724842825636,13724845480037,3.033474,0.139298,2.654401,960
live,232,13724852446563,13724852604030,13724852685375,13724855240383,2.79382,0.081345,2.555008,960
live,233,13724862446563,13724862606170,13724862696379,13724865105913,2.65935,0.090209,2.409534,960
live,234,13724872446563,13724872594039,13724872680792,13724875102166,2.655603,0.086753,2.421374,960
live,235,13724882446563,13724882590963,13724882696533,13724885276245,2.829682,0.10557,2.579712,960
live,236,13724892446563,13724892589488,13724892677745,13724895439827,2.993264,0.088257,2.762082,960
live,237,13724902446563,13724902597229,13724902698510,13724905144428,2.697865,0.101281,2.445918,960
live,238,13724912446563,13724912592553,13724912678250,13724914772452,2.325889,0.085697,2.094202,960
live,239,13724922446563,13724922593382,13724922682279,13724924813953,2.36739,0.088897,2.131674,960
live,240,13724932446563,13724932591490,13724932675779,13724938755471,6.308908,0.084289,6.079692,960
live,241,13724942446563,13724942609055,13724942716224,13724945114494,2.667931,0.107169,2.39827,960
live,242,13724952446563,13724952597948,13724952688317,13724954845176,2.398613,0.090369,2.156859,960
live,243,13724962446563,13724962596536,13724962684889,13724964828244,2.381681,0.088353,2.143355,960
live,244,13724972446563,13724972596309,13724972689206,13724974784016,2.337453,0.092897,2.09481,960
live,245,13724982446563,13724982601841,13724982701779,13724984888686,2.442123,0.099938,2.186907,960
live,246,13724992446563,13724992600526,13724992698223,13724994782569,2.336006,0.097697,2.084346,960
live,247,13725002446563,13725002625483,13725002732492,13725004970408,2.523845,0.107009,2.237916,960
live,248,13725012446563,13725012614631,13725012703784,13725015237960,2.791397,0.089153,2.534176,960
live,249,13725022446563,13725022595940,13725022684325,13725025215780,2.769217,0.088385,2.531455,960
live,250,13725032446563,13725032602496,13725032692321,13725035184832,2.738269,0.089825,2.492511,960
live,251,13725042446563,13725042596125,13725042698590,13725045103836,2.657273,0.102465,2.405246,960
live,252,13725052446563,13725052600217,13725052691707,13725055128665,2.682102,0.09149,2.436958,960
live,253,13725062446563,13725062595062,13725062680375,13725064802770,2.356207,0.085313,2.122395,960
live,254,13725072446563,13725072596403,13725072673556,13725074787630,2.341067,0.077153,2.114074,960
live,255,13725082446563,13725082592015,13725082690256,13725084852651,2.406088,0.098241,2.162395,960
live,256,13725092446563,13725092593100,13725092688301,13725094810695,2.364132,0.095201,2.122394,960
live,257,13725102446563,13725102594568,13725102693898,13725105270730,2.824167,0.09933,2.576832,960
live,258,13725112446563,13725112593893,13725112696166,13725115090660,2.644097,0.102273,2.394494,960
live,259,13725122446563,13725122591777,13725122687427,13725124812477,2.365914,0.09565,2.12505,960
live,260,13725132446563,13725132591646,13725132681087,13725138750731,6.304168,0.089441,6.069644,960
live,261,13725142446563,13725142602395,13725142707196,13725144879767,2.433204,0.104801,2.172571,960
live,262,13725152446563,13725152598391,13725152694585,13725154833331,2.386768,0.096194,2.138746,960
live,263,13725162446563,13725162593716,13725162682037,13725164887344,2.440781,0.088321,2.205307,960
live,264,13725172446563,13725172594672,13725172680306,13725174791628,2.345065,0.085634,2.111322,960
live,265,13725182446563,13725182593869,13725182671726,13725184833353,2.38679,0.077857,2.161627,960
live,266,13725192446563,13725192593354,13725192680779,13725194781093,2.33453,0.087425,2.100314,960
live,267,13725202446563,13725202607494,13725202705960,13725204918499,2.471936,0.098466,2.212539,960
live,268,13725212446563,13725212602979,13725212694788,13725214820735,2.374172,0.091809,2.125947,960
live,269,13725222446563,13725222601952,13725222699137,13725224872924,2.426361,0.097185,2.173787,960
live,270,13725232446563,13725232622780,13725232717758,13725234838424,2.391861,0.094978,2.120666,960
live,271,13725242446563,13725242601049,13725242691610,13725244854517,2.407954,0.090561,2.162907,960
live,272,13725252446563,13725252596725,13725252691830,13725254852177,2.405614,0.095105,2.160347,960
live,273,13725262446563,13725262595602,13725262687347,13725264854478,2.407915,0.091745,2.167131,960
live,274,13725272446563,13725272595726,13725272689712,13725274821610,2.375047,0.093986,2.131898,960
live,275,13725282446563,13725282595467,13725282683820,13725284828615,2.382052,0.088353,2.144795,960
live,276,13725292446563,13725292594120,13725292671977,13725294788035,2.341472,0.077857,2.116058,960
live,277,13725302446563,13725302816743,13725302916936,13725305085763,2.6392,0.100193,2.168827,960
live,278,13725312446563,13725312606305,13725312702786,13725314852733,2.40617,0.096481,2.149947,960
live,279,13725322446563,13725322593885,13725322670174,13725324840633,2.39407,0.076289,2.170459,960
live,280,13725332446563,13725332592986,13725332680507,13725338736646,6.290083,0.087521,6.056139,960
live,281,13725342446563,13725342605463,13725342715192,13725344887923,2.44136,0.109729,2.172731,960
live,282,13725352446563,13725352593139,13725352697300,13725355235124,2.788561,0.104161,2.537824,960
live,283,13725362446563,13725362596592,13725362694033,13725365139503,2.69294,0.097441,2.44547,960
live,284,13725372446563,13725372596524,13725372689645,13725374810696,2.364133,0.093121,2.121051,960
live,285,13725382446563,13725382591433,13725382681130,13725384815269,2.368706,0.089697,2.134139,960
live,286,13725392446563,13725392595397,13725392682951,13725394776225,2.329662,0.087554,2.093274,960
live,287,13725402446563,13725402591106,13725402680931,13725405658344,3.211781,0.089825,2.977413,960
live,288,13725412446563,13725412602495,13725412690464,13725414829594,2.383031,0.087969,2.13913,960
live,289,13725422446563,13725422599067,13725422690684,13725424811095,2.364532,0.091617,2.120411,960
live,290,13725432446563,13725432600888,13725432691193,13725434800563,2.354,0.090305,2.10937,960
live,291,13725442446563,13725442600116,13725442708918,13725444830992,2.384429,0.108802,2.122074,960
live,292,13725452446563,13725452619281,13725452714002,13725454875245,2.428682,0.094721,2.161243,960
live,293,13725462446563,13725462603566,13725462701775,13725464887754,2.441191,0.098209,2.185979,960
live,294,13725472446563,13725472597962,13725472684907,13725475210155,2.763592,0.086945,2.525248,960
live,295,13725482446563,13725482596775,13725482674184,13725485213447,2.766884,0.077409,2.539263,960
live,296,13725492446563,13725492587107,13725492674020,13725495061858,2.615295,0.086913,2.387838,960
live,297,13725502446563,13725502592672,13725502698849,13725504832380,2.385817,0.106177,2.133531,960
live,298,13725512446563,13725512596573,13725512696062,13725515090972,2.644409,0.099489,2.39491,960
live,299,13725522446563,13725522595673,13725522684730,13725524828501,2.381938,0.089057,2.143771,960
live,300,13725532446563,13725532593046,13725532690903,13725538968517,6.521954,0.097857,6.277614,960
live,301,13725542446563,13725542601586,13725542699220,13725544865807,2.419244,0.097634,2.166587,960
live,302,13725552446563,13725552591087,13725552680176,13725555232304,2.785741,0.089089,2.552128,960
live,303,13725562446563,13725562592299,13725562698125,13725565286765,2.840202,0.105826,2.58864,960
live,304,13725572446563,13725572640617,13725572733482,13725575244201,2.797638,0.092865,2.510719,960
live,305,13725582446563,13725582616261,13725582711398,13725585151780,2.705217,0.095137,2.440382,960
live,306,13725592446563,13725592603777,13725592698435,13725594823805,2.377242,0.094658,2.12537,960
live,307,13725602446563,13725602593086,13725602696991,13725604858042,2.411479,0.103905,2.161051,960
live,308,13725612446563,13725612589338,13725612678299,13725614844566,2.398003,0.088961,2.166267,960
live,309,13725622446563,13725622587351,13725622676312,13725624833587,2.387024,0.088961,2.157275,960
live,310,13725632446563,13725632588948,13725632664180,13725634795503,2.34894,0.075232,2.131323,960
live,311,13725642446563,13725642591024,13725642680913,13725644836428,2.389865,0.089889,2.155515,960
live,312,13725652446563,13725652599341,13725652692494,13725654809416,2.362853,0.093153,2.116922,960
live,313,13725662446563,13725662598217,13725662708043,13725664906886,2.460323,0.109826,2.198843,960
live,314,13725672446563,13725672596774,13725672692519,13725674834050,2.387487,0.095745,2.141531,960
live,315,13725682446563,13725682611555,13725682708516,13725684873951,2.427388,0.096961,2.165435,960
live,316,13725692446563,13725692596639,13725692690144,13725694824219,2.377656,0.093505,2.134075,960
live,317,13725702446563,13725702596636,13725702699261,13725704851064,2.404501,0.102625,2.151803,960
live,318,13725712446563,13725712598840,13725712686777,13725714830868,2.384305,0.087937,2.144091,960
live,319,13725722446563,13725722590613,13725722689398,13725724858449,2.411886,0.098785,2.169051,960
live,320,13725732446563,13725732597265,13725732693779,13725738745022,6.298459,0.096514,6.051243,960
live,321,13725742446563,13725742597678,13725742702543,13725744903563,2.457,0.104865,2.20102,960
live,322,13725752446563,13725752601259,13725752694700,13725754828902,2.382339,0.093441,2.134202,960
live,323,13725762446563,13725762599175,13725762690408,13725764879652,2.433089,0.091233,2.189244,960
live,324,13725772446563,13725772594948,13725772682853,13725774788959,2.342396,0.087905,2.106106,960
live,325,13725782446563,13725782592096,13725782667233,13725784835132,2.388569,0.075137,2.167899,960
live,326,13725792446563,13725792589469,13725792675390,13725794807801,2.361238,0.085921,2.132411,960
live,327,13725802446563,13725802593594,13725802671835,13725804818869,2.372306,0.078241,2.147034,960
live,328,13725812446563,13725812608790,13725812776312,13725815364057,2.917494,0.167522,2.587745,960
live,329,13725822446563,13725822597267,13725822690804,13725825142163,2.6956,0.093537,2.451359,960
live,330,13725832446563,13725832594703,13725832672560,13725834779851,2.333288,0.077857,2.107291,960
live,331,13725842446563,13725842586796,13725842676973,13725844830248,2.383685,0.090177,2.153275,960
live,332,13725852446563,13725852595113,13725852683690,13725854793732,2.347169,0.088577,2.110042,960
live,333,13725862446563,13725862588197,13725862677606,13725865445129,2.998566,0.089409,2.767523,960
live,334,13725872446563,13725872594786,13725872684163,13725874821277,2.374714,0.089377,2.137114,960
live,335,13725882446563,13725882597150,13725882692032,13725885236735,2.790172,0.094882,2.544703,960
live,336,13725892446563,13725892594491,13725892701468,13725894810422,2.363859,0.106977,2.108954,960
live,337,13725902446563,13725902614040,13725902709145,13725904887380,2.440817,0.095105,2.178235,960
live,338,13725912446563,13725912597716,13725912688725,13725914810672,2.364109,0.091009,2.121947,960
live,339,13725922446563,13725922598289,13725922691762,13725924907405,2.460842,0.093473,2.215643,960
live,340,13725932446563,13725932596397,13725932684462,13725938751290,6.304727,0.088065,6.066828,960
live,341,13725942446563,13725942598474,13725942703883,13725944937511,2.490948,0.105409,2.233628,960
live,342,13725952446563,13725952591814,13725952668295,13725954849283,2.40272,0.076481,2.180988,960
live,343,13725962446563,13725962590243,13725962677604,13725964830463,2.3839,0.087361,2.152859,960
live,344,13725972446563,13725972594080,13725972701089,13725974858172,2.411609,0.107009,2.157083,960
live,345,13725982446563,13725982596412,13725982686301,13725984858232,2.411669,0.089889,2.171931,960
live,346,13725992446563,13725992593433,13725992681146,13725994810644,2.364081,0.087713,2.129498,960
live,347,13726002446563,13726002592085,13726002670230,13726004833489,2.386926,0.078145,2.163259,960
live,348,13726012446563,13726012590258,13726012701107,13726014845742,2.399179,0.110849,2.144635,960
live,349,13726022446563,13726022594703,13726022688496,13726024873259,2.426696,0.093793,2.184763,960
live,350,13726032446563,13726032591659,13726032670636,13726034795527,2.348964,0.078977,2.124891,960
live,351,13726042446563,13726042592808,13726042690185,13726044841252,2.394689,0.097377,2.151067,960
live,352,13726052446563,13726052590116,13726052680677,13726054820672,2.374109,0.090561,2.139995,960
live,353,13726062446563,13726062594081,13726062685826,13726064833149,2.386586,0.091745,2.147323,960
live,354,13726072446563,13726072597982,13726072690815,13726074875418,2.428855,0.092833,2.184603,960
live,355,13726082446563,13726082592730,13726082670875,13726084852214,2.405651,0.078145,2.181339,960
live,356,13726092446563,13726092590423,13726092686040,13726094806770,2.360207,0.095617,2.12073,960
live,357,13726102446563,13726102591283,13726102686708,13726104848303,2.40174,0.095425,2.161595,960
live,358,13726112446563,13726112599696,13726112693329,13726114863916,2.417353,0.093633,2.170587,960
live,359,13726122446563,13726122598540,13726122708590,13726124908777,2.462214,0.11005,2.200187,960
live,360,13726132446563,13726132614249,13726132709546,13726138804278,6.357715,0.095297,6.094732,960
live,361,13726142446563,13726142605862,13726142710951,13726144899170,2.452607,0.105089,2.188219,960
live,362,13726152446563,13726152600514,13726152711716,13726154857246,2.410683,0.111202,2.14553,960
live,363,13726162446563,13726162593759,13726162687872,13726164826843,2.38028,0.094113,2.138971,960
live,364,13726172446563,13726172601851,13726172700221,13726174867544,2.420981,0.09837,2.167323,960
live,365,13726182446563,13726182594808,13726182685337,13726184838708,2.392145,0.090529,2.153371,960
live,366,13726192446563,13726192593108,13726192682518,13726194807856,2.361293,0.08941,2.125338,960
live,367,13726202446563,13726202588753,13726202679986,13726204835309,2.388746,0.091233,2.155323,960
live,368,13726212446563,13726212592366,13726212680879,13726214828394,2.381831,0.088513,2.147515,960
live,369,13726222446563,13726222597418,13726222698476,13726224874983,2.42842,0.101058,2.176507,960
live,370,13726232446563,13726232590791,13726232666088,13726234812322,2.365759,0.075297,2.146234,960
live,371,13726242446563,13726242584707,13726242672900,13726244829055,2.382492,0.088193,2.156155,960
live,372,13726252446563,13726252586304,13726252689985,13726254831356,2.384793,0.103681,2.141371,960
live,373,13726262446563,13726262588189,13726262676574,13726264825752,2.379189,0.088385,2.149178,960
live,374,13726272446563,13726272689018,13726273001822,13726274758292,2.311729,0.312804,1.75647,960
live,375,13726282446563,13726282562965,13726282608566,13726283853701,1.407138,0.045601,1.245135,960
live,376,13726292446563,13726292570162,13726292646291,13726294544651,2.098088,0.076129,1.89836,960
live,377,13726302446563,13726302591727,13726302668912,13726304811723,2.36516,0.077185,2.142811,960
live,378,13726312446563,13726312585451,13726312672813,13726314772391,2.325828,0.087362,2.099578,960
live,379,13726322446563,13726322603112,13726322695753,13726325549261,3.102698,0.092641,2.853508,960
live,380,13726332446563,13726332640261,13726332738118,13726338823282,6.376719,0.097857,6.085164,960
live,381,13726342446563,13726342624418,13726342730307,13726344910046,2.463483,0.105889,2.179739,960
live,382,13726352446563,13726352617566,13726352721695,13726354905083,2.45852,0.104129,2.183388,960
live,383,13726362446563,13726362607131,13726362688124,13726364863319,2.416756,0.080993,2.175195,960
live,384,13726372446563,13726372593719,13726372683960,13726374827987,2.381424,0.090241,2.144027,960
live,385,13726382446563,13726382599668,13726382704981,13726384936721,2.490158,0.105313,2.23174,960
live,386,13726392446563,13726392599888,13726392685969,13726394824652,2.378089,0.086081,2.138683,960
live,387,13726402446563,13726402592717,13726402680110,13726404851369,2.404806,0.087393,2.171259,960
live,388,13726412446563,13726412593001,13726412677418,13726414807429,2.360866,0.084417,2.130011,960
live,389,13726422446563,13726422587398,13726422692551,13726424841538,2.394975,0.105153,2.148987,960
live,390,13726432446563,13726432598147,13726432692516,13726434862047,2.415484,0.094369,2.169531,960
live,391,13726442446563,13726442592095,13726442686976,13726444854363,2.4078,0.094881,2.167387,960
live,392,13726452446563,13726452584252,13726452665405,13726454335857,1.889294,0.081153,1.670452,960
live,393,13726462446563,13726462574168,13726462639321,13726464333902,1.887339,0.065153,1.694581,960
live,394,13726472446563,13726472577493,13726472644822,13726474326666,1.880103,0.067329,1.681844,960
live,395,13726482446563,13726482586449,13726482670546,13726484735276,2.288713,0.084097,2.06473,960
live,396,13726492446563,13726492599022,13726492686159,13726494849546,2.402983,0.087137,2.163387,960
live,397,13726502446563,13726502594155,13726502681804,13726504842183,2.39562,0.087649,2.160379,960
live,398,13726512446563,13726512593735,13726512677576,13726514792227,2.345664,0.083841,2.114651,960
live,399,13726522446563,13726522594948,13726522699845,13726524871232,2.424669,0.104897,2.171387,960
live,400,13726532446563,13726532627041,13726532736002,13726539388725,6.942162,0.108961,6.652723,960
live,401,13726542446563,13726542617757,13726542727743,13726545198621,2.752058,0.109986,2.470878,960
live,402,13726552446563,13726552616730,13726552724699,13726555150297,2.703734,0.107969,2.425598,960
live,403,13726562446563,13726562600470,13726562698455,13726564856370,2.409807,0.097985,2.157915,960
live,404,13726572446563,13726572600307,13726572699444,13726574874031,2.427468,0.099137,2.174587,960
live,405,13726582446563,13726582637456,13726582750065,13726585021550,2.574987,0.112609,2.271485,960
live,406,13726592446563,13726592613676,13726592713037,13726594863400,2.416837,0.099361,2.150363,960
live,407,13726602446563,13726602637993,13726602750730,13726604926726,2.480163,0.112737,2.175996,960
live,408,13726612446563,13726612612901,13726612712231,13726614874274,2.427711,0.09933,2.162043,960
live,409,13726622446563,13726622600034,13726622699107,13726624831230,2.384667,0.099073,2.132123,960
live,410,13726632446563,13726632621151,13726632725536,13726634890587,2.444024,0.104385,2.165051,960
live,411,13726642446563,13726642606939,13726642704476,13726645158747,2.712184,0.097537,2.454271,960
live,412,13726652446563,13726652602552,13726652695065,13726654804691,2.358128,0.092513,2.109626,960
live,413,13726662446563,13726662596244,13726662689365,13726664829456,2.382893,0.093121,2.140091,960
live,414,13726672446563,13726672603505,13726672706514,13726674817068,2.370505,0.103009,2.110554,960
live,415,13726682446563,13726682621518,13726682727663,13726684913290,2.466727,0.106145,2.185627,960
live,416,13726692446563,13726692611498,13726692715595,13726694847078,2.400515,0.104097,2.131483,960
live,417,13726702446563,13726702598982,13726702693256,13726704836642,2.390079,0.094274,2.143386,960
live,418,13726712446563,13726712600387,13726712695940,13726714808735,2.362172,0.095553,2.112795,960
live,419,13726722446563,13726722600896,13726722696289,13726724862044,2.415481,0.095393,2.165755,960
live,420,13726732446563,13726732749630,13726733279493,13726738920395,6.473832,0.529863,5.640902,960
live,421,13726742446563,13726742625145,13726742749403,13726744375983,1.92942,0.124258,1.62658,960
live,422,13726752446563,13726752610806,13726752687446,13726754232074,1.785511,0.07664,1.544628,960
live,423,13726762446563,13726762591826,13726762664755,13726764231334,1.784771,0.072929,1.566579,960
live,424,13726772446563,13726772591022,13726772664399,13726774202659,1.756096,0.073377,1.53826,960
live,425,13726782446563,13726782595179,13726782716877,13726784027645,1.581082,0.121698,1.310768,960
live,426,13726792446563,13726792606792,13726792707433,13726793967065,1.520502,0.100641,1.259632,960
live,427,13726802446563,13726802630885,13726803047242,13726805274950,2.828387,0.416357,2.227708,960
live,428,13726812446563,13726812639425,13726813043494,13726815248930,2.802367,0.404069,2.205436,960
live,429,13726822446563,13726822639646,13726823051683,13726825323103,2.87654,0.412037,2.27142,960
live,430,13726832446563,13726832594618,13726832696123,13726834825622,2.379059,0.101505,2.129499,960
live,431,13726842446563,13726842601847,13726842697304,13726844898611,2.452048,0.095457,2.201307,960
live,432,13726852446563,13726852605971,13726852698549,13726854830799,2.384236,0.092578,2.13225,960
live,433,13726862446563,13726862596432,13726862686289,13726864816235,2.369672,0.089857,2.129946,960
live,434,13726872446563,13726872594284,13726872669485,13726874794632,2.348069,0.075201,2.125147,960
live,435,13726882446563,13726882592457,13726882669514,13726884834405,2.387842,0.077057,2.164891,960
live,436,13726892446563,13726892592262,13726892682119,13726894843010,2.396447,0.089857,2.160891,960
live,437,13726902446563,13726902594114,13726902673571,13726904846750,2.400187,0.079457,2.173179,960
live,438,13726912446563,13726912596703,13726912671680,13726914787642,2.341079,0.074977,2.115962,960
live,439,13726922446563,13726922592539,13726922678588,13726924813239,2.366676,0.086049,2.134651,960
live,440,13726932446563,13726932591832,13726932679545,13726939299147,6.852584,0.087713,6.619602,960
live,441,13726942446563,13726942605621,13726942712054,13726944904849,2.458286,0.106433,2.192795,960
live,442,13726952446563,13726952603313,13726952700658,13726954837389,2.390826,0.097345,2.136731,960
live,443,13726962446563,13726962595630,13726962671855,13726964831466,2.384903,0.076225,2.159611,960
live,444,13726972446563,13726972588074,13726972675915,13726974826310,2.379747,0.087841,2.150395,960
live,445,13726982446563,13726982589991,13726982664616,13726984850755,2.404192,0.074625,2.186139,960
live,446,13726992446563,13726992596899,13726992689317,13726994844543,2.39798,0.092418,2.155226,960
live,447,13727002446563,13727002595456,13727002683585,13727004871196,2.424633,0.088129,2.187611,960
live,448,13727012446563,13727012593565,13727012689214,13727014805528,2.358965,0.095649,2.116314,960
live,449,13727022446563,13727022595481,13727022695450,13727024855989,2.409426,0.099969,2.160539,960
live,450,13727032446563,13727032599734,13727032693111,13727034816401,2.369838,0.093377,2.12329,960
live,451,13727042446563,13727042603922,13727042709268,13727044898639,2.452076,0.105346,2.189371,960
live,452,13727052446563,13727052600399,13727052695792,13727054811723,2.36516,0.095393,2.115931,960
live,453,13727062446563,13727062593835,13727062669900,13727064801543,2.35498,0.076065,2.131643,960
live,454,13727072446563,13727072587400,13727072676617,13727074767747,2.321184,0.089217,2.09113,960
live,455,13727082446563,13727082592453,13727082669030,13727084830689,2.384126,0.076577,2.161659,960
live,456,13727092446563,13727092634370,13727092737219,13727094874974,2.428411,0.102849,2.137755,960
live,457,13727102446563,13727102622494,13727102700863,13727104868954,2.422391,0.078369,2.168091,960
live,458,13727112446563,13727112595354,13727112702428,13727114817110,2.370547,0.107074,2.114682,960
live,459,13727122446563,13727122593079,13727122687000,13727124833459,2.386896,0.093921,2.146459,960
live,460,13727132446563,13727132591988,13727132679509,13727138729696,6.283133,0.087521,6.050187,960
live,461,13727142446563,13727142602960,13727142692689,13727144888333,2.44177,0.089729,2.195644,960
live,462,13727152446563,13727152598861,13727152697870,13727154812296,2.365733,0.099009,2.114426,960
live,463,13727162446563,13727162596585,13727162689099,13727164848965,2.402402,0.092514,2.159866,960
live,464,13727172446563,13727172587750,13727172676743,13727174813794,2.367231,0.088993,2.137051,960
live,465,13727182446563,13727182591810,13727182694148,13727184846879,2.400316,0.102338,2.152731,960
live,466,13727192446563,13727192591391,13727192792866,13727195162751,2.716188,0.201475,2.369885,960
live,467,13727202446563,13727202594300,13727202687037,13727204832120,2.385557,0.092737,2.145083,960
live,468,13727212446563,13727212585624,13727212659897,13727214768851,2.322288,0.074273,2.108954,960
live,469,13727222446563,13727222588021,13727222665526,13727224801456,2.354893,0.077505,2.13593,960
live,470,13727232446563,13727232588369,13727232677042,13727234794669,2.348106,0.088673,2.117627,960
live,471,13727242446563,13727242598350,13727242702319,13727245912247,3.465684,0.103969,3.209928,960
live,472,13727252446563,13727252632491,13727252740620,13727254931080,2.484517,0.108129,2.19046,960
live,473,13727262446563,13727262609895,13727262706249,13727265248872,2.802309,0.096354,2.542623,960
live,474,13727272446563,13727272605316,13727272702981,13727275089059,2.642496,0.097665,2.386078,960
live,475,13727282446563,13727282595328,13727282687009,13727284816860,2.370297,0.091681,2.129851,960
live,476,13727292446563,13727292595581,13727292682558,13727294803896,2.357333,0.086977,2.121338,960
live,477,13727302446563,13727302621498,13727302730587,13727304963095,2.516532,0.109089,2.232508,960
live,478,13727312446563,13727312612758,13727312709048,13727314835890,2.389327,0.09629,2.126842,960
live,479,13727322446563,13727322607091,13727322705812,13727324870863,2.4243,0.098721,2.165051,960
live,480,13727332446563,13727332594671,13727332684208,13727338664827,6.218264,0.089537,5.980619,960
live,481,13727342446563,13727342606380,13727342709261,13727344877640,2.431077,0.102881,2.168379,960
live,482,13727352446563,13727352613065,13727352717802,13727354912997,2.466434,0.104737,2.195195,960
live,483,13727362446563,13727362612101,13727362707494,13727364858497,2.411934,0.095393,2.151003,960
live,484,13727372446563,13727372597538,13727372704035,13727375242307,2.795744,0.106497,2.538272,960
live,485,13727382446563,13727382597406,13727382687839,13727385266687,2.820124,0.090433,2.578848,960
live,486,13727392446563,13727392597307,13727392693500,13727395093242,2.646679,0.096193,2.399742,960
live,487,13727402446563,13727402613432,13727402716441,13727404896596,2.450033,0.103009,2.180155,960
live,488,13727412446563,13727412606068,13727412701941,13727414846320,2.399757,0.095873,2.144379,960
live,489,13727422446563,13727422600625,13727422691314,13727424849709,2.403146,0.090689,2.158395,960
live,490,13727432446563,13727432593805,13727432681230,13727434803849,2.357286,0.087425,2.122619,960
live,491,13727442446563,13727442594794,13727442681899,13727444850758,2.404195,0.087105,2.168859,960
live,492,13727452446563,13727452617095,13727452720232,13727454895459,2.448896,0.103137,2.175227,960
live,493,13727462446563,13727462608163,13727462707460,13727464948896,2.502333,0.099297,2.241436,960
live,494,13727472446563,13727472612544,13727472712289,13727474830203,2.38364,0.099745,2.117914,960
live,495,13727482446563,13727482618716,13727482716638,13727484908825,2.462262,0.097922,2.192187,960
live,496,13727492446563,13727492601753,13727492694554,13727494836629,2.390066,0.092801,2.142075,960
live,497,13727502446563,13727502625462,13727502726839,13727504927314,2.480751,0.101377,2.200475,960
live,498,13727512446563,13727512605298,13727512700243,13727514809933,2.36337,0.094945,2.10969,960
live,499,13727522446563,13727522602062,13727522695760,13727524850250,2.403687,0.093698,2.15449,960
live,500,13727532446563,13727532599531,13727532691692,13727537919693,5.47313,0.092161,5.228001,960
live,501,13727542446563,13727542595432,13727542688745,13727544849892,2.403329,0.093313,2.161147,960
live,502,13727552446563,13727552614852,13727552722918,13727554886273,2.43971,0.108066,2.163355,960
live,503,13727562446563,13727562605953,13727562708962,13727564847709,2.401146,0.103009,2.138747,960
live,504,13727572446563,13727572600381,13727572696671,13727574799705,2.353142,0.09629,2.103034,960
live,505,13727582446563,13727582599962,13727582692091,13727585232315,2.785752,0.092129,2.540224,960
live,506,13727592446563,13727592591638,13727592687128,13727595076309,2.629746,0.09549,2.389181,960
live,507,13727602446563,13727602955064,13727603521535,13727605255572,2.809009,0.566471,1.734037,960
live,508,13727612446563,13727612607472,13727612697649,13727614262852,1.816289,0.090177,1.565203,960
live,509,13727622446563,13727622588620,13727622673517,13727623901372,1.454809,0.084897,1.227855,960
live,510,13727632446563,13727632586313,13727632675882,13727633880473,1.43391,0.089569,1.204591,960
live,511,13727642446563,13727642585733,13727642664806,13727643860789,1.414226,0.079073,1.195983,960
live,512,13727652446563,13727652588162,13727652659427,13727654166006,1.719443,0.071265,1.506579,960
live,513,13727662446563,13727662583838,13727662663871,13727663886255,1.439692,0.080033,1.222384,960
live,514,13727672446563,13727672585499,13727672648412,13727673843659,1.397096,0.062913,1.195247,960
live,515,13727682446563,13727682603704,13727682847387,13727684350030,1.903467,0.243683,1.502643,960
live,516,13727692446563,13727692595604,13727692691957,13727694018502,1.571939,0.096353,1.326545,960
live,517,13727702446563,13727702630897,13727702720402,13727703981378,1.534815,0.089505,1.260976,960
live,518,13727712446563,13727712598285,13727712688079,13727713942878,1.496315,0.089794,1.254799,960
live,519,13727722446563,13727722587082,13727722671915,13727723895418,1.448855,0.084833,1.223503,960
live,520,13727732446563,13727732584038,13727732665831,13727737838344,5.391781,0.081793,5.172513,960
live,521,13727742446563,13727742589155,13727742691748,13727743958420,1.511857,0.102593,1.266672,960
live,522,13727752446563,13727752589088,13727752672513,13727753890352,1.443789,0.083425,1.217839,960
live,523,13727762446563,13727762592700,13727762672637,13727763909773,1.46321,0.079937,1.237136,960
live,524,13727772446563,13727772587417,13727772660506,13727773866697,1.420134,0.073089,1.206191,960
live,525,13727782446563,13727782593174,13727782989786,13727784369356,1.922793,0.396612,1.37957,960
live,526,13727792446563,13727792663731,13727793096216,13727794550762,2.104199,0.432485,1.454546,960
live,527,13727802446563,13727802593583,13727802672016,13727803931391,1.484828,0.078433,1.259375,960
live,528,13727812446563,13727812597483,13727812685836,13727813937884,1.491321,0.088353,1.252048,960
live,529,13727822446563,13727822593704,13727822677417,13727823889080,1.442517,0.083713,1.211663,960
live,530,13727832446563,13727832589156,13727832668453,13727833877492,1.430929,0.079297,1.209039,960
live,531,13727842446563,13727842587265,13727842678786,13727843885809,1.439246,0.091521,1.207023,960
live,532,13727852446563,13727852623838,13727852710047,13727853926158,1.479595,0.086209,1.216111,960
live,533,13727862446563,13727862616922,13727862692539,13727863915083,1.46852,0.075617,1.222544,960
live,534,13727872446563,13727872604823,13727872676792,13727873877095,1.430532,0.071969,1.200303,960
live,535,13727882446563,13727882590547,13727882667956,13727883863203,1.41664,0.077409,1.195247,960
live,536,13727892446563,13727892598032,13727892976053,13727895086223,2.63966,0.378021,2.11017,960
live,537,13727902446563,13727902631405,13727903133651,13727904720839,2.274276,0.502246,1.587188,960
live,538,13727912446563,13727912599785,13727912706795,13727914143516,1.696953,0.10701,1.436721,960
live,539,13727922446563,13727922591846,13727922697255,13727923995383,1.54882,0.105409,1.298128,960
live,540,13727932446563,13727932600194,13727932688323,13727937904868,5.458305,0.088129,5.216545,960
live,541,13727942446563,13727942600415,13727942683104,13727943934032,1.487469,0.082689,1.250928,960
live,542,13727952446563,13727952588539,13727952675964,13727953904844,1.458281,0.087425,1.22888,960
live,543,13727962446563,13727962589976,13727962684473,13727963946985,1.500422,0.094497,1.262512,960
live,544,13727972446563,13727972585589,13727972666742,13727973884005,1.437442,0.081153,1.217263,960
live,545,13727982446563,13727982585265,13727982656882,13727983856449,1.409886,0.071617,1.199567,960
live,546,13727992446563,13727992588110,13727992656815,13727993864062,1.417499,0.068705,1.207247,960
live,547,13728002446563,13728002587018,13728002655595,13728003840346,1.393783,0.068577,1.184751,960
live,548,13728012446563,13728012593959,13728012679784,13728014273980,1.827417,0.085825,1.594196,960
live,549,13728022446563,13728022595140,13728022667300,13728024238200,1.791637,0.07216,1.5709,960
live,550,13728032446563,13728032588544,13728032657633,13728033848144,1.401581,0.069089,1.190511,960
live,551,13728042446563,13728042583261,13728042652285,13728043848844,1.402281,0.069024,1.196559,960
live,552,13728052446563,13728052586585,13728052655514,13728053830505,1.383942,0.068929,1.174991,960
live,553,13728062446563,13728062631062,13728062756664,13728064241162,1.794599,0.125602,1.484498,960
live,554,13728072446563,13728072592178,13728072673395,13728073873378,1.426815,0.081217,1.199983,960
live,555,13728082446563,13728082588239,13728082665744,13728083859743,1.41318,0.077505,1.193999,960
live,556,13728092446563,13728092585963,13728092654412,13728093843259,1.396696,0.068449,1.188847,960
live,557,13728102446563,13728102587016,13728102656233,13728104209148,1.762585,0.069217,1.552915,960
live,558,13728112446563,13728112587589,13728112655846,13728114652798,2.206235,0.068257,1.996952,960
live,559,13728122446563,13728122588545,13728122672514,13728124242326,1.795763,0.083969,1.569812,960
live,560,13728132446563,13728132587678,13728132677503,13728137878528,5.431965,0.089825,5.201025,960
live,561,13728142446563,13728142629499,13728142768477,13728144236975,1.790412,0.138978,1.468498,960
live,562,13728152446563,13728152613975,13728152711609,13728154000713,1.55415,0.097634,1.289104,960
live,563,13728162446563,13728162598484,13728162689237,13728163919716,1.473153,0.090753,1.230479,960
live,564,13728172446563,13728172594416,13728172694545,13728173968225,1.521662,0.100129,1.27368,960
live,565,13728182446563,13728182595501,13728182669326,13728183888253,1.44169,0.073825,1.218927,960
live,566,13728192446563,13728192592361,13728192664682,13728193884121,1.437558,0.072321,1.219439,960
live,567,13728202446563,13728202596326,13728202988459,13728204370684,1.924121,0.392133,1.382225,960
live,568,13728212446563,13728212584802,13728212660163,13728213896659,1.450096,0.075361,1.236496,960
live,569,13728222446563,13728222592479,13728222692160,13728223964336,1.517773,0.099681,1.272176,960
live,570,13728232446563,13728232592636,13728232672861,13728233903084,1.456521,0.080225,1.230223,960
live,571,13728242446563,13728242591096,13728242679257,13728243886568,1.440005,0.088161,1.207311,960
live,572,13728252446563,13728252584949,13728252672342,13728253869061,1.422498,0.087393,1.196719,960
live,573,13728262446563,13728262587185,13728262682643,13728263877953,1.43139,0.095458,1.19531,960
live,574,13728272446563,13728272589774,13728272679471,13728273936895,1.490332,0.089697,1.257424,960
live,575,13728282446563,13728282592651,13728282663883,13728283856634,1.410071,0.071232,1.192751,960
live,576,13728292446563,13728292595143,13728292665864,13728293865815,1.419252,0.070721,1.199951,960
live,577,13728302446563,13728302596068,13728302987625,13728304354202,1.907639,0.391557,1.366577,960
live,578,13728312446563,13728312668257,13728313102087,13728314544793,2.09823,0.43383,1.442706,960
live,579,13728322446563,13728322608157,13728322713246,13728323999950,1.553387,0.105089,1.286704,960
live,580,13728332446563,13728332587833,13728332671098,13728337834683,5.38812,0.083265,5.163585,960
live,581,13728342446563,13728342593302,13728342686871,13728343917895,1.471332,0.093569,1.231024,960
live,582,13728352446563,13728352591091,13728352689044,13728353979492,1.532929,0.097953,1.290448,960
live,583,13728362446563,13728362593327,13728362679056,13728363898144,1.451581,0.085729,1.219088,960
live,584,13728372446563,13728372595468,13728372690125,13728374031614,1.585051,0.094657,1.341489,960
live,585,13728382446563,13728382596008,13728382678761,13728383907225,1.460662,0.082753,1.228464,960
live,586,13728392446563,13728392592261,13728392656614,13728393865045,1.418482,0.064353,1.208431,960
live,587,13728402446563,13728402584065,13728402654946,13728403841969,1.395406,0.070881,1.187023,960
live,588,13728412446563,13728412582238,13728412661183,13728413860974,1.414411,0.078945,1.199791,960
live,589,13728422446563,13728422590331,13728422676060,13728423907307,1.460744,0.085729,1.231247,960
live,590,13728432446563,13728432591671,13728432675352,13728433873223,1.42666,0.083681,1.197871,960
live,591,13728442446563,13728442590452,13728442679125,13728443865924,1.419361,0.088673,1.186799,960
live,592,13728452446563,13728452587280,13728452678898,13728453871104,1.424541,0.091618,1.192206,960
live,593,13728462446563,13728462589581,13728462675854,13728463852029,1.405466,0.086273,1.176175,960
live,594,13728472446563,13728472593066,13728472686603,13728473929850,1.483287,0.093537,1.243247,960
live,595,13728482446563,13728482589318,13728482658471,13728483862710,1.416147,0.069153,1.204239,960
live,596,13728492446563,13728492586595,13728492652868,13728493851506,1.404943,0.066273,1.198638,960
live,597,13728502446563,13728502586047,13728502654784,13728503839951,1.393388,0.068737,1.185167,960
live,598,13728512446563,13728512595644,13728512978561,13728515100123,2.65356,0.382917,2.121562,960
live,599,13728522446563,13728522613785,13728523021374,13728524622066,2.175503,0.407589,1.600692,960
live,600,13728532446563,13728532593781,13728532668150,13728537828534,5.381971,0.074369,5.160384,960
live,601,13728542446563,13728542591826,13728542694131,13728543928066,1.481503,0.102305,1.233935,960
live,602,13728552446563,13728552624527,13728552719920,13728553536986,1.090423,0.095393,0.817066,960
live,603,13728562446563,13728562562122,13728562616523,13728563338932,0.892369,0.054401,0.722409,960
live,604,13728572446563,13728572733193,13728573079310,13728574431966,1.985403,0.346117,1.352656,960
live,605,13728582446563,13728582604964,13728582691333,13728586139152,3.692589,0.086369,3.447819,960
live,606,13728592446563,13728592592641,13728592684226,13728594003922,1.557359,0.091585,1.319696,960
live,607,13728602446563,13728602602653,13728602733279,13728604122224,1.675661,0.130626,1.388945,960
live,608,13728612446563,13728612595450,13728612682011,13728613943467,1.496904,0.086561,1.261456,960
live,609,13728622446563,13728622633655,13728622728344,13728624721009,2.274446,0.094689,1.992665,960
live,610,13728632446563,13728632618835,13728632713268,13728633949764,1.503201,0.094433,1.236496,960
live,611,13728642446563,13728642597040,13728642680913,13728643895072,1.448509,0.083873,1.214159,960
live,612,13728652446563,13728652590476,13728652686125,13728653901756,1.455193,0.095649,1.215631,960
live,613,13728662446563,13728662585993,13728662665930,13728663862008,1.415445,0.079937,1.196078,960
live,614,13728672446563,13728672586213,13728672664358,13728673860085,1.413522,0.078145,1.195727,960
live,615,13728682446563,13728682595874,13728682687203,13728683958579,1.512016,0.091329,1.271376,960
live,616,13728692446563,13728692590558,13728692658687,13728693864558,1.417995,0.068129,1.205871,960
live,617,13728702446563,13728702588155,13728702658524,13728703853835,1.407272,0.070369,1.195311,960
live,618,13728712446563,13728712585144,13728712655160,13728713859079,1.412516,0.070016,1.203919,960
live,619,13728722446563,13728722596372,13728722984409,13728724343882,1.897319,0.388037,1.359473,960
live,620,13728732446563,13728732634385,13728732743443,13728737933075,5.486512,0.109058,5.189632,960
live,621,13728742446563,13728742605165,13728742694959,13728743883837,1.437274,0.089794,1.188878,960
live,622,13728752446563,13728752580522,13728752665803,13728753884442,1.437879,0.085281,1.218639,960
live,623,13728762446563,13728762608679,13728762702920,13728763907703,1.46114,0.094241,1.204783,960
live,624,13728772446563,13728772599043,13728772709573,13728773927796,1.481233,0.11053,1.218223,960
live,625,13728782446563,13728782598592,13728782671841,13728783922704,1.476141,0.073249,1.250863,960
live,626,13728792446563,13728792589532,13728792660349,13728793871948,1.425385,0.070817,1.211599,960
live,627,13728802446563,13728802584697,13728802663770,13728803991594,1.545031,0.079073,1.327824,960
live,628,13728812446563,13728812583253,13728812665750,13728813878853,1.43229,0.082497,1.213103,960
live,629,13728822446563,13728822589586,13728822679539,13728823984067,1.537504,0.089953,1.304528,960
live,630,13728832446563,13728832607695,13728832701936,13728834003296,1.556733,0.094241,1.30136,960
live,631,13728842446563,13728842591915,13728842678636,13728843899451,1.452888,0.086721,1.220815,960
live,632,13728852446563,13728852587592,13728852667177,13728853883128,1.436565,0.079585,1.215951,960
live,633,13728862446563,13728862590372,13728862687781,13728863879284,1.432721,0.097409,1.191503,960
live,634,13728872446563,13728872587233,13728872673474,13728873855281,1.408718,0.086241,1.181807,960
live,635,13728882446563,13728882591837,13728882681663,13728883926158,1.479595,0.089826,1.244495,960
live,636,13728892446563,13728892590490,13728892687291,13728893891434,1.444871,0.096801,1.204143,960
live,637,13728902446563,13728902586647,13728902658871,13728903848198,1.401635,0.072224,1.189327,960
live,638,13728912446563,13728912590131,13728912663700,13728913839587,1.393024,0.073569,1.175887,960
live,639,13728922446563,13728922588752,13728922666225,13728923838303,1.39174,0.077473,1.172078,960
live,640,13728932446563,13728932596332,13728932988337,13728939122014,6.675451,0.392005,6.133677,960
live,641,13728942446563,13728942590313,13728942696042,13728944043387,1.596824,0.105729,1.347345,960
live,642,13728952446563,13728952588037,13728952674983,13728953926038,1.479475,0.086946,1.251055,960
live,643,13728962446563,13728962585218,13728962667651,13728963872786,1.426223,0.082433,1.205135,960
live,644,13728972446563,13728972588671,13728972669472,13728973878575,1.432012,0.080801,1.209103,960
live,645,13728982446563,13728982595355,13728982693181,13728983937644,1.491081,0.097826,1.244463,960
live,646,13728992446563,13728992590680,13728992672697,13728993882856,1.436293,0.082017,1.210159,960
live,647,13729002446563,13729002632533,13729003036314,13729004731535,2.284972,0.403781,1.695221,960
live,648,13729012446563,13729012600177,13729012695122,13729014254630,1.808067,0.094945,1.559508,960
live,649,13729022446563,13729022595438,13729022671535,13729024246210,1.799647,0.076097,1.574675,960
live,650,13729032446563,13729032626059,13729032751244,13729034465281,2.018718,0.125185,1.714037,960
live,651,13729042446563,13729042614727,13729042715976,13729044328348,1.881785,0.101249,1.612372,960
live,652,13729052446563,13729052599075,13729052697253,13729054288984,1.842421,0.098178,1.591731,960
live,653,13729062446563,13729062593248,13729062672673,13729064267765,1.821202,0.079425,1.595092,960
live,654,13729072446563,13729072591612,13729072663453,13729074195248,1.748685,0.071841,1.531795,960
live,655,13729082446563,13729082878141,13729083269473,13729084705267,2.258704,0.391332,1.435794,960
live,656,13729092446563,13729092598582,13729092687447,13729094759889,2.313326,0.088865,2.072442,960
live,657,13729102446563,13729102590034,13729102681683,13729104828366,2.381803,0.091649,2.146683,960
live,658,13729112446563,13729112591439,13729112693776,13729114828811,2.382248,0.102337,2.135035,960
live,659,13729122446563,13729122589355,13729122675692,13729124821671,2.375108,0.086337,2.145979,960
live,660,13729132446563,13729132598504,13729132686185,13729138799861,6.353298,0.087681,6.113676,960
live,661,13729142446563,13729142600005,13729142714406,13729144862017,2.415454,0.114401,2.147611,960
live,662,13729152446563,13729152595425,13729152682434,13729154789980,2.343417,0.087009,2.107546,960
live,663,13729162446563,13729162590334,13729162678911,13729164823513,2.37695,0.088577,2.144602,960
live,664,13729172446563,13729172593050,13729172677851,13729174796438,2.349875,0.084801,2.118587,960
live,665,13729182446563,13729182590583,13729182667000,13729185341753,2.89519,0.076417,2.674753,960
live,666,13729192446563,13729192592563,13729192691797,13729194867504,2.420941,0.099234,2.175707,960
live,667,13729202446563,13729202597744,13729202691537,13729204850220,2.403657,0.093793,2.158683,960
live,668,13729212446563,13729212590381,13729212666733,13729214795880,2.349317,0.076352,2.129147,960
live,669,13729222446563,13729222592617,13729222677802,13729224820549,2.373986,0.085185,2.142747,960
live,670,13729232446563,13729232594822,13729232716231,13729234814593,2.36803,0.121409,2.098362,960
live,671,13729242446563,13729242607330,13729242706212,13729244890399,2.443836,0.098882,2.184187,960
live,672,13729252446563,13729252603199,13729252691712,13729254801658,2.355095,0.088513,2.109946,960
live,673,13729262446563,13729262602620,13729262694941,13729264833143,2.38658,0.092321,2.138202,960
live,674,13729272446563,13729272604856,13729272695193,13729274800820,2.354257,0.090337,2.105627,960
live,675,13729282446563,13729282598581,13729282685270,13729284856433,2.40987,0.086689,2.171163,960
live,676,13729292446563,13729292597457,13729292700915,13729294881966,2.435403,0.103458,2.181051,960
live,677,13729302446563,13729302597422,13729302688367,13729304819978,2.373415,0.090945,2.131611,960
live,678,13729312446563,13729312588970,13729312674635,13729314773286,2.326723,0.085665,2.098651,960
live,679,13729322446563,13729322592775,13729322677768,13729324819491,2.372928,0.084993,2.141723,960
live,680,13729332446563,13729332587363,13729332673861,13729339722972,7.276409,0.086498,7.049111,960
live,681,13729342446563,13729342600576,13729342701377,13729344913949,2.467386,0.100801,2.212572,960
live,682,13729352446563,13729352592477,13729352683806,13729353982222,1.535659,0.091329,1.298416,960
live,683,13729362446563,13729362590137,13729362690490,13729363905802,1.459239,0.100353,1.215312,960
live,684,13729372446563,13729372590422,13729372678007,13729373880070,1.433507,0.087585,1.202063,960
live,685,13729382446563,13729382632083,13729382718964,13729383917571,1.471008,0.086881,1.198607,960
live,686,13729392446563,13729392621807,13729392714544,13729393956288,1.509725,0.092737,1.241744,960
live,687,13729402446563,13729402595372,13729402679757,13729403871643,1.42508,0.084385,1.191886,960
live,688,13729412446563,13729412590792,13729412680937,13729413875896,1.429333,0.090145,1.194959,960
live,689,13729422446563,13729422588133,13729422667270,13729423851540,1.404977,0.079137,1.18427,960
live,690,13729432446563,13729432584897,13729432679746,13729433899346,1.452783,0.094849,1.2196,960
live,691,13729442446563,13729442598238,13729442695391,13729443930575,1.484012,0.097153,1.235184,960
live,692,13729452446563,13729452604251,13729452681052,13729453870058,1.423495,0.076801,1.189006,960
live,693,13729462446563,13729462590007,13729462660504,13729463847655,1.401092,0.070497,1.187151,960
live,694,13729472446563,13729472590644,13729472660980,13729473839203,1.39264,0.070336,1.178223,960
live,695,13729482446563,13729482597968,13729482715538,13729483702270,1.255707,0.11757,0.986732,960
live,696,13729492446563,13729492644493,13729492732302,13729493829532,1.382969,0.087809,1.09723,960
live,697,13729502446563,13729502624522,13729502713387,13729503660599,1.214036,0.088865,0.947212,960
live,698,13729512446563,13729512618054,13729512718183,13729514021528,1.574965,0.100129,1.303345,960
live,699,13729522446563,13729522608067,13729522697828,13729523952883,1.50632,0.089761,1.255055,960
live,700,13729532446563,13729532604735,13729532694720,13729537980898,5.534335,0.089985,5.286178,960
live,701,13729542446563,13729542672829,13729542785886,13729544547668,2.101105,0.113057,1.761782,960
live,702,13729552446563,13729552624121,13729552720186,13729554272877,1.826314,0.096065,1.552691,960
live,703,13729562446563,13729562602037,13729562671510,13729564238281,1.791718,0.069473,1.566771,960
live,704,13729572446563,13729572594641,13729572677618,13729574211910,1.765347,0.082977,1.534292,960
live,705,13729582446563,13729582594030,13729582665743,13729584228386,1.781823,0.071713,1.562643,960
live,706,13729592446563,13729592592555,13729592683244,13729594704773,2.25821,0.090689,2.021529,960
live,707,13729602446563,13729602595463,13729602680520,13729604285404,1.838841,0.085057,1.604884,960
live,708,13729612446563,13729612592164,13729612660389,13729614194776,1.748213,0.068225,1.534387,960
live,709,13729622446563,13729622594048,13729622678881,13729624242805,1.796242,0.084833,1.563924,960
live,710,13729632446563,13729632587101,13729632672542,13729634190929,1.744366,0.085441,1.518387,960
live,711,13729642446563,13729642594361,13729642679355,13729643867657,1.421094,0.084994,1.188302,960
live,712,13729652446563,13729652607126,13729652696023,13729654246539,1.799976,0.088897,1.550516,960
live,713,13729662446563,13729662608019,13729662681044,13729664242823,1.79626,0.073025,1.561779,960
live,714,13729672446563,13729672588911,13729672662128,13729674165123,1.71856,0.073217,1.502995,960
live,715,13729682446563,13729682589580,13729682658349,13729684247872,1.801309,0.068769,1.589523,960
live,716,13729692446563,13729692585192,13729692665033,13729694177468,1.730905,0.079841,1.512435,960
live,717,13729702446563,13729702635621,13729702744167,13729703982966,1.536403,0.108546,1.238799,960
live,718,13729712446563,13729712639554,13729712744323,13729714283287,1.836724,0.104769,1.538964,960
live,719,13729722446563,13729722649279,13729722776672,13729724152017,1.705454,0.127393,1.375345,960
live,720,13729732446563,13729732628987,13729732719612,13729737973022,5.526459,0.090625,5.25341,960
live,721,13729742446563,13729742612759,13729742708633,13729743950184,1.503621,0.095874,1.241551,960
live,722,13729752446563,13729752608308,13729752715701,13729754384394,1.937831,0.107393,1.668693,960
live,723,13729762446563,13729762614577,13729762706066,13729764269637,1.823074,0.091489,1.563571,960
live,724,13729772446563,13729772597933,13729772683662,13729773904893,1.45833,0.085729,1.221231,960
live,725,13729782446563,13729782595658,13729782666026,13729783863417,1.416854,0.070368,1.197391,960
live,726,13729792446563,13729792589766,13729792658695,13729793851062,1.404499,0.068929,1.192367,960
live,727,13729802446563,13729802597667,13729802697252,13729803989172,1.542609,0.099585,1.29192,960
live,728,13729812446563,13729812599039,13729812684576,13729813891567,1.445004,0.085537,1.206991,960
live,729,13729822446563,13729822584380,13729822669405,13729823870604,1.424041,0.085025,1.201199,960
live,730,13729832446563,13729832595032,13729832665497,13729833857480,1.410917,0.070465,1.191983,960
live,731,13729842446563,13729842591829,13729842665526,13729843864709,1.418146,0.073697,1.199183,960
live,732,13729852446563,13729852600882,13729852693235,13729854305511,1.858948,0.092353,1.612276,960
live,733,13729862446563,13729862605678,13729862694415,13729864258275,1.811712,0.088737,1.56386,960
live,734,13729872446563,13729872598699,13729872674412,13729874216383,1.76982,0.075713,1.541971,960
live,735,13729882446563,13729882601575,13729882675496,13729884233276,1.786713,0.073921,1.55778,960
live,736,13729892446563,13729892592804,13729892664645,13729894178040,1.731477,0.071841,1.513395,960
live,737,13729902446563,13729902601505,13729902695490,13729904352278,1.905715,0.093985,1.656788,960
live,738,13729912446563,13729912595069,13729912671422,13729914199825,1.753262,0.076353,1.528403,960
live,739,13729922446563,13729922592570,13729922680539,13729923894986,1.448423,0.087969,1.214447,960
live,740,13729932446563,13729932666071,13729933057404,13729938403679,5.957116,0.391333,5.346275,960
live,741,13729942446563,13729942695028,13729943116409,13729945328149,2.881586,0.421381,2.21174,960
live,742,13729952446563,13729952911635,13729953319448,13729955622485,3.175922,0.407813,2.303037,960
live,743,13729962446563,13729962645421,13729963053458,13729965306094,2.859531,0.408037,2.252636,960
live,744,13729972446563,13729972642185,13729973045358,13729975273066,2.826503,0.403173,2.227708,960
live,745,13729982446563,13729982598469,13729982693350,13729984848545,2.401982,0.094881,2.155195,960
live,746,13729992446563,13729992594978,13729992679267,13729994784413,2.33785,0.084289,2.105146,960
live,747,13730002446563,13730002590910,13730002663807,13730004604087,2.157524,0.072897,1.94028,960
live,748,13730012446563,13730012590715,13730012674780,13730013923403,1.47684,0.084065,1.248623,960
live,749,13730022446563,13730022596567,13730022678776,13730023889160,1.442597,0.082209,1.210384,960
live,750,13730032446563,13730032590548,13730032670293,13730033875396,1.428833,0.079745,1.205103,960
live,751,13730042446563,13730042586800,13730042667761,13730043867296,1.420733,0.080961,1.199535,960
live,752,13730052446563,13730052590765,13730052687022,13730053882397,1.435834,0.096257,1.195375,960
live,753,13730062446563,13730062592618,13730062682731,13730063917370,1.470807,0.090113,1.234639,960
live,754,13730072446563,13730072590630,13730072669191,13730073868214,1.421651,0.078561,1.199023,960
live,755,13730082446563,13730082591171,13730082676580,13730084234167,1.787604,0.085409,1.557587,960
live,756,13730092446563,13730092591935,13730092674016,13730094176243,1.72968,0.082081,1.502227,960
live,757,13730102446563,13730102587580,13730102672381,13730103862892,1.416329,0.084801,1.190511,960
live,758,13730112446563,13730112593113,13730112684122,13730113904681,1.458118,0.091009,1.220559,960
live,759,13730122446563,13730122589717,13730122658774,13730123845861,1.399298,0.069057,1.187087,960
live,760,13730132446563,13730132577298,13730132666003,13730137280172,4.833609,0.088705,4.614169,960
live,761,13730142446563,13730142688303,13730142817265,13730144241091,1.794528,0.128962,1.423826,960
live,762,13730152446563,13730152624747,13730152709932,13730153951772,1.505209,0.085185,1.24184,960
live,763,13730162446563,13730162584871,13730162658248,13730163938840,1.492277,0.073377,1.280592,960
live,764,13730172446563,13730172580068,13730172665861,13730173898932,1.452369,0.085793,1.233071,960
live,765,13730182446563,13730182590593,13730182683970,13730183997778,1.551215,0.093377,1.313808,960
live,766,13730192446563,13730192600349,13730192688766,13730194129040,1.682477,0.088417,1.440274,960
live,767,13730202446563,13730202627802,13730202719995,13730203944747,1.498184,0.092193,1.224752,960
live,768,13730212446563,13730212605238,13730212701464,13730213939975,1.493412,0.096226,1.238511,960
live,769,13730222446563,13730222599955,13730222686452,13730223879875,1.433312,0.086497,1.193423,960
live,770,13730232446563,13730232589391,13730232672816,13730234196195,1.749632,0.083425,1.523379,960
live,771,13730242446563,13730242582284,13730242677773,13730244214400,1.767837,0.095489,1.536627,960
live,772,13730252446563,13730252583272,13730252667370,13730254185500,1.738937,0.084098,1.51813,960
live,773,13730262446563,13730262592645,13730262679334,13730263918614,1.472051,0.086689,1.23928,960
live,774,13730272446563,13730272587362,13730272659971,13730273854449,1.407886,0.072609,1.194478,960
live,775,13730282446563,13730282593982,13730282978563,13730284346548,1.899985,0.384581,1.367985,960
live,776,13730292446563,13730292642588,13730293056417,13730294504435,2.057872,0.413829,1.448018,960
live,777,13730302446563,13730302583895,13730302670936,13730304253100,1.806537,0.087041,1.582164,960
live,778,13730312446563,13730312594932,13730312686293,13730314301449,1.854886,0.091361,1.615156,960
live,779,13730322446563,13730322591089,13730322669618,13730323898209,1.451646,0.078529,1.228591,960
live,780,13730332446563,13730332588941,13730332663918,13730337824462,5.377899,0.074977,5.160544,960
live,781,13730342446563,13730342593770,13730342688651,13730343916026,1.469463,0.094881,1.227375,960
live,782,13730352446563,13730352589318,13730352667431,13730353862934,1.416371,0.078113,1.195503,960
live,783,13730362446563,13730362591139,13730362692068,13730363943700,1.497137,0.100929,1.251632,960
live,784,13730372446563,13730372594304,13730372665728,13730373878448,1.431885,0.071424,1.21272,960
live,785,13730382446563,13730382586332,13730382665693,13730383860652,1.414089,0.079361,1.194959,960
live,786,13730392446563,13730392593913,13730392975837,13730395581630,3.135067,0.381924,2.605793,960
live,787,13730402446563,13730402601429,13730402745527,13730404367083,1.92052,0.144098,1.621556,960
live,788,13730412446563,13730412600978,13730412704531,13730414125893,1.67933,0.103553,1.421362,960
live,789,13730422446563,13730422631215,13730422736880,13730424049569,1.603006,0.105665,1.312689,960
live,790,13730432446563,13730432608907,13730432694252,13730433936860,1.490297,0.085345,1.242608,960
live,791,13730442446563,13730442594760,13730442680745,13730443896184,1.449621,0.085985,1.215439,960
live,792,13730452446563,13730452593508,13730452680613,13730453895860,1.449297,0.087105,1.215247,960
live,793,13730462446563,13730462668354,13730462754787,13730464120116,1.673553,0.086433,1.365329,960
live,794,13730472446563,13730472605117,13730472688958,13730474223474,1.776911,0.083841,1.534516,960
live,795,13730482446563,13730482595322,13730482664955,13730483875690,1.429127,0.069633,1.210735,960
live,796,13730492446563,13730492591094,13730492973691,13730495328024,2.881461,0.382597,2.354333,960
live,797,13730502446563,13730502631219,13730503026456,13730504519691,2.073128,0.395237,1.493235,960
live,798,13730512446563,13730512590000,13730512675121,13730514465639,2.019076,0.085121,1.790518,960
live,799,13730522446563,13730522595980,13730522682797,13730523932189,1.485626,0.086817,1.249392,960
live,800,13730532446563,13730532593449,13730532690506,13730538199471,5.752908,0.097057,5.508965,960
live,801,13730542446563,13730542604421,13730542705703,13730544305371,1.858808,0.101282,1.599668,960
live,802,13730552446563,13730552597762,13730552677987,13730554195158,1.748595,0.080225,1.517171,960
live,803,13730562446563,13730562588478,13730562674079,13730563883951,1.437388,0.085601,1.209872,960
live,804,13730572446563,13730572593979,13730572678812,13730573918924,1.472361,0.084833,1.240112,960
live,805,13730582446563,13730582598360,13730582669241,13730583889992,1.443429,0.070881,1.220751,960
live,806,13730592446563,13730592600308,13730592984505,13730594333162,1.886599,0.384197,1.348657,960
live,807,13730602446563,13730602684818,13730603109175,13730604563049,2.116486,0.424357,1.453874,960
live,808,13730612446563,13730612605485,13730612698223,13730613940542,1.493979,0.092738,1.242319,960
live,809,13730622446563,13730622605098,13730622706091,13730624084156,1.637593,0.100993,1.378065,960
live,810,13730632446563,13730632605415,13730632695304,13730633936823,1.49026,0.089889,1.241519,960
live,811,13730642446563,13730642598755,13730642694788,13730644024597,1.578034,0.096033,1.329809,960
live,812,13730652446563,13730652616384,13730652710209,13730653924304,1.477741,0.093825,1.214095,960
live,813,13730662446563,13730662601564,13730662686941,13730663886668,1.440105,0.085377,1.199727,960
live,814,13730672446563,13730672599481,13730672695386,13730673943818,1.497255,0.095905,1.248432,960
live,815,13730682446563,13730682594773,13730682667862,13730683866501,1.419938,0.073089,1.198639,960
live,816,13730692446563,13730692588146,13730692669747,13730693871490,1.424927,0.081601,1.201743,960
live,817,13730702446563,13730702603279,13730703002100,13730704384037,1.937474,0.398821,1.381937,960
live,818,13730712446563,13730712589131,13730712687532,13730713937500,1.490937,0.098401,1.249968,960
live,819,13730722446563,13730722595848,13730722692297,13730723951545,1.504982,0.096449,1.259248,960
live,820,13730732446563,13730732596548,13730732678693,13730737829605,5.383042,0.082145,5.150912,960
live,821,13730742446563,13730742595361,13730742695394,13730743916625,1.470062,0.100033,1.221231,960
live,822,13730752446563,13730752595037,13730752677438,13730753888974,1.442411,0.082401,1.211536,960
live,823,13730762446563,13730762597466,13730762680411,13730763873770,1.427207,0.082945,1.193359,960
live,824,13730772446563,13730772593911,13730772681784,13730773953895,1.507332,0.087873,1.272111,960
live,825,13730782446563,13730782588979,13730782661268,13730783870819,1.424256,0.072289,1.209551,960
live,826,13730792446563,13730792705905,13730792873299,13730794388294,1.941731,0.167394,1.514995,960
live,827,13730802446563,13730802630765,13730802739278,13730804103199,1.656636,0.108513,1.363921,960
live,828,13730812446563,13730812605385,13730812694090,13730813923225,1.476662,0.088705,1.229135,960
live,829,13730822446563,13730822600805,13730822701639,13730823964438,1.517875,0.100834,1.262799,960
live,830,13730832446563,13730832602146,13730832682595,13730833894738,1.448175,0.080449,1.212143,960
live,831,13730842446563,13730842595743,13730842681568,13730843876015,1.429452,0.085825,1.194447,960
live,832,13730852446563,13730852598619,13730852685244,13730853964780,1.518217,0.086625,1.279536,960
live,833,13730862446563,13730862594392,13730862686521,13730864040522,1.593959,0.092129,1.354001,960
live,834,13730872446563,13730872623509,13730872722838,13730874018726,1.572163,0.099329,1.295888,960
live,835,13730882446563,13730882607089,13730882690130,13730883910017,1.463454,0.083041,1.219887,960
live,836,13730892446563,13730892596141,13730892669902,13730893860669,1.414106,0.073761,1.190767,960
live,837,13730902446563,13730902647211,13730902732972,13730903918747,1.472184,0.085761,1.185775,960
live,838,13730912446563,13730912618023,13730912704040,13730913910199,1.463636,0.086017,1.206159,960
live,839,13730922446563,13730922763429,13730922908583,13730924533659,2.087096,0.145154,1.625076,960
live,840,13730932446563,13730932600640,13730932689249,13730938212230,5.765667,0.088609,5.522981,960
live,841,13730942446563,13730942598556,13730942697086,13730944271825,1.825262,0.09853,1.574739,960
live,842,13730952446563,13730952590265,13730952671642,13730954198317,1.751754,0.081377,1.526675,960
live,843,13730962446563,13730962591285,13730962669590,13730963865061,1.418498,0.078305,1.195471,960
live,844,13730972446563,13730972589650,13730972659283,13730974939343,2.49278,0.069633,2.28006,960
live,845,13730982446563,13730982604623,13730982693296,13730984268931,1.822368,0.088673,1.575635,960
live,846,13730992446563,13730992596107,13730992669292,13730994192447,1.745884,0.073185,1.523155,960
live,847,13731002446563,13731002591240,13731002663241,13731004226908,1.780345,0.072001,1.563667,960
live,848,13731012446563,13731012599300,13731012973065,13731015094371,2.647808,0.373765,2.121306,960
live,849,13731022446563,13731022667010,13731023078055,13731024614042,2.167479,0.411045,1.535987,960
live,850,13731032446563,13731032602174,13731032695199,13731033972751,1.526188,0.093025,1.277552,960
live,851,13731042446563,13731042594330,13731042675355,13731043906154,1.459591,0.081025,1.230799,960
live,852,13731052446563,13731052586327,13731052665336,13731053872807,1.426244,0.079009,1.207471,960
live,853,13731062446563,13731062590899,13731062672788,13731063871619,1.425056,0.081889,1.198831,960
live,854,13731072446563,13731072594672,13731072670897,13731073941921,1.495358,0.076225,1.271024,960
live,855,13731082446563,13731082604108,13731082694510,13731083974142,1.527579,0.090402,1.279632,960
live,856,13731092446563,13731092600521,13731092675914,13731093986810,1.540247,0.075393,1.310896,960
live,857,13731102446563,13731102607622,13731102699399,13731103929046,1.482483,0.091777,1.229647,960
live,858,13731112446563,13731112601794,13731112691139,13731113913875,1.467312,0.089345,1.222736,960
live,859,13731122446563,13731122598111,13731122680224,13731123873039,1.426476,0.082113,1.192815,960
live,860,13731132446563,13731132598267,13731132682716,13731137895581,5.449018,0.084449,5.212865,960
live,861,13731142446563,13731142601848,13731142684985,13731143857256,1.410693,0.083137,1.172271,960
live,862,13731152446563,13731152574292,13731152639861,13731153811332,1.364769,0.065569,1.171471,960
live,863,13731162446563,13731162571633,13731162644754,13731163830368,1.383805,0.073121,1.185614,960
live,864,13731172446563,13731172576333,13731172662894,13731173857309,1.410746,0.086561,1.194415,960
live,865,13731182446563,13731182599530,13731182692043,13731183948667,1.502104,0.092513,1.256624,960
live,866,13731192446563,13731192592711,13731192663015,13731193861526,1.414963,0.070304,1.198511,960
live,867,13731202446563,13731202592835,13731202664484,13731203859603,1.41304,0.071649,1.195119,960
live,868,13731212446563,13731212588896,13731212659041,13731213837071,1.390508,0.070145,1.17803,960
live,869,13731222446563,13731222602300,13731222995553,13731224357746,1.911183,0.393253,1.362193,960
live,870,13731232446563,13731232594425,13731232688730,13731233991306,1.544743,0.094305,1.302576,960
live,871,13731242446563,13731242599414,13731242678071,13731243901126,1.454563,0.078657,1.223055,960
live,872,13731252446563,13731252589714,13731252672499,13731253882402,1.435839,0.082785,1.209903,960
live,873,13731262446563,13731262595727,13731262679824,13731263875871,1.429308,0.084097,1.196047,960
live,874,13731272446563,13731272590507,13731272676076,13731273873723,1.42716,0.085569,1.197647,960
live,875,13731282446563,13731282598696,13731282685257,13731283926584,1.480021,0.086561,1.241327,960
live,876,13731292446563,13731292594884,13731292667205,13731293870036,1.423473,0.072321,1.202831,960
live,877,13731302446563,13731302590689,13731302676610,13731303993010,1.546447,0.085921,1.3164,960
live,878,13731312446563,13731312595998,13731312680703,13731313946222,1.499659,0.084705,1.265519,960
live,879,13731322446563,13731322591386,13731322678011,13731324092077,1.645514,0.086625,1.414066,960
live,880,13731332446563,13731332616919,13731332708472,13731337906937,5.460374,0.091553,5.198465,960
live,881,13731342446563,13731342607827,13731342703509,13731343942948,1.496385,0.095682,1.239439,960
live,882,13731352446563,13731352594928,13731352678737,13731353882464,1.435901,0.083809,1.203727,960
live,883,13731362446563,13731362592172,13731362676333,13731363884316,1.437753,0.084161,1.207983,960
live,884,13731372446563,13731372591433,13731372670250,13731373859353,1.41279,0.078817,1.189103,960
live,885,13731382446563,13731382600454,13731382687495,13731383937814,1.491251,0.087041,1.250319,960
live,886,13731392446563,13731392596770,13731392676227,13731393880210,1.433647,0.079457,1.203983,960
live,887,13731402446563,13731402591391,13731402660159,13731403850510,1.403947,0.068768,1.190351,960
live,888,13731412446563,13731412594395,13731412665340,13731413856011,1.409448,0.070945,1.190671,960
live,889,13731422446563,13731422591352,13731422662809,13731423833799,1.387236,0.071457,1.17099,960
live,890,13731432446563,13731432739734,13731433210236,13731435641018,3.194455,0.470502,2.430782,960
live,891,13731442446563,13731442631217,13731443021462,13731444536425,2.089862,0.390245,1.514963,960
live,892,13731452446563,13731452590029,13731452674671,13731454251234,1.804671,0.084642,1.576563,960
live,893,13731462446563,13731462592138,13731462677771,13731464245983,1.79942,0.085633,1.568212,960
live,894,13731472446563,13731472590311,13731472670728,13731473883863,1.4373,0.080417,1.213135,960
live,895,13731482446563,13731482596483,13731482684964,13731483878259,1.431696,0.088481,1.193295,960
live,896,13731492446563,13731492597248,13731492687361,13731493933168,1.486605,0.090113,1.245807,960
live,897,13731502446563,13731502595004,13731502665053,13731503880780,1.434217,0.070049,1.215727,960
live,898,13731512446563,13731512590777,13731512661370,13731513867977,1.421414,0.070593,1.206607,960
live,899,13731522446563,13731522597782,13731522670774,13731523864581,1.418018,0.072992,1.193807,960
live,900,13731532446563,13731532592242,13731532696563,13731538843520,6.396957,0.104321,6.146957,960
live,901,13731542446563,13731542647695,13731543074133,13731545299888,2.853325,0.426438,2.225755,960
live,902,13731552446563,13731552661548,13731553079505,13731555300269,2.853706,0.417957,2.220764,960
live,903,13731562446563,13731562664969,13731563079726,13731565316010,2.869447,0.414757,2.236284,960
live,904,13731572446563,13731572655269,13731573071562,13731575282470,2.835907,0.416293,2.210908,960
live,905,13731582446563,13731582648482,13731583056743,13731585316291,2.869728,0.408261,2.259548,960
live,906,13731592446563,13731592617182,13731593016131,13731595308031,2.861468,0.398949,2.2919,960
live,907,13731602446563,13731602642267,13731603060384,13731605305084,2.858521,0.418117,2.2447,960
live,908,13731612446563,13731612636183,13731613036540,13731615280600,2.834037,0.400357,2.24406,960
live,909,13731622446563,13731622590067,13731622682228,13731624834191,2.387628,0.092161,2.151963,960
live,910,13731632446563,13731632594096,13731632669969,13731634779435,2.332872,0.075873,2.109466,960
live,911,13731642446563,13731642599436,13731642704526,13731644918601,2.472038,0.10509,2.214075,960
live,912,13731652446563,13731652597705,13731652693642,13731654788644,2.342081,0.095937,2.095002,960
live,913,13731662446563,13731662637350,13731662748423,13731664916770,2.470207,0.111073,2.168347,960
live,914,13731672446563,13731672619266,13731672711972,13731674792670,2.346107,0.092706,2.080698,960
live,915,13731682446563,13731682596351,13731682686496,13731684851547,2.404984,0.090145,2.165051,960
live,916,13731692446563,13731692597723,13731692704317,13731694872920,2.426357,0.106594,2.168603,960
live,917,13731702446563,13731702590872,13731702681977,13731704839028,2.392465,0.091105,2.157051,960
live,918,13731712446563,13731712596756,13731712686614,13731714810384,2.363821,0.089858,2.12377,960
live,919,13731722446563,13731722593937,13731722686674,13731724812365,2.365802,0.092737,2.125691,960
live,920,13731732446563,13731732591854,13731732678991,13731738737466,6.290903,0.087137,6.058475,960
live,921,13731742446563,13731742603786,13731742714092,13731744888167,2.441604,0.110306,2.174075,960
live,922,13731752446563,13731752598055,13731752687944,13731754787042,2.340479,0.089889,2.099098,960
live,923,13731762446563,13731762592483,13731762691300,13731764833855,2.387292,0.098817,2.142555,960
live,924,13731772446563,13731772608928,13731772705345,13731774841628,2.395065,0.096417,2.136283,960
live,925,13731782446563,13731782601341,13731782690526,13731784837688,2.391125,0.089185,2.147162,960
live,926,13731792446563,13731792600633,13731792701658,13731794852821,2.406258,0.101025,2.151163,960
live,927,13731802446563,13731802600534,13731802694839,13731804858738,2.412175,0.094305,2.163899,960
live,928,13731812446563,13731812593394,13731812685363,13731814786317,2.339754,0.091969,2.100954,960
live,929,13731822446563,13731822596783,13731822686160,13731824829227,2.382664,0.089377,2.143067,960
live,930,13731832446563,13731832591275,13731832676812,13731834834183,2.38762,0.085537,2.157371,960
live,931,13731842446563,13731842599912,13731842690953,13731844870596,2.424033,0.091041,2.179643,960
live,932,13731852446563,13731852595428,13731852690150,13731854793056,2.346493,0.094722,2.102906,960
live,933,13731862446563,13731862589985,13731862679074,13731864821085,2.374522,0.089089,2.142011,960
live,934,13731872446563,13731872594558,13731872674047,13731874762681,2.316118,0.079489,2.088634,960
live,935,13731882446563,13731882593626,13731882674459,13731884804054,2.357491,0.080833,2.129595,960
live,936,13731892446563,13731892669080,13731892808857,13731895157367,2.710804,0.139777,2.34851,960
live,937,13731902446563,13731902595379,13731902688244,13731904826223,2.37966,0.092865,2.137979,960
live,938,13731912446563,13731912592848,13731912678161,13731914772779,2.326216,0.085313,2.094618,960
live,939,13731922446563,13731922589804,13731922664397,13731924799464,2.352901,0.074593,2.135067,960
live,940,13731932446563,13731932590761,13731932685546,13731938688885,6.242322,0.094785,6.003339,960
live,941,13731942446563,13731942598662,13731942697415,13731944571966,2.125403,0.098753,1.874551,960
live,942,13731952446563,13731952597250,13731952687939,13731953964083,1.51752,0.090689,1.276144,960
live,943,13731962446563,13731962591871,13731962673600,13731963888847,1.442284,0.081729,1.215247,960
live,944,13731972446563,13731972592315,13731972671132,13731973903532,1.456969,0.078817,1.2324,960
live,945,13731982446563,13731982594424,13731982691481,13731983981609,1.535046,0.097057,1.290128,960
live,946,13731992446563,13731992598676,13731992692982,13731993937765,1.491202,0.094306,1.244783,960
live,947,13732002446563,13732002617905,13732002709938,13732003968226,1.521663,0.092033,1.258288,960
live,948,13732012446563,13732012603822,13732012687087,13732013890846,1.444283,0.083265,1.203759,960
live,949,13732022446563,13732022593354,13732022671691,13732023862490,1.415927,0.078337,1.190799,960
live,950,13732032446563,13732032586215,13732032661640,13732033848534,1.401971,0.075425,1.186894,960
live,951,13732042446563,13732042591171,13732042664580,13732043841523,1.39496,0.073409,1.176943,960
live,952,13732052446563,13732052598752,13732052687777,13732053940689,1.494126,0.089025,1.252912,960
live,953,13732062446563,13732062599740,13732062677437,13732063871468,1.424905,0.077697,1.194031,960
live,954,13732072446563,13732072640154,13732073068671,13732075266330,2.819767,0.428517,2.197659,960
live,955,13732082446563,13732082642838,13732083067835,13732085301079,2.854516,0.424997,2.233244,960
live,956,13732092446563,13732092594130,13732092687347,13732094797838,2.351275,0.093217,2.110491,960
live,957,13732102446563,13732102598799,13732102684560,13732104894219,2.447656,0.085761,2.209659,960
live,958,13732112446563,13732112593643,13732112683852,13732114785127,2.338564,0.090209,2.101275,960
live,959,13732122446563,13732122593576,13732122679145,13732124804099,2.357536,0.085569,2.124954,960
live,960,13732132446563,13732132588100,13732132663269,13732137937735,5.491172,0.075169,5.274466,960
live,961,13732142446563,13732142596673,13732142702754,13732144786044,2.339481,0.106081,2.08329,960
live,962,13732152446563,13732152599614,13732152706335,13732154879322,2.432759,0.106721,2.172987,960
live,963,13732162446563,13732162599450,13732162688635,13732164828086,2.381523,0.089185,2.139451,960
live,964,13732172446563,13732172588631,13732172676248,13732174795090,2.348527,0.087617,2.118842,960
live,965,13732182446563,13732182592275,13732182679412,13732184818735,2.372172,0.087137,2.139323,960
live,966,13732192446563,13732192591248,13732192686257,13732194766475,2.319912,0.095009,2.080218,960
live,967,13732202446563,13732202606893,13732202707918,13732204895369,2.448806,0.101025,2.187451,960
live,968,13732212446563,13732212604297,13732212709450,13732214828485,2.381922,0.105153,2.119035,960
live,969,13732222446563,13732222606502,13732222709063,13732224902082,2.455519,0.102561,2.193019,960
live,970,13732232446563,13732232601090,13732232691107,13732234808830,2.362267,0.090017,2.117723,960
live,971,13732242446563,13732242593375,13732242681024,13732244806202,2.359639,0.087649,2.125178,960
live,972,13732252446563,13732252603803,13732252698717,13732254831479,2.384916,0.094914,2.132762,960
live,973,13732262446563,13732262597976,13732262694873,13732264811315,2.364752,0.096897,2.116442,960
live,974,13732272446563,13732272597044,13732272691510,13732274785968,2.339405,0.094466,2.094458,960
live,975,13732282446563,13732282591281,13732282700818,13732284849325,2.402762,0.109537,2.148507,960
live,976,13732292446563,13732292589549,13732292684143,13732294772329,2.325766,0.094594,2.088186,960
live,977,13732302446563,13732302597290,13732302700523,13732304902919,2.456356,0.103233,2.202396,960
live,978,13732312446563,13732312589255,13732312667656,13732314791938,2.345375,0.078401,2.124282,960
live,979,13732322446563,13732322585571,13732322663268,13732324818335,2.371772,0.077697,2.155067,960
live,980,13732332446563,13732332592864,13732332684353,13732338757613,6.31105,0.091489,6.07326,960
live,981,13732342446563,13732342599164,13732342734078,13732344901657,2.455094,0.134914,2.167579,960
live,982,13732352446563,13732352711642,13732352813692,13732354968599,2.522036,0.10205,2.154907,960
live,983,13732362446563,13732362597910,13732362677335,13732364804849,2.358286,0.079425,2.127514,960
live,984,13732372446563,13732372591634,13732372684147,13732374786733,2.34017,0.092513,2.102586,960
live,985,13732382446563,13732382591503,13732382679248,13732384798378,2.351815,0.087745,2.11913,960
live,986,13732392446563,13732392591275,13732392678412,13732394784775,2.338212,0.087137,2.106363,960
live,987,13732402446563,13732402590728,13732402693225,13732405217224,2.770661,0.102497,2.523999,960
live,988,13732412446563,13732412592388,13732412693734,13732414813504,2.366941,0.101346,2.11977,960
live,989,13732422446563,13732422631041,13732422724995,13732424419800,1.973237,0.093954,1.694805,960
live,990,13732432446563,13732432627518,13732432740639,13732434062544,1.615981,0.113121,1.321905,960
live,991,13732442446563,13732442612858,13732442706011,13732443956651,1.510088,0.093153,1.25064,960
live,992,13732452446563,13732452602967,13732452688088,13732454201067,1.754504,0.085121,1.512979,960
live,993,13732462446563,13732462599987,13732462688948,13732463950340,1.503777,0.088961,1.261392,960
live,994,13732472446563,13732472595984,13732472679057,13732473899296,1.452733,0.083073,1.220239,960
live,995,13732482446563,13732482592108,13732482671437,13732483868988,1.422425,0.079329,1.197551,960
live,996,13732492446563,13732492593065,13732492664298,13732493848761,1.402198,0.071233,1.184463,960
live,997,13732502446563,13732502588613,13732502657350,13732503845461,1.398898,0.068737,1.188111,960
live,998,13732512446563,13732512598082,13732512700931,13732514064372,1.617809,0.102849,1.363441,960
live,999,13732522446563,13732522586335,13732522645887,13732523529002,1.082439,0.059552,0.883115,960
live,1000,13732532446563,13732532579035,13732532647836,13732536738927,4.292364,0.068801,4.091091,960
live,1001,13732542446563,13732542596536,13732542677817,13732543783783,1.33722,0.081281,1.105966,960
live,1002,13732552446563,13732552593076,13732552669045,13732553723522,1.276959,0.075969,1.054477,960
live,1003,13732562446563,13732562593425,13732562671570,13732563787008,1.340445,0.078145,1.115438,960
live,1004,13732572446563,13732572597838,13732572683375,13732573926654,1.480091,0.085537,1.243279,960
live,1005,13732582446563,13732582592970,13732582667883,13732583891802,1.445239,0.074913,1.223919,960
live,1006,13732592446563,13732592590887,13732592664007,13732593868855,1.422292,0.07312,1.204848,960
live,1007,13732602446563,13732602639044,13732602756133,13732604039061,1.592498,0.117089,1.282928,960
live,1008,13732612446563,13732612618848,13732612713729,13732614018737,1.572174,0.094881,1.305008,960
live,1009,13732622446563,13732622604700,13732622687101,13732623912269,1.465706,0.082401,1.225168,960
live,1010,13732632446563,13732632600729,13732632702746,13732633904905,1.458342,0.102017,1.202159,960
live,1011,13732642446563,13732642602198,13732642687287,13732644320267,1.873704,0.085089,1.63298,960
live,1012,13732652446563,13732652597458,13732652705843,13732654426537,1.979974,0.108385,1.720694,960
live,1013,13732662446563,13732662610191,13732662715184,13732664190594,1.744031,0.104993,1.47541,960
live,1014,13732672446563,13732672631628,13732672731821,13732674030941,1.584378,0.100193,1.29912,960
live,1015,13732682446563,13732682626888,13732683037261,13732685583917,3.137354,0.410373,2.546656,960
live,1016,13732692446563,13732692656869,13732693069802,13732695641546,3.194983,0.412933,2.571744,960
live,1017,13732702446563,13732702684642,13732703097991,13732705684551,3.237988,0.413349,2.58656,960
live,1018,13732712446563,13732712619774,13732713022083,13732715530338,3.083775,0.402309,2.508255,960
live,1019,13732722446563,13732722625882,13732723022847,13732725245083,2.79852,0.396965,2.222236,960
live,1020,13732732446563,13732732590647,13732732669816,13732739029703,6.58314,0.079169,6.359887,960
live,1021,13732742446563,13732742597363,13732742707829,13732744825423,2.37886,0.110466,2.117594,960
live,1022,13732752446563,13732752591440,13732752677329,13732754768363,2.3218,0.085889,2.091034,960
live,1023,13732762446563,13732762602348,13732762700206,13732764849128,2.402565,0.097858,2.148922,960
live,1024,13732772446563,13732772601321,13732772691402,13732775170313,2.72375,0.090081,2.478911,960
live,1025,13732782446563,13732782591685,13732782683015,13732785066628,2.620065,0.09133,2.383613,960
live,1026,13732792446563,13732792594850,13732792683779,13732794794109,2.347546,0.088929,2.11033,960
live,1027,13732802446563,13732802591423,13732802681824,13732804823610,2.377047,0.090401,2.141786,960
live,1028,13732812446563,13732812874047,13732812969376,13732815075738,2.629175,0.095329,2.106362,960
live,1029,13732822446563,13732822594232,13732822675193,13732824809651,2.363088,0.080961,2.134458,960
live,1030,13732832446563,13732832594900,13732832692694,13732834776079,2.329516,0.097794,2.083385,960
live,1031,13732842446563,13732842594225,13732842670290,13732844762220,2.315657,0.076065,2.09193,960
live,1032,13732852446563,13732852593613,13732852685935,13732854792585,2.346022,0.092322,2.10665,960
live,1033,13732862446563,13732862591658,13732862665515,13732864982920,2.536357,0.073857,2.317405,960
live,1034,13732872446563,13732872600519,13732872699496,13732874812386,2.365823,0.098977,2.11289,960
live,1035,13732882446563,13732882602115,13732882701348,13732884854687,2.408124,0.099233,2.153339,960
live,1036,13732892446563,13732892614016,13732892713313,13732894836732,2.390169,0.099297,2.123419,960
live,1037,13732902446563,13732902598876,13732902690365,13732904823352,2.376789,0.091489,2.132987,960
live,1038,13732912446563,13732912592665,13732912682394,13732915364795,2.918232,0.089729,2.682401,960
live,1039,13732922446563,13732922598581,13732922700087,13732924894706,2.448143,0.101506,2.194619,960
live,1040,13732932446563,13732932595218,13732932683731,13732939051074,6.604511,0.088513,6.367343,960
live,1041,13732942446563,13732942604143,13732942708464,13732944789738,2.343175,0.104321,2.081274,960
live,1042,13732952446563,13732952595051,13732952696140,13732954777798,2.331235,0.101089,2.081658,960
live,1043,13732962446563,13732962591368,13732962685865,13732964806691,2.360128,0.094497,2.120826,960
live,1044,13732972446563,13732972597604,13732972692037,13732974833632,2.387069,0.094433,2.141595,960
live,1045,13732982446563,13732982595873,13732982675042,13732984776764,2.330201,0.079169,2.101722,960
live,1046,13732992446563,13732992592477,13732992670078,13732994756984,2.310421,0.077601,2.086906,960
live,1047,13733002446563,13733002596346,13733002687387,13733005202586,2.756023,0.091041,2.515199,960
live,1048,13733012446563,13733012601815,13733012689336,13733015164375,2.717812,0.087521,2.475039,960
live,1049,13733022446563,13733022598003,13733022700948,13733025123955,2.677392,0.102945,2.423007,960
live,1050,13733032446563,13733032594352,13733032667889,13733034750251,2.303688,0.073537,2.082362,960
live,1051,13733042446563,13733042590828,13733042679469,13733044766727,2.320164,0.088641,2.087258,960
live,1052,13733052446563,13733052595081,13733052683914,13733054741156,2.294593,0.088833,2.057242,960
live,1053,13733062446563,13733062592165,13733062680390,13733064788449,2.341886,0.088225,2.108059,960
live,1054,13733072446563,13733072597698,13733072690595,13733074836254,2.389691,0.092897,2.145659,960
live,1055,13733082446563,13733082596543,13733082685056,13733084803034,2.356471,0.088513,2.117978,960
live,1056,13733092446563,13733092594779,13733092686940,13733094770486,2.323923,0.092161,2.083546,960
live,1057,13733102446563,13733102595000,13733102685209,13733104819571,2.373008,0.090209,2.134362,960
live,1058,13733112446563,13733112598484,13733112690901,13733114975954,2.529391,0.092417,2.285053,960
live,1059,13733122446563,13733122618353,13733122721554,13733125274130,2.827567,0.103201,2.552576,960
live,1060,13733132446563,13733132603693,13733132698383,13733139137055,6.690492,0.09469,6.438672,960
live,1061,13733142446563,13733142603274,13733142711371,13733145257419,2.810856,0.108097,2.546048,960
live,1062,13733152446563,13733152595815,13733152670759,13733155170023,2.72346,0.074944,2.499264,960
live,1063,13733162446563,13733162588291,13733162663364,13733165169955,2.723392,0.075073,2.506591,960
live,1064,13733172446563,13733172596000,13733172692737,13733175231584,2.785021,0.096737,2.538847,960
live,1065,13733182446563,13733182642013,13733182734078,13733185258557,2.811994,0.092065,2.524479,960
live,1066,13733192446563,13733192617721,13733192709498,13733195226138,2.779575,0.091777,2.51664,960
live,1067,13733202446563,13733202600533,13733202702263,13733205099829,2.653266,0.10173,2.397566,960
live,1068,13733212446563,13733212593650,13733212681523,13733214771021,2.324458,0.087873,2.089498,960
live,1069,13733222446563,13733222605743,13733222699056,13733225241903,2.79534,0.093313,2.542847,960
live,1070,13733232446563,13733232592235,13733232679788,13733235177579,2.731016,0.087553,2.497791,960
live,1071,13733242446563,13733242594024,13733242687977,13733245072806,2.626243,0.093953,2.384829,960
live,1072,13733252446563,13733252590500,13733252674181,13733255035043,2.58848,0.083681,2.360862,960
live,1073,13733262446563,13733262590145,13733262663074,13733265037279,2.590716,0.072929,2.374205,960
live,1074,13733272446563,13733272718175,13733272846560,13733275489857,3.043294,0.128385,2.643297,960
live,1075,13733282446563,13733282598522,13733282681019,13733285091065,2.644502,0.082497,2.410046,960
live,1076,13733292446563,13733292591734,13733292686296,13733295062421,2.615858,0.094562,2.376125,960
live,1077,13733302446563,13733302587507,13733302662068,13733305063058,2.616495,0.074561,2.40099,960
live,1078,13733312446563,13733312587759,13733312672817,13733315019726,2.573163,0.085058,2.346909,960
live,1079,13733322446563,13733322588076,13733322704813,13733325439184,2.992621,0.116737,2.734371,960
live,1080,13733332446563,13733332641289,13733332762827,13733339067577,6.621014,0.121538,6.30475,960
live,1081,13733342446563,13733342637926,13733342756583,13733344910434,2.463871,0.118657,2.153851,960
live,1082,13733352446563,13733352622242,13733352728259,13733354828638,2.382075,0.106017,2.100379,960
live,1083,13733362446563,13733362604255,13733362705024,13733365101406,2.654843,0.100769,2.396382,960
live,1084,13733372446563,13733372598267,13733372693820,13733375505343,3.05878,0.095553,2.811523,960
live,1085,13733382446563,13733382619288,13733382723417,13733385156887,2.710324,0.104129,2.43347,960
live,1086,13733392446563,13733392608532,13733392707797,13733395080819,2.634256,0.099265,2.373022,960
live,1087,13733402446563,13733402603185,13733402699634,13733405116112,2.669549,0.096449,2.416478,960
live,1088,13733412446563,13733412595277,13733412684590,13733415027500,2.580937,0.089313,2.34291,960
live,1089,13733422446563,13733422596554,13733422704779,13733425116585,2.670022,0.108225,2.411806,960
live,1090,13733432446563,13733432618087,13733432722472,13733435139334,2.692771,0.104385,2.416862,960
live,1091,13733442446563,13733442600803,13733442699300,13733445087554,2.640991,0.098497,2.388254,960
live,1092,13733452446563,13733452601696,13733452703073,13733455059870,2.613307,0.101377,2.356797,960
live,1093,13733462446563,13733462598172,13733462691069,13733465070235,2.623672,0.092897,2.379166,960
live,1094,13733472446563,13733472591097,13733472681210,13733475071703,2.62514,0.090113,2.390493,960
live,1095,13733482446563,13733482615061,13733482719991,13733485161941,2.715378,0.10493,2.44195,960
live,1096,13733492446563,13733492609330,13733492711667,13733495068497,2.621934,0.102337,2.35683,960
live,1097,13733502446563,13733502601198,13733502691920,13733505080045,2.633482,0.090722,2.388125,960
live,1098,13733512446563,13733512590923,13733512690956,13733514278080,1.831517,0.100033,1.587124,960
live,1099,13733522446563,13733522589895,13733522688585,13733524241020,1.794457,0.09869,1.552435,960
live,1100,13733532446563,13733532621636,13733532717510,13733538242634,5.796071,0.095874,5.525124,960
live,1101,13733542446563,13733542613697,13733542720002,13733543949297,1.502734,0.106305,1.229295,960
live,1102,13733552446563,13733552604733,13733552699166,13733554234162,1.787599,0.094433,1.534996,960
live,1103,13733562446563,13733562603962,13733562703963,13733564438897,1.992334,0.100001,1.734934,960
live,1104,13733572446563,13733572622327,13733572715128,13733574235499,1.788936,0.092801,1.520371,960
live,1105,13733582446563,13733582628499,13733582730453,13733584306120,1.859557,0.101954,1.575667,960
live,1106,13733592446563,13733592604624,13733592695921,13733594204932,1.758369,0.091297,1.509011,960
live,1107,13733602446563,13733602594604,13733602688717,13733604239264,1.792701,0.094113,1.550547,960
live,1108,13733612446563,13733612600905,13733612686218,13733614193052,1.746489,0.085313,1.506834,960
live,1109,13733622446563,13733622595461,13733622678246,13733624243034,1.796471,0.082785,1.564788,960
live,1110,13733632446563,13733632622946,13733632719651,13733634280983,1.83442,0.096705,1.561332,960
live,1111,13733642446563,13733642662783,13733643069348,13733645492482,3.045919,0.406565,2.423134,960
live,1112,13733652446563,13733652601787,13733652699868,13733655105530,2.658967,0.098081,2.405662,960
live,1113,13733662446563,13733662592343,13733662685817,13733665044886,2.598323,0.093474,2.359069,960
live,1114,13733672446563,13733672597716,13733672700757,13733675098995,2.652432,0.103041,2.398238,960
live,1115,13733682446563,13733682688850,13733682820787,13733684595593,2.14903,0.131937,1.774806,960
live,1116,13733692446563,13733692648078,13733693042931,13733695172717,2.726154,0.394853,2.129786,960
live,1117,13733702446563,13733702628138,13733703024463,13733705248203,2.80164,0.396325,2.22374,960
live,1118,13733712446563,13733712610822,13733713004907,13733715187751,2.741188,0.394085,2.182844,960
live,1119,13733722446563,13733722607619,13733723008648,13733725230948,2.784385,0.401029,2.2223,960
live,1120,13733732446563,13733732609920,13733732993700,13733739358836,6.912273,0.38378,6.365136,960
live,1121,13733742446563,13733742630172,13733743052578,13733745305822,2.859259,0.422406,2.253244,960
live,1122,13733752446563,13733752594265,13733752692570,13733754827956,2.381393,0.098305,2.135386,960
live,1123,13733762446563,13733762587925,13733762680630,13733764782768,2.336205,0.092705,2.102138,960
live,1124,13733772446563,13733772598098,13733772690163,13733774859086,2.412523,0.092065,2.168923,960
live,1125,13733782446563,13733782603118,13733782706000,13733785532595,3.086032,0.102882,2.826595,960
live,1126,13733792446563,13733792606667,13733792704652,13733794900616,2.454053,0.097985,2.195964,960
live,1127,13733802446563,13733802595399,13733802683112,13733804813539,2.366976,0.087713,2.130427,960
live,1128,13733812446563,13733812590820,13733812671173,13733814774367,2.327804,0.080353,2.103194,960
live,1129,13733822446563,13733822585984,13733822662497,13733823933137,1.486574,0.076513,1.27064,960
live,1130,13733832446563,13733832586685,13733832674526,13733833891661,1.445098,0.087841,1.217135,960
live,1131,13733842446563,13733842591066,13733842674043,13733843897802,1.451239,0.082977,1.223759,960
live,1132,13733852446563,13733852586102,13733852665783,13733853869062,1.422499,0.079681,1.203279,960
live,1133,13733862446563,13733862585331,13733862655252,13733863846434,1.399871,0.069921,1.191182,960
live,1134,13733872446563,13733872580175,13733872683120,13733873878015,1.431452,0.102945,1.194895,960
live,1135,13733882446563,13733882583660,13733882651757,13733883842427,1.395864,0.068097,1.19067,960
live,1136,13733892446563,13733892586120,13733892681546,13733893915129,1.468566,0.095426,1.233583,960
live,1137,13733902446563,13733902588069,13733902667718,13733903860853,1.41429,0.079649,1.193135,960
live,1138,13733912446563,13733912587233,13733912672195,13733913866481,1.419918,0.084962,1.194286,960
live,1139,13733922446563,13733922592734,13733922666879,13733923858862,1.412299,0.074145,1.191983,960
live,1140,13733932446563,13733932585051,13733932655771,13733937789851,5.343288,0.07072,5.13408,960
live,1141,13733942446563,13733942588215,13733942672408,13733943899848,1.453285,0.084193,1.22744,960
live,1142,13733952446563,13733952656149,13733953059834,13733955212084,2.765521,0.403685,2.15225,960
live,1143,13733962446563,13733962659633,13733963063830,13733965300690,2.854127,0.404197,2.23686,960
live,1144,13733972446563,13733972651854,13733973063475,13733975290415,2.843852,0.411621,2.22694,960
live,1145,13733982446563,13733982592618,13733982682667,13733984837093,2.39053,0.090049,2.154426,960
live,1146,13733992446563,13733992598054,13733992694823,13733994835554,2.388991,0.096769,2.140731,960
live,1147,13734002446563,13734002595555,13734002694884,13734004855295,2.408732,0.099329,2.160411,960
live,1148,13734012446563,13734012596383,13734012694048,13734014832187,2.385624,0.097665,2.138139,960
live,1149,13734022446563,13734022591164,13734022667133,13734024804183,2.35762,0.075969,2.13705,960
live,1150,13734032446563,13734032584344,13734032668953,13734034809748,2.363185,0.084609,2.140795,960
live,1151,13734042446563,13734042594869,13734042690422,13734044860145,2.413582,0.095553,2.169723,960
live,1152,13734052446563,13734052589489,13734052667986,13734054789933,2.34337,0.078497,2.121947,960
live,1153,13734062446563,13734062586350,13734062692879,13734064834058,2.387495,0.106529,2.141179,960
live,1154,13734072446563,13734072582826,13734072672780,13734074786598,2.340035,0.089954,2.113818,960
live,1155,13734082446563,13734082588551,13734082674408,13734084788899,2.342336,0.085857,2.114491,960
live,1156,13734092446563,13734092589924,13734092683173,13734094815135,2.368572,0.093249,2.131962,960
live,1157,13734102446563,13734102592928,13734102685025,13734104818844,2.372281,0.092097,2.133819,960
live,1158,13734112446563,13734112588477,13734112665758,13734114772856,2.326293,0.077281,2.107098,960
live,1159,13734122446563,13734122582393,13734122656826,13734124785109,2.338546,0.074433,2.128283,960
live,1160,13734132446563,13734132588342,13734132664119,13734138694274,6.247711,0.075777,6.030155,960
live,1161,13734142446563,13734142815669,13734142981911,13734145602264,3.155701,0.166242,2.620353,960
live,1162,13734152446563,13734152596655,13734152674640,13734155063982,2.617419,0.077985,2.389342,960
live,1163,13734162446563,13734162589548,13734162668141,13734164785831,2.339268,0.078593,2.11769,960
live,1164,13734172446563,13734172590440,13734172663497,13734174758787,2.312224,0.073057,2.09529,960
live,1165,13734182446563,13734182590757,13734182676486,13734184810144,2.363581,0.085729,2.133658,960
live,1166,13734192446563,13734192593441,13734192681282,13734195335684,2.889121,0.087841,2.654402,960
live,1167,13734202446563,13734202598174,13734202684159,13734204826298,2.379735,0.085985,2.142139,960
live,1168,13734212446563,13734212589306,13734212677820,13734214755189,2.308626,0.088514,2.077369,960
live,1169,13734222446563,13734222590007,13734222686584,13734224829715,2.383152,0.096577,2.143131,960
live,1170,13734232446563,13734232595316,13734232692309,13734234941745,2.495182,0.096993,2.249436,960
live,1171,13734242446563,13734242630257,13734242734450,13734245283154,2.836591,0.104193,2.548704,960
live,1172,13734252446563,13734252604493,13734252697358,13734255134796,2.688233,0.092865,2.437438,960
live,1173,13734262446563,13734262595337,13734262691915,13734264847045,2.400482,0.096578,2.15513,960
live,1174,13734272446563,13734272598214,13734272687815,13734274799201,2.352638,0.089601,2.111386,960
live,1175,13734282446563,13734282590082,13734282669187,13734284807166,2.360603,0.079105,2.137979,960
live,1176,13734292446563,13734292586975,13734292674656,13734294777754,2.331191,0.087681,2.103098,960
live,1177,13734302446563,13734302596380,13734302692093,13734304900536,2.453973,0.095713,2.208443,960
live,1178,13734312446563,13734312592664,13734312680345,13734314774259,2.327696,0.087681,2.093914,960
live,1179,13734322446563,13734322592437,13734322668886,13734324797360,2.350797,0.076449,2.128474,960
live,1180,13734332446563,13734332590065,13734332664402,13734339120195,6.673632,0.074337,6.455793,960
live,1181,13734342446563,13734342593774,13734342698767,13734345258511,2.811948,0.104993,2.559744,960
live,1182,13734352446563,13734352592746,13734352695692,13734355255564,2.809001,0.102946,2.559872,960
live,1183,13734362446563,13734362591751,13734362678696,13734365233480,2.786917,0.086945,2.554784,960
live,1184,13734372446563,13734372589283,13734372674053,13734375050178,2.603615,0.08477,2.376125,960
live,1185,13734382446563,13734382586976,13734382665217,13734384796348,2.349785,0.078241,2.131131,960
live,1186,13734392446563,13734392584189,13734392669278,13734394760728,2.314165,0.085089,2.09145,960
live,1187,13734402446563,13734402594425,13734402674938,13734404864246,2.417683,0.080513,2.189308,960
live,1188,13734412446563,13734412589462,13734412675799,13734414796305,2.349742,0.086337,2.120506,960
live,1189,13734422446563,13734422590226,13734422673011,13734424814446,2.367883,0.082785,2.141435,960
live,1190,13734432446563,13734432587727,13734432664752,13734434760746,2.314183,0.077025,2.095994,960
live,1191,13734442446563,13734442591339,13734442690989,13734445248109,2.801546,0.09965,2.55712,960
live,1192,13734452446563,13734452647689,13734452772266,13734454993894,2.547331,0.124577,2.221628,960
live,1193,13734462446563,13734462612389,13734462715334,13734464895585,2.449022,0.102945,2.180251,960
live,1194,13734472446563,13734472787364,13734473237289,13734474973087,2.526524,0.449925,1.735798,960
live,1195,13734482446563,13734482610206,13734482708479,13734484309363,1.8628,0.098273,1.600884,960
live,1196,13734492446563,13734492599610,13734492690876,13734494249487,1.802924,0.091266,1.558611,960
live,1197,13734502446563,13734502595159,13734502684152,13734504285132,1.838569,0.088993,1.60098,960
live,1198,13734512446563,13734512590675,13734512670292,13734514207720,1.761157,0.079617,1.537428,960
live,1199,13734522446563,13734522581904,13734522653553,13734524227332,1.780769,0.071649,1.573779,960
live,1200,13734532446563,13734532590125,13734532660397,13734538167666,5.721103,0.070272,5.507269,960
live,1201,13734542446563,13734542592969,13734542690634,13734544285022,1.838459,0.097665,1.594388,960
live,1202,13734552446563,13734552850409,13734553258542,13734555787853,3.34129,0.408133,2.529311,960
live,1203,13734562446563,13734562584386,13734562679683,13734565075681,2.629118,0.095297,2.395998,960
live,1204,13734572446563,13734572584479,13734572677344,13734575172767,2.726204,0.092865,2.495423,960
live,1205,13734582446563,13734582582779,13734582683069,13734585195228,2.748665,0.10029,2.512159,960
live,1206,13734592446563,13734592581304,13734592672825,13734595241721,2.795158,0.091521,2.568896,960
live,1207,13734602446563,13734602583636,13734602679894,13734605122996,2.676433,0.096258,2.443102,960
live,1208,13734612446563,13734612594385,13734612685202,13734615194129,2.747566,0.090817,2.508927,960
live,1209,13734622446563,13734622588206,13734622663343,13734625189070,2.742507,0.075137,2.525727,960
live,1210,13734632446563,13734632584618,13734632672331,13734635042185,2.595622,0.087713,2.369854,960
live,1211,13734642446563,13734642584839,13734642673896,13734645085894,2.639331,0.089057,2.411998,960
live,1212,13734652446563,13734652584867,13734652671268,13734655991950,3.545387,0.086401,3.320682,960
live,1213,13734662446563,13734662588064,13734662673857,13734665075487,2.628924,0.085793,2.40163,960
live,1214,13734672446563,13734672589372,13734672678878,13734675094940,2.648377,0.089506,2.416062,960
live,1215,13734682446563,13734682591385,13734682684474,13734685130329,2.683766,0.093089,2.445855,960
live,1216,13734692446563,13734692586134,13734692667703,13734695019316,2.572753,0.081569,2.351613,960
live,1217,13734702446563,13734702593490,13734702687059,13734704851790,2.405227,0.093569,2.164731,960
live,1218,13734712446563,13734712632783,13734712729680,13734714883179,2.436616,0.096897,2.153499,960
live,1219,13734722446563,13734722612780,13734722703981,13734724867144,2.420581,0.091201,2.163163,960
live,1220,13734732446563,13734732591272,13734732678729,13734738949303,6.50274,0.087457,6.270574,960
live,1221,13734742446563,13734742589060,13734742688358,13734744825184,2.378621,0.099298,2.136826,960
live,1222,13734752446563,13734752589441,13734752664514,13734755046688,2.600125,0.075073,2.382174,960
live,1223,13734762446563,13734762590430,13734762687999,13734765136829,2.690266,0.097569,2.44883,960
live,1224,13734772446563,13734772589114,13734772665883,13734775051609,2.605046,0.076769,2.385726,960
live,1225,13734782446563,13734782585047,13734782673464,13734785219255,2.772692,0.088417,2.545791,960
live,1226,13734792446563,13734792588531,13734792683124,13734795076946,2.630383,0.094593,2.393822,960
live,1227,13734802446563,13734802590192,13734802676657,13734805068879,2.622316,0.086465,2.392222,960
live,1228,13734812446563,13734812593356,13734812687310,13734815107596,2.661033,0.093954,2.420286,960
live,1229,13734822446563,13734822588649,13734822677194,13734825080936,2.634373,0.088545,2.403742,960
live,1230,13734832446563,13734832585445,13734832672358,13734835050340,2.603777,0.086913,2.377982,960
live,1231,13734842446563,13734842587106,13734842665955,13734845108225,2.661662,0.078849,2.44227,960
live,1232,13734852446563,13734852587071,13734852664544,13734855060797,2.614234,0.077473,2.396253,960
live,1233,13734862446563,13734862594715,13734862676988,13734865140699,2.694136,0.082273,2.463711,960
live,1234,13734872446563,13734872588856,13734872663353,13734875022390,2.575827,0.074497,2.359037,960
live,1235,13734882446563,13734882587764,13734882666581,13734885055603,2.60904,0.078817,2.389022,960
live,1236,13734892446563,13734892589393,13734892677938,13734895057648,2.611085,0.088545,2.37971,960
live,1237,13734902446563,13734902593581,13734902690543,13734907147462,4.700899,0.096962,4.456919,960
live,1238,13734912446563,13734912601066,13734912692075,13734914983336,2.536773,0.091009,2.291261,960
live,1239,13734922446563,13734922640423,13734922742600,13734924944260,2.497697,0.102177,2.20166,960
live,1240,13734932446563,13734932599907,13734932701957,13734938765072,6.318509,0.10205,6.063115,960
live,1241,13734942446563,13734942603776,13734942704001,13734944856124,2.409561,0.100225,2.152123,960
live,1242,13734952446563,13734952595132,13734952700286,13734954824120,2.377557,0.105154,2.123834,960
live,1243,13734962446563,13734962599065,13734962699898,13734964107212,1.660649,0.100833,1.407314,960
live,1244,13734972446563,13734972597045,13734972685623,13734973936998,1.490435,0.088578,1.251375,960
live,1245,13734982446563,13734982594322,13734982684979,13734983890626,1.444063,0.090657,1.205647,960
live,1246,13734992446563,13734992587694,13734992682480,13734993908735,1.462172,0.094786,1.226255,960
live,1247,13735002446563,13735002587275,13735002667628,13735003852059,1.405496,0.080353,1.184431,960
live,1248,13735012446563,13735012816490,13735012926316,13735014529824,2.083261,0.109826,1.603508,960
live,1249,13735022446563,13735022588580,13735022676261,13735023870804,1.424241,0.087681,1.194543,960
live,1250,13735032446563,13735032588129,13735032666722,13735033854000,1.407437,0.078593,1.187278,960
live,1251,13735042446563,13735042586493,13735042659838,13735043841741,1.395178,0.073345,1.181903,960
live,1252,13735052446563,13735052592794,13735052661211,13735053837673,1.39111,0.068417,1.176462,960
live,1253,13735062446563,13735062585462,13735062655287,13735064343948,1.897385,0.069825,1.688661,960
live,1254,13735072446563,13735072610579,13735073019256,13735075209684,2.763121,0.408677,2.190428,960
live,1255,13735082446563,13735082607696,13735083007285,13735085262961,2.816398,0.399589,2.255676,960
live,1256,13735092446563,13735092627693,13735093030930,13735095249933,2.80337,0.403237,2.219003,960
live,1257,13735102446563,13735102626889,13735103022350,13735105267562,2.820999,0.395461,2.245212,960
live,1258,13735112446563,13735112591397,13735112680966,13735114783457,2.336894,0.089569,2.102491,960
live,1259,13735122446563,13735122593794,13735122694211,13735124939263,2.4927,0.100417,2.245052,960
live,1260,13735132446563,13735132592254,13735132678655,13735138951470,6.504907,0.086401,6.272815,960
live,1261,13735142446563,13735142598395,13735142703164,13735145034105,2.587542,0.104769,2.330941,960
live,1262,13735152446563,13735152613560,13735152713465,13735154876468,2.429905,0.099905,2.163003,960
live,1263,13735162446563,13735162597748,13735162689173,13735164854320,2.407757,0.091425,2.165147,960
live,1264,13735172446563,13735172593041,13735172686642,13735174869357,2.422794,0.093601,2.182715,960
live,1265,13735182446563,13735182592621,13735182683886,13735184815945,2.369382,0.091265,2.132059,960
live,1266,13735192446563,13735192593290,13735192683627,13735194807845,2.361282,0.090337,2.124218,960
live,1267,13735202446563,13735202590310,13735202680743,13735204834242,2.387679,0.090433,2.153499,960
live,1268,13735212446563,13735212588483,13735212673956,13735214791966,2.345403,0.085473,2.11801,960
live,1269,13735222446563,13735222595743,13735222690433,13735224850172,2.403609,0.09469,2.159739,960
live,1270,13735232446563,13735232588636,13735232674813,13735234804888,2.358325,0.086177,2.130075,960
live,1271,13735242446563,13735242586936,13735242677818,13735244825748,2.379185,0.090882,2.14793,960
live,1272,13735252446563,13735252592629,13735252678006,13735254781328,2.334765,0.085377,2.103322,960
live,1273,13735262446563,13735262588690,13735262678195,13735264809517,2.362954,0.089505,2.131322,960
live,1274,13735272446563,13735272597806,13735272693776,13735274851658,2.405095,0.09597,2.157882,960
live,1275,13735282446563,13735282591403,13735282669100,13735284827303,2.38074,0.077697,2.158203,960
live,1276,13735292446563,13735292588775,13735292688297,13735294782115,2.335552,0.099522,2.093818,960
live,1277,13735302446563,13735302591140,13735302679845,13735304806848,2.360285,0.088705,2.127003,960
live,1278,13735312446563,13735312585952,13735312674178,13735314786428,2.339865,0.088226,2.11225,960
live,1279,13735322446563,13735322593949,13735322689822,13735324854073,2.40751,0.095873,2.164251,960
live,1280,13735332446563,13735332593530,13735332672347,13735338742246,6.295683,0.078817,6.069899,960
live,1281,13735342446563,13735342589398,13735342694679,13735344865106,2.418543,0.105281,2.170427,960
live,1282,13735352446563,13735352586035,13735352680596,13735354129670,1.683107,0.094561,1.449074,960
live,1283,13735362446563,13735362590543,13735362679280,13735364913292,2.466729,0.088737,2.234012,960
live,1284,13735372446563,13735372616780,13735372721485,13735374132287,1.685724,0.104705,1.410802,960
live,1285,13735382446563,13735382597608,13735382671273,13735384816484,2.369921,0.073665,2.145211,960
live,1286,13735392446563,13735392588613,13735392663814,13735394795552,2.348989,0.075201,2.131738,960
live,1287,13735402446563,13735402584577,13735402689123,13735404838174,2.391611,0.104546,2.149051,960
live,1288,13735412446563,13735412585950,13735412671519,13735414764281,2.317718,0.085569,2.092762,960
live,1289,13735422446563,13735422594171,13735422691420,13735424867735,2.421172,0.097249,2.176315,960
live,1290,13735432446563,13735432589591,13735432683512,13735434804371,2.357808,0.093921,2.120859,960
live,1291,13735442446563,13735442589300,13735442666837,13735444818928,2.372365,0.077537,2.152091,960
live,1292,13735452446563,13735452585840,13735452708722,13735454801708,2.355145,0.122882,2.092986,960
live,1293,13735462446563,13735462592429,13735462678894,13735464863337,2.416774,0.086465,2.184443,960
live,1294,13735472446563,13735472637354,13735472739339,13735474091772,1.645209,0.101985,1.352433,960
live,1295,13735482446563,13735482618470,13735482709703,13735483957335,1.510772,0.091233,1.247632,960
live,1296,13735492446563,13735492595747,13735492684036,13735493897395,1.450832,0.088289,1.213359,960
live,1297,13735502446563,13735502587871,13735502666880,13735503869999,1.423436,0.079009,1.203119,960
live,1298,13735512446563,13735512584572,13735512664253,13735513856619,1.410056,0.079681,1.192366,960
live,1299,13735522446563,13735522713210,13735522826523,13735524507376,2.060813,0.113313,1.680853,960
live,1300,13735532446563,13735532592341,13735532682870,13735537408753,4.96219,0.090529,4.725883,960
live,1301,13735542446563,13735542612242,13735542708691,13735543613470,1.166907,0.096449,0.904779,960
live,1302,13735552446563,13735552601550,13735552673007,13735553519738,1.073175,0.071457,0.846731,960
live,1303,13735562446563,13735562596619,13735562667883,13735563488214,1.041651,0.071264,0.820331,960
live,1304,13735572446563,13735572594183,13735572682312,13735574106490,1.659927,0.088129,1.424178,960
live,1305,13735582446563,13735582647236,13735582767046,13735584098262,1.651699,0.11981,1.331216,960
live,1306,13735592446563,13735592665825,13735592775779,13735594363734,1.917171,0.109954,1.587955,960
live,1307,13735602446563,13735602742367,13735602885056,13735604549333,2.10277,0.142689,1.664277,960
live,1308,13735612446563,13735612614682,13735612706683,13735614255726,1.809163,0.092001,1.549043,960
live,1309,13735622446563,13735622593750,13735622670391,13735624244170,1.797607,0.076641,1.573779,960
live,1310,13735632446563,13735632603891,13735632702356,13735634300360,1.853797,0.098465,1.598004,960
live,1311,13735642446563,13735642600847,13735642674352,13735644280708,1.834145,0.073505,1.606356,960
live,1312,13735652446563,13735652586124,13735652657452,13735654192512,1.745949,0.071328,1.53506,960
live,1313,13735662446563,13735662583080,13735662672521,13735664211164,1.764601,0.089441,1.538643,960
live,1314,13735672446563,13735672587365,13735672663270,13735673869205,1.422642,0.075905,1.205935,960
live,1315,13735682446563,13735682594881,13735682697507,13735684308567,1.862004,0.102626,1.61106,960
live,1316,13735692446563,13735692594430,13735692665439,13735694204434,1.757871,0.071009,1.538995,960
live,1317,13735702446563,13735702583514,13735702662907,13735704203438,1.756875,0.079393,1.540531,960
live,1318,13735712446563,13735712583799,13735712679704,13735714202731,1.756168,0.095905,1.523027,960
live,1319,13735722446563,13735722587059,13735722655764,13735724204680,1.758117,0.068705,1.548916,960
live,1320,13735732446563,13735732596208,13735732685745,13735738345656,5.899093,0.089537,5.659911,960
live,1321,13735742446563,13735742599053,13735742700910,13735743942813,1.49625,0.101857,1.241903,960
live,1322,13735752446563,13735752583337,13735752660458,13735754204605,1.758042,0.077121,1.544147,960
live,1323,13735762446563,13735762589638,13735762681223,13735764245018,1.798455,0.091585,1.563795,960
live,1324,13735772446563,13735772585250,13735772670083,13735774191926,1.745363,0.084833,1.521843,960
live,1325,13735782446563,13735782593887,13735782695968,13735784336309,1.889746,0.102081,1.640341,960
live,1326,13735792446563,13735792594651,13735792680765,13735794230096,1.783533,0.086114,1.549331,960
live,1327,13735802446563,13735802637977,13735802742394,13735803945929,1.499366,0.104417,1.203535,960
live,1328,13735812446563,13735812637973,13735812770263,13735814439500,1.992937,0.13229,1.669237,960
live,1329,13735822446563,13735822639026,13735822735955,13735824065347,1.618784,0.096929,1.329392,960
live,1330,13735832446563,13735832606254,13735832702383,13735833998111,1.551548,0.096129,1.295728,960
live,1331,13735842446563,13735842603690,13735842689771,13735843906683,1.46012,0.086081,1.216912,960
live,1332,13735852446563,13735852596455,13735852678088,13735853912023,1.46546,0.081633,1.233935,960
live,1333,13735862446563,13735862589123,13735862680516,13735863890452,1.443889,0.091393,1.209936,960
live,1334,13735872446563,13735872596000,13735872667905,13735873871536,1.424973,0.071905,1.203631,960
live,1335,13735882446563,13735882599549,13735882693982,13735883973070,1.526507,0.094433,1.279088,960
live,1336,13735892446563,13735892596857,13735892677242,13735893887497,1.440934,0.080385,1.210255,960
live,1337,13735902446563,13735902587766,13735902680279,13735903912998,1.466435,0.092513,1.232719,960
live,1338,13735912446563,13735912591602,13735912661971,13735913860546,1.413983,0.070369,1.198575,960
live,1339,13735922446563,13735922590607,13735922659984,13735923844510,1.397947,0.069377,1.184526,960
live,1340,13735932446563,13735932593387,13735932686156,13735937971502,5.524939,0.092769,5.285346,960
live,1341,13735942446563,13735942601224,13735942696297,13735943919576,1.473013,0.095073,1.223279,960
live,1342,13735952446563,13735952590980,13735952680102,13735953919733,1.47317,0.089122,1.239631,960
live,1343,13735962446563,13735962593921,13735962665954,13735963867249,1.420686,0.072033,1.201295,960
live,1344,13735972446563,13735972594238,13735972664414,13735973870701,1.424138,0.070176,1.206287,960
live,1345,13735982446563,13735982721660,13735982820029,13735984653812,2.207249,0.098369,1.833783,960
live,1346,13735992446563,13735992600855,13735992676568,13735993917799,1.471236,0.075713,1.241231,960
live,1347,13736002446563,13736002603859,13736003008920,13736005177907,2.731344,0.405061,2.168987,960
live,1348,13736012446563,13736012673041,13736013115926,13736014598217,2.151654,0.442885,1.482291,960
live,1349,13736022446563,13736022615149,13736022709006,13736023968221,1.521658,0.093857,1.259215,960
live,1350,13736032446563,13736032607689,13736032693674,13736033961818,1.515255,0.085985,1.268144,960
live,1351,13736042446563,13736042610118,13736042719463,13736044208186,1.761623,0.109345,1.488723,960
live,1352,13736052446563,13736052604546,13736052691267,13736053906930,1.460367,0.086721,1.215663,960
live,1353,13736062446563,13736062595743,13736062676960,13736063875215,1.428652,0.081217,1.198255,960
live,1354,13736072446563,13736072598555,13736072670396,13736073858795,1.412232,0.071841,1.188399,960
live,1355,13736082446563,13736082597560,13736082667033,13736083848391,1.401828,0.069473,1.181358,960
live,1356,13736092446563,13736092611317,13736093018906,13736095158676,2.712113,0.407589,2.13977,960
live,1357,13736102446563,13736102636625,13736103018454,13736105125520,2.678957,0.381829,2.107066,960
live,1358,13736112446563,13736112577517,13736112664398,13736114455077,2.008514,0.086881,1.790679,960
live,1359,13736122446563,13736122598154,13736122676747,13736124812710,2.366147,0.078593,2.135963,960
live,1360,13736132446563,13736132584390,13736132688392,13736139127928,6.681365,0.104002,6.439536,960
live,1361,13736142446563,13736142600355,13736142724837,13736144870047,2.423484,0.124482,2.14521,960
live,1362,13736152446563,13736152595936,13736152687905,13736155188576,2.742013,0.091969,2.500671,960
live,1363,13736162446563,13736162595580,13736162675325,13736165089403,2.64284,0.079745,2.414078,960
live,1364,13736172446563,13736172590137,13736172677946,13736174775860,2.329297,0.087809,2.097914,960
live,1365,13736182446563,13736182597461,13736182671830,13736184796177,2.349614,0.074369,2.124347,960
live,1366,13736192446563,13736192596466,13736192691315,13736194864782,2.418219,0.094849,2.173467,960
live,1367,13736202446563,13736202596942,13736202677007,13736204815306,2.368743,0.080065,2.138299,960
live,1368,13736212446563,13736212590731,13736212675340,13736214776358,2.329795,0.084609,2.101018,960
live,1369,13736222446563,13736222590440,13736222678537,13736224805987,2.359424,0.088097,2.12745,960
live,1370,13736232446563,13736232640005,13736232718822,13736234800192,2.353629,0.078817,2.08137,960
live,1371,13736242446563,13736242628929,13736242730050,13736244877501,2.430938,0.101121,2.147451,960
live,1372,13736252446563,13736252669054,13736252802112,13736254292338,1.845775,0.133058,1.490226,960
live,1373,13736262446563,13736262638906,13736263041215,13736265543231,3.096668,0.402309,2.502016,960
live,1374,13736272446563,13736272603734,13736272717944,13736274801842,2.355279,0.11421,2.083898,960
live,1375,13736282446563,13736282615443,13736282734837,13736284921232,2.474669,0.119394,2.186395,960
live,1376,13736292446563,13736292598640,13736292707889,13736294820523,2.37396,0.109249,2.112634,960
live,1377,13736302446563,13736302589068,13736302689325,13736304833768,2.387205,0.100257,2.144443,960
live,1378,13736312446563,13736312586344,13736312667498,13736314768356,2.321793,0.081154,2.100858,960
live,1379,13736322446563,13736322586117,13736322680774,13736324839393,2.39283,0.094657,2.158619,960
live,1380,13736332446563,13736332589602,13736332666307,13736338899568,6.453005,0.076705,6.233261,960
live,1381,13736342446563,13736342597214,13736342721824,13736345145790,2.699227,0.12461,2.423966,960
live,1382,13736352446563,13736352588827,13736352673180,13736355041401,2.594838,0.084353,2.368221,960
live,1383,13736362446563,13736362581239,13736362678072,13736365077398,2.630835,0.096833,2.399326,960
live,1384,13736372446563,13736372589748,13736372694901,13736375062323,2.61576,0.105153,2.367422,960
live,1385,13736382446563,13736382593328,13736382698130,13736385077007,2.630444,0.104802,2.378877,960
live,1386,13736392446563,13736392599245,13736392711151,13736395100876,2.654313,0.111906,2.389725,960
live,1387,13736402446563,13736402596426,13736402686795,13736404827109,2.380546,0.090369,2.140314,960
live,1388,13736412446563,13736412587046,13736412678055,13736414930851,2.484288,0.091009,2.252796,960
live,1389,13736422446563,13736422587779,13736422677124,13736424800766,2.354203,0.089345,2.123642,960
live,1390,13736432446563,13736432586911,13736432674944,13736434767130,2.320567,0.088033,2.092186,960
live,1391,13736442446563,13736442796318,13736442959744,13736445232669,2.786106,0.163426,2.272925,960
live,1392,13736452446563,13736452613017,13736452710234,13736454815988,2.369425,0.097217,2.105754,960
live,1393,13736462446563,13736462593653,13736462683286,13736464817745,2.371182,0.089633,2.134459,960
live,1394,13736472446563,13736472587121,13736472691923,13736475067088,2.620525,0.104802,2.375165,960
live,1395,13736482446563,13736482589678,13736482687951,13736484832298,2.385735,0.098273,2.144347,960
live,1396,13736492446563,13736492594859,13736492694924,13736495774834,3.328271,0.100065,3.07991,960
live,1397,13736502446563,13736502608071,13736502708105,13736504913412,2.466849,0.100034,2.205307,960
live,1398,13736512446563,13736512600708,13736512690085,13736514792959,2.346396,0.089377,2.102874,960
live,1399,13736522446563,13736522589696,13736522664673,13736524780380,2.333817,0.074977,2.115707,960
live,1400,13736532446563,13736532589501,13736532676126,13736538714217,6.267654,0.086625,6.038091,960
live,1401,13736542446563,13736542596729,13736542696347,13736544832501,2.385938,0.099618,2.136154,960
live,1402,13736552446563,13736552593526,13736552689111,13736554856978,2.410415,0.095585,2.167867,960
live,1403,13736562446563,13736562590099,13736562680756,13736564830510,2.383947,0.090657,2.149754,960
live,1404,13736572446563,13736572586479,13736572671856,13736574767306,2.320743,0.085377,2.09545,960
live,1405,13736582446563,13736582584364,13736582674861,13736584802023,2.35546,0.090497,2.127162,960
live,1406,13736592446563,13736592589864,13736592682729,13736594769475,2.322912,0.092865,2.086746,960
live,1407,13736602446563,13736602636293,13736602760935,13736604969314,2.522751,0.124642,2.208379,960
live,1408,13736612446563,13736612606082,13736612702883,13736614798045,2.351482,0.096801,2.095162,960
live,1409,13736622446563,13736622596254,13736622690431,13736624814970,2.368407,0.094177,2.124539,960
live,1410,13736632446563,13736632593562,13736632691356,13736634796534,2.349971,0.097794,2.105178,960
live,1411,13736642446563,13736642590263,13736642689912,13736644834163,2.3876,0.099649,2.144251,960
live,1412,13736652446563,13736652595732,13736652693781,13736654827183,2.38062,0.098049,2.133402,960
live,1413,13736662446563,13736662597712,13736662691185,13736664847660,2.401097,0.093473,2.156475,960
live,1414,13736672446563,13736672591629,13736672677998,13736674781384,2.334821,0.086369,2.103386,960
live,1415,13736682446563,13736682590025,13736682670090,13736684786277,2.339714,0.080065,2.116187,960
live,1416,13736692446563,13736692586502,13736692669127,13736694753121,2.306558,0.082625,2.083994,960
live,1417,13736702446563,13736702592866,13736702698660,13736705028833,2.58227,0.105794,2.330173,960
live,1418,13736712446563,13736712642976,13736712765025,13736714859035,2.412472,0.122049,2.09401,960
live,1419,13736722446563,13736722615004,13736722723965,13736724832471,2.385908,0.108961,2.108506,960
live,1420,13736732446563,13736732614712,13736732724538,13736738781477,6.334914,0.109826,6.056939,960
live,1421,13736742446563,13736742613973,13736742721718,13736744872049,2.425486,0.107745,2.150331,960
live,1422,13736752446563,13736752604721,13736752711795,13736754844941,2.398378,0.107074,2.133146,960
live,1423,13736762446563,13736762598574,13736762690959,13736764819497,2.372934,0.092385,2.128538,960
live,1424,13736772446563,13736772596042,13736772687467,13736775066857,2.620294,0.091425,2.37939,960
live,1425,13736782446563,13736782592391,13736782684200,13736785070438,2.623875,0.091809,2.386238,960
live,1426,13736792446563,13736792588579,13736792678532,13736795045122,2.598559,0.089953,2.36659,960
live,1427,13736802446563,13736802594144,13736802691969,13736805154080,2.707517,0.097825,2.462111,960
live,1428,13736812446563,13736812597853,13736812686206,13736815061179,2.614616,0.088353,2.374973,960
live,1429,13736822446563,13736822593273,13736822682938,13736825093656,2.647093,0.089665,2.410718,960
live,1430,13736832446563,13736832596342,13736832689239,13736835105493,2.65893,0.092897,2.416254,960
live,1431,13736842446563,13736842594994,13736842683539,13736844804494,2.357931,0.088545,2.120955,960
live,1432,13736852446563,13736852711792,13736852811537,13736855213423,2.76686,0.099745,2.401886,960
live,1433,13736862446563,13736862599723,13736862677260,13736865113067,2.666504,0.077537,2.435807,960
live,1434,13736872446563,13736872591912,13736872667177,13736874739811,2.293248,0.075265,2.072634,960
live,1435,13736882446563,13736882589092,13736882678021,13736884294586,1.848023,0.088929,1.616565,960
live,1436,13736892446563,13736892592129,13736892674978,13736894205877,1.759314,0.082849,1.530899,960
live,1437,13736902446563,13736902588829,13736902660446,13736904478037,2.031474,0.071617,1.817591,960
live,1438,13736912446563,13736912591034,13736912681659,13736914233167,1.786604,0.090625,1.551508,960
live,1439,13736922446563,13736922589943,13736922676376,13736924232171,1.785608,0.086433,1.555795,960
live,1440,13736932446563,13736932590067,13736932676916,13736938213209,5.766646,0.086849,5.536293,960
live,1441,13736942446563,13736942603824,13736942700817,13736943920896,1.474333,0.096993,1.220079,960
live,1442,13736952446563,13736952593100,13736952699118,13736954314338,1.867775,0.106018,1.61522,960
live,1443,13736962446563,13736962604137,13736962700938,13736963978362,1.531799,0.096801,1.277424,960
live,1444,13736972446563,13736972602022,13736972686983,13736973892886,1.446323,0.084961,1.205903,960
live,1445,13736982446563,13736982597346,13736982683075,13736983877394,1.430831,0.085729,1.194319,960
live,1446,13736992446563,13736992644351,13736992733728,13736993939279,1.492716,0.089377,1.205551,960
live,1447,13737002446563,13737002620571,13737002716701,13737003908844,1.462281,0.09613,1.192143,960
live,1448,13737012446563,13737012602520,13737012694553,13737013984361,1.537798,0.092033,1.289808,960
live,1449,13737022446563,13737022629973,13737023035962,13737025212469,2.765906,0.405989,2.176507,960
live,1450,13737032446563,13737032637873,13737033064247,13737035265650,2.819087,0.426374,2.201403,960
live,1451,13737042446563,13737042659054,13737043078515,13737045306159,2.859596,0.419461,2.227644,960
live,1452,13737052446563,13737052595210,13737052692523,13737054792389,2.345826,0.097313,2.099866,960
live,1453,13737062446563,13737062598375,13737062692648,13737064830370,2.383807,0.094273,2.137722,960
live,1454,13737072446563,13737072589699,13737072680996,13737074749470,2.302907,0.091297,2.068474,960
live,1455,13737082446563,13737082587296,13737082665504,13737084781755,2.335192,0.078208,2.116251,960
live,1456,13737092446563,13737092585628,13737092662013,13737094764535,2.317972,0.076385,2.102522,960
live,1457,13737102446563,13737102584441,13737102686010,13737104807028,2.360465,0.101569,2.121018,960
live,1458,13737112446563,13737112595541,13737112693686,13737114810321,2.363758,0.098145,2.116635,960
live,1459,13737122446563,13737122597522,13737122688467,13737124812525,2.365962,0.090945,2.124058,960
live,1460,13737132446563,13737132592142,13737132669039,13737138691834,6.245271,0.076897,6.022795,960
live,1461,13737142446563,13737142596555,13737142682636,13737144825063,2.3785,0.086081,2.142427,960
live,1462,13737152446563,13737152587495,13737152676297,13737154772131,2.325568,0.088802,2.095834,960
live,1463,13737162446563,13737162600388,13737162714374,13737164924641,2.478078,0.113986,2.210267,960
live,1464,13737172446563,13737172600769,13737172706978,13737174832508,2.385945,0.106209,2.12553,960
live,1465,13737182446563,13737182599773,13737182692702,13737184862553,2.41599,0.092929,2.169851,960
live,1466,13737192446563,13737192597978,13737192679867,13737194802613,2.35605,0.081889,2.122746,960
live,1467,13737202446563,13737202589558,13737202677271,13737204826866,2.380303,0.087713,2.149595,960
live,1468,13737212446563,13737212601235,13737212697716,13737214865871,2.419308,0.096481,2.168155,960
live,1469,13737222446563,13737222598031,13737222691761,13737224820299,2.373736,0.09373,2.128538,960
live,1470,13737232446563,13737232593612,13737232668237,13737234756455,2.309892,0.074625,2.088218,960
live,1471,13737242446563,13737242588968,13737242689482,13737244832164,2.385601,0.100514,2.142682,960
live,1472,13737252446563,13737252590981,13737252688326,13737254800033,2.35347,0.097345,2.111707,960
live,1473,13737262446563,13737262595874,13737262687811,13737264864798,2.418235,0.091937,2.176987,960
live,1474,13737272446563,13737272589246,13737272670783,13737274789850,2.343287,0.081537,2.119067,960
live,1475,13737282446563,13737282591291,13737282679836,13737284818166,2.371603,0.088545,2.13833,960
live,1476,13737292446563,13737292588823,13737292682200,13737294802259,2.355696,0.093377,2.120059,960
live,1477,13737302446563,13737302583348,13737302670997,13737304812015,2.365452,0.087649,2.141018,960
live,1478,13737312446563,13737312596048,13737312696562,13737314826156,2.379593,0.100514,2.129594,960
live,1479,13737322446563,13737322590573,13737322671726,13737324812745,2.366182,0.081153,2.141019,960
live,1480,13737332446563,13737332591241,13737332688587,13737338726774,6.280211,0.097346,6.038187,960
live,1481,13737342446563,13737342600294,13737342702567,13737344853090,2.406527,0.102273,2.150523,960
live,1482,13737352446563,13737352590275,13737352684612,13737354830686,2.384123,0.094337,2.146074,960
live,1483,13737362446563,13737362620351,13737362792194,13737365074046,2.627483,0.171843,2.281852,960
live,1484,13737372446563,13737372600220,13737372698909,13737374834584,2.388021,0.098689,2.135675,960
live,1485,13737382446563,13737382593656,13737382686041,13737384806740,2.360177,0.092385,2.120699,960
live,1486,13737392446563,13737392602069,13737392706070,13737394807632,2.361069,0.104001,2.101562,960
live,1487,13737402446563,13737402606770,13737402708979,13737404917390,2.470827,0.102209,2.208411,960
live,1488,13737412446563,13737412595054,13737412675183,13737415802134,3.355571,0.080129,3.126951,960
live,1489,13737422446563,13737422591114,13737422679500,13737424836646,2.390083,0.088386,2.157146,960
live,1490,13737432446563,13737432594759,13737432678088,13737434784322,2.337759,0.083329,2.106234,960
live,1491,13737442446563,13737442589860,13737442680421,13737444816159,2.369596,0.090561,2.135738,960
live,1492,13737452446563,13737452590944,13737452675905,13737454747899,2.301336,0.084961,2.071994,960
live,1493,13737462446563,13737462590877,13737462681566,13737464822424,2.375861,0.090689,2.140858,960
live,1494,13737472446563,13737472594809,13737472691739,13737475200218,2.753655,0.09693,2.508479,960
live,1495,13737482446563,13737482590550,13737482681367,13737485227479,2.780916,0.090817,2.546112,960
live,1496,13737492446563,13737492587346,13737492688020,13737495090097,2.643534,0.100674,2.402077,960
live,1497,13737502446563,13737502596399,13737502691024,13737504822347,2.375784,0.094625,2.131323,960
live,1498,13737512446563,13737512591179,13737512679181,13737514806663,2.3601,0.088002,2.127482,960
live,1499,13737522446563,13737522591336,13737522790731,13737524952869,2.506306,0.199395,2.162138,960
