stage,sequence,release_ns,queued_ns,start_ns,end_ns,age_ms,queue_ms,service_ms,output_samples
live,0,13570463024817,13570463250693,13570463540072,13570465154429,2.129612,0.289379,1.614357,480
live,1,13570473024817,13570473166881,13570473422884,13570474378032,1.353215,0.256003,0.955148,480
live,2,13570483024817,13570483138494,13570483400737,13570484748466,1.723649,0.262243,1.347729,480
live,3,13570493024817,13570493140955,13570493423998,13570494713294,1.688477,0.283043,1.289296,480
live,4,13570503024817,13570503140664,13570503195641,13570504610954,1.586137,0.054977,1.415313,480
live,5,13570513024817,13570513160981,13570513250230,13570514919659,1.894842,0.089249,1.669429,480
live,6,13570523024817,13570523170770,13570523265140,13570524904360,1.879543,0.09437,1.63922,480
live,7,13570533024817,13570533146223,13570533189776,13570534617602,1.592785,0.043553,1.427826,480
live,8,13570543024817,13570543122252,13570543162093,13570544488829,1.464012,0.039841,1.326736,480
live,9,13570553024817,13570553146665,13570553235787,13570554853759,1.828942,0.089122,1.617972,480
live,10,13570563024817,13570563170951,13570563245064,13570564918077,1.89326,0.074113,1.673013,480
live,11,13570573024817,13570573164548,13570573248421,13570574886617,1.8618,0.083873,1.638196,480
live,12,13570583024817,13570583196577,13570583416772,13570584784917,1.7601,0.220195,1.368145,480
live,13,13570593024817,13570593173982,13570593259583,13570594920596,1.895779,0.085601,1.661013,480
live,14,13570603024817,13570603169083,13570603266108,13570604972882,1.948065,0.097025,1.706774,480
live,15,13570613024817,13570613178936,13570613263033,13570614903950,1.879133,0.084097,1.640917,480
live,16,13570623024817,13570623167733,13570623242742,13570624634440,1.609623,0.075009,1.391698,480
live,17,13570633024817,13570633144434,13570633201331,13570634809223,1.784406,0.056897,1.607892,480
live,18,13570643024817,13570643130703,13570643181136,13570644509312,1.484495,0.050433,1.328176,480
live,19,13570653024817,13570653151084,13570653237741,13570654886114,1.861297,0.086657,1.648373,480
live,20,13570663024817,13570663178634,13570663260427,13570665052481,2.027664,0.081793,1.792054,480
live,21,13570673024817,13570673127142,13570673161319,13570674031858,1.007041,0.034177,0.870539,480
live,22,13570683024817,13570683130723,13570683165604,13570684279378,1.254561,0.034881,1.113774,480
live,23,13570693024817,13570693149473,13570693210626,13570693805481,0.780664,0.061153,0.594855,480
live,24,13570703024817,13570703140286,13570703210079,13570703724837,0.70002,0.069793,0.514758,480
live,25,13570713024817,13570713126619,13570713172283,13570714130503,1.105686,0.045664,0.95822,480
live,26,13570723024817,13570723125496,13570723184504,13570724255302,1.230485,0.059008,1.070798,480
live,27,13570733024817,13570733127509,13570733216566,13570734595879,1.571062,0.089057,1.379313,480
live,28,13570743024817,13570743160818,13570743250995,13570744328481,1.303664,0.090177,1.077486,480
live,29,13570753024817,13570753175760,13570753265009,13570754899077,1.87426,0.089249,1.634068,480
live,30,13570763024817,13570763144204,13570763187213,13570764291067,1.26625,0.043009,1.103854,480
live,31,13570773024817,13570773148329,13570773241899,13570774643356,1.618539,0.09357,1.401457,480
live,32,13570783024817,13570783174727,13570783262824,13570784950301,1.925484,0.088097,1.687477,480
live,33,13570793024817,13570793174724,13570793263461,13570794966938,1.942121,0.088737,1.703477,480
live,34,13570803024817,13570803176641,13570803253794,13570804949463,1.924646,0.077153,1.695669,480
live,35,13570813024817,13570813141214,13570813192158,13570814470798,1.445981,0.050944,1.27864,480
live,36,13570823024817,13570823135035,13570823178907,13570824123847,1.09903,0.043872,0.94494,480
live,37,13570833024817,13570833163640,13570833249849,13570835011919,1.987102,0.086209,1.76207,480
live,38,13570843024817,13570843182486,13570843279351,13570845096045,2.071228,0.096865,1.816694,480
live,39,13570853024817,13570853181715,13570853267828,13570854951305,1.926488,0.086113,1.683477,480
live,40,13570863024817,13570863172368,13570863259729,13570865855473,2.830656,0.087361,2.595744,480
live,41,13570873024817,13570873155660,13570873240142,13570874905826,1.881009,0.084482,1.665684,480
live,42,13570883024817,13570883172330,13570883279147,13570884996321,1.971504,0.106817,1.717174,480
live,43,13570893024817,13570893178055,13570893269896,13570894993950,1.969133,0.091841,1.724054,480
live,44,13570903024817,13570903179012,13570903267781,13570904962042,1.937225,0.088769,1.694261,480
live,45,13570913024817,13570913171553,13570913259362,13570915013976,1.989159,0.087809,1.754614,480
live,46,13570923024817,13570923166270,13570923265151,13570924943828,1.919011,0.098881,1.678677,480
live,47,13570933024817,13570933171163,13570933262748,13570934994610,1.969793,0.091585,1.731862,480
live,48,13570943024817,13570943180984,13570943257337,13570945127889,2.103072,0.076353,1.870552,480
live,49,13570953024817,13570953168661,13570953264087,13570954957036,1.932219,0.095426,1.692949,480
live,50,13570963024817,13570963172051,13570963246419,13570964963721,1.938904,0.074368,1.717302,480
live,51,13570973024817,13570973175088,13570973266545,13570974937638,1.912821,0.091457,1.671093,480
live,52,13570983024817,13570983172557,13570983257358,13570984954595,1.929778,0.084801,1.697237,480
live,53,13570993024817,13570993176234,13570993255755,13570994986240,1.961423,0.079521,1.730485,480
live,54,13571003024817,13571003170055,13571003262216,13571004957501,1.932684,0.092161,1.695285,480
live,55,13571013024817,13571013173220,13571013258661,13571014925946,1.901129,0.085441,1.667285,480
live,56,13571023024817,13571023169153,13571023254466,13571024938839,1.914022,0.085313,1.684373,480
live,57,13571033024817,13571033173406,13571033259295,13571034902612,1.877795,0.085889,1.643317,480
live,58,13571043024817,13571043172379,13571043251452,13571044950545,1.925728,0.079073,1.699093,480
live,59,13571053024817,13571053171864,13571053257785,13571054908654,1.883837,0.085921,1.650869,480
live,60,13571063024817,13571063171061,13571063261078,13571065841591,2.816774,0.090017,2.580513,480
live,61,13571073024817,13571073176627,13571073279028,13571074957641,1.932824,0.102401,1.678613,480
live,62,13571083024817,13571083175440,13571083258321,13571084920165,1.895348,0.082881,1.661844,480
live,63,13571093024817,13571093289518,13571093442896,13571095478025,2.453208,0.153378,2.035129,480
live,64,13571103024817,13571103181418,13571103269579,13571104967840,1.943023,0.088161,1.698261,480
live,65,13571113024817,13571113175847,13571113261032,13571114949757,1.92494,0.085185,1.688725,480
live,66,13571123024817,13571123171684,13571123263077,13571124964410,1.939593,0.091393,1.701333,480
live,67,13571133024817,13571133181569,13571133289026,13571137197267,4.17245,0.107457,3.908241,480
live,68,13571143024817,13571143176734,13571143282399,13571145709118,2.684301,0.105665,2.426719,480
live,69,13571153024817,13571153185819,13571153281821,13571155046899,2.022082,0.096002,1.765078,480
live,70,13571163024817,13571163179896,13571163268825,13571164979279,1.954462,0.088929,1.710454,480
live,71,13571173024817,13571173177877,13571173271607,13571175205903,2.181086,0.09373,1.934296,480
live,72,13571183024817,13571183177555,13571183263860,13571185200108,2.175291,0.086305,1.936248,480
live,73,13571193024817,13571193182032,13571193273201,13571195187337,2.16252,0.091169,1.914136,480
live,74,13571203024817,13571203182829,13571203278798,13571205000867,1.97605,0.095969,1.722069,480
live,75,13571213024817,13571213171914,13571213261163,13571215207619,2.182802,0.089249,1.946456,480
live,76,13571223024817,13571223216967,13571223304072,13571224981277,1.95646,0.087105,1.677205,480
live,77,13571233024817,13571233198660,13571233286309,13571235351615,2.326798,0.087649,2.065306,480
live,78,13571243024817,13571243138817,13571243179777,13571244290223,1.265406,0.04096,1.110446,480
live,79,13571253024817,13571253122973,13571253194014,13571254764338,1.739521,0.071041,1.570324,480
live,80,13571263024817,13571263170619,13571263260796,13571266186049,3.161232,0.090177,2.925253,480
live,81,13571273024817,13571273169944,13571273255833,13571274944462,1.919645,0.085889,1.688629,480
live,82,13571283024817,13571283167093,13571283243830,13571284936619,1.911802,0.076737,1.692789,480
live,83,13571293024817,13571293169010,13571293253075,13571294924712,1.899895,0.084065,1.671637,480
live,84,13571303024817,13571303171247,13571303249168,13571304986246,1.961429,0.077921,1.737078,480
live,85,13571313024817,13571313168877,13571313254766,13571314925059,1.900242,0.085889,1.670293,480
live,86,13571323024817,13571323168810,13571323241291,13571324945472,1.920655,0.072481,1.704181,480
live,87,13571333024817,13571333168039,13571333249672,13571334920797,1.89598,0.081633,1.671125,480
live,88,13571343024817,13571343165924,13571343249381,13571344945050,1.920233,0.083457,1.695669,480
live,89,13571353024817,13571353172257,13571353264898,13571355041400,2.016583,0.092641,1.776502,480
live,90,13571363024817,13571363174590,13571363270271,13571364477902,1.453085,0.095681,1.207631,480
live,91,13571373024817,13571373181947,13571373271708,13571374134215,1.109398,0.089761,0.862507,480
live,92,13571383024817,13571383172600,13571383256441,13571384129796,1.104979,0.083841,0.873355,480
live,93,13571393024817,13571393183317,13571393270327,13571394122081,1.097264,0.08701,0.851754,480
live,94,13571403024817,13571403183027,13571403270804,13571404180415,1.155598,0.087777,0.909611,480
live,95,13571413024817,13571413170991,13571413251760,13571414365950,1.341133,0.080769,1.11419,480
live,96,13571423024817,13571423176461,13571423260302,13571424400124,1.375307,0.083841,1.139822,480
live,97,13571433024817,13571433171050,13571433253419,13571434345048,1.320231,0.082369,1.091629,480
live,98,13571443024817,13571443170055,13571443240872,13571444058322,1.033505,0.070817,0.81745,480
live,99,13571453024817,13571453174148,13571453262341,13571454416595,1.391778,0.088193,1.154254,480
live,100,13571463024817,13571463170593,13571463247746,13571465282779,2.257962,0.077153,2.035033,480
live,101,13571473024817,13571473169182,13571473240831,13571474034601,1.009784,0.071649,0.79377,480
live,102,13571483024817,13571483166779,13571483239100,13571484056038,1.031221,0.072321,0.816938,480
live,103,13571493024817,13571493172536,13571493252281,13571494374791,1.349974,0.079745,1.12251,480
live,104,13571503024817,13571503177237,13571503266742,13571504519814,1.494997,0.089505,1.253072,480
live,105,13571513024817,13571513174930,13571513257235,13571514372769,1.347952,0.082305,1.115534,480
live,106,13571523024817,13571523173167,13571523257072,13571524391295,1.366478,0.083905,1.134223,480
live,107,13571533024817,13571533170765,13571533239181,13571534023383,0.998566,0.068416,0.784202,480
live,108,13571543024817,13571543165898,13571543234282,13571544062933,1.038116,0.068384,0.828651,480
live,109,13571553024817,13571553212391,13571553375081,13571554880540,1.855723,0.16269,1.505459,480
live,110,13571563024817,13571563171364,13571563256901,13571564121488,1.096671,0.085537,0.864587,480
live,111,13571573024817,13571573169857,13571573252482,13571574049612,1.024795,0.082625,0.79713,480
live,112,13571583024817,13571583172414,13571583270847,13571584089929,1.065112,0.098433,0.819082,480
live,113,13571593024817,13571593169083,13571593253788,13571594102055,1.077238,0.084705,0.848267,480
live,114,13571603024817,13571603171992,13571603250617,13571604380935,1.356118,0.078625,1.130318,480
live,115,13571613024817,13571613227894,13571613343351,13571614224354,1.199537,0.115457,0.881003,480
live,116,13571623024817,13571623201267,13571623295316,13571624180831,1.156014,0.094049,0.885515,480
live,117,13571633024817,13571633181712,13571633265777,13571634072923,1.048106,0.084065,0.807146,480
live,118,13571643024817,13571643175885,13571643246541,13571644071544,1.046727,0.070656,0.825003,480
live,119,13571653024817,13571653166250,13571653233034,13571653998836,0.974019,0.066784,0.765802,480
live,120,13571663024817,13571663177223,13571663263912,13571665272769,2.247952,0.086689,2.008857,480
live,121,13571673024817,13571673171940,13571673251589,13571674352915,1.328098,0.079649,1.101326,480
live,122,13571683024817,13571683166849,13571683244962,13571684377008,1.352191,0.078113,1.132046,480
live,123,13571693024817,13571693168414,13571693236447,13571694325932,1.301115,0.068033,1.089485,480
live,124,13571703024817,13571703168571,13571703234620,13571704356714,1.331897,0.066049,1.122094,480
live,125,13571713024817,13571713170840,13571713252217,13571714393575,1.368758,0.081377,1.141358,480
live,126,13571723024817,13571723173173,13571723260150,13571724382404,1.357587,0.086977,1.122254,480
live,127,13571733024817,13571733168818,13571733266419,13571734374113,1.349296,0.097601,1.107694,480
live,128,13571743024817,13571743166543,13571743251120,13571744050810,1.025993,0.084577,0.79969,480
live,129,13571753024817,13571753172300,13571753240653,13571754324635,1.299818,0.068353,1.083982,480
live,130,13571763024817,13571763169866,13571763241290,13571764068597,1.04378,0.071424,0.827307,480
live,131,13571773024817,13571773166375,13571773243976,13571774341173,1.316356,0.077601,1.097197,480
live,132,13571783024817,13571783164260,13571783247269,13571784357395,1.332578,0.083009,1.110126,480
live,133,13571793024817,13571793165025,13571793246946,13571794321551,1.296734,0.081921,1.074605,480
live,134,13571803024817,13571803163934,13571803231423,13571803999720,0.974903,0.067489,0.768297,480
live,135,13571813024817,13571813169563,13571813250172,13571814382218,1.357401,0.080609,1.132046,480
live,136,13571823024817,13571823173720,13571823242233,13571824512105,1.487288,0.068513,1.269872,480
live,137,13571833024817,13571833171605,13571833248598,13571834027456,1.002639,0.076993,0.778858,480
live,138,13571843024817,13571843167794,13571843254611,13571844063357,1.03854,0.086817,0.808746,480
live,139,13571853024817,13571853170031,13571853256784,13571854051162,1.026345,0.086753,0.794378,480
live,140,13571863024817,13571863176140,13571863249933,13571864907074,1.882257,0.073793,1.657141,480
live,141,13571873024817,13571873164745,13571873236554,13571874022804,0.997987,0.071809,0.78625,480
live,142,13571883024817,13571883165607,13571883246440,13571884034097,1.00928,0.080833,0.787657,480
live,143,13571893024817,13571893162180,13571893238181,13571894015470,0.990653,0.076001,0.777289,480
live,144,13571903024817,13571903163233,13571903248194,13571904039596,1.014779,0.084961,0.791402,480
live,145,13571913024817,13571913170046,13571913248767,13571914409389,1.384572,0.078721,1.160622,480
live,146,13571923024817,13571923171451,13571923239548,13571924366538,1.341721,0.068097,1.12699,480
live,147,13571933024817,13571933167096,13571933235289,13571934009859,0.985042,0.068193,0.77457,480
live,148,13571943024817,13571943167765,13571943252022,13571944036384,1.011567,0.084257,0.784362,480
live,149,13571953024817,13571953165170,13571953240531,13571954003357,0.97854,0.075361,0.762826,480
live,150,13571963024817,13571963169551,13571963249840,13571964083099,1.058282,0.080289,0.833259,480
live,151,13571973024817,13571973167276,13571973232365,13571974011575,0.986758,0.065089,0.77921,480
live,152,13571983024817,13571983214442,13571983297227,13571984102709,1.077892,0.082785,0.805482,480
live,153,13571993024817,13571993185991,13571993267720,13571994029585,1.004768,0.081729,0.761865,480
live,154,13572003024817,13572003172452,13572003246533,13572004026094,1.001277,0.074081,0.779561,480
live,155,13572013024817,13572013167585,13572013234562,13572015063288,2.038471,0.066977,1.828726,480
live,156,13572023024817,13572023178878,13572023264607,13572024412429,1.387612,0.085729,1.147822,480
live,157,13572033024817,13572033178459,13572033250684,13572034356010,1.331193,0.072225,1.105326,480
live,158,13572043024817,13572043164280,13572043240185,13572044372679,1.347862,0.075905,1.132494,480
live,159,13572053024817,13572053171317,13572053258006,13572054255011,1.230194,0.086689,0.997005,480
live,160,13572063024817,13572063167410,13572063245619,13572064849447,1.82463,0.078209,1.603828,480
live,161,13572073024817,13572073188783,13572073286161,13572074173116,1.148299,0.097378,0.886955,480
live,162,13572083024817,13572083154060,13572083218061,13572083976246,0.951429,0.064001,0.758185,480
live,163,13572093024817,13572093150345,13572093221546,13572093952947,0.92813,0.071201,0.731401,480
live,164,13572103024817,13572103154726,13572103219719,13572103955120,0.930303,0.064993,0.735401,480
live,165,13572113024817,13572113164900,13572113244325,13572113987598,0.962781,0.079425,0.743273,480
live,166,13572123024817,13572123174785,13572123258626,13572124086444,1.061627,0.083841,0.827818,480
live,167,13572133024817,13572133167582,13572133243871,13572134014728,0.989911,0.076289,0.770857,480
live,168,13572143024817,13572143167899,13572143234140,13572143989061,0.964244,0.066241,0.754921,480
live,169,13572153024817,13572153167896,13572153248857,13572154009058,0.984241,0.080961,0.760201,480
live,170,13572163024817,13572163171221,13572163252918,13572164030688,1.005871,0.081697,0.77777,480
live,171,13572173024817,13572173172274,13572173255155,13572174392225,1.367408,0.082881,1.13707,480
live,172,13572183024817,13572183170959,13572183249168,13572184381662,1.356845,0.078209,1.132494,480
live,173,13572193024817,13572193165100,13572193233101,13572194329307,1.30449,0.068001,1.096206,480
live,174,13572203024817,13572203170409,13572203241034,13572204334200,1.309383,0.070625,1.093166,480
live,175,13572213024817,13572213165318,13572213234663,13572213998257,0.97344,0.069345,0.763594,480
live,176,13572223024817,13572223169060,13572223256197,13572224088335,1.063518,0.087137,0.832138,480
live,177,13572233024817,13572233170657,13572233248610,13572234014411,0.989594,0.077953,0.765801,480
live,178,13572243024817,13572243169950,13572243259807,13572244049417,1.0246,0.089857,0.78961,480
live,179,13572253024817,13572253167803,13572253233468,13572253988837,0.96402,0.065665,0.755369,480
live,180,13572263024817,13572263168632,13572263236825,13572264816684,1.791867,0.068193,1.579859,480
live,181,13572273024817,13572273174453,13572273261430,13572274106209,1.081392,0.086977,0.844779,480
live,182,13572283024817,13572283173970,13572283256371,13572284111774,1.086957,0.082401,0.855403,480
live,183,13572293024817,13572293170767,13572293256176,13572294145595,1.120778,0.085409,0.889419,480
live,184,13572303024817,13572303179180,13572303264429,13572304130424,1.105607,0.085249,0.865995,480
live,185,13572313024817,13572313173545,13572313250986,13572314063988,1.039171,0.077441,0.813002,480
live,186,13572323024817,13572323185095,13572323277416,13572324190867,1.16605,0.092321,0.913451,480
live,187,13572333024817,13572333176228,13572333259621,13572334057295,1.032478,0.083393,0.797674,480
live,188,13572343024817,13572343168929,13572343249698,13572344047340,1.022523,0.080769,0.797642,480
live,189,13572353024817,13572353170078,13572353253983,13572354341836,1.317019,0.083905,1.087853,480
live,190,13572363024817,13572363174203,13572363242300,13572364346313,1.321496,0.068097,1.104013,480
live,191,13572373024817,13572373166296,13572373234265,13572374021986,0.997169,0.067969,0.787721,480
live,192,13572383024817,13572383166997,13572383233718,13572383991487,0.96667,0.066721,0.757769,480
live,193,13572393024817,13572393166258,13572393244403,13572394006844,0.982027,0.078145,0.762441,480
live,194,13572403024817,13572403165487,13572403245264,13572404032026,1.007209,0.079777,0.786762,480
live,195,13572413024817,13572413166860,13572413247597,13572414018839,0.994022,0.080737,0.771242,480
live,196,13572423024817,13572423252938,13572423333675,13572424803870,1.779053,0.080737,1.470195,480
live,197,13572433024817,13572433196935,13572433284744,13572434063089,1.038272,0.087809,0.778345,480
live,198,13572443024817,13572443176547,13572443259973,13572444391699,1.366882,0.083426,1.131726,480
live,199,13572453024817,13572453175521,13572453267234,13572454358511,1.333694,0.091713,1.091277,480
live,200,13572463024817,13572463171774,13572463255519,13572465199607,2.17479,0.083745,1.944088,480
live,201,13572473024817,13572473170363,13572473259612,13572474356809,1.331992,0.089249,1.097197,480
live,202,13572483024817,13572483201784,13572483300409,13572484481672,1.456855,0.098625,1.181263,480
live,203,13572493024817,13572493186453,13572493269206,13572494359556,1.334739,0.082753,1.09035,480
live,204,13572503024817,13572503178290,13572503271731,13572504442978,1.418161,0.093441,1.171247,480
live,205,13572513024817,13572513175183,13572513263440,13572514063322,1.038505,0.088257,0.799882,480
live,206,13572523024817,13572523174828,13572523265165,13572524083351,1.058534,0.090337,0.818186,480
live,207,13572533024817,13572533205930,13572533306763,13572534162038,1.137221,0.100833,0.855275,480
live,208,13572543024817,13572543185350,13572543271367,13572544087890,1.063073,0.086017,0.816523,480
live,209,13572553024817,13572553178339,13572553261956,13572554028174,1.003357,0.083617,0.766218,480
live,210,13572563024817,13572563170592,13572563250081,13572564031627,1.00681,0.079489,0.781546,480
live,211,13572573024817,13572573171101,13572573255775,13572574340748,1.315931,0.084674,1.084973,480
live,212,13572583024817,13572583198459,13572583292700,13572584457355,1.432538,0.094241,1.164655,480
live,213,13572593024817,13572593185688,13572593270873,13572594338534,1.313717,0.085185,1.067661,480
live,214,13572603024817,13572603180085,13572603280086,13572604175297,1.15048,0.100001,0.895211,480
live,215,13572613024817,13572613171474,13572613250675,13572614043581,1.018764,0.079201,0.792906,480
live,216,13572623024817,13572623170735,13572623253936,13572624055482,1.030665,0.083201,0.801546,480
live,217,13572633024817,13572633201164,13572633299566,13572634122232,1.097415,0.098402,0.822666,480
live,218,13572643024817,13572643185705,13572643269258,13572644073204,1.048387,0.083553,0.803946,480
live,219,13572653024817,13572653189670,13572653280136,13572654051473,1.026656,0.090466,0.771337,480
live,220,13572663024817,13572663182691,13572663264836,13572665237373,2.212556,0.082145,1.972537,480
live,221,13572673024817,13572673172320,13572673258593,13572674349679,1.324862,0.086273,1.091086,480
live,222,13572683024817,13572683196734,13572683298495,13572684461678,1.436861,0.101761,1.163183,480
live,223,13572693024817,13572693186939,13572693277692,13572694378570,1.353753,0.090753,1.100878,480
live,224,13572703024817,13572703173816,13572703246489,13572704379687,1.35487,0.072673,1.133198,480
live,225,13572713024817,13572713178261,13572713256502,13572714342563,1.317746,0.078241,1.086061,480
live,226,13572723024817,13572723169426,13572723249907,13572724355969,1.331152,0.080481,1.106062,480
live,227,13572733024817,13572733198863,13572733294928,13572734428415,1.403598,0.096065,1.133487,480
live,228,13572743024817,13572743229709,13572743317486,13572744165272,1.140455,0.087777,0.847786,480
live,229,13572753024817,13572753206505,13572753292619,13572754201046,1.176229,0.086114,0.908427,480
live,230,13572763024817,13572763181254,13572763262215,13572764072305,1.047488,0.080961,0.81009,480
live,231,13572773024817,13572773175267,13572773253124,13572774015918,0.991101,0.077857,0.762794,480
live,232,13572783024817,13572783197345,13572783292770,13572784446128,1.421311,0.095425,1.153358,480
live,233,13572793024817,13572793182718,13572793268479,13572794055496,1.030679,0.085761,0.787017,480
live,234,13572803024817,13572803175739,13572803258396,13572804056518,1.031701,0.082657,0.798122,480
live,235,13572813024817,13572813169144,13572813252505,13572814017890,0.993073,0.083361,0.765385,480
live,236,13572823024817,13572823168565,13572823237813,13572823997279,0.972462,0.069248,0.759466,480
live,237,13572833024817,13572833197394,13572833291923,13572834098141,1.073324,0.094529,0.806218,480
live,238,13572843024817,13572843179151,13572843263888,13572844071706,1.046889,0.084737,0.807818,480
live,239,13572853024817,13572853179724,13572853263405,13572854035799,1.010982,0.083681,0.772394,480
live,240,13572863024817,13572863175465,13572863254538,13572865158114,2.133297,0.079073,1.903576,480
live,241,13572873024817,13572873173766,13572873243143,13572874331189,1.306372,0.069377,1.088046,480
live,242,13572883024817,13572883831339,13572883944045,13572884777335,1.752518,0.112706,0.83329,480
live,243,13572893024817,13572893195585,13572893291138,13572894075468,1.050651,0.095553,0.78433,480
live,244,13572903024817,13572903181277,13572903266398,13572904376556,1.351739,0.085121,1.110158,480
live,245,13572913024817,13572913174842,13572913266076,13572914041381,1.016564,0.091234,0.775305,480
live,246,13572923024817,13572923173815,13572923244408,13572924038242,1.013425,0.070593,0.793834,480
live,247,13572933024817,13572933171957,13572933259158,13572934350723,1.325906,0.087201,1.091565,480
live,248,13572943024817,13572943175250,13572943253331,13572944120765,1.095948,0.078081,0.867434,480
live,249,13572953024817,13572953170767,13572953250704,13572954027417,1.0026,0.079937,0.776713,480
live,250,13572963024817,13572963195532,13572963327406,13572964321402,1.296585,0.131874,0.993996,480
live,251,13572973024817,13572973229834,13572973343691,13572974201334,1.176517,0.113857,0.857643,480
live,252,13572983024817,13572983204710,13572983305192,13572984166290,1.141473,0.100482,0.861098,480
live,253,13572993024817,13572993211684,13572993615753,13572995366846,2.342029,0.404069,1.751093,480
live,254,13573003024817,13573003274241,13573003689895,13573005555198,2.530381,0.415654,1.865303,480
live,255,13573013024817,13573013210238,13573013604739,13573015415161,2.390344,0.394501,1.810422,480
live,256,13573023024817,13573023179002,13573023565311,13573025350614,2.325797,0.386309,1.785303,480
live,257,13573033024817,13573033176791,13573033567516,13573035340466,2.315649,0.390725,1.77295,480
live,258,13573043024817,13573043174260,13573043568313,13573045395984,2.371167,0.394053,1.827671,480
live,259,13573053024817,13573053160689,13573053245810,13573054911911,1.887094,0.085121,1.666101,480
live,260,13573063024817,13573063168143,13573063253392,13573066016210,2.991393,0.085249,2.762818,480
live,261,13573073024817,13573073160620,13573073243501,13573074909729,1.884912,0.082881,1.666228,480
live,262,13573083024817,13573083158825,13573083244970,13573084926047,1.90123,0.086145,1.681077,480
live,263,13573093024817,13573093168006,13573093262887,13573094955324,1.930507,0.094881,1.692437,480
live,264,13573103024817,13573103164483,13573103255780,13573104947961,1.923144,0.091297,1.692181,480
live,265,13573113024817,13573113162848,13573113234657,13573115157273,2.132456,0.071809,1.922616,480
live,266,13573123024817,13573123158749,13573123234494,13573124901683,1.876866,0.075745,1.667189,480
live,267,13573133024817,13573133160698,13573133234235,13573134886192,1.861375,0.073537,1.651957,480
live,268,13573143024817,13573143168503,13573143266520,13573145003342,1.978525,0.098017,1.736822,480
live,269,13573153024817,13573153164084,13573153252981,13573154925226,1.900409,0.088897,1.672245,480
live,270,13573163024817,13573163164081,13573163253522,13573164920423,1.895606,0.089441,1.666901,480
live,271,13573173024817,13573173160654,13573173246735,13573175177384,2.152567,0.086081,1.930649,480
live,272,13573183024817,13573183215724,13573183337998,13573185028355,2.003538,0.122274,1.690357,480
live,273,13573193024817,13573193260234,13573193389003,13573195130817,2.106,0.128769,1.741814,480
live,274,13573203024817,13573203224838,13573203335560,13573205032285,2.007468,0.110722,1.696725,480
live,275,13573213024817,13573213193859,13573213293060,13573214983129,1.958312,0.099201,1.690069,480
live,276,13573223024817,13573223179296,13573223268193,13573224942742,1.917925,0.088897,1.674549,480
live,277,13573233024817,13573233178141,13573233271198,13573234923763,1.898946,0.093057,1.652565,480
live,278,13573243024817,13573243180698,13573243275003,13573244998705,1.973888,0.094305,1.723702,480
live,279,13573253024817,13573253175287,13573253267096,13573254930061,1.905244,0.091809,1.662965,480
live,280,13573263024817,13573263173844,13573263262389,13573265755669,2.730852,0.088545,2.49328,480
live,281,13573273024817,13573273167889,13573273255250,13573274929191,1.904374,0.087361,1.673941,480
live,282,13573283024817,13573283238543,13573283403153,13573285206792,2.181975,0.16461,1.803639,480
live,283,13573293024817,13573293243756,13573293370542,13573295136452,2.111635,0.126786,1.76591,480
live,284,13573303024817,13573303204425,13573303313642,13573305042144,2.017327,0.109217,1.728502,480
live,285,13573313024817,13573313182694,13573313280359,13573315323073,2.298256,0.097665,2.042714,480
live,286,13573323024817,13573323175011,13573323268548,13573325210492,2.185675,0.093537,1.941944,480
live,287,13573333024817,13573333174144,13573333262017,13573334905429,1.880612,0.087873,1.643412,480
live,288,13573343024817,13573343202205,13573343302623,13573345022068,1.997251,0.100418,1.719445,480
live,289,13573353024817,13573353177178,13573353262427,13573354929744,1.904927,0.085249,1.667317,480
live,290,13573363024817,13573363167127,13573363250872,13573364904013,1.879196,0.083745,1.653141,480
live,291,13573373024817,13573373166996,13573373239989,13573374894218,1.869401,0.072993,1.654229,480
live,292,13573383024817,13573383166225,13573383257138,13573384930119,1.905302,0.090913,1.672981,480
live,293,13573393024817,13573393345168,13573393467826,13573395362026,2.337209,0.122658,1.8942,480
live,294,13573403024817,13573403183307,13573403278253,13573404962018,1.937201,0.094946,1.683765,480
live,295,13573413024817,13573413175432,13573413269418,13573414923742,1.898925,0.093986,1.654324,480
live,296,13573423024817,13573423178054,13573423273831,13573424961116,1.936299,0.095777,1.687285,480
live,297,13573433024817,13573433191555,13573433292484,13573434971193,1.946376,0.100929,1.678709,480
live,298,13573443024817,13573443176192,13573443265281,13573445621950,2.597133,0.089089,2.356669,480
live,299,13573453024817,13573453191229,13573453290110,13573455004436,1.979619,0.098881,1.714326,480
live,300,13573463024817,13573463175066,13573463263579,13573465777882,2.753065,0.088513,2.514303,480
live,301,13573473024817,13573473173303,13573473258936,13573474925677,1.90086,0.085633,1.666741,480
live,302,13573483024817,13573483167412,13573483244501,13573484944138,1.919321,0.077089,1.699637,480
live,303,13573493024817,13573493218770,13573493329011,13573495004968,1.980151,0.110241,1.675957,480
live,304,13573503024817,13573503234191,13573503336176,13573505029285,2.004468,0.101985,1.693109,480
live,305,13573513024817,13573513200716,13573513293741,13573514985442,1.960625,0.093025,1.691701,480
live,306,13573523024817,13573523176168,13573523256489,13573524929726,1.904909,0.080321,1.673237,480
live,307,13573533024817,13573533168709,13573533258150,13573534905307,1.88049,0.089441,1.647157,480
live,308,13573543024817,13573543170370,13573543262948,13573544920152,1.895335,0.092578,1.657204,480
live,309,13573553024817,13573553180896,13573553290209,13573555005815,1.980998,0.109313,1.715606,480
live,310,13573563024817,13573563176349,13573563267902,13573564981139,1.956322,0.091553,1.713237,480
live,311,13573573024817,13573573174330,13573573259995,13573574919312,1.894495,0.085665,1.659317,480
live,312,13573583024817,13573583167319,13573583240920,13573584922157,1.89734,0.073601,1.681237,480
live,313,13573593024817,13573593166292,13573593253781,13573594907338,1.882521,0.087489,1.653557,480
live,314,13573603024817,13573603174193,13573603274418,13573605047688,2.022871,0.100225,1.77327,480
live,315,13573613024817,13573613176910,13573613266767,13573614945892,1.921075,0.089857,1.679125,480
live,316,13573623024817,13573623171787,13573623269484,13573624902241,1.877424,0.097697,1.632757,480
live,317,13573633024817,13573633176904,13573633289770,13573634990079,1.965262,0.112866,1.700309,480
live,318,13573643024817,13573643203974,13573643325383,13573644976284,1.951467,0.121409,1.650901,480
live,319,13573653024817,13573653222051,13573653344613,13573655082234,2.057417,0.122562,1.737621,480
live,320,13573663024817,13573663189856,13573663298337,13573665830081,2.805264,0.108481,2.531744,480
live,321,13573673024817,13573673178781,13573673273470,13573674903890,1.879073,0.094689,1.63042,480
live,322,13573683024817,13573683176346,13573683267323,13573684947280,1.922463,0.090977,1.679957,480
live,323,13573693024817,13573693171415,13573693266872,13573694931597,1.90678,0.095457,1.664725,480
live,324,13573703024817,13573703173108,13573703266709,13573704991051,1.966234,0.093601,1.724342,480
live,325,13573713024817,13573713176625,13573713269458,13573714938727,1.91391,0.092833,1.669269,480
live,326,13573723024817,13573723171246,13573723261039,13573724949924,1.925107,0.089793,1.688885,480
live,327,13573733024817,13573733172875,13573733268460,13573734924353,1.899536,0.095585,1.655893,480
live,328,13573743024817,13573743171272,13573743257929,13573744939646,1.914829,0.086657,1.681717,480
live,329,13573753024817,13573753171813,13573753270502,13573754972668,1.947851,0.098689,1.702166,480
live,330,13573763024817,13573763178658,13573763273764,13573764957625,1.932808,0.095106,1.683861,480
live,331,13573773024817,13573773175583,13573773263264,13573774914741,1.889924,0.087681,1.651477,480
live,332,13573783024817,13573783172060,13573783265342,13573784954579,1.929762,0.093282,1.689237,480
live,333,13573793024817,13573793176186,13573793263963,13573794946896,1.922079,0.087777,1.682933,480
live,334,13573803024817,13573803177975,13573803274168,13573804999565,1.974748,0.096193,1.725397,480
live,335,13573813024817,13573813173524,13573813267157,13573814916681,1.891864,0.093633,1.649524,480
live,336,13573823024817,13573823171153,13573823258130,13573824937287,1.91247,0.086977,1.679157,480
live,337,13573833024817,13573833167598,13573833253167,13573834919012,1.894195,0.085569,1.665845,480
live,338,13573843024817,13573843171915,13573843261484,13573844931969,1.907152,0.089569,1.670485,480
live,339,13573853024817,13573853281225,13573853456940,13573855634215,2.609398,0.175715,2.177275,480
live,340,13573863024817,13573863228134,13573863349319,13573865870247,2.84543,0.121185,2.520928,480
live,341,13573873024817,13573873224515,13573873339236,13573875035609,2.010792,0.114721,1.696373,480
live,342,13573883024817,13573883227840,13573883345601,13573885018902,1.994085,0.117761,1.673301,480
live,343,13573893024817,13573893190077,13573893290910,13573894963667,1.93885,0.100833,1.672757,480
live,344,13573903024817,13573903184730,13573903275675,13573905178706,2.153889,0.090945,1.903031,480
live,345,13573913024817,13573913181239,13573913278616,13573914986349,1.961532,0.097377,1.707733,480
live,346,13573923024817,13573923183700,13573923278965,13573924976490,1.951673,0.095265,1.697525,480
live,347,13573933024817,13573933178897,13573933265106,13573934941927,1.91711,0.086209,1.676821,480
live,348,13573943024817,13573943173486,13573943262767,13573944945476,1.920659,0.089281,1.682709,480
live,349,13573953024817,13573953171243,13573953266348,13573954939649,1.914832,0.095105,1.673301,480
live,350,13573963024817,13573963191784,13573963283817,13573965010751,1.985934,0.092033,1.726934,480
live,351,13573973024817,13573973171365,13573973278566,13573974957179,1.932362,0.107201,1.678613,480
live,352,13573983024817,13573983174530,13573983262339,13573984150094,1.125277,0.087809,0.887755,480
live,353,13573993024817,13573993172671,13573993259296,13573994056490,1.031673,0.086625,0.797194,480
live,354,13574003024817,13574003168092,13574003248445,13574004062887,1.03807,0.080353,0.814442,480
live,355,13574013024817,13574013180121,13574013271867,13574014106853,1.082036,0.091746,0.834986,480
live,356,13574023024817,13574023170198,13574023251607,13574024064354,1.039537,0.081409,0.812747,480
live,357,13574033024817,13574033171283,13574033249460,13574034026206,1.001389,0.078177,0.776746,480
live,358,13574043024817,13574043169712,13574043256370,13574044062972,1.038155,0.086658,0.806602,480
live,359,13574053024817,13574053167662,13574053245230,13574054017688,0.992871,0.077568,0.772458,480
live,360,13574063024817,13574063172011,13574063262476,13574064901536,1.876719,0.090465,1.63906,480
live,361,13574073024817,13574073172328,13574073261609,13574074034291,1.009474,0.089281,0.772682,480
live,362,13574083024817,13574083194597,13574083292966,13574084125425,1.100608,0.098369,0.832459,480
live,363,13574093024817,13574093212706,13574093352996,13574094145582,1.120765,0.14029,0.792586,480
live,364,13574103024817,13574103220320,13574103326977,13574104182796,1.157979,0.106657,0.855819,480
live,365,13574113024817,13574113249565,13574113670178,13574115454585,2.429768,0.420613,1.784407,480
live,366,13574123024817,13574123199513,13574123596318,13574125388789,2.363972,0.396805,1.792471,480
live,367,13574133024817,13574133170198,13574133264119,13574134952972,1.928155,0.093921,1.688853,480
live,368,13574143024817,13574143169491,13574143272757,13574144942537,1.91772,0.103266,1.66978,480
live,369,13574153024817,13574153169744,13574153255825,13574154907462,1.882645,0.086081,1.651637,480
live,370,13574163024817,13574163169517,13574163268591,13574165003076,1.978259,0.099074,1.734485,480
live,371,13574173024817,13574173173451,13574173247595,13574175204644,2.179827,0.074144,1.957049,480
live,372,13574183024817,13574183156967,13574183242696,13574184927294,1.902477,0.085729,1.684598,480
live,373,13574193024817,13574193159492,13574193244774,13574195204670,2.179853,0.085282,1.959896,480
live,374,13574203024817,13574203161666,13574203243459,13574204921496,1.896679,0.081793,1.678037,480
live,375,13574213024817,13574213166399,13574213257984,13574214981909,1.957092,0.091585,1.723925,480
live,376,13574223024817,13574223169180,13574223243549,13574224933202,1.908385,0.074369,1.689653,480
live,377,13574233024817,13574233158745,13574233255322,13574235327572,2.302755,0.096577,2.07225,480
live,378,13574243024817,13574243160374,13574243250103,13574245325137,2.30032,0.089729,2.075034,480
live,379,13574253024817,13574253159635,13574253233876,13574255308718,2.283901,0.074241,2.074842,480
live,380,13574263024817,13574263213457,13574263313906,13574266102645,3.077828,0.100449,2.788739,480
live,381,13574273024817,13574273195438,13574273283471,13574274944259,1.919442,0.088033,1.660788,480
live,382,13574283024817,13574283162506,13574283244971,13574284920064,1.895247,0.082465,1.675093,480
live,383,13574293024817,13574293161223,13574293244136,13574294925917,1.9011,0.082913,1.681781,480
live,384,13574303024817,13574303160708,13574303234213,13574304925274,1.900457,0.073505,1.691061,480
live,385,13574313024817,13574313271459,13574313380964,13574315103098,2.078281,0.109505,1.722134,480
live,386,13574323024817,13574323207743,13574323325057,13574324998549,1.973732,0.117314,1.673492,480
live,387,13574333024817,13574333219484,13574333339102,13574334471404,1.446587,0.119618,1.132302,480
live,388,13574343024817,13574343190521,13574343292026,13574344191526,1.166709,0.101505,0.8995,480
live,389,13574353024817,13574353177782,13574353267607,13574354403813,1.378996,0.089825,1.136206,480
live,390,13574363024817,13574363168339,13574363255956,13574365397679,2.372862,0.087617,2.141723,480
live,391,13574373024817,13574373201584,13574373589397,13574375409388,2.384571,0.387813,1.819991,480
live,392,13574383024817,13574383193901,13574383599090,13574385422153,2.397336,0.405189,1.823063,480
live,393,13574393024817,13574393199115,13574393593391,13574395395974,2.371157,0.394276,1.802583,480
live,394,13574403024817,13574403165255,13574403264712,13574404948061,1.923244,0.099457,1.683349,480
live,395,13574413024817,13574413168324,13574413255397,13574415192638,2.167821,0.087073,1.937241,480
live,396,13574423024817,13574423168833,13574423269987,13574424992120,1.967303,0.101154,1.722133,480
live,397,13574433024817,13574433169662,13574433258080,13574434933749,1.908932,0.088418,1.675669,480
live,398,13574443024817,13574443164987,13574443250237,13574444961298,1.936481,0.08525,1.711061,480
live,399,13574453024817,13574453164633,13574453251994,13574454936527,1.91171,0.087361,1.684533,480
live,400,13574463024817,13574463172342,13574463259159,13574466002745,2.977928,0.086817,2.743586,480
live,401,13574473024817,13574473173651,13574473264308,13574474949129,1.924312,0.090657,1.684821,480
live,402,13574483024817,13574483169584,13574483266609,13574484941702,1.916885,0.097025,1.675093,480
live,403,13574493024817,13574493167917,13574493267054,13574494955555,1.930738,0.099137,1.688501,480
live,404,13574503024817,13574503163946,13574503254091,13574504952768,1.927951,0.090145,1.698677,480
live,405,13574513024817,13574513169159,13574513253896,13574514945661,1.920844,0.084737,1.691765,480
live,406,13574523024817,13574523169764,13574523262021,13574524990267,1.96545,0.092257,1.728246,480
live,407,13574533024817,13574533171713,13574533258690,13574534975096,1.950279,0.086977,1.716406,480
live,408,13574543024817,13574543167166,13574543255775,13574544956693,1.931876,0.088609,1.700918,480
live,409,13574553024817,13574553215420,13574553331741,13574555001170,1.976353,0.116321,1.669429,480
live,410,13574563024817,13574563231225,13574563352443,13574565055184,2.030367,0.121218,1.702741,480
live,411,13574573024817,13574573190422,13574573291671,13574575013901,1.989084,0.101249,1.72223,480
live,412,13574583024817,13574583171571,13574583261716,13574584968585,1.943768,0.090145,1.706869,480
live,413,13574593024817,13574593165808,13574593267185,13574594934502,1.909685,0.101377,1.667317,480
live,414,13574603024817,13574603159373,13574603247406,13574604930243,1.905426,0.088033,1.682837,480
live,415,13574613024817,13574613157962,13574613244459,13574614933056,1.908239,0.086497,1.688597,480
live,416,13574623024817,13574623161447,13574623259912,13574624986782,1.961965,0.098465,1.72687,480
live,417,13574633024817,13574633164068,13574633240581,13574634906074,1.881257,0.076513,1.665493,480
live,418,13574643024817,13574643159489,13574643250402,13574644973336,1.948519,0.090913,1.722934,480
live,419,13574653024817,13574653155198,13574653226367,13574654912148,1.887331,0.071169,1.685781,480
live,420,13574663024817,13574663155163,13574663238428,13574665711547,2.68673,0.083265,2.473119,480
live,421,13574673024817,13574673165144,13574673261401,13574674955247,1.93043,0.096257,1.693846,480
live,422,13574683024817,13574683169205,13574683241206,13574684962764,1.937947,0.072001,1.721558,480
live,423,13574693024817,13574693154258,13574693239923,13574695195628,2.170811,0.085665,1.955705,480
live,424,13574703024817,13574703158319,13574703232208,13574704913029,1.888212,0.073889,1.680821,480
live,425,13574713024817,13574713156812,13574713227757,13574714917763,1.892946,0.070945,1.690006,480
live,426,13574723024817,13574723163594,13574723254091,13574724967712,1.942895,0.090497,1.713621,480
live,427,13574733024817,13574733160327,13574733244232,13574734917885,1.893068,0.083905,1.673653,480
live,428,13574743024817,13574743155492,13574743240453,13574744937434,1.912617,0.084961,1.696981,480
live,429,13574753024817,13574753157601,13574753231330,13574755184858,2.160041,0.073729,1.953528,480
live,430,13574763024817,13574763197310,13574763307936,13574765028661,2.003844,0.110626,1.720725,480
live,431,13574773024817,13574773519455,13574773639073,13574774709902,1.685085,0.119618,1.070829,480
live,432,13574783024817,13574783203033,13574783313498,13574784275750,1.250933,0.110465,0.962252,480
live,433,13574793024817,13574793192310,13574793288887,13574794147297,1.12248,0.096577,0.85841,480
live,434,13574803024817,13574803179954,13574803268884,13574804436578,1.411761,0.08893,1.167694,480
live,435,13574813024817,13574813175215,13574813248464,13574814042682,1.017865,0.073249,0.794218,480
live,436,13574823024817,13574823166156,13574823249965,13574824801889,1.777072,0.083809,1.551924,480
live,437,13574833024817,13574833173706,13574833259595,13574834925760,1.900943,0.085889,1.666165,480
live,438,13574843024817,13574843174151,13574843270056,13574845012478,1.987661,0.095905,1.742422,480
live,439,13574853024817,13574853170852,13574853255173,13574854955226,1.930409,0.084321,1.700053,480
live,440,13574863024817,13574863167809,13574863256034,13574865771905,2.747088,0.088225,2.515871,480
live,441,13574873024817,13574873170238,13574873266655,13574874976212,1.951395,0.096417,1.709557,480
live,442,13574883024817,13574883177787,13574883270428,13574885017970,1.993153,0.092641,1.747542,480
live,443,13574893024817,13574893172440,13574893260761,13574894942414,1.917597,0.088321,1.681653,480
live,444,13574903024817,13574903166901,13574903240470,13574904924139,1.899322,0.073569,1.683669,480
live,445,13574913024817,13574913158610,13574913242515,13574914903976,1.879159,0.083905,1.661461,480
live,446,13574923024817,13574923165455,13574923265936,13574924971206,1.946389,0.100481,1.70527,480
live,447,13574933024817,13574933172460,13574933267246,13574934968547,1.94373,0.094786,1.701301,480
live,448,13574943024817,13574943168873,13574943256906,13574944974080,1.949263,0.088033,1.717174,480
live,449,13574953024817,13574953168806,13574953271048,13574954964765,1.939948,0.102242,1.693717,480
live,450,13574963024817,13574963164771,13574963249605,13574964949914,1.925097,0.084834,1.700309,480
live,451,13574973024817,13574973164897,13574973249570,13574974935991,1.911174,0.084673,1.686421,480
live,452,13574983024817,13574983165950,13574983263647,13574984998965,1.974148,0.097697,1.735318,480
live,453,13574993024817,13574993178203,13574993271100,13574994282793,1.257976,0.092897,1.011693,480
live,454,13575003024817,13575003172216,13575003260953,13575004162116,1.137299,0.088737,0.901163,480
live,455,13575013024817,13575013171061,13575013241494,13575014072608,1.047791,0.070433,0.831114,480
live,456,13575023024817,13575023208242,13575023296852,13575024201759,1.176942,0.08861,0.904907,480
live,457,13575033024817,13575033198703,13575033283633,13575034141723,1.116906,0.08493,0.85809,480
live,458,13575043024817,13575043176076,13575043255917,13575044079576,1.054759,0.079841,0.823659,480
live,459,13575053024817,13575053169641,13575053247658,13575054044084,1.019267,0.078017,0.796426,480
live,460,13575063024817,13575063172806,13575063243207,13575065210112,2.185295,0.070401,1.966905,480
live,461,13575073024817,13575073165699,13575073234596,13575074322098,1.297281,0.068897,1.087502,480
live,462,13575083024817,13575083169568,13575083262594,13575084466193,1.441376,0.093026,1.203599,480
live,463,13575093024817,13575093177054,13575093266399,13575094359724,1.334907,0.089345,1.093325,480
live,464,13575103024817,13575103170299,13575103248828,13575104075590,1.050773,0.078529,0.826762,480
live,465,13575113024817,13575113168760,13575113236312,13575114014338,0.989521,0.067552,0.778026,480
live,466,13575123024817,13575123169557,13575123237334,13575124043136,1.018319,0.067777,0.805802,480
live,467,13575133024817,13575133166386,13575133261331,13575134101341,1.076524,0.094945,0.84001,480
live,468,13575143024817,13575143165423,13575143246416,13575144072698,1.047881,0.080993,0.826282,480
live,469,13575153024817,13575153165004,13575153252397,13575154032823,1.008006,0.087393,0.780426,480
live,470,13575163024817,13575163165769,13575163243434,13575164051188,1.026371,0.077665,0.807754,480
live,471,13575173024817,13575173168326,13575173235751,13575174006001,0.981184,0.067425,0.77025,480
live,472,13575183024817,13575183172867,13575183257092,13575184141967,1.11715,0.084225,0.884875,480
live,473,13575193024817,13575193169696,13575193246529,13575194037515,1.012698,0.076833,0.790986,480
live,474,13575203024817,13575203167325,13575203250878,13575204069033,1.044216,0.083553,0.818155,480
live,475,13575213024817,13575213169402,13575213265052,13575214043013,1.018196,0.09565,0.777961,480
live,476,13575223024817,13575223167639,13575223238424,13575224558025,1.533208,0.070785,1.319601,480
live,477,13575233024817,13575233339863,13575233872573,13575235544242,2.519425,0.53271,1.671669,480
live,478,13575243024817,13575243223762,13575243617943,13575244922408,1.897591,0.394181,1.304465,480
live,479,13575253024817,13575253207599,13575253341073,13575254329085,1.304268,0.133474,0.988012,480
live,480,13575263024817,13575263186092,13575263273325,13575264919554,1.894737,0.087233,1.646229,480
live,481,13575273024817,13575273177097,13575273258794,13575274056212,1.031395,0.081697,0.797418,480
live,482,13575283024817,13575283197126,13575283601003,13575285688101,2.663284,0.403877,2.087098,480
live,483,13575293024817,13575293207427,13575293603368,13575294964953,1.940136,0.395941,1.361585,480
live,484,13575303024817,13575303206369,13575303607526,13575305591518,2.566701,0.401157,1.983992,480
live,485,13575313024817,13575313224254,13575313629955,13575315009364,1.984547,0.405701,1.379409,480
live,486,13575323024817,13575323193210,13575323598496,13575325585016,2.560199,0.405286,1.98652,480
live,487,13575333024817,13575333174615,13575333278553,13575334468648,1.443831,0.103938,1.190095,480
live,488,13575343024817,13575343172436,13575343263862,13575344446628,1.421811,0.091426,1.182766,480
live,489,13575353024817,13575353173073,13575353251474,13575354355520,1.330703,0.078401,1.104046,480
live,490,13575363024817,13575363522803,13575363642196,13575364736834,1.712017,0.119393,1.094638,480
live,491,13575373024817,13575373214860,13575373313485,13575374413339,1.388522,0.098625,1.099854,480
live,492,13575383024817,13575383185481,13575383288106,13575384415864,1.391047,0.102625,1.127758,480
live,493,13575393024817,13575393181158,13575393269479,13575394375541,1.350724,0.088321,1.106062,480
live,494,13575403024817,13575403180387,13575403262276,13575404387410,1.362593,0.081889,1.125134,480
live,495,13575413024817,13575413169056,13575413262369,13575414339022,1.314205,0.093313,1.076653,480
live,496,13575423024817,13575423168957,13575423236734,13575424027080,1.002263,0.067777,0.790346,480
live,497,13575433024817,13575433166458,13575433243131,13575434315016,1.290199,0.076673,1.071885,480
live,498,13575443024817,13575443170007,13575443254680,13575444067554,1.042737,0.084673,0.812874,480
live,499,13575453024817,13575453184276,13575453291478,13575454516389,1.491572,0.107202,1.224911,480
live,500,13575463024817,13575463202354,13575463298291,13575465249035,2.224218,0.095937,1.950744,480
live,501,13575473024817,13575473197807,13575473293712,13575474140890,1.116073,0.095905,0.847178,480
live,502,13575483024817,13575483184940,13575483274285,13575484914913,1.890096,0.089345,1.640628,480
live,503,13575493024817,13575493178217,13575493276010,13575494923070,1.898253,0.097793,1.64706,480
live,504,13575503024817,13575503175558,13575503263943,13575504930908,1.906091,0.088385,1.666965,480
live,505,13575513024817,13575513166147,13575513256580,13575514934073,1.909256,0.090433,1.677493,480
live,506,13575523024817,13575523169344,13575523260641,13575524938294,1.913477,0.091297,1.677653,480
live,507,13575533024817,13575533167261,13575533250878,13575534910451,1.885634,0.083617,1.659573,480
live,508,13575543024817,13575543170970,13575543263707,13575544988369,1.963552,0.092737,1.724662,480
live,509,13575553024817,13575553170967,13575553260664,13575554930189,1.905372,0.089697,1.669525,480
live,510,13575563024817,13575563168564,13575563254325,13575564911978,1.887161,0.085761,1.657653,480
live,511,13575573024817,13575573164945,13575573247026,13575574871622,1.846805,0.082081,1.624596,480
live,512,13575583024817,13575583164814,13575583272623,13575585326889,2.302072,0.107809,2.054266,480
live,513,13575593024817,13575593173003,13575593266444,13575595333126,2.308309,0.093441,2.066682,480
live,514,13575603024817,13575603171336,13575603259945,13575605294979,2.270162,0.088609,2.035034,480
live,515,13575613024817,13575613169701,13575613274311,13575615316928,2.292111,0.10461,2.042617,480
live,516,13575623024817,13575623164514,13575623251491,13575625302781,2.277964,0.086977,2.05129,480
live,517,13575633024817,13575633172031,13575633257089,13575635315226,2.290409,0.085058,2.058137,480
live,518,13575643024817,13575643174205,13575643265598,13575645373336,2.348519,0.091393,2.107738,480
live,519,13575653024817,13575653171802,13575653246491,13575655299572,2.274755,0.074689,2.053081,480
live,520,13575663024817,13575663168183,13575663243672,13575665961626,2.936809,0.075489,2.717954,480
live,521,13575673024817,13575673161556,13575673262037,13575674965098,1.940281,0.100481,1.703061,480
live,522,13575683024817,13575683176817,13575683269298,13575685337164,2.312347,0.092481,2.067866,480
live,523,13575693024817,13575693285359,13575693475282,13575695122118,2.097301,0.189923,1.646836,480
live,524,13575703024817,13575703202603,13575703301549,13575704267609,1.242792,0.098946,0.96606,480
live,525,13575713024817,13575713179112,13575713263625,13575714086388,1.061571,0.084513,0.822763,480
live,526,13575723024817,13575723177637,13575723264230,13575724416693,1.391876,0.086593,1.152463,480
live,527,13575733024817,13575733177634,13575733249859,13575734362897,1.33808,0.072225,1.113038,480
live,528,13575743024817,13575743172383,13575743241824,13575744367182,1.342365,0.069441,1.125358,480
live,529,13575753024817,13575753173212,13575753247517,13575754380491,1.355674,0.074305,1.132974,480
live,530,13575763024817,13575763165625,13575763245946,13575764060133,1.035316,0.080321,0.814187,480
live,531,13575773024817,13575773166870,13575773247383,13575774339013,1.314196,0.080513,1.09163,480
live,532,13575783024817,13575783201588,13575783284629,13575784084671,1.059854,0.083041,0.800042,480
live,533,13575793024817,13575793189521,13575793286066,13575794050908,1.026091,0.096545,0.764842,480
live,534,13575803024817,13575803187822,13575803270479,13575804083257,1.05844,0.082657,0.812778,480
live,535,13575813024817,13575813170027,13575813252908,13575814025781,1.000964,0.082881,0.772873,480
live,536,13575823024817,13575823164488,13575823248329,13575824028499,1.003682,0.083841,0.78017,480
live,537,13575833024817,13575833164549,13575833243462,13575834006511,0.981694,0.078913,0.763049,480
live,538,13575843024817,13575843165122,13575843243043,13575844027149,1.002332,0.077921,0.784106,480
live,539,13575853024817,13575853166399,13575853239392,13575854023882,0.999065,0.072993,0.78449,480
live,540,13575863024817,13575863170012,13575863239805,13575864834865,1.810048,0.069793,1.59506,480
live,541,13575873024817,13575873162425,13575873243258,13575874010020,0.985203,0.080833,0.766762,480
live,542,13575883024817,13575883166294,13575883243767,13575884031905,1.007088,0.077473,0.788138,480
live,543,13575893024817,13575893166291,13575893254580,13575894026526,1.001709,0.088289,0.771946,480
live,544,13575903024817,13575903174801,13575903278386,13575904169917,1.1451,0.103585,0.891531,480
live,545,13575913024817,13575913183086,13575913283407,13575914087193,1.062376,0.100321,0.803786,480
live,546,13575923024817,13575923184651,13575923271692,13575924152631,1.127814,0.087041,0.880939,480
live,547,13575933024817,13575933176968,13575933258601,13575934042995,1.018178,0.081633,0.784394,480
live,548,13575943024817,13575943168869,13575943251782,13575944044624,1.019807,0.082913,0.792842,480
live,549,13575953024817,13575953175586,13575953258723,13575954052877,1.02806,0.083137,0.794154,480
live,550,13575963024817,13575963171679,13575963239104,13575964029546,1.004729,0.067425,0.790442,480
live,551,13575973024817,13575973168508,13575973245341,13575974342059,1.317242,0.076833,1.096718,480
live,552,13575983024817,13575983167033,13575983242618,13575984359912,1.335095,0.075585,1.117294,480
live,553,13575993024817,13575993167254,13575993246263,13575994315748,1.290931,0.079009,1.069485,480
live,554,13576003024817,13576003171059,13576003262516,13576004405955,1.381138,0.091457,1.143439,480
live,555,13576013024817,13576013174576,13576013254929,13576014032571,1.007754,0.080353,0.777642,480
live,556,13576023024817,13576023169293,13576023236046,13576023991000,0.966183,0.066753,0.754954,480
live,557,13576033024817,13576033165386,13576033237515,13576033992629,0.967812,0.072129,0.755114,480
live,558,13576043024817,13576043168327,13576043250536,13576044034834,1.010017,0.082209,0.784298,480
live,559,13576053024817,13576053170629,13576053253190,13576054030287,1.00547,0.082561,0.777097,480
live,560,13576063024817,13576063169666,13576063245219,13576065233179,2.208362,0.075553,1.98796,480
live,561,13576073024817,13576073174399,13576073244736,13576074332077,1.30726,0.070337,1.087341,480
live,562,13576083024817,13576083168700,13576083237885,13576083995110,0.970293,0.069185,0.757225,480
live,563,13576093024817,13576093169337,13576093246394,13576093986755,0.961938,0.077057,0.740361,480
live,564,13576103024817,13576103163734,13576103236951,13576103979552,0.954735,0.073217,0.742601,480
live,565,13576113024817,13576113159475,13576113240756,13576113999197,0.97438,0.081281,0.758441,480
live,566,13576123024817,13576123172240,13576123256369,13576124397695,1.372878,0.084129,1.141326,480
live,567,13576133024817,13576133174093,13576133252110,13576134019768,0.994951,0.078017,0.767658,480
live,568,13576143024817,13576143171370,13576143292044,13576144096118,1.071301,0.120674,0.804074,480
live,569,13576153024817,13576153317481,13576153534508,13576155009950,1.985133,0.217027,1.475442,480
live,570,13576163024817,13576163180004,13576163265669,13576164086512,1.061695,0.085665,0.820843,480
live,571,13576173024817,13576173174529,13576173255106,13576174351760,1.326943,0.080577,1.096654,480
live,572,13576183024817,13576183173598,13576183242495,13576184031145,1.006328,0.068897,0.78865,480
live,573,13576193024817,13576193164187,13576193238108,13576194320266,1.295449,0.073921,1.082158,480
live,574,13576203024817,13576203172281,13576203239929,13576203990851,0.966034,0.067648,0.750922,480
live,575,13576213024817,13576213166230,13576213249335,13576214378405,1.353588,0.083105,1.12907,480
live,576,13576223024817,13576223167699,13576223251732,13576224063646,1.038829,0.084033,0.811914,480
live,577,13576233024817,13576233166256,13576233243121,13576234007610,0.982793,0.076865,0.764489,480
live,578,13576243024817,13576243166605,13576243233166,13576243989175,0.964358,0.066561,0.756009,480
live,579,13576253024817,13576253165194,13576253231787,13576254320344,1.295527,0.066593,1.088557,480
live,580,13576263024817,13576263169927,13576263251336,13576265206592,2.181775,0.081409,1.955256,480
live,581,13576273024817,13576273173700,13576273263685,13576274388243,1.363426,0.089985,1.124558,480
live,582,13576283024817,13576283169665,13576283249858,13576284061228,1.036411,0.080193,0.81137,480
live,583,13576293024817,13576293170238,13576293251327,13576294015081,0.990264,0.081089,0.763754,480
live,584,13576303024817,13576303169371,13576303237276,13576303998022,0.973205,0.067905,0.760746,480
live,585,13576313024817,13576313171352,13576313247673,13576314031715,1.006898,0.076321,0.784042,480
live,586,13576323024817,13576323166901,13576323242710,13576324042720,1.017903,0.075809,0.80001,480
live,587,13576333024817,13576333167122,13576333245747,13576334008285,0.983468,0.078625,0.762538,480
live,588,13576343024817,13576343166159,13576343248977,13576344040282,1.015465,0.082818,0.791305,480
live,589,13576353024817,13576353182477,13576353263630,13576354071896,1.047079,0.081153,0.808266,480
live,590,13576363024817,13576363195338,13576363292395,13576364165558,1.140741,0.097057,0.873163,480
live,591,13576373024817,13576373192775,13576373283496,13576374084690,1.059873,0.090721,0.801194,480
live,592,13576383024817,13576383177284,13576383266181,13576384063471,1.038654,0.088897,0.79729,480
live,593,13576393024817,13576393173441,13576393255138,13576394354640,1.329823,0.081697,1.099502,480
live,594,13576403024817,13576403173630,13576403243295,13576404365677,1.34086,0.069665,1.122382,480
live,595,13576413024817,13576413176123,13576413249244,13576414395594,1.370777,0.073121,1.14635,480
live,596,13576423024817,13576423165336,13576423229177,13576424367335,1.342518,0.063841,1.138158,480
live,597,13576433024817,13576433159765,13576433239958,13576434340612,1.315795,0.080193,1.100654,480
live,598,13576443024817,13576443165618,13576443247859,13576444362241,1.337424,0.082241,1.114382,480
live,599,13576453024817,13576453165167,13576453252272,13576454343294,1.318477,0.087105,1.091022,480
live,600,13576463024817,13576463168524,13576463238029,13576465173445,2.148628,0.069505,1.935416,480
live,601,13576473024817,13576473172041,13576473244874,13576474358296,1.333479,0.072833,1.113422,480
live,602,13576483024817,13576483167654,13576483240199,13576484075474,1.050657,0.072545,0.835275,480
live,603,13576493024817,13576493167236,13576493247493,13576494354770,1.329953,0.080257,1.107277,480
live,604,13576503024817,13576503166401,13576503247138,13576504369968,1.345151,0.080737,1.12283,480
live,605,13576513024817,13576513169566,13576513251391,13576514393517,1.3687,0.081825,1.142126,480
live,606,13576523024817,13576523173563,13576523244028,13576524389034,1.364217,0.070465,1.145006,480
live,607,13576533024817,13576533170616,13576533242265,13576534323942,1.299125,0.071649,1.081677,480
live,608,13576543024817,13576543169941,13576543250454,13576544362724,1.337907,0.080513,1.11227,480
live,609,13576553024817,13576553207122,13576553299156,13576554373441,1.348624,0.092034,1.074285,480
live,610,13576563024817,13576563197839,13576563289169,13576564463455,1.438638,0.09133,1.174286,480
live,611,13576573024817,13576573175980,13576573247789,13576574354043,1.329226,0.071809,1.106254,480
live,612,13576583024817,13576583170089,13576583243978,13576584370584,1.345767,0.073889,1.126606,480
live,613,13576593024817,13576593185638,13576593276072,13576594393302,1.368485,0.090434,1.11723,480
live,614,13576603024817,13576603174819,13576603281989,13576604498836,1.474019,0.10717,1.216847,480
live,615,13576613024817,13576613496580,13576613609702,13576614815541,1.790724,0.113122,1.205839,480
live,616,13576623024817,13576623169533,13576623267807,13576624409933,1.385116,0.098274,1.142126,480
live,617,13576633024817,13576633171067,13576633241051,13576634343817,1.319,0.069984,1.102766,480
live,618,13576643024817,13576643166808,13576643238136,13576644356038,1.331221,0.071328,1.117902,480
live,619,13576653024817,13576653165845,13576653246550,13576654343427,1.31861,0.080705,1.096877,480
live,620,13576663024817,13576663167730,13576663249203,13576665917332,2.892515,0.081473,2.668129,480
live,621,13576673024817,13576673172335,13576673271248,13576674378654,1.353837,0.098913,1.107406,480
live,622,13576683024817,13576683165964,13576683244365,13576684376923,1.352106,0.078401,1.132558,480
live,623,13576693024817,13576693166377,13576693234698,13576694321623,1.296806,0.068321,1.086925,480
live,624,13576703024817,13576703163942,13576703232615,13576704355029,1.330212,0.068673,1.122414,480
live,625,13576713024817,13576713163427,13576713240548,13576714321074,1.296257,0.077121,1.080526,480
live,626,13576723024817,13576723176512,13576723261025,13576724446576,1.421759,0.084513,1.185551,480
live,627,13576733024817,13576733170973,13576733251454,13576734549935,1.525118,0.080481,1.298481,480
live,628,13576743024817,13576743293500,13576743379805,13576744508075,1.483258,0.086305,1.12827,480
live,629,13576753024817,13576753179864,13576753252248,13576754331046,1.306229,0.072384,1.078798,480
live,630,13576763024817,13576763170964,13576763242037,13576764378948,1.354131,0.071073,1.136911,480
live,631,13576773024817,13576773177842,13576773264883,13576774385409,1.360592,0.087041,1.120526,480
live,632,13576783024817,13576783169295,13576783245648,13576784373246,1.348429,0.076353,1.127598,480
live,633,13576793024817,13576793166572,13576793250797,13576794345754,1.320937,0.084225,1.094957,480
live,634,13576803024817,13576803171497,13576803254698,13576804415864,1.391047,0.083201,1.161166,480
live,635,13576813024817,13576813184966,13576813258791,13576814338932,1.314115,0.073825,1.080141,480
live,636,13576823024817,13576823190243,13576823281988,13576824482931,1.458114,0.091745,1.200943,480
live,637,13576833024817,13576833181120,13576833264993,13576834360975,1.336158,0.083873,1.095982,480
live,638,13576843024817,13576843171997,13576843260894,13576844390796,1.365979,0.088897,1.129902,480
live,639,13576853024817,13576853168762,13576853251291,13576854326377,1.30156,0.082529,1.075086,480
live,640,13576863024817,13576863172311,13576863241720,13576865152720,2.127903,0.069409,1.911,480
live,641,13576873024817,13576873172244,13576873262261,13576874389027,1.36421,0.090017,1.126766,480
live,642,13576883024817,13576883173489,13576883256306,13576884388929,1.364112,0.082817,1.132623,480
live,643,13576893024817,13576893167470,13576893260047,13576894341341,1.316524,0.092577,1.081294,480
live,644,13576903024817,13576903169035,13576903247628,13576904363194,1.338377,0.078593,1.115566,480
live,645,13576913024817,13576913167752,13576913236649,13576914316087,1.29127,0.068897,1.079438,480
live,646,13576923024817,13576923173574,13576923249127,13576924425269,1.400452,0.075553,1.176142,480
live,647,13576933024817,13576933166211,13576933252420,13576934353713,1.328896,0.086209,1.101293,480
live,648,13576943024817,13576943165824,13576943234241,13576944343342,1.318525,0.068417,1.109101,480
live,649,13576953024817,13576953167133,13576953245694,13576954323755,1.298938,0.078561,1.078061,480
live,650,13576963024817,13576963169434,13576963238555,13576964355913,1.331096,0.069121,1.117358,480
live,651,13576973024817,13576973174327,13576973247192,13576974366278,1.341461,0.072865,1.119086,480
live,652,13576983024817,13576983164980,13576983237781,13576984360067,1.33525,0.072801,1.122286,480
live,653,13576993024817,13576993167697,13576993248594,13576994346208,1.321391,0.080897,1.097614,480
live,654,13577003024817,13577003166030,13577003243823,13577004366941,1.342124,0.077793,1.123118,480
live,655,13577013024817,13577013164651,13577013246028,13577014323930,1.299113,0.081377,1.077902,480
live,656,13577023024817,13577023215977,13577023614158,13577024628954,1.604137,0.398181,1.014796,480
live,657,13577033024817,13577033256582,13577033666188,13577035389537,2.36472,0.409606,1.723349,480
live,658,13577043024817,13577043222115,13577043636328,13577045424191,2.399374,0.414213,1.787863,480
live,659,13577053024817,13577053262049,13577053689222,13577055482076,2.457259,0.427173,1.792854,480
live,660,13577063024817,13577063248029,13577063664131,13577066328932,3.304115,0.416102,2.664801,480
live,661,13577073024817,13577073339644,13577073730273,13577075595576,2.570759,0.390629,1.865303,480
live,662,13577083024817,13577083207223,13577083609404,13577085442803,2.417986,0.402181,1.833399,480
live,663,13577093024817,13577093172532,13577093265045,13577094958954,1.934137,0.092513,1.693909,480
live,664,13577103024817,13577103176113,13577103268402,13577104962055,1.937238,0.092289,1.693653,480
live,665,13577113024817,13577113176206,13577113265775,13577114917028,1.892211,0.089569,1.651253,480
live,666,13577123024817,13577123170283,13577123246156,13577125199108,2.174291,0.075873,1.952952,480
live,667,13577133024817,13577133175624,13577133264905,13577134975391,1.950574,0.089281,1.710486,480
live,668,13577143024817,13577143171781,13577143260646,13577144966716,1.941899,0.088865,1.70607,480
live,669,13577153024817,13577153171618,13577153257347,13577154915608,1.890791,0.085729,1.658261,480
live,670,13577163024817,13577163168863,13577163263648,13577164903157,1.87834,0.094785,1.639509,480
live,671,13577173024817,13577173174044,13577173267197,13577174919378,1.894561,0.093153,1.652181,480
live,672,13577183024817,13577183170937,13577183264282,13577185009360,1.984543,0.093345,1.745078,480
live,673,13577193024817,13577193168822,13577193256535,13577194958797,1.93398,0.087713,1.702262,480
live,674,13577203024817,13577203169491,13577203291957,13577205000554,1.975737,0.122466,1.708597,480
live,675,13577213024817,13577213169904,13577213266834,13577214938471,1.913654,0.09693,1.671637,480
live,676,13577223024817,13577223168782,13577223259535,13577224943620,1.918803,0.090753,1.684085,480
live,677,13577233024817,13577233170667,13577233264364,13577234984353,1.959536,0.093697,1.719989,480
live,678,13577243024817,13577243169672,13577243247785,13577244912221,1.887404,0.078113,1.664436,480
live,679,13577253024817,13577253209605,13577253324263,13577254497877,1.47306,0.114658,1.173614,480
live,680,13577263024817,13577263187618,13577263301443,13577265253372,2.228555,0.113825,1.951929,480
live,681,13577273024817,13577273199807,13577273295136,13577274440655,1.415838,0.095329,1.145519,480
live,682,13577283024817,13577283181852,13577283277565,13577284537677,1.51286,0.095713,1.260112,480
live,683,13577293024817,13577293187577,13577293271610,13577294413097,1.38828,0.084033,1.141487,480
live,684,13577303024817,13577303175894,13577303262615,13577304422310,1.397493,0.086721,1.159695,480
live,685,13577313024817,13577313213844,13577313296725,13577314410467,1.38565,0.082881,1.113742,480
live,686,13577323024817,13577323201329,13577323272850,13577324412960,1.388143,0.071521,1.14011,480
live,687,13577333024817,13577333183533,13577333284047,13577334487198,1.462381,0.100514,1.203151,480
live,688,13577343024817,13577343174346,13577343254283,13577344407674,1.382857,0.079937,1.153391,480
live,689,13577353024817,13577353167687,13577353258825,13577354376279,1.351462,0.091138,1.117454,480
live,690,13577363024817,13577363173701,13577363242469,13577364372372,1.347555,0.068768,1.129903,480
live,691,13577373024817,13577373167522,13577373254147,13577374348944,1.324127,0.086625,1.094797,480
live,692,13577383024817,13577383171679,13577383265248,13577384508463,1.483646,0.093569,1.243215,480
live,693,13577393024817,13577393175932,13577393253821,13577394366731,1.341914,0.077889,1.11291,480
live,694,13577403024817,13577403170361,13577403258234,13577404390664,1.365847,0.087873,1.13243,480
live,695,13577413024817,13577413171990,13577413256823,13577414357573,1.332756,0.084833,1.10075,480
live,696,13577423024817,13577423167219,13577423236660,13577424349186,1.324369,0.069441,1.112526,480
live,697,13577433024817,13577433171664,13577433263793,13577434465344,1.440527,0.092129,1.201551,480
live,698,13577443024817,13577443167085,13577443252942,13577444405180,1.380363,0.085857,1.152238,480
live,699,13577453024817,13577453168618,13577453262699,13577454372505,1.347688,0.094081,1.109806,480
live,700,13577463024817,13577463166599,13577463236104,13577465147232,2.122415,0.069505,1.911128,480
live,701,13577473024817,13577473167748,13577473254085,13577474051407,1.02659,0.086337,0.797322,480
live,702,13577483024817,13577483258690,13577483440837,13577484775189,1.750372,0.182147,1.334352,480
live,703,13577493024817,13577493222207,13577493710085,13577494760690,1.735873,0.487878,1.050605,480
live,704,13577503024817,13577503193692,13577503314141,13577504250633,1.225816,0.120449,0.936492,480
live,705,13577513024817,13577513181881,13577513267994,13577514410344,1.385527,0.086113,1.14235,480
live,706,13577523024817,13577523170646,13577523253143,13577524407269,1.382452,0.082497,1.154126,480
live,707,13577533024817,13577533168627,13577533246612,13577535097547,2.07273,0.077985,1.850935,480
live,708,13577543024817,13577543172720,13577543255249,13577544433375,1.408558,0.082529,1.178126,480
live,709,13577553024817,13577553175341,13577553260238,13577554380348,1.355531,0.084897,1.12011,480
live,710,13577563024817,13577563171626,13577563249899,13577564379641,1.354824,0.078273,1.129742,480
live,711,13577573024817,13577573168967,13577573259144,13577574365878,1.341061,0.090177,1.106734,480
live,712,13577583024817,13577583165092,13577583241957,13577584370355,1.345538,0.076865,1.128398,480
live,713,13577593024817,13577593172961,13577593259842,13577594394160,1.369343,0.086881,1.134318,480
live,714,13577603024817,13577603172222,13577603251903,13577604049481,1.024664,0.079681,0.797578,480
live,715,13577613024817,13577613163483,13577613243260,13577614346410,1.321593,0.079777,1.10315,480
live,716,13577623024817,13577623166264,13577623243993,13577624366759,1.341942,0.077729,1.122766,480
live,717,13577633024817,13577633169269,13577633247510,13577634344420,1.319603,0.078241,1.09691,480
live,718,13577643024817,13577643173426,13577643254803,13577644423714,1.398897,0.081377,1.168911,480
live,719,13577653024817,13577653171471,13577653249232,13577654348030,1.323213,0.077761,1.098798,480
live,720,13577663024817,13577663163148,13577663242125,13577665174950,2.150133,0.078977,1.932825,480
live,721,13577673024817,13577673175658,13577673248651,13577674346712,1.321895,0.072993,1.098061,480
live,722,13577683024817,13577683169191,13577683237479,13577684356661,1.331844,0.068288,1.119182,480
live,723,13577693024817,13577693170724,13577693253605,13577694390931,1.366114,0.082881,1.137326,480
live,724,13577703024817,13577703179649,13577703552837,13577704536114,1.511297,0.373188,0.983277,480
live,725,13577713024817,13577713171486,13577713263935,13577714883283,1.858466,0.092449,1.619348,480
live,726,13577723024817,13577723218203,13577723338429,13577725046802,2.021985,0.120226,1.708373,480
live,727,13577733024817,13577733195032,13577733294905,13577734970350,1.945533,0.099873,1.675445,480
live,728,13577743024817,13577743187925,13577743285526,13577745004076,1.979259,0.097601,1.71855,480
live,729,13577753024817,13577753181586,13577753268851,13577754912712,1.887895,0.087265,1.643861,480
live,730,13577763024817,13577763170287,13577763257072,13577764921861,1.897044,0.086785,1.664789,480
live,731,13577773024817,13577773171436,13577773257997,13577774934498,1.909681,0.086561,1.676501,480
live,732,13577783024817,13577783169353,13577783276715,13577784954336,1.929519,0.107362,1.677621,480
live,733,13577793024817,13577793170342,13577793259911,13577794978749,1.953932,0.089569,1.718838,480
live,734,13577803024817,13577803169507,13577803247396,13577804931449,1.906632,0.077889,1.684053,480
live,735,13577813024817,13577813165824,13577813269602,13577814949271,1.924454,0.103778,1.679669,480
live,736,13577823024817,13577823165693,13577823256287,13577824959252,1.934435,0.090594,1.702965,480
live,737,13577833024817,13577833163578,13577833249052,13577834901456,1.876639,0.085474,1.652404,480
live,738,13577843024817,13577843174904,13577843271609,13577844992654,1.967837,0.096705,1.721045,480
live,739,13577853024817,13577853177845,13577853254006,13577854902506,1.877689,0.076161,1.6485,480
live,740,13577863024817,13577863164530,13577863238451,13577865706865,2.682048,0.073921,2.468414,480
live,741,13577873024817,13577873167951,13577873252432,13577874910405,1.885588,0.084481,1.657973,480
live,742,13577883024817,13577883168172,13577883279821,13577884988163,1.963346,0.111649,1.708342,480
live,743,13577893024817,13577893174825,13577893274666,13577894983072,1.958255,0.099841,1.708406,480
live,744,13577903024817,13577903169446,13577903255879,13577904941500,1.916683,0.086433,1.685621,480
live,745,13577913024817,13577913163843,13577913261572,13577914921241,1.896424,0.097729,1.659669,480
live,746,13577923024817,13577923208449,13577923322434,13577925365916,2.341099,0.113985,2.043482,480
live,747,13577933024817,13577933217790,13577933335167,13577934970964,1.946147,0.117377,1.635797,480
live,748,13577943024817,13577943228283,13577943342204,13577944473707,1.44889,0.113921,1.131503,480
live,749,13577953024817,13577953271417,13577953411194,13577954650954,1.626137,0.139777,1.23976,480
live,750,13577963024817,13577963196309,13577963287062,13577964462949,1.438132,0.090753,1.175887,480
live,751,13577973024817,13577973174098,13577973256915,13577974385441,1.360624,0.082817,1.128526,480
live,752,13577983024817,13577983169199,13577983268784,13577985305705,2.280888,0.099585,2.036921,480
live,753,13577993024817,13577993267917,13577993422799,13577995836845,2.812028,0.154882,2.414046,480
live,754,13578003024817,13578003173161,13578003273610,13578005377732,2.352915,0.100449,2.104122,480
live,755,13578013024817,13578013172102,13578013272647,13578015351105,2.326288,0.100545,2.078458,480
live,756,13578023024817,13578023167011,13578023254596,13578025331518,2.306701,0.087585,2.076922,480
live,757,13578033024817,13578033164800,13578033259713,13578035211289,2.186472,0.094913,1.951576,480
live,758,13578043024817,13578043164765,13578043238494,13578045198166,2.173349,0.073729,1.959672,480
live,759,13578053024817,13578053166426,13578053258875,13578055378966,2.354149,0.092449,2.120091,480
live,760,13578063024817,13578063174327,13578063252248,13578066094172,3.069355,0.077921,2.841924,480
live,761,13578073024817,13578073218069,13578073318966,13578075314767,2.28995,0.100897,1.995801,480
live,762,13578083024817,13578083195569,13578083287091,13578085298220,2.273403,0.091522,2.011129,480
live,763,13578093024817,13578093177198,13578093257135,13578095178791,2.153974,0.079937,1.921656,480
live,764,13578103024817,13578103171915,13578103272237,13578105407655,2.382838,0.100322,2.135418,480
live,765,13578113024817,13578113170952,13578113268298,13578115349188,2.324371,0.097346,2.08089,480
live,766,13578123024817,13578123170149,13578123260679,13578125288736,2.263919,0.09053,2.028057,480
live,767,13578133024817,13578133166018,13578133253188,13578135157115,2.132298,0.08717,1.903927,480
live,768,13578143024817,13578143164287,13578143252513,13578145191737,2.16692,0.088226,1.939224,480
live,769,13578153024817,13578153174365,13578153283134,13578155167222,2.142405,0.108769,1.884088,480
live,770,13578163024817,13578163177882,13578163268635,13578165106930,2.082113,0.090753,1.838295,480
live,771,13578173024817,13578173176055,13578173282296,13578174772491,1.747674,0.106241,1.490195,480
live,772,13578183024817,13578183172276,13578183258069,13578184104287,1.07947,0.085793,0.846218,480
live,773,13578193024817,13578193172369,13578193254322,13578195120521,2.095704,0.081953,1.866199,480
live,774,13578203024817,13578203175054,13578203269999,13578205263432,2.238615,0.094945,1.993433,480
live,775,13578213024817,13578213172075,13578213264204,13578215215749,2.190932,0.092129,1.951545,480
live,776,13578223024817,13578223172328,13578223261193,13578225186625,2.161808,0.088865,1.925432,480
live,777,13578233024817,13578233171109,13578233262694,13578234432725,1.407908,0.091585,1.170031,480
live,778,13578243024817,13578243172578,13578243262531,13578244392433,1.367616,0.089953,1.129902,480
live,779,13578253024817,13578253168959,13578253257472,13578254400623,1.375806,0.088513,1.143151,480
live,780,13578263024817,13578263168636,13578263238941,13578265186390,2.161573,0.070305,1.947449,480
live,781,13578273024817,13578273166361,13578273247738,13578274338728,1.313911,0.081377,1.09099,480
live,782,13578283024817,13578283167222,13578283251863,13578284367621,1.342804,0.084641,1.115758,480
live,783,13578293024817,13578293168307,13578293250484,13578294339106,1.314289,0.082177,1.088622,480
live,784,13578303024817,13578303175825,13578303264562,13578304431232,1.406415,0.088737,1.16667,480
live,785,13578313024817,13578313180750,13578313261007,13578314352668,1.327851,0.080257,1.091661,480
live,786,13578323024817,13578323167723,13578323250860,13578324358714,1.333897,0.083137,1.107854,480
live,787,13578333024817,13578333165992,13578333246249,13578334318358,1.293541,0.080257,1.072109,480
live,788,13578343024817,13578343169541,13578343243974,13578344352820,1.328003,0.074433,1.108846,480
live,789,13578353024817,13578353168386,13578353256451,13578354387185,1.362368,0.088065,1.130734,480
live,790,13578363024817,13578363170879,13578363241760,13578364389902,1.365085,0.070881,1.148142,480
live,791,13578373024817,13578373203676,13578373598209,13578375645179,2.620362,0.394533,2.04697,480
live,792,13578383024817,13578383169049,13578383555454,13578384605675,1.580858,0.386405,1.050221,480
live,793,13578393024817,13578393168598,13578393260855,13578394948652,1.923835,0.092257,1.687797,480
live,794,13578403024817,13578403639129,13578403818523,13578405647826,2.623009,0.179394,1.829303,480
live,795,13578413024817,13578413187728,13578413285234,13578414978951,1.954134,0.097506,1.693717,480
live,796,13578423024817,13578423175117,13578423262382,13578424943907,1.91909,0.087265,1.681525,480
live,797,13578433024817,13578433165738,13578433254411,13578434911232,1.886415,0.088673,1.656821,480
live,798,13578443024817,13578443168199,13578443252360,13578444937758,1.912941,0.084161,1.685398,480
live,799,13578453024817,13578453169636,13578453256454,13578455292159,2.267342,0.086818,2.035705,480
live,800,13578463024817,13578463182914,13578463272867,13578465815651,2.790834,0.089953,2.542784,480
live,801,13578473024817,13578473174687,13578473264384,13578474928789,1.903972,0.089697,1.664405,480
live,802,13578483024817,13578483170428,13578483261245,13578484958610,1.933793,0.090817,1.697365,480
live,803,13578493024817,13578493169881,13578493253050,13578494921359,1.896542,0.083169,1.668309,480
live,804,13578503024817,13578503169430,13578503270583,13578504980588,1.955771,0.101153,1.710005,480
live,805,13578513024817,13578513171699,13578513265908,13578514970345,1.945528,0.094209,1.704437,480
live,806,13578523024817,13578523170640,13578523254993,13578524961062,1.936245,0.084353,1.706069,480
live,807,13578533024817,13578533164493,13578533261358,13578535205190,2.180373,0.096865,1.943832,480
live,808,13578543024817,13578543171690,13578543259179,13578545208420,2.183603,0.087489,1.949241,480
live,809,13578553024817,13578553165799,13578553241288,13578555183904,2.159087,0.075489,1.942616,480
live,810,13578563024817,13578563172548,13578563262949,13578565265374,2.240557,0.090401,2.002425,480
live,811,13578573024817,13578573177697,13578573267138,13578575188858,2.164041,0.089441,1.92172,480
live,812,13578583024817,13578583173374,13578583262559,13578585203032,2.178215,0.089185,1.940473,480
live,813,13578593024817,13578593167323,13578593253020,13578595186101,2.161284,0.085697,1.933081,480
live,814,13578603024817,13578603210937,13578603326586,13578605004591,1.979774,0.115649,1.678005,480
live,815,13578613024817,13578613198230,13578613300727,13578615032013,2.007196,0.102497,1.731286,480
live,816,13578623024817,13578623184243,13578623286324,13578624942697,1.91788,0.102081,1.656373,480
live,817,13578633024817,13578633185968,13578633285361,13578634958278,1.933461,0.099393,1.672917,480
live,818,13578643024817,13578643177485,13578643265966,13578644957027,1.93221,0.088481,1.691061,480
live,819,13578653024817,13578653173866,13578653258827,13578654937600,1.912783,0.084961,1.678773,480
live,820,13578663024817,13578663180007,13578663278856,13578665812168,2.787351,0.098849,2.533312,480
live,821,13578673024817,13578673190564,13578673282629,13578674942650,1.917833,0.092065,1.660021,480
live,822,13578683024817,13578683173729,13578683250530,13578684942039,1.917222,0.076801,1.691509,480
live,823,13578693024817,13578693172638,13578693257151,13578694905428,1.880611,0.084513,1.648277,480
live,824,13578703024817,13578703167995,13578703254300,13578704944657,1.91984,0.086305,1.690357,480
live,825,13578713024817,13578713172728,13578713272249,13578714993519,1.968702,0.099521,1.72127,480
live,826,13578723024817,13578723173205,13578723249174,13578724956651,1.931834,0.075969,1.707477,480
live,827,13578733024817,13578733172818,13578733260851,13578734941576,1.916759,0.088033,1.680725,480
live,828,13578743024817,13578743168527,13578743243216,13578744926693,1.901876,0.074689,1.683477,480
live,829,13578753024817,13578753166508,13578753239117,13578754929314,1.904497,0.072609,1.690197,480
live,830,13578763024817,13578763174121,13578763264043,13578764973952,1.949135,0.089922,1.709909,480
live,831,13578773024817,13578773171078,13578773247463,13578774934269,1.909452,0.076385,1.686806,480
live,832,13578783024817,13578783165027,13578783248228,13578784952218,1.927401,0.083201,1.70399,480
live,833,13578793024817,13578793169953,13578793258882,13578794939031,1.914214,0.088929,1.680149,480
live,834,13578803024817,13578803168190,13578803255103,13578804928436,1.903619,0.086913,1.673333,480
live,835,13578813024817,13578813241596,13578813376189,13578815341686,2.316869,0.134593,1.965497,480
live,836,13578823024817,13578823174904,13578823263609,13578824923214,1.898397,0.088705,1.659605,480
live,837,13578833024817,13578833212405,13578833305463,13578834971787,1.94697,0.093058,1.666324,480
live,838,13578843024817,13578843194546,13578843302388,13578845032649,2.007832,0.107842,1.730261,480
live,839,13578853024817,13578853182255,13578853281904,13578854980102,1.955285,0.099649,1.698198,480
live,840,13578863024817,13578863175788,13578863264877,13578866080496,3.055679,0.089089,2.815619,480
live,841,13578873024817,13578873174345,13578873268586,13578874947199,1.922382,0.094241,1.678613,480
live,842,13578883024817,13578883167718,13578883251911,13578885299777,2.27496,0.084193,2.047866,480
live,843,13578893024817,13578893168451,13578893256644,13578895199549,2.174732,0.088193,1.942905,480
live,844,13578903024817,13578903166528,13578903256737,13578905177401,2.152584,0.090209,1.920664,480
live,845,13578913024817,13578913169661,13578913253630,13578915443290,2.418473,0.083969,2.18966,480
live,846,13578923024817,13578923176442,13578923266492,13578925001425,1.976608,0.09005,1.734933,480
live,847,13578933024817,13578933171703,13578933264761,13578934918861,1.894044,0.093058,1.6541,480
live,848,13578943024817,13578943166804,13578943250038,13578944951115,1.926298,0.083234,1.701077,480
live,849,13578953024817,13578953166226,13578953247059,13578954918215,1.893398,0.080833,1.671156,480
live,850,13578963024817,13578963170959,13578963259568,13578964922949,1.898132,0.088609,1.663381,480
live,851,13578973024817,13578973172620,13578973265485,13578974992802,1.967985,0.092865,1.727317,480
live,852,13578983024817,13578983173929,13578983262218,13578984959423,1.934606,0.088289,1.697205,480
live,853,13578993024817,13578993166182,13578993239463,13578994918748,1.893931,0.073281,1.679285,480
live,854,13579003024817,13579003164515,13579003249892,13579004920249,1.895432,0.085377,1.670357,480
live,855,13579013024817,13579013169216,13579013257793,13579014935126,1.910309,0.088577,1.677333,480
live,856,13579023024817,13579023172221,13579023262878,13579024971732,1.946915,0.090657,1.708854,480
live,857,13579033024817,13579033169882,13579033259035,13579034966705,1.941888,0.089153,1.70767,480
live,858,13579043024817,13579043170039,13579043256792,13579044956173,1.931356,0.086753,1.699381,480
live,859,13579053024817,13579053171060,13579053264629,13579055049868,2.025051,0.093569,1.785239,480
live,860,13579063024817,13579063211090,13579063321875,13579066121750,3.096933,0.110785,2.799875,480
live,861,13579073024817,13579073211503,13579073315664,13579075046342,2.021525,0.104161,1.730678,480
live,862,13579083024817,13579083187180,13579083284781,13579085033379,2.008562,0.097601,1.748598,480
live,863,13579093024817,13579093181641,13579093280330,13579094970335,1.945518,0.098689,1.690005,480
live,864,13579103024817,13579103169797,13579103258279,13579104928219,1.903402,0.088482,1.66994,480
live,865,13579113024817,13579113174883,13579113262692,13579114925720,1.900903,0.087809,1.663028,480
live,866,13579123024817,13579123179008,13579123270657,13579125010391,1.985574,0.091649,1.739734,480
live,867,13579133024817,13579133175997,13579133272350,13579134942867,1.91805,0.096353,1.670517,480
live,868,13579143024817,13579143173530,13579143262491,13579144933360,1.908543,0.088961,1.670869,480
live,869,13579153024817,13579153167671,13579153257720,13579154898060,1.873243,0.090049,1.64034,480
live,870,13579163024817,13579163166612,13579163259477,13579164929578,1.904761,0.092865,1.670101,480
live,871,13579173024817,13579173173393,13579173262866,13579174964679,1.939862,0.089473,1.701813,480
live,872,13579183024817,13579183170350,13579183258479,13579184936388,1.911571,0.088129,1.677909,480
live,873,13579193024817,13579193171467,13579193258860,13579194929857,1.90504,0.087393,1.670997,480
live,874,13579203024817,13579203168776,13579203270921,13579204939454,1.914637,0.102145,1.668533,480
live,875,13579213024817,13579213165413,13579213238086,13579214904315,1.879498,0.072673,1.666229,480
live,876,13579223024817,13579223165826,13579223260099,13579224991033,1.966216,0.094273,1.730934,480
live,877,13579233024817,13579233170047,13579233258336,13579234917109,1.892292,0.088289,1.658773,480
live,878,13579243024817,13579243169436,13579243266557,13579244944562,1.919745,0.097121,1.678005,480
live,879,13579253024817,13579253166681,13579253258458,13579254922479,1.897662,0.091777,1.664021,480
live,880,13579263024817,13579263167990,13579263253879,13579265703990,2.679173,0.085889,2.450111,480
live,881,13579273024817,13579273176244,13579273272213,13579274951978,1.927161,0.095969,1.679765,480
live,882,13579283024817,13579283169809,13579283263282,13579284929383,1.904566,0.093473,1.666101,480
live,883,13579293024817,13579293178798,13579293270639,13579294983780,1.958963,0.091841,1.713141,480
live,884,13579303024817,13579303177291,13579303281004,13579304973185,1.948368,0.103713,1.692181,480
live,885,13579313024817,13579313173256,13579313269065,13579314959326,1.934509,0.095809,1.690261,480
live,886,13579323024817,13579323275750,13579323409032,13579325503906,2.479089,0.133282,2.094874,480
live,887,13579333024817,13579333179202,13579333256643,13579335317181,2.292364,0.077441,2.060538,480
live,888,13579343024817,13579343170527,13579343256544,13579345323322,2.298505,0.086017,2.066778,480
live,889,13579353024817,13579353171292,13579353260925,13579355180245,2.155428,0.089633,1.91932,480
live,890,13579363024817,13579363171897,13579363279322,13579365192626,2.167809,0.107425,1.913304,480
live,891,13579373024817,13579373166838,13579373257783,13579375752982,2.728165,0.090945,2.495199,480
live,892,13579383024817,13579383169363,13579383257236,13579384954537,1.92972,0.087873,1.697301,480
live,893,13579393024817,13579393171376,13579393256753,13579394939366,1.914549,0.085377,1.682613,480
live,894,13579403024817,13579403167757,13579403243406,13579404917827,1.89301,0.075649,1.674421,480
live,895,13579413024817,13579413167370,13579413253419,13579415311237,2.28642,0.086049,2.057818,480
live,896,13579423024817,13579423168455,13579423245672,13579425322402,2.297585,0.077217,2.07673,480
live,897,13579433024817,13579433168292,13579433260454,13579435211710,2.186893,0.092162,1.951256,480
live,898,13579443024817,13579443167713,13579443254723,13579444939032,1.914215,0.08701,1.684309,480
live,899,13579453024817,13579453169503,13579453255136,13579454919316,1.894499,0.085633,1.66418,480
live,900,13579463024817,13579463168476,13579463256381,13579465725500,2.700683,0.087905,2.469119,480
live,901,13579473024817,13579473170457,13579473245050,13579474907918,1.883101,0.074593,1.662868,480
live,902,13579483024817,13579483174102,13579483260279,13579484981164,1.956347,0.086177,1.720885,480
live,903,13579493024817,13579493167859,13579493256564,13579494936841,1.912024,0.088705,1.680277,480
live,904,13579503024817,13579503168336,13579503253873,13579504971302,1.946485,0.085537,1.717429,480
live,905,13579513024817,13579513173869,13579513273902,13579514515902,1.491085,0.100033,1.242,480
live,906,13579523024817,13579523175114,13579523254795,13579524184407,1.15959,0.079681,0.929612,480
live,907,13579533024817,13579533173223,13579533272040,13579534178420,1.153603,0.098817,0.90638,480
live,908,13579543024817,13579543174436,13579543254469,13579544087184,1.062367,0.080033,0.832715,480
live,909,13579553024817,13579553166753,13579553252194,13579554386000,1.361183,0.085441,1.133806,480
live,910,13579563024817,13579563167006,13579563234847,13579564384877,1.36006,0.067841,1.15003,480
live,911,13579573024817,13579573167035,13579573244700,13579574358762,1.333945,0.077665,1.114062,480
live,912,13579583024817,13579583176600,13579583267513,13579584510057,1.48524,0.090913,1.242544,480
live,913,13579593024817,13579593210774,13579593298231,13579594422757,1.39794,0.087457,1.124526,480
live,914,13579603024817,13579603199667,13579603274068,13579604407810,1.382993,0.074401,1.133742,480
live,915,13579613024817,13579613169423,13579613261457,13579614370398,1.345581,0.092034,1.108941,480
live,916,13579623024817,13579623165804,13579623235981,13579624361531,1.336714,0.070177,1.12555,480
live,917,13579633024817,13579633171370,13579633261739,13579634443929,1.419112,0.090369,1.18219,480
live,918,13579643024817,13579643172231,13579643250344,13579644391766,1.366949,0.078113,1.141422,480
live,919,13579653024817,13579653164068,13579653251205,13579654355699,1.330882,0.087137,1.104494,480
live,920,13579663024817,13579663167329,13579663238530,13579665168090,2.143273,0.071201,1.92956,480
live,921,13579673024817,13579673164766,13579673235999,13579674320876,1.296059,0.071233,1.084877,480
live,922,13579683024817,13579683172987,13579683264860,13579684518540,1.493723,0.091873,1.25368,480
live,923,13579693024817,13579693174232,13579693263449,13579694368391,1.343574,0.089217,1.104942,480
live,924,13579703024817,13579703166165,13579703246486,13579704380420,1.355603,0.080321,1.133934,480
live,925,13579713024817,13579713173554,13579713244435,13579714336321,1.311504,0.070881,1.091886,480
live,926,13579723024817,13579723163791,13579723237104,13579724355966,1.331149,0.073313,1.118862,480
live,927,13579733024817,13579733338638,13579733726899,13579734832609,1.807792,0.388261,1.10571,480
live,928,13579743024817,13579743224778,13579743371980,13579744461081,1.436264,0.147202,1.089101,480
live,929,13579753024817,13579753178822,13579753272200,13579754116754,1.091937,0.093378,0.844554,480
live,930,13579763024817,13579763169923,13579763260580,13579764149552,1.124735,0.090657,0.888972,480
live,931,13579773024817,13579773168128,13579773254337,13579774890486,1.865669,0.086209,1.636149,480
live,932,13579783024817,13579783163965,13579783249150,13579785589788,2.564971,0.085185,2.340638,480
live,933,13579793024817,13579793213403,13579793323676,13579795031314,2.006497,0.110273,1.707638,480
live,934,13579803024817,13579803182168,13579803278809,13579804986702,1.961885,0.096641,1.707893,480
live,935,13579813024817,13579813171925,13579813270710,13579814927755,1.902938,0.098785,1.657045,480
live,936,13579823024817,13579823171410,13579823259091,13579824970952,1.946135,0.087681,1.711861,480
live,937,13579833024817,13579833168751,13579833252144,13579834917925,1.893108,0.083393,1.665781,480
live,938,13579843024817,13579843176556,13579843273389,13579845028579,2.003762,0.096833,1.75519,480
live,939,13579853024817,13579853175177,13579853266442,13579854906175,1.881358,0.091265,1.639733,480
live,940,13579863024817,13579863169510,13579863251559,13579865731142,2.706325,0.082049,2.479583,480
live,941,13579873024817,13579873168323,13579873252132,13579874886712,1.861895,0.083809,1.63458,480
live,942,13579883024817,13579883166528,13579883266177,13579884968183,1.943366,0.099649,1.702006,480
live,943,13579893024817,13579893225182,13579893346399,13579895097205,2.072388,0.121217,1.750806,480
live,944,13579903024817,13579903193914,13579903293052,13579904986129,1.961312,0.099138,1.693077,480
live,945,13579913024817,13579913175735,13579913286393,13579914993038,1.968221,0.110658,1.706645,480
live,946,13579923024817,13579923171796,13579923259541,13579924947178,1.922361,0.087745,1.687637,480
live,947,13579933024817,13579933170385,13579933257586,13579934923623,1.898806,0.087201,1.666037,480
live,948,13579943024817,13579943172142,13579943272784,13579944226556,1.201739,0.100642,0.953772,480
live,949,13579953024817,13579953167819,13579953248172,13579954048470,1.023653,0.080353,0.800298,480
live,950,13579963024817,13579963209065,13579963317770,13579964167317,1.1425,0.108705,0.849547,480
live,951,13579973024817,13579973217798,13579973323367,13579974105265,1.080448,0.105569,0.781898,480
live,952,13579983024817,13579983188899,13579983288324,13579984262480,1.237663,0.099425,0.974156,480
live,953,13579993024817,13579993189536,13579993279169,13579994087947,1.06313,0.089633,0.808778,480
live,954,13580003024817,13580003176285,13580003259198,13580004073480,1.048663,0.082913,0.814282,480
live,955,13580013024817,13580013171354,13580013251675,13580014024036,0.999219,0.080321,0.772361,480
live,956,13580023024817,13580023173303,13580023263288,13580024073314,1.048497,0.089985,0.810026,480
live,957,13580033024817,13580033166964,13580033248533,13580034006078,0.981261,0.081569,0.757545,480
live,958,13580043024817,13580043170769,13580043258610,13580044090428,1.065611,0.087841,0.831818,480
live,959,13580053024817,13580053169486,13580053252239,13580054015769,0.990952,0.082753,0.76353,480
live,960,13580063024817,13580063167147,13580063235180,13580064916641,1.891824,0.068033,1.681461,480
live,961,13580073024817,13580073199848,13580073601389,13580075349923,2.325106,0.401541,1.748534,480
live,962,13580083024817,13580083175589,13580083276294,13580084986268,1.961451,0.100705,1.709974,480
live,963,13580093024817,13580093179714,13580093279684,13580095006009,1.981192,0.09997,1.726325,480
live,964,13580103024817,13580103167295,13580103242880,13580104940629,1.915812,0.075585,1.697749,480
live,965,13580113024817,13580113163676,13580113247837,13580114917458,1.892641,0.084161,1.669621,480
live,966,13580123024817,13580123164857,13580123240378,13580124940207,1.91539,0.075521,1.699829,480
live,967,13580133024817,13580133166006,13580133260248,13580134914668,1.889851,0.094242,1.65442,480
live,968,13580143024817,13580143172531,13580143268053,13580144991914,1.967097,0.095522,1.723861,480
live,969,13580153024817,13580153167312,13580153252146,13580154911110,1.886293,0.084834,1.658964,480
live,970,13580163024817,13580163161389,13580163245135,13580164952708,1.927891,0.083746,1.707573,480
live,971,13580173024817,13580173169099,13580173270892,13580174997281,1.972464,0.101793,1.726389,480
live,972,13580183024817,13580183165832,13580183253481,13580184946398,1.921581,0.087649,1.692917,480
live,973,13580193024817,13580193440040,13580193541961,13580195257663,2.232846,0.101921,1.715702,480
live,974,13580203024817,13580203177602,13580203280931,13580204992153,1.967336,0.103329,1.711222,480
live,975,13580213024817,13580213174527,13580213270336,13580214942709,1.917892,0.095809,1.672373,480
live,976,13580223024817,13580223170652,13580223248669,13580224925426,1.900609,0.078017,1.676757,480
live,977,13580233024817,13580233169497,13580233261466,13580234948847,1.92403,0.091969,1.687381,480
live,978,13580243024817,13580243165270,13580243251095,13580245695894,2.671077,0.085825,2.444799,480
live,979,13580253024817,13580253180051,13580253271476,13580255413551,2.388734,0.091425,2.142075,480
live,980,13580263024817,13580263170576,13580263264401,13580265698928,2.674111,0.093825,2.434527,480
live,981,13580273024817,13580273230670,13580273638163,13580275423657,2.39884,0.407493,1.785494,480
live,982,13580283024817,13580283186090,13580283284236,13580284973921,1.949104,0.098146,1.689685,480
live,983,13580293024817,13580293171111,13580293265928,13580294912413,1.887596,0.094817,1.646485,480
live,984,13580303024817,13580303179460,13580303284518,13580305001019,1.976202,0.105058,1.716501,480
live,985,13580313024817,13580313168001,13580313284739,13580314959608,1.934791,0.116738,1.674869,480
live,986,13580323024817,13580323162942,13580323248863,13580324937397,1.91258,0.085921,1.688534,480
live,987,13580333024817,13580333158523,13580333243356,13580334903793,1.878976,0.084833,1.660437,480
live,988,13580343024817,13580343155448,13580343240409,13580344919662,1.894845,0.084961,1.679253,480
live,989,13580353024817,13580353218838,13580353317271,13580355043341,2.018524,0.098433,1.72607,480
live,990,13580363024817,13580363198227,13580363285684,13580364996041,1.971224,0.087457,1.710357,480
live,991,13580373024817,13580373163984,13580373254449,13580375285930,2.261113,0.090465,2.031481,480
live,992,13580383024817,13580383158221,13580383249134,13580385324936,2.300119,0.090913,2.075802,480
live,993,13580393024817,13580393158634,13580393241963,13580395334277,2.30946,0.083329,2.092314,480
live,994,13580403024817,13580403168615,13580403271272,13580405359714,2.334897,0.102657,2.088442,480
live,995,13580413024817,13580413176100,13580413271045,13580415200573,2.175756,0.094945,1.929528,480
live,996,13580423024817,13580423206945,13580423331587,13580425398973,2.374156,0.124642,2.067386,480
live,997,13580433024817,13580433224255,13580433637444,13580435351257,2.32644,0.413189,1.713813,480
live,998,13580443024817,13580443260124,13580443682146,13580445483224,2.458407,0.422022,1.801078,480
live,999,13580453024817,13580453227929,13580453627326,13580455427796,2.402979,0.399397,1.80047,480
live,1000,13580463024817,13580463200470,13580463594491,13580466257052,3.232235,0.394021,2.662561,480
live,1001,13580473024817,13580473190131,13580473588055,13580475391278,2.366461,0.397924,1.803223,480
live,1002,13580483024817,13580483183343,13580483576564,13580485387115,2.362298,0.393221,1.810551,480
live,1003,13580493024817,13580493184269,13580493572753,13580495355752,2.330935,0.388484,1.782999,480
live,1004,13580503024817,13580503159369,13580503252010,13580504955968,1.931151,0.092641,1.703958,480
live,1005,13580513024817,13580513161478,13580513248071,13580514900124,1.875307,0.086593,1.652053,480
live,1006,13580523024817,13580523160259,13580523240420,13580524920793,1.895976,0.080161,1.680373,480
live,1007,13580533024817,13580533161665,13580533245250,13580535200698,2.175881,0.083585,1.955448,480
live,1008,13580543024817,13580543159966,13580543244095,13580544933140,1.908323,0.084129,1.689045,480
live,1009,13580553024817,13580553162107,13580553253948,13580554904304,1.879487,0.091841,1.650356,480
live,1010,13580563024817,13580563161944,13580563256153,13580564956046,1.931229,0.094209,1.699893,480
live,1011,13580573024817,13580573162709,13580573248118,13580574946955,1.922138,0.085409,1.698837,480
live,1012,13580583024817,13580583163858,13580583248019,13580584927624,1.902807,0.084161,1.679605,480
live,1013,13580593024817,13580593159471,13580593229680,13580594973285,1.948468,0.070209,1.743605,480
live,1014,13580603024817,13580603160108,13580603257101,13580604977795,1.952978,0.096993,1.720694,480
live,1015,13580613024817,13580613163657,13580613237930,13580614889887,1.86507,0.074273,1.651957,480
live,1016,13580623024817,13580623156710,13580623244039,13580624899708,1.874891,0.087329,1.655669,480
live,1017,13580633024817,13580633158051,13580633228324,13580634882809,1.857992,0.070273,1.654485,480
live,1018,13580643024817,13580643160992,13580643254913,13580645025271,2.000454,0.093921,1.770358,480
live,1019,13580653024817,13580653330495,13580653536290,13580655415353,2.390536,0.205795,1.879063,480
live,1020,13580663024817,13580663196539,13580663299932,13580665783163,2.758346,0.103393,2.483231,480
live,1021,13580673024817,13580673178295,13580673270393,13580674946958,1.922141,0.092098,1.676565,480
live,1022,13580683024817,13580683168852,13580683264886,13580684917898,1.893081,0.096034,1.653012,480
live,1023,13580693024817,13580693170865,13580693266323,13580694920359,1.895542,0.095458,1.654036,480
live,1024,13580703024817,13580703169103,13580703258192,13580705495852,2.471035,0.089089,2.23766,480
live,1025,13580713024817,13580713167756,13580713263053,13580714966306,1.941489,0.095297,1.703253,480
live,1026,13580723024817,13580723167529,13580723261194,13580724951999,1.927182,0.093665,1.690805,480
live,1027,13580733024817,13580733167686,13580733254535,13580734899899,1.875082,0.086849,1.645364,480
live,1028,13580743024817,13580743163843,13580743250980,13580744917561,1.892744,0.087137,1.666581,480
live,1029,13580753024817,13580753169312,13580753255553,13580755192121,2.167304,0.086241,1.936568,480
live,1030,13580763024817,13580763171389,13580763262878,13580764952307,1.92749,0.091489,1.689429,480
live,1031,13580773024817,13580773172058,13580773255419,13580774917616,1.892799,0.083361,1.662197,480
live,1032,13580783024817,13580783234712,13580783362969,13580784559304,1.534487,0.128257,1.196335,480
live,1033,13580793024817,13580793211637,13580793608858,13580795293455,2.268638,0.397221,1.684597,480
live,1034,13580803024817,13580803172145,13580803262418,13580804942791,1.917974,0.090273,1.680373,480
live,1035,13580813024817,13580813174510,13580813275631,13580814978693,1.953876,0.101121,1.703062,480
live,1036,13580823024817,13580823171019,13580823257676,13580824950945,1.926128,0.086657,1.693269,480
live,1037,13580833024817,13580833163432,13580833246377,13580834911582,1.886765,0.082945,1.665205,480
live,1038,13580843024817,13580843156645,13580843238534,13580844928347,1.90353,0.081889,1.689813,480
live,1039,13580853024817,13580853160322,13580853243811,13580854908536,1.883719,0.083489,1.664725,480
live,1040,13580863024817,13580863171263,13580863270817,13580865804960,2.780143,0.099554,2.534143,480
live,1041,13580873024817,13580873173661,13580873289438,13580874982707,1.95789,0.115777,1.693269,480
live,1042,13580883024817,13580883182586,13580883282683,13580884997712,1.972895,0.100097,1.715029,480
live,1043,13580893024817,13580893175383,13580893266424,13580894943693,1.918876,0.091041,1.677269,480
live,1044,13580903024817,13580903169780,13580903266069,13580904967882,1.943065,0.096289,1.701813,480
live,1045,13580913024817,13580913169329,13580913261778,13580914955303,1.930486,0.092449,1.693525,480
live,1046,13580923024817,13580923168622,13580923259631,13580924961220,1.936403,0.091009,1.701589,480
live,1047,13580933024817,13580933165131,13580933248844,13580934914497,1.88968,0.083713,1.665653,480
live,1048,13580943024817,13580943163720,13580943251593,13580944973662,1.948845,0.087873,1.722069,480
live,1049,13580953024817,13580953165381,13580953249574,13580954900827,1.87601,0.084193,1.651253,480
live,1050,13580963024817,13580963167010,13580963259363,13580964927160,1.902343,0.092353,1.667797,480
live,1051,13580973024817,13580973167999,13580973252640,13580974908181,1.883364,0.084641,1.655541,480
live,1052,13580983024817,13580983162236,13580983236221,13580985164885,2.140068,0.073985,1.928664,480
live,1053,13580993024817,13580993160409,13580993243898,13580994901135,1.876318,0.083489,1.657237,480
live,1054,13581003024817,13581003160054,13581003243543,13581004936364,1.911547,0.083489,1.692821,480
live,1055,13581013024817,13581013168531,13581013260724,13581014930377,1.90556,0.092193,1.669653,480
live,1056,13581023024817,13581023167856,13581023258385,13581024955623,1.930806,0.090529,1.697238,480
live,1057,13581033024817,13581033165005,13581033255310,13581034907107,1.88229,0.090305,1.651797,480
live,1058,13581043024817,13581043166570,13581043240043,13581044915520,1.890703,0.073473,1.675477,480
live,1059,13581053024817,13581053163623,13581053248424,13581054917917,1.8931,0.084801,1.669493,480
live,1060,13581063024817,13581063318054,13581063405351,13581065894407,2.86959,0.087297,2.489056,480
live,1061,13581073024817,13581073167937,13581073251715,13581074947704,1.922887,0.083778,1.695989,480
live,1062,13581083024817,13581083169087,13581083264480,13581084981685,1.956868,0.095393,1.717205,480
live,1063,13581093024817,13581093168508,13581093249629,13581094910865,1.886048,0.081121,1.661236,480
live,1064,13581103024817,13581103166841,13581103269338,13581104987119,1.962302,0.102497,1.717781,480
live,1065,13581113024817,13581113235543,13581113337336,13581115519795,2.494978,0.101793,2.182459,480
live,1066,13581123024817,13581123208819,13581123307732,13581124998122,1.973305,0.098913,1.69039,480
live,1067,13581133024817,13581133179728,13581133276145,13581134935046,1.910229,0.096417,1.658901,480
live,1068,13581143024817,13581143170253,13581143258798,13581144952611,1.927794,0.088545,1.693813,480
live,1069,13581153024817,13581153169770,13581153264811,13581155210467,2.18565,0.095041,1.945656,480
live,1070,13581163024817,13581163167591,13581163263336,13581165119231,2.094414,0.095745,1.855895,480
live,1071,13581173024817,13581173173956,13581173262565,13581174984315,1.959498,0.088609,1.72175,480
live,1072,13581183024817,13581183173633,13581183264898,13581184940183,1.915366,0.091265,1.675285,480
live,1073,13581193024817,13581193170270,13581193254943,13581194941780,1.916963,0.084673,1.686837,480
live,1074,13581203024817,13581203170043,13581203254716,13581204972274,1.947457,0.084673,1.717558,480
live,1075,13581213024817,13581213167032,13581213259001,13581214944430,1.919613,0.091969,1.685429,480
live,1076,13581223024817,13581223172309,13581223262742,13581224989868,1.965051,0.090433,1.727126,480
live,1077,13581233024817,13581233171922,13581233246995,13581234919336,1.894519,0.075073,1.672341,480
live,1078,13581243024817,13581243163951,13581243250832,13581244954278,1.929461,0.086881,1.703446,480
live,1079,13581253024817,13581253170988,13581253269230,13581254127576,1.102759,0.098242,0.858346,480
live,1080,13581263024817,13581263163785,13581263245162,13581265176963,2.152146,0.081377,1.931801,480
live,1081,13581273024817,13581273172967,13581273259592,13581274073586,1.048769,0.086625,0.813994,480
live,1082,13581283024817,13581283172708,13581283253253,13581284062127,1.03731,0.080545,0.808874,480
live,1083,13581293024817,13581293171393,13581293253506,13581294027947,1.00313,0.082113,0.774441,480
live,1084,13581303024817,13581303170110,13581303252255,13581304053193,1.028376,0.082145,0.800938,480
live,1085,13581313024817,13581313171611,13581313265788,13581314065606,1.040789,0.094177,0.799818,480
live,1086,13581323024817,13581323180536,13581323268377,13581324141444,1.116627,0.087841,0.873067,480
live,1087,13581333024817,13581333190101,13581333283926,13581334111169,1.086352,0.093825,0.827243,480
live,1088,13581343024817,13581343180018,13581343262547,13581344086813,1.061996,0.082529,0.824266,480
live,1089,13581353024817,13581353176335,13581353246992,13581354022394,0.997577,0.070657,0.775402,480
live,1090,13581363024817,13581363171116,13581363239629,13581364036343,1.011526,0.068513,0.796714,480
live,1091,13581373024817,13581373184265,13581373578414,13581375335716,2.310899,0.394149,1.757302,480
live,1092,13581383024817,13581383224775,13581383626572,13581385482947,2.45813,0.401797,1.856375,480
live,1093,13581393024817,13581393168067,13581393253092,13581394950137,1.92532,0.085025,1.697045,480
live,1094,13581403024817,13581403168064,13581403253889,13581404944246,1.919429,0.085825,1.690357,480
live,1095,13581413024817,13581413168573,13581413271519,13581414944979,1.920162,0.102946,1.67346,480
live,1096,13581423024817,13581423177178,13581423266492,13581424962449,1.937632,0.089314,1.695957,480
live,1097,13581433024817,13581433175287,13581433259608,13581435194513,2.169696,0.084321,1.934905,480
live,1098,13581443024817,13581443173940,13581443249397,13581444943659,1.918842,0.075457,1.694262,480
live,1099,13581453024817,13581453167313,13581453250834,13581454928103,1.903286,0.083521,1.677269,480
live,1100,13581463024817,13581463169806,13581463269968,13581465758127,2.73331,0.100162,2.488159,480
live,1101,13581473024817,13581473171980,13581473265997,13581474981250,1.956433,0.094017,1.715253,480
live,1102,13581483024817,13581483175529,13581483251882,13581484926911,1.902094,0.076353,1.675029,480
live,1103,13581493024817,13581493166054,13581493262375,13581494957340,1.932523,0.096321,1.694965,480
live,1104,13581503024817,13581503171779,13581503258916,13581504158543,1.133726,0.087137,0.899627,480
live,1105,13581513024817,13581513168032,13581513249697,13581514051467,1.02665,0.081665,0.80177,480
live,1106,13581523024817,13581523170685,13581523254622,13581524111497,1.08668,0.083937,0.856875,480
live,1107,13581533024817,13581533168666,13581533256763,13581534059045,1.034228,0.088097,0.802282,480
live,1108,13581543024817,13581543215959,13581543334265,13581544368006,1.343189,0.118306,1.033741,480
live,1109,13581553024817,13581553220213,13581553331862,13581554174529,1.149712,0.111649,0.842667,480
live,1110,13581563024817,13581563205393,13581563307347,13581564155005,1.130188,0.101954,0.847658,480
live,1111,13581573024817,13581573272271,13581573479666,13581574932708,1.907891,0.207395,1.453042,480
live,1112,13581583024817,13581583185835,13581583271020,13581584083159,1.058342,0.085185,0.812139,480
live,1113,13581593024817,13581593174920,13581593255689,13581594022099,0.997282,0.080769,0.76641,480
live,1114,13581603024817,13581603169349,13581603249158,13581604045936,1.021119,0.079809,0.796778,480
live,1115,13581613024817,13581613170274,13581613247459,13581614327921,1.303104,0.077185,1.080462,480
live,1116,13581623024817,13581623169119,13581623251360,13581624349006,1.324189,0.082241,1.097646,480
live,1117,13581633024817,13581633185629,13581633573025,13581635583707,2.55889,0.387396,2.010682,480
live,1118,13581643024817,13581643199994,13581643600959,13581645661241,2.636424,0.400965,2.060282,480
live,1119,13581653024817,13581653193207,13581653594812,13581655640853,2.616036,0.401605,2.046041,480
live,1120,13581663024817,13581663167475,13581663253749,13581666030519,3.005702,0.086274,2.77677,480
live,1121,13581673024817,13581673169617,13581673248466,13581675206698,2.181881,0.078849,1.958232,480
live,1122,13581683024817,13581683174062,13581683268527,13581685195975,2.171158,0.094465,1.927448,480
live,1123,13581693024817,13581693169803,13581693243980,13581695170852,2.146035,0.074177,1.926872,480
live,1124,13581703024817,13581703164520,13581703258377,13581705183361,2.158544,0.093857,1.924984,480
live,1125,13581713024817,13581713168293,13581713258502,13581715218526,2.193709,0.090209,1.960024,480
live,1126,13581723024817,13581723167330,13581723247427,13581725175867,2.15105,0.080097,1.92844,480
live,1127,13581733024817,13581733171327,13581733264896,13581735216920,2.192103,0.093569,1.952024,480
live,1128,13581743024817,13581743171708,13581743265981,13581745184757,2.15994,0.094273,1.918776,480
live,1129,13581753024817,13581753166201,13581753252698,13581755180946,2.156129,0.086497,1.928248,480
live,1130,13581763024817,13581763167158,13581763261751,13581765249648,2.224831,0.094593,1.987897,480
live,1131,13581773024817,13581773169779,13581773262772,13581775068171,2.043354,0.092993,1.805399,480
live,1132,13581783024817,13581783170096,13581783269041,13581784965511,1.940694,0.098945,1.69647,480
live,1133,13581793024817,13581793181389,13581793278831,13581794997636,1.972819,0.097442,1.718805,480
live,1134,13581803024817,13581803170282,13581803259755,13581804933632,1.908815,0.089473,1.673877,480
live,1135,13581813024817,13581813168103,13581813255336,13581814923101,1.898284,0.087233,1.667765,480
live,1136,13581823024817,13581823169252,13581823255717,13581824918650,1.893833,0.086465,1.662933,480
live,1137,13581833024817,13581833173985,13581833266147,13581834926167,1.90135,0.092162,1.66002,480
live,1138,13581843024817,13581843169598,13581843244735,13581844951893,1.927076,0.075137,1.707158,480
live,1139,13581853024817,13581853165563,13581853257757,13581854937682,1.912865,0.092194,1.679925,480
live,1140,13581863024817,13581863165112,13581863267642,13581865738489,2.713672,0.10253,2.470847,480
live,1141,13581873024817,13581873168342,13581873263543,13581874941228,1.916411,0.095201,1.677685,480
live,1142,13581883024817,13581883204051,13581883300532,13581884989481,1.964664,0.096481,1.688949,480
live,1143,13581893024817,13581893202128,13581893294545,13581894958694,1.933877,0.092417,1.664149,480
live,1144,13581903024817,13581903171789,13581903259726,13581904936867,1.91205,0.087937,1.677141,480
live,1145,13581913024817,13581913165290,13581913251531,13581914910976,1.886159,0.086241,1.659445,480
live,1146,13581923024817,13581923167015,13581923266248,13581924961597,1.93678,0.099233,1.695349,480
live,1147,13581933024817,13581933170404,13581933268805,13581934969242,1.944425,0.098401,1.700437,480
live,1148,13581943024817,13581943167361,13581943246274,13581944954455,1.929638,0.078913,1.708181,480
live,1149,13581953024817,13581953169406,13581953273599,13581954954964,1.930147,0.104193,1.681365,480
live,1150,13581963024817,13581963166235,13581963242556,13581964965745,1.940928,0.076321,1.723189,480
live,1151,13581973024817,13581973164984,13581973250169,13581974924430,1.899613,0.085185,1.674261,480
live,1152,13581983024817,13581983170517,13581983265558,13581984973228,1.948411,0.095041,1.70767,480
live,1153,13581993024817,13581993177714,13581993264755,13581994904264,1.879447,0.087041,1.639509,480
live,1154,13582003024817,13582003166031,13582003264848,13582004977894,1.953077,0.098817,1.713046,480
live,1155,13582013024817,13582013192077,13582013295790,13582014994723,1.969906,0.103713,1.698933,480
live,1156,13582023024817,13582023175561,13582023264042,13582024968128,1.943311,0.088481,1.704086,480
live,1157,13582033024817,13582033427178,13582033555819,13582035539524,2.514707,0.128641,1.983705,480
live,1158,13582043024817,13582043175651,13582043266533,13582044955642,1.930825,0.090882,1.689109,480
live,1159,13582053024817,13582053172992,13582053259970,13582054929206,1.904389,0.086978,1.669236,480
live,1160,13582063024817,13582063167261,13582063282079,13582065731870,2.707053,0.114818,2.449791,480
live,1161,13582073024817,13582073166331,13582073254524,13582074924176,1.899359,0.088193,1.669652,480
live,1162,13582083024817,13582083167160,13582083244697,13582085606102,2.581285,0.077537,2.361405,480
live,1163,13582093024817,13582093168949,13582093264726,13582094956459,1.931642,0.095777,1.691733,480
live,1164,13582103024817,13582103170162,13582103256467,13582104924840,1.900023,0.086305,1.668373,480
live,1165,13582113024817,13582113165295,13582113249680,13582114918053,1.893236,0.084385,1.668373,480
live,1166,13582123024817,13582123165900,13582123240717,13582124913762,1.888945,0.074817,1.673045,480
live,1167,13582133024817,13582133169001,13582133258986,13582134933151,1.908334,0.089985,1.674165,480
live,1168,13582143024817,13582143171398,13582143269063,13582144973372,1.948555,0.097665,1.704309,480
live,1169,13582153024817,13582153171267,13582153258276,13582154920185,1.895368,0.087009,1.661909,480
live,1170,13582163024817,13582163168032,13582163253505,13582164938870,1.914053,0.085473,1.685365,480
live,1171,13582173024817,13582173170109,13582173245534,13582174924435,1.899618,0.075425,1.678901,480
live,1172,13582183024817,13582183165178,13582183239771,13582184904624,1.879807,0.074593,1.664853,480
live,1173,13582193024817,13582193171287,13582193261368,13582194933069,1.908252,0.090081,1.671701,480
live,1174,13582203024817,13582203169172,13582203245845,13582204940554,1.915737,0.076673,1.694709,480
live,1175,13582213024817,13582213164945,13582213255730,13582214937351,1.912534,0.090785,1.681621,480
live,1176,13582223024817,13582223171726,13582223272144,13582225088230,2.063413,0.100418,1.816086,480
live,1177,13582233024817,13582233170027,13582233267341,13582234922497,1.89768,0.097314,1.655156,480
live,1178,13582243024817,13582243198505,13582243307338,13582245053248,2.028431,0.108833,1.74591,480
live,1179,13582253024817,13582253180934,13582253272935,13582254936379,1.911562,0.092001,1.663444,480
live,1180,13582263024817,13582263174915,13582263269188,13582265733955,2.709138,0.094273,2.464767,480
live,1181,13582273024817,13582273171040,13582273249344,13582274123115,1.098298,0.078304,0.873771,480
live,1182,13582283024817,13582283166813,13582283252606,13582284079784,1.054967,0.085793,0.827178,480
live,1183,13582293024817,13582293172218,13582293255899,13582294070213,1.045396,0.083681,0.814314,480
live,1184,13582303024817,13582303173751,13582303256088,13582304064738,1.039921,0.082337,0.80865,480
live,1185,13582313024817,13582313171732,13582313251413,13582314018910,0.994093,0.079681,0.767497,480
live,1186,13582323024817,13582323166545,13582323247026,13582324030972,1.006155,0.080481,0.783946,480
live,1187,13582333024817,13582333169198,13582333269039,13582334031257,1.00644,0.099841,0.762218,480
live,1188,13582343024817,13582343173579,13582343258796,13582344083414,1.058597,0.085217,0.824618,480
live,1189,13582353024817,13582353171432,13582353252777,13582354022355,0.997538,0.081345,0.769578,480
live,1190,13582363024817,13582363168613,13582363251526,13582364040912,1.016095,0.082913,0.789386,480
live,1191,13582373024817,13582373176130,13582373268483,13582374035309,1.010492,0.092353,0.766826,480
live,1192,13582383024817,13582383169983,13582383239616,13582384023658,0.998841,0.069633,0.784042,480
live,1193,13582393024817,13582393171740,13582393250237,13582394036839,1.012022,0.078497,0.786602,480
live,1194,13582403024817,13582403206266,13582403610655,13582405390645,2.365828,0.404389,1.77999,480
live,1195,13582413024817,13582413243607,13582413667388,13582415489971,2.465154,0.423781,1.822583,480
live,1196,13582423024817,13582423226068,13582423633945,13582425402095,2.377278,0.407877,1.76815,480
live,1197,13582433024817,13582433167824,13582433254225,13582434922886,1.898069,0.086401,1.668661,480
live,1198,13582443024817,13582443178189,13582443258574,13582444960100,1.935283,0.080385,1.701526,480
live,1199,13582453024817,13582453168682,13582453266892,13582454938080,1.913263,0.09821,1.671188,480
live,1200,13582463024817,13582463192232,13582463294313,13582465820681,2.795864,0.102081,2.526368,480
live,1201,13582473024817,13582473180453,13582473272326,13582474969371,1.944554,0.091873,1.697045,480
live,1202,13582483024817,13582483167425,13582483242786,13582484932952,1.908135,0.075361,1.690166,480
live,1203,13582493024817,13582493366593,13582493511491,13582495976066,2.951249,0.144898,2.464575,480
live,1204,13582503024817,13582503176476,13582503270621,13582505349015,2.324198,0.094145,2.078394,480
live,1205,13582513024817,13582513167385,13582513251738,13582515330484,2.305667,0.084353,2.078746,480
live,1206,13582523024817,13582523170934,13582523255799,13582525311696,2.286879,0.084865,2.055897,480
live,1207,13582533024817,13582533163987,13582533253460,13582535307469,2.282652,0.089473,2.054009,480
live,1208,13582543024817,13582543166768,13582543253169,13582545942930,2.918113,0.086401,2.689761,480
live,1209,13582553024817,13582553170829,13582553253102,13582555221574,2.196757,0.082273,1.968472,480
live,1210,13582563024817,13582563167466,13582563261771,13582564931200,1.906383,0.094305,1.669429,480
live,1211,13582573024817,13582573170375,13582573254344,13582575303970,2.279153,0.083969,2.049626,480
live,1212,13582583024817,13582583163780,13582583256229,13582585311743,2.286926,0.092449,2.055514,480
live,1213,13582593024817,13582593164705,13582593249122,13582595305660,2.280843,0.084417,2.056538,480
live,1214,13582603024817,13582603173758,13582603278623,13582604993301,1.968484,0.104865,1.714678,480
live,1215,13582613024817,13582613167355,13582613252988,13582614914641,1.889824,0.085633,1.661653,480
live,1216,13582623024817,13582623169592,13582623255737,13582625317523,2.292706,0.086145,2.061786,480
live,1217,13582633024817,13582633166517,13582633252374,13582635331696,2.306879,0.085857,2.079322,480
live,1218,13582643024817,13582643201779,13582643303316,13582645376430,2.351613,0.101537,2.073114,480
live,1219,13582653024817,13582653195888,13582653290161,13582655262313,2.237496,0.094273,1.972152,480
live,1220,13582663024817,13582663171756,13582663261645,13582665724364,2.699547,0.089889,2.462719,480
live,1221,13582673024817,13582673166697,13582673270507,13582675036673,2.011856,0.10381,1.766166,480
live,1222,13582683024817,13582683169126,13582683270824,13582684934012,1.909195,0.101698,1.663188,480
live,1223,13582693024817,13582693183396,13582693278853,13582694961402,1.936585,0.095457,1.682549,480
live,1224,13582703024817,13582703179137,13582703267042,13582704982167,1.95735,0.087905,1.715125,480
live,1225,13582713024817,13582713170686,13582713260383,13582714957364,1.932547,0.089697,1.696981,480
live,1226,13582723024817,13582723170587,13582723257020,13582724949361,1.924544,0.086433,1.692341,480
live,1227,13582733024817,13582733166648,13582733249305,13582735181425,2.156608,0.082657,1.93212,480
live,1228,13582743024817,13582743166645,13582743247734,13582745167822,2.143005,0.081089,1.920088,480
live,1229,13582753024817,13582753171378,13582753262515,13582755201899,2.177082,0.091137,1.939384,480
live,1230,13582763024817,13582763173455,13582763252336,13582765298377,2.27356,0.078881,2.046041,480
live,1231,13582773024817,13582773166860,13582773245069,13582775149029,2.124212,0.078209,1.90396,480
live,1232,13582783024817,13582783166921,13582783251434,13582785180578,2.155761,0.084513,1.929144,480
live,1233,13582793024817,13582793164742,13582793264999,13582795211359,2.186542,0.100257,1.94636,480
live,1234,13582803024817,13582803166115,13582803256580,13582805198876,2.174059,0.090465,1.942296,480
live,1235,13582813024817,13582813171360,13582813265857,13582815214554,2.189737,0.094497,1.948697,480
live,1236,13582823024817,13582823171037,13582823261598,13582825184982,2.160165,0.090561,1.923384,480
live,1237,13582833024817,13582833172666,13582833261659,13582835213140,2.188323,0.088993,1.951481,480
live,1238,13582843024817,13582843165719,13582843255896,13582845176048,2.151231,0.090177,1.920152,480
live,1239,13582853024817,13582853171252,13582853265557,13582855221838,2.197021,0.094305,1.956281,480
live,1240,13582863024817,13582863176657,13582863252978,13582866016053,2.991236,0.076321,2.763075,480
live,1241,13582873024817,13582873164974,13582873255951,13582875195592,2.170775,0.090977,1.939641,480
live,1242,13582883024817,13582883165707,13582883251308,13582885218117,2.1933,0.085601,1.966809,480
live,1243,13582893024817,13582893168648,13582893262058,13582894920574,1.895757,0.09341,1.658516,480
live,1244,13582903024817,13582903170821,13582903272743,13582905008508,1.983691,0.101922,1.735765,480
live,1245,13582913024817,13582913186659,13582913269220,13582914977433,1.952616,0.082561,1.708213,480
live,1246,13582923024817,13582923169824,13582923255585,13582924928054,1.903237,0.085761,1.672469,480
live,1247,13582933024817,13582933172509,13582933255710,13582934933651,1.908834,0.083201,1.677941,480
live,1248,13582943024817,13582943164218,13582943248219,13582944963504,1.938687,0.084001,1.715285,480
live,1249,13582953024817,13582953289688,13582953429402,13582955337106,2.312289,0.139714,1.907704,480
live,1250,13582963024817,13582963170516,13582963258197,13582964945130,1.920313,0.087681,1.686933,480
live,1251,13582973024817,13582973168049,13582973255922,13582974911975,1.887158,0.087873,1.656053,480
live,1252,13582983024817,13582983168878,13582983253839,13582984916356,1.891539,0.084961,1.662517,480
live,1253,13582993024817,13582993164171,13582993248140,13582994897249,1.872432,0.083969,1.649109,480
live,1254,13583003024817,13583003165800,13583003253353,13583005623623,2.598806,0.087553,2.37027,480
live,1255,13583013024817,13583013169669,13583013257030,13583015345408,2.320591,0.087361,2.088378,480
live,1256,13583023024817,13583023169538,13583023255875,13583025349181,2.324364,0.086337,2.093306,480
live,1257,13583033024817,13583033166911,13583033251904,13583035318554,2.293737,0.084993,2.06665,480
live,1258,13583043024817,13583043168892,13583043257981,13583045323383,2.298566,0.089089,2.065402,480
live,1259,13583053024817,13583053167897,13583053255098,13583055197203,2.172386,0.087201,1.942105,480
live,1260,13583063024817,13583063165846,13583063253687,13583065748438,2.723621,0.087841,2.494751,480
live,1261,13583073024817,13583073169011,13583073258900,13583074937769,1.912952,0.089889,1.678869,480
live,1262,13583083024817,13583083167472,13583083243889,13583084938886,1.914069,0.076417,1.694997,480
live,1263,13583093024817,13583093167661,13583093251918,13583094924195,1.899378,0.084257,1.672277,480
live,1264,13583103024817,13583103164650,13583103262252,13583104944545,1.919728,0.097602,1.682293,480
live,1265,13583113024817,13583113175336,13583113268745,13583114958142,1.933325,0.093409,1.689397,480
live,1266,13583123024817,13583123172933,13583123265222,13583124996571,1.971754,0.092289,1.731349,480
live,1267,13583133024817,13583133169282,13583133264387,13583134945400,1.920583,0.095105,1.681013,480
live,1268,13583143024817,13583143179135,13583143271616,13583144975157,1.95034,0.092481,1.703541,480
live,1269,13583153024817,13583153169372,13583153244989,13583155324663,2.299846,0.075617,2.079674,480
live,1270,13583163024817,13583163165241,13583163256058,13583165210482,2.185665,0.090817,1.954424,480
live,1271,13583173024817,13583173167638,13583173243895,13583175166351,2.141534,0.076257,1.922456,480
live,1272,13583183024817,13583183167123,13583183242068,13583184940073,1.915256,0.074945,1.698005,480
live,1273,13583193024817,13583193163344,13583193247825,13583195184073,2.159256,0.084481,1.936248,480
live,1274,13583203024817,13583203166541,13583203263438,13583204970531,1.945714,0.096897,1.707093,480
live,1275,13583213024817,13583213168874,13583213264299,13583215214755,2.189938,0.095425,1.950456,480
live,1276,13583223024817,13583223168391,13583223252904,13583224948061,1.923244,0.084513,1.695157,480
live,1277,13583233024817,13583233169316,13583233256325,13583234916154,1.891337,0.087009,1.659829,480
live,1278,13583243024817,13583243165025,13583243251938,13583245321404,2.296587,0.086913,2.069466,480
live,1279,13583253024817,13583253168478,13583253258815,13583254446286,1.421469,0.090337,1.187471,480
live,1280,13583263024817,13583263170971,13583263264988,13583265032050,2.007233,0.094017,1.767062,480
live,1281,13583273024817,13583273170744,13583273252121,13583274053027,1.02821,0.081377,0.800906,480
live,1282,13583283024817,13583283165333,13583283243446,13583284066432,1.041615,0.078113,0.822986,480
live,1283,13583293024817,13583293165234,13583293246387,13583294019645,0.994828,0.081153,0.773258,480
live,1284,13583303024817,13583303168495,13583303250800,13583304041306,1.016489,0.082305,0.790506,480
live,1285,13583313024817,13583313171628,13583313256717,13583314058743,1.033926,0.085089,0.802026,480
live,1286,13583323024817,13583323172137,13583323251018,13583324054868,1.030051,0.078881,0.80385,480
live,1287,13583333024817,13583333167910,13583333248679,13583334021297,0.99648,0.080769,0.772618,480
live,1288,13583343024817,13583343168131,13583343254597,13583344091727,1.06691,0.086466,0.83713,480
live,1289,13583353024817,13583353172673,13583353276418,13583354054668,1.029851,0.103745,0.77825,480
live,1290,13583363024817,13583363184606,13583363264671,13583364127754,1.102937,0.080065,0.863083,480
live,1291,13583373024817,13583373169595,13583373248156,13583374073958,1.049141,0.078561,0.825802,480
live,1292,13583383024817,13583383165016,13583383250297,13583384049635,1.024818,0.085281,0.799338,480
live,1293,13583393024817,13583393168693,13583393247894,13583394013599,0.988782,0.079201,0.765705,480
live,1294,13583403024817,13583403213522,13583403297107,13583404093021,1.068204,0.083585,0.795914,480
live,1295,13583413024817,13583413384241,13583413467538,13583414262684,1.237867,0.083297,0.795146,480
live,1296,13583423024817,13583423204364,13583423606129,13583425460840,2.436023,0.401765,1.854711,480
live,1297,13583433024817,13583433213289,13583433661199,13583435465606,2.440789,0.44791,1.804407,480
live,1298,13583443024817,13583443174374,13583443277543,13583444987293,1.962476,0.103169,1.70975,480
live,1299,13583453024817,13583453168931,13583453256836,13583454954009,1.929192,0.087905,1.697173,480
live,1300,13583463024817,13583463170816,13583463259937,13583466263783,3.238966,0.089121,3.003846,480
live,1301,13583473024817,13583473173501,13583473263966,13583474985428,1.960611,0.090465,1.721462,480
live,1302,13583483024817,13583483632128,13583483764994,13583485793115,2.768298,0.132866,2.028121,480
live,1303,13583493024817,13583493188599,13583493281208,13583495201073,2.176256,0.092609,1.919865,480
live,1304,13583503024817,13583503163924,13583503255925,13583504930410,1.905593,0.092001,1.674485,480
live,1305,13583513024817,13583513162001,13583513250578,13583515921876,2.897059,0.088577,2.671298,480
live,1306,13583523024817,13583523169710,13583523263439,13583524505951,1.481134,0.093729,1.242512,480
live,1307,13583533024817,13583533168267,13583533249036,13583534372186,1.347369,0.080769,1.12315,480
live,1308,13583543024817,13583543159720,13583543228489,13583544354839,1.330022,0.068769,1.12635,480
live,1309,13583553024817,13583553151717,13583553231334,13583554320372,1.295555,0.079617,1.089038,480
live,1310,13583563024817,13583563207267,13583563320452,13583564444530,1.419713,0.113185,1.124078,480
live,1311,13583573024817,13583573219200,13583573334818,13583574465808,1.440991,0.115618,1.13099,480
live,1312,13583583024817,13583583186493,13583583281214,13583584605582,1.580765,0.094721,1.324368,480
live,1313,13583593024817,13583593185338,13583593277179,13583594068485,1.043668,0.091841,0.791306,480
live,1314,13583603024817,13583603172023,13583603257336,13583604068130,1.043313,0.085313,0.810794,480
live,1315,13583613024817,13583613174068,13583613259253,13583614342562,1.317745,0.085185,1.083309,480
live,1316,13583623024817,13583623171249,13583623248530,13583624402976,1.378159,0.077281,1.154446,480
live,1317,13583633024817,13583633167662,13583633238607,13583634302076,1.277259,0.070945,1.063469,480
live,1318,13583643024817,13583643166571,13583643237036,13583644344409,1.319592,0.070465,1.107373,480
live,1319,13583653024817,13583653210504,13583653621101,13583655595878,2.571061,0.410597,1.974777,480
live,1320,13583663024817,13583663166693,13583663251558,13583665983144,2.958327,0.084865,2.731586,480
live,1321,13583673024817,13583673171874,13583673270211,13583674956504,1.931687,0.098337,1.686293,480
live,1322,13583683024817,13583683170015,13583683256384,13583684923061,1.898244,0.086369,1.666677,480
live,1323,13583693024817,13583693167132,13583693251901,13583695174741,2.149924,0.084769,1.92284,480
live,1324,13583703024817,13583703165017,13583703240186,13583704919951,1.895134,0.075169,1.679765,480
live,1325,13583713024817,13583713164502,13583713249911,13583715170159,2.145342,0.085409,1.920248,480
live,1326,13583723024817,13583723173555,13583723269076,13583724992906,1.968089,0.095521,1.72383,480
live,1327,13583733024817,13583733172368,13583733257873,13583734933574,1.908757,0.085505,1.675701,480
live,1328,13583743024817,13583743164685,13583743251310,13583744937699,1.912882,0.086625,1.686389,480
live,1329,13583753024817,13583753162922,13583753249803,13583754919136,1.894319,0.086881,1.669333,480
live,1330,13583763024817,13583763164935,13583763267369,13583764950302,1.925485,0.102434,1.682933,480
live,1331,13583773024817,13583773167844,13583773268454,13583774991835,1.967018,0.10061,1.723381,480
live,1332,13583783024817,13583783166529,13583783255010,13583784938071,1.913254,0.088481,1.683061,480
live,1333,13583793024817,13583793237663,13583793368481,13583795461627,2.43681,0.130818,2.093146,480
live,1334,13583803024817,13583803202172,13583803308541,13583805315158,2.290341,0.106369,2.006617,480
live,1335,13583813024817,13583813205177,13583813312986,13583814963311,1.938494,0.107809,1.650325,480
live,1336,13583823024817,13583823184598,13583823281431,13583825018701,1.993884,0.096833,1.73727,480
live,1337,13583833024817,13583833176627,13583833271188,13583834960329,1.935512,0.094561,1.689141,480
live,1338,13583843024817,13583843175504,13583843276497,13583844963558,1.938741,0.100993,1.687061,480
live,1339,13583853024817,13583853185293,13583853274798,13583854947459,1.922642,0.089505,1.672661,480
live,1340,13583863024817,13583863170154,13583863258635,13583865739306,2.714489,0.088481,2.480671,480
live,1341,13583873024817,13583873329577,13583873421546,13583875113055,2.088238,0.091969,1.691509,480
live,1342,13583883024817,13583883169540,13583883276389,13583884959418,1.934601,0.106849,1.683029,480
live,1343,13583893024817,13583893166881,13583893255362,13583894916535,1.891718,0.088481,1.661173,480
live,1344,13583903024817,13583903166654,13583903244191,13583904933204,1.908387,0.077537,1.689013,480
live,1345,13583913024817,13583913161723,13583913264604,13583915366454,2.341637,0.102881,2.10185,480
live,1346,13583923024817,13583923166360,13583923256441,13583925293395,2.268578,0.090081,2.036954,480
live,1347,13583933024817,13583933171029,13583933264278,13583935212911,2.188094,0.093249,1.948633,480
live,1348,13583943024817,13583943163730,13583943236179,13583944917544,1.892727,0.072449,1.681365,480
live,1349,13583953024817,13583953163887,13583953250320,13583954920037,1.89522,0.086433,1.669717,480
live,1350,13583963024817,13583963164076,13583963238861,13583964929698,1.904881,0.074785,1.690837,480
live,1351,13583973024817,13583973164009,13583973247658,13583974113077,1.08826,0.083649,0.865419,480
live,1352,13583983024817,13583983172198,13583983259623,13583984113202,1.088385,0.087425,0.853579,480
live,1353,13583993024817,13583993174435,13583993254020,13583994033998,1.009181,0.079585,0.779978,480
live,1354,13584003024817,13584003167264,13584003249185,13584004042155,1.017338,0.081921,0.79297,480
live,1355,13584013024817,13584013164061,13584013245726,13584014194698,1.169881,0.081665,0.948972,480
live,1356,13584023024817,13584023169338,13584023249467,13584024121094,1.096277,0.080129,0.871627,480
live,1357,13584033024817,13584033198488,13584033303065,13584034118723,1.093906,0.104577,0.815658,480
live,1358,13584043024817,13584043194901,13584043292534,13584044116672,1.091855,0.097633,0.824138,480
live,1359,13584053024817,13584053183282,13584053268883,13584054037852,1.013035,0.085601,0.768969,480
live,1360,13584063024817,13584063171727,13584063255376,13584064886212,1.861395,0.083649,1.630836,480
live,1361,13584073024817,13584073174956,13584073256493,13584074023030,0.998213,0.081537,0.766537,480
live,1362,13584083024817,13584083199465,13584083298410,13584084124309,1.099492,0.098945,0.825899,480
live,1363,13584093024817,13584093246183,13584093671468,13584095713541,2.688724,0.425285,2.042073,480
live,1364,13584103024817,13584103249988,13584103672169,13584105742691,2.717874,0.422181,2.070522,480
live,1365,13584113024817,13584113176608,13584113269025,13584115211705,2.186888,0.092417,1.94268,480
live,1366,13584123024817,13584123175165,13584123265374,13584125238039,2.213222,0.090209,1.972665,480
live,1367,13584133024817,13584133198010,13584133304508,13584135254260,2.229443,0.106498,1.949752,480
live,1368,13584143024817,13584143179255,13584143271320,13584144951565,1.926748,0.092065,1.680245,480
live,1369,13584153024817,13584153191476,13584153288181,13584154933930,1.909113,0.096705,1.645749,480
live,1370,13584163024817,13584163223762,13584163318131,13584164995624,1.970807,0.094369,1.677493,480
live,1371,13584173024817,13584173193166,13584173286095,13584175210344,2.185527,0.092929,1.924249,480
live,1372,13584183024817,13584183205899,13584183312749,13584185346310,2.321493,0.10685,2.033561,480
live,1373,13584193024817,13584193181032,13584193277385,13584194918590,1.893773,0.096353,1.641205,480
live,1374,13584203024817,13584203177317,13584203267686,13584204936091,1.911274,0.090369,1.668405,480
live,1375,13584213024817,13584213171234,13584213262723,13584215207900,2.183083,0.091489,1.945177,480
live,1376,13584223024817,13584223169279,13584223258208,13584225185560,2.160743,0.088929,1.927352,480
live,1377,13584233024817,13584233196861,13584233301342,13584235304727,2.27991,0.104481,2.003385,480
live,1378,13584243024817,13584243185209,13584243278171,13584244949872,1.925055,0.092962,1.671701,480
live,1379,13584253024817,13584253179158,13584253274456,13584254942860,1.918043,0.095298,1.668404,480
live,1380,13584263024817,13584263172883,13584263274293,13584265790580,2.765763,0.10141,2.516287,480
live,1381,13584273024817,13584273188369,13584273286322,13584274968743,1.943926,0.097953,1.682421,480
live,1382,13584283024817,13584283192462,13584283294191,13584285008356,1.983539,0.101729,1.714165,480
live,1383,13584293024817,13584293186251,13584293282988,13584294951489,1.926672,0.096737,1.668501,480
live,1384,13584303024817,13584303178632,13584303272265,13584304973278,1.948461,0.093633,1.701013,480
live,1385,13584313024817,13584313175525,13584313265670,13584315316927,2.29211,0.090145,2.051257,480
live,1386,13584323024817,13584323174882,13584323264675,13584324477394,1.452577,0.089793,1.212719,480
live,1387,13584333024817,13584333198559,13584333295360,13584334450319,1.425502,0.096801,1.154959,480
live,1388,13584343024817,13584343198300,13584343292221,13584344439948,1.415131,0.093921,1.147727,480
live,1389,13584353024817,13584353186777,13584353275258,13584354052420,1.027603,0.088481,0.777162,480
live,1390,13584363024817,13584363178390,13584363264311,13584364059521,1.034704,0.085921,0.79521,480
live,1391,13584373024817,13584373173203,13584373252212,13584374010141,0.985324,0.079009,0.757929,480
live,1392,13584383024817,13584383338674,13584383511476,13584384702787,1.67797,0.172802,1.191311,480
live,1393,13584393024817,13584393201389,13584393304495,13584394087960,1.063143,0.103106,0.783465,480
live,1394,13584403024817,13584403190122,13584403277515,13584404065301,1.040484,0.087393,0.787786,480
live,1395,13584413024817,13584413185895,13584413284680,13584414359638,1.334821,0.098785,1.074958,480
live,1396,13584423024817,13584423173540,13584423243173,13584424028527,1.00371,0.069633,0.785354,480
live,1397,13584433024817,13584433165729,13584433245666,13584433994923,0.970106,0.079937,0.749257,480
live,1398,13584443024817,13584443175326,13584443259519,13584444148106,1.123289,0.084193,0.888587,480
live,1399,13584453024817,13584453199867,13584453594848,13584455324950,2.300133,0.394981,1.730102,480
live,1400,13584463024817,13584463168504,13584463254329,13584465706616,2.681799,0.085825,2.452287,480
live,1401,13584473024817,13584473194710,13584473297143,13584474954700,1.929883,0.102433,1.657557,480
live,1402,13584483024817,13584483176498,13584483283636,13584484959881,1.935064,0.107138,1.676245,480
live,1403,13584493024817,13584493221744,13584493344977,13584495089511,2.064694,0.123233,1.744534,480
live,1404,13584503024817,13584503189229,13584503290382,13584504988803,1.963986,0.101153,1.698421,480
live,1405,13584513024817,13584513179273,13584513271595,13584514919359,1.894542,0.092322,1.647764,480
live,1406,13584523024817,13584523175974,13584523265096,13584524947165,1.922348,0.089122,1.682069,480
live,1407,13584533024817,13584533170947,13584533262885,13584534905497,1.88068,0.091938,1.642612,480
live,1408,13584543024817,13584543177537,13584543273634,13584545008183,1.983366,0.096097,1.734549,480
live,1409,13584553024817,13584553171422,13584553259615,13584554921779,1.896962,0.088193,1.662164,480
live,1410,13584563024817,13584563170939,13584563258364,13584564919600,1.894783,0.087425,1.661236,480
live,1411,13584573024817,13584573168248,13584573253049,13584574926094,1.901277,0.084801,1.673045,480
live,1412,13584583024817,13584583166165,13584583249334,13584584932715,1.907898,0.083169,1.683381,480
live,1413,13584593024817,13584593168658,13584593266131,13584594982248,1.957431,0.097473,1.716117,480
live,1414,13584603024817,13584603213839,13584603328625,13584605245993,2.221176,0.114786,1.917368,480
live,1415,13584613024817,13584613187084,13584613286221,13584614911330,1.886513,0.099137,1.625109,480
live,1416,13584623024817,13584623176681,13584623267914,13584624949375,1.924558,0.091233,1.681461,480
live,1417,13584633024817,13584633173606,13584633251111,13584634931452,1.906635,0.077505,1.680341,480
live,1418,13584643024817,13584643173699,13584643270020,13584644976025,1.951208,0.096321,1.706005,480
live,1419,13584653024817,13584653179584,13584653269665,13584654928758,1.903941,0.090081,1.659093,480
live,1420,13584663024817,13584663169565,13584663258622,13584665745885,2.721068,0.089057,2.487263,480
live,1421,13584673024817,13584673166682,13584673270075,13584674960752,1.935935,0.103393,1.690677,480
live,1422,13584683024817,13584683165623,13584683243736,13584684928909,1.904092,0.078113,1.685173,480
live,1423,13584693024817,13584693174548,13584693285974,13584694947690,1.922873,0.111426,1.661716,480
live,1424,13584703024817,13584703175697,13584703271986,13584704961288,1.936471,0.096289,1.689302,480
live,1425,13584713024817,13584713173774,13584713278512,13584714924484,1.899667,0.104738,1.645972,480
live,1426,13584723024817,13584723172555,13584723263564,13584724980514,1.955697,0.091009,1.71695,480
live,1427,13584733024817,13584733171368,13584733244137,13584734906878,1.882061,0.072769,1.662741,480
live,1428,13584743024817,13584743171621,13584743266118,13584744980892,1.956075,0.094497,1.714774,480
live,1429,13584753024817,13584753173026,13584753249475,13584754914456,1.889639,0.076449,1.664981,480
live,1430,13584763024817,13584763169567,13584763242976,13584764932757,1.90794,0.073409,1.689781,480
live,1431,13584773024817,13584773166812,13584773251933,13584774921906,1.897089,0.085121,1.669973,480
live,1432,13584783024817,13584783166745,13584783242682,13584784932239,1.907422,0.075937,1.689557,480
live,1433,13584793024817,13584793173143,13584793267352,13584794936877,1.91206,0.094209,1.669525,480
live,1434,13584803024817,13584803170836,13584803248341,13584804943658,1.918841,0.077505,1.695317,480
live,1435,13584813024817,13584813167121,13584813258546,13584814918278,1.893461,0.091425,1.659732,480
live,1436,13584823024817,13584823166190,13584823257423,13584824955396,1.930579,0.091233,1.697973,480
live,1437,13584833024817,13584833168747,13584833254988,13584834923361,1.898544,0.086241,1.668373,480
live,1438,13584843024817,13584843166888,13584843261961,13584844964894,1.940077,0.095073,1.702933,480
live,1439,13584853024817,13584853171621,13584853247238,13584854891898,1.867081,0.075617,1.64466,480
live,1440,13584863024817,13584863167042,13584863253635,13584865705729,2.680912,0.086593,2.452094,480
live,1441,13584873024817,13584873172991,13584873284192,13584874962805,1.937988,0.111201,1.678613,480
live,1442,13584883024817,13584883169404,13584883262941,13584884964050,1.939233,0.093537,1.701109,480
live,1443,13584893024817,13584893348059,13584893473501,13584895476854,2.452037,0.125442,2.003353,480
live,1444,13584903024817,13584903206422,13584903295639,13584904976013,1.951196,0.089217,1.680374,480
live,1445,13584913024817,13584913167667,13584913253908,13584914929833,1.905016,0.086241,1.675925,480
live,1446,13584923024817,13584923230865,13584923324114,13584924995975,1.971158,0.093249,1.671861,480
live,1447,13584933024817,13584933206125,13584933303215,13584934960803,1.935986,0.09709,1.657588,480
live,1448,13584943024817,13584943213483,13584943331212,13584945333477,2.30866,0.117729,2.002265,480
live,1449,13584953024817,13584953185415,13584953280009,13584954952061,1.927244,0.094594,1.672052,480
live,1450,13584963024817,13584963164196,13584963255429,13584964942842,1.918025,0.091233,1.687413,480
live,1451,13584973024817,13584973162625,13584973245826,13584974914071,1.889254,0.083201,1.668245,480
live,1452,13584983024817,13584983156894,13584983230303,13584984891316,1.866499,0.073409,1.661013,480
live,1453,13584993024817,13584993158395,13584993243900,13584994896945,1.872128,0.085505,1.653045,480
live,1454,13585003024817,13585003242169,13585003368891,13585005044112,2.019295,0.126722,1.675221,480
live,1455,13585013024817,13585013204278,13585013307191,13585014992972,1.968155,0.102913,1.685781,480
live,1456,13585023024817,13585023183539,13585023275476,13585024970281,1.945464,0.091937,1.694805,480
live,1457,13585033024817,13585033174287,13585033270801,13585034940870,1.916053,0.096514,1.670069,480
live,1458,13585043024817,13585043171436,13585043259086,13585044947427,1.92261,0.08765,1.688341,480
live,1459,13585053024817,13585053180554,13585053279371,13585054985408,1.960591,0.098817,1.706037,480
live,1460,13585063024817,13585063170951,13585063258984,13585065768135,2.743318,0.088033,2.509151,480
live,1461,13585073024817,13585073173188,13585073265029,13585074925722,1.900905,0.091841,1.660693,480
live,1462,13585083024817,13585083172897,13585083264610,13585084949527,1.92471,0.091713,1.684917,480
live,1463,13585093024817,13585093173630,13585093266463,13585094938548,1.913731,0.092833,1.672085,480
live,1464,13585103024817,13585103173371,13585103271388,13585104959185,1.934368,0.098017,1.687797,480
live,1465,13585113024817,13585113171832,13585113271577,13585114929710,1.904893,0.099745,1.658133,480
live,1466,13585123024817,13585123167157,13585123254294,13585124960491,1.935674,0.087137,1.706197,480
live,1467,13585133024817,13585133166994,13585133253523,13585134894375,1.869558,0.086529,1.640852,480
live,1468,13585143024817,13585143208239,13585143322737,13585145000710,1.975893,0.114498,1.677973,480
live,1469,13585153024817,13585153196332,13585153302702,13585155100132,2.075315,0.10637,1.79743,480
live,1470,13585163024817,13585163178441,13585163276874,13585164986720,1.961903,0.098433,1.709846,480
live,1471,13585173024817,13585173188550,13585173282343,13585174985533,1.960716,0.093793,1.70319,480
live,1472,13585183024817,13585183176451,13585183264612,13585184982586,1.957769,0.088161,1.717974,480
live,1473,13585193024817,13585193172896,13585193266145,13585194957782,1.932965,0.093249,1.691637,480
live,1474,13585203024817,13585203178429,13585203272638,13585204979508,1.954691,0.094209,1.70687,480
live,1475,13585213024817,13585213171066,13585213257627,13585214949552,1.924735,0.086561,1.691925,480
live,1476,13585223024817,13585223165495,13585223255288,13585224955853,1.931036,0.089793,1.700565,480
live,1477,13585233024817,13585233165332,13585233258933,13585234914442,1.889625,0.093601,1.655509,480
live,1478,13585243024817,13585243163825,13585243263762,13585244973160,1.948343,0.099937,1.709398,480
live,1479,13585253024817,13585253174062,13585253264207,13585254171867,1.14705,0.090145,0.90766,480
live,1480,13585263024817,13585263172491,13585263258060,13585264862944,1.838127,0.085569,1.604884,480
live,1481,13585273024817,13585273171336,13585273261033,13585274044467,1.01965,0.089697,0.783434,480
live,1482,13585283024817,13585283167109,13585283253638,13585284060560,1.035743,0.086529,0.806922,480
live,1483,13585293024817,13585293171618,13585293250627,13585294023085,0.998268,0.079009,0.772458,480
live,1484,13585303024817,13585303168543,13585303258721,13585304100203,1.075386,0.090178,0.841482,480
live,1485,13585313024817,13585313181597,13585313266046,13585314044967,1.02015,0.084449,0.778921,480
live,1486,13585323024817,13585323168505,13585323249594,13585324029860,1.005043,0.081089,0.780266,480
live,1487,13585333024817,13585333167670,13585333249016,13585334007777,0.98296,0.081346,0.758761,480
live,1488,13585343024817,13585343168980,13585343255669,13585344046303,1.021486,0.086689,0.790634,480
live,1489,13585353024817,13585353571702,13585353655511,13585354446017,1.4212,0.083809,0.790506,480
live,1490,13585363024817,13585363170350,13585363240079,13585364039641,1.014824,0.069729,0.799562,480
live,1491,13585373024817,13585373170667,13585373254636,13585374232504,1.207687,0.083969,0.977868,480
live,1492,13585383024817,13585383209128,13585383331914,13585384529305,1.504488,0.122786,1.197391,480
live,1493,13585393024817,13585393217541,13585393338151,13585394180721,1.155904,0.12061,0.84257,480
live,1494,13585403024817,13585403192066,13585403282755,13585405134042,2.109225,0.090689,1.851287,480
live,1495,13585413024817,13585413201183,13585413603716,13585415344858,2.320041,0.402533,1.741142,480
live,1496,13585423024817,13585423213724,13585423621858,13585425430520,2.405703,0.408134,1.808662,480
live,1497,13585433024817,13585433174777,13585433275450,13585434936719,1.911902,0.100673,1.661269,480
live,1498,13585443024817,13585443174198,13585443281079,13585444972204,1.947387,0.106881,1.691125,480
live,1499,13585453024817,13585453169619,13585453383606,13585455032682,2.007865,0.213987,1.649076,480
