stage,sequence,release_ns,queued_ns,start_ns,end_ns,age_ms,queue_ms,service_ms,output_samples
live,0,17057599733260,17057600124978,17057600464342,17057611446844,11.713584,0.339364,10.982502,7680
live,1,17057609733260,17057610041067,17057611712447,17057614463073,4.729813,1.67138,2.750626,7680
live,2,17057619733260,17057619938307,17057620089733,17057622789030,3.05577,0.151426,2.699297,7680
live,3,17057629733260,17057629933981,17057630034622,17057632473372,2.740112,0.100641,2.43875,7680
live,4,17057639733260,17057639891126,17057639978231,17057642334612,2.601352,0.087105,2.356381,7680
live,5,17057649733260,17057649964401,17057650052786,17057653114199,3.380939,0.088385,3.061413,7680
live,6,17057659733260,17057659887274,17057659961835,17057662128421,2.395161,0.074561,2.166586,7680
live,7,17057669733260,17057669894404,17057669991749,17057672077182,2.343922,0.097345,2.085433,7680
live,8,17057679733260,17057679900445,17057679986398,17057682374620,2.64136,0.085953,2.388222,7680
live,9,17057689733260,17057689906583,17057690292380,17057692502711,2.769451,0.385797,2.210331,7680
live,10,17057699733260,17057699931217,17057700075475,17057702716659,2.983399,0.144258,2.641184,7680
live,11,17057709733260,17057709902891,17057709959211,17057711156634,1.423374,0.05632,1.197423,7680
live,12,17057719733260,17057719891556,17057719988230,17057722291522,2.558262,0.096674,2.303292,7680
live,13,17057729733260,17057729895486,17057729985951,17057731992344,2.259084,0.090465,2.006393,7680
live,14,17057739733260,17057739887672,17057739969849,17057741970193,2.236933,0.082177,2.000344,7680
live,15,17057749733260,17057749884370,17057749967859,17057751990859,2.257599,0.083489,2.023,7680
live,16,17057759733260,17057759882347,17057759956364,17057762074022,2.340762,0.074017,2.117658,7680
live,17,17057769733260,17057769899237,17057769999751,17057772299075,2.565815,0.100514,2.299324,7680
live,18,17057779733260,17057779888287,17057779971232,17057782308381,2.575121,0.082945,2.337149,7680
live,19,17057789733260,17057789878649,17057789967066,17057792800764,3.067504,0.088417,2.833698,7680
live,20,17057799733260,17057799886163,17057799982292,17057810207280,10.47402,0.096129,10.224988,7680
live,21,17057809733260,17057810023630,17057810333938,17057812419307,2.686047,0.310308,2.085369,7680
live,22,17057819733260,17057820337228,17057820459405,17057822638856,2.905596,0.122177,2.179451,7680
live,23,17057829733260,17057829917024,17057830012546,17057832122907,2.389647,0.095522,2.110361,7680
live,24,17057839733260,17057839894714,17057839976027,17057841984339,2.251079,0.081313,2.008312,7680
live,25,17057849733260,17057849876979,17057849957396,17057852068142,2.334882,0.080417,2.110746,7680
live,26,17057859733260,17057859875149,17057859949358,17057862142953,2.409693,0.074209,2.193595,7680
live,27,17057869733260,17057869856327,17057869923976,17057872358117,2.624857,0.067649,2.434141,7680
live,28,17057879733260,17057879884545,17057879962178,17057882461920,2.72866,0.077633,2.499742,7680
live,29,17057889733260,17057889874939,17057889939643,17057892329400,2.59614,0.064704,2.389757,7680
live,30,17057899733260,17057899873012,17057899950005,17057903053115,3.319855,0.076993,3.10311,7680
live,31,17057909733260,17057909932079,17057910046032,17057913338200,3.60494,0.113953,3.292168,7680
live,32,17057919733260,17057919910024,17057920037738,17057923634326,3.901066,0.127714,3.596588,7680
live,33,17057929733260,17057929891042,17057929992739,17057932992872,3.259612,0.101697,3.000133,7680
live,34,17057939733260,17057939860443,17057939938012,17057942714910,2.98165,0.077569,2.776898,7680
live,35,17057949733260,17057949880565,17057949951830,17057952898682,3.165422,0.071265,2.946852,7680
live,36,17057959733260,17057959872207,17057959939440,17057962789843,3.056583,0.067233,2.850403,7680
live,37,17057969733260,17057969860137,17057969943466,17057973407700,3.67444,0.083329,3.464234,7680
live,38,17057979733260,17057979884995,17057979978980,17057983278892,3.545632,0.093985,3.299912,7680
live,39,17057989733260,17057989885821,17057989962365,17057993265446,3.532186,0.076544,3.303081,7680
live,40,17057999733260,17057999876982,17057999948823,17058010973597,11.240337,0.071841,11.024774,7680
live,41,17058009733260,17058010240340,17058011107167,17058014369895,4.636635,0.866827,3.262728,7680
live,42,17058019733260,17058019893770,17058019974027,17058023183378,3.450118,0.080257,3.209351,7680
live,43,17058029733260,17058029889284,17058029992645,17058033375726,3.642466,0.103361,3.383081,7680
live,44,17058039733260,17058039886333,17058039959710,17058043127877,3.394617,0.073377,3.168167,7680
live,45,17058049733260,17058049875863,17058049948792,17058053209376,3.476116,0.072929,3.260584,7680
live,46,17058059733260,17058059879665,17058059947922,17058063202201,3.468941,0.068257,3.254279,7680
live,47,17058069733260,17058069877131,17058069961164,17058073121266,3.388006,0.084033,3.160102,7680
live,48,17058079733260,17058079892869,17058079993286,17058083204781,3.471521,0.100417,3.211495,7680
live,49,17058089733260,17058089884478,17058089954911,17058093150694,3.417434,0.070433,3.195783,7680
live,50,17058099733260,17058099873432,17058099946393,17058103092095,3.358835,0.072961,3.145702,7680
live,51,17058109733260,17058109870706,17058109941267,17058113112025,3.378765,0.070561,3.170758,7680
live,52,17058119733260,17058119875980,17058119959981,17058123094131,3.360871,0.084001,3.13415,7680
live,53,17058129733260,17058129888070,17058129984679,17058133235854,3.502594,0.096609,3.251175,7680
live,54,17058139733260,17058139926912,17058140081858,17058143199944,3.466684,0.154946,3.118086,7680
live,55,17058149733260,17058149933306,17058150049403,17058153321315,3.588055,0.116097,3.271912,7680
live,56,17058159733260,17058159896627,17058159981716,17058162852343,3.119083,0.085089,2.870627,7680
live,57,17058169733260,17058169867565,17058169957454,17058172743984,3.010724,0.089889,2.78653,7680
live,58,17058179733260,17058179919527,17058180043144,17058183218159,3.484899,0.123617,3.175015,7680
live,59,17058189733260,17058189891616,17058189989890,17058193179752,3.446492,0.098274,3.189862,7680
live,60,17058199733260,17058199884826,17058199987195,17058210660733,10.927473,0.102369,10.673538,7680
live,61,17058209733260,17058209944085,17058210792735,17058213766531,4.033271,0.84865,2.973796,7680
live,62,17058219733260,17058219895342,17058219998351,17058223244439,3.511179,0.103009,3.246088,7680
live,63,17058229733260,17058229921480,17058230028297,17058233321041,3.587781,0.106817,3.292744,7680
live,64,17058239733260,17058239891233,17058239988099,17058243139145,3.405885,0.096866,3.151046,7680
live,65,17058249733260,17058249894971,17058249986940,17058253173507,3.440247,0.091969,3.186567,7680
live,66,17058259733260,17058259881621,17058259974294,17058263174717,3.441457,0.092673,3.200423,7680
live,67,17058269733260,17058269883279,17058269968848,17058273162967,3.429707,0.085569,3.194119,7680
live,68,17058279733260,17058280266573,17058280398863,17058283600534,3.867274,0.13229,3.201671,7680
live,69,17058289733260,17058289916227,17058290011812,17058293205803,3.472543,0.095585,3.193991,7680
live,70,17058299733260,17058299894492,17058299987581,17058303157860,3.4246,0.093089,3.170279,7680
live,71,17058309733260,17058309877622,17058309970071,17058313143997,3.410737,0.092449,3.173926,7680
live,72,17058319733260,17058319876111,17058319952432,17058323177112,3.443852,0.076321,3.22468,7680
live,73,17058329733260,17058329879241,17058329951594,17058333252914,3.519654,0.072353,3.30132,7680
live,74,17058339733260,17058339886659,17058339973732,17058343172651,3.439391,0.087073,3.198919,7680
live,75,17058349733260,17058349879005,17058349963486,17058353000867,3.267607,0.084481,3.037381,7680
live,76,17058359733260,17058359926839,17058360026584,17058363103454,3.370194,0.099745,3.07687,7680
live,77,17058369733260,17058369899985,17058370005010,17058373193369,3.460109,0.105025,3.188359,7680
live,78,17058379733260,17058379926027,17058380044300,17058383567671,3.834411,0.118273,3.523371,7680
live,79,17058389733260,17058389893668,17058389999621,17058392924969,3.191709,0.105953,2.925348,7680
live,80,17058399733260,17058399878494,17058399964095,17058410433886,10.700626,0.085601,10.469791,7680
live,81,17058409733260,17058410116826,17058410564256,17058413462019,3.728759,0.44743,2.897763,7680
live,82,17058419733260,17058419883089,17058419983891,17058423145497,3.412237,0.100802,3.161606,7680
live,83,17058429733260,17058429882219,17058429990701,17058433334709,3.601449,0.108482,3.344008,7680
live,84,17058439733260,17058439886117,17058439978982,17058443166317,3.433057,0.092865,3.187335,7680
live,85,17058449733260,17058449883999,17058449979552,17058453234248,3.500988,0.095553,3.254696,7680
live,86,17058459733260,17058459882009,17058459968890,17058463085856,3.352596,0.086881,3.116966,7680
live,87,17058469733260,17058469879186,17058469961715,17058472846198,3.112938,0.082529,2.884483,7680
live,88,17058479733260,17058479877772,17058479960013,17058483149268,3.416008,0.082241,3.189255,7680
live,89,17058489733260,17058489886726,17058489988423,17058492935019,3.201759,0.101697,2.946596,7680
live,90,17058499733260,17058499888448,17058499962625,17058502846180,3.11292,0.074177,2.883555,7680
live,91,17058509733260,17058509880826,17058509950842,17058512812221,3.078961,0.070016,2.861379,7680
live,92,17058519733260,17058519877459,17058519952340,17058522392754,2.659494,0.074881,2.440414,7680
live,93,17058529733260,17058529875373,17058529943726,17058532268298,2.535038,0.068353,2.324572,7680
live,94,17058539733260,17058539879239,17058539971688,17058542360101,2.626841,0.092449,2.388413,7680
live,95,17058549733260,17058549882369,17058549951106,17058552288350,2.55509,0.068737,2.337244,7680
live,96,17058559733260,17058559876186,17058559957307,17058561913779,2.180519,0.081121,1.956472,7680
live,97,17058569733260,17058569873716,17058569941781,17058571891917,2.158657,0.068065,1.950136,7680
live,98,17058579733260,17058579879246,17058579967823,17058582214154,2.480894,0.088577,2.246331,7680
live,99,17058589733260,17058592291525,17058592487432,17058595970002,6.236742,0.195907,3.48257,7680
replay,99,17058589733260,17058592375558,17058592822060,17058679112615,89.379355,0.446502,86.290555,584704
live,100,17058599733260,17058601504309,17058602576226,17058615242813,15.509553,1.071917,12.666587,7680
live,101,17058609733260,17058610213887,17058615470239,17058617667034,7.933774,5.256352,2.196795,7680
live,102,17058619733260,17058619943606,17058620109304,17058622632727,2.899467,0.165698,2.523423,7680
live,103,17058629733260,17058629973200,17058630057489,17058632470991,2.737731,0.084289,2.413502,7680
live,104,17058639733260,17058639921641,17058640036395,17058642512809,2.779549,0.114754,2.476414,7680
live,105,17058649733260,17058649876130,17058649964356,17058652808870,3.07561,0.088226,2.844514,7680
live,106,17058659733260,17058659879964,17058659979294,17058664194705,4.461445,0.09933,4.215411,7680
live,107,17058669733260,17058670151545,17058670377756,17058674492750,4.75949,0.226211,4.114994,7680
live,108,17058679733260,17058679905936,17058680026674,17058682380110,2.64685,0.120738,2.353436,7680
live,109,17058689733260,17058690092940,17058690172909,17058693073745,3.340485,0.079969,2.900836,7680
live,110,17058699733260,17058699864707,17058699955556,17058702645157,2.911897,0.090849,2.689601,7680
live,111,17058709733260,17058709861117,17058709936702,17058712481277,2.748017,0.075585,2.544575,7680
live,112,17058719733260,17058719860855,17058719936632,17058722748378,3.015118,0.075777,2.811746,7680
live,113,17058729733260,17058729885969,17058729981266,17058732836565,3.103305,0.095297,2.855299,7680
live,114,17058739733260,17058739884619,17058739976396,17058743960796,4.227536,0.091777,3.9844,7680
live,115,17058749733260,17058749901285,17058749998278,17058752985322,3.252062,0.096993,2.987044,7680
live,116,17058759733260,17058759887998,17058759975167,17058762814818,3.081558,0.087169,2.839651,7680
live,117,17058769733260,17058769897368,17058769976025,17058772819356,3.086096,0.078657,2.843331,7680
live,118,17058779733260,17058779885842,17058779991827,17058782919351,3.186091,0.105985,2.927524,7680
live,119,17058789733260,17058789882156,17058789950444,17058792777551,3.044291,0.068288,2.827107,7680
live,120,17058799733260,17058799870597,17058799960454,17058811269840,11.53658,0.089857,11.309386,7680
live,121,17058809733260,17058809986144,17058811436626,17058814385334,4.652074,1.450482,2.948708,7680
live,122,17058819733260,17058819909849,17058820028411,17058822929598,3.196338,0.118562,2.901187,7680
live,123,17058829733260,17058829885747,17058829971924,17058833162651,3.429391,0.086177,3.190727,7680
live,124,17058839733260,17058839890253,17058839984174,17058842878417,3.145157,0.093921,2.894243,7680
live,125,17058849733260,17058849914407,17058850017320,17058853138542,3.405282,0.102913,3.121222,7680
live,126,17058859733260,17058859886880,17058859970433,17058862928549,3.195289,0.083553,2.958116,7680
live,127,17058869733260,17058869880922,17058869955131,17058872818302,3.085042,0.074209,2.863171,7680
live,128,17058879733260,17058879886164,17058879970805,17058883132763,3.399503,0.084641,3.161958,7680
live,129,17058889733260,17058889881517,17058889960142,17058892886034,3.152774,0.078625,2.925892,7680
live,130,17058899733260,17058899867175,17058899954824,17058902784075,3.050815,0.087649,2.829251,7680
live,131,17058909733260,17058909885185,17058909971426,17058913218442,3.485182,0.086241,3.247016,7680
live,132,17058919733260,17058919886491,17058919969180,17058923171299,3.438039,0.082689,3.202119,7680
live,133,17058929733260,17058929883157,17058929968022,17058933180797,3.447537,0.084865,3.212775,7680
live,134,17058939733260,17058939888431,17058939971216,17058943191575,3.458315,0.082785,3.220359,7680
live,135,17058949733260,17058949902312,17058949999050,17058953353363,3.620103,0.096738,3.354313,7680
live,136,17058959733260,17058959886626,17058959962115,17058963067209,3.333949,0.075489,3.105094,7680
live,137,17058969733260,17058969882268,17058969964573,17058972855008,3.121748,0.082305,2.890435,7680
live,138,17058979733260,17058979889910,17058979982903,17058983170622,3.437362,0.092993,3.187719,7680
live,139,17058989733260,17058989885295,17058989958064,17058992947349,3.214089,0.072769,2.989285,7680
live,140,17058999733260,17058999942122,17059000047115,17059011500375,11.767115,0.104993,11.45326,7680
live,141,17059009733260,17059010220775,17059011641880,17059014610141,4.876881,1.421105,2.968261,7680
live,142,17059019733260,17059020309282,17059020442020,17059022890497,3.157237,0.132738,2.448477,7680
live,143,17059029733260,17059029920695,17059030015800,17059032372629,2.639369,0.095105,2.356829,7680
live,144,17059039733260,17059039908273,17059040020850,17059042346446,2.613186,0.112577,2.325596,7680
live,145,17059049733260,17059049892106,17059050285135,17059053330644,3.597384,0.393029,3.045509,7680
live,146,17059059733260,17059059904164,17059059993669,17059062864552,3.131292,0.089505,2.870883,7680
live,147,17059069733260,17059069889982,17059069969055,17059073143845,3.410585,0.079073,3.17479,7680
live,148,17059079733260,17059079888728,17059079968473,17059083113407,3.380147,0.079745,3.144934,7680
live,149,17059089733260,17059089886065,17059089973394,17059093111289,3.378029,0.087329,3.137895,7680
live,150,17059099733260,17059099883979,17059099957260,17059103880700,4.14744,0.073281,3.92344,7680
live,151,17059109733260,17059109884869,17059109977094,17059113065388,3.332128,0.092225,3.088294,7680
live,152,17059119733260,17059119962272,17059120079361,17059123074022,3.340762,0.117089,2.994661,7680
live,153,17059129733260,17059129939289,17059130033754,17059133195617,3.462357,0.094465,3.161863,7680
live,154,17059139733260,17059139888306,17059139976691,17059143078297,3.345037,0.088385,3.101606,7680
live,155,17059149733260,17059149884748,17059149974477,17059153142068,3.408808,0.089729,3.167591,7680
live,156,17059159733260,17059159894726,17059159995943,17059163099629,3.366369,0.101217,3.103686,7680
live,157,17059169733260,17059169888544,17059169973441,17059173159784,3.426524,0.084897,3.186343,7680
live,158,17059179733260,17059179885242,17059179957210,17059183095361,3.362101,0.071968,3.138151,7680
live,159,17059189733260,17059189884083,17059189970324,17059193122683,3.389423,0.086241,3.152359,7680
live,160,17059199733260,17059199889421,17059199965582,17059210883347,11.150087,0.076161,10.917765,7680
live,161,17059209733260,17059210139114,17059211024053,17059213941688,4.208428,0.884939,2.917635,7680
live,162,17059219733260,17059219959970,17059220123588,17059223131816,3.398556,0.163618,3.008228,7680
live,163,17059229733260,17059229916443,17059230021404,17059233160738,3.427478,0.104961,3.139334,7680
live,164,17059239733260,17059239902613,17059240022422,17059243091579,3.358319,0.119809,3.069157,7680
live,165,17059249733260,17059249969999,17059250097937,17059253089045,3.355785,0.127938,2.991108,7680
live,166,17059259733260,17059259921160,17059260043530,17059263179088,3.445828,0.12237,3.135558,7680
live,167,17059269733260,17059270259814,17059270383112,17059273302987,3.569727,0.123298,2.919875,7680
live,168,17059279733260,17059279916444,17059280037949,17059283263813,3.530553,0.121505,3.225864,7680
live,169,17059289733260,17059289898197,17059289988343,17059292839065,3.105805,0.090146,2.850722,7680
live,170,17059299733260,17059299884847,17059299979376,17059302836627,3.103367,0.094529,2.857251,7680
live,171,17059309733260,17059309897257,17059309999114,17059312975502,3.242242,0.101857,2.976388,7680
live,172,17059319733260,17059319888739,17059319974180,17059322850823,3.117563,0.085441,2.876643,7680
live,173,17059329733260,17059329882876,17059329975422,17059332836832,3.103572,0.092546,2.86141,7680
live,174,17059339733260,17059339876662,17059339945943,17059342786170,3.05291,0.069281,2.840227,7680
live,175,17059349733260,17059349878736,17059349949841,17059352795091,3.061831,0.071105,2.84525,7680
live,176,17059359733260,17059359891050,17059359993291,17059362918127,3.184867,0.102241,2.924836,7680
live,177,17059369733260,17059369890244,17059369964389,17059372864840,3.13158,0.074145,2.900451,7680
live,178,17059379733260,17059379879549,17059379948350,17059382850050,3.11679,0.068801,2.9017,7680
live,179,17059389733260,17059389885751,17059389968600,17059393100286,3.367026,0.082849,3.131686,7680
live,180,17059399733260,17059399886033,17059399959090,17059411320188,11.586928,0.073057,11.361098,7680
live,181,17059409733260,17059410153614,17059411462494,17059414344993,4.611733,1.30888,2.882499,7680
live,182,17059419733260,17059419897605,17059419973574,17059422964970,3.23171,0.075969,2.991396,7680
live,183,17059429733260,17059429878462,17059429947967,17059432832194,3.098934,0.069505,2.884227,7680
live,184,17059439733260,17059439876984,17059439948473,17059442853308,3.120048,0.071489,2.904835,7680
live,185,17059449733260,17059449875154,17059449959059,17059452839670,3.10641,0.083905,2.880611,7680
live,186,17059459733260,17059459878092,17059459959117,17059463090899,3.357639,0.081025,3.131782,7680
live,187,17059469733260,17059469893510,17059470001319,17059472405508,2.672248,0.107809,2.404189,7680
live,188,17059479733260,17059479878911,17059479961952,17059482439934,2.706674,0.083041,2.477982,7680
live,189,17059489733260,17059489876121,17059489958586,17059492374775,2.641515,0.082465,2.416189,7680
live,190,17059499733260,17059499890899,17059499994868,17059502744758,3.011498,0.103969,2.74989,7680
live,191,17059509733260,17059509890221,17059509971822,17059513865053,4.131793,0.081601,3.893231,7680
live,192,17059519733260,17059519887943,17059519970024,17059522889835,3.156575,0.082081,2.919811,7680
live,193,17059529733260,17059529875104,17059529944865,17059532806692,3.073432,0.069761,2.861827,7680
live,194,17059539733260,17059539877978,17059539952571,17059542807390,3.07413,0.074593,2.854819,7680
live,195,17059549733260,17059549876020,17059549948565,17059552810168,3.076908,0.072545,2.861603,7680
live,196,17059559733260,17059559877614,17059559951759,17059562848338,3.115078,0.074145,2.896579,7680
live,197,17059569733260,17059569896776,17059569999433,17059572928973,3.195713,0.102657,2.92954,7680
live,198,17059579733260,17059579887425,17059579960258,17059582852677,3.119417,0.072833,2.892419,7680
live,199,17059589733260,17059592343097,17059592515707,17059595994342,6.261082,0.17261,3.478635,7680
replay,199,17059589733260,17059592411226,17059592916608,17059682143807,92.410547,0.505382,89.227199,584704
live,200,17059599733260,17059600089047,17059600250521,17059612303884,12.570624,0.161474,12.053363,7680
live,201,17059609733260,17059610252435,17059612518319,17059616401918,6.668658,2.265884,3.883599,7680
live,202,17059619733260,17059620038794,17059620165100,17059622745995,3.012735,0.126306,2.580895,7680
live,203,17059629733260,17059629910371,17059630003428,17059632525538,2.792278,0.093057,2.52211,7680
live,204,17059639733260,17059639896220,17059639992157,17059642392347,2.659087,0.095937,2.40019,7680
live,205,17059649733260,17059649896086,17059649989975,17059652374676,2.641416,0.093889,2.384701,7680
live,206,17059659733260,17059659913712,17059660028689,17059662489967,2.756707,0.114977,2.461278,7680
live,207,17059669733260,17059670075564,17059670247502,17059673283667,3.550407,0.171938,3.036165,7680
live,208,17059679733260,17059682324833,17059682442114,17059684964641,5.231381,0.117281,2.522527,7680
live,209,17059689733260,17059689883101,17059689963742,17059691902518,2.169258,0.080641,1.938776,7680
live,210,17059699733260,17059699864279,17059699938839,17059701910608,2.177348,0.07456,1.971769,7680
live,211,17059709733260,17059709872176,17059710230325,17059711563877,1.830617,0.358149,1.333552,7680
live,212,17059719733260,17059719870410,17059720185358,17059722231271,2.498011,0.314948,2.045913,7680
live,213,17059729733260,17059729869060,17059729956197,17059732924233,3.190973,0.087137,2.968036,7680
live,214,17059739733260,17059739867454,17059739943839,17059742979460,3.2462,0.076385,3.035621,7680
live,215,17059749733260,17059749891480,17059749989817,17059753294177,3.560917,0.098337,3.30436,7680
live,216,17059759733260,17059759897266,17059759977171,17059763248987,3.515727,0.079905,3.271816,7680
live,217,17059769733260,17059770003021,17059770280784,17059773858300,4.12504,0.277763,3.577516,7680
live,218,17059779733260,17059779898885,17059779996999,17059783271854,3.538594,0.098114,3.274855,7680
live,219,17059789733260,17059789882879,17059789968384,17059792944580,3.21132,0.085505,2.976196,7680
live,220,17059799733260,17059799862265,17059799945914,17059811081665,11.348405,0.083649,11.135751,7680
live,221,17059809733260,17059810304280,17059811254563,17059814457802,4.724542,0.950283,3.203239,7680
live,222,17059819733260,17059819917965,17059820041678,17059823973822,4.240562,0.123713,3.932144,7680
live,223,17059829733260,17059829893734,17059829990119,17059833302128,3.568868,0.096385,3.312009,7680
live,224,17059839733260,17059839886272,17059839972673,17059842891045,3.157785,0.086401,2.918372,7680
live,225,17059849733260,17059849881914,17059849957275,17059852865470,3.13221,0.075361,2.908195,7680
live,226,17059859733260,17059859878547,17059859960340,17059863129019,3.395759,0.081793,3.168679,7680
live,227,17059869733260,17059869885837,17059869974766,17059873383256,3.649996,0.088929,3.40849,7680
live,228,17059879733260,17059879961704,17059880087274,17059883302929,3.569669,0.12557,3.215655,7680
live,229,17059889733260,17059889917441,17059890009346,17059893028359,3.295099,0.091905,3.019013,7680
live,230,17059899733260,17059899863930,17059899944187,17059902762462,3.029202,0.080257,2.818275,7680
live,231,17059909733260,17059909884597,17059909974902,17059913085500,3.35224,0.090305,3.110598,7680
live,232,17059919733260,17059919884142,17059919976655,17059923090229,3.356969,0.092513,3.113574,7680
live,233,17059929733260,17059929896552,17059930000842,17059933150672,3.417412,0.10429,3.14983,7680
live,234,17059939733260,17059939896482,17059939975843,17059943128073,3.394813,0.079361,3.15223,7680
live,235,17059949733260,17059949878556,17059949956797,17059953106147,3.372887,0.078241,3.14935,7680
live,236,17059959733260,17059959876469,17059959972375,17059963085916,3.352656,0.095906,3.113541,7680
live,237,17059969733260,17059970240852,17059970362389,17059973232856,3.499596,0.121537,2.870467,7680
live,238,17059979733260,17059979924842,17059980059563,17059983310931,3.577671,0.134721,3.251368,7680
live,239,17059989733260,17059989916739,17059990011332,17059992884679,3.151419,0.094593,2.873347,7680
live,240,17059999733260,17059999889917,17059999980798,17060010653216,10.919956,0.090881,10.672418,7680
live,241,17060009733260,17060009962519,17060010786657,17060013697701,3.964441,0.824138,2.911044,7680
live,242,17060019733260,17060019890736,17060019972113,17060022852820,3.11956,0.081377,2.880707,7680
live,243,17060029733260,17060029896298,17060029999499,17060032955663,3.222403,0.103201,2.956164,7680
live,244,17060039733260,17060039889860,17060039962405,17060042814984,3.081724,0.072545,2.852579,7680
live,245,17060049733260,17060049879998,17060049972351,17060052070584,2.337324,0.092353,2.098233,7680
live,246,17060059733260,17060059888600,17060059969081,17060061978481,2.245221,0.080481,2.0094,7680
live,247,17060069733260,17060069878705,17060069964658,17060071928778,2.195518,0.085953,1.96412,7680
live,248,17060079733260,17060079893227,17060079980044,17060082056486,2.323226,0.086817,2.076442,7680
live,249,17060089733260,17060089892037,17060089976998,17060091957566,2.224306,0.084961,1.980568,7680
live,250,17060099733260,17060099894303,17060099976704,17060102449438,2.716178,0.082401,2.472734,7680
live,251,17060109733260,17060109882744,17060109957913,17060111916657,2.183397,0.075169,1.958744,7680
live,252,17060119733260,17060119887026,17060119965267,17060121929899,2.196639,0.078241,1.964632,7680
live,253,17060129733260,17060130186512,17060130277393,17060132329930,2.59667,0.090881,2.052537,7680
live,254,17060139733260,17060139887686,17060139971495,17060141968607,2.235347,0.083809,1.997112,7680
live,255,17060149733260,17060149879552,17060149955777,17060151908056,2.174796,0.076225,1.952279,7680
live,256,17060159733260,17060159889914,17060159961082,17060162271511,2.538251,0.071168,2.310429,7680
live,257,17060169733260,17060169877395,17060169948532,17060171890188,2.156928,0.071137,1.941656,7680
live,258,17060179733260,17060179879725,17060179947246,17060182987027,3.253767,0.067521,3.039781,7680
live,259,17060189733260,17060189903687,17060190289164,17060193258448,3.525188,0.385477,2.969284,7680
live,260,17060199733260,17060199927297,17060200051971,17060210706052,10.972792,0.124674,10.654081,7680
live,261,17060209733260,17060209948507,17060210851398,17060213805034,4.071774,0.902891,2.953636,7680
live,262,17060219733260,17060219898900,17060219987670,17060222870041,3.136781,0.08877,2.882371,7680
live,263,17060229733260,17060229885806,17060229972207,17060233636604,3.903344,0.086401,3.664397,7680
live,264,17060239733260,17060239890984,17060239988265,17060242906797,3.173537,0.097281,2.918532,7680
live,265,17060249733260,17060249880482,17060249952291,17060252812837,3.079577,0.071809,2.860546,7680
live,266,17060259733260,17060259876731,17060259958076,17060262830047,3.096787,0.081345,2.871971,7680
live,267,17060269733260,17060269878229,17060269964726,17060272814585,3.081325,0.086497,2.849859,7680
live,268,17060279733260,17060279880783,17060279965168,17060283311929,3.578669,0.084385,3.346761,7680
live,269,17060289733260,17060289884937,17060289978474,17060293013263,3.280003,0.093537,3.034789,7680
live,270,17060299733260,17060299883043,17060299956516,17060302839751,3.106491,0.073473,2.883235,7680
live,271,17060309733260,17060309877212,17060309961853,17060313216357,3.483097,0.084641,3.254504,7680
live,272,17060319733260,17060319877686,17060319965271,17060323208479,3.475219,0.087585,3.243208,7680
live,273,17060329733260,17060329879024,17060329965521,17060333209369,3.476109,0.086497,3.243848,7680
live,274,17060339733260,17060339905130,17060340028972,17060343223411,3.490151,0.123842,3.194439,7680
live,275,17060349733260,17060349885604,17060349957221,17060352852648,3.119388,0.071617,2.895427,7680
live,276,17060359733260,17060359876253,17060359958046,17060362847938,3.114678,0.081793,2.889892,7680
live,277,17060369733260,17060369878103,17060369963736,17060372840539,3.107279,0.085633,2.876803,7680
live,278,17060379733260,17060379877713,17060379950130,17060382802773,3.069513,0.072417,2.852643,7680
live,279,17060389733260,17060389887723,17060389985132,17060392919984,3.186724,0.097409,2.934852,7680
live,280,17060399733260,17060399885893,17060399957766,17060410781833,11.048573,0.071873,10.824067,7680
live,281,17060409733260,17060410076769,17060410922731,17060414142610,4.40935,0.845962,3.219879,7680
live,282,17060419733260,17060419884632,17060419990106,17060423238465,3.505205,0.105474,3.248359,7680
live,283,17060429733260,17060429939603,17060430018868,17060433297660,3.5644,0.079265,3.278792,7680
live,284,17060439733260,17060439892428,17060439995373,17060443306454,3.573194,0.102945,3.311081,7680
live,285,17060449733260,17060449884742,17060449972583,17060453249327,3.516067,0.087841,3.276744,7680
live,286,17060459733260,17060459877855,17060459953920,17060463196072,3.462812,0.076065,3.242152,7680
live,287,17060469733260,17060469875097,17060469969114,17060473195778,3.462518,0.094017,3.226664,7680
live,288,17060479733260,17060479892275,17060479986324,17060483225980,3.49272,0.094049,3.239656,7680
live,289,17060489733260,17060489891245,17060489987694,17060493159989,3.426729,0.096449,3.172295,7680
live,290,17060499733260,17060499878823,17060499962984,17060502940492,3.207232,0.084161,2.977508,7680
live,291,17060509733260,17060509881984,17060509967970,17060513230985,3.497725,0.085986,3.263015,7680
live,292,17060519733260,17060519878842,17060519966331,17060523175874,3.442614,0.087489,3.209543,7680
live,293,17060529733260,17060529877940,17060529976821,17060533221565,3.488305,0.098881,3.244744,7680
live,294,17060539733260,17060540094864,17060540193362,17060543335512,3.602252,0.098498,3.14215,7680
live,295,17060549733260,17060549891720,17060549981609,17060553127055,3.393795,0.089889,3.145446,7680
live,296,17060559733260,17060559880897,17060559969219,17060563088905,3.355645,0.088322,3.119686,7680
live,297,17060569733260,17060569875739,17060569951164,17060573064802,3.331542,0.075425,3.113638,7680
live,298,17060579733260,17060579874165,17060579947734,17060583077820,3.34456,0.073569,3.130086,7680
live,299,17060589733260,17060590713433,17060591157694,17060595607829,5.874569,0.444261,4.450135,7680
replay,299,17060589733260,17060590921884,17060591324352,17060675095005,85.361745,0.402468,83.770653,584704
live,300,17060599733260,17060599994058,17060600167436,17060612310624,12.577364,0.173378,12.143188,7680
live,301,17060609733260,17060610076389,17060612546243,17060615203907,5.470647,2.469854,2.657664,7680
live,302,17060619733260,17060619981885,17060620156256,17060622622526,2.889266,0.174371,2.46627,7680
live,303,17060629733260,17060629899606,17060629983319,17060632664568,2.931308,0.083713,2.681249,7680
live,304,17060639733260,17060639968593,17060640139635,17060642419951,2.686691,0.171042,2.280316,7680
live,305,17060649733260,17060649956267,17060650055052,17060652075556,2.342296,0.098785,2.020504,7680
live,306,17060659733260,17060659875043,17060659957508,17060662192704,2.459444,0.082465,2.235196,7680
live,307,17060669733260,17060670208353,17060670382819,17060675378944,5.645684,0.174466,4.996125,7680
live,308,17060679733260,17060679913079,17060680018265,17060682013105,2.279845,0.105186,1.99484,7680
live,309,17060689733260,17060689867313,17060689947666,17060691864681,2.131421,0.080353,1.917015,7680
live,310,17060699733260,17060699867018,17060699951756,17060701910755,2.177495,0.084738,1.958999,7680
live,311,17060709733260,17060709889541,17060710398923,17060712670950,2.93769,0.509382,2.272027,7680
live,312,17060719733260,17060719878206,17060719962847,17060722482174,2.748914,0.084641,2.519327,7680
live,313,17060729733260,17060729881976,17060729966457,17060732454167,2.720907,0.084481,2.48771,7680
live,314,17060739733260,17060739885426,17060739964691,17060742404817,2.671557,0.079265,2.440126,7680
live,315,17060749733260,17060749891532,17060749979917,17060752046982,2.313722,0.088385,2.067065,7680
live,316,17060759733260,17060759884229,17060759961606,17060761993631,2.260371,0.077377,2.032025,7680
live,317,17060769733260,17060769879519,17060769946880,17060771924152,2.190892,0.067361,1.977272,7680
live,318,17060779733260,17060779879193,17060779944698,17060781872497,2.139237,0.065505,1.927799,7680
live,319,17060789733260,17060789854899,17060789930867,17060791941548,2.208288,0.075968,2.010681,7680
live,320,17060799733260,17060799888045,17060799977134,17060810418381,10.685121,0.089089,10.441247,7680
live,321,17060809733260,17060810051177,17060810553199,17060812628904,2.895644,0.502022,2.075705,7680
live,322,17060819733260,17060819896480,17060819990402,17060822427455,2.694195,0.093922,2.437053,7680
live,323,17060829733260,17060829906010,17060829998299,17060832399769,2.666509,0.092289,2.40147,7680
live,324,17060839733260,17060839887316,17060839973813,17060842310897,2.577637,0.086497,2.337084,7680
live,325,17060849733260,17060849904846,17060849991407,17060852350188,2.616928,0.086561,2.358781,7680
live,326,17060859733260,17060859888456,17060859969353,17060862378822,2.645562,0.080897,2.409469,7680
live,327,17060869733260,17060870288710,17060870409512,17060872466049,2.732789,0.120802,2.056537,7680
live,328,17060879733260,17060879924508,17060880043069,17060882368601,2.635341,0.118561,2.325532,7680
live,329,17060889733260,17060889895733,17060889975254,17060891876461,2.143201,0.079521,1.901207,7680
live,330,17060899733260,17060900287124,17060900435413,17060902649744,2.916484,0.148289,2.214331,7680
live,331,17060909733260,17060909903913,17060909991754,17060912364327,2.631067,0.087841,2.372573,7680
live,332,17060919733260,17060919961155,17060920367176,17060923502158,3.768898,0.406021,3.134982,7680
live,333,17060929733260,17060929928765,17060930041790,17060932174520,2.44126,0.113025,2.13273,7680
live,334,17060939733260,17060939906038,17060939998487,17060942005648,2.272388,0.092449,2.007161,7680
live,335,17060949733260,17060949893328,17060949981137,17060952722194,2.988934,0.087809,2.741057,7680
live,336,17060959733260,17060959888426,17060959975915,17060961972515,2.239255,0.087489,1.9966,7680
live,337,17060969733260,17060969887523,17060969962788,17060972303297,2.570037,0.075265,2.340509,7680
live,338,17060979733260,17060979884989,17060979967838,17060982275962,2.542702,0.082849,2.308124,7680
live,339,17060989733260,17060989879991,17060989952280,17060991897039,2.163779,0.072289,1.944759,7680
live,340,17060999733260,17060999881809,17060999973266,17061010821622,11.088362,0.091457,10.848356,7680
live,341,17061009733260,17061010095309,17061010972344,17061013833851,4.100591,0.877035,2.861507,7680
live,342,17061019733260,17061019902213,17061020300361,17061023201645,3.468385,0.398148,2.901284,7680
live,343,17061029733260,17061029884958,17061030263971,17061032490718,2.757458,0.379013,2.226747,7680
live,344,17061039733260,17061039874808,17061039963321,17061042848700,3.11544,0.088513,2.885379,7680
live,345,17061049733260,17061049887602,17061049973939,17061052825622,3.092362,0.086337,2.851683,7680
live,346,17061059733260,17061059890028,17061059983949,17061062823183,3.089923,0.093921,2.839234,7680
live,347,17061069733260,17061069886405,17061069973254,17061072855850,3.12259,0.086849,2.882596,7680
live,348,17061079733260,17061079897023,17061079972096,17061082036921,2.303661,0.075073,2.064825,7680
live,349,17061089733260,17061089884185,17061089975930,17061092745564,3.012304,0.091745,2.769634,7680
live,350,17061099733260,17061099885555,17061099969396,17061102824343,3.091083,0.083841,2.854947,7680
live,351,17061109733260,17061109887405,17061109989838,17061112841937,3.108677,0.102433,2.852099,7680
live,352,17061119733260,17061119882662,17061119969863,17061122985420,3.25216,0.087201,3.015557,7680
live,353,17061129733260,17061129888256,17061129989921,17061132827620,3.09436,0.101665,2.837699,7680
live,354,17061139733260,17061139890842,17061139998875,17061142863934,3.130674,0.108033,2.865059,7680
live,355,17061149733260,17061149940212,17061150055350,17061153054714,3.321454,0.115138,2.999364,7680
live,356,17061159733260,17061159905390,17061160021391,17061162872338,3.139078,0.116001,2.850947,7680
live,357,17061169733260,17061169883559,17061169970888,17061172841803,3.108543,0.087329,2.870915,7680
live,358,17061179733260,17061179889473,17061179978786,17061182811813,3.078553,0.089313,2.833027,7680
live,359,17061189733260,17061189880315,17061189966556,17061192783966,3.050706,0.086241,2.81741,7680
live,360,17061199733260,17061199886165,17061199967542,17061210611671,10.878411,0.081377,10.644129,7680
live,361,17061209733260,17061209918415,17061210741657,17061212896115,3.162855,0.823242,2.154458,7680
live,362,17061219733260,17061219891593,17061219986026,17061222802540,3.06928,0.094433,2.816514,7680
live,363,17061229733260,17061229885442,17061229975491,17061232982984,3.249724,0.090049,3.007493,7680
live,364,17061239733260,17061239883356,17061239970109,17061242777599,3.044339,0.086753,2.80749,7680
live,365,17061249733260,17061249885494,17061249987895,17061252815642,3.082382,0.102401,2.827747,7680
live,366,17061259733260,17061259893232,17061259982161,17061262810515,3.077255,0.088929,2.828354,7680
live,367,17061269733260,17061269884105,17061269977963,17061272793229,3.059969,0.093858,2.815266,7680
live,368,17061279733260,17061279890947,17061279992197,17061283189196,3.455936,0.10125,3.196999,7680
live,369,17061289733260,17061289884925,17061289976510,17061292791776,3.058516,0.091585,2.815266,7680
live,370,17061299733260,17061299881527,17061299969080,17061302815259,3.081999,0.087553,2.846179,7680
live,371,17061309733260,17061310013682,17061310104659,17061312941270,3.20801,0.090977,2.836611,7680
live,372,17061319733260,17061319881706,17061319967211,17061322787886,3.054626,0.085505,2.820675,7680
live,373,17061329733260,17061329884580,17061329972389,17061332795432,3.062172,0.087809,2.823043,7680
live,374,17061339733260,17061339886142,17061339961439,17061342883011,3.149751,0.075297,2.921572,7680
live,375,17061349733260,17061349887928,17061349991641,17061352834844,3.101584,0.103713,2.843203,7680
live,376,17061359733260,17061359895314,17061359987123,17061362982295,3.249035,0.091809,2.995172,7680
live,377,17061369733260,17061369891244,17061369985261,17061373137875,3.404615,0.094017,3.152614,7680
live,378,17061379733260,17061379940678,17061380093640,17061382963627,3.230367,0.152962,2.869987,7680
live,379,17061389733260,17061389930816,17061390020673,17061392836067,3.102807,0.089857,2.815394,7680
live,380,17061399733260,17061399947994,17061400049563,17061410486170,10.75291,0.101569,10.436607,7680
live,381,17061409733260,17061410136726,17061410619644,17061413742658,4.009398,0.482918,3.123014,7680
live,382,17061419733260,17061419908653,17061420025358,17061422864945,3.131685,0.116705,2.839587,7680
live,383,17061429733260,17061429886214,17061429979336,17061432826346,3.093086,0.093122,2.84701,7680
live,384,17061439733260,17061439887264,17061439985409,17061443225097,3.491837,0.098145,3.239688,7680
live,385,17061449733260,17061449883162,17061449976091,17061453208546,3.475286,0.092929,3.232455,7680
live,386,17061459733260,17061459886228,17061459980565,17061463510144,3.776884,0.094337,3.529579,7680
live,387,17061469733260,17061469890254,17061469976431,17061472851186,3.117926,0.086177,2.874755,7680
live,388,17061479733260,17061479888903,17061479978761,17061482840363,3.107103,0.089858,2.861602,7680
live,389,17061489733260,17061489878241,17061489965986,17061492797093,3.063833,0.087745,2.831107,7680
live,390,17061499733260,17061499883803,17061499958300,17061502773022,3.039762,0.074497,2.814722,7680
live,391,17061509733260,17061509875957,17061509966294,17061512813240,3.07998,0.090337,2.846946,7680
live,392,17061519733260,17061519887599,17061519975280,17061522853907,3.120647,0.087681,2.878627,7680
live,393,17061529733260,17061529884520,17061529970185,17061532811276,3.078016,0.085665,2.841091,7680
live,394,17061539733260,17061539880034,17061539973123,17061542800870,3.06761,0.093089,2.827747,7680
live,395,17061549733260,17061549892892,17061549989277,17061552836160,3.1029,0.096385,2.846883,7680
live,396,17061559733260,17061559889366,17061559973751,17061562819418,3.086158,0.084385,2.845667,7680
live,397,17061569733260,17061569882448,17061569981361,17061572839700,3.10644,0.098913,2.858339,7680
live,398,17061579733260,17061579931850,17061580084684,17061582939727,3.206467,0.152834,2.855043,7680
live,399,17061589733260,17061590572044,17061590770926,17061594573052,4.839792,0.198882,3.802126,7680
replay,399,17061589733260,17061590646093,17061591199507,17061681266108,91.532848,0.553414,90.066601,584704
live,400,17061599733260,17061600387715,17061600638502,17061612180179,12.446919,0.250787,11.541677,7680
live,401,17061609733260,17061610026073,17061612367509,17061614480911,4.747651,2.341436,2.113402,7680
live,402,17061619733260,17061619935889,17061620072787,17061622198029,2.464769,0.136898,2.125242,7680
live,403,17061629733260,17061629904587,17061629999468,17061633031665,3.298405,0.094881,3.032197,7680
live,404,17061639733260,17061639905349,17061639997862,17061642132672,2.399412,0.092513,2.13481,7680
live,405,17061649733260,17061649902366,17061649994527,17061652099961,2.366701,0.092161,2.105434,7680
live,406,17061659733260,17061660224220,17061660380190,17061662857084,3.123824,0.15597,2.476894,7680
live,407,17061669733260,17061670468761,17061670880286,17061675095537,5.362277,0.411525,4.215251,7680
live,408,17061679733260,17061681476575,17061681828451,17061684420195,4.686935,0.351876,2.591744,7680
live,409,17061689733260,17061689865989,17061690199113,17061692282915,2.549655,0.333124,2.083802,7680
live,410,17061699733260,17061699842271,17061699908607,17061702003737,2.270477,0.066336,2.09513,7680
live,411,17061709733260,17061709845464,17061709909465,17061711821072,2.087812,0.064001,1.911607,7680
live,412,17061719733260,17061719842802,17061719906771,17061721845483,2.112223,0.063969,1.938712,7680
live,413,17061729733260,17061729884109,17061729966222,17061732424011,2.690751,0.082113,2.457789,7680
live,414,17061739733260,17061739891974,17061739969191,17061742397957,2.664697,0.077217,2.428766,7680
live,415,17061749733260,17061749897632,17061750335654,17061752880933,3.147673,0.438022,2.545279,7680
live,416,17061759733260,17061759911194,17061760339743,17061762759069,3.025809,0.428549,2.419326,7680
live,417,17061769733260,17061769914580,17061770010197,17061772050958,2.317698,0.095617,2.040761,7680
live,418,17061779733260,17061779920974,17061780020527,17061782017896,2.284636,0.099553,1.997369,7680
live,419,17061789733260,17061789867783,17061789930280,17061791843743,2.110483,0.062497,1.913463,7680
live,420,17061799733260,17061799864705,17061799947554,17061809785626,10.052366,0.082849,9.838072,7680
live,421,17061809733260,17061810061597,17061810154334,17061812257848,2.524588,0.092737,2.103514,7680
live,422,17061819733260,17061819925333,17061820027511,17061822105296,2.372036,0.102178,2.077785,7680
live,423,17061829733260,17061829921743,17061830009936,17061832129354,2.396094,0.088193,2.119418,7680
live,424,17061839733260,17061839909641,17061839994762,17061842459048,2.725788,0.085121,2.464286,7680
live,425,17061849733260,17061849917187,17061849997028,17061852422145,2.688885,0.079841,2.425117,7680
live,426,17061859733260,17061859913372,17061859998269,17061863022850,3.28959,0.084897,3.024581,7680
live,427,17061869733260,17061869911734,17061869995031,17061872772697,3.039437,0.083297,2.777666,7680
live,428,17061879733260,17061879894896,17061879980529,17061882754003,3.020743,0.085633,2.773474,7680
live,429,17061889733260,17061889864265,17061889935114,17061892615179,2.881919,0.070849,2.680065,7680
live,430,17061899733260,17061899861795,17061899940100,17061902529507,2.796247,0.078305,2.589407,7680
live,431,17061909733260,17061909901213,17061909983550,17061912779200,3.04594,0.082337,2.79565,7680
live,432,17061919733260,17061919905207,17061919986296,17061922752538,3.019278,0.081089,2.766242,7680
live,433,17061929733260,17061929889649,17061929977042,17061932785620,3.05236,0.087393,2.808578,7680
live,434,17061939733260,17061939903339,17061939986892,17061942751981,3.018721,0.083553,2.765089,7680
live,435,17061949733260,17061949910405,17061949995462,17061952780552,3.047292,0.085057,2.78509,7680
live,436,17061959733260,17061959899486,17061959981887,17061963143878,3.410618,0.082401,3.161991,7680
live,437,17061969733260,17061969904888,17061969989401,17061973069951,3.336691,0.084513,3.08055,7680
live,438,17061979733260,17061979894866,17061979978739,17061983012792,3.279532,0.083873,3.034053,7680
live,439,17061989733260,17061989873003,17061989947052,17061992642413,2.909153,0.074049,2.695361,7680
live,440,17061999733260,17061999860677,17061999938150,17062010359685,10.626425,0.077473,10.421535,7680
live,441,17062009733260,17062010042529,17062010520167,17062013375786,3.642526,0.477638,2.855619,7680
live,442,17062019733260,17062019914521,17062020017083,17062022834749,3.101489,0.102562,2.817666,7680
live,443,17062029733260,17062029894899,17062029982164,17062032817558,3.084298,0.087265,2.835394,7680
live,444,17062039733260,17062039916205,17062040026798,17062042873073,3.139813,0.110593,2.846275,7680
live,445,17062049733260,17062049913031,17062050004136,17062052889611,3.156351,0.091105,2.885475,7680
live,446,17062059733260,17062059929089,17062060039490,17062062200732,2.467472,0.110401,2.161242,7680
live,447,17062069733260,17062069918042,17062070007707,17062072057044,2.323784,0.089665,2.049337,7680
live,448,17062079733260,17062079982677,17062080368986,17062082379666,2.646406,0.386309,2.01068,7680
live,449,17062089733260,17062089923118,17062090011695,17062091965927,2.232667,0.088577,1.954232,7680
live,450,17062099733260,17062099905672,17062099983177,17062101950721,2.217461,0.077505,1.967544,7680
live,451,17062109733260,17062109897953,17062109971746,17062111923354,2.190094,0.073793,1.951608,7680
live,452,17062119733260,17062119907163,17062119980572,17062121943732,2.210472,0.073409,1.96316,7680
live,453,17062129733260,17062129903605,17062129973686,17062132264978,2.531718,0.070081,2.291292,7680
live,454,17062139733260,17062139903791,17062139978544,17062141961800,2.22854,0.074753,1.983256,7680
live,455,17062149733260,17062149907241,17062149985418,17062152344390,2.61113,0.078177,2.358972,7680
live,456,17062159733260,17062159995492,17062160453705,17062163637712,3.904452,0.458213,3.184007,7680
live,457,17062169733260,17062169958845,17062170371554,17062172912513,3.179253,0.412709,2.540959,7680
live,458,17062179733260,17062179908246,17062179992343,17062183117117,3.383857,0.084097,3.124774,7680
live,459,17062189733260,17062189918672,17062189995729,17062192378638,2.645378,0.077057,2.382909,7680
live,460,17062199733260,17062199908842,17062199987819,17062210049125,10.315865,0.078977,10.061306,7680
live,461,17062209733260,17062210080294,17062210250792,17062212648549,2.915289,0.170498,2.397757,7680
live,462,17062219733260,17062219904733,17062219986078,17062222355835,2.622575,0.081345,2.369757,7680
live,463,17062229733260,17062229908151,17062229988920,17062232328661,2.595401,0.080769,2.339741,7680
live,464,17062239733260,17062239900145,17062239977714,17062242333423,2.600163,0.077569,2.355709,7680
live,465,17062249733260,17062249910603,17062249993516,17062252316200,2.58294,0.082913,2.322684,7680
live,466,17062259733260,17062259915013,17062259994502,17062262326754,2.593494,0.079489,2.332252,7680
live,467,17062269733260,17062269926879,17062270011040,17062272411101,2.677841,0.084161,2.400061,7680
live,468,17062279733260,17062279892056,17062279980313,17062282268725,2.535465,0.088257,2.288412,7680
live,469,17062289733260,17062289914322,17062289993171,17062292333968,2.600708,0.078849,2.340797,7680
live,470,17062299733260,17062299896492,17062299984909,17062302273833,2.540573,0.088417,2.288924,7680
live,471,17062309733260,17062309917542,17062310001927,17062311966175,2.232915,0.084385,1.964248,7680
live,472,17062319733260,17062319898399,17062319985856,17062322363389,2.630129,0.087457,2.377533,7680
live,473,17062329733260,17062329911097,17062329986426,17062331944722,2.211462,0.075329,1.958296,7680
live,474,17062339733260,17062339899315,17062339974900,17062342450578,2.717318,0.075585,2.475678,7680
live,475,17062349733260,17062349902477,17062349982126,17062351930406,2.197146,0.079649,1.94828,7680
live,476,17062359733260,17062359892391,17062359968424,17062362730761,2.997501,0.076033,2.762337,7680
live,477,17062369733260,17062369902305,17062369984898,17062372800996,3.067736,0.082593,2.816098,7680
live,478,17062379733260,17062379898202,17062379982779,17062382804318,3.071058,0.084577,2.821539,7680
live,479,17062389733260,17062389898260,17062389991157,17062392823672,3.090412,0.092897,2.832515,7680
live,480,17062399733260,17062399913102,17062399994703,17062410338893,10.605633,0.081601,10.34419,7680
live,481,17062409733260,17062410033161,17062410502383,17062413365906,3.632646,0.469222,2.863523,7680
live,482,17062419733260,17062419906946,17062419995171,17062422848357,3.115097,0.088225,2.853186,7680
live,483,17062429733260,17062429901883,17062429984924,17062432836703,3.103443,0.083041,2.851779,7680
live,484,17062439733260,17062439905141,17062439994198,17062442825177,3.091917,0.089057,2.830979,7680
live,485,17062449733260,17062449921135,17062450007312,17062452830899,3.097639,0.086177,2.823587,7680
live,486,17062459733260,17062459911369,17062459995498,17062462813228,3.079968,0.084129,2.81773,7680
live,487,17062469733260,17062469902819,17062469995908,17062472834150,3.10089,0.093089,2.838242,7680
live,488,17062479733260,17062479912957,17062480021694,17062482802784,3.069524,0.108737,2.78109,7680
live,489,17062489733260,17062490111865,17062490191802,17062493053885,3.320625,0.079937,2.862083,7680
live,490,17062499733260,17062499903504,17062500019825,17062502231212,2.497952,0.116321,2.211387,7680
live,491,17062509733260,17062510135533,17062510235310,17062512493065,2.759805,0.099777,2.257755,7680
live,492,17062519733260,17062519900100,17062519996389,17062522162207,2.428947,0.096289,2.165818,7680
live,493,17062529733260,17062529922238,17062530016095,17062532752544,3.019284,0.093857,2.736449,7680
live,494,17062539733260,17062539911511,17062539995640,17062543159935,3.426675,0.084129,3.164295,7680
live,495,17062549733260,17062549908049,17062549993682,17062552830421,3.097161,0.085633,2.836739,7680
live,496,17062559733260,17062559913899,17062559997196,17062562827855,3.094595,0.083297,2.830659,7680
live,497,17062569733260,17062569900613,17062569985094,17062572788584,3.055324,0.084481,2.80349,7680
live,498,17062579733260,17062579912383,17062579999360,17062582782754,3.049494,0.086977,2.783394,7680
live,499,17062589733260,17062590554176,17062590747171,17062595034135,5.300875,0.192995,4.286964,7680
replay,499,17062589733260,17062590617089,17062591058310,17062674905956,85.172696,0.441221,83.847646,584704
live,500,17062599733260,17062600061716,17062600231734,17062613323670,13.59041,0.170018,13.091936,7680
live,501,17062609733260,17062610472787,17062613600153,17062616872673,7.139413,3.127366,3.27252,7680
live,502,17062619733260,17062620065832,17062620251594,17062623237134,3.503874,0.185762,2.98554,7680
live,503,17062629733260,17062629953344,17062630100930,17062632296413,2.563153,0.147586,2.195483,7680
live,504,17062639733260,17062639934842,17062640126236,17062642991263,3.258003,0.191394,2.865027,7680
live,505,17062649733260,17062649937172,17062650028501,17062652775222,3.041962,0.091329,2.746721,7680
live,506,17062659733260,17062659900461,17062660025807,17062662761072,3.027812,0.125346,2.735265,7680
live,507,17062669733260,17062669986888,17062670125354,17062675513739,5.780479,0.138466,5.388385,7680
live,508,17062679733260,17062679894081,17062679977122,17062682628802,2.895542,0.083041,2.65168,7680
live,509,17062689733260,17062689845594,17062689916667,17062692490586,2.757326,0.071073,2.573919,7680
live,510,17062699733260,17062699840948,17062699911860,17062702462163,2.728903,0.070912,2.550303,7680
live,511,17062709733260,17062709895150,17062709981071,17062712936467,3.203207,0.085921,2.955396,7680
live,512,17062719733260,17062719900296,17062719989385,17062722956365,3.223105,0.089089,2.96698,7680
live,513,17062729733260,17062729903554,17062729999235,17062732961543,3.228283,0.095681,2.962308,7680
live,514,17062739733260,17062739923964,17062740057149,17062743064258,3.330998,0.133185,3.007109,7680
live,515,17062749733260,17062750196793,17062750296890,17062753232670,3.49941,0.100097,2.93578,7680
live,516,17062759733260,17062759912975,17062760027153,17062762870963,3.137703,0.114178,2.84381,7680
live,517,17062769733260,17062769940841,17062770038763,17062772890797,3.157537,0.097922,2.852034,7680
live,518,17062779733260,17062779880194,17062779949379,17062782630404,2.897144,0.069185,2.681025,7680
live,519,17062789733260,17062789858780,17062789930301,17062792505436,2.772176,0.071521,2.575135,7680
live,520,17062799733260,17062799911286,17062800023288,17062811418563,11.685303,0.112002,11.395275,7680
live,521,17062809733260,17062809930929,17062811606821,17062814482696,4.749436,1.675892,2.875875,7680
live,522,17062819733260,17062819901962,17062819995051,17062822889838,3.156578,0.093089,2.894787,7680
live,523,17062829733260,17062829900484,17062829984997,17062832842056,3.108796,0.084513,2.857059,7680
live,524,17062839733260,17062839912638,17062839999071,17062842816545,3.083285,0.086433,2.817474,7680
live,525,17062849733260,17062849902103,17062849984888,17062853345473,3.612213,0.082785,3.360585,7680
live,526,17062859733260,17062859903857,17062860018003,17062862826357,3.093097,0.114146,2.808354,7680
live,527,17062869733260,17062869905323,17062869993164,17062872832335,3.099075,0.087841,2.839171,7680
live,528,17062879733260,17062879875013,17062879945605,17062882646566,2.913306,0.070592,2.700961,7680
live,529,17062889733260,17062889861022,17062889932927,17062892512670,2.77941,0.071905,2.579743,7680
live,530,17062899733260,17062899866008,17062899939481,17062902594233,2.860973,0.073473,2.654752,7680
live,531,17062909733260,17062909898034,17062909981043,17062912836566,3.103306,0.083009,2.855523,7680
live,532,17062919733260,17062919964973,17062920098735,17062922877136,3.143876,0.133762,2.778401,7680
live,533,17062929733260,17062929990887,17062930078856,17062932916235,3.182975,0.087969,2.837379,7680
live,534,17062939733260,17062939923168,17062940035297,17062942919460,3.1862,0.112129,2.884163,7680
live,535,17062949733260,17062949914010,17062950004059,17062952886942,3.153682,0.090049,2.882883,7680
live,536,17062959733260,17062959910675,17062960025589,17062962844983,3.111723,0.114914,2.819394,7680
live,537,17062969733260,17062969928846,17062970021359,17062972974675,3.241415,0.092513,2.953316,7680
live,538,17062979733260,17062979877991,17062979949800,17062982655497,2.922237,0.071809,2.705697,7680
live,539,17062989733260,17062989841536,17062989907425,17062992476384,2.743124,0.065889,2.568959,7680
live,540,17062999733260,17062999863098,17062999939099,17063010746751,11.013491,0.076001,10.807652,7680
live,541,17063009733260,17063010045014,17063010909409,17063013089531,3.356271,0.864395,2.180122,7680
live,542,17063019733260,17063019917006,17063019999919,17063022790609,3.057349,0.082913,2.79069,7680
live,543,17063029733260,17063029909576,17063030004009,17063032881100,3.14784,0.094433,2.877091,7680
live,544,17063039733260,17063039909090,17063039995267,17063042800549,3.067289,0.086177,2.805282,7680
live,545,17063049733260,17063049906108,17063049994749,17063052818175,3.084915,0.088641,2.823426,7680
live,546,17063059733260,17063059908886,17063059992599,17063062836409,3.103149,0.083713,2.84381,7680
live,547,17063069733260,17063069920016,17063070004209,17063072842451,3.109191,0.084193,2.838242,7680
live,548,17063079733260,17063079899273,17063079983434,17063082098660,2.3654,0.084161,2.115226,7680
live,549,17063089733260,17063089898883,17063089978436,17063092782950,3.04969,0.079553,2.804514,7680
live,550,17063099733260,17063099911197,17063099994142,17063102103768,2.370508,0.082945,2.109626,7680
live,551,17063109733260,17063109970231,17063110102809,17063112223603,2.490343,0.132578,2.120794,7680
live,552,17063119733260,17063119865008,17063120115059,17063121643206,1.909946,0.250051,1.528147,7680
live,553,17063129733260,17063129855722,17063130114957,17063131661728,1.928468,0.259235,1.546771,7680
live,554,17063139733260,17063139877860,17063140220776,17063141786203,2.052943,0.342916,1.565427,7680
live,555,17063149733260,17063149905662,17063150198498,17063152041528,2.308268,0.292836,1.84303,7680
live,556,17063159733260,17063160068058,17063160377021,17063162198164,2.464904,0.308963,1.821143,7680
live,557,17063169733260,17063169882769,17063170189621,17063172172173,2.438913,0.306852,1.982552,7680
live,558,17063179733260,17063179858795,17063180176687,17063182363945,2.630685,0.317892,2.187258,7680
live,559,17063189733260,17063189865733,17063190174120,17063192441444,2.708184,0.308387,2.267324,7680
live,560,17063199733260,17063199895263,17063200386341,17063209073167,9.339907,0.491078,8.686826,7680
live,561,17063209733260,17063209879673,17063209985178,17063212950046,3.216786,0.105505,2.964868,7680
live,562,17063219733260,17063219906323,17063220308728,17063222974904,3.241644,0.402405,2.666176,7680
live,563,17063229733260,17063229896044,17063230281105,17063233073587,3.340327,0.385061,2.792482,7680
live,564,17063239733260,17063239880646,17063239974791,17063242639112,2.905852,0.094145,2.664321,7680
live,565,17063249733260,17063249894176,17063249987105,17063252854308,3.121048,0.092929,2.867203,7680
live,566,17063259733260,17063259889434,17063259988635,17063263661448,3.928188,0.099201,3.672813,7680
live,567,17063269733260,17063269891828,17063269981397,17063272911832,3.178572,0.089569,2.930435,7680
live,568,17063279733260,17063279890669,17063279972206,17063282819953,3.086693,0.081537,2.847747,7680
live,569,17063289733260,17063289888967,17063289979464,17063292808203,3.074943,0.090497,2.828739,7680
live,570,17063299733260,17063299888673,17063299980674,17063302810533,3.077273,0.092001,2.829859,7680
live,571,17063309733260,17063309887227,17063309982108,17063313108002,3.374742,0.094881,3.125894,7680
live,572,17063319733260,17063319903477,17063320027542,17063322932506,3.199246,0.124065,2.904964,7680
live,573,17063329733260,17063329892270,17063329983120,17063332829586,3.096326,0.09085,2.846466,7680
live,574,17063339733260,17063339897224,17063339978633,17063342809900,3.07664,0.081409,2.831267,7680
live,575,17063349733260,17063349886626,17063349963587,17063352820902,3.087642,0.076961,2.857315,7680
live,576,17063359733260,17063359887388,17063359978685,17063362823360,3.0901,0.091297,2.844675,7680
live,577,17063369733260,17063369905302,17063370008823,17063372945947,3.212687,0.103521,2.937124,7680
live,578,17063379733260,17063379893168,17063379981649,17063382842804,3.109544,0.088481,2.861155,7680
live,579,17063389733260,17063389889929,17063389974218,17063392856013,3.122753,0.084289,2.881795,7680
live,580,17063399733260,17063399897667,17063399996740,17063410906409,11.173149,0.099073,10.909669,7680
live,581,17063409733260,17063410138112,17063411055339,17063413993711,4.260451,0.917227,2.938372,7680
live,582,17063419733260,17063419936759,17063420069849,17063423062781,3.329521,0.13309,2.992932,7680
live,583,17063429733260,17063429915025,17063430010706,17063432928086,3.194826,0.095681,2.91738,7680
live,584,17063439733260,17063439901451,17063439991052,17063442871375,3.138115,0.089601,2.880323,7680
live,585,17063449733260,17063449888836,17063449981989,17063452867913,3.134653,0.093153,2.885924,7680
live,586,17063459733260,17063459895966,17063459987199,17063462824674,3.091414,0.091233,2.837475,7680
live,587,17063469733260,17063469902584,17063470010585,17063472956733,3.223473,0.108001,2.946148,7680
live,588,17063479733260,17063479896370,17063479985875,17063482842390,3.10913,0.089505,2.856515,7680
live,589,17063489733260,17063489881867,17063489964236,17063491980229,2.246969,0.082369,2.015993,7680
live,590,17063499733260,17063499885925,17063499965702,17063501969471,2.236211,0.079777,2.003769,7680
live,591,17063509733260,17063509885631,17063509955392,17063511899192,2.165932,0.069761,1.9438,7680
live,592,17063519733260,17063519888953,17063519983098,17063521993267,2.260007,0.094145,2.010169,7680
live,593,17063529733260,17063529890355,17063529964148,17063531905867,2.172607,0.073793,1.941719,7680
live,594,17063539733260,17063539886669,17063539968398,17063541929349,2.196089,0.081729,1.960951,7680
live,595,17063549733260,17063549888518,17063549971911,17063551900415,2.167155,0.083393,1.928504,7680
live,596,17063559733260,17063559890336,17063559981345,17063561932281,2.199021,0.091009,1.950936,7680
live,597,17063569733260,17063570024828,17063570163773,17063572412313,2.679053,0.138945,2.24854,7680
live,598,17063579733260,17063579890420,17063579981589,17063581937197,2.203937,0.091169,1.955608,7680
live,599,17063589733260,17063590617943,17063590786905,17063594322948,4.589688,0.168962,3.536043,7680
replay,599,17063589733260,17063590689047,17063590923994,17063685631772,95.898512,0.234947,94.707778,584704
live,600,17063599733260,17063600296460,17063601028981,17063612589282,12.856022,0.732521,11.560301,7680
live,601,17063609733260,17063610238502,17063612758500,17063614213430,4.48017,2.519998,1.45493,7680
live,602,17063619733260,17063619900123,17063619959932,17063623103202,3.369942,0.059809,3.14327,7680
live,603,17063629733260,17063629870805,17063629980662,17063632652631,2.919371,0.109857,2.671969,7680
live,604,17063639733260,17063639871663,17063639965968,17063642948852,3.215592,0.094305,2.982884,7680
live,605,17063649733260,17063649897769,17063650006314,17063652984046,3.250786,0.108545,2.977732,7680
live,606,17063659733260,17063659875170,17063659978275,17063662466562,2.733302,0.103105,2.488287,7680
live,607,17063669733260,17063670075998,17063670280609,17063674356211,4.622951,0.204611,4.075602,7680
live,608,17063679733260,17063680156409,17063680589695,17063687606740,7.87348,0.433286,7.017045,7680
live,609,17063689733260,17063690019089,17063690510935,17063693492796,3.759536,0.491846,2.981861,7680
live,610,17063699733260,17063699892234,17063699979787,17063702533130,2.79987,0.087553,2.553343,7680
live,611,17063709733260,17063709865571,17063709948836,17063712703334,2.970074,0.083265,2.754498,7680
live,612,17063719733260,17063719860925,17063719927326,17063722752096,3.018836,0.066401,2.82477,7680
live,613,17063729733260,17063729895863,17063730003448,17063732848059,3.114799,0.107585,2.844611,7680
live,614,17063739733260,17063739897745,17063739993394,17063743046871,3.313611,0.095649,3.053477,7680
live,615,17063749733260,17063749886475,17063749977036,17063752867407,3.134147,0.090561,2.890371,7680
live,616,17063759733260,17063759887589,17063759995366,17063762851913,3.118653,0.107777,2.856547,7680
live,617,17063769733260,17063769886718,17063769977887,17063773105766,3.372506,0.091169,3.127879,7680
live,618,17063779733260,17063779926169,17063780045370,17063782967486,3.234226,0.119201,2.922116,7680
live,619,17063789733260,17063789904018,17063790002867,17063792812694,3.079434,0.098849,2.809827,7680
live,620,17063799733260,17063799882476,17063799965165,17063810432460,10.6992,0.082689,10.467295,7680
live,621,17063809733260,17063810045704,17063810564494,17063813794037,4.060777,0.51879,3.229543,7680
live,622,17063819733260,17063819894944,17063820016321,17063823153799,3.420539,0.121377,3.137478,7680
live,623,17063829733260,17063829929562,17063830045627,17063833331011,3.597751,0.116065,3.285384,7680
live,624,17063839733260,17063839899731,17063839999188,17063843271420,3.53816,0.099457,3.272232,7680
live,625,17063849733260,17063849897517,17063849989774,17063853148885,3.415625,0.092257,3.159111,7680
live,626,17063859733260,17063859888231,17063859974888,17063862100066,2.366806,0.086657,2.125178,7680
live,627,17063869733260,17063869886688,17063869971970,17063871995514,2.262254,0.085282,2.023544,7680
live,628,17063879733260,17063880361056,17063880540066,17063885147546,5.414286,0.17901,4.60748,7680
live,629,17063889733260,17063889925397,17063890023606,17063892143088,2.409828,0.098209,2.119482,7680
live,630,17063899733260,17063899890446,17063899974895,17063902314732,2.581472,0.084449,2.339837,7680
live,631,17063909733260,17063909894984,17063909975049,17063911971521,2.238261,0.080065,1.996472,7680
live,632,17063919733260,17063919886370,17063919965731,17063922290527,2.557267,0.079361,2.324796,7680
live,633,17063929733260,17063929877339,17063929953756,17063933080450,3.34719,0.076417,3.126694,7680
live,634,17063939733260,17063939882709,17063939965718,17063942333843,2.600583,0.083009,2.368125,7680
live,635,17063949733260,17063949877007,17063949951568,17063952275660,2.5424,0.074561,2.324092,7680
live,636,17063959733260,17063959875337,17063959950922,17063962247526,2.514266,0.075585,2.296604,7680
live,637,17063969733260,17063969877987,17063969955396,17063971919195,2.185935,0.077409,1.963799,7680
live,638,17063979733260,17063979876860,17063979956989,17063981951670,2.21841,0.080129,1.994681,7680
live,639,17063989733260,17063989893782,17063989968311,17063992047633,2.314373,0.074529,2.079322,7680
live,640,17063999733260,17063999882288,17063999959857,17064010023340,10.29008,0.077569,10.063483,7680
live,641,17064009733260,17064010051308,17064010217198,17064012263943,2.530683,0.16589,2.046745,7680
live,642,17064019733260,17064019896132,17064019966885,17064022500932,2.767672,0.070753,2.534047,7680
live,643,17064029733260,17064029876797,17064030264706,17064033649515,3.916255,0.387909,3.384809,7680
live,644,17064039733260,17064039887831,17064039985081,17064043268097,3.534837,0.09725,3.283016,7680
live,645,17064049733260,17064049883025,17064049970194,17064053087640,3.35438,0.087169,3.117446,7680
live,646,17064059733260,17064059877995,17064059945484,17064062785486,3.052226,0.067489,2.840002,7680
live,647,17064069733260,17064069872069,17064069943398,17064072770504,3.037244,0.071329,2.827106,7680
live,648,17064079733260,17064079877791,17064079950207,17064082767010,3.03375,0.072416,2.816803,7680
live,649,17064089733260,17064089893977,17064089996410,17064092906045,3.172785,0.102433,2.909635,7680
live,650,17064099733260,17064099883954,17064099971923,17064102856983,3.123723,0.087969,2.88506,7680
live,651,17064109733260,17064109882700,17064110261233,17064112479564,2.746304,0.378533,2.218331,7680
live,652,17064119733260,17064119882982,17064119988231,17064122068481,2.335221,0.105249,2.08025,7680
live,653,17064129733260,17064129889152,17064129984385,17064132452447,2.719187,0.095233,2.468062,7680
live,654,17064139733260,17064139891770,17064139977691,17064142358328,2.625068,0.085921,2.380637,7680
live,655,17064149733260,17064149878195,17064149947156,17064152310225,2.576965,0.068961,2.363069,7680
live,656,17064159733260,17064159879021,17064159946990,17064161940294,2.207034,0.067969,1.993304,7680
live,657,17064169733260,17064169884423,17064169965064,17064171933664,2.200404,0.080641,1.9686,7680
live,658,17064179733260,17064179879713,17064179962210,17064181952410,2.21915,0.082497,1.9902,7680
live,659,17064189733260,17064189899707,17064189992124,17064192050613,2.317353,0.092417,2.058489,7680
live,660,17064199733260,17064199882421,17064199950741,17064209591691,9.858431,0.06832,9.64095,7680
live,661,17064209733260,17064209878222,17064209980944,17064212055785,2.322525,0.102722,2.074841,7680
live,662,17064219733260,17064219882824,17064219954441,17064222010530,2.27727,0.071617,2.056089,7680
live,663,17064229733260,17064229875106,17064229957795,17064231947195,2.213935,0.082689,1.9894,7680
live,664,17064239733260,17064239895932,17064239987549,17064242405691,2.672431,0.091617,2.418142,7680
live,665,17064249733260,17064249898678,17064249969207,17064252303763,2.570503,0.070529,2.334556,7680
live,666,17064259733260,17064259874095,17064259942064,17064262247436,2.514176,0.067969,2.305372,7680
live,667,17064269733260,17064269879849,17064269945674,17064272248678,2.515418,0.065825,2.303004,7680
live,668,17064279733260,17064279878467,17064279956388,17064281919548,2.186288,0.077921,1.96316,7680
live,669,17064289733260,17064290143136,17064290238369,17064292266362,2.533102,0.095233,2.027993,7680
live,670,17064299733260,17064299884887,17064299959256,17064301936880,2.20362,0.074369,1.977624,7680
live,671,17064309733260,17064309880017,17064309942801,17064311899817,2.166557,0.062784,1.957016,7680
live,672,17064319733260,17064319872586,17064319945547,17064321947524,2.214264,0.072961,2.001977,7680
live,673,17064329733260,17064329883844,17064329970309,17064331949917,2.216657,0.086465,1.979608,7680
live,674,17064339733260,17064339879710,17064339960479,17064342538590,2.80533,0.080769,2.578111,7680
live,675,17064349733260,17064349889432,17064349985081,17064352340470,2.60721,0.095649,2.355389,7680
live,676,17064359733260,17064359886450,17064359965459,17064362282159,2.548899,0.079009,2.3167,7680
live,677,17064369733260,17064369883948,17064369950124,17064372273193,2.539933,0.066176,2.323069,7680
live,678,17064379733260,17064379884293,17064379949286,17064381921438,2.188178,0.064993,1.972152,7680
live,679,17064389733260,17064389876063,17064389950080,17064392356477,2.623217,0.074017,2.406397,7680
live,680,17064399733260,17064399883481,17064399964474,17064409575215,9.841955,0.080993,9.610741,7680
live,681,17064409733260,17064409896275,17064409988052,17064412054189,2.320929,0.091777,2.066137,7680
live,682,17064419733260,17064419891021,17064419971662,17064421995846,2.262586,0.080641,2.024184,7680
live,683,17064429733260,17064429887846,17064429954951,17064431921919,2.188659,0.067105,1.966968,7680
live,684,17064439733260,17064439878752,17064439944577,17064441940889,2.207629,0.065825,1.996312,7680
live,685,17064449733260,17064449948827,17064450042300,17064452388185,2.654925,0.093473,2.345885,7680
live,686,17064459733260,17064459918196,17064460014998,17064462309713,2.576453,0.096802,2.294715,7680
live,687,17064469733260,17064469887278,17064469968399,17064472291595,2.558335,0.081121,2.323196,7680
live,688,17064479733260,17064479878920,17064479944616,17064481918784,2.185524,0.065696,1.974168,7680
live,689,17064489733260,17064489877665,17064489942562,17064491895546,2.162286,0.064897,1.952984,7680
live,690,17064499733260,17064499892699,17064499967580,17064502020917,2.287657,0.074881,2.053337,7680
live,691,17064509733260,17064509880981,17064509960662,17064511910446,2.177186,0.079681,1.949784,7680
live,692,17064519733260,17064519878927,17064519956880,17064521924488,2.191228,0.077953,1.967608,7680
live,693,17064529733260,17064529883113,17064529960714,17064531894241,2.160981,0.077601,1.933527,7680
live,694,17064539733260,17064539882466,17064539951971,17064541929979,2.196719,0.069505,1.978008,7680
live,695,17064549733260,17064549883420,17064549961885,17064552314874,2.581614,0.078465,2.352989,7680
live,696,17064559733260,17064559887894,17064559982391,17064562317748,2.584488,0.094497,2.335357,7680
live,697,17064569733260,17064569887504,17064569982097,17064572302349,2.569089,0.094593,2.320252,7680
live,698,17064579733260,17064579893546,17064579966955,17064582262823,2.529563,0.073409,2.295868,7680
live,699,17064589733260,17064590524203,17064590697550,17064594220376,4.487116,0.173347,3.522826,7680
replay,699,17064589733260,17064590587564,17064590877904,17064673987556,84.254296,0.29034,83.109652,584704
live,700,17064599733260,17064601576946,17064601829045,17064613989513,14.256253,0.252099,12.160468,7680
live,701,17064609733260,17064610189051,17064614230412,17064616579049,6.845789,4.041361,2.348637,7680
live,702,17064619733260,17064619974546,17064620235829,17064623849377,4.116117,0.261283,3.613548,7680
live,703,17064629733260,17064629896395,17064630326896,17064633284884,3.551624,0.430501,2.957988,7680
live,704,17064639733260,17064639870853,17064640270121,17064643062251,3.328991,0.399268,2.79213,7680
live,705,17064649733260,17064649844926,17064649922751,17064652458558,2.725298,0.077825,2.535807,7680
live,706,17064659733260,17064659873944,17064660238109,17064663924682,4.191422,0.364165,3.686573,7680
live,707,17064669733260,17064669958099,17064670100757,17064675421398,5.688138,0.142658,5.320641,7680
live,708,17064679733260,17064679887020,17064679969421,17064682754607,3.021347,0.082401,2.785186,7680
live,709,17064689733260,17064689845157,17064689917222,17064692462405,2.729145,0.072065,2.545183,7680
live,710,17064699733260,17064699843231,17064699922848,17064702488447,2.755187,0.079617,2.565599,7680
live,711,17064709733260,17064709891450,17064709979835,17064712842078,3.108818,0.088385,2.862243,7680
live,712,17064719733260,17064719886387,17064719978580,17064722782647,3.049387,0.092193,2.804067,7680
live,713,17064729733260,17064729902605,17064729993742,17064732836721,3.103461,0.091137,2.842979,7680
live,714,17064739733260,17064739894503,17064739976840,17064742080994,2.347734,0.082337,2.104154,7680
live,715,17064749733260,17064749897665,17064749980194,17064752981415,3.248155,0.082529,3.001221,7680
live,716,17064759733260,17064759912411,17064760020028,17064763184387,3.451127,0.107617,3.164359,7680
live,717,17064769733260,17064769920661,17064770009878,17064773244157,3.510897,0.089217,3.234279,7680
live,718,17064779733260,17064779866862,17064779942127,17064782999444,3.266184,0.075265,3.057317,7680
live,719,17064789733260,17064789836423,17064789902184,17064792602761,2.869501,0.065761,2.700577,7680
live,720,17064799733260,17064799863746,17064799940387,17064811538384,11.805124,0.076641,11.597997,7680
live,721,17064809733260,17064810190719,17064811728498,17064813985838,4.252578,1.537779,2.25734,7680
live,722,17064819733260,17064819913302,17064820321115,17064822544438,2.811178,0.407813,2.223323,7680
live,723,17064829733260,17064829902000,17064830307061,17064833167415,3.434155,0.405061,2.860354,7680
live,724,17064839733260,17064839897801,17064840294414,17064843154961,3.421701,0.396613,2.860547,7680
live,725,17064849733260,17064849900963,17064850299144,17064853335597,3.602337,0.398181,3.036453,7680
live,726,17064859733260,17064859891165,17064860291298,17064863530249,3.796989,0.400133,3.238951,7680
live,727,17064869733260,17064869897847,17064870298044,17064873578948,3.845688,0.400197,3.280904,7680
live,728,17064879733260,17064879875344,17064880242773,17064883281082,3.547822,0.367429,3.038309,7680
live,729,17064889733260,17064889861066,17064890192622,17064892974704,3.241444,0.331556,2.782082,7680
live,730,17064899733260,17064899903652,17064900296041,17064903100939,3.367679,0.392389,2.804898,7680
live,731,17064909733260,17064909895006,17064910288035,17064913137478,3.404218,0.393029,2.849443,7680
live,732,17064919733260,17064919889976,17064919971033,17064922737947,3.004687,0.081057,2.766914,7680
live,733,17064929733260,17064929896018,17064929988115,17064932760405,3.027145,0.092097,2.77229,7680
live,734,17064939733260,17064939903020,17064939984045,17064942741902,3.008642,0.081025,2.757857,7680
live,735,17064949733260,17064949908998,17064949998695,17064952779720,3.04646,0.089697,2.781025,7680
live,736,17064959733260,17064959894335,17064959986240,17064962774402,3.041142,0.091905,2.788162,7680
live,737,17064969733260,17064969911769,17064970001370,17064973157665,3.424405,0.089601,3.156295,7680
live,738,17064979733260,17064979903219,17064979993684,17064983141914,3.408654,0.090465,3.14823,7680
live,739,17064989733260,17064989912909,17064990007438,17064993065331,3.332071,0.094529,3.057893,7680
live,740,17064999733260,17064999902215,17064999993192,17065007616709,7.883449,0.090977,7.623517,7680
live,741,17065009733260,17065009928353,17065010010466,17065011659286,1.926026,0.082113,1.64882,7680
live,742,17065019733260,17065019871738,17065019951163,17065022526266,2.793006,0.079425,2.575103,7680
live,743,17065029733260,17065029912308,17065029996693,17065032800055,3.066795,0.084385,2.803362,7680
live,744,17065039733260,17065039903374,17065039995887,17065042808849,3.075589,0.092513,2.812962,7680
live,745,17065049733260,17065049913832,17065050001737,17065053197776,3.464516,0.087905,3.196039,7680
live,746,17065059733260,17065059896225,17065059992067,17065062803973,3.070713,0.095842,2.811906,7680
live,747,17065069733260,17065069896539,17065069983708,17065072799839,3.066579,0.087169,2.816131,7680
live,748,17065079733260,17065079899125,17065079978806,17065083162493,3.429233,0.079681,3.183687,7680
live,749,17065089733260,17065089906159,17065089994096,17065093196375,3.463115,0.087937,3.202279,7680
live,750,17065099733260,17065099892329,17065099977578,17065103032303,3.299043,0.085249,3.054725,7680
live,751,17065109733260,17065109899843,17065109983428,17065112797094,3.063834,0.083585,2.813666,7680
live,752,17065119733260,17065119889724,17065119973213,17065122784320,3.05106,0.083489,2.811107,7680
live,753,17065129733260,17065129898262,17065129981463,17065132780249,3.046989,0.083201,2.798786,7680
live,754,17065139733260,17065139897808,17065139990257,17065142757875,3.024615,0.092449,2.767618,7680
live,755,17065149733260,17065149903114,17065149985963,17065152806733,3.073473,0.082849,2.82077,7680
live,756,17065159733260,17065160185319,17065160291049,17065162387010,2.65375,0.10573,2.095961,7680
live,757,17065169733260,17065169908670,17065169988191,17065171957495,2.224235,0.079521,1.969304,7680
live,758,17065179733260,17065179899031,17065179984312,17065181970897,2.237637,0.085281,1.986585,7680
live,759,17065189733260,17065189910993,17065189988210,17065192364463,2.631203,0.077217,2.376253,7680
live,760,17065199733260,17065199909387,17065199983980,17065210300106,10.566846,0.074593,10.316126,7680
live,761,17065209733260,17065210165128,17065210436811,17065213051691,3.318431,0.271683,2.61488,7680
live,762,17065219733260,17065219941311,17065220047041,17065222379645,2.646385,0.10573,2.332604,7680
live,763,17065229733260,17065229927321,17065230009786,17065231974162,2.240902,0.082465,1.964376,7680
live,764,17065239733260,17065239890578,17065239976371,17065241943819,2.210559,0.085793,1.967448,7680
live,765,17065249733260,17065249898508,17065249978573,17065251936645,2.203385,0.080065,1.958072,7680
live,766,17065259733260,17065259896902,17065259976199,17065261961439,2.228179,0.079297,1.98524,7680
live,767,17065269733260,17065269890848,17065269972417,17065271936857,2.203597,0.081569,1.96444,7680
live,768,17065279733260,17065279888058,17065280280990,17065283061120,3.32786,0.392932,2.78013,7680
live,769,17065289733260,17065289906324,17065290303416,17065293543456,3.810196,0.397092,3.24004,7680
live,770,17065299733260,17065299902189,17065299984430,17065303139093,3.405833,0.082241,3.154663,7680
live,771,17065309733260,17065309905927,17065309989000,17065313033517,3.300257,0.083073,3.044517,7680
live,772,17065319733260,17065319896641,17065319980642,17065322738724,3.005464,0.084001,2.758082,7680
live,773,17065329733260,17065329906075,17065329989692,17065332790526,3.057266,0.083617,2.800834,7680
live,774,17065339733260,17065339891349,17065339969398,17065342749975,3.016715,0.078049,2.780577,7680
live,775,17065349733260,17065349894702,17065349983568,17065352796626,3.063366,0.088866,2.813058,7680
live,776,17065359733260,17065359896520,17065359979017,17065362749099,3.015839,0.082497,2.770082,7680
live,777,17065369733260,17065369886626,17065369967619,17065372738725,3.005465,0.080993,2.771106,7680
live,778,17065379733260,17065379898780,17065379982365,17065382073206,2.339946,0.083585,2.090841,7680
live,779,17065389733260,17065389891766,17065389967063,17065392750841,3.017581,0.075297,2.783778,7680
live,780,17065399733260,17065399891120,17065399974385,17065411471453,11.738193,0.083265,11.497068,7680
live,781,17065409733260,17065409898665,17065411631615,17065414937383,5.204123,1.73295,3.305768,7680
live,782,17065419733260,17065419903011,17065419991140,17065423122795,3.389535,0.088129,3.131655,7680
live,783,17065429733260,17065429902045,17065429988382,17065432860641,3.127381,0.086337,2.872259,7680
live,784,17065439733260,17065439895639,17065439976056,17065442792442,3.059182,0.080417,2.816386,7680
live,785,17065449733260,17065449888369,17065449972498,17065452801908,3.068648,0.084129,2.82941,7680
live,786,17065459733260,17065459894027,17065459976684,17065462786926,3.053666,0.082657,2.810242,7680
live,787,17065469733260,17065469892324,17065469972165,17065472804104,3.070844,0.079841,2.831939,7680
live,788,17065479733260,17065479891230,17065479974495,17065482776257,3.042997,0.083265,2.801762,7680
live,789,17065489733260,17065489900120,17065489982521,17065492853756,3.120496,0.082401,2.871235,7680
live,790,17065499733260,17065499897586,17065499980211,17065502764341,3.031081,0.082625,2.78413,7680
live,791,17065509733260,17065509900108,17065509982765,17065512783343,3.050083,0.082657,2.800578,7680
live,792,17065519733260,17065519896614,17065519981447,17065522756872,3.023612,0.084833,2.775425,7680
live,793,17065529733260,17065529914880,17065530006753,17065532300989,2.567729,0.091873,2.294236,7680
live,794,17065539733260,17065539904185,17065539989562,17065542489849,2.756589,0.085377,2.500287,7680
live,795,17065549733260,17065549912595,17065550034997,17065552299600,2.56634,0.122402,2.264603,7680
live,796,17065559733260,17065559912717,17065560019822,17065562769680,3.03642,0.107105,2.749858,7680
live,797,17065569733260,17065570157770,17065570260875,17065573137966,3.404706,0.103105,2.877091,7680
live,798,17065579733260,17065579897153,17065579976865,17065582934726,3.201466,0.079712,2.957861,7680
live,799,17065589733260,17065590652452,17065590865190,17065594309040,4.57578,0.212738,3.44385,7680
replay,799,17065589733260,17065590720452,17065591205546,17065677750793,88.017533,0.485094,86.545247,584704
live,800,17065599733260,17065600497851,17065600811487,17065613470330,13.73707,0.313636,12.658843,7680
live,801,17065609733260,17065610334963,17065613701660,17065617128806,7.395546,3.366697,3.427146,7680
live,802,17065619733260,17065620078218,17065620248332,17065624585377,4.852117,0.170114,4.337045,7680
live,803,17065629733260,17065629947010,17065630082244,17065633009128,3.275868,0.135234,2.926884,7680
live,804,17065639733260,17065639920988,17065640043997,17065642878016,3.144756,0.123009,2.834019,7680
live,805,17065649733260,17065649935606,17065650084600,17065652222290,2.48903,0.148994,2.13769,7680
live,806,17065659733260,17065659980496,17065660677433,17065663288920,3.55566,0.696937,2.611487,7680
live,807,17065669733260,17065670406799,17065671299290,17065678889463,9.156203,0.892491,7.590173,7680
live,808,17065679733260,17065680415689,17065680557515,17065682413377,2.680117,0.141826,1.855862,7680
live,809,17065689733260,17065689864412,17065689918141,17065691397103,1.663843,0.053729,1.478962,7680
live,810,17065699733260,17065699848278,17065699914839,17065701576235,1.842975,0.066561,1.661396,7680
live,811,17065709733260,17065709882896,17065709981681,17065712000106,2.266846,0.098785,2.018425,7680
live,812,17065719733260,17065719920234,17065720036428,17065722587403,2.854143,0.116194,2.550975,7680
live,813,17065729733260,17065729941956,17065730057542,17065733331854,3.598594,0.115586,3.274312,7680
live,814,17065739733260,17065739913982,17065740111104,17065742241402,2.508142,0.197122,2.130298,7680
live,815,17065749733260,17065749896984,17065749987545,17065752161011,2.427751,0.090561,2.173466,7680
live,816,17065759733260,17065759890961,17065759981874,17065762374416,2.641156,0.090913,2.392542,7680
live,817,17065769733260,17065769892811,17065769972204,17065772326665,2.593405,0.079393,2.354461,7680
live,818,17065779733260,17065779879653,17065779937958,17065781783548,2.050288,0.058305,1.84559,7680
live,819,17065789733260,17065789864478,17065789922207,17065791383281,1.650021,0.057729,1.461074,7680
live,820,17065799733260,17065799868472,17065799951161,17065810245207,10.511947,0.082689,10.294046,7680
live,821,17065809733260,17065809985332,17065810376312,17065812800726,3.067466,0.39098,2.424414,7680
live,822,17065819733260,17065819895948,17065819981133,17065822333994,2.600734,0.085185,2.352861,7680
live,823,17065829733260,17065829879110,17065829950983,17065832304772,2.571512,0.071873,2.353789,7680
live,824,17065839733260,17065839898496,17065839998145,17065842462591,2.729331,0.099649,2.464446,7680
live,825,17065849733260,17065849892090,17065849976539,17065852434489,2.701229,0.084449,2.45795,7680
live,826,17065859733260,17065859888436,17065859971157,17065862311057,2.577797,0.082721,2.3399,7680
live,827,17065869733260,17065869881805,17065869962094,17065872272426,2.539166,0.080289,2.310332,7680
live,828,17065879733260,17065880029001,17065880100650,17065881773246,2.039986,0.071649,1.672596,7680
live,829,17065889733260,17065889900129,17065890003746,17065892452448,2.719188,0.103617,2.448702,7680
live,830,17065899733260,17065899893499,17065899975964,17065902398617,2.665357,0.082465,2.422653,7680
live,831,17065909733260,17065909884757,17065909964662,17065912274194,2.540934,0.079905,2.309532,7680
live,832,17065919733260,17065919882094,17065919966896,17065922264235,2.530975,0.084802,2.297339,7680
live,833,17065929733260,17065929879880,17065929948777,17065932233285,2.500025,0.068897,2.284508,7680
live,834,17065939733260,17065939888802,17065939980259,17065942334016,2.600756,0.091457,2.353757,7680
live,835,17065949733260,17065949915676,17065949995869,17065952036918,2.303658,0.080193,2.041049,7680
live,836,17065959733260,17065959889206,17065959966391,17065962333428,2.600168,0.077185,2.367037,7680
live,837,17065969733260,17065969979249,17065970079282,17065972721202,2.987942,0.100033,2.64192,7680
live,838,17065979733260,17065979922794,17065980016363,17065982037732,2.304472,0.093569,2.021369,7680
live,839,17065989733260,17065989902628,17065990014789,17065992421314,2.688054,0.112161,2.406525,7680
live,840,17065999733260,17065999898173,17065999982366,17066010228315,10.495055,0.084193,10.245949,7680
live,841,17066009733260,17066009971576,17066010352061,17066012726266,2.993006,0.380485,2.374205,7680
live,842,17066019733260,17066019903537,17066019983442,17066022358415,2.625155,0.079905,2.374973,7680
live,843,17066029733260,17066029889995,17066029978284,17066032284232,2.550972,0.088289,2.305948,7680
live,844,17066039733260,17066039888357,17066039989862,17066042385635,2.652375,0.101505,2.395773,7680
live,845,17066049733260,17066049885534,17066049971551,17066052309884,2.576624,0.086017,2.338333,7680
live,846,17066059733260,17066059884696,17066059969721,17066062286581,2.553321,0.085025,2.31686,7680
live,847,17066069733260,17066069877618,17066069948851,17066072248879,2.515619,0.071233,2.300028,7680
live,848,17066079733260,17066079876332,17066079956493,17066082250825,2.517565,0.080161,2.294332,7680
live,849,17066089733260,17066089944326,17066090257290,17066092656039,2.922779,0.312964,2.398749,7680
live,850,17066099733260,17066099897600,17066099985185,17066102510495,2.777235,0.087585,2.52531,7680
live,851,17066109733260,17066109878009,17066109947578,17066112304791,2.571531,0.069569,2.357213,7680
live,852,17066119733260,17066119882995,17066119960404,17066122377778,2.644518,0.077409,2.417374,7680
live,853,17066129733260,17066129881837,17066129949230,17066132267114,2.533854,0.067393,2.317884,7680
live,854,17066139733260,17066139878343,17066139945416,17066142755626,3.022366,0.067073,2.81021,7680
live,855,17066149733260,17066149888481,17066149975746,17066152300062,2.566802,0.087265,2.324316,7680
live,856,17066159733260,17066159884346,17066159948891,17066162257399,2.524139,0.064545,2.308508,7680
live,857,17066169733260,17066169880372,17066169947061,17066172229265,2.496005,0.066689,2.282204,7680
live,858,17066179733260,17066179963119,17066180125457,17066182589039,2.855779,0.162338,2.463582,7680
live,859,17066189733260,17066189940809,17066190344302,17066194317822,4.584562,0.403493,3.97352,7680
live,860,17066199733260,17066199910338,17066200314439,17066210576836,10.843576,0.404101,10.262397,7680
live,861,17066209733260,17066209931164,17066210749190,17066212813919,3.080659,0.818026,2.064729,7680
live,862,17066219733260,17066219911766,17066220028087,17066222516438,2.783178,0.116321,2.488351,7680
live,863,17066229733260,17066229886991,17066229977392,17066232304269,2.571009,0.090401,2.326877,7680
live,864,17066239733260,17066239880073,17066239965322,17066242283078,2.549818,0.085249,2.317756,7680
live,865,17066249733260,17066249887715,17066249986852,17066252388257,2.654997,0.099137,2.401405,7680
live,866,17066259733260,17066259890749,17066259975422,17066262281946,2.548686,0.084673,2.306524,7680
live,867,17066269733260,17066269949207,17066270067577,17066272384533,2.651273,0.11837,2.316956,7680
live,868,17066279733260,17066279913329,17066280020466,17066282410159,2.676899,0.107137,2.389693,7680
live,869,17066289733260,17066289895594,17066289986316,17066292359336,2.626076,0.090722,2.37302,7680
live,870,17066299733260,17066299895716,17066300033190,17066302442211,2.708951,0.137474,2.409021,7680
live,871,17066309733260,17066309907902,17066310007231,17066312344220,2.61096,0.099329,2.336989,7680
live,872,17066319733260,17066319888504,17066319977497,17066322294741,2.561481,0.088993,2.317244,7680
live,873,17066329733260,17066329883026,17066329969555,17066332299759,2.566499,0.086529,2.330204,7680
live,874,17066339733260,17066339878795,17066339951660,17066342242536,2.509276,0.072865,2.290876,7680
live,875,17066349733260,17066349892069,17066350002695,17066352395524,2.662264,0.110626,2.392829,7680
live,876,17066359733260,17066359894495,17066359976896,17066362298621,2.565361,0.082401,2.321725,7680
live,877,17066369733260,17066369877785,17066369963450,17066372293238,2.559978,0.085665,2.329788,7680
live,878,17066379733260,17066379874835,17066379956532,17066382263568,2.530308,0.081697,2.307036,7680
live,879,17066389733260,17066389885613,17066389972174,17066392304938,2.571678,0.086561,2.332764,7680
live,880,17066399733260,17066399964615,17066400127817,17066410458439,10.725179,0.163202,10.330622,7680
live,881,17066409733260,17066410074627,17066410584009,17066413020711,3.287451,0.509382,2.436702,7680
live,882,17066419733260,17066419937339,17066420063676,17066422466362,2.733102,0.126337,2.402686,7680
live,883,17066429733260,17066429900244,17066429995285,17066432423699,2.690439,0.095041,2.428414,7680
live,884,17066439733260,17066439888270,17066439956975,17066442324460,2.5912,0.068705,2.367485,7680
live,885,17066449733260,17066449889032,17066449982569,17066452401926,2.668666,0.093537,2.419357,7680
live,886,17066459733260,17066459886561,17066459965634,17066462302303,2.569043,0.079073,2.336669,7680
live,887,17066469733260,17066469883899,17066469965628,17066472283865,2.550605,0.081729,2.318237,7680
live,888,17066479733260,17066479881749,17066479964182,17066482264402,2.531142,0.082433,2.30022,7680
live,889,17066489733260,17066489886959,17066489961232,17066492292044,2.558784,0.074273,2.330812,7680
live,890,17066499733260,17066499904041,17066500406671,17066502909134,3.175874,0.50263,2.502463,7680
live,891,17066509733260,17066509894371,17066510289640,17066512808518,3.075258,0.395269,2.518878,7680
live,892,17066519733260,17066519888733,17066520297409,17066522745503,3.012243,0.408676,2.448094,7680
live,893,17066529733260,17066529881526,17066530263835,17066532729337,2.996077,0.382309,2.465502,7680
live,894,17066539733260,17066539872816,17066539949905,17066542300334,2.567074,0.077089,2.350429,7680
live,895,17066549733260,17066549871818,17066549969931,17066552930287,3.197027,0.098113,2.960356,7680
live,896,17066559733260,17066559882564,17066559966437,17066562335714,2.602454,0.083873,2.369277,7680
live,897,17066569733260,17066569881342,17066569965631,17066572284635,2.551375,0.084289,2.319004,7680
live,898,17066579733260,17066579876599,17066579955544,17066582284853,2.551593,0.078945,2.329309,7680
live,899,17066589733260,17066590515161,17066590700411,17066594018468,4.285208,0.18525,3.318057,7680
replay,899,17066589733260,17066590590778,17066591000319,17066681946675,92.213415,0.409541,90.946356,584704
live,900,17066599733260,17066600192655,17066601155611,17066613902454,14.169194,0.962956,12.746843,7680
live,901,17066609733260,17066610673071,17066614109048,17066616455445,6.722185,3.435977,2.346397,7680
live,902,17066619733260,17066619963648,17066620585799,17066623163015,3.429755,0.622151,2.577216,7680
live,903,17066629733260,17066630095003,17066630277565,17066635063288,5.330028,0.182562,4.785723,7680
live,904,17066639733260,17066639958067,17066640141910,17066642978904,3.245644,0.183843,2.836994,7680
live,905,17066649733260,17066649949645,17066650047182,17066652680750,2.94749,0.097537,2.633568,7680
live,906,17066659733260,17066659874502,17066659955719,17066663561619,3.828359,0.081217,3.6059,7680
live,907,17066669733260,17066670300645,17066670612809,17066673824400,4.09114,0.312164,3.211591,7680
live,908,17066679733260,17066682077365,17066682210390,17066684114541,4.381281,0.133025,1.904151,7680
live,909,17066689733260,17066689884244,17066689970965,17066691321573,1.588313,0.086721,1.350608,7680
live,910,17066699733260,17066699868589,17066699943374,17066701236126,1.502866,0.074785,1.292752,7680
live,911,17066709733260,17066710183275,17066710290540,17066711330489,1.597229,0.107265,1.039949,7680
live,912,17066719733260,17066719896865,17066719977634,17066721797080,2.06382,0.080769,1.819446,7680
live,913,17066729733260,17066730052989,17066730147518,17066732097494,2.364234,0.094529,1.949976,7680
live,914,17066739733260,17066739966070,17066740086871,17066741960910,2.22765,0.120801,1.874039,7680
live,915,17066749733260,17066749936143,17066750015760,17066751873223,2.139963,0.079617,1.857463,7680
live,916,17066759733260,17066759924841,17066760030538,17066762119076,2.385816,0.105697,2.088538,7680
live,917,17066769733260,17066769931683,17066770020100,17066772079645,2.346385,0.088417,2.059545,7680
live,918,17066779733260,17066779920061,17066779991293,17066781977110,2.24385,0.071232,1.985817,7680
live,919,17066789733260,17066789909430,17066789979863,17066790917411,1.184151,0.070433,0.937548,7680
live,920,17066799733260,17066799873104,17066799948913,17066810181101,10.447841,0.075809,10.232188,7680
live,921,17066809733260,17066810742036,17066810834133,17066812857998,3.124738,0.092097,2.023865,7680
live,922,17066819733260,17066819917252,17066820019493,17066821930876,2.197616,0.102241,1.911383,7680
live,923,17066829733260,17066829913246,17066830023135,17066831880982,2.147722,0.109889,1.857847,7680
live,924,17066839733260,17066839921080,17066839998745,17066842006129,2.272869,0.077665,2.007384,7680
live,925,17066849733260,17066849898033,17066849998674,17066852076556,2.343296,0.100641,2.077882,7680
live,926,17066859733260,17066859903595,17066859984876,17066862709485,2.976225,0.081281,2.724609,7680
live,927,17066869733260,17066869917445,17066870036230,17066872147520,2.41426,0.118785,2.11129,7680
live,928,17066879733260,17066879926143,17066880032864,17066882110554,2.377294,0.106721,2.07769,7680
live,929,17066889733260,17066889917209,17066889991674,17066891182504,1.449244,0.074465,1.19083,7680
live,930,17066899733260,17066899871282,17066899942739,17066901910603,2.177343,0.071457,1.967864,7680
live,931,17066909733260,17066909906540,17066909985261,17066911948005,2.214745,0.078721,1.962744,7680
live,932,17066919733260,17066919914790,17066919991655,17066922087809,2.354549,0.076865,2.096154,7680
live,933,17066929733260,17066929907936,17066929985441,17066931971993,2.238733,0.077505,1.986552,7680
live,934,17066939733260,17066939912346,17066939993339,17066941987603,2.254343,0.080993,1.994264,7680
live,935,17066949733260,17066949915380,17066949989205,17066951946956,2.213696,0.073825,1.957751,7680
live,936,17066959733260,17066959905037,17066959977230,17066961969415,2.236155,0.072193,1.992185,7680
live,937,17066969733260,17066969910471,17066969989864,17066971996417,2.263157,0.079393,2.006553,7680
live,938,17066979733260,17066979899937,17066979980194,17066981977050,2.24379,0.080257,1.996856,7680
live,939,17066989733260,17066989908731,17066989986876,17066991966260,2.233,0.078145,1.979384,7680
live,940,17066999733260,17066999909045,17066999986006,17067009800941,10.067681,0.076961,9.814935,7680
live,941,17067009733260,17067010018960,17067010100561,17067012154826,2.421566,0.081601,2.054265,7680
live,942,17067019733260,17067019916361,17067019999722,17067022070851,2.337591,0.083361,2.071129,7680
live,943,17067029733260,17067029906658,17067029987427,17067031959387,2.226127,0.080769,1.97196,7680
live,944,17067039733260,17067039896604,17067039976093,17067041972821,2.239561,0.079489,1.996728,7680
live,945,17067049733260,17067049901174,17067049974135,17067051933519,2.200259,0.072961,1.959384,7680
live,946,17067059733260,17067059907216,17067059989873,17067061963465,2.230205,0.082657,1.973592,7680
live,947,17067069733260,17067069927050,17067070009227,17067072044420,2.31116,0.082177,2.035193,7680
live,948,17067079733260,17067079906339,17067079984420,17067082004253,2.270993,0.078081,2.019833,7680
live,949,17067089733260,17067089909533,17067090002142,17067092134616,2.401356,0.092609,2.132474,7680
live,950,17067099733260,17067099904311,17067100026361,17067102046385,2.313125,0.12205,2.020024,7680
live,951,17067109733260,17067109943473,17067110022386,17067112096172,2.362912,0.078913,2.073786,7680
live,952,17067119733260,17067119912683,17067119990892,17067122051589,2.318329,0.078209,2.060697,7680
live,953,17067129733260,17067129898469,17067129978438,17067131970270,2.23701,0.079969,1.991832,7680
live,954,17067139733260,17067139903934,17067139980063,17067141979864,2.246604,0.076129,1.999801,7680
live,955,17067149733260,17067149910232,17067149988441,17067151965265,2.232005,0.078209,1.976824,7680
live,956,17067159733260,17067159906098,17067159983251,17067161959915,2.226655,0.077153,1.976664,7680
live,957,17067169733260,17067169912012,17067169999725,17067172042662,2.309402,0.087713,2.042937,7680
live,958,17067179733260,17067179900838,17067179976391,17067181972447,2.239187,0.075553,1.996056,7680
live,959,17067189733260,17067189895104,17067189973569,17067191944569,2.211309,0.078465,1.971,7680
live,960,17067199733260,17067199904794,17067199978362,17067209527919,9.794659,0.073568,9.549557,7680
live,961,17067209733260,17067209915187,17067209995316,17067212000077,2.266817,0.080129,2.004761,7680
live,962,17067219733260,17067219895181,17067219972142,17067222006343,2.273083,0.076961,2.034201,7680
live,963,17067229733260,17067229905799,17067229981704,17067231970112,2.236852,0.075905,1.988408,7680
live,964,17067239733260,17067239897089,17067239976418,17067241981914,2.248654,0.079329,2.005496,7680
live,965,17067249733260,17067249915419,17067249989852,17067251944916,2.211656,0.074433,1.955064,7680
live,966,17067259733260,17067259909781,17067259987094,17067261977838,2.244578,0.077313,1.990744,7680
live,967,17067269733260,17067270092017,17067270195378,17067272829650,3.09639,0.103361,2.634272,7680
live,968,17067279733260,17067279923464,17067280021994,17067282309894,2.576634,0.09853,2.2879,7680
live,969,17067289733260,17067289910754,17067289988515,17067292287935,2.554675,0.077761,2.29942,7680
live,970,17067299733260,17067299894780,17067299968893,17067302270521,2.537261,0.074113,2.301628,7680
live,971,17067309733260,17067309907478,17067309984791,17067312315027,2.581767,0.077313,2.330236,7680
live,972,17067319733260,17067319909584,17067319995153,17067322924148,3.190888,0.085569,2.928995,7680
live,973,17067329733260,17067329923882,17067330014091,17067332054596,2.321336,0.090209,2.040505,7680
live,974,17067339733260,17067339928708,17067340032293,17067342066334,2.333074,0.103585,2.034041,7680
live,975,17067349733260,17067349915101,17067349994686,17067351960790,2.22753,0.079585,1.966104,7680
live,976,17067359733260,17067359908343,17067359982328,17067361963888,2.230628,0.073985,1.98156,7680
live,977,17067369733260,17067369905361,17067369984338,17067371943722,2.210462,0.078977,1.959384,7680
live,978,17067379733260,17067379910795,17067379994988,17067381994564,2.261304,0.084193,1.999576,7680
live,979,17067389733260,17067389906212,17067389981221,17067391974334,2.241074,0.075009,1.993113,7680
live,980,17067399733260,17067399912574,17067399994047,17067410003641,10.270381,0.081473,10.009594,7680
live,981,17067409733260,17067410174587,17067410268253,17067412314869,2.581609,0.093666,2.046616,7680
live,982,17067419733260,17067419920562,17067419999443,17067422318287,2.585027,0.078881,2.318844,7680
live,983,17067429733260,17067429931532,17067430022477,17067432390538,2.657278,0.090945,2.368061,7680
live,984,17067439733260,17067439920806,17067440000039,17067442167649,2.434389,0.079233,2.16761,7680
live,985,17067449733260,17067449923808,17067449994753,17067452285852,2.552592,0.070945,2.291099,7680
live,986,17067459733260,17067459908985,17067459984058,17067462275958,2.542698,0.075073,2.2919,7680
live,987,17067469733260,17067469898035,17067469976756,17067472272848,2.539588,0.078721,2.296092,7680
live,988,17067479733260,17067479902445,17067479983758,17067482354699,2.621439,0.081313,2.370941,7680
live,989,17067489733260,17067489984488,17067490062377,17067492358501,2.625241,0.077889,2.296124,7680
live,990,17067499733260,17067499932161,17067500045730,17067502311646,2.578386,0.113569,2.265916,7680
live,991,17067509733260,17067509914875,17067509993436,17067512269527,2.536267,0.078561,2.276091,7680
live,992,17067519733260,17067519905940,17067519981781,17067522267761,2.534501,0.075841,2.28598,7680
live,993,17067529733260,17067529915054,17067530003631,17067532350476,2.617216,0.088577,2.346845,7680
live,994,17067539733260,17067539899688,17067539985225,17067542079843,2.346583,0.085537,2.094618,7680
live,995,17067549733260,17067549907106,17067549997347,17067552038460,2.3052,0.090241,2.041113,7680
live,996,17067559733260,17067559912828,17067559999037,17067561989845,2.256585,0.086209,1.990808,7680
live,997,17067569733260,17067569915254,17067569996055,17067571965647,2.232387,0.080801,1.969592,7680
live,998,17067579733260,17067579910863,17067579989456,17067582027113,2.293853,0.078593,2.037657,7680
live,999,17067589733260,17067590400303,17067590574961,17067594132061,4.398801,0.174658,3.5571,7680
replay,999,17067589733260,17067590473200,17067590903893,17067676496584,86.763324,0.430693,85.592691,584704
live,1000,17067599733260,17067600259527,17067600558315,17067612790432,13.057172,0.298788,12.232117,7680
live,1001,17067609733260,17067610233569,17067613021251,17067615299519,5.566259,2.787682,2.278268,7680
live,1002,17067619733260,17067619955383,17067620132090,17067622369141,2.635881,0.176707,2.237051,7680
live,1003,17067629733260,17067630391511,17067630530136,17067632520752,2.787492,0.138625,1.990616,7680
live,1004,17067639733260,17067639918283,17067640039852,17067641680256,1.946996,0.121569,1.640404,7680
live,1005,17067649733260,17067649923204,17067650041414,17067651814044,2.080784,0.11821,1.77263,7680
live,1006,17067659733260,17067660405732,17067660540230,17067662988228,3.254968,0.134498,2.447998,7680
live,1007,17067669733260,17067670250908,17067670497887,17067677129264,7.396004,0.246979,6.631377,7680
live,1008,17067679733260,17067679979667,17067680108628,17067681761896,2.028636,0.128961,1.653268,7680
live,1009,17067689733260,17067689862283,17067689914092,17067691015161,1.281901,0.051809,1.101069,7680
live,1010,17067699733260,17067699841573,17067699883237,17067700935826,1.202566,0.041664,1.052589,7680
live,1011,17067709733260,17067709833310,17067709875423,17067710895563,1.162303,0.042113,1.02014,7680
live,1012,17067719733260,17067719832568,17067719890137,17067721797264,2.064004,0.057569,1.907127,7680
live,1013,17067729733260,17067729879539,17067729968980,17067731986188,2.252928,0.089441,2.017208,7680
live,1014,17067739733260,17067739931821,17067740039246,17067742138152,2.404892,0.107425,2.098906,7680
live,1015,17067749733260,17067749902119,17067749990984,17067751964288,2.231028,0.088865,1.973304,7680
live,1016,17067759733260,17067759896640,17067759972833,17067762325278,2.592018,0.076193,2.352445,7680
live,1017,17067769733260,17067769926235,17067770031516,17067771995284,2.262024,0.105281,1.963768,7680
live,1018,17067779733260,17067779966933,17067780045206,17067781117315,1.384055,0.078273,1.072109,7680
live,1019,17067789733260,17067789893166,17067789955151,17067790996443,1.263183,0.061985,1.041292,7680
live,1020,17067799733260,17067799875815,17067799966185,17067809745344,10.012084,0.09037,9.779159,7680
live,1021,17067809733260,17067809989603,17067810106852,17067812186717,2.453457,0.117249,2.079865,7680
live,1022,17067819733260,17067819895195,17067819980124,17067822498587,2.765327,0.084929,2.518463,7680
live,1023,17067829733260,17067829890133,17067829976534,17067832306931,2.573671,0.086401,2.330397,7680
live,1024,17067839733260,17067839947472,17067840079665,17067842230156,2.496896,0.132193,2.150491,7680
live,1025,17067849733260,17067849922697,17067850001898,17067852070403,2.337143,0.079201,2.068505,7680
live,1026,17067859733260,17067859881443,17067859970212,17067861987484,2.254224,0.088769,2.017272,7680
live,1027,17067869733260,17067869886556,17067869963453,17067871909077,2.175817,0.076897,1.945624,7680
live,1028,17067879733260,17067879863670,17067879924919,17067881234119,1.500859,0.061249,1.3092,7680
live,1029,17067889733260,17067889908912,17067890009970,17067892052043,2.318783,0.101058,2.042073,7680
live,1030,17067899733260,17067899890762,17067899979115,17067901990692,2.257432,0.088353,2.011577,7680
live,1031,17067909733260,17067909887044,17067909969733,17067911947261,2.214001,0.082689,1.977528,7680
live,1032,17067919733260,17067919889150,17067919968927,17067922325403,2.592143,0.079777,2.356476,7680
live,1033,17067929733260,17067929880663,17067929963832,17067932256276,2.523016,0.083169,2.292444,7680
live,1034,17067939733260,17067939926738,17067940041331,17067942385200,2.65194,0.114593,2.343869,7680
live,1035,17067949733260,17067949896651,17067949968652,17067952259624,2.526364,0.072001,2.290972,7680
live,1036,17067959733260,17067959885605,17067959964774,17067961958014,2.224754,0.079169,1.99324,7680
live,1037,17067969733260,17067969889791,17067969962912,17067971888119,2.154859,0.073121,1.925207,7680
live,1038,17067979733260,17067979885337,17067979958746,17067981579117,1.845857,0.073409,1.620371,7680
live,1039,17067989733260,17067990133782,17067990273815,17067992299824,2.566564,0.140033,2.026009,7680
live,1040,17067999733260,17067999962125,17068000490452,17068011484026,11.750766,0.528327,10.993574,7680
live,1041,17068009733260,17068010071593,17068011627163,17068014016697,4.283437,1.55557,2.389534,7680
live,1042,17068019733260,17068019949249,17068020089251,17068022521440,2.78818,0.140002,2.432189,7680
live,1043,17068029733260,17068029957499,17068030059580,17068032384376,2.651116,0.102081,2.324796,7680
live,1044,17068039733260,17068039906804,17068039994677,17068042226832,2.493572,0.087873,2.232155,7680
live,1045,17068049733260,17068049904270,17068049986191,17068051941415,2.208155,0.081921,1.955224,7680
live,1046,17068059733260,17068059893032,17068059975977,17068061943777,2.210517,0.082945,1.9678,7680
live,1047,17068069733260,17068069894177,17068069979266,17068071946554,2.213294,0.085089,1.967288,7680
live,1048,17068079733260,17068079924092,17068080442882,17068083301285,3.568025,0.51879,2.858403,7680
live,1049,17068089733260,17068089899989,17068090289626,17068093303103,3.569843,0.389637,3.013477,7680
live,1050,17068099733260,17068099890223,17068099982096,17068102367373,2.634113,0.091873,2.385277,7680
live,1051,17068109733260,17068109890921,17068109974442,17068112276998,2.543738,0.083521,2.302556,7680
live,1052,17068119733260,17068119893251,17068119975140,17068122265728,2.532468,0.081889,2.290588,7680
live,1053,17068129733260,17068129891260,17068129981342,17068131947061,2.213801,0.090082,1.965719,7680
live,1054,17068139733260,17068139886038,17068139968631,17068141927695,2.194435,0.082593,1.959064,7680
live,1055,17068149733260,17068149901136,17068149991249,17068151966537,2.233277,0.090113,1.975288,7680
live,1056,17068159733260,17068159890858,17068159972075,17068161942947,2.209687,0.081217,1.970872,7680
live,1057,17068169733260,17068169894596,17068169976325,17068171921885,2.188625,0.081729,1.94556,7680
live,1058,17068179733260,17068179920862,17068180325187,17068182443165,2.709905,0.404325,2.117978,7680
live,1059,17068189733260,17068189882551,17068189968024,17068191951345,2.218085,0.085473,1.983321,7680
live,1060,17068199733260,17068199896913,17068199983986,17068209635976,9.902716,0.087073,9.65199,7680
live,1061,17068209733260,17068209892651,17068209987436,17068212356073,2.622813,0.094785,2.368637,7680
live,1062,17068219733260,17068219890309,17068219975110,17068222290050,2.55679,0.084801,2.31494,7680
live,1063,17068229733260,17068229978720,17068230118402,17068232637440,2.90418,0.139682,2.519038,7680
live,1064,17068239733260,17068239930393,17068240062171,17068242443384,2.710124,0.131778,2.381213,7680
live,1065,17068249733260,17068249973780,17068250079317,17068252207343,2.474083,0.105537,2.128026,7680
live,1066,17068259733260,17068259939053,17068260080591,17068262129064,2.395804,0.141538,2.048473,7680
live,1067,17068269733260,17068269944743,17068270033000,17068272079969,2.346709,0.088257,2.046969,7680
live,1068,17068279733260,17068279895776,17068279975937,17068282017562,2.284302,0.080161,2.041625,7680
live,1069,17068289733260,17068289891802,17068289972987,17068291938067,2.204807,0.081185,1.96508,7680
live,1070,17068299733260,17068299895700,17068299985013,17068302051630,2.31837,0.089313,2.066617,7680
live,1071,17068309733260,17068309896718,17068309977871,17068312303915,2.570655,0.081153,2.326044,7680
live,1072,17068319733260,17068319890023,17068319970408,17068322289509,2.556249,0.080385,2.319101,7680
live,1073,17068329733260,17068329893729,17068329981218,17068332280222,2.546962,0.087489,2.299004,7680
live,1074,17068339733260,17068339889595,17068339960284,17068341944564,2.211304,0.070689,1.98428,7680
live,1075,17068349733260,17068349895061,17068349981814,17068352047983,2.314723,0.086753,2.066169,7680
live,1076,17068359733260,17068359890223,17068359972560,17068361974120,2.24086,0.082337,2.00156,7680
live,1077,17068369733260,17068369885321,17068369967722,17068371924385,2.191125,0.082401,1.956663,7680
live,1078,17068379733260,17068379950659,17068380047460,17068382034909,2.301649,0.096801,1.987449,7680
live,1079,17068389733260,17068389889852,17068389990430,17068391953558,2.220298,0.100578,1.963128,7680
live,1080,17068399733260,17068399898038,17068399987799,17068409623405,9.890145,0.089761,9.635606,7680
live,1081,17068409733260,17068409900272,17068409993873,17068412384014,2.650754,0.093601,2.390141,7680
live,1082,17068419733260,17068420034284,17068420194030,17068422720620,2.98736,0.159746,2.52659,7680
live,1083,17068429733260,17068429922180,17068430015205,17068432413314,2.680054,0.093025,2.398109,7680
live,1084,17068439733260,17068439896318,17068439979647,17068442302971,2.569711,0.083329,2.323324,7680
live,1085,17068449733260,17068449991129,17068450473119,17068453384802,3.651542,0.48199,2.911683,7680
live,1086,17068459733260,17068459917234,17068460320919,17068463306203,3.572943,0.403685,2.985284,7680
live,1087,17068469733260,17068469915179,17068470051277,17068472323017,2.589757,0.136098,2.27174,7680
live,1088,17068479733260,17068479943430,17068480155976,17068482204449,2.471189,0.212546,2.048473,7680
live,1089,17068489733260,17068489934399,17068490026048,17068492040825,2.307565,0.091649,2.014777,7680
live,1090,17068499733260,17068499910457,17068500379039,17068503407940,3.67468,0.468582,3.028901,7680
live,1091,17068509733260,17068509918259,17068510318840,17068513246779,3.513519,0.400581,2.927939,7680
live,1092,17068519733260,17068519889676,17068519967565,17068522820816,3.087556,0.077889,2.853251,7680
live,1093,17068529733260,17068529885222,17068529974695,17068532841162,3.107902,0.089473,2.866467,7680
live,1094,17068539733260,17068539888288,17068539983713,17068542814084,3.080824,0.095425,2.830371,7680
live,1095,17068549733260,17068549888634,17068549980763,17068552844062,3.110802,0.092129,2.863299,7680
live,1096,17068559733260,17068559902004,17068560024469,17068563083707,3.350447,0.122465,3.059238,7680
live,1097,17068569733260,17068569892558,17068569987151,17068573057908,3.324648,0.094593,3.070757,7680
live,1098,17068579733260,17068579882311,17068579959432,17068583059950,3.32669,0.077121,3.100518,7680
live,1099,17068589733260,17068590603850,17068590865229,17068594917182,5.183922,0.261379,4.051953,7680
replay,1099,17068589733260,17068590720619,17068591253426,17068673800288,84.067028,0.532807,82.546862,584704
live,1100,17068599733260,17068600254144,17068600886087,17068614484973,14.751713,0.631943,13.598886,7680
live,1101,17068609733260,17068610097591,17068614736656,17068617364592,7.631332,4.639065,2.627936,7680
live,1102,17068619733260,17068619943183,17068620096017,17068622579984,2.846724,0.152834,2.483967,7680
live,1103,17068629733260,17068629970986,17068630385359,17068633746488,4.013228,0.414373,3.361129,7680
live,1104,17068639733260,17068639889058,17068639978180,17068643209387,3.476127,0.089122,3.231207,7680
live,1105,17068649733260,17068649901372,17068649980861,17068653148260,3.415,0.079489,3.167399,7680
live,1106,17068659733260,17068659878774,17068659962647,17068663102461,3.369201,0.083873,3.139814,7680
live,1107,17068669733260,17068669987697,17068670145427,17068675248625,5.515365,0.15773,5.103198,7680
live,1108,17068679733260,17068679887050,17068679978987,17068682573995,2.840735,0.091937,2.595008,7680
live,1109,17068689733260,17068689863267,17068689943108,17068692495363,2.762103,0.079841,2.552255,7680
live,1110,17068699733260,17068699859933,17068699928350,17068702580350,2.84709,0.068417,2.652,7680
live,1111,17068709733260,17068710040089,17068710374301,17068713619109,3.885849,0.334212,3.244808,7680
live,1112,17068719733260,17068719959890,17068720102484,17068723383228,3.649968,0.142594,3.280744,7680
live,1113,17068729733260,17068729948780,17068730349553,17068732706253,2.972993,0.400773,2.3567,7680
live,1114,17068739733260,17068739924421,17068740324010,17068742592870,2.85961,0.399589,2.26886,7680
live,1115,17068749733260,17068749889535,17068750287876,17068752494142,2.760882,0.398341,2.206266,7680
live,1116,17068759733260,17068759886969,17068760282909,17068762860125,3.126865,0.39594,2.577216,7680
live,1117,17068769733260,17068769893362,17068770285623,17068772562931,2.829671,0.392261,2.277308,7680
live,1118,17068779733260,17068779893964,17068779981421,17068781992998,2.259738,0.087457,2.011577,7680
live,1119,17068789733260,17068789868102,17068789949223,17068791922335,2.189075,0.081121,1.973112,7680
live,1120,17068799733260,17068799894368,17068799976673,17068810370592,10.637332,0.082305,10.393919,7680
live,1121,17068809733260,17068810013979,17068810509409,17068812590267,2.857007,0.49543,2.080858,7680
live,1122,17068819733260,17068819923796,17068820039061,17068822239696,2.506436,0.115265,2.200635,7680
live,1123,17068829733260,17068829892366,17068829973231,17068832055752,2.322492,0.080865,2.082521,7680
live,1124,17068839733260,17068839877127,17068839961256,17068841987457,2.254197,0.084129,2.026201,7680
live,1125,17068849733260,17068849880129,17068849953410,17068851924282,2.191022,0.073281,1.970872,7680
live,1126,17068859733260,17068859882427,17068859951452,17068861928052,2.194792,0.069025,1.9766,7680
live,1127,17068869733260,17068869887445,17068869976822,17068872072559,2.339299,0.089377,2.095737,7680
live,1128,17068879733260,17068879886735,17068880263091,17068882358669,2.625409,0.376356,2.095578,7680
live,1129,17068889733260,17068889859016,17068889929673,17068892485512,2.752252,0.070657,2.555839,7680
live,1130,17068899733260,17068899878818,17068899966595,17068902779110,3.04585,0.087777,2.812515,7680
live,1131,17068909733260,17068909885052,17068909962237,17068913182564,3.449304,0.077185,3.220327,7680
live,1132,17068919733260,17068919890102,17068919987543,17068923139486,3.406226,0.097441,3.151943,7680
live,1133,17068929733260,17068929888240,17068929965201,17068933189624,3.456364,0.076961,3.224423,7680
live,1134,17068939733260,17068939884650,17068939986187,17068943101777,3.368517,0.101537,3.11559,7680
live,1135,17068949733260,17068949890628,17068949985349,17068952842280,3.10902,0.094721,2.856931,7680
live,1136,17068959733260,17068959886461,17068959965086,17068962785633,3.052373,0.078625,2.820547,7680
live,1137,17068969733260,17068969898071,17068970000089,17068972949213,3.215953,0.102018,2.949124,7680
live,1138,17068979733260,17068979898289,17068979973618,17068982813173,3.079913,0.075329,2.839555,7680
live,1139,17068989733260,17068989884011,17068989961516,17068992792558,3.059298,0.077505,2.831042,7680
live,1140,17068999733260,17068999879813,17068999964326,17069010738953,11.005693,0.084513,10.774627,7680
live,1141,17069009733260,17069010006560,17069010896011,17069013797134,4.063874,0.889451,2.901123,7680
live,1142,17069019733260,17069019964377,17069020119611,17069023330626,3.597366,0.155234,3.211015,7680
live,1143,17069029733260,17069029918707,17069030024404,17069033169498,3.436238,0.105697,3.145094,7680
live,1144,17069039733260,17069039888172,17069039963629,17069043097811,3.364551,0.075457,3.134182,7680
live,1145,17069049733260,17069049884870,17069049974759,17069053194254,3.460994,0.089889,3.219495,7680
live,1146,17069059733260,17069059888448,17069059970113,17069063166024,3.432764,0.081665,3.195911,7680
live,1147,17069069733260,17069069938266,17069070273502,17069073471749,3.738489,0.335236,3.198247,7680
live,1148,17069079733260,17069079898228,17069079976021,17069083166268,3.433008,0.077793,3.190247,7680
live,1149,17069089733260,17069089882157,17069089957774,17069093181078,3.447818,0.075617,3.223304,7680
live,1150,17069099733260,17069099878631,17069099964232,17069103030638,3.297378,0.085601,3.066406,7680
live,1151,17069109733260,17069109881569,17069109971490,17069113088136,3.354876,0.089921,3.116646,7680
live,1152,17069119733260,17069119881403,17069119957340,17069123064098,3.330838,0.075937,3.106758,7680
live,1153,17069129733260,17069129883797,17069129981814,17069132818777,3.085517,0.098017,2.836963,7680
live,1154,17069139733260,17069139884079,17069139984976,17069142898739,3.165479,0.100897,2.913763,7680
live,1155,17069149733260,17069149880552,17069149984778,17069152808812,3.075552,0.104226,2.824034,7680
live,1156,17069159733260,17069159881314,17069159974755,17069162771622,3.038362,0.093441,2.796867,7680
live,1157,17069169733260,17069169894972,17069170016798,17069173627626,3.894366,0.121826,3.610828,7680
live,1158,17069179733260,17069179904662,17069180036536,17069182887835,3.154575,0.131874,2.851299,7680
live,1159,17069189733260,17069189897072,17069189986801,17069192874132,3.140872,0.089729,2.887331,7680
live,1160,17069199733260,17069199881098,17069199956811,17069210440234,10.706974,0.075713,10.483423,7680
live,1161,17069209733260,17069210111654,17069210571180,17069213484752,3.751492,0.459526,2.913572,7680
live,1162,17069219733260,17069219889246,17069219994687,17069222847298,3.114038,0.105441,2.852611,7680
live,1163,17069229733260,17069229904024,17069230011769,17069233156447,3.423187,0.107745,3.144678,7680
live,1164,17069239733260,17069239898161,17069239972466,17069242861525,3.128265,0.074305,2.889059,7680
live,1165,17069249733260,17069249884011,17069249957388,17069252808591,3.075331,0.073377,2.851203,7680
live,1166,17069259733260,17069259877605,17069259951622,17069262784168,3.050908,0.074017,2.832546,7680
live,1167,17069269733260,17069269876799,17069269949600,17069272788354,3.055094,0.072801,2.838754,7680
live,1168,17069279733260,17069279908057,17069280032538,17069282944926,3.211666,0.124481,2.912388,7680
live,1169,17069289733260,17069289887954,17069289960755,17069292867127,3.133867,0.072801,2.906372,7680
live,1170,17069299733260,17069299874092,17069299948173,17069302770031,3.036771,0.074081,2.821858,7680
live,1171,17069309733260,17069309887526,17069309995495,17069313228911,3.495651,0.107969,3.233416,7680
live,1172,17069319733260,17069319877344,17069319951233,17069323053511,3.320251,0.073889,3.102278,7680
live,1173,17069329733260,17069329888026,17069329983035,17069332873662,3.140402,0.095009,2.890627,7680
live,1174,17069339733260,17069339893044,17069339987733,17069342820471,3.087211,0.094689,2.832738,7680
live,1175,17069349733260,17069349872557,17069349944494,17069352811921,3.078661,0.071937,2.867427,7680
live,1176,17069359733260,17069359878247,17069359969832,17069362800171,3.066911,0.091585,2.830339,7680
live,1177,17069369733260,17069369882113,17069369965922,17069372809317,3.076057,0.083809,2.843395,7680
live,1178,17069379733260,17069379888763,17069379983836,17069382867199,3.133939,0.095073,2.883363,7680
live,1179,17069389733260,17069389889557,17069389975606,17069393240446,3.507186,0.086049,3.26484,7680
live,1180,17069399733260,17069399881359,17069399970128,17069410678002,10.944742,0.088769,10.707874,7680
live,1181,17069409733260,17069409943625,17069410816948,17069413683575,3.950315,0.873323,2.866627,7680
live,1182,17069419733260,17069419914211,17069420026948,17069422855591,3.122331,0.112737,2.828643,7680
live,1183,17069429733260,17069429902397,17069430010526,17069432915553,3.182293,0.108129,2.905027,7680
live,1184,17069439733260,17069439884502,17069439972311,17069442829978,3.096718,0.087809,2.857667,7680
live,1185,17069449733260,17069449881584,17069449958833,17069452827572,3.094312,0.077249,2.868739,7680
live,1186,17069459733260,17069459881130,17069459976779,17069462799053,3.065793,0.095649,2.822274,7680
live,1187,17069469733260,17069469883684,17069469968261,17069472803751,3.070491,0.084577,2.83549,7680
live,1188,17069479733260,17069479888958,17069479991647,17069483184678,3.451418,0.102689,3.193031,7680
live,1189,17069489733260,17069489889111,17069489960376,17069493200224,3.466964,0.071265,3.239848,7680
live,1190,17069499733260,17069499873585,17069499956146,17069503147353,3.414093,0.082561,3.191207,7680
live,1191,17069509733260,17069509879243,17069509963532,17069513088210,3.35495,0.084289,3.124678,7680
live,1192,17069519733260,17069519879749,17069519960678,17069522786344,3.053084,0.080929,2.825666,7680
live,1193,17069529733260,17069529928927,17069530062721,17069533509227,3.775967,0.133794,3.446506,7680
live,1194,17069539733260,17069539882873,17069539975354,17069542892861,3.159601,0.092481,2.917507,7680
live,1195,17069549733260,17069549880786,17069549955379,17069553180763,3.447503,0.074593,3.225384,7680
live,1196,17069559733260,17069559878380,17069559957389,17069563161684,3.428424,0.079009,3.204295,7680
live,1197,17069569733260,17069569874022,17069569953831,17069573193103,3.459843,0.079809,3.239272,7680
live,1198,17069579733260,17069579878368,17069579953281,17069583371115,3.637855,0.074913,3.417834,7680
live,1199,17069589733260,17069590539746,17069590720548,17069595110970,5.37771,0.180802,4.390422,7680
replay,1199,17069589733260,17069590613763,17069591139657,17069679402749,89.669489,0.525894,88.263092,584704
live,1200,17069599733260,17069600112439,17069600383866,17069613151413,13.418153,0.271427,12.767547,7680
live,1201,17069609733260,17069610006639,17069613383896,17069615640020,5.90676,3.377257,2.256124,7680
live,1202,17069619733260,17069619924040,17069620031145,17069623231888,3.498628,0.107105,3.200743,7680
live,1203,17069629733260,17069629897249,17069629993923,17069634029364,4.296104,0.096674,4.035441,7680
live,1204,17069639733260,17069639956828,17069640121950,17069643217156,3.483896,0.165122,3.095206,7680
live,1205,17069649733260,17069649894357,17069649987926,17069652631254,2.897994,0.093569,2.643328,7680
live,1206,17069659733260,17069659983952,17069660175986,17069661945384,2.212124,0.192034,1.769398,7680
live,1207,17069669733260,17069670261549,17069670536529,17069673949562,4.216302,0.27498,3.413033,7680
live,1208,17069679733260,17069679975940,17069680332424,17069682359969,2.626709,0.356484,2.027545,7680
live,1209,17069689733260,17069689873116,17069689942013,17069691715155,1.981895,0.068897,1.773142,7680
live,1210,17069699733260,17069699851158,17069699914967,17069701948815,2.215555,0.063809,2.033848,7680
live,1211,17069709733260,17069709872528,17069709936529,17069712202764,2.469504,0.064001,2.266235,7680
live,1212,17069719733260,17069719881418,17069719968075,17069722940847,3.207587,0.086657,2.972772,7680
live,1213,17069729733260,17069729891524,17069729990949,17069733057546,3.324286,0.099425,3.066597,7680
live,1214,17069739733260,17069739902014,17069740024191,17069743096197,3.362937,0.122177,3.072006,7680
live,1215,17069749733260,17069749887032,17069749982425,17069753010590,3.27733,0.095393,3.028165,7680
live,1216,17069759733260,17069759887537,17069759976050,17069762917270,3.18401,0.088513,2.94122,7680
live,1217,17069769733260,17069769885227,17069769980300,17069773235540,3.50228,0.095073,3.25524,7680
live,1218,17069779733260,17069779966918,17069780087624,17069783324431,3.591171,0.120706,3.236807,7680
live,1219,17069789733260,17069789937088,17069790044673,17069793047813,3.314553,0.107585,3.00314,7680
live,1220,17069799733260,17069799895161,17069799975834,17069811273060,11.5398,0.080673,11.297226,7680
live,1221,17069809733260,17069810008404,17069811418981,17069814333993,4.600733,1.410577,2.915012,7680
live,1222,17069819733260,17069819916013,17069820090703,17069822195561,2.462301,0.17469,2.104858,7680
live,1223,17069829733260,17069829885574,17069829976935,17069832854859,3.121599,0.091361,2.877924,7680
live,1224,17069839733260,17069839891648,17069840018466,17069843072903,3.339643,0.126818,3.054437,7680
live,1225,17069849733260,17069849899802,17069850016828,17069852956703,3.223443,0.117026,2.939875,7680
live,1226,17069859733260,17069859887828,17069860022902,17069862886456,3.153196,0.135074,2.863554,7680
live,1227,17069869733260,17069869891950,17069870001455,17069872889106,3.155846,0.109505,2.887651,7680
live,1228,17069879733260,17069879901928,17069879994729,17069882548392,2.815132,0.092801,2.553663,7680
live,1229,17069889733260,17069890069572,17069890279206,17069893768849,4.035589,0.209634,3.489643,7680
live,1230,17069899733260,17069899912764,17069900024317,17069902898368,3.165108,0.111553,2.874051,7680
live,1231,17069909733260,17069909891829,17069909984086,17069912860569,3.127309,0.092257,2.876483,7680
live,1232,17069919733260,17069919894159,17069919987824,17069922860051,3.126791,0.093665,2.872227,7680
live,1233,17069929733260,17069929889385,17069929977450,17069932834829,3.101569,0.088065,2.857379,7680
live,1234,17069939733260,17069939883747,17069939982180,17069943452654,3.719394,0.098433,3.470474,7680
live,1235,17069949733260,17069949885693,17069949986142,17069952905857,3.172597,0.100449,2.919715,7680
live,1236,17069959733260,17069959891958,17069959985848,17069962839514,3.106254,0.09389,2.853666,7680
live,1237,17069969733260,17069969887152,17069969984689,17069972819124,3.085864,0.097537,2.834435,7680
live,1238,17069979733260,17069979890666,17069979987275,17069982892847,3.159587,0.096609,2.905572,7680
live,1239,17069989733260,17069989887908,17069989981989,17069993626258,3.892998,0.094081,3.644269,7680
live,1240,17069999733260,17069999897118,17069999987967,17070010709218,10.975958,0.090849,10.721251,7680
live,1241,17070009733260,17070009978553,17070010853699,17070013741575,4.008315,0.875146,2.887876,7680
live,1242,17070019733260,17070019917394,17070020024147,17070022873366,3.140106,0.106753,2.849219,7680
live,1243,17070029733260,17070029885035,17070029981389,17070032836495,3.103235,0.096354,2.855106,7680
live,1244,17070039733260,17070039890309,17070039998535,17070042834313,3.101053,0.108226,2.835778,7680
live,1245,17070049733260,17070049894335,17070050006305,17070052929636,3.196376,0.11197,2.923331,7680
live,1246,17070059733260,17070059897049,17070059988666,17070062816285,3.083025,0.091617,2.827619,7680
live,1247,17070069733260,17070069886963,17070069987508,17070072863863,3.130603,0.100545,2.876355,7680
live,1248,17070079733260,17070079897229,17070079989166,17070082936786,3.203526,0.091937,2.94762,7680
live,1249,17070089733260,17070089910407,17070090022728,17070092885195,3.151935,0.112321,2.862467,7680
live,1250,17070099733260,17070099906977,17070100027010,17070102950278,3.217018,0.120033,2.923268,7680
live,1251,17070109733260,17070109899770,17070109986619,17070112900255,3.166995,0.086849,2.913636,7680
live,1252,17070119733260,17070119896916,17070119991861,17070122869176,3.135916,0.094945,2.877315,7680
live,1253,17070129733260,17070129892366,17070129988431,17070132852114,3.118854,0.096065,2.863683,7680
live,1254,17070139733260,17070139891464,17070139969353,17070142802635,3.069375,0.077889,2.833282,7680
live,1255,17070149733260,17070149891714,17070149997091,17070152939111,3.205851,0.105377,2.94202,7680
live,1256,17070159733260,17070159899196,17070159993949,17070162848256,3.114996,0.094753,2.854307,7680
live,1257,17070169733260,17070169886101,17070169992311,17070172885882,3.152622,0.10621,2.893571,7680
live,1258,17070179733260,17070179889711,17070179981712,17070183282297,3.549037,0.092001,3.300585,7680
live,1259,17070189733260,17070189903145,17070189992778,17070193230898,3.497638,0.089633,3.23812,7680
live,1260,17070199733260,17070199894243,17070200025221,17070210549669,10.816409,0.130978,10.524448,7680
live,1261,17070209733260,17070210164128,17070210689639,17070213600106,3.866846,0.525511,2.910467,7680
live,1262,17070219733260,17070219906199,17070220017496,17070222869819,3.136559,0.111297,2.852323,7680
live,1263,17070229733260,17070229898257,17070229989874,17070232845269,3.112009,0.091617,2.855395,7680
live,1264,17070239733260,17070239890762,17070239988300,17070242828046,3.094786,0.097538,2.839746,7680
live,1265,17070249733260,17070250186280,17070250293225,17070253287598,3.554338,0.106945,2.994373,7680
live,1266,17070259733260,17070259904830,17070260022752,17070262878274,3.145014,0.117922,2.855522,7680
live,1267,17070269733260,17070269893464,17070269973241,17070272832220,3.09896,0.079777,2.858979,7680
live,1268,17070279733260,17070279889522,17070279990931,17070283150010,3.41675,0.101409,3.159079,7680
live,1269,17070289733260,17070289897356,17070289985901,17070293247093,3.513833,0.088545,3.261192,7680
live,1270,17070299733260,17070299888933,17070299982919,17070303705076,3.971816,0.093986,3.722157,7680
live,1271,17070309733260,17070309899583,17070310003649,17070312897412,3.164152,0.104066,2.893763,7680
live,1272,17070319733260,17070319892505,17070319985882,17070322834621,3.101361,0.093377,2.848739,7680
live,1273,17070329733260,17070329897939,17070329991252,17070332878007,3.144747,0.093313,2.886755,7680
live,1274,17070339733260,17070339892365,17070339968462,17070342095272,2.362012,0.076097,2.12681,7680
live,1275,17070349733260,17070349888551,17070349978280,17070353167503,3.434243,0.089729,3.189223,7680
live,1276,17070359733260,17070359891777,17070359982402,17070362907173,3.173913,0.090625,2.924771,7680
live,1277,17070369733260,17070369883898,17070369973628,17070372888191,3.154931,0.08973,2.914563,7680
live,1278,17070379733260,17070379885684,17070379977653,17070382857081,3.123821,0.091969,2.879428,7680
live,1279,17070389733260,17070389891854,17070389980239,17070393245175,3.511915,0.088385,3.264936,7680
live,1280,17070399733260,17070399887112,17070399961193,17070410649131,10.915871,0.074081,10.687938,7680
live,1281,17070409733260,17070409902594,17070410795341,17070413737937,4.004677,0.892747,2.942596,7680
live,1282,17070419733260,17070419913116,17070420016125,17070423168100,3.43484,0.103009,3.151975,7680
live,1283,17070429733260,17070429887318,17070429988887,17070432870746,3.137486,0.101569,2.881859,7680
live,1284,17070439733260,17070439888047,17070439978065,17070442828211,3.094951,0.090018,2.850146,7680
live,1285,17070449733260,17070449883721,17070449992971,17070452861134,3.127874,0.10925,2.868163,7680
live,1286,17070459733260,17070459892547,17070459991972,17070462888872,3.155612,0.099425,2.8969,7680
live,1287,17070469733260,17070469893053,17070469979486,17070472886082,3.152822,0.086433,2.906596,7680
live,1288,17070479733260,17070479881815,17070479969624,17070482790490,3.05723,0.087809,2.820866,7680
live,1289,17070489733260,17070489882001,17070489971250,17070493105528,3.372268,0.089249,3.134278,7680
live,1290,17070499733260,17070499884363,17070499957675,17070503205939,3.472679,0.073312,3.248264,7680
live,1291,17070509733260,17070509891236,17070509998726,17070512939050,3.20579,0.10749,2.940324,7680
live,1292,17070519733260,17070519891774,17070519967775,17070523150406,3.417146,0.076001,3.182631,7680
live,1293,17070529733260,17070529884536,17070529959609,17070532812028,3.078768,0.075073,2.852419,7680
live,1294,17070539733260,17070539959827,17070540075860,17070542889239,3.155979,0.116033,2.813379,7680
live,1295,17070549733260,17070549946797,17070550040622,17070552919377,3.186117,0.093825,2.878755,7680
live,1296,17070559733260,17070559902502,17070559998023,17070562902954,3.169694,0.095521,2.904931,7680
live,1297,17070569733260,17070569886496,17070569978657,17070572865284,3.132024,0.092161,2.886627,7680
live,1298,17070579733260,17070579883769,17070579958970,17070582797981,3.064721,0.075201,2.839011,7680
live,1299,17070589733260,17070590484379,17070590636668,17070595285941,5.552681,0.152289,4.649273,7680
replay,1299,17070589733260,17070590539035,17070590753662,17070687904990,98.17173,0.214627,97.151328,584704
live,1300,17070599733260,17070601744676,17070602050375,17070615481675,15.748415,0.305699,13.4313,7680
live,1301,17070609733260,17070611010645,17070615707470,17070618039946,8.306686,4.696825,2.332476,7680
live,1302,17070619733260,17070619974690,17070620673482,17070623856049,4.122789,0.698792,3.182567,7680
live,1303,17070629733260,17070629936955,17070630391361,17070633393765,3.660505,0.454406,3.002404,7680
live,1304,17070639733260,17070639908917,17070640104279,17070642652726,2.919466,0.195362,2.548447,7680
live,1305,17070649733260,17070649904527,17070650003408,17070652534799,2.801539,0.098881,2.531391,7680
live,1306,17070659733260,17070660179628,17070660444207,17070663525717,3.792457,0.264579,3.08151,7680
live,1307,17070669733260,17070670389992,17070670618763,17070674297688,4.564428,0.228771,3.678925,7680
live,1308,17070679733260,17070680114559,17070680337217,17070683499336,3.766076,0.222658,3.162119,7680
live,1309,17070689733260,17070689918358,17070690004183,17070691850190,2.11693,0.085825,1.846007,7680
live,1310,17070699733260,17070699849327,17070699906672,17070701865352,2.132092,0.057345,1.95868,7680
live,1311,17070709733260,17070709842441,17070709897322,17070711827521,2.094261,0.054881,1.930199,7680
live,1312,17070719733260,17070719842403,17070719898148,17070721794235,2.060975,0.055745,1.896087,7680
live,1313,17070729733260,17070729878877,17070729956222,17070732860577,3.127317,0.077345,2.904355,7680
live,1314,17070739733260,17070739893879,17070740295580,17070742976317,3.243057,0.401701,2.680737,7680
live,1315,17070749733260,17070749884145,17070750280566,17070752542833,2.809573,0.396421,2.262267,7680
live,1316,17070759733260,17070759899435,17070759996716,17070763717913,3.984653,0.097281,3.721197,7680
live,1317,17070769733260,17070769906373,17070769999590,17070772161408,2.428148,0.093217,2.161818,7680
live,1318,17070779733260,17070779917247,17070779997344,17070782107386,2.374126,0.080097,2.110042,7680
live,1319,17070789733260,17070789899993,17070789975481,17070791972946,2.239686,0.075488,1.997465,7680
live,1320,17070799733260,17070799868018,17070799932723,17070810715158,10.981898,0.064705,10.782435,7680
live,1321,17070809733260,17070810089967,17070810865656,17070813810812,4.077552,0.775689,2.945156,7680
live,1322,17070819733260,17070819910886,17070820379180,17070823276975,3.543715,0.468294,2.897795,7680
live,1323,17070829733260,17070829899488,17070830303365,17070833531532,3.798272,0.403877,3.228167,7680
live,1324,17070839733260,17070839899898,17070839986299,17070843128321,3.395061,0.086401,3.142022,7680
live,1325,17070849733260,17070849899284,17070849986293,17070853158459,3.425199,0.087009,3.172166,7680
live,1326,17070859733260,17070859896813,17070859983439,17070863137973,3.404713,0.086626,3.154534,7680
live,1327,17070869733260,17070870162667,17070870269228,17070873751510,4.01825,0.106561,3.482282,7680
live,1328,17070879733260,17070879910177,17070880022371,17070883142441,3.409181,0.112194,3.12007,7680
live,1329,17070889733260,17070889993020,17070890079805,17070893141507,3.408247,0.086785,3.061702,7680
live,1330,17070899733260,17070899875541,17070899951638,17070902904890,3.17163,0.076097,2.953252,7680
live,1331,17070909733260,17070909863790,17070909942095,17070912833459,3.100199,0.078305,2.891364,7680
live,1332,17070919733260,17070919902921,17070919984042,17070923535573,3.802313,0.081121,3.551531,7680
live,1333,17070929733260,17070929908739,17070929993796,17070933024393,3.291133,0.085057,3.030597,7680
live,1334,17070939733260,17070939897372,17070939984701,17070942966114,3.232854,0.087329,2.981413,7680
live,1335,17070949733260,17070949913974,17070950011352,17070953030460,3.2972,0.097378,3.019108,7680
live,1336,17070959733260,17070959916848,17070959999377,17070962994422,3.261162,0.082529,2.995045,7680
live,1337,17070969733260,17070969899370,17070969982219,17070973518454,3.785194,0.082849,3.536235,7680
live,1338,17070979733260,17070979890628,17070979977573,17070983007338,3.274078,0.086945,3.029765,7680
live,1339,17070989733260,17070989899614,17070989989407,17070993138853,3.405593,0.089793,3.149446,7680
live,1340,17070999733260,17070999903384,17070999992985,17071011396996,11.663736,0.089601,11.404011,7680
live,1341,17071009733260,17071010037107,17071011570950,17071013757568,4.024308,1.533843,2.186618,7680
live,1342,17071019733260,17071019942412,17071020055437,17071023083506,3.350246,0.113025,3.028069,7680
live,1343,17071029733260,17071029918341,17071030007014,17071033109196,3.375936,0.088673,3.102182,7680
live,1344,17071039733260,17071039909695,17071039994720,17071043066086,3.332826,0.085025,3.071366,7680
live,1345,17071049733260,17071049907801,17071049991482,17071053052831,3.319571,0.083681,3.061349,7680
live,1346,17071059733260,17071059910099,17071060018868,17071063036153,3.302893,0.108769,3.017285,7680
live,1347,17071069733260,17071069907821,17071069989902,17071073035539,3.302279,0.082081,3.045637,7680
live,1348,17071079733260,17071079911655,17071079995400,17071083023564,3.290304,0.083745,3.028164,7680
live,1349,17071089733260,17071089901536,17071089986145,17071093060679,3.327419,0.084609,3.074534,7680
live,1350,17071099733260,17071099910970,17071099994459,17071103027072,3.293812,0.083489,3.032613,7680
live,1351,17071109733260,17071109909172,17071109994709,17071113044858,3.311598,0.085537,3.050149,7680
live,1352,17071119733260,17071119910926,17071119990319,17071123039732,3.306472,0.079393,3.049413,7680
live,1353,17071129733260,17071129899336,17071129985929,17071133051342,3.318082,0.086593,3.065413,7680
live,1354,17071139733260,17071139905090,17071139998147,17071143009255,3.275995,0.093057,3.011108,7680
live,1355,17071149733260,17071149909980,17071149994237,17071153055586,3.322326,0.084257,3.061349,7680
live,1356,17071159733260,17071159912373,17071159995158,17071163017307,3.284047,0.082785,3.022149,7680
live,1357,17071169733260,17071169901839,17071169987920,17071173058550,3.32529,0.086081,3.07063,7680
live,1358,17071179733260,17071179894345,17071179977738,17071183022831,3.289571,0.083393,3.045093,7680
live,1359,17071189733260,17071189909923,17071189999908,17071193083562,3.350302,0.089985,3.083654,7680
live,1360,17071199733260,17071199910493,17071199994366,17071210855938,11.122678,0.083873,10.861572,7680
live,1361,17071209733260,17071210148122,17071211018852,17071213947304,4.214044,0.87073,2.928452,7680
live,1362,17071219733260,17071219917937,17071220487832,17071223650206,3.916946,0.569895,3.162374,7680
live,1363,17071229733260,17071229900394,17071230307695,17071233405333,3.672073,0.407301,3.097638,7680
live,1364,17071239733260,17071239922340,17071240338377,17071243444463,3.711203,0.416037,3.106086,7680
live,1365,17071249733260,17071249898014,17071250311971,17071252829634,3.096374,0.413957,2.517663,7680
live,1366,17071259733260,17071259901176,17071259995033,17071262337942,2.604682,0.093857,2.342909,7680
live,1367,17071269733260,17071269923410,17071269996051,17071272306863,2.573603,0.072641,2.310812,7680
live,1368,17071279733260,17071280189519,17071280295472,17071282597548,2.864288,0.105953,2.302076,7680
live,1369,17071289733260,17071289912518,17071289998439,17071291990815,2.257555,0.085921,1.992376,7680
live,1370,17071299733260,17071299996640,17071300107906,17071302398206,2.664946,0.111266,2.2903,7680
live,1371,17071309733260,17071309944922,17071310025691,17071312047827,2.314567,0.080769,2.022136,7680
live,1372,17071319733260,17071319910867,17071319988660,17071322428274,2.695014,0.077793,2.439614,7680
live,1373,17071329733260,17071329897133,17071330298834,17071333486425,3.753165,0.401701,3.187591,7680
live,1374,17071339733260,17071339896263,17071340292108,17071343348433,3.615173,0.395845,3.056325,7680
live,1375,17071349733260,17071349901569,17071349986050,17071352764420,3.03116,0.084481,2.77837,7680
live,1376,17071359733260,17071359902170,17071359989884,17071363023201,3.289941,0.087714,3.033317,7680
live,1377,17071369733260,17071369896788,17071369984149,17071373031162,3.297902,0.087361,3.047013,7680
live,1378,17071379733260,17071379899982,17071379996943,17071383629500,3.89624,0.096961,3.632557,7680
live,1379,17071389733260,17071389903656,17071389991177,17071392847116,3.113856,0.087521,2.855939,7680
live,1380,17071399733260,17071399897314,17071399981347,17071410764710,11.03145,0.084033,10.783363,7680
live,1381,17071409733260,17071410089502,17071410919592,17071413767499,4.034239,0.83009,2.847907,7680
live,1382,17071419733260,17071419910966,17071420018103,17071422788505,3.055245,0.107137,2.770402,7680
live,1383,17071429733260,17071429900912,17071429987793,17071432809203,3.075943,0.086881,2.82141,7680
live,1384,17071439733260,17071439889801,17071439974570,17071442770924,3.037664,0.084769,2.796354,7680
live,1385,17071449733260,17071449901635,17071449991844,17071452807719,3.074459,0.090209,2.815875,7680
live,1386,17071459733260,17071459902333,17071459984926,17071462989603,3.256343,0.082593,3.004677,7680
live,1387,17071469733260,17071469912567,17071470015064,17071472838203,3.104943,0.102497,2.823139,7680
live,1388,17071479733260,17071479907921,17071479996818,17071482779508,3.046248,0.088897,2.78269,7680
live,1389,17071489733260,17071489902891,17071489988460,17071493178003,3.444743,0.085569,3.189543,7680
live,1390,17071499733260,17071499899141,17071499990406,17071503065739,3.332479,0.091265,3.075333,7680
live,1391,17071509733260,17071509899998,17071509983519,17071513057093,3.323833,0.083521,3.073574,7680
live,1392,17071519733260,17071519893592,17071519976697,17071522739739,3.006479,0.083105,2.763042,7680
live,1393,17071529733260,17071529900178,17071529984403,17071532771221,3.037961,0.084225,2.786818,7680
live,1394,17071539733260,17071539894412,17071539977517,17071542761007,3.027747,0.083105,2.78349,7680
live,1395,17071549733260,17071549907366,17071549989607,17071552771465,3.038205,0.082241,2.781858,7680
live,1396,17071559733260,17071559902272,17071559984673,17071562778691,3.045431,0.082401,2.794018,7680
live,1397,17071569733260,17071569896442,17071569979707,17071572769949,3.036689,0.083265,2.790242,7680
live,1398,17071579733260,17071579893779,17071579975796,17071582741430,3.00817,0.082017,2.765634,7680
live,1399,17071589733260,17071590536149,17071590794072,17071595371504,5.638244,0.257923,4.577432,7680
replay,1399,17071589733260,17071590624310,17071590973498,17071670336161,80.602901,0.349188,79.362663,584704
live,1400,17071599733260,17071600273708,17071600604304,17071611059023,11.325763,0.330596,10.454719,7680
live,1401,17071609733260,17071610573993,17071611291058,17071614304535,4.571275,0.717065,3.013477,7680
live,1402,17071619733260,17071619995964,17071620203839,17071623068993,3.335733,0.207875,2.865154,7680
live,1403,17071629733260,17071629935957,17071630060247,17071632876953,3.143693,0.12429,2.816706,7680
live,1404,17071639733260,17071639893070,17071639992560,17071642648560,2.9153,0.09949,2.656,7680
live,1405,17071649733260,17071649862760,17071649933801,17071652614217,2.880957,0.071041,2.680416,7680
live,1406,17071659733260,17071659986755,17071660153061,17071663192714,3.459454,0.166306,3.039653,7680
live,1407,17071669733260,17071670510980,17071670669830,17071673585929,3.852669,0.15885,2.916099,7680
live,1408,17071679733260,17071679893366,17071679979863,17071682575159,2.841899,0.086497,2.595296,7680
live,1409,17071689733260,17071689860271,17071689935792,17071693128279,3.395019,0.075521,3.192487,7680
live,1410,17071699733260,17071699906506,17071700026411,17071702945327,3.212067,0.119905,2.918916,7680
live,1411,17071709733260,17071709908036,17071710000069,17071712908296,3.175036,0.092033,2.908227,7680
live,1412,17071719733260,17071719919294,17071720034015,17071723168229,3.434969,0.114721,3.134214,7680
live,1413,17071729733260,17071729926968,17071730028473,17071732974877,3.241617,0.101505,2.946404,7680
live,1414,17071739733260,17071739921681,17071740026483,17071742857973,3.124713,0.104802,2.83149,7680
live,1415,17071749733260,17071749925675,17071750046413,17071752881167,3.147907,0.120738,2.834754,7680
live,1416,17071759733260,17071759922085,17071760035143,17071762852297,3.119037,0.113058,2.817154,7680
live,1417,17071769733260,17071769923967,17071770012352,17071772908643,3.175383,0.088385,2.896291,7680
live,1418,17071779733260,17071779877976,17071779951609,17071781966386,2.233126,0.073633,2.014777,7680
live,1419,17071789733260,17071789868082,17071789947891,17071792496754,2.763494,0.079809,2.548863,7680
live,1420,17071799733260,17071799927341,17071800049742,17071811446265,11.713005,0.122401,11.396523,7680
live,1421,17071809733260,17071809977127,17071811629595,17071814532031,4.798771,1.652468,2.902436,7680
live,1422,17071819733260,17071819936640,17071820053474,17071822929157,3.195897,0.116834,2.875683,7680
live,1423,17071829733260,17071829924602,17071830022267,17071832919743,3.186483,0.097665,2.897476,7680
live,1424,17071839733260,17071839918004,17071839987477,17071842092046,2.358786,0.069473,2.104569,7680
live,1425,17071849733260,17071849889358,17071849955246,17071851679427,1.946167,0.065888,1.724181,7680
live,1426,17071859733260,17071859873191,17071859954472,17071861839327,2.106067,0.081281,1.884855,7680
live,1427,17071869733260,17071869878913,17071869960002,17071871864473,2.131213,0.081089,1.904471,7680
live,1428,17071879733260,17071879860443,17071879939516,17071882328505,2.595245,0.079073,2.388989,7680
live,1429,17071889733260,17071889917109,17071890011318,17071892555221,2.821961,0.094209,2.543903,7680
live,1430,17071899733260,17071899926159,17071900052465,17071902783058,3.049798,0.126306,2.730593,7680
live,1431,17071909733260,17071909913065,17071910014570,17071912805356,3.072096,0.101505,2.790786,7680
live,1432,17071919733260,17071919913763,17071920035844,17071922826630,3.09337,0.122081,2.790786,7680
live,1433,17071929733260,17071929919837,17071930006430,17071932804832,3.071572,0.086593,2.798402,7680
live,1434,17071939733260,17071939901942,17071939990263,17071942778681,3.045421,0.088321,2.788418,7680
live,1435,17071949733260,17071949922193,17071950030802,17071952846260,3.113,0.108609,2.815458,7680
live,1436,17071959733260,17071959928970,17071960039084,17071963175378,3.442118,0.110114,3.136294,7680
live,1437,17071969733260,17071969909252,17071970000613,17071973206444,3.473184,0.091361,3.205831,7680
live,1438,17071979733260,17071979903582,17071979988575,17071983028452,3.295192,0.084993,3.039877,7680
live,1439,17071989733260,17071989911672,17071990008249,17071992819035,3.085775,0.096577,2.810786,7680
live,1440,17071999733260,17071999929266,17072000042163,17072010790006,11.056746,0.112897,10.747843,7680
live,1441,17072009733260,17072010064557,17072010958776,17072013094674,3.361414,0.894219,2.135898,7680
live,1442,17072019733260,17072019931654,17072020039463,17072022047999,2.314739,0.107809,2.008536,7680
live,1443,17072029733260,17072029907839,17072030000096,17072031998105,2.264845,0.092257,1.998009,7680
live,1444,17072039733260,17072039918809,17072040017146,17072042013139,2.279879,0.098337,1.995993,7680
live,1445,17072049733260,17072049938963,17072050052469,17072052078925,2.345665,0.113506,2.026456,7680
live,1446,17072059733260,17072060021582,17072060112527,17072062408043,2.674783,0.090945,2.295516,7680
live,1447,17072069733260,17072069984904,17072070078857,17072072391077,2.657817,0.093953,2.31222,7680
live,1448,17072079733260,17072079929729,17072080028962,17072082303198,2.569938,0.099233,2.274236,7680
live,1449,17072089733260,17072089913403,17072090000540,17072091970196,2.236936,0.087137,1.969656,7680
live,1450,17072099733260,17072100468763,17072100591965,17072102556949,2.823689,0.123202,1.964984,7680
live,1451,17072109733260,17072109934222,17072110025744,17072111968871,2.235611,0.091522,1.943127,7680
live,1452,17072119733260,17072119916296,17072120016009,17072121957281,2.224021,0.099713,1.941272,7680
live,1453,17072129733260,17072129908770,17072129989283,17072131935867,2.202607,0.080513,1.946584,7680
live,1454,17072139733260,17072139901852,17072139977757,17072141961941,2.228681,0.075905,1.984184,7680
live,1455,17072149733260,17072149916918,17072149998007,17072152581782,2.848522,0.081089,2.583775,7680
live,1456,17072159733260,17072159916240,17072160013105,17072163161175,3.427915,0.096865,3.14807,7680
live,1457,17072169733260,17072169919114,17072170011595,17072173168273,3.435013,0.092481,3.156678,7680
live,1458,17072179733260,17072179927491,17072180028517,17072182790758,3.057498,0.101026,2.762241,7680
live,1459,17072189733260,17072189904701,17072189989278,17072192784864,3.051604,0.084577,2.795586,7680
live,1460,17072199733260,17072199904119,17072199987480,17072210289813,10.556553,0.083361,10.302333,7680
live,1461,17072209733260,17072210090803,17072210392279,17072212384751,2.651491,0.301476,1.992472,7680
live,1462,17072219733260,17072219907723,17072219988268,17072221744417,2.011157,0.080545,1.756149,7680
live,1463,17072229733260,17072229869508,17072229950469,17072232917193,3.183933,0.080961,2.966724,7680
live,1464,17072239733260,17072239898782,17072239983615,17072243151270,3.41801,0.084833,3.167655,7680
live,1465,17072249733260,17072249947737,17072250043706,17072253898121,4.164861,0.095969,3.854415,7680
live,1466,17072259733260,17072259895506,17072259984851,17072263145946,3.412686,0.089345,3.161095,7680
live,1467,17072269733260,17072269892748,17072269977005,17072273259989,3.526729,0.084257,3.282984,7680
live,1468,17072279733260,17072279895238,17072279986215,17072283129197,3.395937,0.090977,3.142982,7680
live,1469,17072289733260,17072289900608,17072289984353,17072293009222,3.275962,0.083745,3.024869,7680
live,1470,17072299733260,17072299897689,17072299980859,17072302803421,3.070161,0.08317,2.822562,7680
live,1471,17072309733260,17072309892435,17072309974676,17072313133947,3.400687,0.082241,3.159271,7680
live,1472,17072319733260,17072319897581,17072319981934,17072323137013,3.403753,0.084353,3.155079,7680
live,1473,17072329733260,17072329899047,17072329985544,17072333161199,3.427939,0.086497,3.175655,7680
live,1474,17072339733260,17072339892001,17072339975618,17072343129832,3.396572,0.083617,3.154214,7680
live,1475,17072349733260,17072349894491,17072349988956,17072353157859,3.424599,0.094465,3.168903,7680
live,1476,17072359733260,17072359905397,17072359986006,17072363022747,3.289487,0.080609,3.036741,7680
live,1477,17072369733260,17072369905807,17072369992112,17072372780626,3.047366,0.086305,2.788514,7680
live,1478,17072379733260,17072379900296,17072380017674,17072383073327,3.340067,0.117378,3.055653,7680
live,1479,17072389733260,17072389909058,17072390011460,17072393058985,3.325725,0.102402,3.047525,7680
live,1480,17072399733260,17072399909020,17072399993693,17072411107397,11.374137,0.084673,11.113704,7680
live,1481,17072409733260,17072410017815,17072411272711,17072414112969,4.379709,1.254896,2.840258,7680
live,1482,17072419733260,17072419915536,17072420030354,17072423119447,3.386187,0.114818,3.089093,7680
live,1483,17072429733260,17072429896714,17072429983531,17072433071280,3.33802,0.086817,3.087749,7680
live,1484,17072439733260,17072439888548,17072439974853,17072443018954,3.285694,0.086305,3.044101,7680
live,1485,17072449733260,17072449892189,17072449981567,17072453067524,3.334264,0.089378,3.085957,7680
live,1486,17072459733260,17072459896407,17072459984120,17072463028446,3.295186,0.087713,3.044326,7680
live,1487,17072469733260,17072469891633,17072469976370,17072473047288,3.314028,0.084737,3.070918,7680
live,1488,17072479733260,17072479883243,17072479967020,17072483013617,3.280357,0.083777,3.046597,7680
live,1489,17072489733260,17072489904613,17072489987942,17072493036875,3.303615,0.083329,3.048933,7680
live,1490,17072499733260,17072499900511,17072499988864,17072503036869,3.303609,0.088353,3.048005,7680
live,1491,17072509733260,17072509889433,17072509981722,17072513047519,3.314259,0.092289,3.065797,7680
live,1492,17072519733260,17072519906259,17072520017236,17072523044569,3.311309,0.110977,3.027333,7680
live,1493,17072529733260,17072529908205,17072529994510,17072533045235,3.311975,0.086305,3.050725,7680
live,1494,17072539733260,17072539894246,17072539978183,17072542990540,3.25728,0.083937,3.012357,7680
live,1495,17072549733260,17072549892672,17072549978305,17072553037126,3.303866,0.085633,3.058821,7680
live,1496,17072559733260,17072559884154,17072559972507,17072563004928,3.271668,0.088353,3.032421,7680
live,1497,17072569733260,17072569899124,17072569991573,17072573042138,3.308878,0.092449,3.050565,7680
live,1498,17072579733260,17072579889806,17072579981391,17072583016852,3.283592,0.091585,3.035461,7680
live,1499,17072589733260,17072590504815,17072590720434,17072595184296,5.451036,0.215619,4.463862,7680
replay,1499,17072589733260,17072590568592,17072590856307,17072678335101,88.601841,0.287715,87.478794,584704
