stage,sequence,release_ns,queued_ns,start_ns,end_ns,age_ms,queue_ms,service_ms,output_samples
live,0,17818091702603,17818091988218,17818092247358,17818097948100,6.245497,0.25914,5.700742,3840
live,1,17818101702603,17818101914166,17818102053367,17818105411713,3.70911,0.139201,3.358346,3840
live,2,17818111702603,17818111873777,17818112136660,17818116308296,4.605693,0.262883,4.171636,3840
live,3,17818121702603,17818121873421,17818122160881,17818127195439,5.492836,0.28746,5.034558,3840
live,4,17818131702603,17818131844937,17818132118508,17818138910848,7.208245,0.273571,6.79234,3840
live,5,17818141702603,17818141895301,17818142119528,17818145453489,3.750886,0.224227,3.333961,3840
live,6,17818151702603,17818151840065,17818152120420,17818155905715,4.203112,0.280355,3.785295,3840
live,7,17818161702603,17818161853853,17818162134016,17818167943464,6.240861,0.280163,5.809448,3840
live,8,17818171702603,17818171855897,17818171950074,17818177059769,5.357166,0.094177,5.109695,3840
live,9,17818181702603,17818181841909,17818181935990,17818188848555,7.145952,0.094081,6.912565,3840
live,10,17818191702603,17818191829520,17818191912401,17818196942992,5.240389,0.082881,5.030591,3840
live,11,17818201702603,17818201832396,17818201922830,17818207071981,5.369378,0.090434,5.149151,3840
live,12,17818211702603,17818211849705,17818211938794,17818216597380,4.894777,0.089089,4.658586,3840
live,13,17818221702603,17818221831940,17818221912837,17818227295208,5.592605,0.080897,5.382371,3840
live,14,17818231702603,17818231817088,17818231899201,17818237005473,5.30287,0.082113,5.106272,3840
live,15,17818241702603,17818241831612,17818241947390,17818246961180,5.258577,0.115778,5.01379,3840
live,16,17818251702603,17818251846137,17818251941178,17818256616724,4.914121,0.095041,4.675546,3840
live,17,17818261702603,17818261828116,17818261913941,17818266559151,4.856548,0.085825,4.64521,3840
live,18,17818271702603,17818271840305,17818271936754,17818276624332,4.921729,0.096449,4.687578,3840
live,19,17818281702603,17818281825324,17818281912045,17818287649525,5.946922,0.086721,5.73748,3840
live,20,17818291702603,17818291846569,17818291938794,17818298834207,7.131604,0.092225,6.895413,3840
live,21,17818301702603,17818301838020,17818301919525,17818306334876,4.632273,0.081505,4.415351,3840
live,22,17818311702603,17818311832224,17818311915489,17818316121430,4.418827,0.083265,4.205941,3840
live,23,17818321702603,17818321824476,17818321902045,17818326444118,4.741515,0.077569,4.542073,3840
live,24,17818331702603,17818331822488,17818332080539,17818336114029,4.411426,0.258051,4.03349,3840
live,25,17818341702603,17818341823156,17818341905237,17818345365856,3.663253,0.082081,3.460619,3840
live,26,17818351702603,17818351827184,17818351938866,17818355946275,4.243672,0.111682,4.007409,3840
live,27,17818361702603,17818361828684,17818361910925,17818366432517,4.729914,0.082241,4.521592,3840
live,28,17818371702603,17818371833512,17818371913001,17818376096541,4.393938,0.079489,4.18354,3840
live,29,17818381702603,17818381825956,17818381905317,17818385859382,4.156779,0.079361,3.954065,3840
live,30,17818391702603,17818391947234,17818392064387,17818396467674,4.765071,0.117153,4.403287,3840
live,31,17818401702603,17818401868381,17818401952222,17818406176242,4.473639,0.083841,4.22402,3840
live,32,17818411702603,17818411833016,17818411921081,17818415917963,4.21536,0.088065,3.996882,3840
live,33,17818421702603,17818421828276,17818421901301,17818425782021,4.079418,0.073025,3.88072,3840
live,34,17818431702603,17818431823792,17818431904689,17818435893571,4.190968,0.080897,3.988882,3840
live,35,17818441702603,17818441843276,17818441922285,17818446403973,4.70137,0.079009,4.481688,3840
live,36,17818451702603,17818451887145,17818452172397,17818456565091,4.862488,0.285252,4.392694,3840
live,37,17818461702603,17818461844324,17818462113000,17818466439613,4.73701,0.268676,4.326613,3840
live,38,17818471702603,17818471830688,17818472090147,17818476478778,4.776175,0.259459,4.388631,3840
live,39,17818481702603,17818481821500,17818481899869,17818486380405,4.677802,0.078369,4.480536,3840
live,40,17818491702603,17818492084219,17818492345695,17818497992773,6.29017,0.261476,5.647078,3840
live,41,17818501702603,17818501838804,17818501922325,17818506078217,4.375614,0.083521,4.155892,3840
live,42,17818511702603,17818511836816,17818512098356,17818516478026,4.775423,0.26154,4.37967,3840
live,43,17818521702603,17818521816236,17818521897325,17818526121441,4.418838,0.081089,4.224116,3840
live,44,17818531702603,17818531824360,17818531898985,17818536102845,4.400242,0.074625,4.20386,3840
live,45,17818541702603,17818541820356,17818542068103,17818548150227,6.447624,0.247747,6.082124,3840
live,46,17818551702603,17818551806432,17818551874561,17818556487674,4.785071,0.068129,4.613113,3840
live,47,17818561702603,17818561821372,17818561903485,17818566315220,4.612617,0.082113,4.411735,3840
live,48,17818571702603,17818571819960,17818571897049,17818576073165,4.370562,0.077089,4.176116,3840
live,49,17818581702603,17818581821012,17818581896949,17818586345964,4.643361,0.075937,4.449015,3840
live,50,17818591702603,17818591856753,17818591949490,17818597607832,5.905229,0.092737,5.658342,3840
live,51,17818601702603,17818601872973,17818601977998,17818606600071,4.897468,0.105025,4.622073,3840
live,52,17818611702603,17818611846056,17818611934249,17818616108285,4.405682,0.088193,4.174036,3840
live,53,17818621702603,17818621829636,17818621915845,17818626176410,4.473807,0.086209,4.260565,3840
live,54,17818631702603,17818631824544,17818631892865,17818636136982,4.434379,0.068321,4.244117,3840
live,55,17818641702603,17818641820828,17818641879581,17818646315028,4.612425,0.058753,4.435447,3840
live,56,17818651702603,17818651817560,17818651891321,17818657456830,5.754227,0.073761,5.565509,3840
live,57,17818661702603,17818661817876,17818661892213,17818666926611,5.224008,0.074337,5.034398,3840
live,58,17818671702603,17818671821712,17818671897617,17818676136070,4.433467,0.075905,4.238453,3840
live,59,17818681702603,17818681823148,17818681904941,17818686388901,4.686298,0.081793,4.48396,3840
live,60,17818691702603,17818691823976,17818691884073,17818697740817,6.038214,0.060097,5.856744,3840
live,61,17818701702603,17818701819748,17818701890949,17818706283163,4.58056,0.071201,4.392214,3840
live,62,17818711702603,17818711817984,17818711878497,17818715667216,3.964613,0.060513,3.788719,3840
live,63,17818721702603,17818721814460,17818721884861,17818726041008,4.338405,0.070401,4.156147,3840
live,64,17818731702603,17818731816184,17818731892249,17818735853706,4.151103,0.076065,3.961457,3840
live,65,17818741702603,17818741816308,17818741891893,17818746078665,4.376062,0.075585,4.186772,3840
live,66,17818751702603,17818751818160,17818751884017,17818756119941,4.417338,0.065857,4.235924,3840
live,67,17818761702603,17818761818604,17818761880045,17818766092161,4.389558,0.061441,4.212116,3840
live,68,17818771702603,17818771818568,17818771901481,17818776198590,4.495987,0.082913,4.297109,3840
live,69,17818781702603,17818781820164,17818781886085,17818786313724,4.611121,0.065921,4.427639,3840
live,70,17818791702603,17818791819072,17818791900193,17818796174358,4.471755,0.081121,4.274165,3840
live,71,17818801702603,17818801818556,17818801881277,17818806230163,4.52756,0.062721,4.348886,3840
live,72,17818811702603,17818811827288,17818811888473,17818816439409,4.736806,0.061185,4.550936,3840
live,73,17818821702603,17818821814324,17818821879285,17818825970151,4.267548,0.064961,4.090866,3840
live,74,17818831702603,17818831824560,17818831908945,17818836579243,4.87664,0.084385,4.670298,3840
live,75,17818841702603,17818841866604,17818841977742,17818846661480,4.958877,0.111138,4.683738,3840
live,76,17818851702603,17818851879785,17818851973578,17818857344972,5.642369,0.093793,5.371394,3840
live,77,17818861702603,17818861825476,17818861891269,17818866973284,5.270681,0.065793,5.082015,3840
live,78,17818871702603,17818871822720,17818871885121,17818876142197,4.439594,0.062401,4.257076,3840
live,79,17818881702603,17818881820444,17818881900029,17818886392565,4.689962,0.079585,4.492536,3840
live,80,17818891702603,17818891821752,17818891903385,17818897820930,6.118327,0.081633,5.917545,3840
live,81,17818901702603,17818901821332,17818901894069,17818906147018,4.444415,0.072737,4.252949,3840
live,82,17818911702603,17818911815696,17818911874801,17818915778785,4.076182,0.059105,3.903984,3840
live,83,17818921702603,17818921812364,17818921870860,17818925744637,4.042034,0.058496,3.873777,3840
live,84,17818931702603,17818931815112,17818931889481,17818935833946,4.131343,0.074369,3.944465,3840
live,85,17818941702603,17818941814052,17818941884741,17818946200506,4.497903,0.070689,4.315765,3840
live,86,17818951702603,17818951877473,17818951960738,17818956940767,5.238164,0.083265,4.980029,3840
live,87,17818961702603,17818961821628,17818961895581,17818966356724,4.654121,0.073953,4.461143,3840
live,88,17818971702603,17818971816696,17818971880313,17818976146669,4.444066,0.063617,4.266356,3840
live,89,17818981702603,17818981815700,17818981881269,17818986134249,4.431646,0.065569,4.25298,3840
live,90,17818991702603,17818991817744,17818991881425,17818995790049,4.087446,0.063681,3.908624,3840
live,91,17819001702603,17819001816300,17819001887789,17819007162670,5.460067,0.071489,5.274881,3840
live,92,17819011702603,17819011824040,17819011902633,17819016462401,4.759798,0.078593,4.559768,3840
live,93,17819021702603,17819021819812,17819021885605,17819026611519,4.908916,0.065793,4.725914,3840
live,94,17819031702603,17819031799200,17819031856064,17819036448953,4.74635,0.056864,4.592889,3840
live,95,17819041702603,17819041816124,17819041873372,17819046198322,4.495719,0.057248,4.32495,3840
live,96,17819051702603,17819051816088,17819051901657,17819057235771,5.533168,0.085569,5.334114,3840
live,97,17819061702603,17819061823668,17819061913365,17819067471674,5.769071,0.089697,5.558309,3840
live,98,17819071702603,17819071822800,17819071904177,17819076666508,4.963905,0.081377,4.762331,3840
live,99,17819081702603,17819082045231,17819082156144,17819095504661,13.802058,0.110913,13.348517,3840
replay,99,17819081702603,17819082089103,17819082332114,17819095708280,14.005677,0.243011,13.376166,292352
live,100,17819091702603,17819092385167,17819095608791,17819099413478,7.710875,3.223624,3.804687,3840
live,101,17819101702603,17819101875844,17819101962694,17819106634431,4.931828,0.08685,4.671737,3840
live,102,17819111702603,17819111836832,17819112080803,17819116143509,4.440906,0.243971,4.062706,3840
live,103,17819121702603,17819121824732,17819122075199,17819125536586,3.833983,0.250467,3.461387,3840
live,104,17819131702603,17819131835576,17819132074555,17819134659387,2.956784,0.238979,2.584832,3840
live,105,17819141702603,17819141816692,17819142053271,17819144788665,3.086062,0.236579,2.735394,3840
live,106,17819151702603,17819151826416,17819152069843,17819155294843,3.59224,0.243427,3.225,3840
live,107,17819161702603,17819161821356,17819161893933,17819165682556,3.979953,0.072577,3.788623,3840
live,108,17819171702603,17819171827240,17819172094475,17819175864474,4.161871,0.267235,3.769999,3840
live,109,17819181702603,17819181823076,17819181900837,17819185799477,4.096874,0.077761,3.89864,3840
live,110,17819191702603,17819191823872,17819191922273,17819195658383,3.95578,0.098401,3.73611,3840
live,111,17819201702603,17819201822204,17819202083999,17819206075952,4.373349,0.261795,3.991953,3840
live,112,17819211702603,17819211820152,17819211918393,17819215776137,4.073534,0.098241,3.857744,3840
live,113,17819221702603,17819221827060,17819221945237,17819226179370,4.476767,0.118177,4.234133,3840
live,114,17819231702603,17819231834256,17819232105587,17819236178278,4.475675,0.271331,4.072691,3840
live,115,17819241702603,17819241821676,17819241905485,17819246429573,4.72697,0.083809,4.524088,3840
live,116,17819251702603,17819251824456,17819252094347,17819256208894,4.506291,0.269891,4.114547,3840
live,117,17819261702603,17819261825156,17819261909381,17819267412905,5.710302,0.084225,5.503524,3840
live,118,17819271702603,17819271830432,17819271910561,17819275324075,3.621472,0.080129,3.413514,3840
live,119,17819281702603,17819281864028,17819281973150,17819286241875,4.539272,0.109122,4.268725,3840
live,120,17819291702603,17819291850520,17819291971706,17819297647328,5.944725,0.121186,5.675622,3840
live,121,17819301702603,17819301837780,17819301918549,17819306059560,4.356957,0.080769,4.141011,3840
live,122,17819311702603,17819311830736,17819311939441,17819315771009,4.068406,0.108705,3.831568,3840
live,123,17819321702603,17819321823308,17819321902157,17819325841598,4.138995,0.078849,3.939441,3840
live,124,17819331702603,17819331835720,17819331947721,17819336254271,4.551668,0.112001,4.30655,3840
live,125,17819341702603,17819341832516,17819341943717,17819346753633,5.05103,0.111201,4.809916,3840
live,126,17819351702603,17819351820960,17819351904897,17819357016416,5.313813,0.083937,5.111519,3840
live,127,17819361702603,17819361832156,17819361942525,17819366308947,4.606344,0.110369,4.366422,3840
live,128,17819371702603,17819371825624,17819371896665,17819376117261,4.414658,0.071041,4.220596,3840
live,129,17819381702603,17819381830708,17819381954325,17819386090249,4.387646,0.123617,4.135924,3840
live,130,17819391702603,17819391838416,17819391927121,17819396160901,4.458298,0.088705,4.23378,3840
live,131,17819401702603,17819401829100,17819401912941,17819406344036,4.641433,0.083841,4.431095,3840
live,132,17819411702603,17819411829672,17819412103851,17819417558159,5.855556,0.274179,5.454308,3840
live,133,17819421702603,17819421826436,17819421905061,17819426178970,4.476367,0.078625,4.273909,3840
live,134,17819431702603,17819431834016,17819431918625,17819436163381,4.460778,0.084609,4.244756,3840
live,135,17819441702603,17819441826972,17819441907613,17819446332084,4.629481,0.080641,4.424471,3840
live,136,17819451702603,17819451828504,17819451940217,17819456261647,4.559044,0.111713,4.32143,3840
live,137,17819461702603,17819461832308,17819462104119,17819466599791,4.897188,0.271811,4.495672,3840
live,138,17819471702603,17819471820784,17819471932305,17819477332948,5.630345,0.111521,5.400643,3840
live,139,17819481702603,17819481833836,17819481920077,17819486594983,4.89238,0.086241,4.674906,3840
live,140,17819491702603,17819491843400,17819491927337,17819497119209,5.416606,0.083937,5.191872,3840
live,141,17819501702603,17819501825636,17819501895941,17819505725108,4.022505,0.070305,3.829167,3840
live,142,17819511702603,17819511918625,17819512276389,17819516884414,5.181811,0.357764,4.608025,3840
live,143,17819521702603,17819521825468,17819521902109,17819525792237,4.089634,0.076641,3.890128,3840
live,144,17819531702603,17819531818456,17819531915801,17819535673543,3.97094,0.097345,3.757742,3840
live,145,17819541702603,17819541823508,17819542073911,17819545921478,4.218875,0.250403,3.847567,3840
live,146,17819551702603,17819551819504,17819551924081,17819555662079,3.959476,0.104577,3.737998,3840
live,147,17819561702603,17819561821804,17819561893356,17819568240731,6.538128,0.071552,6.347375,3840
live,148,17819571702603,17819571843144,17819571927145,17819576917799,5.215196,0.084001,4.990654,3840
live,149,17819581702603,17819581827076,17819581902853,17819586080504,4.377901,0.075777,4.177651,3840
live,150,17819591702603,17819591827936,17819591936065,17819595960211,4.257608,0.108129,4.024146,3840
live,151,17819601702603,17819601831516,17819601912317,17819606386292,4.683689,0.080801,4.473975,3840
live,152,17819611702603,17819611867768,17819611959449,17819616888502,5.185899,0.091681,4.929053,3840
live,153,17819621702603,17819621856532,17819622121815,17819626465485,4.762882,0.265283,4.34367,3840
live,154,17819631702603,17819631884112,17819631980081,17819636762861,5.060258,0.095969,4.78278,3840
live,155,17819641702603,17819641841484,17819641928237,17819647248431,5.545828,0.086753,5.320194,3840
live,156,17819651702603,17819651840008,17819651921417,17819656162237,4.459634,0.081409,4.24082,3840
live,157,17819661702603,17819661863396,17819661958405,17819667470474,5.767871,0.095009,5.512069,3840
live,158,17819671702603,17819671830816,17819671907713,17819676512218,4.809615,0.076897,4.604505,3840
live,159,17819681702603,17819681827420,17819681905149,17819686112305,4.409702,0.077729,4.207156,3840
live,160,17819691702603,17819691824568,17819691899576,17819697762913,6.06031,0.075008,5.863337,3840
live,161,17819701702603,17819701819443,17819701906133,17819706372012,4.669409,0.08669,4.465879,3840
live,162,17819711702603,17819711833552,17819711912785,17819716278375,4.575772,0.079233,4.36559,3840
live,163,17819721702603,17819721829740,17819722087407,17819726306691,4.604088,0.257667,4.219284,3840
live,164,17819731702603,17819731831656,17819731938409,17819736229758,4.527155,0.106753,4.291349,3840
live,165,17819741702603,17819741835492,17819742097191,17819746214682,4.512079,0.261699,4.117491,3840
live,166,17819751702603,17819751821215,17819751925953,17819755887666,4.185063,0.104738,3.961713,3840
live,167,17819761702603,17819761825051,17819761927901,17819766074640,4.372037,0.10285,4.146739,3840
live,168,17819771702603,17819771832056,17819772103579,17819777501982,5.799379,0.271523,5.398403,3840
live,169,17819781702603,17819781825427,17819781901556,17819786160777,4.458174,0.076129,4.259221,3840
live,170,17819791702603,17819791834256,17819791924049,17819796232262,4.529659,0.089793,4.308213,3840
live,171,17819801702603,17819801825867,17819801908013,17819807021708,5.319105,0.082146,5.113695,3840
live,172,17819811702603,17819811813959,17819811893544,17819816922535,5.219932,0.079585,5.028991,3840
live,173,17819821702603,17819821832356,17819821910597,17819827132741,5.430138,0.078241,5.222144,3840
live,174,17819831702603,17819831829824,17819831911681,17819836189654,4.487051,0.081857,4.277973,3840
live,175,17819841702603,17819841825115,17819841904956,17819847064252,5.361649,0.079841,5.159296,3840
live,176,17819851702603,17819851842424,17819851909944,17819856520594,4.817991,0.06752,4.61065,3840
live,177,17819861702603,17819861826035,17819861905012,17819866334955,4.632352,0.078977,4.429943,3840
live,178,17819871702603,17819871829743,17819871944881,17819877416565,5.713962,0.115138,5.471684,3840
live,179,17819881702603,17819881830892,17819881910508,17819886276483,4.57388,0.079616,4.365975,3840
live,180,17819891702603,17819891836232,17819891917641,17819897936915,6.234312,0.081409,6.019274,3840
live,181,17819901702603,17819901821475,17819901901220,17819906129017,4.426414,0.079745,4.227797,3840
live,182,17819911702603,17819911822047,17819912072226,17819916119157,4.416554,0.250179,4.046931,3840
live,183,17819921702603,17819921827067,17819921910556,17819926282355,4.579752,0.083489,4.371799,3840
live,184,17819931702603,17819931822871,17819931926777,17819936062700,4.360097,0.103906,4.135923,3840
live,185,17819941702603,17819941888276,17819942156824,17819946276459,4.573856,0.268548,4.119635,3840
live,186,17819951702603,17819951865680,17819951974161,17819957383636,5.681033,0.108481,5.409475,3840
live,187,17819961702603,17819961844908,17819961930125,17819966380196,4.677593,0.085217,4.450071,3840
live,188,17819971702603,17819971830439,17819971916425,17819976950695,5.248092,0.085986,5.03427,3840
live,189,17819981702603,17819981823395,17819981895972,17819986104664,4.402061,0.072577,4.208692,3840
live,190,17819991702603,17819991822239,17819991891040,17819996084372,4.381769,0.068801,4.193332,3840
live,191,17820001702603,17820001820987,17820001894620,17820006353716,4.651113,0.073633,4.459096,3840
live,192,17820011702603,17820011825495,17820011909304,17820016204270,4.501667,0.083809,4.294966,3840
live,193,17820021702603,17820021827987,17820021912148,17820027060948,5.358345,0.084161,5.1488,3840
live,194,17820031702603,17820031807759,17820031875568,17820036452329,4.749726,0.067809,4.576761,3840
live,195,17820041702603,17820041820459,17820041883244,17820046129825,4.427222,0.062785,4.246581,3840
live,196,17820051702603,17820051817479,17820051880424,17820056125085,4.422482,0.062945,4.244661,3840
live,197,17820061702603,17820061820675,17820061883332,17820066190905,4.488302,0.062657,4.307573,3840
live,198,17820071702603,17820071906528,17820072039170,17820076825501,5.122898,0.132642,4.786331,3840
live,199,17820081702603,17820082708070,17820082837320,17820096195950,14.493347,0.12925,13.35863,3840
replay,199,17820081702603,17820082758983,17820083004202,17820094836701,13.134098,0.245219,11.832499,292352
live,200,17820091702603,17820092322878,17820096322831,17820103614090,11.911487,3.999953,7.291259,3840
live,201,17820101702603,17820101900148,17820103714219,17820107700188,5.997585,1.814071,3.985969,3840
live,202,17820111702603,17820111819855,17820111886608,17820115578302,3.875699,0.066753,3.691694,3840
live,203,17820121702603,17820121812939,17820121880108,17820126580518,4.877915,0.067169,4.70041,3840
live,204,17820131702603,17820131819367,17820131887784,17820135817465,4.114862,0.068417,3.929681,3840
live,205,17820141702603,17820141814755,17820141881892,17820145774164,4.071561,0.067137,3.892272,3840
live,206,17820151702603,17820151816991,17820151895232,17820155906130,4.203527,0.078241,4.010898,3840
live,207,17820161702603,17820161802491,17820162027102,17820166200658,4.498055,0.224611,4.173556,3840
live,208,17820171702603,17820171817655,17820171904984,17820176856022,5.153419,0.087329,4.951038,3840
live,209,17820181702603,17820181824211,17820181898388,17820186169545,4.466942,0.074177,4.271157,3840
live,210,17820191702603,17820191821455,17820192077138,17820196952367,5.249764,0.255683,4.875229,3840
live,211,17820201702603,17820201816843,17820201891564,17820206340291,4.637688,0.074721,4.448727,3840
live,212,17820211702603,17820211821223,17820211888840,17820216449025,4.746422,0.067617,4.560185,3840
live,213,17820221702603,17820221820643,17820221895108,17820226534174,4.831571,0.074465,4.639066,3840
live,214,17820231702603,17820231820831,17820231888896,17820236182901,4.480298,0.068065,4.294005,3840
live,215,17820241702603,17820241822427,17820241899420,17820246403796,4.701193,0.076993,4.504376,3840
live,216,17820251702603,17820251823575,17820252088731,17820256495953,4.79335,0.265156,4.407222,3840
live,217,17820261702603,17820261817811,17820261893428,17820266345739,4.643136,0.075617,4.452311,3840
live,218,17820271702603,17820271821199,17820271902512,17820276204774,4.502171,0.081313,4.302262,3840
live,219,17820281702603,17820281821259,17820282087727,17820287150733,5.44813,0.266468,5.063006,3840
live,220,17820291702603,17820291799495,17820291864840,17820299513799,7.811196,0.065345,7.648959,3840
live,221,17820301702603,17820301815715,17820301886052,17820305956374,4.253771,0.070337,4.070322,3840
live,222,17820311702603,17820311816671,17820311873856,17820315807217,4.104614,0.057185,3.933361,3840
live,223,17820321702603,17820321809243,17820321876636,17820325844365,4.141762,0.067393,3.967729,3840
live,224,17820331702603,17820331822583,17820332084794,17820336305071,4.602468,0.262211,4.220277,3840
live,225,17820341702603,17820341819155,17820341893524,17820346062856,4.360253,0.074369,4.169332,3840
live,226,17820351702603,17820351819983,17820351895760,17820355847201,4.144598,0.075777,3.951441,3840
live,227,17820361702603,17820361819147,17820362071790,17820366140257,4.437654,0.252643,4.068467,3840
live,228,17820371702603,17820371842215,17820371922568,17820375931706,4.229103,0.080353,4.009138,3840
live,229,17820381702603,17820381837571,17820382092039,17820385044363,3.34176,0.254468,2.952324,3840
live,230,17820391702603,17820391863328,17820391981697,17820396797565,5.094962,0.118369,4.815868,3840
live,231,17820401702603,17820401844443,17820401930077,17820406416884,4.714281,0.085634,4.486807,3840
live,232,17820411702603,17820411828535,17820411902520,17820416115244,4.412641,0.073985,4.212724,3840
live,233,17820421702603,17820421825107,17820421901364,17820426684911,4.982308,0.076257,4.783547,3840
live,234,17820431702603,17820431825135,17820431902032,17820436231334,4.528731,0.076897,4.329302,3840
live,235,17820441702603,17820441824267,17820441905260,17820446299875,4.597272,0.080993,4.394615,3840
live,236,17820451702603,17820451824135,17820451907464,17820456224734,4.522131,0.083329,4.31727,3840
live,237,17820461702603,17820461829603,17820462096551,17820466799265,5.096662,0.266948,4.702714,3840
live,238,17820471702603,17820471799967,17820471875712,17820476512825,4.810222,0.075745,4.637113,3840
live,239,17820481702603,17820481824443,17820481909788,17820486401812,4.699209,0.085345,4.492024,3840
live,240,17820491702603,17820491825271,17820491907704,17820497904675,6.202072,0.082433,5.996971,3840
live,241,17820501702603,17820501820787,17820502080342,17820506467085,4.764482,0.259555,4.386743,3840
live,242,17820511702603,17820511815087,17820511888656,17820516129669,4.427066,0.073569,4.241013,3840
live,243,17820521702603,17820521822987,17820521899180,17820526427076,4.724473,0.076193,4.527896,3840
live,244,17820531702603,17820531821575,17820532065034,17820536248702,4.546099,0.243459,4.183668,3840
live,245,17820541702603,17820541816003,17820541894340,17820546420412,4.717809,0.078337,4.526072,3840
live,246,17820551702603,17820551816127,17820552062978,17820556133941,4.431338,0.246851,4.070963,3840
live,247,17820561702603,17820561815707,17820561892508,17820566372116,4.669513,0.076801,4.479608,3840
live,248,17820571702603,17820571820567,17820571892824,17820576151085,4.448482,0.072257,4.258261,3840
live,249,17820581702603,17820581903380,17820582220408,17820587763581,6.060978,0.317028,5.543173,3840
live,250,17820591702603,17820591806991,17820591871184,17820596167173,4.46457,0.064193,4.295989,3840
live,251,17820601702603,17820601821131,17820601899788,17820606266658,4.564055,0.078657,4.36687,3840
live,252,17820611702603,17820611820551,17820611904296,17820615868953,4.16635,0.083745,3.964657,3840
live,253,17820621702603,17820621819587,17820621905124,17820626350587,4.647984,0.085537,4.445463,3840
live,254,17820631702603,17820631822367,17820632078082,17820637160833,5.45823,0.255715,5.082751,3840
live,255,17820641702603,17820641817723,17820641892316,17820646108624,4.406021,0.074593,4.216308,3840
live,256,17820651702603,17820651819479,17820651891544,17820656068812,4.366209,0.072065,4.177268,3840
live,257,17820661702603,17820661820307,17820662076982,17820666171369,4.468766,0.256675,4.094387,3840
live,258,17820671702603,17820671812719,17820671891760,17820675860097,4.157494,0.079041,3.968337,3840
live,259,17820681702603,17820681820651,17820682079022,17820687706772,6.004169,0.258371,5.62775,3840
live,260,17820691702603,17820691800071,17820691867240,17820697825106,6.122503,0.067169,5.957866,3840
live,261,17820701702603,17820701816387,17820701887108,17820706038807,4.336204,0.070721,4.151699,3840
live,262,17820711702603,17820711816063,17820711882272,17820716135893,4.43329,0.066209,4.253621,3840
live,263,17820721702603,17820721819195,17820722071582,17820726128080,4.425477,0.252387,4.056498,3840
live,264,17820731702603,17820731813527,17820731888440,17820735894218,4.191615,0.074913,4.005778,3840
live,265,17820741702603,17820741821619,17820741901844,17820746191785,4.489182,0.080225,4.289941,3840
live,266,17820751702603,17820751827023,17820752083154,17820756393224,4.690621,0.256131,4.31007,3840
live,267,17820761702603,17820761816779,17820761891756,17820766394020,4.691417,0.074977,4.502264,3840
live,268,17820771702603,17820771819751,17820771879784,17820776086588,4.383985,0.060033,4.206804,3840
live,269,17820781702603,17820781821507,17820782086694,17820786359771,4.657168,0.265187,4.273077,3840
live,270,17820791702603,17820791816415,17820791895968,17820795982451,4.279848,0.079553,4.086483,3840
live,271,17820801702603,17820801820699,17820802075518,17820806184177,4.481574,0.254819,4.108659,3840
live,272,17820811702603,17820811813271,17820811888600,17820815883305,4.180702,0.075329,3.994705,3840
live,273,17820821702603,17820821815443,17820821890836,17820826039463,4.33686,0.075393,4.148627,3840
live,274,17820831702603,17820831823439,17820831940273,17820836888782,5.186179,0.116834,4.948509,3840
live,275,17820841702603,17820841826507,17820841911628,17820847054220,5.351617,0.085121,5.142592,3840
live,276,17820851702603,17820851823655,17820851897448,17820856151645,4.449042,0.073793,4.254197,3840
live,277,17820861702603,17820861822403,17820861889284,17820866325787,4.623184,0.066881,4.436503,3840
live,278,17820871702603,17820871819903,17820871903104,17820876234038,4.531435,0.083201,4.330934,3840
live,279,17820881702603,17820881865148,17820881964125,17820886359475,4.656872,0.098977,4.39535,3840
live,280,17820891702603,17820891845911,17820892117819,17820898324648,6.622045,0.271908,6.206829,3840
live,281,17820901702603,17820901823379,17820901903316,17820906188777,4.486174,0.079937,4.285461,3840
live,282,17820911702603,17820911822639,17820911899472,17820916098436,4.395833,0.076833,4.198964,3840
live,283,17820921702603,17820921820843,17820922078350,17820926147777,4.445174,0.257507,4.069427,3840
live,284,17820931702603,17820931815335,17820931893576,17820935909370,4.206767,0.078241,4.015794,3840
live,285,17820941702603,17820941819267,17820942066566,17820946248826,4.546223,0.247299,4.18226,3840
live,286,17820951702603,17820951814239,17820951891008,17820955929554,4.226951,0.076769,4.038546,3840
live,287,17820961702603,17820961823259,17820961903548,17820966353843,4.65124,0.080289,4.450295,3840
live,288,17820971702603,17820971819767,17820972073370,17820976088524,4.385921,0.253603,4.015154,3840
live,289,17820981702603,17820981816563,17820981899316,17820986430828,4.728225,0.082753,4.531512,3840
live,290,17820991702603,17820991825231,17820991920912,17820995970658,4.268055,0.095681,4.049746,3840
live,291,17821001702603,17821001832651,17821002091726,17821006498117,4.795514,0.259075,4.406391,3840
live,292,17821011702603,17821011819367,17821011888872,17821016113052,4.410449,0.069505,4.22418,3840
live,293,17821021702603,17821021828195,17821022084454,17821027125381,5.422778,0.256259,5.040927,3840
live,294,17821031702603,17821031799327,17821031865760,17821036202453,4.49985,0.066433,4.336693,3840
live,295,17821041702603,17821041823899,17821041904668,17821046697911,4.995308,0.080769,4.793243,3840
live,296,17821051702603,17821051865752,17821051977561,17821057055896,5.353293,0.111809,5.078335,3840
live,297,17821061702603,17821061873684,17821061987925,17821066850321,5.147718,0.114241,4.862396,3840
live,298,17821071702603,17821071873488,17821071971537,17821076270470,4.567867,0.098049,4.298933,3840
replay,299,17821081702603,17821082145199,17821082233872,17821096201053,14.49845,0.088673,13.967181,292352
live,299,17821081702603,17821082092494,17821082426770,17821096088156,14.385553,0.334276,13.661386,3840
live,300,17821091702603,17821092254796,17821096344383,17821103924381,12.221778,4.089587,7.579998,3840
live,301,17821101702603,17821101892004,17821103987646,17821106485885,4.783282,2.095642,2.498239,3840
live,302,17821111702603,17821111831007,17821111908064,17821115680047,3.977444,0.077057,3.771983,3840
live,303,17821121702603,17821121817403,17821121882140,17821125659947,3.957344,0.064737,3.777807,3840
live,304,17821131702603,17821131840151,17821131915448,17821135657511,3.954908,0.075297,3.742063,3840
live,305,17821141702603,17821141830835,17821141907348,17821146643631,4.941028,0.076513,4.736283,3840
live,306,17821151702603,17821151820879,17821151892112,17821155834017,4.131414,0.071233,3.941905,3840
live,307,17821161702603,17821161818219,17821161891244,17821165828221,4.125618,0.073025,3.936977,3840
live,308,17821171702603,17821171822791,17821171905352,17821175973530,4.270927,0.082561,4.068178,3840
live,309,17821181702603,17821181825443,17821182081958,17821186187353,4.48475,0.256515,4.105395,3840
live,310,17821191702603,17821191817087,17821191899168,17821197913546,6.210943,0.082081,6.014378,3840
live,311,17821201702603,17821201823963,17821201906556,17821206639063,4.93646,0.082593,4.732507,3840
live,312,17821211702603,17821211821751,17821211896664,17821216722964,5.020361,0.074913,4.8263,3840
live,313,17821221702603,17821221818835,17821221889460,17821226120936,4.418333,0.070625,4.231476,3840
live,314,17821231702603,17821231820975,17821231891856,17821236059715,4.357112,0.070881,4.167859,3840
live,315,17821241702603,17821241821067,17821241904300,17821246388740,4.686137,0.083233,4.48444,3840
live,316,17821251702603,17821251833255,17821252106506,17821257521262,5.818659,0.273251,5.414756,3840
live,317,17821261702603,17821261818531,17821261894628,17821266349339,4.646736,0.076097,4.454711,3840
live,318,17821271702603,17821271864767,17821271977441,17821275945266,4.242663,0.112674,3.967825,3840
live,319,17821281702603,17821281862171,17821282139135,17821286314227,4.611624,0.276964,4.175092,3840
live,320,17821291702603,17821291825495,17821291909848,17821297321307,5.618704,0.084353,5.411459,3840
live,321,17821301702603,17821301826323,17821302077718,17821306092456,4.389853,0.251395,4.014738,3840
live,322,17821311702603,17821311815503,17821312056882,17821317553878,5.851275,0.241379,5.496996,3840
live,323,17821321702603,17821321814763,17821322055790,17821326094112,4.391509,0.241027,4.038322,3840
live,324,17821331702603,17821331810279,17821331873896,17821335618198,3.915595,0.063617,3.744302,3840
live,325,17821341702603,17821341811779,17821341879908,17821345652402,3.949799,0.068129,3.772494,3840
live,326,17821351702603,17821351816671,17821351892480,17821355669199,3.966596,0.075809,3.776719,3840
live,327,17821361702603,17821361817435,17821361890524,17821365727211,4.024608,0.073089,3.836687,3840
live,328,17821371702603,17821371815447,17821371875896,17821376170253,4.46765,0.060449,4.294357,3840
live,329,17821381702603,17821381815475,17821381874580,17821385809988,4.107385,0.059105,3.935408,3840
live,330,17821391702603,17821391815407,17821391877328,17821395781216,4.078613,0.061921,3.903888,3840
live,331,17821401702603,17821401819179,17821402079054,17821406259810,4.557207,0.259875,4.180756,3840
live,332,17821411702603,17821411816615,17821412071402,17821416137756,4.435153,0.254787,4.066354,3840
live,333,17821421702603,17821421818147,17821421895396,17821426141144,4.438541,0.077249,4.245748,3840
live,334,17821431702603,17821431818239,17821431894912,17821435775184,4.072581,0.076673,3.880272,3840
live,335,17821441702603,17821441817275,17821441889116,17821446126384,4.423781,0.071841,4.237268,3840
live,336,17821451702603,17821451823511,17821451907000,17821456581298,4.878695,0.083489,4.674298,3840
live,337,17821461702603,17821461819411,17821461891188,17821466081320,4.378717,0.071777,4.190132,3840
live,338,17821471702603,17821471821391,17821471905552,17821476173093,4.47049,0.084161,4.267541,3840
live,339,17821481702603,17821481819595,17821481881612,17821486081248,4.378645,0.062017,4.199636,3840
live,340,17821491702603,17821491827207,17821491894568,17821497931891,6.229288,0.067361,6.037323,3840
live,341,17821501702603,17821501818179,17821503100659,17821507605259,5.902656,1.28248,4.5046,3840
live,342,17821511702603,17821511815839,17821511901056,17821516483065,4.780462,0.085217,4.582009,3840
live,343,17821521702603,17821521819611,17821521891164,17821526028079,4.325476,0.071553,4.136915,3840
live,344,17821531702603,17821531817943,17821531889112,17821535855817,4.153214,0.071169,3.966705,3840
live,345,17821541702603,17821541813427,17821541880948,17821545769348,4.066745,0.067521,3.8884,3840
live,346,17821551702603,17821551817135,17821551898224,17821556988559,5.285956,0.081089,5.090335,3840
live,347,17821561702603,17821561819563,17821561882924,17821566055103,4.3525,0.063361,4.172179,3840
live,348,17821571702603,17821571819879,17821571883176,17821576041979,4.339376,0.063297,4.158803,3840
live,349,17821581702603,17821581817667,17821581885252,17821585993207,4.290604,0.067585,4.107955,3840
live,350,17821591702603,17821591819071,17821591882112,17821596055731,4.353128,0.063041,4.173619,3840
live,351,17821601702603,17821601826907,17821602091454,17821607305727,5.603124,0.264547,5.214273,3840
live,352,17821611702603,17821611816119,17821611893336,17821616182157,4.479554,0.077217,4.288821,3840
live,353,17821621702603,17821621819443,17821621896948,17821626294634,4.592031,0.077505,4.397686,3840
live,354,17821631702603,17821631821615,17821631904944,17821636537289,4.834686,0.083329,4.632345,3840
live,355,17821641702603,17821641833707,17821641919244,17821646378595,4.675992,0.085537,4.459351,3840
live,356,17821651702603,17821651823719,17821651906664,17821656503201,4.800598,0.082945,4.596537,3840
live,357,17821661702603,17821661823171,17821661902628,17821666459740,4.757137,0.079457,4.557112,3840
live,358,17821671702603,17821671824927,17821671907040,17821676934142,5.231539,0.082113,5.027102,3840
live,359,17821681702603,17821681803003,17821681863579,17821686083760,4.381157,0.060576,4.220181,3840
live,360,17821691702603,17821691819703,17821691884504,17821697684959,5.982356,0.064801,5.800455,3840
live,361,17821701702603,17821701819987,17821701900340,17821706469932,4.767329,0.080353,4.569592,3840
live,362,17821711702603,17821711826607,17821711903952,17821716235078,4.532475,0.077345,4.331126,3840
live,363,17821721702603,17821721801835,17821721846667,17821725574169,3.871566,0.044832,3.727502,3840
live,364,17821731702603,17821731818375,17821731906824,17821736277310,4.574707,0.088449,4.370486,3840
live,365,17821741702603,17821741823203,17821741886500,17821746163417,4.460814,0.063297,4.276917,3840
live,366,17821751702603,17821751819711,17821751880640,17821756155157,4.452554,0.060929,4.274517,3840
live,367,17821761702603,17821761819323,17821761901020,17821766509973,4.80737,0.081697,4.608953,3840
live,368,17821771702603,17821771828983,17821771892856,17821776699411,4.996808,0.063873,4.806555,3840
live,369,17821781702603,17821781822611,17821781884916,17821786320971,4.618368,0.062305,4.436055,3840
live,370,17821791702603,17821791821391,17821791885904,17821796936462,5.233859,0.064513,5.050558,3840
live,371,17821801702603,17821801833611,17821802109966,17821806734216,5.031613,0.276355,4.62425,3840
live,372,17821811702603,17821811822279,17821812084778,17821816567010,4.864407,0.262499,4.482232,3840
live,373,17821821702603,17821821820899,17821821898916,17821826453372,4.750769,0.078017,4.554456,3840
live,374,17821831702603,17821831824319,17821831898848,17821836768060,5.065457,0.074529,4.869212,3840
live,375,17821841702603,17821841818363,17821841900444,17821846312914,4.610311,0.082081,4.41247,3840
live,376,17821851702603,17821851821527,17821851903864,17821856631186,4.928583,0.082337,4.727322,3840
live,377,17821861702603,17821861829139,17821861907700,17821866387947,4.685344,0.078561,4.480247,3840
live,378,17821871702603,17821871824751,17821871907920,17821876195173,4.49257,0.083169,4.287253,3840
live,379,17821881702603,17821881818635,17821881882892,17821886123104,4.420501,0.064257,4.240212,3840
live,380,17821891702603,17821891850055,17821891926824,17821897792465,6.089862,0.076769,5.865641,3840
live,381,17821901702603,17821901851523,17821902117062,17821906527197,4.824594,0.265539,4.410135,3840
live,382,17821911702603,17821911822751,17821912082914,17821916513209,4.810606,0.260163,4.430295,3840
live,383,17821921702603,17821921820763,17821921899708,17821926403892,4.701289,0.078945,4.504184,3840
live,384,17821931702603,17821931822583,17821931885144,17821936125356,4.422753,0.062561,4.240212,3840
live,385,17821941702603,17821941819763,17821941903444,17821946353259,4.650656,0.083681,4.449815,3840
live,386,17821951702603,17821951821871,17821951905392,17821955970594,4.267991,0.083521,4.065202,3840
live,387,17821961702603,17821961825419,17821961902284,17821966410276,4.707673,0.076865,4.507992,3840
live,388,17821971702603,17821971826087,17821971913928,17821976594658,4.892055,0.087841,4.68073,3840
live,389,17821981702603,17821981819427,17821981880323,17821986139064,4.436461,0.060896,4.258741,3840
live,390,17821991702603,17821991817599,17821991880799,17821996121460,4.418857,0.0632,4.240661,3840
live,391,17822001702603,17822001825083,17822002088510,17822006594966,4.892363,0.263427,4.506456,3840
live,392,17822011702603,17822011923192,17822012318141,17822018029604,6.327001,0.394949,5.711463,3840
live,393,17822021702603,17822021827635,17822021913940,17822026347723,4.64512,0.086305,4.433783,3840
live,394,17822031702603,17822031822927,17822031902576,17822036086692,4.384089,0.079649,4.184116,3840
live,395,17822041702603,17822041823723,17822041900684,17822046322179,4.619576,0.076961,4.421495,3840
live,396,17822051702603,17822051821863,17822051904520,17822056203933,4.50133,0.082657,4.299413,3840
live,397,17822061702603,17822061821283,17822061897124,17822067203877,5.501274,0.075841,5.306753,3840
live,398,17822071702603,17822071823775,17822071906016,17822076261846,4.559243,0.082241,4.35583,3840
live,399,17822081702603,17822082083806,17822082204223,17822095105919,13.403316,0.120417,12.901696,3840
replay,399,17822081702603,17822082122494,17822082400066,17822094147988,12.445385,0.277572,11.747922,292352
live,400,17822091702603,17822092337501,17822095215649,17822101761362,10.058759,2.878148,6.545713,3840
live,401,17822101702603,17822101845299,17822101960756,17822105888869,4.186266,0.115457,3.928113,3840
live,402,17822111702603,17822111819311,17822112061010,17822115650206,3.947603,0.241699,3.589196,3840
live,403,17822121702603,17822121811275,17822122050830,17822125838044,4.135441,0.239555,3.787214,3840
live,404,17822131702603,17822131811303,17822131888232,17822135529781,3.827178,0.076929,3.641549,3840
live,405,17822141702603,17822141816643,17822141885283,17822145855765,4.153162,0.06864,3.970482,3840
live,406,17822151702603,17822151818239,17822151901280,17822155642222,3.939619,0.083041,3.740942,3840
live,407,17822161702603,17822161815163,17822161887100,17822165796140,4.093537,0.071937,3.90904,3840
live,408,17822171702603,17822171819127,17822171888664,17822175892361,4.189758,0.069537,4.003697,3840
live,409,17822181702603,17822181819987,17822182081494,17822186560045,4.857442,0.261507,4.478551,3840
live,410,17822191702603,17822191830127,17822191914000,17822195984386,4.281783,0.083873,4.070386,3840
live,411,17822201702603,17822201825803,17822201900812,17822206142272,4.439669,0.075009,4.24146,3840
live,412,17822211702603,17822211818535,17822212068874,17822216133052,4.430449,0.250339,4.064178,3840
live,413,17822221702603,17822221819171,17822221900612,17822226191609,4.489006,0.081441,4.290997,3840
live,414,17822231702603,17822231825439,17822232079522,17822236120980,4.418377,0.254083,4.041458,3840
live,415,17822241702603,17822241817435,17822241897148,17822246421652,4.719049,0.079713,4.524504,3840
live,416,17822251702603,17822251820727,17822251893560,17822256167597,4.464994,0.072833,4.274037,3840
live,417,17822261702603,17822261820115,17822262073686,17822266164105,4.461502,0.253571,4.090419,3840
live,418,17822271702603,17822271817327,17822271898576,17822275941282,4.238679,0.081249,4.042706,3840
live,419,17822281702603,17822281820043,17822281888492,17822285969886,4.267283,0.068449,4.081394,3840
live,420,17822291702603,17822291822375,17822292083594,17822298009395,6.306792,0.261219,5.925801,3840
live,421,17822301702603,17822301816803,17822301888740,17822306011351,4.308748,0.071937,4.122611,3840
live,422,17822311702603,17822311815967,17822312066562,17822316111764,4.409161,0.250595,4.045202,3840
live,423,17822321702603,17822321821339,17822321903260,17822326199985,4.497382,0.081921,4.296725,3840
live,424,17822331702603,17822331822583,17822331902936,17822335810568,4.107965,0.080353,3.907632,3840
live,425,17822341702603,17822341819251,17822342072118,17822346178505,4.475902,0.252867,4.106387,3840
live,426,17822351702603,17822351815407,17822351891216,17822355888801,4.186198,0.075809,3.997585,3840
live,427,17822361702603,17822361818187,17822361896780,17822366057055,4.354452,0.078593,4.160275,3840
live,428,17822371702603,17822371823175,17822372085322,17822377147881,5.445278,0.262147,5.062559,3840
live,429,17822381702603,17822381815139,17822381889604,17822386166425,4.463822,0.074465,4.276821,3840
live,430,17822391702603,17822391822015,17822391920128,17822396060243,4.35764,0.098113,4.140115,3840
live,431,17822401702603,17822401863547,17822401964348,17822406503925,4.801322,0.100801,4.539577,3840
live,432,17822411702603,17822411848759,17822411944216,17822416270990,4.568387,0.095457,4.326774,3840
live,433,17822421702603,17822421836531,17822422103894,17822426564141,4.861538,0.267363,4.460247,3840
live,434,17822431702603,17822431824463,17822431911056,17822436251014,4.548411,0.086593,4.339958,3840
live,435,17822441702603,17822441827947,17822441904044,17822446357059,4.654456,0.076097,4.453015,3840
live,436,17822451702603,17822451826215,17822452091850,17822456511777,4.809174,0.265635,4.419927,3840
live,437,17822461702603,17822461818147,17822461894916,17822466335835,4.633232,0.076769,4.440919,3840
live,438,17822471702603,17822471824959,17822472089314,17822476606074,4.903471,0.264355,4.51676,3840
live,439,17822481702603,17822481822651,17822481905084,17822486338387,4.635784,0.082433,4.433303,3840
live,440,17822491702603,17822491824663,17822491907960,17822497929442,6.226839,0.083297,6.021482,3840
live,441,17822501702603,17822501821779,17822501892148,17822506096200,4.393597,0.070369,4.204052,3840
live,442,17822511702603,17822511818063,17822511895600,17822516091236,4.388633,0.077537,4.195636,3840
live,443,17822521702603,17822521830891,17822521985741,17822526952298,5.249695,0.15485,4.966557,3840
live,444,17822531702603,17822531823719,17822531884487,17822536068411,4.365808,0.060768,4.183924,3840
live,445,17822541702603,17822541817219,17822541882051,17822546093240,4.390637,0.064832,4.211189,3840
live,446,17822551702603,17822551820063,17822551904576,17822555806608,4.104005,0.084513,3.902032,3840
live,447,17822561702603,17822561818971,17822561892668,17822566116080,4.413477,0.073697,4.223412,3840
live,448,17822571702603,17822571818839,17822571882295,17822578077636,6.375033,0.063456,6.195341,3840
live,449,17822581702603,17822581823699,17822581890899,17822586415212,4.712609,0.0672,4.524313,3840
live,450,17822591702603,17822591820175,17822591884623,17822597437012,5.734409,0.064448,5.552389,3840
live,451,17822601702603,17822601816139,17822601891147,17822606321122,4.618519,0.075008,4.429975,3840
live,452,17822611702603,17822611818759,17822611904072,17822616049563,4.34696,0.085313,4.145491,3840
live,453,17822621702603,17822621867523,17822621973253,17822628737784,7.035181,0.10573,6.764531,3840
live,454,17822631702603,17822631827807,17822631903488,17822636759740,5.057137,0.075681,4.856252,3840
live,455,17822641702603,17822641823419,17822641900476,17822646163984,4.461381,0.077057,4.263508,3840
live,456,17822651702603,17822651853367,17822651935352,17822656260078,4.557475,0.081985,4.324726,3840
live,457,17822661702603,17822661842003,17822661924116,17822666403563,4.70096,0.082113,4.479447,3840
live,458,17822671702603,17822671825519,17822671895216,17822676139300,4.436697,0.069697,4.244084,3840
live,459,17822681702603,17822681823179,17822681904652,17822686423812,4.721209,0.081473,4.51916,3840
live,460,17822691702603,17822691826343,17822691908456,17822697951059,6.248456,0.082113,6.042603,3840
live,461,17822701702603,17822701823331,17822701903108,17822706189977,4.487374,0.079777,4.286869,3840
live,462,17822711702603,17822711821407,17822711880031,17822716074003,4.3714,0.058624,4.193972,3840
live,463,17822721702603,17822721815355,17822721890491,17822726134000,4.431397,0.075136,4.243509,3840
live,464,17822731702603,17822731822743,17822731906072,17822735899337,4.196734,0.083329,3.993265,3840
live,465,17822741702603,17822741822579,17822741898356,17822746113672,4.411069,0.075777,4.215316,3840
live,466,17822751702603,17822751820687,17822751884751,17822756410088,4.707485,0.064064,4.525337,3840
live,467,17822761702603,17822761818923,17822761882699,17822765962366,4.259763,0.063776,4.079667,3840
live,468,17822771702603,17822771825863,17822771886375,17822777149065,5.446462,0.060512,5.26269,3840
live,469,17822781702603,17822781820355,17822782081734,17822786641022,4.938419,0.261379,4.559288,3840
live,470,17822791702603,17822791817503,17822792077890,17822796563001,4.860398,0.260387,4.485111,3840
live,471,17822801702603,17822801817307,17822802078014,17822806688791,4.986188,0.260707,4.610777,3840
live,472,17822811702603,17822811816631,17822812065306,17822816446000,4.743397,0.248675,4.380694,3840
live,473,17822821702603,17822821825203,17822822081462,17822826325866,4.623263,0.256259,4.244404,3840
live,474,17822831702603,17822831817423,17822831896944,17822835472892,3.770289,0.079521,3.575948,3840
live,475,17822841702603,17822841826315,17822842089774,17822846554309,4.851706,0.263459,4.464535,3840
live,476,17822851702603,17822851836263,17822851929128,17822857475053,5.77245,0.092865,5.545925,3840
live,477,17822861702603,17822861825827,17822861901508,17822866335611,4.633008,0.075681,4.434103,3840
live,478,17822871702603,17822871823007,17822871894880,17822876197781,4.495178,0.071873,4.302901,3840
live,479,17822881702603,17822881827163,17822881914652,17822886405779,4.703176,0.087489,4.491127,3840
live,480,17822891702603,17822891822391,17822891895288,17822897716960,6.014357,0.072897,5.821672,3840
live,481,17822901702603,17822901818803,17822902075894,17822906444780,4.742177,0.257091,4.368886,3840
live,482,17822911702603,17822911817135,17822911888527,17822916107332,4.404729,0.071392,4.218805,3840
live,483,17822921702603,17822921816011,17822922065070,17822926142528,4.439925,0.249059,4.077458,3840
live,484,17822931702603,17822931825671,17822931940360,17822936501921,4.799318,0.114689,4.561561,3840
live,485,17822941702603,17822941822563,17822941891875,17822945945142,4.242539,0.069312,4.053267,3840
live,486,17822951702603,17822951825375,17822952089762,17822956759164,5.056561,0.264387,4.669402,3840
live,487,17822961702603,17822961813627,17822961882843,17822966111088,4.408485,0.069216,4.228245,3840
live,488,17822971702603,17822971818647,17822971881527,17822977610174,5.907571,0.06288,5.728647,3840
live,489,17822981702603,17822981820627,17822981903444,17822987214901,5.512298,0.082817,5.311457,3840
live,490,17822991702603,17822991822159,17822991895184,17822996199653,4.49705,0.073025,4.304469,3840
live,491,17823001702603,17823001817675,17823001886091,17823006140960,4.438357,0.068416,4.254869,3840
live,492,17823011702603,17823011816967,17823012065738,17823016107804,4.405201,0.248771,4.042066,3840
live,493,17823021702603,17823021814179,17823021878211,17823026160088,4.457485,0.064032,4.281877,3840
live,494,17823031702603,17823031815551,17823031893023,17823037593862,5.891259,0.077472,5.700839,3840
live,495,17823041702603,17823041824795,17823041906684,17823046570965,4.868362,0.081889,4.664281,3840
live,496,17823051702603,17823051819159,17823051893431,17823056168909,4.466306,0.074272,4.275478,3840
live,497,17823061702603,17823061864051,17823061966068,17823066394219,4.691616,0.102017,4.428151,3840
live,498,17823071702603,17823071846671,17823072104370,17823076255846,4.553243,0.257699,4.151476,3840
replay,499,17823081702603,17823082130670,17823082214479,17823094996206,13.293603,0.083809,12.781727,292352
live,499,17823081702603,17823082078606,17823082460339,17823096071707,14.369104,0.381733,13.611368,3840
live,500,17823091702603,17823092188747,17823096185597,17823102620077,10.917474,3.99685,6.43448,3840
live,501,17823101702603,17823101917124,17823102713390,17823106549597,4.846994,0.796266,3.836207,3840
live,502,17823111702603,17823111823647,17823111887551,17823115633934,3.931331,0.063904,3.746383,3840
live,503,17823121702603,17823121813755,17823121885019,17823125545033,3.84243,0.071264,3.660014,3840
live,504,17823131702603,17823131815703,17823131888599,17823135646182,3.943579,0.072896,3.757583,3840
live,505,17823141702603,17823141817587,17823141892211,17823145806084,4.103481,0.074624,3.913873,3840
live,506,17823151702603,17823151824495,17823151905808,17823155834880,4.132277,0.081313,3.929072,3840
live,507,17823161702603,17823161819211,17823162072110,17823166127584,4.424981,0.252899,4.055474,3840
live,508,17823171702603,17823171815207,17823171892999,17823175933082,4.230479,0.077792,4.040083,3840
live,509,17823181702603,17823181820323,17823181901860,17823186435868,4.733265,0.081537,4.534008,3840
live,510,17823191702603,17823191820095,17823192073058,17823196671195,4.968592,0.252963,4.598137,3840
live,511,17823201702603,17823201817115,17823201890971,17823206362803,4.6602,0.073856,4.471832,3840
live,512,17823211702603,17823211822135,17823211894424,17823216140556,4.437953,0.072289,4.246132,3840
live,513,17823221702603,17823221823475,17823221900084,17823226430284,4.727681,0.076609,4.5302,3840
live,514,17823231702603,17823231820527,17823232084466,17823236433704,4.731101,0.263939,4.349238,3840
live,515,17823241702603,17823241870795,17823242143503,17823246709543,5.00694,0.272708,4.56604,3840
live,516,17823251702603,17823251822183,17823251903912,17823256731331,5.028728,0.081729,4.827419,3840
live,517,17823261702603,17823261823843,17823261905732,17823267887470,6.184867,0.081889,5.981738,3840
live,518,17823271702603,17823271821599,17823271899680,17823275506124,3.803521,0.078081,3.606444,3840
live,519,17823281702603,17823281819483,17823281895292,17823285893837,4.191234,0.075809,3.998545,3840
live,520,17823291702603,17823291820247,17823291904376,17823298420936,6.718333,0.084129,6.51656,3840
live,521,17823301702603,17823301833395,17823301905236,17823305790372,4.087769,0.071841,3.885136,3840
live,522,17823311702603,17823311817839,17823311884015,17823316744972,5.042369,0.066176,4.860957,3840
live,523,17823321702603,17823321816683,17823321888523,17823325925117,4.222514,0.07184,4.036594,3840
live,524,17823331702603,17823331818791,17823331897704,17823336358591,4.655988,0.078913,4.460887,3840
live,525,17823341702603,17823341803650,17823341866723,17823346890369,5.187766,0.063073,5.023646,3840
live,526,17823351702603,17823351817567,17823351887615,17823357570790,5.868187,0.070048,5.683175,3840
live,527,17823361702603,17823361819963,17823361894492,17823366695639,4.993036,0.074529,4.801147,3840
live,528,17823371702603,17823371822007,17823371893047,17823376153644,4.451041,0.07104,4.260597,3840
live,529,17823381702603,17823381824915,17823381901556,17823386427532,4.724929,0.076641,4.525976,3840
live,530,17823391702603,17823391819471,17823391888527,17823397258674,5.556071,0.069056,5.370147,3840
live,531,17823401702603,17823401818475,17823401896652,17823406224193,4.52159,0.078177,4.327541,3840
live,532,17823411702603,17823411846311,17823411926120,17823416654691,4.952088,0.079809,4.728571,3840
live,533,17823421702603,17823421837443,17823421909188,17823426076727,4.374124,0.071745,4.167539,3840
live,534,17823431702603,17823431834079,17823431914112,17823435965234,4.262631,0.080033,4.051122,3840
live,535,17823441702603,17823441822747,17823441898620,17823446187281,4.484678,0.075873,4.288661,3840
live,536,17823451702603,17823451822295,17823451889655,17823456322094,4.619491,0.06736,4.432439,3840
live,537,17823461702603,17823461815443,17823461883667,17823466288554,4.585951,0.068224,4.404887,3840
live,538,17823471702603,17823471817263,17823471895152,17823475931554,4.228951,0.077889,4.036402,3840
live,539,17823481702603,17823481816331,17823481887595,17823485978078,4.275475,0.071264,4.090483,3840
live,540,17823491702603,17823491818791,17823491895336,17823497664207,5.961604,0.076545,5.768871,3840
live,541,17823501702603,17823501861251,17823501956868,17823506143256,4.440653,0.095617,4.186388,3840
live,542,17823511702603,17823511833759,17823511921056,17823517161441,5.458838,0.087297,5.240385,3840
live,543,17823521702603,17823521842715,17823521929884,17823526237649,4.535046,0.087169,4.307765,3840
live,544,17823531702603,17823531833879,17823531916536,17823535986442,4.283839,0.082657,4.069906,3840
live,545,17823541702603,17823541827891,17823541909588,17823546371371,4.668768,0.081697,4.461783,3840
live,546,17823551702603,17823551824719,17823551905040,17823555907617,4.205014,0.080321,4.002577,3840
live,547,17823561702603,17823561815915,17823561874699,17823566301858,4.599255,0.058784,4.427159,3840
live,548,17823571702603,17823571814823,17823571873863,17823575873913,4.17131,0.05904,4.00005,3840
live,549,17823581702603,17823581801666,17823581852803,17823586010615,4.308012,0.051137,4.157812,3840
live,550,17823591702603,17823591815647,17823591891135,17823595960466,4.257863,0.075488,4.069331,3840
live,551,17823601702603,17823601827387,17823601909820,17823606446740,4.744137,0.082433,4.53692,3840
live,552,17823611702603,17823611823319,17823611884279,17823617148889,5.446286,0.06096,5.26461,3840
live,553,17823621702603,17823621817395,17823621904116,17823626532269,4.829666,0.086721,4.628153,3840
live,554,17823631702603,17823631822159,17823631896528,17823636637034,4.934431,0.074369,4.740506,3840
live,555,17823641702603,17823641822987,17823641898092,17823646386083,4.68348,0.075105,4.487991,3840
live,556,17823651702603,17823651820967,17823651898760,17823656283582,4.580979,0.077793,4.384822,3840
live,557,17823661702603,17823661828515,17823661907684,17823666375035,4.672432,0.079169,4.467351,3840
live,558,17823671702603,17823671879583,17823672022721,17823676523449,4.820846,0.143138,4.500728,3840
live,559,17823681702603,17823681844635,17823681932988,17823686361555,4.658952,0.088353,4.428567,3840
live,560,17823691702603,17823691827767,17823691914360,17823698356584,6.653981,0.086593,6.442224,3840
live,561,17823701702603,17823701971540,17823702047637,17823706422348,4.719745,0.076097,4.374711,3840
live,562,17823711702603,17823711806318,17823711872655,17823716244869,4.542266,0.066337,4.372214,3840
live,563,17823721702603,17823721815019,17823721884363,17823726398211,4.695608,0.069344,4.513848,3840
live,564,17823731702603,17823731819271,17823731900136,17823736500513,4.79791,0.080865,4.600377,3840
live,565,17823741702603,17823741830371,17823741905604,17823745927670,4.225067,0.075233,4.022066,3840
live,566,17823751702603,17823751822719,17823751884767,17823756962430,5.259827,0.062048,5.077663,3840
live,567,17823761702603,17823761820667,17823761894716,17823766598742,4.896139,0.074049,4.704026,3840
live,568,17823771702603,17823771820759,17823771908504,17823776417360,4.714757,0.087745,4.508856,3840
live,569,17823781702603,17823781803506,17823781856627,17823786056071,4.353468,0.053121,4.199444,3840
live,570,17823791702603,17823791820655,17823791880495,17823796597610,4.895007,0.05984,4.717115,3840
live,571,17823801702603,17823801818667,17823801887563,17823807077644,5.375041,0.068896,5.190081,3840
live,572,17823811702603,17823811805894,17823811868967,17823816332799,4.630196,0.063073,4.463832,3840
live,573,17823821702603,17823821814723,17823821890115,17823826320026,4.617423,0.075392,4.429911,3840
live,574,17823831702603,17823831815263,17823831892895,17823835986354,4.283751,0.077632,4.093459,3840
live,575,17823841702603,17823841815323,17823841886459,17823846615958,4.913355,0.071136,4.729499,3840
live,576,17823851702603,17823851817303,17823851888919,17823857479901,5.777298,0.071616,5.590982,3840
live,577,17823861702603,17823861820051,17823861890483,17823866755280,5.052677,0.070432,4.864797,3840
live,578,17823871702603,17823871820015,17823871886927,17823876323078,4.620475,0.066912,4.436151,3840
live,579,17823881702603,17823881820011,17823881898220,17823886496229,4.793626,0.078209,4.598009,3840
live,580,17823891702603,17823891821063,17823891894600,17823899272995,7.570392,0.073537,7.378395,3840
live,581,17823901702603,17823901801410,17823901873763,17823906746976,5.044373,0.072353,4.873213,3840
live,582,17823911702603,17823911818623,17823911883711,17823915988178,4.285575,0.065088,4.104467,3840
live,583,17823921702603,17823921817339,17823921888763,17823926128048,4.425445,0.071424,4.239285,3840
live,584,17823931702603,17823931817623,17823931892791,17823936343119,4.640516,0.075168,4.450328,3840
live,585,17823941702603,17823941818291,17823941888211,17823945906149,4.203546,0.06992,4.017938,3840
live,586,17823951702603,17823951819279,17823951900528,17823956430504,4.727901,0.081249,4.529976,3840
live,587,17823961702603,17823961833835,17823961920588,17823966234081,4.531478,0.086753,4.313493,3840
live,588,17823971702603,17823971808902,17823971872231,17823976741828,5.039225,0.063329,4.869597,3840
live,589,17823981702603,17823981816483,17823981890275,17823986533949,4.831346,0.073792,4.643674,3840
live,590,17823991702603,17823991815999,17823991891487,17823996346487,4.643884,0.075488,4.455,3840
live,591,17824001702603,17824001804826,17824001864187,17824006270802,4.568199,0.059361,4.406615,3840
live,592,17824011702603,17824011821399,17824011904856,17824016337167,4.634564,0.083457,4.432311,3840
live,593,17824021702603,17824021819187,17824021896212,17824026744592,5.041989,0.077025,4.84838,3840
live,594,17824031702603,17824031817455,17824031884367,17824036631914,4.929311,0.066912,4.747547,3840
live,595,17824041702603,17824041818763,17824041893355,17824046410916,4.708313,0.074592,4.517561,3840
live,596,17824051702603,17824051818919,17824051890311,17824056540865,4.838262,0.071392,4.650554,3840
live,597,17824061702603,17824061827075,17824061905700,17824066464700,4.762097,0.078625,4.559,3840
live,598,17824071702603,17824071818079,17824071876127,17824075870609,4.168006,0.058048,3.994482,3840
live,599,17824081702603,17824082064734,17824082170335,17824094261205,12.558602,0.105601,12.09087,3840
replay,599,17824081702603,17824082102430,17824082380194,17824094129299,12.426696,0.277764,11.749105,292352
live,600,17824091702603,17824092383902,17824094347382,17824100914983,9.21238,1.96348,6.567601,3840
live,601,17824101702603,17824101826035,17824101901140,17824106361291,4.658688,0.075105,4.460151,3840
live,602,17824111702603,17824111820559,17824111902928,17824115955586,4.252983,0.082369,4.052658,3840
live,603,17824121702603,17824121813835,17824121877995,17824125707739,4.005136,0.06416,3.829744,3840
live,604,17824131702603,17824131814599,17824131887495,17824135766584,4.063981,0.072896,3.879089,3840
live,605,17824141702603,17824141799906,17824141861699,17824145857973,4.15537,0.061793,3.996274,3840
live,606,17824151702603,17824151817087,17824151895136,17824156427960,4.725357,0.078049,4.532824,3840
live,607,17824161702603,17824161856155,17824161946620,17824165181476,3.478873,0.090465,3.234856,3840
live,608,17824171702603,17824171860599,17824171961080,17824176614642,4.912039,0.100481,4.653562,3840
live,609,17824181702603,17824181904916,17824182005397,17824186483116,4.780513,0.100481,4.477719,3840
live,610,17824191702603,17824191832623,17824191905456,17824195873057,4.170454,0.072833,3.967601,3840
live,611,17824201702603,17824201826091,17824201898444,17824206804904,5.102301,0.072353,4.90646,3840
live,612,17824211702603,17824211825287,17824211910760,17824216565249,4.862646,0.085473,4.654489,3840
live,613,17824221702603,17824221820323,17824221890403,17824226023575,4.320972,0.07008,4.133172,3840
live,614,17824231702603,17824231821855,17824231892928,17824236595386,4.892783,0.071073,4.702458,3840
live,615,17824241702603,17824241815387,17824241887355,17824246125488,4.422885,0.071968,4.238133,3840
live,616,17824251702603,17824251802838,17824251865783,17824256589138,4.886535,0.062945,4.723355,3840
live,617,17824261702603,17824261858483,17824262096726,17824266923602,5.220999,0.238243,4.826876,3840
live,618,17824271702603,17824271806862,17824271880591,17824276626666,4.924063,0.073729,4.746075,3840
live,619,17824281702603,17824281821195,17824281893228,17824286705383,5.00278,0.072033,4.812155,3840
live,620,17824291702603,17824291819079,17824291897352,17824298126389,6.423786,0.078273,6.229037,3840
live,621,17824301702603,17824301817475,17824301893508,17824306178905,4.476302,0.076033,4.285397,3840
live,622,17824311702603,17824311817151,17824311891232,17824317019583,5.31698,0.074081,5.128351,3840
live,623,17824321702603,17824321820091,17824321896156,17824326620150,4.917547,0.076065,4.723994,3840
live,624,17824331702603,17824331819703,17824331896024,17824336316686,4.614083,0.076321,4.420662,3840
live,625,17824341702603,17824341804114,17824341874931,17824346544909,4.842306,0.070817,4.669978,3840
live,626,17824351702603,17824351817039,17824351893168,17824355902593,4.19999,0.076129,4.009425,3840
live,627,17824361702603,17824361815947,17824361889675,17824367056716,5.354113,0.073728,5.167041,3840
live,628,17824371702603,17824371819047,17824371891112,17824376675811,4.973208,0.072065,4.784699,3840
live,629,17824381702603,17824382069638,17824382193287,17824386584830,4.882227,0.123649,4.391543,3840
live,630,17824391702603,17824391843103,17824391922208,17824395923154,4.220551,0.079105,4.000946,3840
live,631,17824401702603,17824401830171,17824401908828,17824407094204,5.391601,0.078657,5.185376,3840
live,632,17824411702603,17824411840439,17824411933624,17824416462288,4.759685,0.093185,4.528664,3840
live,633,17824421702603,17824421849715,17824421935860,17824426711215,5.008612,0.086145,4.775355,3840
live,634,17824431702603,17824431809167,17824431881871,17824436642218,4.939615,0.072704,4.760347,3840
live,635,17824441702603,17824441821675,17824441901260,17824446156768,4.454165,0.079585,4.255508,3840
live,636,17824451702603,17824451820263,17824451897512,17824455965498,4.262895,0.077249,4.067986,3840
live,637,17824461702603,17824461817827,17824461893412,17824466669087,4.966484,0.075585,4.775675,3840
live,638,17824471702603,17824471846975,17824471932992,17824476279382,4.576779,0.086017,4.34639,3840
live,639,17824481702603,17824481836443,17824481919836,17824486434164,4.731561,0.083393,4.514328,3840
live,640,17824491702603,17824491829175,17824491898072,17824498295495,6.592892,0.068897,6.397423,3840
live,641,17824501702603,17824501820371,17824501897268,17824506645486,4.942883,0.076897,4.748218,3840
live,642,17824511702603,17824511819503,17824511897968,17824516836077,5.133474,0.078465,4.938109,3840
live,643,17824521702603,17824521844907,17824521935692,17824526166305,4.463702,0.090785,4.230613,3840
live,644,17824531702603,17824531829319,17824531902120,17824536594882,4.892279,0.072801,4.692762,3840
live,645,17824541702603,17824541819555,17824541896004,17824546550141,4.847538,0.076449,4.654137,3840
live,646,17824551702603,17824551821567,17824551898048,17824556533913,4.83131,0.076481,4.635865,3840
live,647,17824561702603,17824561803130,17824561866971,17824566575062,4.872459,0.063841,4.708091,3840
live,648,17824571702603,17824571847255,17824571936216,17824576357423,4.65482,0.088961,4.421207,3840
live,649,17824581702603,17824581831059,17824581901396,17824586294698,4.592095,0.070337,4.393302,3840
live,650,17824591702603,17824591804910,17824591876879,17824596248774,4.546171,0.071969,4.371895,3840
live,651,17824601702603,17824601862283,17824601954732,17824606647495,4.944892,0.092449,4.692763,3840
live,652,17824611702603,17824611838919,17824611930152,17824616595682,4.893079,0.091233,4.66553,3840
live,653,17824621702603,17824621848483,17824621947364,17824626217497,4.514894,0.098881,4.270133,3840
live,654,17824631702603,17824631842111,17824631922240,17824636673627,4.971024,0.080129,4.751387,3840
live,655,17824641702603,17824641828315,17824641903452,17824646616150,4.913547,0.075137,4.712698,3840
live,656,17824651702603,17824651824279,17824651904984,17824656546545,4.843942,0.080705,4.641561,3840
live,657,17824661702603,17824661821523,17824661895796,17824666615918,4.913315,0.074273,4.720122,3840
live,658,17824671702603,17824671847535,17824671932816,17824676297062,4.594459,0.085281,4.364246,3840
live,659,17824681702603,17824681831979,17824681915596,17824686361827,4.659224,0.083617,4.446231,3840
live,660,17824691702603,17824691824775,17824691911112,17824697862802,6.160199,0.086337,5.95169,3840
live,661,17824701702603,17824701820579,17824701893956,17824705911413,4.20881,0.073377,4.017457,3840
live,662,17824711702603,17824711815263,17824711890048,17824715719375,4.016772,0.074785,3.829327,3840
live,663,17824721702603,17824721836507,17824721915964,17824725999502,4.296899,0.079457,4.083538,3840
live,664,17824731702603,17824731830327,17824731916920,17824736063915,4.361312,0.086593,4.146995,3840
live,665,17824741702603,17824741826707,17824741901620,17824746214729,4.512126,0.074913,4.313109,3840
live,666,17824751702603,17824751822063,17824751903920,17824755861697,4.159094,0.081857,3.957777,3840
live,667,17824761702603,17824761818443,17824761893164,17824766526565,4.823962,0.074721,4.633401,3840
live,668,17824771702603,17824771956712,17824772119178,17824776986951,5.284348,0.162466,4.867773,3840
live,669,17824781702603,17824781840867,17824781918788,17824787139685,5.437082,0.077921,5.220897,3840
live,670,17824791702603,17824791809855,17824791878175,17824796684795,4.982192,0.06832,4.80662,3840
live,671,17824801702603,17824801825947,17824801904508,17824806478388,4.775785,0.078561,4.57388,3840
live,672,17824811702603,17824811824183,17824811895544,17824816628850,4.926247,0.071361,4.733306,3840
live,673,17824821702603,17824821822195,17824821901876,17824827201237,5.498634,0.079681,5.299361,3840
live,674,17824831702603,17824831809935,17824831861903,17824837867034,6.164431,0.051968,6.005131,3840
live,675,17824841702603,17824841816875,17824841891308,17824846737864,5.035261,0.074433,4.846556,3840
live,676,17824851702603,17824851820871,17824851896616,17824856419328,4.716725,0.075745,4.522712,3840
live,677,17824861702603,17824861821315,17824861889572,17824866431100,4.728497,0.068257,4.541528,3840
live,678,17824871702603,17824871817311,17824871904480,17824876999423,5.29682,0.087169,5.094943,3840
live,679,17824881702603,17824881819803,17824881893308,17824886761464,5.058861,0.073505,4.868156,3840
live,680,17824891702603,17824891821399,17824891893720,17824898912943,7.21034,0.072321,7.019223,3840
live,681,17824901702603,17824901806451,17824901866963,17824906479532,4.776929,0.060512,4.612569,3840
live,682,17824911702603,17824911812719,17824911875727,17824916186149,4.483546,0.063008,4.310422,3840
live,683,17824921702603,17824921800458,17824921861643,17824926522789,4.820186,0.061185,4.661146,3840
live,684,17824931702603,17824931815815,17824931886376,17824936393983,4.69138,0.070561,4.507607,3840
live,685,17824941702603,17824941828483,17824941918532,17824946452316,4.749713,0.090049,4.533784,3840
live,686,17824951702603,17824951840063,17824951918720,17824956443736,4.741133,0.078657,4.525016,3840
live,687,17824961702603,17824961806075,17824961866907,17824966638390,4.935787,0.060832,4.771483,3840
live,688,17824971702603,17824971818551,17824971891768,17824976653651,4.951048,0.073217,4.761883,3840
live,689,17824981702603,17824981820275,17824981896244,17824986949170,5.246567,0.075969,5.052926,3840
live,690,17824991702603,17824991822351,17824991897552,17824997586134,5.883531,0.075201,5.688582,3840
live,691,17825001702603,17825001846667,17825001929580,17825007270254,5.567651,0.082913,5.340674,3840
live,692,17825011702603,17825011810695,17825011881735,17825016270814,4.568211,0.07104,4.389079,3840
live,693,17825021702603,17825021817955,17825021888484,17825026523325,4.820722,0.070529,4.634841,3840
live,694,17825031702603,17825031820607,17825031900896,17825036102324,4.399721,0.080289,4.201428,3840
live,695,17825041702603,17825041821051,17825041887708,17825046089776,4.387173,0.066657,4.202068,3840
live,696,17825051702603,17825051817623,17825051894072,17825056643891,4.941288,0.076449,4.749819,3840
live,697,17825061702603,17825061866323,17825061985717,17825066302922,4.600319,0.119394,4.317205,3840
live,698,17825071702603,17825071835887,17825071933488,17825076456072,4.753469,0.097601,4.522584,3840
live,699,17825081702603,17825082079246,17825082201423,17825092870484,11.167881,0.122177,10.669061,3840
replay,699,17825081702603,17825082131631,17825082456371,17825093079958,11.377355,0.32474,10.623587,292352
live,700,17825091702603,17825091841511,17825092978869,17825097219658,5.517055,1.137358,4.240789,3840
live,701,17825101702603,17825101820227,17825101888068,17825105533105,3.830502,0.067841,3.645037,3840
live,702,17825111702603,17825111813503,17825111884544,17825115488972,3.786369,0.071041,3.604428,3840
live,703,17825121702603,17825121810683,17825121874523,17825125569641,3.867038,0.06384,3.695118,3840
live,704,17825131702603,17825131818903,17825131897432,17825136312046,4.609443,0.078529,4.414614,3840
live,705,17825141702603,17825141814451,17825141879667,17825145893125,4.190522,0.065216,4.013458,3840
live,706,17825151702603,17825151812751,17825151879535,17825155890017,4.187414,0.066784,4.010482,3840
live,707,17825161702603,17825161841195,17825161920012,17825166053279,4.350676,0.078817,4.133267,3840
live,708,17825171702603,17825171823207,17825171886888,17825176342015,4.639412,0.063681,4.455127,3840
live,709,17825181702603,17825181819779,17825181893252,17825186279578,4.576975,0.073473,4.386326,3840
live,710,17825191702603,17825191823327,17825191893792,17825196345527,4.642924,0.070465,4.451735,3840
live,711,17825201702603,17825201818395,17825201889148,17825206146800,4.444197,0.070753,4.257652,3840
live,712,17825211702603,17825211802007,17825211853847,17825216340111,4.637508,0.05184,4.486264,3840
live,713,17825221702603,17825221812179,17825221868115,17825226652271,4.949668,0.055936,4.784156,3840
live,714,17825231702603,17825232077938,17825232224244,17825237384980,5.682377,0.146306,5.160736,3840
live,715,17825241702603,17825241825099,17825241911884,17825246627814,4.925211,0.086785,4.71593,3840
live,716,17825251702603,17825251820999,17825251894696,17825257869682,6.167079,0.073697,5.974986,3840
live,717,17825261702603,17825261811747,17825261889732,17825266708127,5.005524,0.077985,4.818395,3840
live,718,17825271702603,17825271813791,17825271884672,17825276139092,4.436489,0.070881,4.25442,3840
live,719,17825281702603,17825281811195,17825281881852,17825287363744,5.661141,0.070657,5.481892,3840
live,720,17825291702603,17825291815191,17825291903608,17825298296551,6.593948,0.088417,6.392943,3840
live,721,17825301702603,17825301825235,17825301900916,17825305831333,4.12873,0.075681,3.930417,3840
live,722,17825311702603,17825311817679,17825311882256,17825316236422,4.533819,0.064577,4.354166,3840
live,723,17825321702603,17825321812491,17825321880172,17825325954942,4.252339,0.067681,4.07477,3840
live,724,17825331702603,17825331815399,17825331885000,17825336620770,4.918167,0.069601,4.73577,3840
live,725,17825341702603,17825341817539,17825341891364,17825346689119,4.986516,0.073825,4.797755,3840
live,726,17825351702603,17825351802943,17825351865375,17825356408344,4.705741,0.062432,4.542969,3840
live,727,17825361702603,17825361801819,17825361860827,17825366400916,4.698313,0.059008,4.540089,3840
live,728,17825371702603,17825371816279,17825371884056,17825376405904,4.703301,0.067777,4.521848,3840
live,729,17825381702603,17825381799059,17825381859091,17825387559194,5.856591,0.060032,5.700103,3840
live,730,17825391702603,17825391804687,17825391861231,17825396572298,4.869695,0.056544,4.711067,3840
live,731,17825401702603,17825401819051,17825402075022,17825406481381,4.778778,0.255971,4.406359,3840
live,732,17825411702603,17825411812327,17825412061514,17825416549057,4.846454,0.249187,4.487543,3840
live,733,17825421702603,17825421808963,17825421875780,17825426661791,4.959188,0.066817,4.786011,3840
live,734,17825431702603,17825431819775,17825431879872,17825436657115,4.954512,0.060097,4.777243,3840
live,735,17825441702603,17825441817371,17825441875804,17825446480853,4.77825,0.058433,4.605049,3840
live,736,17825451702603,17825451818007,17825451880696,17825456056427,4.353824,0.062689,4.175731,3840
live,737,17825461702603,17825461816371,17825461895796,17825466371467,4.668864,0.079425,4.475671,3840
live,738,17825471702603,17825471813551,17825471870159,17825476210469,4.507866,0.056608,4.34031,3840
live,739,17825481702603,17825481815435,17825481877036,17825486579142,4.876539,0.061601,4.702106,3840
live,740,17825491702603,17825491817287,17825491878536,17825497940723,6.23812,0.061249,6.062187,3840
live,741,17825501702603,17825501815299,17825501875684,17825506402972,4.700369,0.060385,4.527288,3840
live,742,17825511702603,17825511862527,17825511969889,17825517152033,5.44943,0.107362,5.182144,3840
live,743,17825521702603,17825521846011,17825521927708,17825526720696,5.018093,0.081697,4.792988,3840
live,744,17825531702603,17825531826135,17825531905720,17825536399952,4.697349,0.079585,4.494232,3840
live,745,17825541702603,17825541823571,17825541886356,17825546709295,5.006692,0.062785,4.822939,3840
live,746,17825551702603,17825551817903,17825551879088,17825556572970,4.870367,0.061185,4.693882,3840
live,747,17825561702603,17825561798827,17825561860651,17825566601286,4.898683,0.061824,4.740635,3840
live,748,17825571702603,17825571818439,17825571891304,17825576571874,4.869271,0.072865,4.68057,3840
live,749,17825581702603,17825581818947,17825581893316,17825586391996,4.689393,0.074369,4.49868,3840
live,750,17825591702603,17825591823519,17825591913888,17825596046707,4.344104,0.090369,4.132819,3840
live,751,17825601702603,17825601817947,17825601877116,17825606526965,4.824362,0.059169,4.649849,3840
live,752,17825611702603,17825611848247,17825611930328,17825616675891,4.973288,0.082081,4.745563,3840
live,753,17825621702603,17825621825075,17825621896372,17825626127208,4.424605,0.071297,4.230836,3840
live,754,17825631702603,17825631821807,17825631904368,17825636645355,4.942752,0.082561,4.740987,3840
live,755,17825641702603,17825641829035,17825641911980,17825646400868,4.698265,0.082945,4.488888,3840
live,756,17825651702603,17825651823207,17825651890408,17825656555874,4.853271,0.067201,4.665466,3840
live,757,17825661702603,17825661823523,17825661893252,17825666384411,4.681808,0.069729,4.491159,3840
live,758,17825671702603,17825671802783,17825671855135,17825675882001,4.179398,0.052352,4.026866,3840
live,759,17825681702603,17825681799003,17825681862651,17825686088176,4.385573,0.063648,4.225525,3840
live,760,17825691702603,17825691814423,17825691888504,17825697311035,5.608432,0.074081,5.422531,3840
live,761,17825701702603,17825701841523,17825701908372,17825705887141,4.184538,0.066849,3.978769,3840
live,762,17825711702603,17825711829711,17825711899408,17825715767488,4.064885,0.069697,3.86808,3840
live,763,17825721702603,17825721815851,17825721873516,17825724962738,3.260135,0.057665,3.089222,3840
live,764,17825731702603,17825731860647,17825731966249,17825736228734,4.526131,0.105602,4.262485,3840
live,765,17825741702603,17825741843491,17825741921284,17825746677407,4.974804,0.077793,4.756123,3840
live,766,17825751702603,17825751810271,17825751878560,17825756583482,4.880879,0.068289,4.704922,3840
live,767,17825761702603,17825761819547,17825761880668,17825766085136,4.382533,0.061121,4.204468,3840
live,768,17825771702603,17825771818391,17825771894968,17825776033771,4.331168,0.076577,4.138803,3840
live,769,17825781702603,17825781800691,17825781861555,17825786594382,4.891779,0.060864,4.732827,3840
live,770,17825791702603,17825791910800,17825792020913,17825797233330,5.530727,0.110113,5.212417,3840
live,771,17825801702603,17825801825131,17825801900460,17825806346051,4.643448,0.075329,4.445591,3840
live,772,17825811702603,17825811820807,17825811880456,17825816523841,4.821238,0.059649,4.643385,3840
live,773,17825821702603,17825821815363,17825821884964,17825826588478,4.885875,0.069601,4.703514,3840
live,774,17825831702603,17825831799487,17825831852639,17825836538585,4.835982,0.053152,4.685946,3840
live,775,17825841702603,17825841814395,17825841874492,17825846784440,5.081837,0.060097,4.909948,3840
live,776,17825851702603,17825851819255,17825851891928,17825856603794,4.901191,0.072673,4.711866,3840
live,777,17825861702603,17825861822995,17825861898388,17825866427084,4.724481,0.075393,4.528696,3840
live,778,17825871702603,17825871820399,17825871888816,17825876554186,4.851583,0.068417,4.66537,3840
live,779,17825881702603,17825881816747,17825881879020,17825886287106,4.584503,0.062273,4.408086,3840
live,780,17825891702603,17825891802503,17825891853895,17825898150549,6.447946,0.051392,6.296654,3840
live,781,17825901702603,17825901835139,17825901916644,17825906406876,4.704273,0.081505,4.490232,3840
live,782,17825911702603,17825911822623,17825911898528,17825915775440,4.072837,0.075905,3.876912,3840
live,783,17825921702603,17825921817723,17825921888796,17825926337427,4.634824,0.071073,4.448631,3840
live,784,17825931702603,17825931804823,17825931860727,17825935916170,4.213567,0.055904,4.055443,3840
live,785,17825941702603,17825941819475,17825941884436,17825945140412,3.437809,0.064961,3.255976,3840
live,786,17825951702603,17825951848463,17825951948465,17825956664011,4.961408,0.100002,4.715546,3840
live,787,17825961702603,17825961840011,17825961923212,17825966221314,4.518711,0.083201,4.298102,3840
live,788,17825971702603,17825971831975,17825971915336,17825976473889,4.771286,0.083361,4.558553,3840
live,789,17825981702603,17825981824035,17825981897764,17825986276218,4.573615,0.073729,4.378454,3840
live,790,17825991702603,17825991821535,17825991899712,17825995965682,4.263079,0.078177,4.06597,3840
live,791,17826001702603,17826001842747,17826001923612,17826006669079,4.966476,0.080865,4.745467,3840
live,792,17826011702603,17826011807607,17826011875992,17826016695091,4.992488,0.068385,4.819099,3840
live,793,17826021702603,17826021823315,17826021904372,17826026134536,4.431933,0.081057,4.230164,3840
live,794,17826031702603,17826031827343,17826031912496,17826036633899,4.931296,0.085153,4.721403,3840
live,795,17826041702603,17826041822827,17826041891052,17826046389764,4.687161,0.068225,4.498712,3840
live,796,17826051702603,17826051846919,17826051941128,17826056286526,4.583923,0.094209,4.345398,3840
live,797,17826061702603,17826061828355,17826061893924,17826066591390,4.888787,0.065569,4.697466,3840
live,798,17826071702603,17826071824479,17826071912640,17826076290166,4.587563,0.088161,4.377526,3840
live,799,17826081702603,17826082084222,17826082210656,17826095181537,13.478934,0.126434,12.970881,3840
replay,799,17826081702603,17826082135615,17826082445667,17826095244961,13.542358,0.310052,12.799294,292352
live,800,17826091702603,17826092530432,17826095325442,17826102816415,11.113812,2.79501,7.490973,3840
live,801,17826101702603,17826102110103,17826102917121,17826107544826,5.842223,0.807018,4.627705,3840
live,802,17826111702603,17826111828367,17826111902800,17826115908130,4.205527,0.074433,4.00533,3840
live,803,17826121702603,17826121818283,17826121888588,17826126303523,4.60092,0.070305,4.414935,3840
live,804,17826131702603,17826131802119,17826131866280,17826136244670,4.542067,0.064161,4.37839,3840
live,805,17826141702603,17826141802371,17826141864484,17826146245722,4.543119,0.062113,4.381238,3840
live,806,17826151702603,17826151841183,17826151932992,17826156069076,4.366473,0.091809,4.136084,3840
live,807,17826161702603,17826161828219,17826161924220,17826166092208,4.389605,0.096001,4.167988,3840
live,808,17826171702603,17826171826807,17826171908984,17826176420112,4.717509,0.082177,4.511128,3840
live,809,17826181702603,17826181824179,17826181907636,17826186682543,4.97994,0.083457,4.774907,3840
live,810,17826191702603,17826191837391,17826191923536,17826196674667,4.972064,0.086145,4.751131,3840
live,811,17826201702603,17826202024014,17826202191408,17826207205902,5.503299,0.167394,5.014494,3840
live,812,17826211702603,17826211843527,17826211929320,17826216684547,4.981944,0.085793,4.755227,3840
live,813,17826221702603,17826221847875,17826221937957,17826226689663,4.98706,0.090082,4.751706,3840
live,814,17826231702603,17826231846943,17826231932000,17826236598426,4.895823,0.085057,4.666426,3840
live,815,17826241702603,17826241834939,17826241920444,17826246469781,4.767178,0.085505,4.549337,3840
live,816,17826251702603,17826251838007,17826251931704,17826257808353,6.10575,0.093697,5.876649,3840
live,817,17826261702603,17826261835123,17826261918964,17826266402348,4.699745,0.083841,4.483384,3840
live,818,17826271702603,17826271821775,17826271889776,17826276570538,4.867935,0.068001,4.680762,3840
live,819,17826281702603,17826281816779,17826281897548,17826286211842,4.509239,0.080769,4.314294,3840
live,820,17826291702603,17826291815207,17826291869416,17826297951859,6.249256,0.054209,6.082443,3840
live,821,17826301702603,17826301821571,17826301896708,17826306443068,4.740465,0.075137,4.54636,3840
live,822,17826311702603,17826311821279,17826311890496,17826316391672,4.689069,0.069217,4.501176,3840
live,823,17826321702603,17826321814139,17826321890908,17826326343667,4.641064,0.076769,4.452759,3840
live,824,17826331702603,17826331816343,17826331891512,17826336301839,4.599236,0.075169,4.410327,3840
live,825,17826341702603,17826341817523,17826341872052,17826345833701,4.131098,0.054529,3.961649,3840
live,826,17826351702603,17826351821167,17826351925488,17826356404680,4.702077,0.104321,4.479192,3840
live,827,17826361702603,17826361828875,17826361903308,17826366283842,4.581239,0.074433,4.380534,3840
live,828,17826371702603,17826371835463,17826371915656,17826376580930,4.878327,0.080193,4.665274,3840
live,829,17826381702603,17826381818915,17826381897476,17826386166073,4.46347,0.078561,4.268597,3840
live,830,17826391702603,17826391855808,17826391964289,17826396386136,4.683533,0.108481,4.421847,3840
live,831,17826401702603,17826401873212,17826401973341,17826406323251,4.620648,0.100129,4.34991,3840
live,832,17826411702603,17826411847735,17826411939065,17826416556914,4.854311,0.09133,4.617849,3840
live,833,17826421702603,17826421831027,17826422088086,17826426173289,4.470686,0.257059,4.085203,3840
live,834,17826431702603,17826431822287,17826432080498,17826437294003,5.5914,0.258211,5.213505,3840
live,835,17826441702603,17826441819787,17826441902572,17826446233570,4.530967,0.082785,4.330998,3840
live,836,17826451702603,17826451874056,17826451969353,17826456727268,5.024665,0.095297,4.757915,3840
live,837,17826461702603,17826461872644,17826461962853,17826466247994,4.545391,0.090209,4.285141,3840
live,838,17826471702603,17826471847199,17826471923264,17826476670587,4.967984,0.076065,4.747323,3840
live,839,17826481702603,17826481827355,17826481906044,17826486762168,5.059565,0.078689,4.856124,3840
live,840,17826491702603,17826491824407,17826491899864,17826498255879,6.553276,0.075457,6.356015,3840
live,841,17826501702603,17826501802131,17826501865652,17826506661359,4.958756,0.063521,4.795707,3840
live,842,17826511702603,17826511821967,17826511904752,17826517021104,5.318501,0.082785,5.116352,3840
live,843,17826521702603,17826521826507,17826521907532,17826526125601,4.422998,0.081025,4.218069,3840
live,844,17826531702603,17826531817607,17826531893544,17826536338975,4.636372,0.075937,4.445431,3840
live,845,17826541702603,17826541800035,17826541864356,17826546637279,4.934676,0.064321,4.772923,3840
live,846,17826551702603,17826551816319,17826551891616,17826556426744,4.724141,0.075297,4.535128,3840
live,847,17826561702603,17826561820411,17826561896508,17826566158481,4.455878,0.076097,4.261973,3840
live,848,17826571702603,17826571817111,17826571876120,17826575905258,4.202655,0.059009,4.029138,3840
live,849,17826581702603,17826581819155,17826581896116,17826587057620,5.355017,0.076961,5.161504,3840
live,850,17826591702603,17826591800943,17826591860240,17826596189541,4.486938,0.059297,4.329301,3840
live,851,17826601702603,17826601820811,17826601895628,17826606765033,5.06243,0.074817,4.869405,3840
live,852,17826611702603,17826611864616,17826611975753,17826616858182,5.155579,0.111137,4.882429,3840
live,853,17826621702603,17826621873188,17826621975301,17826626724640,5.022037,0.102113,4.749339,3840
live,854,17826631702603,17826631851968,17826631937025,17826636579962,4.877359,0.085057,4.642937,3840
live,855,17826641702603,17826641829403,17826641910684,17826646848762,5.146159,0.081281,4.938078,3840
live,856,17826651702603,17826651826455,17826651900984,17826656290223,4.58762,0.074529,4.389239,3840
live,857,17826661702603,17826661832595,17826661980565,17826667146293,5.44369,0.14797,5.165728,3840
live,858,17826671702603,17826671826575,17826671923281,17826676675851,4.973248,0.096706,4.75257,3840
live,859,17826681702603,17826681820363,17826681895116,17826686608807,4.906204,0.074753,4.713691,3840
live,860,17826691702603,17826691821063,17826691913896,17826698736413,7.03381,0.092833,6.822517,3840
live,861,17826701702603,17826701805059,17826701871268,17826706818465,5.115862,0.066209,4.947197,3840
live,862,17826711702603,17826711818559,17826711890656,17826717367844,5.665241,0.072097,5.477188,3840
live,863,17826721702603,17826721821019,17826721896828,17826726754808,5.052205,0.075809,4.85798,3840
live,864,17826731702603,17826731818487,17826731887096,17826736350895,4.648292,0.068609,4.463799,3840
live,865,17826741702603,17826741816019,17826741888020,17826746005703,4.3031,0.072001,4.117683,3840
live,866,17826751702603,17826751819983,17826751900784,17826756548682,4.846079,0.080801,4.647898,3840
live,867,17826761702603,17826761821995,17826761899212,17826767042732,5.340129,0.077217,5.14352,3840
live,868,17826771702603,17826771859656,17826771954953,17826776480193,4.77759,0.095297,4.52524,3840
live,869,17826781702603,17826781832419,17826781911876,17826786745888,5.043285,0.079457,4.834012,3840
live,870,17826791702603,17826791806367,17826791873056,17826796681564,4.978961,0.066689,4.808508,3840
live,871,17826801702603,17826801818811,17826801895324,17826806664183,4.96158,0.076513,4.768859,3840
live,872,17826811702603,17826811818295,17826811891512,17826817002584,5.299981,0.073217,5.111072,3840
live,873,17826821702603,17826821817043,17826821892308,17826826791569,5.088966,0.075265,4.899261,3840
live,874,17826831702603,17826831820207,17826831896496,17826838528642,6.826039,0.076289,6.632146,3840
live,875,17826841702603,17826841814347,17826841887180,17826846765993,5.06339,0.072833,4.878813,3840
live,876,17826851702603,17826851818727,17826851892488,17826856455585,4.752982,0.073761,4.563097,3840
live,877,17826861702603,17826861821539,17826861891620,17826866424604,4.722001,0.070081,4.532984,3840
live,878,17826871702603,17826871852480,17826871943745,17826876870782,5.168179,0.091265,4.927037,3840
live,879,17826881702603,17826881831387,17826881908764,17826886680120,4.977517,0.077377,4.771356,3840
live,880,17826891702603,17826891822199,17826891896760,17826898324392,6.621789,0.074561,6.427632,3840
live,881,17826901702603,17826901817523,17826901891412,17826906704336,5.001733,0.073889,4.812924,3840
live,882,17826911702603,17826911803279,17826911865808,17826916403976,4.701373,0.062529,4.538168,3840
live,883,17826921702603,17826921816875,17826921891468,17826926427108,4.724505,0.074593,4.53564,3840
live,884,17826931702603,17826931821575,17826931897672,17826937152009,5.449406,0.076097,5.254337,3840
live,885,17826941702603,17826941817795,17826941882660,17826946714208,5.011605,0.064865,4.831548,3840
live,886,17826951702603,17826951800319,17826951853408,17826956619931,4.917328,0.053089,4.766523,3840
live,887,17826961702603,17826961816187,17826961875548,17826966049552,4.346949,0.059361,4.174004,3840
live,888,17826971702603,17826971819319,17826971900600,17826976082156,4.379553,0.081281,4.181556,3840
live,889,17826981702603,17826981819859,17826981890676,17826986259082,4.556479,0.070817,4.368406,3840
live,890,17826991702603,17826991816111,17826991885520,17826996518730,4.816127,0.069409,4.63321,3840
live,891,17827001702603,17827001799147,17827001849612,17827006062496,4.359893,0.050465,4.212884,3840
live,892,17827011702603,17827011813031,17827011889256,17827016539234,4.836631,0.076225,4.649978,3840
live,893,17827021702603,17827021823587,17827021903044,17827026415612,4.713009,0.079457,4.512568,3840
live,894,17827031702603,17827031821503,17827031886752,17827036137973,4.43537,0.065249,4.251221,3840
live,895,17827041702603,17827041801499,17827041856252,17827046597239,4.894636,0.054753,4.740987,3840
live,896,17827051702603,17827051819703,17827051907096,17827060408994,8.706391,0.087393,8.501898,3840
live,897,17827061702603,17827061799955,17827061850164,17827066646447,4.943844,0.050209,4.796283,3840
live,898,17827071702603,17827071811567,17827071885360,17827076602059,4.899456,0.073793,4.716699,3840
live,899,17827081702603,17827082058542,17827082164496,17827094084995,12.382392,0.105954,11.920499,3840
replay,899,17827081702603,17827082091887,17827082401171,17827094004258,12.301655,0.309284,11.603087,292352
live,900,17827091702603,17827091834152,17827094205989,17827100301745,8.599142,2.371837,6.095756,3840
live,901,17827101702603,17827101818755,17827101882756,17827105414736,3.712133,0.064001,3.53198,3840
live,902,17827111702603,17827111818239,17827111872832,17827115384620,3.682017,0.054593,3.511788,3840
live,903,17827121702603,17827121808763,17827121863580,17827125477353,3.77475,0.054817,3.613773,3840
live,904,17827131702603,17827131808855,17827131864056,17827135513701,3.811098,0.055201,3.649645,3840
live,905,17827141702603,17827141810579,17827141882196,17827145811781,4.109178,0.071617,3.929585,3840
live,906,17827151702603,17827151815759,17827151892944,17827155968931,4.266328,0.077185,4.075987,3840
live,907,17827161702603,17827161815787,17827161875052,17827166056032,4.353429,0.059265,4.18098,3840
live,908,17827171702603,17827171814599,17827171887560,17827176645987,4.943384,0.072961,4.758427,3840
live,909,17827181702603,17827181815971,17827181877348,17827186112857,4.410254,0.061377,4.235509,3840
live,910,17827191702603,17827191819167,17827191892736,17827196283223,4.58062,0.073569,4.390487,3840
live,911,17827201702603,17827201818427,17827201882236,17827206815289,5.112686,0.063809,4.933053,3840
live,912,17827211702603,17827211801047,17827211861528,17827216535826,4.833223,0.060481,4.674298,3840
live,913,17827221702603,17827221900308,17827221973333,17827227154838,5.452235,0.073025,5.181505,3840
live,914,17827231702603,17827231841520,17827231908273,17827236611179,4.908576,0.066753,4.702906,3840
live,915,17827241702603,17827241818315,17827241882028,17827246163585,4.460982,0.063713,4.281557,3840
live,916,17827251702603,17827251815431,17827251875880,17827256101053,4.39845,0.060449,4.225173,3840
live,917,17827261702603,17827261797251,17827261850116,17827266063096,4.360493,0.052865,4.21298,3840
live,918,17827271702603,17827271814623,17827271877376,17827277216482,5.513879,0.062753,5.339106,3840
live,919,17827281702603,17827281865308,17827281965597,17827286412948,4.710345,0.100289,4.447351,3840
live,920,17827291702603,17827291831128,17827291912281,17827297652512,5.949909,0.081153,5.740231,3840
live,921,17827301702603,17827301837044,17827301921525,17827306329291,4.626688,0.084481,4.407766,3840
live,922,17827311702603,17827311828208,17827311901297,17827316280871,4.578268,0.073089,4.379574,3840
live,923,17827321702603,17827321819500,17827321890572,17827326081920,4.379317,0.071072,4.191348,3840
live,924,17827331702603,17827331840968,17827331917257,17827335987259,4.284656,0.076289,4.070002,3840
live,925,17827341702603,17827341825412,17827341896580,17827345906486,4.203883,0.071168,4.009906,3840
live,926,17827351702603,17827351823104,17827351906177,17827356289719,4.587116,0.083073,4.383542,3840
live,927,17827361702603,17827361820988,17827361893532,17827366594199,4.891596,0.072544,4.700667,3840
live,928,17827371702603,17827371820920,17827371896760,17827376629459,4.926856,0.07584,4.732699,3840
live,929,17827381702603,17827381843124,17827381924725,17827386733776,5.031173,0.081601,4.809051,3840
live,930,17827391702603,17827391812143,17827391880080,17827396252199,4.549596,0.067937,4.372119,3840
live,931,17827401702603,17827401827660,17827401905293,17827406659624,4.957021,0.077633,4.754331,3840
live,932,17827411702603,17827411821192,17827411886664,17827416609283,4.90668,0.065472,4.722619,3840
live,933,17827421702603,17827421821732,17827421902757,17827426395100,4.692497,0.081025,4.492343,3840
live,934,17827431702603,17827431821856,17827431898689,17827436688892,4.986289,0.076833,4.790203,3840
live,935,17827441702603,17827441825724,17827441905917,17827446247474,4.544871,0.080193,4.341557,3840
live,936,17827451702603,17827451805879,17827451860600,17827455892650,4.190047,0.054721,4.03205,3840
live,937,17827461702603,17827461814548,17827461871732,17827466316427,4.613824,0.057184,4.444695,3840
live,938,17827471702603,17827471814320,17827471896849,17827475985315,4.282712,0.082529,4.088466,3840
live,939,17827481702603,17827481847212,17827481937325,17827486488869,4.786266,0.090113,4.551544,3840
live,940,17827491702603,17827491810407,17827491876040,17827497836402,6.133799,0.065633,5.960362,3840
live,941,17827501702603,17827501821188,17827501903397,17827505895126,4.192523,0.082209,3.991729,3840
live,942,17827511702603,17827511823744,17827511885760,17827516792093,5.08949,0.062016,4.906333,3840
live,943,17827521702603,17827521830780,17827521896541,17827525947375,4.244772,0.065761,4.050834,3840
live,944,17827531702603,17827531842264,17827531935353,17827536085517,4.382914,0.093089,4.150164,3840
live,945,17827541702603,17827541828692,17827541914549,17827546488878,4.786275,0.085857,4.574329,3840
live,946,17827551702603,17827551822032,17827551903377,17827556333096,4.630493,0.081345,4.429719,3840
live,947,17827561702603,17827561823372,17827561887724,17827566043840,4.341237,0.064352,4.156116,3840
live,948,17827571702603,17827571817864,17827571878120,17827575871898,4.169295,0.060256,3.993778,3840
live,949,17827581702603,17827581843012,17827581931141,17827586471133,4.76853,0.088129,4.539992,3840
live,950,17827591702603,17827591828576,17827591905377,17827596596059,4.893456,0.076801,4.690682,3840
live,951,17827601702603,17827601829180,17827601911997,17827606872282,5.169679,0.082817,4.960285,3840
live,952,17827611702603,17827611805655,17827611859608,17827616530610,4.828007,0.053953,4.671002,3840
live,953,17827621702603,17827621814708,17827621875764,17827626100137,4.397534,0.061056,4.224373,3840
live,954,17827631702603,17827631848464,17827631944177,17827636347208,4.644605,0.095713,4.403031,3840
live,955,17827641702603,17827641834732,17827641919309,17827646404677,4.702074,0.084577,4.485368,3840
live,956,17827651702603,17827651805287,17827651878312,17827656629155,4.926552,0.073025,4.750843,3840
live,957,17827661702603,17827661823524,17827661908645,17827666115897,4.413294,0.085121,4.207252,3840
live,958,17827671702603,17827671818048,17827671877728,17827676313879,4.611276,0.05968,4.436151,3840
live,959,17827681702603,17827681841596,17827681928253,17827686252083,4.54948,0.086657,4.32383,3840
live,960,17827691702603,17827691821656,17827691892889,17827697907459,6.204856,0.071233,6.01457,3840
live,961,17827701702603,17827701823284,17827701903509,17827706583311,4.880708,0.080225,4.679802,3840
live,962,17827711702603,17827711822832,17827711904849,17827716625515,4.922912,0.082017,4.720666,3840
live,963,17827721702603,17827721823660,17827721906733,17827726642408,4.939805,0.083073,4.735675,3840
live,964,17827731702603,17827731848104,17827731942345,17827736545602,4.842999,0.094241,4.603257,3840
live,965,17827741702603,17827741832388,17827741911301,17827746098937,4.396334,0.078913,4.187636,3840
live,966,17827751702603,17827751826624,17827751904065,17827756625467,4.922864,0.077441,4.721402,3840
live,967,17827761702603,17827761820156,17827761896445,17827766126033,4.42343,0.076289,4.229588,3840
live,968,17827771702603,17827771825944,17827771901465,17827776613619,4.911016,0.075521,4.712154,3840
live,969,17827781702603,17827782028150,17827782184536,17827787491226,5.788623,0.156386,5.30669,3840
live,970,17827791702603,17827791863120,17827791981938,17827796702060,4.999457,0.118818,4.720122,3840
live,971,17827801702603,17827801839212,17827801919821,17827806096673,4.39407,0.080609,4.176852,3840
live,972,17827811702603,17827811830184,17827811941257,17827816429185,4.726582,0.111073,4.487928,3840
live,973,17827821702603,17827821818276,17827821902021,17827826243547,4.540944,0.083745,4.341526,3840
live,974,17827831702603,17827831814720,17827831886401,17827836652028,4.949425,0.071681,4.765627,3840
live,975,17827841702603,17827841822620,17827841885277,17827846383476,4.680873,0.062657,4.498199,3840
live,976,17827851702603,17827851813976,17827851889081,17827856351568,4.648965,0.075105,4.462487,3840
live,977,17827861702603,17827861823956,17827861897717,17827866541230,4.838627,0.073761,4.643513,3840
live,978,17827871702603,17827871824080,17827871932785,17827876356520,4.653917,0.108705,4.423735,3840
live,979,17827881702603,17827881816524,17827881895501,17827887786774,6.084171,0.078977,5.891273,3840
live,980,17827891702603,17827891834664,17827891908713,17827897789746,6.087143,0.074049,5.881033,3840
live,981,17827901702603,17827901823012,17827901893477,17827906316540,4.613937,0.070465,4.423063,3840
live,982,17827911702603,17827911822272,17827911898273,17827916612347,4.909744,0.076001,4.714074,3840
live,983,17827921702603,17827921826684,17827921911325,17827926603639,4.901036,0.084641,4.692314,3840
live,984,17827931702603,17827931826552,17827931905913,17827936676596,4.973993,0.079361,4.770683,3840
live,985,17827941702603,17827941850484,17827941938389,17827946492398,4.789795,0.087905,4.554009,3840
live,986,17827951702603,17827951827056,17827951890545,17827955845218,4.142615,0.063489,3.954673,3840
live,987,17827961702603,17827961834604,17827961898157,17827966552167,4.849564,0.063553,4.65401,3840
live,988,17827971702603,17827971816424,17827971892905,17827976316032,4.613429,0.076481,4.423127,3840
live,989,17827981702603,17827981862820,17827981943365,17827986678304,4.975701,0.080545,4.734939,3840
live,990,17827991702603,17827991854976,17827991937185,17827996323160,4.620557,0.082209,4.385975,3840
live,991,17828001702603,17828001831740,17828001901021,17828006202770,4.500167,0.069281,4.301749,3840
live,992,17828011702603,17828011819960,17828011882361,17828016362832,4.660229,0.062401,4.480471,3840
live,993,17828021702603,17828021823668,17828021927797,17828026600591,4.897988,0.104129,4.672794,3840
live,994,17828031702603,17828031817968,17828031891057,17828036617739,4.915136,0.073089,4.726682,3840
live,995,17828041702603,17828041844140,17828041936653,17828046408453,4.70585,0.092513,4.4718,3840
live,996,17828051702603,17828051817448,17828051899529,17828056574275,4.871672,0.082081,4.674746,3840
live,997,17828061702603,17828061825348,17828061886693,17828066303003,4.6004,0.061345,4.41631,3840
live,998,17828071702603,17828071816608,17828071873633,17828076570363,4.86776,0.057025,4.69673,3840
live,999,17828081702603,17828082100607,17828082210561,17828095929739,14.227136,0.109954,13.719178,3840
replay,999,17828081702603,17828082140832,17828082431395,17828095873258,14.170655,0.290563,13.441863,292352
live,1000,17828091702603,17828092483520,17828096014220,17828102336250,10.633647,3.5307,6.32203,3840
live,1001,17828101702603,17828101856532,17828102430811,17828104907898,3.205295,0.574279,2.477087,3840
live,1002,17828111702603,17828111832720,17828111908081,17828115888322,4.185719,0.075361,3.980241,3840
live,1003,17828121702603,17828121822284,17828121880237,17828125828798,4.126195,0.057953,3.948561,3840
live,1004,17828131702603,17828131819784,17828131876809,17828136195486,4.492883,0.057025,4.318677,3840
live,1005,17828141702603,17828141814820,17828141884997,17828147232423,5.52982,0.070177,5.347426,3840
live,1006,17828151702603,17828151803904,17828151865377,17828156323576,4.620973,0.061473,4.458199,3840
live,1007,17828161702603,17828161814396,17828161877501,17828166439349,4.736746,0.063105,4.561848,3840
live,1008,17828171702603,17828171858872,17828171962458,17828176128941,4.426338,0.103586,4.166483,3840
live,1009,17828181702603,17828181866485,17828181970742,17828186325580,4.622977,0.104257,4.354838,3840
live,1010,17828191702603,17828191838128,17828191919249,17828197497174,5.794571,0.081121,5.577925,3840
live,1011,17828201702603,17828201831820,17828201910157,17828206631752,4.929149,0.078337,4.721595,3840
live,1012,17828211702603,17828211824776,17828211903049,17828216612707,4.910104,0.078273,4.709658,3840
live,1013,17828221702603,17828221825764,17828221909989,17828226626272,4.923669,0.084225,4.716283,3840
live,1014,17828231702603,17828231804928,17828231869313,17828236231127,4.528524,0.064385,4.361814,3840
live,1015,17828241702603,17828241803932,17828241860508,17828246133201,4.430598,0.056576,4.272693,3840
live,1016,17828251702603,17828251818360,17828251881817,17828256048620,4.346017,0.063457,4.166803,3840
live,1017,17828261702603,17828261821780,17828261903925,17828266348524,4.645921,0.082145,4.444599,3840
live,1018,17828271702603,17828271827664,17828271911921,17828276628620,4.926017,0.084257,4.716699,3840
live,1019,17828281702603,17828281821420,17828281890797,17828286489382,4.786779,0.069377,4.598585,3840
live,1020,17828291702603,17828291819688,17828291885257,17828299258628,7.556025,0.065569,7.373371,3840
live,1021,17828301702603,17828301802724,17828301859269,17828306673536,4.970933,0.056545,4.814267,3840
live,1022,17828311702603,17828311817728,17828311894401,17828316379417,4.676814,0.076673,4.485016,3840
live,1023,17828321702603,17828321799836,17828321863389,17828326616952,4.914349,0.063553,4.753563,3840
live,1024,17828331702603,17828331816216,17828331891513,17828336341200,4.638597,0.075297,4.449687,3840
live,1025,17828341702603,17828341801684,17828341853716,17828346059177,4.356574,0.052032,4.205461,3840
live,1026,17828351702603,17828351823088,17828351890001,17828356457034,4.754431,0.066913,4.567033,3840
live,1027,17828361702603,17828361819468,17828361886637,17828366162306,4.459703,0.067169,4.275669,3840
live,1028,17828371702603,17828371799400,17828371865257,17828376472994,4.770391,0.065857,4.607737,3840
live,1029,17828381702603,17828381818020,17828381885157,17828386306972,4.604369,0.067137,4.421815,3840
live,1030,17828391702603,17828391871873,17828391994466,17828396396217,4.693614,0.122593,4.401751,3840
live,1031,17828401702603,17828401839996,17828401935678,17828406485974,4.783371,0.095682,4.550296,3840
live,1032,17828411702603,17828411839032,17828411933146,17828416308400,4.605797,0.094114,4.375254,3840
live,1033,17828421702603,17828421829396,17828421913013,17828426782034,5.079431,0.083617,4.869021,3840
live,1034,17828431702603,17828431803216,17828431873713,17828436386761,4.684158,0.070497,4.513048,3840
live,1035,17828441702603,17828441819116,17828441895949,17828446722569,5.019966,0.076833,4.82662,3840
live,1036,17828451702603,17828451820104,17828451884777,17828456625124,4.922521,0.064673,4.740347,3840
live,1037,17828461702603,17828461821412,17828461882949,17828466572223,4.86962,0.061537,4.689274,3840
live,1038,17828471702603,17828471819104,17828471883265,17828476621116,4.918513,0.064161,4.737851,3840
live,1039,17828481702603,17828481817276,17828481891709,17828486370613,4.66801,0.074433,4.478904,3840
live,1040,17828491702603,17828491819480,17828491901049,17828498245224,6.542621,0.081569,6.344175,3840
live,1041,17828501702603,17828501820724,17828501893141,17828506723505,5.020902,0.072417,4.830364,3840
live,1042,17828511702603,17828511819856,17828511881457,17828516571531,4.868928,0.061601,4.690074,3840
live,1043,17828521702603,17828521811500,17828521871149,17828526496870,4.794267,0.059649,4.625721,3840
live,1044,17828531702603,17828531800232,17828531852489,17828536575267,4.872664,0.052257,4.722778,3840
live,1045,17828541702603,17828541816452,17828541891781,17828546777570,5.074967,0.075329,4.885789,3840
live,1046,17828551702603,17828551874593,17828552247909,17828557196387,5.493784,0.373316,4.948478,3840
live,1047,17828561702603,17828561824540,17828561893789,17828566288948,4.586345,0.069249,4.395159,3840
live,1048,17828571702603,17828571799672,17828571851801,17828575788233,4.08563,0.052129,3.936432,3840
live,1049,17828581702603,17828581797012,17828581843604,17828585749317,4.046714,0.046592,3.905713,3840
live,1050,17828591702603,17828591810864,17828591887441,17828595833058,4.130455,0.076577,3.945617,3840
live,1051,17828601702603,17828601817356,17828601895405,17828606924588,5.221985,0.078049,5.029183,3840
live,1052,17828611702603,17828611816776,17828611901737,17828616557571,4.854968,0.084961,4.655834,3840
live,1053,17828621702603,17828621821380,17828621904229,17828627070949,5.368346,0.082849,5.16672,3840
live,1054,17828631702603,17828631872609,17828631969666,17828636368409,4.665806,0.097057,4.398743,3840
live,1055,17828641702603,17828641829724,17828641892445,17828645904239,4.201636,0.062721,4.011794,3840
live,1056,17828651702603,17828651822520,17828651901337,17828657543519,5.840916,0.078817,5.642182,3840
live,1057,17828661702603,17828661820820,17828661898453,17828666702481,4.999878,0.077633,4.804028,3840
live,1058,17828671702603,17828671806992,17828671878545,17828676517003,4.8144,0.071553,4.638458,3840
live,1059,17828681702603,17828681801100,17828681858253,17828686547527,4.844924,0.057153,4.689274,3840
live,1060,17828691702603,17828691797512,17828691851497,17828697670001,5.967398,0.053985,5.818504,3840
live,1061,17828701702603,17828701815108,17828701889349,17828706215291,4.512688,0.074241,4.325942,3840
live,1062,17828711702603,17828711819904,17828711894273,17828715913171,4.210568,0.074369,4.018898,3840
live,1063,17828721702603,17828721815836,17828721879933,17828725972464,4.269861,0.064097,4.092531,3840
live,1064,17828731702603,17828731814072,17828731872377,17828736162958,4.460355,0.058305,4.290581,3840
live,1065,17828741702603,17828741848117,17828741913461,17828746048233,4.34563,0.065344,4.134772,3840
live,1066,17828751702603,17828751832560,17828751891857,17828756214727,4.512124,0.059297,4.32287,3840
live,1067,17828761702603,17828761820044,17828761900685,17828766111746,4.409143,0.080641,4.211061,3840
live,1068,17828771702603,17828771819400,17828771887081,17828776534915,4.832312,0.067681,4.647834,3840
live,1069,17828781702603,17828781815748,17828781889893,17828786554047,4.851444,0.074145,4.664154,3840
live,1070,17828791702603,17828791814848,17828791878209,17828796580475,4.877872,0.063361,4.702266,3840
live,1071,17828801702603,17828801816252,17828801878909,17828806542775,4.840172,0.062657,4.663866,3840
live,1072,17828811702603,17828811828440,17828811895065,17828816514995,4.812392,0.066625,4.61993,3840
live,1073,17828821702603,17828821820436,17828821899509,17828826323980,4.621377,0.079073,4.424471,3840
live,1074,17828831702603,17828831866929,17828831979314,17828836369929,4.667326,0.112385,4.390615,3840
live,1075,17828841702603,17828841872493,17828841972782,17828846566663,4.86406,0.100289,4.593881,3840
live,1076,17828851702603,17828851891337,17828852130796,17828856465698,4.763095,0.239459,4.334902,3840
live,1077,17828861702603,17828861850949,17828861936742,17828865950840,4.248237,0.085793,4.014098,3840
live,1078,17828871702603,17828871832993,17828871923010,17828875859058,4.156455,0.090017,3.936048,3840
live,1079,17828881702603,17828881822652,17828881896061,17828886310900,4.608297,0.073409,4.414839,3840
live,1080,17828891702603,17828891826808,17828891909882,17828897474495,5.771892,0.083074,5.564613,3840
live,1081,17828901702603,17828901820692,17828901883157,17828906360301,4.657698,0.062465,4.477144,3840
live,1082,17828911702603,17828911839953,17828911921266,17828916513483,4.81088,0.081313,4.592217,3840
live,1083,17828921702603,17828921828205,17828921902445,17828926186787,4.484184,0.07424,4.284342,3840
live,1084,17828931702603,17828931828841,17828931915018,17828935954428,4.251825,0.086177,4.03941,3840
live,1085,17828941702603,17828941868485,17828941969798,17828946459550,4.756947,0.101313,4.489752,3840
live,1086,17828951702603,17828951816832,17828951890209,17828956595644,4.893041,0.073377,4.705435,3840
live,1087,17828961702603,17828961844317,17828961926302,17828966643224,4.940621,0.081985,4.716922,3840
live,1088,17828971702603,17828971829305,17828971903545,17828976576979,4.874376,0.07424,4.673434,3840
live,1089,17828981702603,17828981826357,17828981902709,17828986190507,4.487904,0.076352,4.287798,3840
live,1090,17828991702603,17828991823409,17828991898129,17828996544491,4.841888,0.07472,4.646362,3840
live,1091,17829001702603,17829001859277,17829001957134,17829006409477,4.706874,0.097857,4.452343,3840
live,1092,17829011702603,17829011856873,17829011946314,17829016671973,4.96937,0.089441,4.725659,3840
live,1093,17829021702603,17829021829861,17829021908582,17829026600608,4.898005,0.078721,4.692026,3840
live,1094,17829031702603,17829031821249,17829031895105,17829036578140,4.875537,0.073856,4.683035,3840
live,1095,17829041702603,17829041824893,17829041910046,17829046371445,4.668842,0.085153,4.461399,3840
live,1096,17829051702603,17829051804056,17829051872729,17829056484306,4.781703,0.068673,4.611577,3840
live,1097,17829061702603,17829061969750,17829062089208,17829067246840,5.544237,0.119458,5.157632,3840
live,1098,17829071702603,17829071849873,17829071940658,17829076323912,4.621309,0.090785,4.383254,3840
live,1099,17829081702603,17829082065360,17829082224850,17829093925187,12.222584,0.15949,11.700337,3840
replay,1099,17829081702603,17829082107312,17829082396468,17829093816161,12.113558,0.289156,11.419693,292352
live,1100,17829091702603,17829092289326,17829094004356,17829099112547,7.409944,1.71503,5.108191,3840
live,1101,17829101702603,17829101839621,17829101910022,17829105750837,4.048234,0.070401,3.840815,3840
live,1102,17829111702603,17829111824705,17829111925506,17829116633244,4.930641,0.100801,4.707738,3840
live,1103,17829121702603,17829121824093,17829121886205,17829126244243,4.54164,0.062112,4.358038,3840
live,1104,17829131702603,17829131814584,17829131888953,17829136268752,4.566149,0.074369,4.379799,3840
live,1105,17829141702603,17829141820693,17829141886613,17829146291916,4.589313,0.06592,4.405303,3840
live,1106,17829151702603,17829151833905,17829151912786,17829156589676,4.887073,0.078881,4.67689,3840
live,1107,17829161702603,17829161823021,17829161900654,17829167205455,5.502852,0.077633,5.304801,3840
live,1108,17829171702603,17829171827209,17829171934858,17829176496259,4.793656,0.107649,4.561401,3840
live,1109,17829181702603,17829181820517,17829181901478,17829186701825,4.999222,0.080961,4.800347,3840
live,1110,17829191702603,17829191835361,17829191921058,17829196639004,4.936401,0.085697,4.717946,3840
live,1111,17829201702603,17829201820733,17829201879037,17829206687097,4.984494,0.058304,4.80806,3840
live,1112,17829211702603,17829211812761,17829211887225,17829215868043,4.16544,0.074464,3.980818,3840
live,1113,17829221702603,17829221829109,17829221915158,17829226716977,5.014374,0.086049,4.801819,3840
live,1114,17829231702603,17829231817201,17829231895346,17829236560427,4.857824,0.078145,4.665081,3840
live,1115,17829241702603,17829241815309,17829241872653,17829246559335,4.856732,0.057344,4.686682,3840
live,1116,17829251702603,17829251815241,17829251872393,17829256574852,4.872249,0.057152,4.702459,3840
live,1117,17829261702603,17829261824805,17829261903206,17829266445598,4.742995,0.078401,4.542392,3840
live,1118,17829271702603,17829271817825,17829271892706,17829276663549,4.960946,0.074881,4.770843,3840
live,1119,17829281702603,17829281854685,17829281967294,17829286766202,5.063599,0.112609,4.798908,3840
live,1120,17829291702603,17829291871225,17829291963546,17829297681281,5.978678,0.092321,5.717735,3840
live,1121,17829301702603,17829301844981,17829301927702,17829305954888,4.252285,0.082721,4.027186,3840
live,1122,17829311702603,17829311835921,17829311908434,17829317282388,5.579785,0.072513,5.373954,3840
live,1123,17829321702603,17829321826413,17829322072560,17829326744970,5.042367,0.246147,4.67241,3840
live,1124,17829331702603,17829331822281,17829331897866,17829335908411,4.205808,0.075585,4.010545,3840
live,1125,17829341702603,17829341815941,17829341884294,17829345943224,4.240621,0.068353,4.05893,3840
live,1126,17829351702603,17829351818273,17829351896610,17829356351673,4.64907,0.078337,4.455063,3840
live,1127,17829361702603,17829361803677,17829361865949,17829366325461,4.622858,0.062272,4.459512,3840
live,1128,17829371702603,17829371822585,17829371904378,17829376317137,4.614534,0.081793,4.412759,3840
live,1129,17829381702603,17829381822069,17829381895414,17829386211403,4.5088,0.073345,4.315989,3840
live,1130,17829391702603,17829391819025,17829391883890,17829395796898,4.094295,0.064865,3.913008,3840
live,1131,17829401702603,17829401811085,17829401874573,17829406786954,5.084351,0.063488,4.912381,3840
live,1132,17829411702603,17829411816809,17829411892554,17829416104926,4.402323,0.075745,4.212372,3840
live,1133,17829421702603,17829421824389,17829421898726,17829426266556,4.563953,0.074337,4.36783,3840
live,1134,17829431702603,17829431805345,17829431879202,17829436657117,4.954514,0.073857,4.777915,3840
live,1135,17829441702603,17829441818045,17829441887774,17829446594392,4.891789,0.069729,4.706618,3840
live,1136,17829451702603,17829451816377,17829451896730,17829456357617,4.655014,0.080353,4.460887,3840
live,1137,17829461702603,17829461801525,17829461863893,17829466165419,4.462816,0.062368,4.301526,3840
live,1138,17829471702603,17829471817009,17829471894194,17829476352809,4.650206,0.077185,4.458615,3840
live,1139,17829481702603,17829481812845,17829481880430,17829485889567,4.186964,0.067585,4.009137,3840
live,1140,17829491702603,17829491818601,17829491891658,17829498145879,6.443276,0.073057,6.254221,3840
live,1141,17829501702603,17829501860869,17829501957031,17829506520991,4.818388,0.096162,4.56396,3840
live,1142,17829511702603,17829511882562,17829511976163,17829516654045,4.951442,0.093601,4.677882,3840
live,1143,17829521702603,17829521886046,17829521980703,17829526715066,5.012463,0.094657,4.734363,3840
live,1144,17829531702603,17829531837465,17829531919098,17829536554004,4.851401,0.081633,4.634906,3840
live,1145,17829541702603,17829541825397,17829541900310,17829546596272,4.893669,0.074913,4.695962,3840
live,1146,17829551702603,17829551822257,17829551897394,17829557238580,5.535977,0.075137,5.341186,3840
live,1147,17829561702603,17829561818253,17829561895406,17829566273860,4.571257,0.077153,4.378454,3840
live,1148,17829571702603,17829571818505,17829571889930,17829575938044,4.235441,0.071425,4.048114,3840
live,1149,17829581702603,17829581816005,17829581883782,17829586870276,5.167673,0.067777,4.986494,3840
live,1150,17829591702603,17829591817825,17829591901090,17829595879123,4.17652,0.083265,3.978033,3840
live,1151,17829601702603,17829601822973,17829601914494,17829606586552,4.883949,0.091521,4.672058,3840
live,1152,17829611702603,17829611808473,17829611879130,17829616596948,4.894345,0.070657,4.717818,3840
live,1153,17829621702603,17829621874358,17829622135865,17829626806259,5.103656,0.261507,4.670394,3840
live,1154,17829631702603,17829631805073,17829631864497,17829635856611,4.154008,0.059424,3.992114,3840
live,1155,17829641702603,17829641812525,17829641881070,17829645873695,4.171092,0.068545,3.992625,3840
live,1156,17829651702603,17829651819337,17829651887722,17829656551492,4.848889,0.068385,4.66377,3840
live,1157,17829661702603,17829661820101,17829661889414,17829666147899,4.445296,0.069313,4.258485,3840
live,1158,17829671702603,17829671816833,17829671895202,17829676756926,5.054323,0.078369,4.861724,3840
live,1159,17829681702603,17829681821693,17829681897950,17829686298741,4.596138,0.076257,4.400791,3840
live,1160,17829691702603,17829691820153,17829691895546,17829698868720,7.166117,0.075393,6.973174,3840
live,1161,17829701702603,17829701816405,17829701886550,17829706267916,4.565313,0.070145,4.381366,3840
live,1162,17829711702603,17829711816017,17829711890738,17829716296713,4.59411,0.074721,4.405975,3840
live,1163,17829721702603,17829721859309,17829721948175,17829727218192,5.515589,0.088866,5.270017,3840
live,1164,17829731702603,17829731876266,17829731977387,17829737867284,6.164681,0.101121,5.889897,3840
live,1165,17829741702603,17829741857637,17829742119785,17829746386750,4.684147,0.262148,4.266965,3840
live,1166,17829751702603,17829751830209,17829751913346,17829756678109,4.975506,0.083137,4.764763,3840
live,1167,17829761702603,17829761828605,17829761905118,17829765998225,4.295622,0.076513,4.093107,3840
live,1168,17829771702603,17829771819961,17829771879194,17829776737462,5.034859,0.059233,4.858268,3840
live,1169,17829781702603,17829781817301,17829781888918,17829786629265,4.926662,0.071617,4.740347,3840
live,1170,17829791702603,17829791818897,17829791881874,17829796300681,4.598078,0.062977,4.418807,3840
live,1171,17829801702603,17829801800941,17829801852589,17829807083438,5.380835,0.051648,5.230849,3840
live,1172,17829811702603,17829811815849,17829811892714,17829815983261,4.280658,0.076865,4.090547,3840
live,1173,17829821702603,17829821823173,17829821900582,17829826352029,4.649426,0.077409,4.451447,3840
live,1174,17829831702603,17829831804801,17829831865346,17829836353209,4.650606,0.060545,4.487863,3840
live,1175,17829841702603,17829841817629,17829842070208,17829846139859,4.437256,0.252579,4.069651,3840
live,1176,17829851702603,17829851813977,17829851890810,17829856376530,4.673927,0.076833,4.48572,3840
live,1177,17829861702603,17829861801781,17829861863702,17829866540944,4.838341,0.061921,4.677242,3840
live,1178,17829871702603,17829871814481,17829871886418,17829876509515,4.806912,0.071937,4.623097,3840
live,1179,17829881702603,17829881814733,17829881883982,17829886606920,4.904317,0.069249,4.722938,3840
live,1180,17829891702603,17829891820329,17829891899786,17829898223129,6.520526,0.079457,6.323343,3840
live,1181,17829901702603,17829901804933,17829901865670,17829906137147,4.434544,0.060737,4.271477,3840
live,1182,17829911702603,17829911815681,17829911893314,17829916385274,4.682671,0.077633,4.49196,3840
live,1183,17829921702603,17829921815133,17829921878078,17829926447863,4.74526,0.062945,4.569785,3840
live,1184,17829931702603,17829931803993,17829931860410,17829936653141,4.950538,0.056417,4.792731,3840
live,1185,17829941702603,17829941816149,17829941886806,17829945641733,3.93913,0.070657,3.754927,3840
live,1186,17829951702603,17829951863346,17829951974579,17829956651789,4.949186,0.111233,4.67721,3840
live,1187,17829961702603,17829961847214,17829961940239,17829966650089,4.947486,0.093025,4.70985,3840
live,1188,17829971702603,17829971809481,17829971886378,17829976618469,4.915866,0.076897,4.732091,3840
live,1189,17829981702603,17829981831397,17829981911782,17829986383326,4.680723,0.080385,4.471544,3840
live,1190,17829991702603,17829991825729,17829991903554,17829996614653,4.91205,0.077825,4.711099,3840
live,1191,17830001702603,17830001819133,17830001897182,17830006558616,4.856013,0.078049,4.661434,3840
live,1192,17830011702603,17830011817785,17830011888346,17830016574804,4.872201,0.070561,4.686458,3840
live,1193,17830021702603,17830021820053,17830021887478,17830026823955,5.121352,0.067425,4.936477,3840
live,1194,17830031702603,17830031821329,17830031885842,17830036618861,4.916258,0.064513,4.733019,3840
live,1195,17830041702603,17830041813869,17830041876174,17830046579304,4.876701,0.062305,4.70313,3840
live,1196,17830051702603,17830051823049,17830051897194,17830056422658,4.720055,0.074145,4.525464,3840
live,1197,17830061702603,17830061819397,17830061896326,17830066377694,4.675091,0.076929,4.481368,3840
live,1198,17830071702603,17830071824385,17830072088933,17830076447259,4.744656,0.264548,4.358326,3840
live,1199,17830081702603,17830082078208,17830082197538,17830093842514,12.139911,0.11933,11.644976,3840
replay,1199,17830081702603,17830082124481,17830082414533,17830094094550,12.391947,0.290052,11.680017,292352
live,1200,17830091702603,17830092386528,17830093990964,17830098699983,6.99738,1.604436,4.709019,3840
live,1201,17830101702603,17830101833109,17830101910006,17830105932904,4.230301,0.076897,4.022898,3840
live,1202,17830111702603,17830111816369,17830111891026,17830115641217,3.938614,0.074657,3.750191,3840
live,1203,17830121702603,17830121814285,17830121880398,17830126305189,4.602586,0.066113,4.424791,3840
live,1204,17830131702603,17830131820905,17830131905130,17830136692806,4.990203,0.084225,4.787676,3840
live,1205,17830141702603,17830141817701,17830141895846,17830146608961,4.906358,0.078145,4.713115,3840
live,1206,17830151702603,17830151820609,17830151895714,17830156378970,4.676367,0.075105,4.483256,3840
live,1207,17830161702603,17830161817469,17830161888094,17830166143123,4.44052,0.070625,4.255029,3840
live,1208,17830171702603,17830171867738,17830171987323,17830176383954,4.681351,0.119585,4.396631,3840
live,1209,17830181702603,17830181842390,17830182140921,17830187616349,5.913746,0.298531,5.475428,3840
live,1210,17830191702603,17830191835154,17830191917747,17830196717998,5.015395,0.082593,4.800251,3840
live,1211,17830201702603,17830201822605,17830201901102,17830206639049,4.936446,0.078497,4.737947,3840
live,1212,17830211702603,17830211819113,17830211896874,17830215936156,4.233553,0.077761,4.039282,3840
live,1213,17830221702603,17830221820101,17830221894374,17830226167867,4.465264,0.074273,4.273493,3840
live,1214,17830231702603,17830231820353,17830231889154,17830236942881,5.240278,0.068801,5.053727,3840
live,1215,17830241702603,17830241820253,17830241888510,17830246814363,5.11176,0.068257,4.925853,3840
live,1216,17830251702603,17830251820857,17830251878874,17830256519412,4.816809,0.058017,4.640538,3840
live,1217,17830261702603,17830261815925,17830261879286,17830266638161,4.935558,0.063361,4.758875,3840
live,1218,17830271702603,17830271847314,17830271923155,17830276266505,4.563902,0.075841,4.34335,3840
live,1219,17830281702603,17830281837646,17830281914831,17830287382034,5.679431,0.077185,5.467203,3840
live,1220,17830291702603,17830291804617,17830291869770,17830297858004,6.155401,0.065153,5.988234,3840
live,1221,17830301702603,17830301812357,17830301888134,17830306307453,4.60485,0.075777,4.419319,3840
live,1222,17830311702603,17830311813953,17830311886178,17830315737426,4.034823,0.072225,3.851248,3840
live,1223,17830321702603,17830321813821,17830321885150,17830325862832,4.160229,0.071329,3.977682,3840
live,1224,17830331702603,17830331815097,17830331891258,17830335940621,4.238018,0.076161,4.049363,3840
live,1225,17830341702603,17830341817237,17830341889974,17830346594385,4.891782,0.072737,4.704411,3840
live,1226,17830351702603,17830351817969,17830351896530,17830355958405,4.255802,0.078561,4.061875,3840
live,1227,17830361702603,17830361818062,17830361895118,17830366365574,4.662971,0.077056,4.470456,3840
live,1228,17830371702603,17830371800521,17830371859114,17830376208448,4.505845,0.058593,4.349334,3840
live,1229,17830381702603,17830381833862,17830381909767,17830385912376,4.209773,0.075905,4.002609,3840
live,1230,17830391702603,17830391831778,17830391908323,17830396274425,4.571822,0.076545,4.366102,3840
live,1231,17830401702603,17830401822910,17830401906783,17830406193588,4.490985,0.083873,4.286805,3840
live,1232,17830411702603,17830411822042,17830411900763,17830416865496,5.162893,0.078721,4.964733,3840
live,1233,17830421702603,17830421818646,17830421895383,17830426270605,4.568002,0.076737,4.375222,3840
live,1234,17830431702603,17830431819922,17830431891314,17830436143591,4.440988,0.071392,4.252277,3840
live,1235,17830441702603,17830441817678,17830441891342,17830446599465,4.896862,0.073664,4.708123,3840
live,1236,17830451702603,17830451823146,17830451894635,17830456639525,4.936922,0.071489,4.74489,3840
live,1237,17830461702603,17830461818278,17830461889990,17830466156699,4.454096,0.071712,4.266709,3840
live,1238,17830471702603,17830471817506,17830471896931,17830476560508,4.857905,0.079425,4.663577,3840
live,1239,17830481702603,17830481821918,17830481884094,17830486576345,4.873742,0.062176,4.692251,3840
live,1240,17830491702603,17830491855226,17830491973308,17830498214697,6.512094,0.118082,6.241389,3840
live,1241,17830501702603,17830501833430,17830501909079,17830506040906,4.338303,0.075649,4.131827,3840
live,1242,17830511702603,17830511825074,17830511902803,17830517080083,5.37748,0.077729,5.17728,3840
live,1243,17830521702603,17830521820910,17830521898831,17830526613161,4.910558,0.077921,4.71433,3840
live,1244,17830531702603,17830531819338,17830531902059,17830536401378,4.698775,0.082721,4.499319,3840
live,1245,17830541702603,17830541845286,17830541939175,17830546515456,4.812853,0.093889,4.576281,3840
live,1246,17830551702603,17830551809698,17830551880066,17830556608477,4.905874,0.070368,4.728411,3840
live,1247,17830561702603,17830561821278,17830561899423,17830566516440,4.813837,0.078145,4.617017,3840
live,1248,17830571702603,17830571824250,17830571899579,17830576557780,4.855177,0.075329,4.658201,3840
live,1249,17830581702603,17830581805398,17830581860086,17830587471772,5.769169,0.054688,5.611686,3840
live,1250,17830591702603,17830591842034,17830591925651,17830596579981,4.877378,0.083617,4.65433,3840
live,1251,17830601702603,17830601865230,17830601975376,17830606367974,4.665371,0.110146,4.392598,3840
live,1252,17830611702603,17830611839754,17830611932075,17830617629746,5.927143,0.092321,5.697671,3840
live,1253,17830621702603,17830621831398,17830621930791,17830626495584,4.792981,0.099393,4.564793,3840
live,1254,17830631702603,17830631828130,17830631903491,17830636626877,4.924274,0.075361,4.723386,3840
live,1255,17830641702603,17830641973824,17830642074241,17830646550232,4.847629,0.100417,4.475991,3840
live,1256,17830651702603,17830651844922,17830651927035,17830656757239,5.054636,0.082113,4.830204,3840
live,1257,17830661702603,17830661830294,17830661909399,17830666688594,4.985991,0.079105,4.779195,3840
live,1258,17830671702603,17830671825170,17830671900371,17830676624333,4.92173,0.075201,4.723962,3840
live,1259,17830681702603,17830681822734,17830681902415,17830686518536,4.815933,0.079681,4.616121,3840
live,1260,17830691702603,17830691823274,17830691896331,17830698735008,7.032405,0.073057,6.838677,3840
live,1261,17830701702603,17830701828006,17830701901767,17830706760963,5.05836,0.073761,4.859196,3840
live,1262,17830711702603,17830711806178,17830711870786,17830716350138,4.647535,0.064608,4.479352,3840
live,1263,17830721702603,17830721802942,17830721861534,17830727082175,5.379572,0.058592,5.220641,3840
live,1264,17830731702603,17830731805338,17830731850458,17830738335435,6.632832,0.04512,6.484977,3840
live,1265,17830741702603,17830741798134,17830741853174,17830747049175,5.346572,0.05504,5.196001,3840
live,1266,17830751702603,17830751819154,17830751891987,17830756614509,4.911906,0.072833,4.722522,3840
live,1267,17830761702603,17830761818126,17830761888751,17830766623977,4.921374,0.070625,4.735226,3840
live,1268,17830771702603,17830771816202,17830771875275,17830776616069,4.913466,0.059073,4.740794,3840
live,1269,17830781702603,17830781814598,17830781874247,17830786583585,4.880982,0.059649,4.709338,3840
live,1270,17830791702603,17830791815618,17830791876739,17830798141360,6.438757,0.061121,6.264621,3840
live,1271,17830801702603,17830801822046,17830801892927,17830806235189,4.532586,0.070881,4.342262,3840
live,1272,17830811702603,17830811819418,17830811883579,17830815993390,4.290787,0.064161,4.109811,3840
live,1273,17830821702603,17830821818326,17830821887415,17830826525776,4.823173,0.069089,4.638361,3840
live,1274,17830831702603,17830831821330,17830831895699,17830836482028,4.779425,0.074369,4.586329,3840
live,1275,17830841702603,17830841861646,17830841963664,17830848019323,6.31672,0.102018,6.055659,3840
live,1276,17830851702603,17830851835946,17830851914987,17830856846504,5.143901,0.079041,4.931517,3840
live,1277,17830861702603,17830861826566,17830861903175,17830866624002,4.921399,0.076609,4.720827,3840
live,1278,17830871702603,17830871817378,17830871908515,17830876415803,4.7132,0.091137,4.507288,3840
live,1279,17830881702603,17830881854142,17830881943104,17830885958481,4.255878,0.088962,4.015377,3840
live,1280,17830891702603,17830891831002,17830891898427,17830897282110,5.579507,0.067425,5.383683,3840
live,1281,17830901702603,17830901822422,17830901892919,17830906337742,4.635139,0.070497,4.444823,3840
live,1282,17830911702603,17830911817650,17830911885939,17830916249385,4.546782,0.068289,4.363446,3840
live,1283,17830921702603,17830921816174,17830921888367,17830925886848,4.184245,0.072193,3.998481,3840
live,1284,17830931702603,17830931819242,17830931896459,17830936445027,4.742424,0.077217,4.548568,3840
live,1285,17830941702603,17830941812454,17830941870887,17830946314046,4.611443,0.058433,4.443159,3840
live,1286,17830951702603,17830951816002,17830951882083,17830956626270,4.923667,0.066081,4.744187,3840
live,1287,17830961702603,17830961818206,17830961880191,17830966049459,4.346856,0.061985,4.169268,3840
live,1288,17830971702603,17830971814650,17830971884475,17830976499444,4.796841,0.069825,4.614969,3840
live,1289,17830981702603,17830981821302,17830981897495,17830986366190,4.663587,0.076193,4.468695,3840
live,1290,17830991702603,17830991805170,17830991858355,17830996294730,4.592127,0.053185,4.436375,3840
live,1291,17831001702603,17831001817838,17831001888943,17831005939457,4.236854,0.071105,4.050514,3840
live,1292,17831011702603,17831011814890,17831011875435,17831015901149,4.198546,0.060545,4.025714,3840
live,1293,17831021702603,17831021814566,17831021876487,17831026046139,4.343536,0.061921,4.169652,3840
live,1294,17831031702603,17831031843650,17831031904931,17831036318202,4.615599,0.061281,4.413271,3840
live,1295,17831041702603,17831041833534,17831041903455,17831046618042,4.915439,0.069921,4.714587,3840
live,1296,17831051702603,17831051831130,17831051911355,17831056419667,4.717064,0.080225,4.508312,3840
live,1297,17831061702603,17831061825430,17831061903127,17831066246637,4.544034,0.077697,4.34351,3840
live,1298,17831071702603,17831071852179,17831071937332,17831076887409,5.184806,0.085153,4.950077,3840
live,1299,17831081702603,17831082041105,17831082155538,17831094714126,13.011523,0.114433,12.558588,3840
replay,1299,17831081702603,17831082075025,17831082363733,17831094661965,12.959362,0.288708,12.298232,292352
live,1300,17831091702603,17831092468786,17831094790671,17831098620191,6.917588,2.321885,3.82952,3840
live,1301,17831101702603,17831101825254,17831101895303,17831105887257,4.184654,0.070049,3.991954,3840
live,1302,17831111702603,17831111812706,17831111882083,17831115451727,3.749124,0.069377,3.569644,3840
live,1303,17831121702603,17831121809918,17831121873503,17831126138964,4.436361,0.063585,4.265461,3840
live,1304,17831131702603,17831131810234,17831131875131,17831136265425,4.562822,0.064897,4.390294,3840
live,1305,17831141702603,17831141812470,17831141871095,17831146298222,4.595619,0.058625,4.427127,3840
live,1306,17831151702603,17831151822194,17831151923764,17831156561421,4.858818,0.10157,4.637657,3840
live,1307,17831161702603,17831161865007,17831161974832,17831166750859,5.048256,0.109825,4.776027,3840
live,1308,17831171702603,17831171822794,17831171895371,17831176630406,4.927803,0.072577,4.735035,3840
live,1309,17831181702603,17831181832934,17831181918599,17831186381215,4.678612,0.085665,4.462616,3840
live,1310,17831191702603,17831191809314,17831191879939,17831195861300,4.158697,0.070625,3.981361,3840
live,1311,17831201702603,17831201816990,17831201885823,17831207318466,5.615863,0.068833,5.432643,3840
live,1312,17831211702603,17831211818458,17831211878811,17831216265041,4.562438,0.060353,4.38623,3840
live,1313,17831221702603,17831221818230,17831221880919,17831226003210,4.300607,0.062689,4.122291,3840
live,1314,17831231702603,17831231816850,17831231877363,17831235728163,4.02556,0.060513,3.8508,3840
live,1315,17831241702603,17831241814798,17831241892719,17831246013410,4.310807,0.077921,4.120691,3840
live,1316,17831251702603,17831251820650,17831251879947,17831257332463,5.62986,0.059297,5.452516,3840
live,1317,17831261702603,17831261819942,17831261895367,17831266806436,5.103833,0.075425,4.911069,3840
live,1318,17831271702603,17831271820738,17831271879939,17831276595934,4.893331,0.059201,4.715995,3840
live,1319,17831281702603,17831281817726,17831281890303,17831286696347,4.993744,0.072577,4.806044,3840
live,1320,17831291702603,17831291822650,17831291890843,17831298713072,7.010469,0.068193,6.822229,3840
live,1321,17831301702603,17831301837495,17831301919704,17831307028791,5.326188,0.082209,5.109087,3840
live,1322,17831311702603,17831311808722,17831311880659,17831316660814,4.958211,0.071937,4.780155,3840
live,1323,17831321702603,17831321823150,17831321897647,17831325997058,4.294455,0.074497,4.099411,3840
live,1324,17831331702603,17831331818602,17831331878763,17831335839420,4.136817,0.060161,3.960657,3840
live,1325,17831341702603,17831341817286,17831341878823,17831346507745,4.805142,0.061537,4.628922,3840
live,1326,17831351702603,17831351802562,17831351866851,17831356568701,4.866098,0.064289,4.70185,3840
live,1327,17831361702603,17831361822206,17831361903391,17831366382327,4.679724,0.081185,4.478936,3840
live,1328,17831371702603,17831371822138,17831371882043,17831376501461,4.798858,0.059905,4.619418,3840
live,1329,17831381702603,17831381800566,17831381851991,17831386563697,4.861094,0.051425,4.711706,3840
live,1330,17831391702603,17831391799570,17831391855539,17831396524941,4.822338,0.055969,4.669402,3840
live,1331,17831401702603,17831401800334,17831401852591,17831406542409,4.839806,0.052257,4.689818,3840
live,1332,17831411702603,17831411822539,17831411905772,17831416293154,4.590551,0.083233,4.387382,3840
live,1333,17831421702603,17831421822471,17831421896871,17831426743716,5.041113,0.0744,4.846845,3840
live,1334,17831431702603,17831431799714,17831431861475,17831436356923,4.65432,0.061761,4.495448,3840
live,1335,17831441702603,17831441817054,17831441881887,17831446549145,4.846542,0.064833,4.667258,3840
live,1336,17831451702603,17831451801018,17831451855163,17831456363347,4.660744,0.054145,4.508184,3840
live,1337,17831461702603,17831461819799,17831461894423,17831466365071,4.662468,0.074624,4.470648,3840
live,1338,17831471702603,17831471819891,17831471901332,17831476646574,4.943971,0.081441,4.745242,3840
live,1339,17831481702603,17831481821679,17831481896976,17831486424136,4.721533,0.075297,4.52716,3840
live,1340,17831491702603,17831491819211,17831491880971,17831497836469,6.133866,0.06176,5.955498,3840
live,1341,17831501702603,17831501816967,17831501880551,17831506557441,4.854838,0.063584,4.67689,3840
live,1342,17831511702603,17831511820579,17831511906692,17831516601950,4.899347,0.086113,4.695258,3840
live,1343,17831521702603,17831521840703,17831521924640,17831526366167,4.663564,0.083937,4.441527,3840
live,1344,17831531702603,17831531827067,17831531899132,17831536600022,4.897419,0.072065,4.70089,3840
live,1345,17831541702603,17831541822263,17831541903704,17831546383375,4.680772,0.081441,4.479671,3840
live,1346,17831551702603,17831551805586,17831551857139,17831555851749,4.149146,0.051553,3.99461,3840
live,1347,17831561702603,17831561817167,17831561876559,17831565892129,4.189526,0.059392,4.01557,3840
live,1348,17831571702603,17831571814411,17831571872299,17831576249666,4.547063,0.057888,4.377367,3840
live,1349,17831581702603,17831581816807,17831581888840,17831586650883,4.94828,0.072033,4.762043,3840
live,1350,17831591702603,17831591817539,17831591886339,17831596646335,4.943732,0.0688,4.759996,3840
live,1351,17831601702603,17831601816767,17831601878015,17831606538777,4.836174,0.061248,4.660762,3840
live,1352,17831611702603,17831611818203,17831611881019,17831616590230,4.887627,0.062816,4.709211,3840
live,1353,17831621702603,17831621816023,17831621877143,17831626593714,4.891111,0.06112,4.716571,3840
live,1354,17831631702603,17831631824051,17831631900372,17831636404684,4.702081,0.076321,4.504312,3840
live,1355,17831641702603,17831641820431,17831641897712,17831646776396,5.073793,0.077281,4.878684,3840
live,1356,17831651702603,17831651821643,17831651905036,17831656246082,4.543479,0.083393,4.341046,3840
live,1357,17831661702603,17831661824391,17831661889160,17831666668227,4.965624,0.064769,4.779067,3840
live,1358,17831671702603,17831671799747,17831671850435,17831676510845,4.808242,0.050688,4.66041,3840
live,1359,17831681702603,17831681796926,17831681849119,17831686595162,4.892559,0.052193,4.746043,3840
live,1360,17831691702603,17831691819515,17831691905596,17831697942023,6.23942,0.086081,6.036427,3840
live,1361,17831701702603,17831701821111,17831701896184,17831706788052,5.085449,0.075073,4.891868,3840
live,1362,17831711702603,17831711916404,17831712017333,17831716880178,5.177575,0.100929,4.862845,3840
live,1363,17831721702603,17831721802383,17831721847119,17831725014806,3.312203,0.044736,3.167687,3840
live,1364,17831731702603,17831731812715,17831731872619,17831736518629,4.816026,0.059904,4.64601,3840
live,1365,17831741702603,17831741836455,17831741917864,17831746894534,5.191931,0.081409,4.97667,3840
live,1366,17831751702603,17831751807523,17831751873732,17831756383355,4.680752,0.066209,4.509623,3840
live,1367,17831761702603,17831761822399,17831761896448,17831767208034,5.505431,0.074049,5.311586,3840
live,1368,17831771702603,17831771823355,17831771904092,17831776637463,4.93486,0.080737,4.733371,3840
live,1369,17831781702603,17831781801335,17831781853303,17831786539697,4.837094,0.051968,4.686394,3840
live,1370,17831791702603,17831791827027,17831791883700,17831796602926,4.900323,0.056673,4.719226,3840
live,1371,17831801702603,17831801833647,17831801902992,17831806659307,4.956704,0.069345,4.756315,3840
live,1372,17831811702603,17831811829515,17831811910764,17831817447857,5.745254,0.081249,5.537093,3840
live,1373,17831821702603,17831821823335,17831821903976,17831826353535,4.650932,0.080641,4.449559,3840
live,1374,17831831702603,17831831804387,17831831854883,17831835833845,4.131242,0.050496,3.978962,3840
live,1375,17831841702603,17831841812511,17831841868704,17831845880145,4.177542,0.056193,4.011441,3840
live,1376,17831851702603,17831851818107,17831851892732,17831855955598,4.252995,0.074625,4.062866,3840
live,1377,17831861702603,17831861820919,17831861894712,17831866397232,4.694629,0.073793,4.50252,3840
live,1378,17831871702603,17831871822803,17831871898068,17831876651951,4.949348,0.075265,4.753883,3840
live,1379,17831881702603,17831881824047,17831881900400,17831886818925,5.116322,0.076353,4.918525,3840
live,1380,17831891702603,17831891824875,17831891885356,17831897677396,5.974793,0.060481,5.79204,3840
live,1381,17831901702603,17831901814887,17831901875752,17831906496929,4.794326,0.060865,4.621177,3840
live,1382,17831911702603,17831911817443,17831911892164,17831915983415,4.280812,0.074721,4.091251,3840
live,1383,17831921702603,17831921819903,17831921896768,17831926075924,4.373321,0.076865,4.179156,3840
live,1384,17831931702603,17831931818939,17831931901692,17831936417748,4.715145,0.082753,4.516056,3840
live,1385,17831941702603,17831941816599,17831941893208,17831946042731,4.340128,0.076609,4.149523,3840
live,1386,17831951702603,17831951816755,17831951876148,17831956275690,4.573087,0.059393,4.399542,3840
live,1387,17831961702603,17831961833295,17831961909680,17831966721900,5.019297,0.076385,4.81222,3840
live,1388,17831971702603,17831971826059,17831971904300,17831976217410,4.514807,0.078241,4.31311,3840
live,1389,17831981702603,17831981825031,17831981901768,17831986360735,4.658132,0.076737,4.458967,3840
live,1390,17831991702603,17831991802467,17831991865476,17831996546014,4.843411,0.063009,4.680538,3840
live,1391,17832001702603,17832001823647,17832001885600,17832006596378,4.893775,0.061953,4.710778,3840
live,1392,17832011702603,17832011802587,17832011854716,17832016644919,4.942316,0.052129,4.790203,3840
live,1393,17832021702603,17832021823895,17832021902104,17832026350575,4.647972,0.078209,4.448471,3840
live,1394,17832031702603,17832031802259,17832031846611,17832035505825,3.803222,0.044352,3.659214,3840
live,1395,17832041702603,17832041811375,17832041886128,17832046482761,4.780158,0.074753,4.596633,3840
live,1396,17832051702603,17832051800107,17832051851052,17832056536678,4.834075,0.050945,4.685626,3840
live,1397,17832061702603,17832061814439,17832061872616,17832066611459,4.908856,0.058177,4.738843,3840
live,1398,17832071702603,17832071816131,17832071878916,17832076643423,4.94082,0.062785,4.764507,3840
replay,1399,17832081702603,17832082112867,17832082190116,17832094014678,12.312075,0.077249,11.824562,292352
live,1399,17832081702603,17832082072130,17832082478247,17832093961430,12.258827,0.406117,11.483183,3840
live,1400,17832091702603,17832092116575,17832094097015,17832099261495,7.558892,1.98044,5.16448,3840
live,1401,17832101702603,17832101835063,17832101895096,17832105875722,4.173119,0.060033,3.980626,3840
live,1402,17832111702603,17832111810931,17832111867732,17832115664003,3.9614,0.056801,3.796271,3840
live,1403,17832121702603,17832122050066,17832122110035,17832127104529,5.401926,0.059969,4.994494,3840
live,1404,17832131702603,17832131804363,17832131855980,17832136328579,4.625976,0.051617,4.472599,3840
live,1405,17832141702603,17832141810759,17832141875240,17832146262622,4.560019,0.064481,4.387382,3840
live,1406,17832151702603,17832151816387,17832151892292,17832156415100,4.712497,0.075905,4.522808,3840
live,1407,17832161702603,17832161813215,17832161878752,17832166077492,4.374889,0.065537,4.19874,3840
live,1408,17832171702603,17832171817499,17832171892220,17832177072028,5.369425,0.074721,5.179808,3840
live,1409,17832181702603,17832181834135,17832181910264,17832186735924,5.033321,0.076129,4.82566,3840
live,1410,17832191702603,17832191822419,17832191898900,17832196460557,4.757954,0.076481,4.561657,3840
live,1411,17832201702603,17832201823663,17832201898512,17832206838510,5.135907,0.074849,4.939998,3840
live,1412,17832211702603,17832211820299,17832211894892,17832216551686,4.849083,0.074593,4.656794,3840
live,1413,17832221702603,17832221799175,17832221850408,17832227080073,5.37747,0.051233,5.229665,3840
live,1414,17832231702603,17832231817155,17832231878948,17832236593855,4.891252,0.061793,4.714907,3840
live,1415,17832241702603,17832241814943,17832241875360,17832246014003,4.3114,0.060417,4.138643,3840
live,1416,17832251702603,17832251815131,17832251891356,17832255962671,4.260068,0.076225,4.071315,3840
live,1417,17832261702603,17832261818871,17832261891352,17832266342127,4.639524,0.072481,4.450775,3840
live,1418,17832271702603,17832271801971,17832271872916,17832277035604,5.333001,0.070945,5.162688,3840
live,1419,17832281702603,17832281819023,17832281880464,17832286557034,4.854431,0.061441,4.67657,3840
live,1420,17832291702603,17832291800491,17832291852492,17832297719573,6.01697,0.052001,5.867081,3840
live,1421,17832301702603,17832301814535,17832301884872,17832306047356,4.344753,0.070337,4.162484,3840
live,1422,17832311702603,17832311812451,17832311874692,17832316175097,4.472494,0.062241,4.300405,3840
live,1423,17832321702603,17832321810623,17832321874208,17832325932786,4.230183,0.063585,4.058578,3840
live,1424,17832331702603,17832331816283,17832331893660,17832336445653,4.74305,0.077377,4.551993,3840
live,1425,17832341702603,17832341819255,17832341879320,17832346524178,4.821575,0.060065,4.644858,3840
live,1426,17832351702603,17832351799315,17832351850164,17832356565262,4.862659,0.050849,4.715098,3840
live,1427,17832361702603,17832361817039,17832361890800,17832366069924,4.367321,0.073761,4.179124,3840
live,1428,17832371702603,17832371816939,17832371876844,17832376509606,4.807003,0.059905,4.632762,3840
live,1429,17832381702603,17832381816807,17832381896616,17832386172669,4.470066,0.079809,4.276053,3840
live,1430,17832391702603,17832391820452,17832391900293,17832396109273,4.40667,0.079841,4.20898,3840
live,1431,17832401702603,17832401819456,17832401903457,17832406704508,5.001905,0.084001,4.801051,3840
live,1432,17832411702603,17832411810811,17832411868188,17832416629943,4.92734,0.057377,4.761755,3840
live,1433,17832421702603,17832421816824,17832421888408,17832426655220,4.952617,0.071584,4.766812,3840
live,1434,17832431702603,17832431822484,17832431899573,17832436696272,4.993669,0.077089,4.796699,3840
live,1435,17832441702603,17832441818608,17832441882736,17832446673228,4.970625,0.064128,4.790492,3840
live,1436,17832451702603,17832451800203,17832451851756,17832456591335,4.888732,0.051553,4.739579,3840
live,1437,17832461702603,17832461813672,17832461873128,17832466239550,4.536947,0.059456,4.366422,3840
live,1438,17832471702603,17832471816164,17832471885956,17832476252923,4.55032,0.069792,4.366967,3840
live,1439,17832481702603,17832481821504,17832481895265,17832486448313,4.74571,0.073761,4.553048,3840
live,1440,17832491702603,17832491818108,17832491877052,17832498172714,6.470111,0.058944,6.295662,3840
live,1441,17832501702603,17832501798711,17832501852408,17832506020300,4.317697,0.053697,4.167892,3840
live,1442,17832511702603,17832511821012,17832511881620,17832517045204,5.342601,0.060608,5.163584,3840
live,1443,17832521702603,17832521816752,17832521876752,17832526590955,4.888352,0.06,4.714203,3840
live,1444,17832531702603,17832531819948,17832531900077,17832536745321,5.042718,0.080129,4.845244,3840
live,1445,17832541702603,17832541819208,17832541893609,17832546142621,4.440018,0.074401,4.249012,3840
live,1446,17832551702603,17832551846244,17832551924325,17832556480061,4.777458,0.078081,4.555736,3840
live,1447,17832561702603,17832561818176,17832561881824,17832566530266,4.827663,0.063648,4.648442,3840
live,1448,17832571702603,17832571803580,17832571857756,17832576131345,4.428742,0.054176,4.273589,3840
live,1449,17832581702603,17832581818744,17832581894521,17832586675668,4.973065,0.075777,4.781147,3840
live,1450,17832591702603,17832591819284,17832591889141,17832596190634,4.488031,0.069857,4.301493,3840
live,1451,17832601702603,17832601820208,17832601895761,17832606322056,4.619453,0.075553,4.426295,3840
live,1452,17832611702603,17832611819372,17832611885549,17832616586727,4.884124,0.066177,4.701178,3840
live,1453,17832621702603,17832621869512,17832621986378,17832626492226,4.789623,0.116866,4.505848,3840
live,1454,17832631702603,17832631852388,17832631946181,17832636466557,4.763954,0.093793,4.520376,3840
live,1455,17832641702603,17832641833120,17832641922209,17832646335192,4.632589,0.089089,4.412983,3840
live,1456,17832651702603,17832651804156,17832651867484,17832656095185,4.392582,0.063328,4.227701,3840
live,1457,17832661702603,17832661816120,17832661891993,17832666627475,4.924872,0.075873,4.735482,3840
live,1458,17832671702603,17832671817940,17832671896117,17832676295883,4.59328,0.078177,4.399766,3840
live,1459,17832681702603,17832681891601,17832681960690,17832686802638,5.100035,0.069089,4.841948,3840
live,1460,17832691702603,17832691823468,17832691890157,17832697473138,5.770535,0.066689,5.582981,3840
live,1461,17832701702603,17832701817416,17832701886633,17832706160670,4.458067,0.069217,4.274037,3840
live,1462,17832711702603,17832711814788,17832711889445,17832716303163,4.60056,0.074657,4.413718,3840
live,1463,17832721702603,17832721854272,17832721957186,17832726519706,4.817103,0.102914,4.56252,3840
live,1464,17832731702603,17832731814108,17832731885533,17832736974364,5.271761,0.071425,5.088831,3840
live,1465,17832741702603,17832741823384,17832741889337,17832746642996,4.940393,0.065953,4.753659,3840
live,1466,17832751702603,17832751817780,17832751898293,17832756641584,4.938981,0.080513,4.743291,3840
live,1467,17832761702603,17832761821808,17832761896401,17832766356840,4.654237,0.074593,4.460439,3840
live,1468,17832771702603,17832771818828,17832771880141,17832776516006,4.813403,0.061313,4.635865,3840
live,1469,17832781702603,17832781816104,17832781877225,17832787658896,5.956293,0.061121,5.781671,3840
live,1470,17832791702603,17832791800996,17832791855876,17832796567551,4.864948,0.05488,4.711675,3840
live,1471,17832801702603,17832801813760,17832801873921,17832806072373,4.36977,0.060161,4.198452,3840
live,1472,17832811702603,17832811824508,17832811887805,17832816402229,4.699626,0.063297,4.514424,3840
live,1473,17832821702603,17832821816408,17832821881305,17832826723573,5.02097,0.064897,4.842268,3840
live,1474,17832831702603,17832831815124,17832831894549,17832835915943,4.21334,0.079425,4.021394,3840
live,1475,17832841702603,17832841821424,17832841886161,17832846563211,4.860608,0.064737,4.67705,3840
live,1476,17832851702603,17832851815500,17832851877261,17832856617960,4.915357,0.061761,4.740699,3840
live,1477,17832861702603,17832861830344,17832861905993,17832866155806,4.453203,0.075649,4.249813,3840
live,1478,17832871702603,17832871818244,17832871877605,17832876281851,4.579248,0.059361,4.404246,3840
live,1479,17832881702603,17832881851616,17832881940514,17832886178422,4.475819,0.088898,4.237908,3840
live,1480,17832891702603,17832891830908,17832891907517,17832898265036,6.562433,0.076609,6.357519,3840
live,1481,17832901702603,17832901806680,17832901870873,17832906064973,4.36237,0.064193,4.1941,3840
live,1482,17832911702603,17832911814708,17832911870677,17832916204842,4.502239,0.055969,4.334165,3840
live,1483,17832921702603,17832921797648,17832921858513,17832925850882,4.148279,0.060865,3.992369,3840
live,1484,17832931702603,17832931814956,17832931894093,17832935895807,4.193204,0.079137,4.001714,3840
live,1485,17832941702603,17832941817928,17832941900681,17832946139070,4.436467,0.082753,4.238389,3840
live,1486,17832951702603,17832951815524,17832951868741,17832956217307,4.514704,0.053217,4.348566,3840
live,1487,17832961702603,17832961812256,17832961872289,17832966474874,4.772271,0.060033,4.602585,3840
live,1488,17832971702603,17832971795420,17832971847613,17832976504118,4.801515,0.052193,4.656505,3840
live,1489,17832981702603,17832981812920,17832981879481,17832986563155,4.860552,0.066561,4.683674,3840
live,1490,17832991702603,17832991823924,17832991903637,17832996443854,4.741251,0.079713,4.540217,3840
live,1491,17833001702603,17833001861393,17833001955282,17833006362953,4.66035,0.093889,4.407671,3840
live,1492,17833011702603,17833011816236,17833011871789,17833016249475,4.546872,0.055553,4.377686,3840
live,1493,17833021702603,17833021821608,17833021887081,17833026132574,4.429971,0.065473,4.245493,3840
live,1494,17833031702603,17833031817092,17833031894565,17833036321724,4.619121,0.077473,4.427159,3840
live,1495,17833041702603,17833041822272,17833041902017,17833046493338,4.790735,0.079745,4.591321,3840
live,1496,17833051702603,17833051802588,17833051864093,17833056663608,4.961005,0.061505,4.799515,3840
live,1497,17833061702603,17833061818712,17833061912217,17833066243887,4.541284,0.093505,4.33167,3840
live,1498,17833071702603,17833071822420,17833071886389,17833076456782,4.754179,0.063969,4.570393,3840
live,1499,17833081702603,17833082060179,17833082181973,17833094861618,13.159015,0.121794,12.679645,3840
replay,1499,17833081702603,17833082100340,17833082419896,17833094920499,13.217896,0.319556,12.500603,292352
