stage,sequence,release_ns,queued_ns,start_ns,end_ns,age_ms,queue_ms,service_ms,output_samples
live,0,16086722452764,16086722726425,16086722832186,16086725695646,3.242882,0.105761,2.86346,1920
live,1,16086732452764,16086732625526,16086732693079,16086734487790,2.035026,0.067553,1.794711,1920
live,2,16086742452764,16086742643861,16086742753142,16086744173064,1.7203,0.109281,1.419922,1920
live,3,16086752452764,16086752665684,16086752775189,16086754244872,1.792108,0.109505,1.469683,1920
live,4,16086762452764,16086762611410,16086762666867,16086763514077,1.061313,0.055457,0.84721,1920
live,5,16086772452764,16086772692210,16086772781267,16086774140548,1.687784,0.089057,1.359281,1920
live,6,16086782452764,16086782622608,16086782706545,16086785663350,3.210586,0.083937,2.956805,1920
live,7,16086792452764,16086792622190,16086792709967,16086794201474,1.74871,0.087777,1.491507,1920
live,8,16086802452764,16086802627277,16086802709262,16086804181313,1.728549,0.081985,1.472051,1920
live,9,16086812452764,16086812611211,16086812692652,16086814133183,1.680419,0.081441,1.440531,1920
live,10,16086822452764,16086822607754,16086822688171,16086824151230,1.698466,0.080417,1.463059,1920
live,11,16086832452764,16086832603305,16086832683018,16086834120924,1.66816,0.079713,1.437906,1920
live,12,16086842452764,16086842608231,16086842692552,16086844126235,1.673471,0.084321,1.433683,1920
live,13,16086852452764,16086852602630,16086852680999,16086853715476,1.262712,0.078369,1.034477,1920
live,14,16086862452764,16086862605413,16086862683846,16086864078839,1.626075,0.078433,1.394993,1920
live,15,16086872452764,16086872632612,16086873007144,16086874711294,2.25853,0.374532,1.70415,1920
live,16,16086882452764,16086882645827,16086882944550,16086884467290,2.014526,0.298723,1.52274,1920
live,17,16086892452764,16086892590657,16086892908453,16086894816797,2.364033,0.317796,1.908344,1920
live,18,16086902452764,16086902627680,16086903023845,16086905359778,2.907014,0.396165,2.335933,1920
live,19,16086912452764,16086912640351,16086913051780,16086915343777,2.891013,0.411429,2.291997,1920
live,20,16086922452764,16086922635517,16086923038754,16086927741438,5.288674,0.403237,4.702684,1920
live,21,16086932452764,16086932598907,16086932678588,16086934862008,2.409244,0.079681,2.18342,1920
live,22,16086942452764,16086942598810,16086942695483,16086945005625,2.552861,0.096673,2.310142,1920
live,23,16086952452764,16086952612985,16086952701914,16086954925878,2.473114,0.088929,2.223964,1920
live,24,16086962452764,16086962602615,16086962694489,16086964931701,2.478937,0.091874,2.237212,1920
live,25,16086972452764,16086972607350,16086972701591,16086974918003,2.465239,0.094241,2.216412,1920
live,26,16086982452764,16086982606933,16086982715254,16086984210985,1.758221,0.108321,1.495731,1920
live,27,16086992452764,16086992586003,16086992633332,16086993454334,1.00157,0.047329,0.821002,1920
live,28,16087002452764,16087002589554,16087002672787,16087003961059,1.508295,0.083233,1.288272,1920
live,29,16087012452764,16087012613105,16087012696658,16087014050147,1.597383,0.083553,1.353489,1920
live,30,16087022452764,16087022606128,16087022684273,16087024066690,1.613926,0.078145,1.382417,1920
live,31,16087032452764,16087032605006,16087032688911,16087034048481,1.595717,0.083905,1.35957,1920
live,32,16087042452764,16087042605197,16087042693102,16087044097664,1.6449,0.087905,1.404562,1920
live,33,16087052452764,16087052605740,16087052685741,16087054032350,1.579586,0.080001,1.346609,1920
live,34,16087062452764,16087062599274,16087062677451,16087064038652,1.585888,0.078177,1.361201,1920
live,35,16087072452764,16087072600489,16087072669642,16087073854073,1.401309,0.069153,1.184431,1920
live,36,16087082452764,16087082570535,16087082605928,16087083415474,0.96271,0.035393,0.809546,1920
live,37,16087092452764,16087092575846,16087092645671,16087093928663,1.475899,0.069825,1.282992,1920
live,38,16087102452764,16087102617221,16087103021162,16087105330279,2.877515,0.403941,2.309117,1920
live,39,16087112452764,16087112631748,16087113048009,16087115407687,2.954923,0.416261,2.359678,1920
live,40,16087122452764,16087122603394,16087122692515,16087127085243,4.632479,0.089121,4.392728,1920
live,41,16087132452764,16087132610369,16087132704770,16087134917118,2.464354,0.094401,2.212348,1920
live,42,16087142452764,16087142889827,16087142984612,16087145248321,2.795557,0.094785,2.263709,1920
live,43,16087152452764,16087152612510,16087152700576,16087154924828,2.472064,0.088066,2.224252,1920
live,44,16087162452764,16087162602525,16087162684958,16087164952379,2.499615,0.082433,2.267421,1920
live,45,16087172452764,16087172601916,16087172675133,16087174575701,2.122937,0.073217,1.900568,1920
live,46,16087182452764,16087182599674,16087182672283,16087184931256,2.478492,0.072609,2.258973,1920
live,47,16087192452764,16087192613625,16087192710426,16087195032376,2.579612,0.096801,2.32195,1920
live,48,16087202452764,16087202640760,16087202752186,16087204371694,1.91893,0.111426,1.619508,1920
live,49,16087212452764,16087212620247,16087212703384,16087213722565,1.269801,0.083137,1.019181,1920
live,50,16087222452764,16087222570645,16087222625301,16087223960518,1.507754,0.054656,1.335217,1920
live,51,16087232452764,16087232587603,16087232678325,16087234621197,2.168433,0.090722,1.942872,1920
live,52,16087242452764,16087242607634,16087242697940,16087245321557,2.868793,0.090306,2.623617,1920
live,53,16087252452764,16087252606321,16087252696178,16087254939855,2.487091,0.089857,2.243677,1920
live,54,16087262452764,16087262609840,16087262702865,16087264957902,2.505138,0.093025,2.255037,1920
live,55,16087272452764,16087272608718,16087272698832,16087274821962,2.369198,0.090114,2.12313,1920
live,56,16087282452764,16087282607213,16087282695566,16087284945419,2.492655,0.088353,2.249853,1920
live,57,16087292452764,16087292608236,16087292695309,16087294919561,2.466797,0.087073,2.224252,1920
live,58,16087302452764,16087302612811,16087302699916,16087304958280,2.505516,0.087105,2.258364,1920
live,59,16087312452764,16087312603529,16087312693002,16087314898022,2.445258,0.089473,2.20502,1920
live,60,16087322452764,16087322603720,16087322694505,16087327052768,4.600004,0.090785,4.358263,1920
live,61,16087332452764,16087332606662,16087332692008,16087334932548,2.479784,0.085346,2.24054,1920
live,62,16087342452764,16087342608549,16087342710470,16087344993379,2.540615,0.101921,2.282909,1920
live,63,16087352452764,16087352615364,16087352710053,16087354970818,2.518054,0.094689,2.260765,1920
live,64,16087362452764,16087362610883,16087362698500,16087364989249,2.536485,0.087617,2.290749,1920
live,65,16087372452764,16087372603329,16087372690754,16087374911806,2.459042,0.087425,2.221052,1920
live,66,16087382452764,16087382599776,16087382672001,16087384918909,2.466145,0.072225,2.246908,1920
live,67,16087392452764,16087392599710,16087392686112,16087394917884,2.46512,0.086402,2.231772,1920
live,68,16087402452764,16087402609021,16087402697758,16087404713112,2.260348,0.088737,2.015354,1920
live,69,16087412452764,16087412609084,16087412698845,16087414926905,2.474141,0.089761,2.22806,1920
live,70,16087422452764,16087422609307,16087422712572,16087424753910,2.301146,0.103265,2.041338,1920
live,71,16087432452764,16087432611065,16087432690010,16087434889558,2.436794,0.078945,2.199548,1920
live,72,16087442452764,16087442621528,16087442724793,16087444997878,2.545114,0.103265,2.273085,1920
live,73,16087452452764,16087452614359,16087452711448,16087454949876,2.497112,0.097089,2.238428,1920
live,74,16087462452764,16087462611285,16087462700342,16087464690032,2.237268,0.089057,1.98969,1920
live,75,16087472452764,16087472604468,16087472686869,16087474915825,2.463061,0.082401,2.228956,1920
live,76,16087482452764,16087482646675,16087482736916,16087484956208,2.503444,0.090241,2.219292,1920
live,77,16087492452764,16087492625489,16087492710099,16087494897038,2.444274,0.08461,2.186939,1920
live,78,16087502452764,16087502607664,16087502700049,16087504959758,2.506994,0.092385,2.259709,1920
live,79,16087512452764,16087512609391,16087512690992,16087514899340,2.446576,0.081601,2.208348,1920
live,80,16087522452764,16087522597485,16087522681038,16087527017253,4.564489,0.083553,4.336215,1920
live,81,16087532452764,16087532600460,16087532706957,16087534684230,2.231466,0.106497,1.977273,1920
live,82,16087542452764,16087542596779,16087542680492,16087544624452,2.171688,0.083713,1.94396,1920
live,83,16087552452764,16087552602825,16087552693674,16087554638243,2.185479,0.090849,1.944569,1920
live,84,16087562452764,16087562608104,16087562693769,16087564638658,2.185894,0.085665,1.944889,1920
live,85,16087572452764,16087572605031,16087572688744,16087575024741,2.571977,0.083713,2.335997,1920
live,86,16087582452764,16087582601669,16087582675398,16087585018180,2.565416,0.073729,2.342782,1920
live,87,16087592452764,16087592598308,16087592674661,16087594908097,2.455333,0.076353,2.233436,1920
live,88,16087602452764,16087602669571,16087602861190,16087605081666,2.628902,0.191619,2.220476,1920
live,89,16087612452764,16087612604417,16087612680738,16087614621627,2.168863,0.076321,1.940889,1920
live,90,16087622452764,16087622598912,16087622683969,16087624661146,2.208382,0.085057,1.977177,1920
live,91,16087632452764,16087632598175,16087632673184,16087634626744,2.17398,0.075009,1.95356,1920
live,92,16087642452764,16087642605917,16087642699967,16087644685784,2.23302,0.09405,1.985817,1920
live,93,16087652452764,16087652607292,16087652716989,16087655508033,3.055269,0.109697,2.791044,1920
live,94,16087662452764,16087662656731,16087662779069,16087664858167,2.405403,0.122338,2.079098,1920
live,95,16087672452764,16087672627898,16087672724251,16087675061976,2.609212,0.096353,2.337725,1920
live,96,16087682452764,16087682611896,16087682699865,16087685038903,2.586139,0.087969,2.339038,1920
live,97,16087692452764,16087692601239,16087692677080,16087694992437,2.539673,0.075841,2.315357,1920
live,98,16087702452764,16087702595765,16087702693847,16087705064213,2.611449,0.098082,2.370366,1920
live,99,16087712452764,16087714701551,16087714872401,16087718474782,6.022018,0.17085,3.602381,1920
replay,99,16087712452764,16087714767119,16087714977874,16087755110447,42.657683,0.210755,40.132573,146176
live,100,16087722452764,16087722941015,16087723545311,16087730015953,7.563189,0.604296,6.470642,1920
live,101,16087732452764,16087732764979,16087732920629,16087735446229,2.993465,0.15565,2.5256,1920
live,102,16087742452764,16087743233048,16087743387994,16087746795621,4.342857,0.154946,3.407627,1920
live,103,16087752452764,16087755384530,16087755905113,16087759959660,7.506896,0.520583,4.054547,1920
live,104,16087762452764,16087762653870,16087762747279,16087765018092,2.565328,0.093409,2.270813,1920
live,105,16087772452764,16087772678413,16087773087570,16087775476048,3.023284,0.409157,2.388478,1920
live,106,16087782452764,16087782648907,16087783076849,16087785533776,3.081012,0.427942,2.456927,1920
live,107,16087792452764,16087792674218,16087793110640,16087795562447,3.109683,0.436422,2.451807,1920
live,108,16087802452764,16087802658089,16087803079534,16087805394155,2.941391,0.421445,2.314621,1920
live,109,16087812452764,16087812632583,16087812735592,16087815002181,2.549417,0.103009,2.266589,1920
live,110,16087822452764,16087822615846,16087822711559,16087824936451,2.483687,0.095713,2.224892,1920
live,111,16087832452764,16087832612356,16087832702981,16087834924834,2.47207,0.090625,2.221853,1920
live,112,16087842452764,16087842604803,16087842693348,16087844928768,2.476004,0.088545,2.23542,1920
live,113,16087852452764,16087852608290,16087852719491,16087854949311,2.496547,0.111201,2.22982,1920
live,114,16087862452764,16087862892772,16087863013221,16087864995038,2.542274,0.120449,1.981817,1920
live,115,16087872452764,16087872635327,16087872748961,16087874242388,1.789624,0.113634,1.493427,1920
live,116,16087882452764,16087882613406,16087882726335,16087884139889,1.687125,0.112929,1.413554,1920
live,117,16087892452764,16087892604156,16087892710878,16087893836236,1.383472,0.106722,1.125358,1920
live,118,16087902452764,16087902604763,16087902683036,16087903753513,1.300749,0.078273,1.070477,1920
live,119,16087912452764,16087912595417,16087912671802,16087914988792,2.536028,0.076385,2.31699,1920
live,120,16087922452764,16087922618200,16087922709210,16087927261843,4.809079,0.09101,4.552633,1920
live,121,16087932452764,16087932605687,16087932694840,16087934652689,2.199925,0.089153,1.957849,1920
live,122,16087942452764,16087942607702,16087942692567,16087943828293,1.375529,0.084865,1.135726,1920
live,123,16087952452764,16087952601364,16087952680629,16087953725890,1.273126,0.079265,1.045261,1920
live,124,16087962452764,16087962599155,16087962681684,16087963735137,1.282373,0.082529,1.053453,1920
live,125,16087972452764,16087972601554,16087972685011,16087973739840,1.287076,0.083457,1.054829,1920
live,126,16087982452764,16087982600016,16087982677137,16087983708542,1.255778,0.077121,1.031405,1920
live,127,16087992452764,16087992595343,16087992681040,16087993711741,1.258977,0.085697,1.030701,1920
live,128,16088002452764,16088002598126,16088002673230,16088003699131,1.246367,0.075104,1.025901,1920
live,129,16088012452764,16088012602124,16088012681325,16088013711930,1.259166,0.079201,1.030605,1920
live,130,16088022452764,16088022600843,16088022684300,16088023742457,1.289693,0.083457,1.058157,1920
live,131,16088032452764,16088032604074,16088032686731,16088033714072,1.261308,0.082657,1.027341,1920
live,132,16088042452764,16088042598312,16088042665865,16088043689398,1.236634,0.067553,1.023533,1920
live,133,16088052452764,16088052594215,16088052662920,16088053676629,1.223865,0.068705,1.013709,1920
live,134,16088062452764,16088062601286,16088062667782,16088063690323,1.237559,0.066496,1.022541,1920
live,135,16088072452764,16088072613668,16088072720166,16088073962774,1.51001,0.106498,1.242608,1920
live,136,16088082452764,16088082622531,16088083016712,16088085029122,2.576358,0.394181,2.01241,1920
live,137,16088092452764,16088092627010,16088092777892,16088094084372,1.631608,0.150882,1.30648,1920
live,138,16088102452764,16088102627009,16088102729090,16088103864848,1.412084,0.102081,1.135758,1920
live,139,16088112452764,16088112620031,16088112701728,16088113791694,1.33893,0.081697,1.089966,1920
live,140,16088122452764,16088122605246,16088122688031,16088126869652,4.416888,0.082785,4.181621,1920
live,141,16088132452764,16088132610012,16088132701630,16088134651606,2.198842,0.091618,1.949976,1920
live,142,16088142452764,16088142599803,16088142686620,16088145077882,2.625118,0.086817,2.391262,1920
live,143,16088152452764,16088152598106,16088152683995,16088155035129,2.582365,0.085889,2.351134,1920
live,144,16088162452764,16088162600664,16088162687833,16088165074072,2.621308,0.087169,2.386239,1920
live,145,16088172452764,16088172608055,16088172710840,16088174689969,2.237205,0.102785,1.979129,1920
live,146,16088182452764,16088182600534,16088182688311,16088185076245,2.623481,0.087777,2.387934,1920
live,147,16088192452764,16088192600180,16088192674997,16088195059444,2.60668,0.074817,2.384447,1920
live,148,16088202452764,16088202598387,16088202684340,16088205067890,2.615126,0.085953,2.38355,1920
live,149,16088212452764,16088212598706,16088212675187,16088215046065,2.593301,0.076481,2.370878,1920
live,150,16088222452764,16088222602832,16088222699922,16088224709387,2.256623,0.09709,2.009465,1920
live,151,16088232452764,16088232605551,16088232682096,16088235007118,2.554354,0.076545,2.325022,1920
live,152,16088242452764,16088242651438,16088242735279,16088245122030,2.669266,0.083841,2.386751,1920
live,153,16088252452764,16088252626797,16088252716430,16088255027659,2.574895,0.089633,2.311229,1920
live,154,16088262452764,16088262610379,16088262695596,16088265063242,2.610478,0.085217,2.367646,1920
live,155,16088272452764,16088272611018,16088272712907,16088274682884,2.23012,0.101889,1.969977,1920
live,156,16088282452764,16088282604360,16088282691626,16088285055176,2.602412,0.087266,2.36355,1920
live,157,16088292452764,16088292608071,16088292701640,16088295055430,2.602666,0.093569,2.35379,1920
live,158,16088302452764,16088302606310,16088302680839,16088304925091,2.472327,0.074529,2.244252,1920
live,159,16088312452764,16088312611813,16088312704454,16088314918306,2.465542,0.092641,2.213852,1920
live,160,16088322452764,16088322614435,16088322706116,16088326077615,3.624851,0.091681,3.371499,1920
live,161,16088332452764,16088332610466,16088332703267,16088333786289,1.333525,0.092801,1.083022,1920
live,162,16088342452764,16088342606017,16088342692994,16088344679259,2.226495,0.086977,1.986265,1920
live,163,16088352452764,16088352598655,16088352678080,16088354896892,2.444128,0.079425,2.218812,1920
live,164,16088362452764,16088362603134,16088362673631,16088364908955,2.456191,0.070497,2.235324,1920
live,165,16088372452764,16088372866176,16088372983137,16088375299327,2.846563,0.116961,2.31619,1920
live,166,16088382452764,16088382606875,16088382695740,16088384670933,2.218169,0.088865,1.975193,1920
live,167,16088392452764,16088392602106,16088392686331,16088394611955,2.159191,0.084225,1.925624,1920
live,168,16088402452764,16088402599384,16088402683738,16088404909398,2.456634,0.084354,2.22566,1920
live,169,16088412452764,16088412602839,16088412688216,16088414898772,2.446008,0.085377,2.210556,1920
live,170,16088422452764,16088422602422,16088422676759,16088425635676,3.182912,0.074337,2.958917,1920
live,171,16088432452764,16088432603317,16088432688118,16088434668239,2.215475,0.084801,1.980121,1920
live,172,16088442452764,16088442603411,16088442687796,16088444641933,2.189169,0.084385,1.954137,1920
live,173,16088452452764,16088452599346,16088452682003,16088454890703,2.437939,0.082657,2.2087,1920
live,174,16088462452764,16088462603473,16088462684498,16088464890446,2.437682,0.081025,2.205948,1920
live,175,16088472452764,16088472600143,16088472685808,16088474110562,1.657798,0.085665,1.424754,1920
live,176,16088482452764,16088482612430,16088482704911,16088483823517,1.370753,0.092481,1.118606,1920
live,177,16088492452764,16088492600429,16088492679662,16088493726331,1.273567,0.079233,1.046669,1920
live,178,16088502452764,16088502595307,16088502661612,16088503696121,1.243357,0.066305,1.034509,1920
live,179,16088512452764,16088512592394,16088512674731,16088514018748,1.565984,0.082337,1.344017,1920
live,180,16088522452764,16088522594888,16088522663465,16088526169142,3.716378,0.068577,3.505677,1920
live,181,16088532452764,16088532594631,16088532687272,16088533780118,1.327354,0.092641,1.092846,1920
live,182,16088542452764,16088542601222,16088543726804,16088544833986,2.381222,1.125582,1.107182,1920
live,183,16088552452764,16088553117867,16088553215244,16088554288154,1.83539,0.097377,1.07291,1920
live,184,16088562452764,16088562614563,16088562710021,16088563872307,1.419543,0.095458,1.162286,1920
live,185,16088572452764,16088572595298,16088572682051,16088573759665,1.306901,0.086753,1.077614,1920
live,186,16088582452764,16088582601057,16088582686978,16088583774607,1.321843,0.085921,1.087629,1920
live,187,16088592452764,16088592601343,16088592675136,16088593732398,1.279634,0.073793,1.057262,1920
live,188,16088602452764,16088602606846,16088602717855,16088603921743,1.468979,0.111009,1.203888,1920
live,189,16088612452764,16088612599965,16088612684734,16088613753099,1.300335,0.084769,1.068365,1920
live,190,16088622452764,16088622597339,16088622675900,16088623735530,1.282766,0.078561,1.05963,1920
live,191,16088632452764,16088632609498,16088633008063,16088635039385,2.586621,0.398565,2.031322,1920
live,192,16088642452764,16088642632441,16088643031486,16088644338863,1.886099,0.399045,1.307377,1920
live,193,16088652452764,16088652592439,16088652673144,16088653739430,1.286666,0.080705,1.066286,1920
live,194,16088662452764,16088662600502,16088662677751,16088663732644,1.27988,0.077249,1.054893,1920
live,195,16088672452764,16088672593589,16088672660405,16088674032263,1.579499,0.066816,1.371858,1920
live,196,16088682452764,16088682603571,16088682683476,16088684123015,1.670251,0.079905,1.439539,1920
live,197,16088692452764,16088692596562,16088692674803,16088693716672,1.263908,0.078241,1.041869,1920
live,198,16088702452764,16088702595121,16088702672754,16088703709535,1.256771,0.077633,1.036781,1920
live,199,16088712452764,16088714685354,16088714860876,16088717249322,4.796558,0.175522,2.388446,1920
replay,199,16088712452764,16088714756331,16088714974413,16088754805894,42.35313,0.218082,39.831481,146176
live,200,16088722452764,16088722741232,16088722917650,16088730946936,8.494172,0.176418,8.029286,1920
live,201,16088732452764,16088733127539,16088733344246,16088735240110,2.787346,0.216707,1.895864,1920
live,202,16088742452764,16088742736941,16088743203827,16088745912917,3.460153,0.466886,2.70909,1920
live,203,16088752452764,16088752890350,16088753426581,16088756381466,3.928702,0.536231,2.954885,1920
live,204,16088762452764,16088762759211,16088763485556,16088764770180,2.317416,0.726345,1.284624,1920
live,205,16088772452764,16088772617896,16088772710057,16088773914456,1.461692,0.092161,1.204399,1920
live,206,16088782452764,16088782614342,16088782704839,16088783833558,1.380794,0.090497,1.128719,1920
live,207,16088792452764,16088792622181,16088792731846,16088793975510,1.522746,0.109665,1.243664,1920
live,208,16088802452764,16088802614212,16088802694469,16088803767538,1.314774,0.080257,1.073069,1920
live,209,16088812452764,16088812603586,16088812689475,16088813746385,1.293621,0.085889,1.05691,1920
live,210,16088822452764,16088822607073,16088822690370,16088823734447,1.281683,0.083297,1.044077,1920
live,211,16088832452764,16088832603071,16088832670784,16088833699885,1.247121,0.067713,1.029101,1920
live,212,16088842452764,16088842601502,16088842692927,16088843793101,1.340337,0.091425,1.100174,1920
live,213,16088852452764,16088852614205,16088852699358,16088853748331,1.295567,0.085153,1.048973,1920
live,214,16088862452764,16088862648316,16088862749725,16088863824171,1.371407,0.101409,1.074446,1920
live,215,16088872452764,16088872605818,16088872671259,16088873712872,1.260108,0.065441,1.041613,1920
live,216,16088882452764,16088882609433,16088882678042,16088883701895,1.249131,0.068609,1.023853,1920
live,217,16088892452764,16088892607480,16088892702329,16088894132907,1.680143,0.094849,1.430578,1920
live,218,16088902452764,16088902609846,16088902691223,16088904076009,1.623245,0.081377,1.384786,1920
live,219,16088912452764,16088912603669,16088912678742,16088913709635,1.256871,0.075073,1.030893,1920
live,220,16088922452764,16088922598899,16088922666356,16088926266594,3.81383,0.067457,3.600238,1920
live,221,16088932452764,16088932602290,16088932672179,16088933698368,1.245604,0.069889,1.026189,1920
live,222,16088942452764,16088942598865,16088942685458,16088943803392,1.350628,0.086593,1.117934,1920
live,223,16088952452764,16088952603344,16088952692849,16088953740766,1.288002,0.089505,1.047917,1920
live,224,16088962452764,16088962656335,16088962758928,16088963852094,1.39933,0.102593,1.093166,1920
live,225,16088972452764,16088972601645,16088972681070,16088973715355,1.262591,0.079425,1.034285,1920
live,226,16088982452764,16088982600428,16088982666572,16088983688889,1.236125,0.066144,1.022317,1920
live,227,16088992452764,16088992606218,16088992697323,16088994144414,1.69165,0.091105,1.447091,1920
live,228,16089002452764,16089002676682,16089002761035,16089003821048,1.368284,0.084353,1.060013,1920
live,229,16089012452764,16089012631240,16089012704937,16089013751094,1.29833,0.073697,1.046157,1920
live,230,16089022452764,16089022609510,16089022690599,16089023745909,1.293145,0.081089,1.05531,1920
live,231,16089032452764,16089032601253,16089032688006,16089033732979,1.280215,0.086753,1.044973,1920
live,232,16089042452764,16089042604228,16089042690917,16089043776626,1.323862,0.086689,1.085709,1920
live,233,16089052452764,16089052612706,16089052682019,16089053723152,1.270388,0.069313,1.041133,1920
live,234,16089062452764,16089062643073,16089062752675,16089064211541,1.758777,0.109602,1.458866,1920
live,235,16089072452764,16089072602624,16089072674368,16089074042450,1.589686,0.071744,1.368082,1920
live,236,16089082452764,16089082606398,16089082678559,16089083711052,1.258288,0.072161,1.032493,1920
live,237,16089092452764,16089092878336,16089092966274,16089094055055,1.602291,0.087938,1.088781,1920
live,238,16089102452764,16089102608028,16089102689917,16089103731242,1.278478,0.081889,1.041325,1920
live,239,16089112452764,16089112602426,16089112672571,16089113704904,1.25214,0.070145,1.032333,1920
live,240,16089122452764,16089122598009,16089122667258,16089125917731,3.464967,0.069249,3.250473,1920
live,241,16089132452764,16089132608408,16089132683033,16089133712486,1.259722,0.074625,1.029453,1920
live,242,16089142452764,16089142597078,16089142677367,16089144383053,1.930289,0.080289,1.705686,1920
live,243,16089152452764,16089152630773,16089152731703,16089153809668,1.356904,0.10093,1.077965,1920
live,244,16089162452764,16089162681173,16089162804886,16089164246152,1.793388,0.123713,1.441266,1920
live,245,16089172452764,16089172625811,16089172700756,16089174082789,1.630025,0.074945,1.382033,1920
live,246,16089182452764,16089182604401,16089182675794,16089184048515,1.595751,0.071393,1.372721,1920
live,247,16089192452764,16089192607568,16089192673233,16089193693117,1.240353,0.065665,1.019884,1920
live,248,16089202452764,16089202634063,16089202733840,16089203787773,1.335009,0.099777,1.053933,1920
live,249,16089212452764,16089212618509,16089212702030,16089213766236,1.313472,0.083521,1.064206,1920
live,250,16089222452764,16089222606188,16089222692173,16089223740602,1.287838,0.085985,1.048429,1920
live,251,16089232452764,16089232610058,16089232678891,16089233711160,1.258396,0.068833,1.032269,1920
live,252,16089242452764,16089242609673,16089242695114,16089243762424,1.30966,0.085441,1.06731,1920
live,253,16089252452764,16089252626568,16089252717897,16089253792119,1.339355,0.091329,1.074222,1920
live,254,16089262452764,16089262613222,16089262699848,16089263739573,1.286809,0.086626,1.039725,1920
live,255,16089272452764,16089272611173,16089272703558,16089273726739,1.273975,0.092385,1.023181,1920
live,256,16089282452764,16089282605668,16089282685829,16089283705234,1.25247,0.080161,1.019405,1920
live,257,16089292452764,16089292603010,16089292681251,16089293702512,1.249748,0.078241,1.021261,1920
live,258,16089302452764,16089302627649,16089302719171,16089303776784,1.32402,0.091522,1.057613,1920
live,259,16089312452764,16089312616448,16089312701665,16089313741422,1.288658,0.085217,1.039757,1920
live,260,16089322452764,16089322607966,16089322694048,16089325875880,3.423116,0.086082,3.181832,1920
live,261,16089332452764,16089332606205,16089332690366,16089333718507,1.265743,0.084161,1.028141,1920
live,262,16089342452764,16089342605212,16089342698781,16089343727882,1.275118,0.093569,1.029101,1920
live,263,16089352452764,16089352631291,16089352723004,16089353790025,1.337261,0.091713,1.067021,1920
live,264,16089362452764,16089362702810,16089362807836,16089364262158,1.809394,0.105026,1.454322,1920
live,265,16089372452764,16089372620760,16089372710649,16089374058378,1.605614,0.089889,1.347729,1920
live,266,16089382452764,16089382609942,16089382689335,16089383713316,1.260552,0.079393,1.023981,1920
live,267,16089392452764,16089392602069,16089392681814,16089393704067,1.251303,0.079745,1.022253,1920
live,268,16089402452764,16089402628724,16089402721589,16089403770211,1.317447,0.092865,1.048622,1920
live,269,16089412452764,16089412616467,16089412707060,16089413740065,1.287301,0.090593,1.033005,1920
live,270,16089422452764,16089422610801,16089422696658,16089423713215,1.260451,0.085857,1.016557,1920
live,271,16089432452764,16089432603280,16089432699089,16089433718014,1.26525,0.095809,1.018925,1920
live,272,16089442452764,16089442606478,16089442685583,16089443699324,1.24656,0.079105,1.013741,1920
live,273,16089452452764,16089452626861,16089452726927,16089453795836,1.343072,0.100066,1.068909,1920
live,274,16089462452764,16089462618540,16089462691309,16089463722170,1.269406,0.072769,1.030861,1920
live,275,16089472452764,16089472612875,16089472705740,16089473748921,1.296157,0.092865,1.043181,1920
live,276,16089482452764,16089482606121,16089482687274,16089483708215,1.255451,0.081153,1.020941,1920
live,277,16089492452764,16089492601256,16089492671177,16089493681045,1.228281,0.069921,1.009868,1920
live,278,16089502452764,16089502622279,16089502715592,16089503757941,1.305177,0.093313,1.042349,1920
live,279,16089512452764,16089512610725,16089512687942,16089513704595,1.251831,0.077217,1.016653,1920
live,280,16089522452764,16089522605412,16089522674917,16089525794412,3.341648,0.069505,3.119495,1920
live,281,16089532452764,16089532598306,16089532683812,16089533711345,1.258581,0.085506,1.027533,1920
live,282,16089542452764,16089542604705,16089542683202,16089543702063,1.249299,0.078497,1.018861,1920
live,283,16089552452764,16089552977285,16089553094566,16089554160756,1.707992,0.117281,1.06619,1920
live,284,16089562452764,16089562682271,16089562781441,16089564237075,1.784311,0.09917,1.455634,1920
live,285,16089572452764,16089572611357,16089572681918,16089574034159,1.581395,0.070561,1.352241,1920
live,286,16089582452764,16089582596860,16089582665373,16089584034894,1.58213,0.068513,1.369521,1920
live,287,16089592452764,16089592591386,16089592674683,16089593702120,1.249356,0.083297,1.027437,1920
live,288,16089602452764,16089602592633,16089602667770,16089604283118,1.830354,0.075137,1.615348,1920
live,289,16089612452764,16089612632696,16089612731801,16089614102635,1.649871,0.099105,1.370834,1920
live,290,16089622452764,16089622607543,16089622680504,16089624059849,1.607085,0.072961,1.379345,1920
live,291,16089632452764,16089632603189,16089632675222,16089634006407,1.553643,0.072033,1.331185,1920
live,292,16089642452764,16089642598228,16089642668085,16089643985477,1.532713,0.069857,1.317392,1920
live,293,16089652452764,16089652592914,16089652674419,16089654009476,1.556712,0.081505,1.335057,1920
live,294,16089662452764,16089662694642,16089662826132,16089664330471,1.877707,0.13149,1.504339,1920
live,295,16089672452764,16089672652241,16089672757938,16089674114947,1.662183,0.105697,1.357009,1920
live,296,16089682452764,16089682618799,16089682705424,16089684108770,1.656006,0.086625,1.403346,1920
live,297,16089692452764,16089692968658,16089693083987,16089694199809,1.747045,0.115329,1.115822,1920
live,298,16089702452764,16089702628268,16089702720461,16089703752954,1.30019,0.092193,1.032493,1920
replay,299,16089712452764,16089713215218,16089713338356,16089748462929,36.010165,0.123138,35.124573,146176
live,299,16089712452764,16089713155314,16089714025853,16089715578320,3.125556,0.870539,1.552467,1920
live,300,16089722452764,16089723036047,16089723340019,16089728499476,6.046712,0.303972,5.159457,1920
live,301,16089732452764,16089732702665,16089732825675,16089734403903,1.951139,0.12301,1.578228,1920
live,302,16089742452764,16089743011212,16089743291951,16089746164980,3.712216,0.280739,2.873029,1920
live,303,16089752452764,16089752685446,16089752785896,16089754525598,2.072834,0.10045,1.739702,1920
live,304,16089762452764,16089762702693,16089762796646,16089764315514,1.86275,0.093953,1.518868,1920
live,305,16089772452764,16089772632771,16089772727524,16089774097814,1.64505,0.094753,1.37029,1920
live,306,16089782452764,16089782609473,16089782677282,16089784090708,1.637944,0.067809,1.413426,1920
live,307,16089792452764,16089792610624,16089792681089,16089794063346,1.610582,0.070465,1.382257,1920
live,308,16089802452764,16089802610207,16089802683168,16089804132978,1.680214,0.072961,1.44981,1920
live,309,16089812452764,16089812609501,16089812707839,16089814158865,1.706101,0.098338,1.451026,1920
live,310,16089822452764,16089822610300,16089822693757,16089823751819,1.299055,0.083457,1.058062,1920
live,311,16089832452764,16089832604635,16089832683292,16089833712841,1.260077,0.078657,1.029549,1920
live,312,16089842452764,16089842601721,16089842713051,16089843756904,1.30414,0.11133,1.043853,1920
live,313,16089852452764,16089852601208,16089852670329,16089853698694,1.24593,0.069121,1.028365,1920
live,314,16089862452764,16089862599863,16089862692280,16089863816774,1.36401,0.092417,1.124494,1920
live,315,16089872452764,16089872613365,16089872687606,16089873747524,1.29476,0.074241,1.059918,1920
live,316,16089882452764,16089882598836,16089882671093,16089883722498,1.269734,0.072257,1.051405,1920
live,317,16089892452764,16089892604179,16089892694804,16089894044677,1.591913,0.090625,1.349873,1920
live,318,16089902452764,16089902602801,16089902704371,16089903747232,1.294468,0.10157,1.042861,1920
live,319,16089912452764,16089912612176,16089912713521,16089913827776,1.375012,0.101345,1.114255,1920
live,320,16089922452764,16089922612911,16089922687984,16089926286013,3.833249,0.075073,3.598029,1920
live,321,16089932452764,16089932610445,16089932697231,16089933752700,1.299936,0.086786,1.055469,1920
live,322,16089942452764,16089942607692,16089942675341,16089943711770,1.259006,0.067649,1.036429,1920
live,323,16089952452764,16089952601515,16089952669164,16089953702457,1.249693,0.067649,1.033293,1920
live,324,16089962452764,16089962724811,16089962829100,16089964712676,2.259912,0.104289,1.883576,1920
live,325,16089972452764,16089972615848,16089972702153,16089973796215,1.343451,0.086305,1.094062,1920
live,326,16089982452764,16089982603719,16089982689192,16089983734837,1.282073,0.085473,1.045645,1920
live,327,16089992452764,16089992603429,16089992682374,16089993722708,1.269944,0.078945,1.040334,1920
live,328,16090002452764,16090002601348,16090002688997,16090003720690,1.267926,0.087649,1.031693,1920
live,329,16090012452764,16090012604323,16090012671204,16090013701809,1.249045,0.066881,1.030605,1920
live,330,16090022452764,16090022603585,16090022674562,16090024119445,1.666681,0.070977,1.444883,1920
live,331,16090032452764,16090032596768,16090032665441,16090034035346,1.582582,0.068673,1.369905,1920
live,332,16090042452764,16090042601343,16090042670496,16090043730797,1.278033,0.069153,1.060301,1920
live,333,16090052452764,16090052604093,16090052675358,16090053708907,1.256143,0.071265,1.033549,1920
live,334,16090062452764,16090062600636,16090062677629,16090063707690,1.254926,0.076993,1.030061,1920
live,335,16090072452764,16090072601947,16090072676988,16090073739017,1.286253,0.075041,1.062029,1920
live,336,16090082452764,16090082603257,16090082673274,16090083701703,1.248939,0.070017,1.028429,1920
live,337,16090092452764,16090092599128,16090092674425,16090093712614,1.25985,0.075297,1.038189,1920
live,338,16090102452764,16090102600983,16090102691448,16090103698981,1.246217,0.090465,1.007533,1920
live,339,16090112452764,16090112601333,16090112677206,16090113688739,1.235975,0.075873,1.011533,1920
live,340,16090122452764,16090122608340,16090122684821,16090126076800,3.624036,0.076481,3.391979,1920
live,341,16090132452764,16090132608787,16090132683732,16090133785250,1.332486,0.074945,1.101518,1920
live,342,16090142452764,16090142650674,16090142752275,16090143944930,1.492166,0.101601,1.192655,1920
live,343,16090152452764,16090152640081,16090152735762,16090153832000,1.379236,0.095681,1.096238,1920
live,344,16090162452764,16090162620623,16090162704688,16090163756061,1.303297,0.084065,1.051373,1920
live,345,16090172452764,16090172618542,16090172710191,16090173855357,1.402593,0.091649,1.145166,1920
live,346,16090182452764,16090182607404,16090182687501,16090184071039,1.618275,0.080097,1.383538,1920
live,347,16090192452764,16090192600299,16090192664012,16090193683736,1.230972,0.063713,1.019724,1920
live,348,16090202452764,16090202600361,16090202667114,16090204073564,1.6208,0.066753,1.40645,1920
live,349,16090212452764,16090212601512,16090212668681,16090214034810,1.582046,0.067169,1.366129,1920
live,350,16090222452764,16090222605543,16090222701992,16090224200699,1.747935,0.096449,1.498707,1920
live,351,16090232452764,16090232606790,16090232676806,16090234041304,1.58854,0.070016,1.364498,1920
live,352,16090242452764,16090242598980,16090242666245,16090243701362,1.248598,0.067265,1.035117,1920
live,353,16090252452764,16090252601219,16090252668068,16090253684401,1.231637,0.066849,1.016333,1920
live,354,16090262452764,16090262599617,16090262671810,16090263712080,1.259316,0.072193,1.04027,1920
live,355,16090272452764,16090272604256,16090272689985,16090273797295,1.344531,0.085729,1.10731,1920
live,356,16090282452764,16090282604511,16090282671840,16090283700685,1.247921,0.067329,1.028845,1920
live,357,16090292452764,16090292597661,16090292666686,16090293696555,1.243791,0.069025,1.029869,1920
live,358,16090302452764,16090302595964,16090302662749,16090304057999,1.605235,0.066785,1.39525,1920
live,359,16090312452764,16090312608955,16090312680124,16090314057581,1.604817,0.071169,1.377457,1920
live,360,16090322452764,16090322610362,16090322701755,16090326386697,3.933933,0.091393,3.684942,1920
live,361,16090332452764,16090332612056,16090332702681,16090334095723,1.642959,0.090625,1.393042,1920
live,362,16090342452764,16090342602327,16090342674136,16090344086794,1.63403,0.071809,1.412658,1920
live,363,16090352452764,16090352600661,16090352688951,16090353968807,1.516043,0.08829,1.279856,1920
live,364,16090362452764,16090362607092,16090362678389,16090363741507,1.288743,0.071297,1.063118,1920
live,365,16090372452764,16090372612659,16090372706868,16090373841475,1.388711,0.094209,1.134607,1920
live,366,16090382452764,16090382631794,16090382722035,16090383777568,1.324804,0.090241,1.055533,1920
live,367,16090392452764,16090392613104,16090392694097,16090393722622,1.269858,0.080993,1.028525,1920
live,368,16090402452764,16090402603215,16090402672528,16090403682749,1.229985,0.069313,1.010221,1920
live,369,16090412452764,16090412600430,16090412668174,16090413682491,1.229727,0.067744,1.014317,1920
live,370,16090422452764,16090422883664,16090423424503,16090424975818,2.523054,0.540839,1.551315,1920
live,371,16090432452764,16090432640971,16090433050801,16090435075562,2.622798,0.40983,2.024761,1920
live,372,16090442452764,16090442638410,16090443028943,16090445116809,2.664045,0.390533,2.087866,1920
live,373,16090452452764,16090452610600,16090452984013,16090455032615,2.579851,0.373413,2.048602,1920
live,374,16090462452764,16090462637831,16090463023692,16090465101575,2.648811,0.385861,2.077883,1920
live,375,16090472452764,16090472635014,16090473025643,16090475572843,3.120079,0.390629,2.5472,1920
live,376,16090482452764,16090482637829,16090483038122,16090485152133,2.699369,0.400293,2.114011,1920
live,377,16090492452764,16090492598755,16090492690820,16090494916352,2.463588,0.092065,2.225532,1920
live,378,16090502452764,16090502598178,16090502680195,16090504669436,2.216672,0.082017,1.989241,1920
live,379,16090512452764,16090512597408,16090512705058,16090514684347,2.231583,0.10765,1.979289,1920
live,380,16090522452764,16090522645471,16090522732385,16090527147320,4.694556,0.086914,4.414935,1920
live,381,16090532452764,16090532630462,16090532726143,16090534701048,2.248284,0.095681,1.974905,1920
live,382,16090542452764,16090542606140,16090542678877,16090544663926,2.211162,0.072737,1.985049,1920
live,383,16090552452764,16090552599003,16090552684124,16090554639733,2.186969,0.085121,1.955609,1920
live,384,16090562452764,16090562598458,16090562670874,16090564660212,2.207448,0.072416,1.989338,1920
live,385,16090572452764,16090572596632,16090572680281,16090574571889,2.119125,0.083649,1.891608,1920
live,386,16090582452764,16090582609943,16090582700632,16090584717874,2.26511,0.090689,2.017242,1920
live,387,16090592452764,16090592651510,16090592760696,16090593935878,1.483114,0.109186,1.175182,1920
live,388,16090602452764,16090602661813,16090602773526,16090603931077,1.478313,0.111713,1.157551,1920
live,389,16090612452764,16090612623603,16090612717876,16090613806114,1.35335,0.094273,1.088238,1920
live,390,16090622452764,16090622607570,16090622693875,16090623739136,1.286372,0.086305,1.045261,1920
live,391,16090632452764,16090632601904,16090632682321,16090633723710,1.270946,0.080417,1.041389,1920
live,392,16090642452764,16090642586159,16090642662192,16090643662524,1.20976,0.076033,1.000332,1920
live,393,16090652452764,16090652601038,16090652675631,16090653715932,1.263168,0.074593,1.040301,1920
live,394,16090662452764,16090662602124,16090662697997,16090663729947,1.277183,0.095873,1.03195,1920
live,395,16090672452764,16090672601003,16090672677708,16090673698617,1.245853,0.076705,1.020909,1920
live,396,16090682452764,16090682600074,16090682683851,16090683754936,1.302172,0.083777,1.071085,1920
live,397,16090692452764,16090692603784,16090692673193,16090693712438,1.259674,0.069409,1.039245,1920
live,398,16090702452764,16090702598375,16090702669256,16090703700021,1.247257,0.070881,1.030765,1920
live,399,16090712452764,16090713221453,16090713382000,16090715800270,3.347506,0.160547,2.41827,1920
replay,399,16090712452764,16090713280238,16090713491121,16090747931653,35.478889,0.210883,34.440532,146176
live,400,16090722452764,16090722996521,16090723293901,16090727982760,5.529996,0.29738,4.688859,1920
live,401,16090732452764,16090732731301,16090732877510,16090734332217,1.879453,0.146209,1.454707,1920
live,402,16090742452764,16090742886053,16090743189833,16090745811786,3.359022,0.30378,2.621953,1920
live,403,16090752452764,16090752721026,16090752845923,16090754160020,1.707256,0.124897,1.314097,1920
live,404,16090762452764,16090762625215,16090762708352,16090763808974,1.35621,0.083137,1.100622,1920
live,405,16090772452764,16090772608830,16090772690303,16090773777741,1.324977,0.081473,1.087438,1920
live,406,16090782452764,16090782850079,16090783025794,16090784492884,2.04012,0.175715,1.46709,1920
live,407,16090792452764,16090792639931,16090792733693,16090793784426,1.331662,0.093762,1.050733,1920
live,408,16090802452764,16090802649050,16090802745019,16090803792905,1.340141,0.095969,1.047886,1920
live,409,16090812452764,16090812647257,16090812775131,16090813998154,1.54539,0.127874,1.223023,1920
live,410,16090822452764,16090822631351,16090822733689,16090823856423,1.403659,0.102338,1.122734,1920
live,411,16090832452764,16090832675255,16090832792344,16090834556846,2.104082,0.117089,1.764502,1920
live,412,16090842452764,16090842630197,16090842726678,16090843822756,1.369992,0.096481,1.096078,1920
live,413,16090852452764,16090852682420,16090853101465,16090854310025,1.857261,0.419045,1.20856,1920
live,414,16090862452764,16090862604498,16090862689107,16090864119429,1.666665,0.084609,1.430322,1920
live,415,16090872452764,16090872606032,16090872692721,16090874088707,1.635943,0.086689,1.395986,1920
live,416,16090882452764,16090882605167,16090882679568,16090884077570,1.624806,0.074401,1.398002,1920
live,417,16090892452764,16090892608398,16090892708431,16090894134945,1.682181,0.100033,1.426514,1920
live,418,16090902452764,16090902607820,16090902690061,16090904105055,1.652291,0.082241,1.414994,1920
live,419,16090912452764,16090912597707,16090912678252,16090914036605,1.583841,0.080545,1.358353,1920
live,420,16090922452764,16090922595850,16090922658506,16090926601692,4.148928,0.062656,3.943186,1920
live,421,16090932452764,16090932599048,16090932681001,16090934068763,1.615999,0.081953,1.387762,1920
live,422,16090942452764,16090942599303,16090942695912,16090944150203,1.697439,0.096609,1.454291,1920
live,423,16090952452764,16090952677831,16090953105996,16090955498698,3.045934,0.428165,2.392702,1920
live,424,16090962452764,16090962602628,16090962695270,16090964175480,1.722716,0.092642,1.48021,1920
live,425,16090972452764,16090972596675,16090972674596,16090974058709,1.605945,0.077921,1.384113,1920
live,426,16090982452764,16090982595298,16090982671811,16090984059220,1.606456,0.076513,1.387409,1920
live,427,16090992452764,16090992610912,16090992704450,16090994117812,1.665048,0.093538,1.413362,1920
live,428,16091002452764,16091002604639,16091002686528,16091004082386,1.629622,0.081889,1.395858,1920
live,429,16091012452764,16091012596798,16091012671039,16091014015024,1.56226,0.074241,1.343985,1920
live,430,16091022452764,16091022592540,16091022662013,16091024039247,1.586483,0.069473,1.377234,1920
live,431,16091032452764,16091032647004,16091032749917,16091033806218,1.353454,0.102913,1.056301,1920
live,432,16091042452764,16091042634298,16091042729915,16091043825929,1.373165,0.095617,1.096014,1920
live,433,16091052452764,16091052787963,16091053259489,16091055262970,2.810206,0.471526,2.003481,1920
live,434,16091062452764,16091062644600,16091062744057,16091063927016,1.474252,0.099457,1.182959,1920
live,435,16091072452764,16091072613750,16091072697751,16091073768260,1.315496,0.084001,1.070509,1920
live,436,16091082452764,16091082606676,16091082688309,16091083723267,1.270503,0.081633,1.034958,1920
live,437,16091092452764,16091092613491,16091092705236,16091093799426,1.346662,0.091745,1.09419,1920
live,438,16091102452764,16091102610162,16091102697107,16091103732192,1.279428,0.086945,1.035085,1920
live,439,16091112452764,16091112602224,16091112684305,16091113712158,1.259394,0.082081,1.027853,1920
live,440,16091122452764,16091122601487,16091122672368,16091126023418,3.570654,0.070881,3.35105,1920
live,441,16091132452764,16091132606638,16091132682159,16091133713020,1.260256,0.075521,1.030861,1920
live,442,16091142452764,16091142616397,16091142709038,16091143804924,1.35216,0.092641,1.095886,1920
live,443,16091152452764,16091152689772,16091153137618,16091155131627,2.678863,0.447846,1.994009,1920
live,444,16091162452764,16091162647626,16091163068560,16091164382144,1.92938,0.420934,1.313584,1920
live,445,16091172452764,16091172609961,16091172685577,16091173766999,1.314235,0.075616,1.081422,1920
live,446,16091182452764,16091182602343,16091182683368,16091183728341,1.275577,0.081025,1.044973,1920
live,447,16091192452764,16091192618598,16091192711271,16091193822549,1.369785,0.092673,1.111278,1920
live,448,16091202452764,16091202604996,16091202679877,16091203737587,1.284823,0.074881,1.05771,1920
live,449,16091212452764,16091212600355,16091212680996,16091213724881,1.272117,0.080641,1.043885,1920
live,450,16091222452764,16091222602434,16091222698243,16091223735056,1.282292,0.095809,1.036813,1920
live,451,16091232452764,16091232607329,16091232682721,16091233742735,1.289971,0.075392,1.060014,1920
live,452,16091242452764,16091242752769,16091242829154,16091243910352,1.457588,0.076385,1.081198,1920
live,453,16091252452764,16091252693727,16091253144741,16091255143422,2.690658,0.451014,1.998681,1920
live,454,16091262452764,16091262647005,16091263064034,16091264389491,1.936727,0.417029,1.325457,1920
live,455,16091272452764,16091272612251,16091272705532,16091273784330,1.331566,0.093281,1.078798,1920
live,456,16091282452764,16091282665851,16091282759868,16091283853930,1.401166,0.094017,1.094062,1920
live,457,16091292452764,16091292633913,16091292714778,16091294515665,2.062901,0.080865,1.800887,1920
live,458,16091302452764,16091302614231,16091302701304,16091304123882,1.671118,0.087073,1.422578,1920
live,459,16091312452764,16091312610646,16091312707671,16091314096201,1.643437,0.097025,1.38853,1920
live,460,16091322452764,16091322603028,16091322669173,16091326262083,3.809319,0.066145,3.59291,1920
live,461,16091332452764,16091332609779,16091332684756,16091333719329,1.266565,0.074977,1.034573,1920
live,462,16091342452764,16091342605298,16091342672691,16091343688768,1.236004,0.067393,1.016077,1920
live,463,16091352452764,16091352686386,16091353115159,16091355171665,2.718901,0.428773,2.056506,1920
live,464,16091362452764,16091362606031,16091362692016,16091363812862,1.360098,0.085985,1.120846,1920
live,465,16091372452764,16091372603694,16091372682927,16091373725212,1.272448,0.079233,1.042285,1920
live,466,16091382452764,16091382599020,16091382692654,16091383730299,1.277535,0.093634,1.037645,1920
live,467,16091392452764,16091392614699,16091392699020,16091394071070,1.618306,0.084321,1.37205,1920
live,468,16091402452764,16091402617898,16091402710251,16091404163774,1.71101,0.092353,1.453523,1920
live,469,16091412452764,16091412607657,16091412687786,16091414044571,1.591807,0.080129,1.356785,1920
live,470,16091422452764,16091422600519,16091422668744,16091423693205,1.240441,0.068225,1.024461,1920
live,471,16091432452764,16091432597510,16091432665063,16091433681971,1.229207,0.067553,1.016908,1920
live,472,16091442452764,16091442606949,16091442676933,16091443717267,1.264503,0.069984,1.040334,1920
live,473,16091452452764,16091452688420,16091453118890,16091455135171,2.682407,0.43047,2.016281,1920
live,474,16091462452764,16091462633090,16091463033127,16091464321240,1.868476,0.400037,1.288113,1920
live,475,16091472452764,16091472599040,16091472699970,16091473778447,1.325683,0.10093,1.078477,1920
live,476,16091482452764,16091482601983,16091482685312,16091483761934,1.30917,0.083329,1.076622,1920
live,477,16091492452764,16091492604062,16091492693759,16091493757836,1.305072,0.089697,1.064077,1920
live,478,16091502452764,16091502645373,16091502762495,16091503886477,1.433713,0.117122,1.123982,1920
live,479,16091512452764,16091512657020,16091512772733,16091513839051,1.386287,0.115713,1.066318,1920
live,480,16091522452764,16091522617786,16091522703483,16091526273704,3.82094,0.085697,3.570221,1920
live,481,16091532452764,16091532619993,16091532699610,16091534081899,1.629135,0.079617,1.382289,1920
live,482,16091542452764,16091542603415,16091542672920,16091544051146,1.598382,0.069505,1.378226,1920
live,483,16091552452764,16091552672503,16091553083868,16091555088277,2.635513,0.411365,2.004409,1920
live,484,16091562452764,16091562633813,16091563036058,16091564341323,1.888559,0.402245,1.305265,1920
live,485,16091572452764,16091572584883,16091572652340,16091573721441,1.268677,0.067457,1.069101,1920
live,486,16091582452764,16091582587634,16091582664051,16091583700960,1.248196,0.076417,1.036909,1920
live,487,16091592452764,16091592591568,16091592659729,16091593731231,1.278467,0.068161,1.071502,1920
live,488,16091602452764,16091602600559,16091602697744,16091603783838,1.331074,0.097185,1.086094,1920
live,489,16091612452764,16091612600334,16091612693647,16091614059200,1.606436,0.093313,1.365553,1920
live,490,16091622452764,16091622598156,16091622673677,16091624094463,1.641699,0.075521,1.420786,1920
live,491,16091632452764,16091632594667,16091632663276,16091634011293,1.558529,0.068609,1.348017,1920
live,492,16091642452764,16091642599562,16091642664011,16091644056188,1.603424,0.064449,1.392177,1920
live,493,16091652452764,16091652611177,16091653023438,16091655436876,2.984112,0.412261,2.413438,1920
live,494,16091662452764,16091662619623,16091663014508,16091664651169,2.198405,0.394885,1.636661,1920
live,495,16091672452764,16091672592774,16091672677159,16091674065176,1.612412,0.084385,1.388017,1920
live,496,16091682452764,16091682594948,16091682674277,16091683724307,1.271543,0.079329,1.05003,1920
live,497,16091692452764,16091692590627,16091692658308,16091694008981,1.556217,0.067681,1.350673,1920
live,498,16091702452764,16091702595330,16091702690851,16091704126293,1.673529,0.095521,1.435442,1920
live,499,16091712452764,16091713181320,16091713380330,16091715498917,3.046153,0.19901,2.118587,1920
replay,499,16091712452764,16091713269161,16091713497292,16091747925472,35.472708,0.228131,34.42818,146176
live,500,16091722452764,16091723422026,16091723818575,16091728873199,6.420435,0.396549,5.054624,1920
live,501,16091732452764,16091732751840,16091732896610,16091734551031,2.098267,0.14477,1.654421,1920
live,502,16091742452764,16091742758591,16091742979041,16091745368672,2.915908,0.22045,2.389631,1920
live,503,16091752452764,16091752740445,16091752917215,16091755621633,3.168869,0.17677,2.704418,1920
live,504,16091762452764,16091762656987,16091763076352,16091764462513,2.009749,0.419365,1.386161,1920
live,505,16091772452764,16091772639609,16091773043710,16091774307886,1.855122,0.404101,1.264176,1920
live,506,16091782452764,16091782633400,16091783034525,16091784302157,1.849393,0.401125,1.267632,1920
live,507,16091792452764,16091792638262,16091793040539,16091795044117,2.591353,0.402277,2.003578,1920
live,508,16091802452764,16091802598004,16091802701078,16091804666287,2.213523,0.103074,1.965209,1920
live,509,16091812452764,16091812605587,16091812705045,16091814662541,2.209777,0.099458,1.957496,1920
live,510,16091822452764,16091822602482,16091822675091,16091824644588,2.191824,0.072609,1.969497,1920
live,511,16091832452764,16091832605297,16091832690386,16091834637290,2.184526,0.085089,1.946904,1920
live,512,16091842452764,16091842600847,16091842684528,16091844659305,2.206541,0.083681,1.974777,1920
live,513,16091852452764,16091852598958,16091852681103,16091854645736,2.192972,0.082145,1.964633,1920
live,514,16091862452764,16091862605389,16091862693838,16091864729640,2.276876,0.088449,2.035802,1920
live,515,16091872452764,16091872605291,16091872676460,16091874640133,2.187369,0.071169,1.963673,1920
live,516,16091882452764,16091882602666,16091882674635,16091883789465,1.336701,0.071969,1.11483,1920
live,517,16091892452764,16091892595560,16091892676265,16091893727767,1.275003,0.080705,1.051502,1920
live,518,16091902452764,16091902598887,16091902667080,16091903699573,1.246809,0.068193,1.032493,1920
live,519,16091912452764,16091912604454,16091912684071,16091913756597,1.303833,0.079617,1.072526,1920
live,520,16091922452764,16091922600965,16091922680550,16091926274995,3.822231,0.079585,3.594445,1920
live,521,16091932452764,16091932601315,16091932683844,16091933719985,1.267221,0.082529,1.036141,1920
live,522,16091942452764,16091942608258,16091942698147,16091943901490,1.448726,0.089889,1.203343,1920
live,523,16091952452764,16091952650849,16091952757123,16091953866001,1.413237,0.106274,1.108878,1920
live,524,16091962452764,16091962670144,16091962790146,16091963995089,1.542325,0.120002,1.204943,1920
live,525,16091972452764,16091972623262,16091972709439,16091973778765,1.326001,0.086177,1.069326,1920
live,526,16091982452764,16091982603549,16091982683966,16091983735435,1.282671,0.080417,1.051469,1920
live,527,16091992452764,16091992594779,16091992669916,16091993711593,1.258829,0.075137,1.041677,1920
live,528,16092002452764,16092002599706,16092002666523,16092003699560,1.246796,0.066817,1.033037,1920
live,529,16092012452764,16092012615577,16092012717850,16092014204589,1.751825,0.102273,1.486739,1920
live,530,16092022452764,16092022611351,16092022689784,16092024087658,1.634894,0.078433,1.397874,1920
live,531,16092032452764,16092032601654,16092032667415,16092034032456,1.579692,0.065761,1.365041,1920
live,532,16092042452764,16092042653749,16092042740566,16092044139432,1.686668,0.086817,1.398866,1920
live,533,16092052452764,16092052627924,16092052696468,16092054043142,1.590378,0.068544,1.346674,1920
live,534,16092062452764,16092062629618,16092062733844,16092064226887,1.774123,0.104226,1.493043,1920
live,535,16092072452764,16092072613201,16092072692722,16092074051555,1.598791,0.079521,1.358833,1920
live,536,16092082452764,16092082594831,16092082664816,16092083705565,1.252801,0.069985,1.040749,1920
live,537,16092092452764,16092092592398,16092092669743,16092094011328,1.558564,0.077345,1.341585,1920
live,538,16092102452764,16092102592204,16092102661229,16092104042687,1.589923,0.069025,1.381458,1920
live,539,16092112452764,16092112915023,16092113321844,16092114543172,2.090408,0.406821,1.221328,1920
live,540,16092122452764,16092122658859,16092123062640,16092126679006,4.226242,0.403781,3.616366,1920
live,541,16092132452764,16092132625417,16092133025294,16092135017415,2.564651,0.399877,1.992121,1920
live,542,16092142452764,16092142645384,16092143041997,16092145146759,2.693995,0.396613,2.104762,1920
live,543,16092152452764,16092152619942,16092152992491,16092155048965,2.596201,0.372549,2.056474,1920
live,544,16092162452764,16092162641861,16092162749926,16092165586858,3.134094,0.108065,2.836932,1920
live,545,16092172452764,16092172668196,16092172779366,16092174021365,1.568601,0.11117,1.241999,1920
live,546,16092182452764,16092182658723,16092182769444,16092183920019,1.467255,0.110721,1.150575,1920
live,547,16092192452764,16092192627169,16092192721762,16092193800176,1.347412,0.094593,1.078414,1920
live,548,16092202452764,16092202618623,16092202702689,16092203744398,1.291634,0.084066,1.041709,1920
live,549,16092212452764,16092212609886,16092212691583,16092213736012,1.283248,0.081697,1.044429,1920
live,550,16092222452764,16092222623933,16092222716862,16092223783020,1.330256,0.092929,1.066158,1920
live,551,16092232452764,16092232608795,16092232693148,16092233725225,1.272461,0.084353,1.032077,1920
live,552,16092242452764,16092242601658,16092242678011,16092243705512,1.252748,0.076353,1.027501,1920
live,553,16092252452764,16092252605145,16092252680954,16092253708135,1.255371,0.075809,1.027181,1920
live,554,16092262452764,16092262598263,16092262674936,16092263688229,1.235465,0.076673,1.013293,1920
live,555,16092272452764,16092272603158,16092272685335,16092273742948,1.290184,0.082177,1.057613,1920
live,556,16092282452764,16092282602997,16092282680918,16092283710563,1.257799,0.077921,1.029645,1920
live,557,16092292452764,16092292597107,16092292663124,16092293680609,1.227845,0.066017,1.017485,1920
live,558,16092302452764,16092302600178,16092302662963,16092303698112,1.245348,0.062785,1.035149,1920
live,559,16092312452764,16092312604209,16092312666353,16092313663230,1.210466,0.062144,0.996877,1920
live,560,16092322452764,16092322620272,16092323028245,16092326527969,4.075205,0.407973,3.499724,1920
live,561,16092332452764,16092332625582,16092333019891,16092335024237,2.571473,0.394309,2.004346,1920
live,562,16092342452764,16092342626669,16092343027474,16092345098764,2.646,0.400805,2.07129,1920
live,563,16092352452764,16092352600555,16092352686764,16092354619749,2.166985,0.086209,1.932985,1920
live,564,16092362452764,16092362606954,16092362689195,16092364674948,2.222184,0.082241,1.985753,1920
live,565,16092372452764,16092372611369,16092372704234,16092374691811,2.239047,0.092865,1.987577,1920
live,566,16092382452764,16092382611559,16092382685256,16092384676194,2.22343,0.073697,1.990938,1920
live,567,16092392452764,16092392606054,16092392699783,16092394018968,1.566204,0.093729,1.319185,1920
live,568,16092402452764,16092402610117,16092402702758,16092403815028,1.362264,0.092641,1.11227,1920
live,569,16092412452764,16092412602563,16092412683684,16092413786258,1.333494,0.081121,1.102574,1920
live,570,16092422452764,16092422622114,16092422720995,16092423896722,1.443958,0.098881,1.175727,1920
live,571,16092432452764,16092432611265,16092432685602,16092433756879,1.304115,0.074337,1.071277,1920
live,572,16092442452764,16092442605279,16092442673696,16092443721581,1.268817,0.068417,1.047885,1920
live,573,16092452452764,16092452599710,16092452673439,16092453720684,1.26792,0.073729,1.047245,1920
live,574,16092462452764,16092462598973,16092462681918,16092463708843,1.256079,0.082945,1.026925,1920
live,575,16092472452764,16092472605563,16092472696156,16092473769642,1.316878,0.090593,1.073486,1920
live,576,16092482452764,16092482607674,16092482675899,16092483708520,1.255756,0.068225,1.032621,1920
live,577,16092492452764,16092492596985,16092492663993,16092493692294,1.23953,0.067008,1.028301,1920
live,578,16092502452764,16092502602071,16092502667640,16092503677349,1.224585,0.065569,1.009709,1920
live,579,16092512452764,16092512594166,16092512673751,16092513697316,1.244552,0.079585,1.023565,1920
live,580,16092522452764,16092522602869,16092522677142,16092525937311,3.484547,0.074273,3.260169,1920
live,581,16092532452764,16092532603443,16092532671924,16092533713729,1.260965,0.068481,1.041805,1920
live,582,16092542452764,16092542593010,16092542662675,16092543686048,1.233284,0.069665,1.023373,1920
live,583,16092552452764,16092552601937,16092552673266,16092553705439,1.252675,0.071329,1.032173,1920
live,584,16092562452764,16092562596943,16092562674640,16092563697117,1.244353,0.077697,1.022477,1920
live,585,16092572452764,16092572724304,16092572811217,16092573908159,1.455395,0.086913,1.096942,1920
live,586,16092582452764,16092582601837,16092582669645,16092583694042,1.241278,0.067808,1.024397,1920
live,587,16092592452764,16092592601931,16092592670284,16092593691417,1.238653,0.068353,1.021133,1920
live,588,16092602452764,16092602645227,16092602743916,16092603767481,1.314717,0.098689,1.023565,1920
live,589,16092612452764,16092612618377,16092612704810,16092613718295,1.265531,0.086433,1.013485,1920
live,590,16092622452764,16092622616519,16092622700905,16092624810787,2.358023,0.084386,2.109882,1920
live,591,16092632452764,16092632642374,16092632759592,16092633947127,1.494363,0.117218,1.187535,1920
live,592,16092642452764,16092642624741,16092642718278,16092643802420,1.349656,0.093537,1.084142,1920
live,593,16092652452764,16092652615331,16092652694532,16092653760562,1.307798,0.079201,1.06603,1920
live,594,16092662452764,16092662604130,16092662674595,16092663708368,1.255604,0.070465,1.033773,1920
live,595,16092672452764,16092672600129,16092672684034,16092673720527,1.267763,0.083905,1.036493,1920
live,596,16092682452764,16092682610719,16092682700129,16092683786830,1.334066,0.08941,1.086701,1920
live,597,16092692452764,16092692603070,16092692682463,16092693728332,1.275568,0.079393,1.045869,1920
live,598,16092702452764,16092702598461,16092702685278,16092703703307,1.250543,0.086817,1.018029,1920
live,599,16092712452764,16092713177955,16092713357829,16092715430719,2.977955,0.179874,2.07289,1920
replay,599,16092712452764,16092713237379,16092713648201,16092748913799,36.461035,0.410822,35.265598,146176
live,600,16092722452764,16092722982367,16092723280675,16092729186477,6.733713,0.298308,5.905802,1920
live,601,16092732452764,16092732731098,16092732869628,16092734100460,1.647696,0.13853,1.230832,1920
live,602,16092742452764,16092743120958,16092743478242,16092746055843,3.603079,0.357284,2.577601,1920
live,603,16092752452764,16092752725752,16092752839577,16092754140041,1.687277,0.113825,1.300464,1920
live,604,16092762452764,16092762636181,16092762727830,16092763872485,1.419721,0.091649,1.144655,1920
live,605,16092772452764,16092772616436,16092772687956,16092773762786,1.310022,0.07152,1.07483,1920
live,606,16092782452764,16092782634738,16092782726708,16092783817281,1.364517,0.09197,1.090573,1920
live,607,16092792452764,16092792620369,16092792708210,16092793752351,1.299587,0.087841,1.044141,1920
live,608,16092802452764,16092802609519,16092802690288,16092803720669,1.267905,0.080769,1.030381,1920
live,609,16092812452764,16092812689711,16092812781328,16092813812125,1.359361,0.091617,1.030797,1920
live,610,16092822452764,16092822630189,16092822712206,16092823735419,1.282655,0.082017,1.023213,1920
live,611,16092832452764,16092832635500,16092832727117,16092833796186,1.343422,0.091617,1.069069,1920
live,612,16092842452764,16092842626410,16092842712523,16092843746744,1.29398,0.086113,1.034221,1920
live,613,16092852452764,16092852683754,16092853080399,16092855042792,2.590028,0.396645,1.962393,1920
live,614,16092862452764,16092862700425,16092863145294,16092864521440,2.068676,0.444869,1.376146,1920
live,615,16092872452764,16092872626694,16092872720775,16092874038616,1.585852,0.094081,1.317841,1920
live,616,16092882452764,16092882638949,16092882747750,16092884266138,1.813374,0.108801,1.518388,1920
live,617,16092892452764,16092892622116,16092892710277,16092894104502,1.651738,0.088161,1.394225,1920
live,618,16092902452764,16092902613826,16092902701987,16092904101429,1.648665,0.088161,1.399442,1920
live,619,16092912452764,16092912611841,16092912694434,16092914055955,1.603191,0.082593,1.361521,1920
live,620,16092922452764,16092922601887,16092922696065,16092926600146,4.147382,0.094178,3.904081,1920
live,621,16092932452764,16092933055620,16092933176517,16092934286803,1.834039,0.120897,1.110286,1920
live,622,16092942452764,16092942636829,16092942727454,16092943775820,1.323056,0.090625,1.048366,1920
live,623,16092952452764,16092952719037,16092953161282,16092955185788,2.733024,0.442245,2.024506,1920
live,624,16092962452764,16092962614906,16092962713947,16092963825161,1.372397,0.099041,1.111214,1920
live,625,16092972452764,16092972602137,16092972688282,16092973740167,1.287403,0.086145,1.051885,1920
live,626,16092982452764,16092982599767,16092982669336,16092984274349,1.821585,0.069569,1.605013,1920
live,627,16092992452764,16092992607542,16092992690359,16092993760069,1.307305,0.082817,1.06971,1920
live,628,16093002452764,16093002608213,16093002677590,16093003714947,1.262183,0.069377,1.037357,1920
live,629,16093012452764,16093012603571,16093012685940,16093013718657,1.265893,0.082369,1.032717,1920
live,630,16093022452764,16093022601586,16093022680915,16093023712736,1.259972,0.079329,1.031821,1920
live,631,16093032452764,16093032611313,16093032679474,16093033708447,1.255683,0.068161,1.028973,1920
live,632,16093042452764,16093042607311,16093042691952,16093043769694,1.31693,0.084641,1.077742,1920
live,633,16093052452764,16093052700815,16093053151797,16093055167758,2.714994,0.450982,2.015961,1920
live,634,16093062452764,16093062655117,16093063079379,16093064375363,1.922599,0.424262,1.295984,1920
live,635,16093072452764,16093072603435,16093072672780,16093073753818,1.301054,0.069345,1.081038,1920
live,636,16093082452764,16093082602090,16093082694955,16093083767673,1.314909,0.092865,1.072718,1920
live,637,16093092452764,16093092616905,16093092732426,16093093842360,1.389596,0.115521,1.109934,1920
live,638,16093102452764,16093102662344,16093102754409,16093103813943,1.361179,0.092065,1.059534,1920
live,639,16093112452764,16093112612774,16093112694407,16093113738004,1.28524,0.081633,1.043597,1920
live,640,16093122452764,16093122605541,16093122694214,16093126012720,3.559956,0.088673,3.318506,1920
live,641,16093132452764,16093132609955,16093132681764,16093133739666,1.286902,0.071809,1.057902,1920
live,642,16093142452764,16093142606434,16093142688515,16093143783409,1.330645,0.082081,1.094894,1920
live,643,16093152452764,16093152684098,16093153123335,16093155098784,2.64602,0.439237,1.975449,1920
live,644,16093162452764,16093162649632,16093163063269,16093164361590,1.908826,0.413637,1.298321,1920
live,645,16093172452764,16093172605982,16093172681759,16093173771629,1.318865,0.075777,1.08987,1920
live,646,16093182452764,16093182602685,16093182672414,16093183717387,1.264623,0.069729,1.044973,1920
live,647,16093192452764,16093192612219,16093192706013,16093193810571,1.357807,0.093794,1.104558,1920
live,648,16093202452764,16093202607706,16093202687547,16093203726440,1.273676,0.079841,1.038893,1920
live,649,16093212452764,16093212601273,16093212680218,16093213705127,1.252363,0.078945,1.024909,1920
live,650,16093222452764,16093222597911,16093222693528,16093223721221,1.268457,0.095617,1.027693,1920
live,651,16093232452764,16093232604886,16093232679511,16093233736484,1.28372,0.074625,1.056973,1920
live,652,16093242452764,16093242611157,16093242686262,16093243770723,1.317959,0.075105,1.084461,1920
live,653,16093252452764,16093252697269,16093253153242,16093255148468,2.695704,0.455973,1.995226,1920
live,654,16093262452764,16093262650323,16093263068216,16093264386089,1.933325,0.417893,1.317873,1920
live,655,16093272452764,16093272605489,16093272691410,16093273763519,1.310755,0.085921,1.072109,1920
live,656,16093282452764,16093282601935,16093282672592,16093283747870,1.295106,0.070657,1.075278,1920
live,657,16093292452764,16093292607022,16093292703215,16093293821917,1.369153,0.096193,1.118702,1920
live,658,16093302452764,16093302616589,16093302683054,16093303733467,1.280703,0.066465,1.050413,1920
live,659,16093312452764,16093312607339,16093312691596,16093313732826,1.280062,0.084257,1.04123,1920
live,660,16093322452764,16093322610186,16093322697515,16093325977813,3.525049,0.087329,3.280298,1920
live,661,16093332452764,16093332623849,16093332715178,16093333756759,1.303995,0.091329,1.041581,1920
live,662,16093342452764,16093342617255,16093342691432,16093343766998,1.314234,0.074177,1.075566,1920
live,663,16093352452764,16093352606502,16093352687239,16093353720596,1.267832,0.080737,1.033357,1920
live,664,16093362452764,16093362604101,16093362679718,16093363724243,1.271479,0.075617,1.044525,1920
live,665,16093372452764,16093372600451,16093372667460,16093373686289,1.233525,0.067009,1.018829,1920
live,666,16093382452764,16093382712451,16093382858725,16093384155862,1.703098,0.146274,1.297137,1920
live,667,16093392452764,16093392648161,16093392744546,16093393851504,1.39874,0.096385,1.106958,1920
live,668,16093402452764,16093402614207,16093402696224,16093403732462,1.279698,0.082017,1.036238,1920
live,669,16093412452764,16093412611678,16093412693055,16093413723852,1.271088,0.081377,1.030797,1920
live,670,16093422452764,16093422602301,16093422678366,16093423699339,1.246575,0.076065,1.020973,1920
live,671,16093432452764,16093432605531,16093432672604,16093433685449,1.232685,0.067073,1.012845,1920
live,672,16093442452764,16093442770460,16093442912670,16093444569171,2.116407,0.14221,1.656501,1920
live,673,16093452452764,16093452696026,16093453123423,16093455097560,2.644796,0.427397,1.974137,1920
live,674,16093462452764,16093462638328,16093463033149,16093464652017,2.199253,0.394821,1.618868,1920
live,675,16093472452764,16093472605078,16093472682103,16093474076585,1.623821,0.077025,1.394482,1920
live,676,16093482452764,16093482597045,16093482678998,16093483722243,1.269479,0.081953,1.043245,1920
live,677,16093492452764,16093492598899,16093492677204,16093493744226,1.291462,0.078305,1.067022,1920
live,678,16093502452764,16093502607314,16093502688339,16093503758465,1.305701,0.081025,1.070126,1920
live,679,16093512452764,16093512603761,16093512681906,16093513714559,1.261795,0.078145,1.032653,1920
live,680,16093522452764,16093522598799,16093522665072,16093525895289,3.442525,0.066273,3.230217,1920
live,681,16093532452764,16093532616462,16093532693423,16093533772925,1.320161,0.076961,1.079502,1920
live,682,16093542452764,16093542607981,16093542688174,16093543752379,1.299615,0.080193,1.064205,1920
live,683,16093552452764,16093552719085,16093553161874,16093554501347,2.048583,0.442789,1.339473,1920
live,684,16093562452764,16093562625642,16093562719339,16093563802297,1.349533,0.093697,1.082958,1920
live,685,16093572452764,16093572663977,16093572755723,16093573810840,1.358076,0.091746,1.055117,1920
live,686,16093582452764,16093582629672,16093582712969,16093583765878,1.313114,0.083297,1.052909,1920
live,687,16093592452764,16093592605190,16093592693287,16093593747540,1.294776,0.088097,1.054253,1920
live,688,16093602452764,16093602609253,16093602695174,16093603753587,1.300823,0.085921,1.058413,1920
live,689,16093612452764,16093612605091,16093612693508,16093613696081,1.243317,0.088417,1.002573,1920
live,690,16093622452764,16093622609762,16093622687939,16093623717776,1.265012,0.078177,1.029837,1920
live,691,16093632452764,16093632600513,16093632670369,16093633689710,1.236946,0.069856,1.019341,1920
live,692,16093642452764,16093642602783,16093642672928,16093643678477,1.225713,0.070145,1.005549,1920
live,693,16093652452764,16093652696255,16093653120516,16093655130814,2.67805,0.424261,2.010298,1920
live,694,16093662452764,16093662650077,16093663044386,16093664357651,1.904887,0.394309,1.313265,1920
live,695,16093672452764,16093672594811,16093672671292,16093673751114,1.29835,0.076481,1.079822,1920
live,696,16093682452764,16093682596410,16093682678491,16093683726472,1.273708,0.082081,1.047981,1920
live,697,16093692452764,16093692594328,16093692660505,16093693693606,1.240842,0.066177,1.033101,1920
live,698,16093702452764,16093702600247,16093702687160,16093703749958,1.297194,0.086913,1.062798,1920
live,699,16093712452764,16093713206238,16093713380384,16093715376825,2.924061,0.174146,1.996441,1920
replay,699,16093712452764,16093713270174,16093713852870,16093755626871,43.174107,0.582696,41.774001,146176
live,700,16093722452764,16093723185116,16093723811524,16093729780304,7.32754,0.626408,5.96878,1920
live,701,16093732452764,16093732805558,16093733276764,16093735583353,3.130589,0.471206,2.306589,1920
live,702,16093742452764,16093742849557,16093743150745,16093746636837,4.184073,0.301188,3.486092,1920
live,703,16093752452764,16093755850618,16093756045308,16093758533084,6.08032,0.19469,2.487776,1920
live,704,16093762452764,16093762653136,16093762772145,16093764806379,2.353615,0.119009,2.034234,1920
live,705,16093772452764,16093772667663,16093772789072,16093774770633,2.317869,0.121409,1.981561,1920
live,706,16093782452764,16093782636941,16093782746222,16093784768904,2.31614,0.109281,2.022682,1920
live,707,16093792452764,16093792617131,16093792708365,16093794676902,2.224138,0.091234,1.968537,1920
live,708,16093802452764,16093803091120,16093803227026,16093805307052,2.854288,0.135906,2.080026,1920
live,709,16093812452764,16093812640777,16093812739018,16093814663139,2.210375,0.098241,1.924121,1920
live,710,16093822452764,16093822614247,16093822709929,16093824656001,2.203237,0.095682,1.946072,1920
live,711,16093832452764,16093832615366,16093832704775,16093834620959,2.168195,0.089409,1.916184,1920
live,712,16093842452764,16093842608805,16093842694054,16093844696607,2.243843,0.085249,2.002553,1920
live,713,16093852452764,16093852612227,16093852687492,16093855201092,2.748328,0.075265,2.5136,1920
live,714,16093862452764,16093862648770,16093862755172,16093865206115,2.753351,0.106402,2.450943,1920
live,715,16093872452764,16093872611585,16093872692226,16093875034751,2.581987,0.080641,2.342525,1920
live,716,16093882452764,16093882653984,16093882765409,16093885008766,2.556002,0.111425,2.243357,1920
live,717,16093892452764,16093892623902,16093892725567,16093894652664,2.1999,0.101665,1.927097,1920
live,718,16093902452764,16093902611357,16093902700318,16093904669911,2.217147,0.088961,1.969593,1920
live,719,16093912452764,16093912616475,16093912710621,16093914709846,2.257082,0.094146,1.999225,1920
live,720,16093922452764,16093922610618,16093922701211,16093927201460,4.748696,0.090593,4.500249,1920
live,721,16093932452764,16093932612057,16093932705018,16093934627858,2.175094,0.092961,1.92284,1920
live,722,16093942452764,16093942602935,16093942688952,16093944641425,2.188661,0.086017,1.952473,1920
live,723,16093952452764,16093952604438,16093952677047,16093954602095,2.149331,0.072609,1.925048,1920
live,724,16093962452764,16093962610485,16093962708886,16093964726447,2.273683,0.098401,2.017561,1920
live,725,16093972452764,16093972605971,16093972691828,16093974621933,2.169169,0.085857,1.930105,1920
live,726,16093982452764,16093982602706,16093982677555,16093984597419,2.144655,0.074849,1.919864,1920
live,727,16093992452764,16093992602833,16093992694706,16093994737132,2.284368,0.091873,2.042426,1920
live,728,16094002452764,16094002610383,16094002710673,16094004680394,2.22763,0.10029,1.969721,1920
live,729,16094012452764,16094012664655,16094012788848,16094014803082,2.350318,0.124193,2.014234,1920
live,730,16094022452764,16094022629709,16094022723790,16094024696679,2.243915,0.094081,1.972889,1920
live,731,16094032452764,16094032617035,16094032705837,16094034604517,2.151753,0.088802,1.89868,1920
live,732,16094042452764,16094042605738,16094042696395,16094044647652,2.194888,0.090657,1.951257,1920
live,733,16094052452764,16094052599977,16094052682346,16094054591650,2.138886,0.082369,1.909304,1920
live,734,16094062452764,16094062617671,16094062721321,16094065149415,2.696651,0.10365,2.428094,1920
live,735,16094072452764,16094072609606,16094072703431,16094075048933,2.596169,0.093825,2.345502,1920
live,736,16094082452764,16094082604933,16094082689190,16094085047236,2.594472,0.084257,2.358046,1920
live,737,16094092452764,16094092598979,16094092673540,16094094637693,2.184929,0.074561,1.964153,1920
live,738,16094102452764,16094102605250,16094102688291,16094104641020,2.188256,0.083041,1.952729,1920
live,739,16094112452764,16094112604737,16094112697218,16094114673467,2.220703,0.092481,1.976249,1920
live,740,16094122452764,16094122614559,16094122703296,16094126912726,4.459962,0.088737,4.20943,1920
live,741,16094132452764,16094132611806,16094132700767,16094134634296,2.181532,0.088961,1.933529,1920
live,742,16094142452764,16094142602237,16094142684094,16094144674263,2.221499,0.081857,1.990169,1920
live,743,16094152452764,16094152599131,16094152672988,16094154596020,2.143256,0.073857,1.923032,1920
live,744,16094162452764,16094162614170,16094162719419,16094165141306,2.688542,0.105249,2.421887,1920
live,745,16094172452764,16094172612441,16094172688346,16094175032599,2.579835,0.075905,2.344253,1920
live,746,16094182452764,16094182600503,16094182685112,16094184916468,2.463704,0.084609,2.231356,1920
live,747,16094192452764,16094192614102,16094192706391,16094194880243,2.427479,0.092289,2.173852,1920
live,748,16094202452764,16094202618805,16094202711734,16094204683055,2.230291,0.092929,1.971321,1920
live,749,16094212452764,16094212822230,16094212933911,16094214918033,2.465269,0.111681,1.984122,1920
live,750,16094222452764,16094222618706,16094222714931,16094224692396,2.239632,0.096225,1.977465,1920
live,751,16094232452764,16094232625169,16094232729842,16094234687691,2.234927,0.104673,1.957849,1920
live,752,16094242452764,16094242613263,16094242709233,16094244676265,2.223501,0.09597,1.967032,1920
live,753,16094252452764,16094252611150,16094252697775,16094254633512,2.180748,0.086625,1.935737,1920
live,754,16094262452764,16094262604045,16094262686702,16094264900490,2.447726,0.082657,2.213788,1920
live,755,16094272452764,16094272603947,16094272694220,16094274662053,2.209289,0.090273,1.967833,1920
live,756,16094282452764,16094282603434,16094282674251,16094284630052,2.177288,0.070817,1.955801,1920
live,757,16094292452764,16094292600520,16094292686666,16094294610498,2.157734,0.086146,1.923832,1920
live,758,16094302452764,16094302603239,16094302686920,16094304657217,2.204453,0.083681,1.970297,1920
live,759,16094312452764,16094312599750,16094312671111,16094315120230,2.667466,0.071361,2.449119,1920
live,760,16094322452764,16094322609349,16094322696038,16094326904475,4.451711,0.086689,4.208437,1920
live,761,16094332452764,16094332666564,16094332760261,16094334713182,2.260418,0.093697,1.952921,1920
live,762,16094342452764,16094342627458,16094342713475,16094344666620,2.213856,0.086017,1.953145,1920
live,763,16094352452764,16094352613281,16094352700706,16094354639194,2.18643,0.087425,1.938488,1920
live,764,16094362452764,16094362695040,16094362817890,16094365071390,2.618626,0.12285,2.2535,1920
live,765,16094372452764,16094372617854,16094372713439,16094374949692,2.496928,0.095585,2.236253,1920
live,766,16094382452764,16094382610269,16094382696478,16094384663511,2.210747,0.086209,1.967033,1920
live,767,16094392452764,16094392597755,16094392669052,16094394593012,2.140248,0.071297,1.92396,1920
live,768,16094402452764,16094402601018,16094402684699,16094404639188,2.186424,0.083681,1.954489,1920
live,769,16094412452764,16094412601720,16094412679065,16094414614066,2.161302,0.077345,1.935001,1920
live,770,16094422452764,16094422605463,16094422699928,16094424693746,2.240982,0.094465,1.993818,1920
live,771,16094432452764,16094432605078,16094432694167,16094434600303,2.147539,0.089089,1.906136,1920
live,772,16094442452764,16094442605556,16094442694966,16094444684751,2.231987,0.08941,1.989785,1920
live,773,16094452452764,16094452598707,16094452700564,16094454743662,2.290898,0.101857,2.043098,1920
live,774,16094462452764,16094462633586,16094462726835,16094464672012,2.219248,0.093249,1.945177,1920
live,775,16094472452764,16094472622129,16094472720882,16094473894497,1.441733,0.098753,1.173615,1920
live,776,16094482452764,16094482605327,16094482685424,16094483732669,1.279905,0.080097,1.047245,1920
live,777,16094492452764,16094492600942,16094492669327,16094493695708,1.242944,0.068385,1.026381,1920
live,778,16094502452764,16094502598540,16094502677069,16094503689594,1.23683,0.078529,1.012525,1920
live,779,16094512452764,16094512598667,16094512676140,16094513686041,1.233277,0.077473,1.009901,1920
live,780,16094522452764,16094522609002,16094522704875,16094526011925,3.559161,0.095873,3.30705,1920
live,781,16094532452764,16094532603688,16094532685641,16094533717879,1.265115,0.081953,1.032238,1920
live,782,16094542452764,16094542597639,16094542673928,16094543692597,1.239833,0.076289,1.018669,1920
live,783,16094552452764,16094552597222,16094552684871,16094553702100,1.249336,0.087649,1.017229,1920
live,784,16094562452764,16094562678213,16094562788263,16094563874965,1.422201,0.11005,1.086702,1920
live,785,16094572452764,16094572606499,16094572688420,16094573775026,1.322262,0.081921,1.086606,1920
live,786,16094582452764,16094582603394,16094582675075,16094583705936,1.253172,0.071681,1.030861,1920
live,787,16094592452764,16094592604576,16094592678849,16094593711630,1.258866,0.074273,1.032781,1920
live,788,16094602452764,16094602618047,16094602739105,16094603918384,1.46562,0.121058,1.179279,1920
live,789,16094612452764,16094612598238,16094612685279,16094613744428,1.291664,0.087041,1.059149,1920
live,790,16094622452764,16094622604828,16094622690110,16094623783979,1.331215,0.085282,1.093869,1920
live,791,16094632452764,16094632638492,16094633049601,16094635033402,2.580638,0.411109,1.983801,1920
live,792,16094642452764,16094642644250,16094643059744,16094645165498,2.712734,0.415494,2.105754,1920
live,793,16094652452764,16094652635353,16094653040638,16094655087896,2.635132,0.405285,2.047258,1920
live,794,16094662452764,16094662605207,16094662709368,16094664702930,2.250166,0.104161,1.993562,1920
live,795,16094672452764,16094672610998,16094672717239,16094674710544,2.25778,0.106241,1.993305,1920
live,796,16094682452764,16094682619957,16094682714518,16094684724655,2.271891,0.094561,2.010137,1920
live,797,16094692452764,16094692613267,16094692701492,16094694610765,2.158001,0.088225,1.909273,1920
live,798,16094702452764,16094702601042,16094702675987,16094704638604,2.18584,0.074945,1.962617,1920
live,799,16094712452764,16094713202456,16094713384058,16094715895354,3.44259,0.181602,2.511296,1920
replay,799,16094712452764,16094713269081,16094713756607,16094752837774,40.38501,0.487526,39.081167,146176
live,800,16094722452764,16094723090357,16094723334520,16094730255664,7.8029,0.244163,6.921144,1920
live,801,16094732452764,16094732797936,16094732971282,16094734628135,2.175371,0.173346,1.656853,1920
live,802,16094742452764,16094742664333,16094742786319,16094744768040,2.315276,0.121986,1.981721,1920
live,803,16094752452764,16094752909615,16094753119378,16094754762342,2.309578,0.209763,1.642964,1920
live,804,16094762452764,16094762665963,16094762761228,16094763859578,1.406814,0.095265,1.09835,1920
live,805,16094772452764,16094772613961,16094772683017,16094773715766,1.263002,0.069056,1.032749,1920
live,806,16094782452764,16094782610439,16094782705032,16094783830295,1.377531,0.094593,1.125263,1920
live,807,16094792452764,16094792610470,16094792691143,16094793753428,1.300664,0.080673,1.062285,1920
live,808,16094802452764,16094802604996,16094802692038,16094803720179,1.267415,0.087042,1.028141,1920
live,809,16094812452764,16094812605955,16094812675748,16094814024117,1.571353,0.069793,1.348369,1920
live,810,16094822452764,16094822603106,16094822677411,16094824065908,1.613144,0.074305,1.388497,1920
live,811,16094832452764,16094832614049,16094832706082,16094834197717,1.744953,0.092033,1.491635,1920
live,812,16094842452764,16094842607231,16094842675744,16094844088018,1.635254,0.068513,1.412274,1920
live,813,16094852452764,16094852600958,16094852681279,16094853719532,1.266768,0.080321,1.038253,1920
live,814,16094862452764,16094862604540,16094862672605,16094863691786,1.239022,0.068065,1.019181,1920
live,815,16094872452764,16094872599451,16094872665884,16094873692969,1.240205,0.066433,1.027085,1920
live,816,16094882452764,16094882845629,16094882941246,16094884094989,1.642225,0.095617,1.153743,1920
live,817,16094892452764,16094892618265,16094892709914,16094893749447,1.296683,0.091649,1.039533,1920
live,818,16094902452764,16094902612919,16094902702776,16094904103914,1.65115,0.089857,1.401138,1920
live,819,16094912452764,16094912607126,16094912682839,16094913712548,1.259784,0.075713,1.029709,1920
live,820,16094922452764,16094922605876,16094922675797,16094926589511,4.136747,0.069921,3.913714,1920
live,821,16094932452764,16094932607763,16094932683156,16094935467927,3.015163,0.075393,2.784771,1920
live,822,16094942452764,16094942608530,16094942697523,16094944674380,2.221616,0.088993,1.976857,1920
live,823,16094952452764,16094952607536,16094952690673,16094954716683,2.263919,0.083137,2.02601,1920
live,824,16094962452764,16094962614703,16094962710736,16094965124623,2.671859,0.096033,2.413887,1920
live,825,16094972452764,16094972610382,16094972699471,16094974913003,2.460239,0.089089,2.213532,1920
live,826,16094982452764,16094982601292,16094982675277,16094984638246,2.185482,0.073985,1.962969,1920
live,827,16094992452764,16094992604747,16094992711948,16094994691493,2.238729,0.107201,1.979545,1920
live,828,16095002452764,16095002606442,16095002696331,16095004647844,2.19508,0.089889,1.951513,1920
live,829,16095012452764,16095012601000,16095012684937,16095014606050,2.153286,0.083937,1.921113,1920
live,830,16095022452764,16095022600391,16095022671464,16095024647585,2.194821,0.071073,1.976121,1920
live,831,16095032452764,16095032600070,16095032685063,16095034629055,2.176291,0.084993,1.943992,1920
live,832,16095042452764,16095042610980,16095042696294,16095044738911,2.286147,0.085314,2.042617,1920
live,833,16095052452764,16095052605475,16095052680932,16095054602332,2.149568,0.075457,1.9214,1920
live,834,16095062452764,16095062600994,16095062680867,16095064668156,2.215392,0.079873,1.987289,1920
live,835,16095072452764,16095072598912,16095072669121,16095074590297,2.137533,0.070209,1.921176,1920
live,836,16095082452764,16095082597983,16095082671680,16095084664665,2.211901,0.073697,1.992985,1920
live,837,16095092452764,16095092683167,16095092775712,16095094778617,2.325853,0.092545,2.002905,1920
live,838,16095102452764,16095102628349,16095102712126,16095104669238,2.216474,0.083777,1.957112,1920
live,839,16095112452764,16095112611995,16095112715164,16095114617844,2.16508,0.103169,1.90268,1920
live,840,16095122452764,16095122613690,16095122718075,16095127119923,4.667159,0.104385,4.401848,1920
live,841,16095132452764,16095132631993,16095132730170,16095134692563,2.239799,0.098177,1.962393,1920
live,842,16095142452764,16095142625015,16095142721848,16095144734642,2.281878,0.096833,2.012794,1920
live,843,16095152452764,16095152615350,16095152710839,16095154648816,2.196052,0.095489,1.937977,1920
live,844,16095162452764,16095162628757,16095162726678,16095164714095,2.261331,0.097921,1.987417,1920
live,845,16095172452764,16095172616115,16095172701620,16095174633645,2.180881,0.085505,1.932025,1920
live,846,16095182452764,16095182600306,16095182674482,16095184681164,2.2284,0.074176,2.006682,1920
live,847,16095192452764,16095192617232,16095192715154,16095194698923,2.246159,0.097922,1.983769,1920
live,848,16095202452764,16095202615983,16095202687728,16095204673929,2.221165,0.071745,1.986201,1920
live,849,16095212452764,16095212600782,16095212687855,16095214634407,2.181643,0.087073,1.946552,1920
live,850,16095222452764,16095222603116,16095222687437,16095224664038,2.211274,0.084321,1.976601,1920
live,851,16095232452764,16095232603051,16095232686380,16095234637637,2.184873,0.083329,1.951257,1920
live,852,16095242452764,16095242611754,16095242711403,16095244750981,2.298217,0.099649,2.039578,1920
live,853,16095252452764,16095252606024,16095252696201,16095254649026,2.196262,0.090177,1.952825,1920
live,854,16095262452764,16095262690824,16095262810090,16095264885316,2.432552,0.119266,2.075226,1920
live,855,16095272452764,16095272605926,16095272688967,16095274614271,2.161507,0.083041,1.925304,1920
live,856,16095282452764,16095282600484,16095282680325,16095284673022,2.220258,0.079841,1.992697,1920
live,857,16095292452764,16095292611203,16095292708292,16095294709822,2.257058,0.097089,2.00153,1920
live,858,16095302452764,16095302608674,16095302681603,16095304647579,2.194815,0.072929,1.965976,1920
live,859,16095312452764,16095312597024,16095312682241,16095314633722,2.180958,0.085217,1.951481,1920
live,860,16095322452764,16095322609407,16095322683136,16095326787284,4.33452,0.073729,4.104148,1920
live,861,16095332452764,16095332605150,16095332700991,16095334637175,2.184411,0.095841,1.936184,1920
live,862,16095342452764,16095342619548,16095342723710,16095344725143,2.272379,0.104162,2.001433,1920
live,863,16095352452764,16095352626011,16095352720828,16095354666389,2.213625,0.094817,1.945561,1920
live,864,16095362452764,16095362612730,16095362700667,16095364670932,2.218168,0.087937,1.970265,1920
live,865,16095372452764,16095372611832,16095372685497,16095374628882,2.176118,0.073665,1.943385,1920
live,866,16095382452764,16095382608151,16095382701720,16095384693713,2.240949,0.093569,1.991993,1920
live,867,16095392452764,16095392670422,16095392780248,16095395064629,2.611865,0.109826,2.284381,1920
live,868,16095402452764,16095402614964,16095402705493,16095404704623,2.251859,0.090529,1.99913,1920
live,869,16095412452764,16095412600627,16095412682740,16095414618252,2.165488,0.082113,1.935512,1920
live,870,16095422452764,16095422607538,16095422690323,16095424690956,2.238192,0.082785,2.000633,1920
live,871,16095432452764,16095432603184,16095432676177,16095434611178,2.158414,0.072993,1.935001,1920
live,872,16095442452764,16095442599951,16095442679856,16095445509780,3.057016,0.079905,2.829924,1920
live,873,16095452452764,16095452605550,16095452689007,16095454653319,2.200555,0.083457,1.964312,1920
live,874,16095462452764,16095462666349,16095462783374,16095465233837,2.781073,0.117025,2.450463,1920
live,875,16095472452764,16095472616075,16095472701548,16095475086154,2.63339,0.085473,2.384606,1920
live,876,16095482452764,16095482602313,16095482685675,16095484924615,2.471851,0.083362,2.23894,1920
live,877,16095492452764,16095492601512,16095492681001,16095494597505,2.144741,0.079489,1.916504,1920
live,878,16095502452764,16095502607559,16095502700808,16095504730018,2.277254,0.093249,2.02921,1920
live,879,16095512452764,16095512606214,16095512677830,16095514622463,2.169699,0.071616,1.944633,1920
live,880,16095522452764,16095522594276,16095522676773,16095526777721,4.324957,0.082497,4.100948,1920
live,881,16095532452764,16095532604035,16095532694212,16095534637085,2.184321,0.090177,1.942873,1920
live,882,16095542452764,16095542604417,16095542702339,16095544688124,2.23536,0.097922,1.985785,1920
live,883,16095552452764,16095552609376,16095552705953,16095554685147,2.232383,0.096577,1.979194,1920
live,884,16095562452764,16095562616607,16095562720576,16095564730138,2.277374,0.103969,2.009562,1920
live,885,16095572452764,16095572702175,16095573099524,16095574358580,1.905816,0.397349,1.259056,1920
live,886,16095582452764,16095582611964,16095582703933,16095583769227,1.316463,0.091969,1.065294,1920
live,887,16095592452764,16095592604411,16095592674812,16095593701545,1.248781,0.070401,1.026733,1920
live,888,16095602452764,16095602600569,16095602696027,16095603815433,1.362669,0.095458,1.119406,1920
live,889,16095612452764,16095612600408,16095612684793,16095614054986,1.602222,0.084385,1.370193,1920
live,890,16095622452764,16095622597911,16095622678168,16095623701445,1.248681,0.080257,1.023277,1920
live,891,16095632452764,16095632596501,16095632668630,16095633698659,1.245895,0.072129,1.030029,1920
live,892,16095642452764,16095642595636,16095642660117,16095643673506,1.220742,0.064481,1.013389,1920
live,893,16095652452764,16095652596979,16095652691988,16095653788610,1.335846,0.095009,1.096622,1920
live,894,16095662452764,16095662602449,16095662677138,16095664085444,1.63268,0.074689,1.408306,1920
live,895,16095672452764,16095672585168,16095672649169,16095674021634,1.56887,0.064001,1.372465,1920
live,896,16095682452764,16095682593199,16095682662575,16095684030561,1.577797,0.069376,1.367986,1920
live,897,16095692452764,16095692591309,16095692654670,16095693673083,1.220319,0.063361,1.018413,1920
live,898,16095702452764,16095702596588,16095702688045,16095703793307,1.340543,0.091457,1.105262,1920
live,899,16095712452764,16095713161298,16095713336276,16095715523312,3.070548,0.174978,2.187036,1920
replay,899,16095712452764,16095713235699,16095713459126,16095748835638,36.382874,0.223427,35.376512,146176
live,900,16095722452764,16095723028303,16095723371347,16095728599605,6.146841,0.343044,5.228258,1920
live,901,16095732452764,16095732716330,16095732848299,16095734168732,1.715968,0.131969,1.320433,1920
live,902,16095742452764,16095742788297,16095743017932,16095745806927,3.354163,0.229635,2.788995,1920
live,903,16095752452764,16095752843592,16095753009195,16095754752161,2.299397,0.165603,1.742966,1920
live,904,16095762452764,16095762645701,16095762743526,16095763891412,1.438648,0.097825,1.147886,1920
live,905,16095772452764,16095772615523,16095772713604,16095773893587,1.440823,0.098081,1.179983,1920
live,906,16095782452764,16095782608225,16095782710371,16095783818801,1.366037,0.102146,1.10843,1920
live,907,16095792452764,16095792613408,16095792715329,16095793861136,1.408372,0.101921,1.145807,1920
live,908,16095802452764,16095802611391,16095802702944,16095804218547,1.765783,0.091553,1.515603,1920
live,909,16095812452764,16095812625278,16095812707967,16095813809069,1.356305,0.082689,1.101102,1920
live,910,16095822452764,16095822605404,16095822688221,16095823754283,1.301519,0.082817,1.066062,1920
live,911,16095832452764,16095832599611,16095832680412,16095833718121,1.265357,0.080801,1.037709,1920
live,912,16095842452764,16095842602361,16095842691706,16095843730152,1.277388,0.089345,1.038446,1920
live,913,16095852452764,16095852680665,16095852750746,16095853827784,1.37502,0.070081,1.077038,1920
live,914,16095862452764,16095862631959,16095862718968,16095863798342,1.345578,0.087009,1.079374,1920
live,915,16095872452764,16095872606165,16095872687350,16095873719363,1.266599,0.081185,1.032013,1920
live,916,16095882452764,16095882606900,16095882683093,16095883714498,1.261734,0.076193,1.031405,1920
live,917,16095892452764,16095892600211,16095892683700,16095893712673,1.259909,0.083489,1.028973,1920
live,918,16095902452764,16095902603249,16095902679762,16095903703167,1.250403,0.076513,1.023405,1920
live,919,16095912452764,16095912610800,16095912691985,16095913744798,1.292034,0.081185,1.052813,1920
live,920,16095922452764,16095922606831,16095922674096,16095926252637,3.799873,0.067265,3.578541,1920
live,921,16095932452764,16095932604877,16095932694926,16095933749436,1.296672,0.090049,1.05451,1920
live,922,16095942452764,16095942597964,16095942666413,16095943693114,1.24035,0.068449,1.026701,1920
live,923,16095952452764,16095952597483,16095952674444,16095953691640,1.238876,0.076961,1.017196,1920
live,924,16095962452764,16095962599913,16095962689546,16095963776216,1.323452,0.089633,1.08667,1920
live,925,16095972452764,16095972607496,16095972679369,16095973752407,1.299643,0.071873,1.073038,1920
live,926,16095982452764,16095982609063,16095982680456,16095983720661,1.267897,0.071393,1.040205,1920
live,927,16095992452764,16095992596293,16095992673510,16095993696435,1.243671,0.077217,1.022925,1920
live,928,16096002452764,16096002603012,16096002683237,16096003701458,1.248694,0.080225,1.018221,1920
live,929,16096012452764,16096012616739,16096012714052,16096013831858,1.379094,0.097313,1.117806,1920
live,930,16096022452764,16096022610017,16096022695650,16096023780208,1.327444,0.085633,1.084558,1920
live,931,16096032452764,16096032605696,16096032675937,16096033716686,1.263922,0.070241,1.040749,1920
live,932,16096042452764,16096042602047,16096042689088,16096043726093,1.273329,0.087041,1.037005,1920
live,933,16096052452764,16096052602013,16096052699358,16096053713931,1.261167,0.097345,1.014573,1920
live,934,16096062452764,16096062602524,16096062686077,16096063751594,1.29883,0.083553,1.065517,1920
live,935,16096072452764,16096072610491,16096072681212,16096073723209,1.270445,0.070721,1.041997,1920
live,936,16096082452764,16096082599321,16096082667930,16096083680039,1.227275,0.068609,1.012109,1920
live,937,16096092452764,16096092595416,16096092663417,16096093678182,1.225418,0.068001,1.014765,1920
live,938,16096102452764,16096102601655,16096102687064,16096103706821,1.254057,0.085409,1.019757,1920
live,939,16096112452764,16096112605909,16096112691926,16096113775716,1.322952,0.086017,1.08379,1920
live,940,16096122452764,16096122606004,16096122687893,16096125999743,3.546979,0.081889,3.31185,1920
live,941,16096132452764,16096132609395,16096132687860,16096133719521,1.266757,0.078465,1.031661,1920
live,942,16096142452764,16096142608657,16096142675570,16096143695167,1.242403,0.066913,1.019597,1920
live,943,16096152452764,16096152600272,16096152679473,16096153694174,1.24141,0.079201,1.014701,1920
live,944,16096162452764,16096162612143,16096162684880,16096163736925,1.284161,0.072737,1.052045,1920
live,945,16096172452764,16096172601069,16096172671854,16096173694587,1.241823,0.070785,1.022733,1920
live,946,16096182452764,16096182602572,16096182670861,16096183683642,1.230878,0.068289,1.012781,1920
live,947,16096192452764,16096192598698,16096192662923,16096193677144,1.22438,0.064225,1.014221,1920
live,948,16096202452764,16096202600553,16096202667466,16096203677655,1.224891,0.066913,1.010189,1920
live,949,16096212452764,16096212747434,16096212835755,16096213894712,1.441948,0.088321,1.058957,1920
live,950,16096222452764,16096222606471,16096222694312,16096223720341,1.267577,0.087841,1.026029,1920
live,951,16096232452764,16096232609669,16096232702694,16096233731667,1.278903,0.093025,1.028973,1920
live,952,16096242452764,16096242607140,16096242678725,16096243704946,1.252182,0.071585,1.026221,1920
live,953,16096252452764,16096252606851,16096252690916,16096253733649,1.280885,0.084065,1.042733,1920
live,954,16096262452764,16096262611425,16096262682242,16096264506777,2.054013,0.070817,1.824535,1920
live,955,16096272452764,16096272606400,16096272692737,16096273729102,1.276338,0.086337,1.036365,1920
live,956,16096282452764,16096282606687,16096282686400,16096284045457,1.592693,0.079713,1.359057,1920
live,957,16096292452764,16096292600797,16096292665790,16096293702411,1.249647,0.064993,1.036621,1920
live,958,16096302452764,16096302604476,16096302670013,16096303680777,1.228013,0.065537,1.010764,1920
live,959,16096312452764,16096312599930,16096312660219,16096313673896,1.221132,0.060289,1.013677,1920
live,960,16096322452764,16096322603769,16096322687386,16096325943459,3.490695,0.083617,3.256073,1920
live,961,16096332452764,16096332604792,16096332692057,16096333733318,1.280554,0.087265,1.041261,1920
live,962,16096342452764,16096342602966,16096342681015,16096343700004,1.24724,0.078049,1.018989,1920
live,963,16096352452764,16096352600437,16096352668790,16096354016519,1.563755,0.068353,1.347729,1920
live,964,16096362452764,16096362607700,16096362673429,16096363693570,1.240806,0.065729,1.020141,1920
live,965,16096372452764,16096372601714,16096372686995,16096373756449,1.303685,0.085281,1.069454,1920
live,966,16096382452764,16096382604433,16096382688434,16096384087684,1.63492,0.084001,1.39925,1920
live,967,16096392452764,16096392601648,16096392680273,16096394020930,1.568166,0.078625,1.340657,1920
live,968,16096402452764,16096402599214,16096402677135,16096403700188,1.247424,0.077921,1.023053,1920
live,969,16096412452764,16096412599757,16096412665294,16096413694203,1.241439,0.065537,1.028909,1920
live,970,16096422452764,16096422598828,16096422680621,16096423738266,1.285502,0.081793,1.057645,1920
live,971,16096432452764,16096432600618,16096432678731,16096433712728,1.259964,0.078113,1.033997,1920
live,972,16096442452764,16096442599273,16096442665194,16096443672471,1.219707,0.065921,1.007277,1920
live,973,16096452452764,16096452601416,16096452678185,16096453799191,1.346427,0.076769,1.121006,1920
live,974,16096462452764,16096462609958,16096462679783,16096463749109,1.296345,0.069825,1.069326,1920
live,975,16096472452764,16096472618501,16096472716934,16096473839733,1.386969,0.098433,1.122799,1920
live,976,16096482452764,16096482610820,16096482680517,16096483723058,1.270294,0.069697,1.042541,1920
live,977,16096492452764,16096492599298,16096492680771,16096493726065,1.273301,0.081473,1.045294,1920
live,978,16096502452764,16096502602849,16096502687522,16096504067060,1.614296,0.084673,1.379538,1920
live,979,16096512452764,16096512602176,16096512680801,16096514012146,1.559382,0.078625,1.331345,1920
live,980,16096522452764,16096522603678,16096522693536,16096525928232,3.475468,0.089858,3.234696,1920
live,981,16096532452764,16096532609661,16096532683934,16096533721067,1.268303,0.074273,1.037133,1920
live,982,16096542452764,16096542596540,16096542663100,16096543678377,1.225613,0.06656,1.015277,1920
live,983,16096552452764,16096552593978,16096552675355,16096553689960,1.237196,0.081377,1.014605,1920
live,984,16096562452764,16096562597977,16096562664282,16096563675847,1.223083,0.066305,1.011565,1920
live,985,16096572452764,16096572608088,16096572692537,16096573748454,1.29569,0.084449,1.055917,1920
live,986,16096582452764,16096582603766,16096582672631,16096583685060,1.232296,0.068865,1.012429,1920
live,987,16096592452764,16096592601845,16096592671190,16096594009863,1.557099,0.069345,1.338673,1920
live,988,16096602452764,16096602647508,16096602755606,16096603813475,1.360711,0.108098,1.057869,1920
live,989,16096612452764,16096612661363,16096612750676,16096613791137,1.338373,0.089313,1.040461,1920
live,990,16096622452764,16096622645074,16096622734899,16096623792640,1.339876,0.089825,1.057741,1920
live,991,16096632452764,16096632609072,16096632679793,16096633689149,1.236385,0.070721,1.009356,1920
live,992,16096642452764,16096642609006,16096642678543,16096643673084,1.22032,0.069537,0.994541,1920
live,993,16096652452764,16096652602253,16096652671758,16096653689819,1.237055,0.069505,1.018061,1920
live,994,16096662452764,16096662602860,16096662685613,16096663761178,1.308414,0.082753,1.075565,1920
live,995,16096672452764,16096672644107,16096672725516,16096674764934,2.31217,0.081409,2.039418,1920
live,996,16096682452764,16096682635689,16096682742603,16096683793112,1.340348,0.106914,1.050509,1920
live,997,16096692452764,16096692615112,16096692717609,16096693746582,1.293818,0.102497,1.028973,1920
live,998,16096702452764,16096702617670,16096702707976,16096703749333,1.296569,0.090306,1.041357,1920
live,999,16096712452764,16096713216653,16096713380463,16096715469545,3.016781,0.16381,2.089082,1920
replay,999,16096712452764,16096713276301,16096713486672,16096751128525,38.675761,0.210371,37.641853,146176
live,1000,16096722452764,16096722910247,16096723179979,16096728709489,6.256725,0.269732,5.52951,1920
live,1001,16096732452764,16096732703844,16096732821701,16096734186102,1.733338,0.117857,1.364401,1920
live,1002,16096742452764,16096742806787,16096743060615,16096745684168,3.231404,0.253828,2.623553,1920
live,1003,16096752452764,16096752708897,16096752836259,16096754109491,1.656727,0.127362,1.273232,1920
live,1004,16096762452764,16096762620158,16096762691679,16096763703308,1.250544,0.071521,1.011629,1920
live,1005,16096772452764,16096772610781,16096772694558,16096773734411,1.281647,0.083777,1.039853,1920
live,1006,16096782452764,16096782606396,16096782685437,16096783769098,1.316334,0.079041,1.083661,1920
live,1007,16096792452764,16096792579418,16096792653051,16096793647431,1.194667,0.073633,0.99438,1920
live,1008,16096802452764,16096802579065,16096802641945,16096803892841,1.440077,0.06288,1.250896,1920
live,1009,16096812452764,16096812578711,16096812641048,16096813878664,1.4259,0.062337,1.237616,1920
live,1010,16096822452764,16096822576534,16096822638071,16096823613955,1.161191,0.061537,0.975884,1920
live,1011,16096832452764,16096832579189,16096832653525,16096833702467,1.249703,0.074336,1.048942,1920
live,1012,16096842452764,16096842578195,16096842639796,16096843624320,1.171556,0.061601,0.984524,1920
live,1013,16096852452764,16096852577842,16096852642899,16096853631103,1.178339,0.065057,0.988204,1920
live,1014,16096862452764,16096862576689,16096862639633,16096863619966,1.167202,0.062944,0.980333,1920
live,1015,16096872452764,16096872580047,16096872642960,16096873616892,1.164128,0.062913,0.973932,1920
live,1016,16096882452764,16096882587438,16096882670927,16096883770237,1.317473,0.083489,1.09931,1920
live,1017,16096892452764,16096892604909,16096892688750,16096893717083,1.264319,0.083841,1.028333,1920
live,1018,16096902452764,16096902603436,16096902696877,16096903761466,1.308702,0.093441,1.064589,1920
live,1019,16096912452764,16096912603978,16096912678923,16096913709112,1.256348,0.074945,1.030189,1920
live,1020,16096922452764,16096922599529,16096922668362,16096926342776,3.890012,0.068833,3.674414,1920
live,1021,16096932452764,16096932614504,16096932705737,16096933826167,1.373403,0.091233,1.12043,1920
live,1022,16096942452764,16096942611910,16096942692039,16096943736853,1.284089,0.080129,1.044814,1920
live,1023,16096952452764,16096952605957,16096952685606,16096953724243,1.271479,0.079649,1.038637,1920
live,1024,16096962452764,16096962597955,16096962668388,16096963690481,1.237717,0.070433,1.022093,1920
live,1025,16096972452764,16096972600674,16096972670627,16096973708048,1.255284,0.069953,1.037421,1920
live,1026,16096982452764,16096982875908,16096982977702,16096984515993,2.063229,0.101794,1.538291,1920
live,1027,16096992452764,16096992598879,16096992672640,16096994126451,1.673687,0.073761,1.453811,1920
live,1028,16097002452764,16097002601534,16097002667871,16097003732748,1.279984,0.066337,1.064877,1920
live,1029,16097012452764,16097012618525,16097013021858,16097015033212,2.580448,0.403333,2.011354,1920
live,1030,16097022452764,16097022670876,16097023095170,16097024433299,1.980535,0.424294,1.338129,1920
live,1031,16097032452764,16097032601914,16097032673403,16097033993228,1.540464,0.071489,1.319825,1920
live,1032,16097042452764,16097042602745,16097042686106,16097043744679,1.291915,0.083361,1.058573,1920
live,1033,16097052452764,16097052679640,16097052807898,16097054276877,1.824113,0.128258,1.468979,1920
live,1034,16097062452764,16097062606166,16097062690903,16097063715972,1.263208,0.084737,1.025069,1920
live,1035,16097072452764,16097072600277,16097072665718,16097073682146,1.229382,0.065441,1.016428,1920
live,1036,16097082452764,16097082600723,16097082673876,16097083702497,1.249733,0.073153,1.028621,1920
live,1037,16097092452764,16097092613394,16097092698099,16097093759617,1.306853,0.084705,1.061518,1920
live,1038,16097102452764,16097102603633,16097102677074,16097103722463,1.269699,0.073441,1.045389,1920
live,1039,16097112452764,16097112605167,16097112673680,16097114038082,1.585318,0.068513,1.364402,1920
live,1040,16097122452764,16097122598894,16097122666255,16097126953317,4.500553,0.067361,4.287062,1920
live,1041,16097132452764,16097132606509,16097132701742,16097133925661,1.472897,0.095233,1.223919,1920
live,1042,16097142452764,16097142638956,16097142751021,16097143968189,1.515425,0.112065,1.217168,1920
live,1043,16097152452764,16097152621354,16097152713227,16097153841690,1.388926,0.091873,1.128463,1920
live,1044,16097162452764,16097162615497,16097162695594,16097163739287,1.286523,0.080097,1.043693,1920
live,1045,16097172452764,16097172601511,16097172674728,16097173706069,1.253305,0.073217,1.031341,1920
live,1046,16097182452764,16097182599206,16097182669927,16097183680052,1.227288,0.070721,1.010125,1920
live,1047,16097192452764,16097192609445,16097192702278,16097193808564,1.3558,0.092833,1.106286,1920
live,1048,16097202452764,16097202603075,16097202684644,16097203713361,1.260597,0.081569,1.028717,1920
live,1049,16097212452764,16097212593442,16097212669603,16097213694672,1.241908,0.076161,1.025069,1920
live,1050,16097222452764,16097222594273,16097222678178,16097224090259,1.637495,0.083905,1.412081,1920
live,1051,16097232452764,16097232598687,16097232668512,16097234012305,1.559541,0.069825,1.343793,1920
live,1052,16097242452764,16097242599966,16097242697023,16097243796717,1.343953,0.097057,1.099694,1920
live,1053,16097252452764,16097252607517,16097252687870,16097253725707,1.272943,0.080353,1.037837,1920
live,1054,16097262452764,16097262595291,16097262674044,16097263701385,1.248621,0.078753,1.027341,1920
live,1055,16097272452764,16097272600346,16097272667963,16097273684904,1.23214,0.067617,1.016941,1920
live,1056,16097282452764,16097282596537,16097282662521,16097283673734,1.22097,0.065984,1.011213,1920
live,1057,16097292452764,16097292604375,16097292700856,16097293782406,1.329642,0.096481,1.08155,1920
live,1058,16097302452764,16097302607606,16097302687863,16097303705892,1.253128,0.080257,1.018029,1920
live,1059,16097312452764,16097312594804,16097312662677,16097313686178,1.233414,0.067873,1.023501,1920
live,1060,16097322452764,16097322592819,16097322659700,16097325879677,3.426913,0.066881,3.219977,1920
live,1061,16097332452764,16097332600818,16097332667699,16097333675967,1.223203,0.066881,1.008268,1920
live,1062,16097342452764,16097342602193,16097342692562,16097343803808,1.351044,0.090369,1.111246,1920
live,1063,16097352452764,16097352649808,16097352747729,16097353831999,1.379235,0.097921,1.08427,1920
live,1064,16097362452764,16097362608910,16097362696463,16097363758429,1.305665,0.087553,1.061966,1920
live,1065,16097372452764,16097372665901,16097372767087,16097373824060,1.371296,0.101186,1.056973,1920
live,1066,16097382452764,16097382668684,16097382763661,16097383807450,1.354686,0.094977,1.043789,1920
live,1067,16097392452764,16097392618282,16097392706571,16097393826137,1.373373,0.088289,1.119566,1920
live,1068,16097402452764,16097402607241,16097402691626,16097403725911,1.273147,0.084385,1.034285,1920
live,1069,16097412452764,16097412600263,16097412678568,16097413699381,1.246617,0.078305,1.020813,1920
live,1070,16097422452764,16097422599366,16097422669703,16097423693236,1.240472,0.070337,1.023533,1920
live,1071,16097432452764,16097432600548,16097432671237,16097434026231,1.573467,0.070689,1.354994,1920
live,1072,16097442452764,16097442897959,16097443431982,16097444698814,2.24605,0.534023,1.266832,1920
live,1073,16097452452764,16097452607810,16097452680579,16097454359000,1.906236,0.072769,1.678421,1920
live,1074,16097462452764,16097462601536,16097462685794,16097463753423,1.300659,0.084258,1.067629,1920
live,1075,16097472452764,16097472598847,16097472688672,16097473728781,1.276017,0.089825,1.040109,1920
live,1076,16097482452764,16097482602142,16097482683007,16097483721868,1.269104,0.080865,1.038861,1920
live,1077,16097492452764,16097492596188,16097492674941,16097494006062,1.553298,0.078753,1.331121,1920
live,1078,16097502452764,16097502603995,16097502676444,16097504078766,1.626002,0.072449,1.402322,1920
live,1079,16097512452764,16097512609370,16097512676475,16097513703848,1.251084,0.067105,1.027373,1920
live,1080,16097522452764,16097522600280,16097522666393,16097526752493,4.299729,0.066113,4.0861,1920
live,1081,16097532452764,16097532650072,16097533049309,16097535087543,2.634779,0.399237,2.038234,1920
live,1082,16097542452764,16097542648790,16097543047099,16097545406361,2.953597,0.398309,2.359262,1920
live,1083,16097552452764,16097552614837,16097553035386,16097555119156,2.666392,0.420549,2.08377,1920
live,1084,16097562452764,16097562605747,16097562677012,16097564665677,2.212913,0.071265,1.988665,1920
live,1085,16097572452764,16097572595666,16097572668179,16097574605227,2.152463,0.072513,1.937048,1920
live,1086,16097582452764,16097582598480,16097582689297,16097584126660,1.673896,0.090817,1.437363,1920
live,1087,16097592452764,16097592647152,16097592754481,16097593890431,1.437667,0.107329,1.13595,1920
live,1088,16097602452764,16097602639054,16097602735791,16097603910974,1.45821,0.096737,1.175183,1920
live,1089,16097612452764,16097612616109,16097612704366,16097613784347,1.331583,0.088257,1.079981,1920
live,1090,16097622452764,16097622605707,16097622693420,16097623738841,1.286077,0.087713,1.045421,1920
live,1091,16097632452764,16097632599242,16097632694091,16097633744664,1.2919,0.094849,1.050573,1920
live,1092,16097642452764,16097642617289,16097642706826,16097643774007,1.321243,0.089537,1.067181,1920
live,1093,16097652452764,16097652610759,16097652697768,16097653799350,1.346586,0.087009,1.101582,1920
live,1094,16097662452764,16097662607206,16097662682887,16097663730932,1.278168,0.075681,1.048045,1920
live,1095,16097672452764,16097672648933,16097672752902,16097673813108,1.360344,0.103969,1.060206,1920
live,1096,16097682452764,16097682621283,16097682711332,16097683723025,1.270261,0.090049,1.011693,1920
live,1097,16097692452764,16097692612322,16097692694531,16097693701040,1.248276,0.082209,1.006509,1920
live,1098,16097702452764,16097702636897,16097702731682,16097703788591,1.335827,0.094785,1.056909,1920
live,1099,16097712452764,16097713199111,16097713381161,16097715908873,3.456109,0.18205,2.527712,1920
replay,1099,16097712452764,16097713265191,16097713508042,16097756839983,44.387219,0.242851,43.331941,146176
live,1100,16097722452764,16097722855585,16097724156849,16097729202065,6.749301,1.301264,5.045216,1920
live,1101,16097732452764,16097732743998,16097732904640,16097734177328,1.724564,0.160642,1.272688,1920
live,1102,16097742452764,16097742818910,16097742988096,16097745224924,2.77216,0.169186,2.236828,1920
live,1103,16097752452764,16097752732539,16097752922302,16097755273307,2.820543,0.189763,2.351005,1920
live,1104,16097762452764,16097762652921,16097762749242,16097763969226,1.516462,0.096321,1.219984,1920
live,1105,16097772452764,16097772608023,16097772685976,16097773757126,1.304362,0.077953,1.07115,1920
live,1106,16097782452764,16097782601206,16097782667510,16097783700547,1.247783,0.066304,1.033037,1920
live,1107,16097792452764,16097792602996,16097792669013,16097793694210,1.241446,0.066017,1.025197,1920
live,1108,16097802452764,16097802870550,16097803296732,16097804669869,2.217105,0.426182,1.373137,1920
live,1109,16097812452764,16097812603122,16097812693363,16097813904130,1.451366,0.090241,1.210767,1920
live,1110,16097822452764,16097822647153,16097822758898,16097823855040,1.402276,0.111745,1.096142,1920
live,1111,16097832452764,16097832630927,16097832725744,16097833802238,1.349474,0.094817,1.076494,1920
live,1112,16097842452764,16097842614606,16097842702671,16097843765948,1.313184,0.088065,1.063277,1920
live,1113,16097852452764,16097852612044,16097852694125,16097854367363,1.914599,0.082081,1.673238,1920
live,1114,16097862452764,16097862611627,16097862701324,16097863786138,1.333374,0.089697,1.084814,1920
live,1115,16097872452764,16097872617546,16097872688811,16097873719352,1.266588,0.071265,1.030541,1920
live,1116,16097882452764,16097882599272,16097882666729,16097883682070,1.229306,0.067457,1.015341,1920
live,1117,16097892452764,16097892595591,16097892672168,16097893689749,1.236985,0.076577,1.017581,1920
live,1118,16097902452764,16097902597605,16097902672614,16097903692275,1.239511,0.075009,1.019661,1920
live,1119,16097912452764,16097912603332,16097912687877,16097913745075,1.292311,0.084545,1.057198,1920
live,1120,16097922452764,16097922605699,16097922673348,16097926310002,3.857238,0.067649,3.636654,1920
live,1121,16097932452764,16097932608898,16097932677698,16097933707567,1.254803,0.0688,1.029869,1920
live,1122,16097942452764,16097942600128,16097942666913,16097943685710,1.232946,0.066785,1.018797,1920
live,1123,16097952452764,16097952596991,16097952677344,16097953695021,1.242257,0.080353,1.017677,1920
live,1124,16097962452764,16097962664606,16097962770400,16097963898894,1.44613,0.105794,1.128494,1920
live,1125,16097972452764,16097972603324,16097972681181,16097973709994,1.25723,0.077857,1.028813,1920
live,1126,16097982452764,16097982597179,16097982663964,16097983683272,1.230508,0.066785,1.019308,1920
live,1127,16097992452764,16097992599673,16097992667962,16097993691911,1.239147,0.068289,1.023949,1920
live,1128,16098002452764,16098002615544,16098002683769,16098003691046,1.238282,0.068225,1.007277,1920
live,1129,16098012452764,16098012605239,16098012689144,16098013760133,1.307369,0.083905,1.070989,1920
live,1130,16098022452764,16098022605717,16098022674358,16098023708451,1.255687,0.068641,1.034093,1920
live,1131,16098032452764,16098032600852,16098032669397,16098033717250,1.264486,0.068545,1.047853,1920
live,1132,16098042452764,16098042599539,16098042665620,16098043676480,1.223716,0.066081,1.01086,1920
live,1133,16098052452764,16098052617714,16098052708307,16098054069604,1.61684,0.090593,1.361297,1920
live,1134,16098062452764,16098062640881,16098062730290,16098063884096,1.431332,0.089409,1.153806,1920
live,1135,16098072452764,16098072606575,16098072686416,16098074094306,1.641542,0.079841,1.40789,1920
live,1136,16098082452764,16098082607085,16098082678990,16098084087424,1.63466,0.071905,1.408434,1920
live,1137,16098092452764,16098092607788,16098092679149,16098094038174,1.58541,0.071361,1.359025,1920
live,1138,16098102452764,16098102600555,16098102668012,16098103687256,1.234492,0.067457,1.019244,1920
live,1139,16098112452764,16098112605865,16098112693483,16098113798040,1.345276,0.087618,1.104557,1920
live,1140,16098122452764,16098122608328,16098122690793,16098126073268,3.620504,0.082465,3.382475,1920
live,1141,16098132452764,16098132606951,16098132677224,16098133712277,1.259513,0.070273,1.035053,1920
live,1142,16098142452764,16098142647654,16098142726119,16098143748276,1.295512,0.078465,1.022157,1920
live,1143,16098152452764,16098152620804,16098152698053,16098153741746,1.288982,0.077249,1.043693,1920
live,1144,16098162452764,16098162610499,16098162708420,16098164202167,1.749403,0.097921,1.493747,1920
live,1145,16098172452764,16098172607233,16098172684322,16098174044884,1.59212,0.077089,1.360562,1920
live,1146,16098182452764,16098182610208,16098182680193,16098184049170,1.596406,0.069985,1.368977,1920
live,1147,16098192452764,16098192604991,16098192680512,16098193695340,1.242576,0.075521,1.014828,1920
live,1148,16098202452764,16098202603709,16098202670238,16098203678219,1.225455,0.066529,1.007981,1920
live,1149,16098212452764,16098212609852,16098212701021,16098213796203,1.343439,0.091169,1.095182,1920
live,1150,16098222452764,16098222610779,16098222690044,16098223717225,1.264461,0.079265,1.027181,1920
live,1151,16098232452764,16098232599993,16098232667258,16098233695463,1.242699,0.067265,1.028205,1920
live,1152,16098242452764,16098242603896,16098242672185,16098243690822,1.238058,0.068289,1.018637,1920
live,1153,16098252452764,16098252603511,16098252670167,16098253674116,1.221352,0.066656,1.003949,1920
live,1154,16098262452764,16098262710743,16098263158620,16098265419353,2.966589,0.447877,2.260733,1920
live,1155,16098272452764,16098272618420,16098272699189,16098273783683,1.330919,0.080769,1.084494,1920
live,1156,16098282452764,16098282650419,16098282744180,16098283792482,1.339718,0.093761,1.048302,1920
live,1157,16098292452764,16098292614513,16098292700818,16098293752704,1.29994,0.086305,1.051886,1920
live,1158,16098302452764,16098302607280,16098302689201,16098303702782,1.250018,0.081921,1.013581,1920
live,1159,16098312452764,16098312606191,16098312700720,16098313706909,1.254145,0.094529,1.006189,1920
live,1160,16098322452764,16098322611757,16098322698350,16098326035001,3.582237,0.086593,3.336651,1920
live,1161,16098332452764,16098332607244,16098332684397,16098333730106,1.277342,0.077153,1.045709,1920
live,1162,16098342452764,16098342599754,16098342680011,16098343709561,1.256797,0.080257,1.02955,1920
live,1163,16098352452764,16098352605257,16098352674346,16098353701015,1.248251,0.069089,1.026669,1920
live,1164,16098362452764,16098362597160,16098362674409,16098363711414,1.25865,0.077249,1.037005,1920
live,1165,16098372452764,16098372612295,16098372706152,16098374171738,1.718974,0.093857,1.465586,1920
live,1166,16098382452764,16098382607141,16098382677062,16098384101944,1.64918,0.069921,1.424882,1920
live,1167,16098392452764,16098392605828,16098392674661,16098394038070,1.585306,0.068833,1.363409,1920
live,1168,16098402452764,16098402602690,16098402682659,16098403703440,1.250676,0.079969,1.020781,1920
live,1169,16098412452764,16098412604257,16098412670178,16098413692783,1.240019,0.065921,1.022605,1920
live,1170,16098422452764,16098422606240,16098422692673,16098423793615,1.340851,0.086433,1.100942,1920
live,1171,16098432452764,16098432604702,16098432684255,16098433724557,1.271793,0.079553,1.040302,1920
live,1172,16098442452764,16098442601341,16098442670238,16098443685195,1.232431,0.068897,1.014957,1920
live,1173,16098452452764,16098452597212,16098452666621,16098453679017,1.226253,0.069409,1.012396,1920
live,1174,16098462452764,16098462653307,16098462752956,16098464223599,1.770835,0.099649,1.470643,1920
live,1175,16098472452764,16098472614233,16098472714586,16098474183437,1.730673,0.100353,1.468851,1920
live,1176,16098482452764,16098482608728,16098482691737,16098484145355,1.692591,0.083009,1.453618,1920
live,1177,16098492452764,16098492604630,16098492671287,16098493711332,1.258568,0.066657,1.040045,1920
live,1178,16098502452764,16098502607637,16098502677302,16098503717187,1.264423,0.069665,1.039885,1920
live,1179,16098512452764,16098512620692,16098512708757,16098513730050,1.277286,0.088065,1.021293,1920
live,1180,16098522452764,16098522616499,16098522703540,16098525965341,3.512577,0.087041,3.261801,1920
live,1181,16098532452764,16098532604817,16098532691794,16098533725119,1.272355,0.086977,1.033325,1920
live,1182,16098542452764,16098542603216,16098542671121,16098543695134,1.24237,0.067905,1.024013,1920
live,1183,16098552452764,16098552603118,16098552671759,16098553687036,1.234272,0.068641,1.015277,1920
live,1184,16098562452764,16098562600301,16098562667566,16098563695835,1.243071,0.067265,1.028269,1920
live,1185,16098572452764,16098572603756,16098572698701,16098574150463,1.697699,0.094945,1.451762,1920
live,1186,16098582452764,16098582606794,16098582675723,16098584075645,1.622881,0.068929,1.399922,1920
live,1187,16098592452764,16098592595369,16098592664010,16098594015867,1.563103,0.068641,1.351857,1920
live,1188,16098602452764,16098602640168,16098602742857,16098603768630,1.315866,0.102689,1.025773,1920
live,1189,16098612452764,16098612612198,16098612698631,16098613706676,1.253912,0.086433,1.008045,1920
live,1190,16098622452764,16098622619429,16098622711142,16098623799252,1.346488,0.091713,1.08811,1920
live,1191,16098632452764,16098632611396,16098632692165,16098633719602,1.266838,0.080769,1.027437,1920
live,1192,16098642452764,16098642601922,16098642682819,16098643696944,1.24418,0.080897,1.014125,1920
live,1193,16098652452764,16098652601025,16098652667714,16098653687151,1.234387,0.066689,1.019437,1920
live,1194,16098662452764,16098662600928,16098662668704,16098663705646,1.252882,0.067776,1.036942,1920
live,1195,16098672452764,16098672705824,16098673204358,16098675447330,2.994566,0.498534,2.242972,1920
live,1196,16098682452764,16098682652190,16098683058467,16098684432372,1.979608,0.406277,1.373905,1920
live,1197,16098692452764,16098692595931,16098692675708,16098693754058,1.301294,0.079777,1.07835,1920
live,1198,16098702452764,16098702592954,16098702671035,16098703709896,1.257132,0.078081,1.038861,1920
live,1199,16098712452764,16098713174752,16098713381507,16098715772129,3.319365,0.206755,2.390622,1920
replay,1199,16098712452764,16098713241889,16098713523557,16098750038483,37.585719,0.281668,36.514926,146176
live,1200,16098722452764,16098722950972,16098723270816,16098729162123,6.709359,0.319844,5.891307,1920
live,1201,16098732452764,16098732825113,16098733025020,16098734535663,2.082899,0.199907,1.510643,1920
live,1202,16098742452764,16098742783671,16098742959801,16098745779133,3.326369,0.17613,2.819332,1920
live,1203,16098752452764,16098752784150,16098752952472,16098754482187,2.029423,0.168322,1.529715,1920
live,1204,16098762452764,16098762648467,16098762744660,16098763898083,1.445319,0.096193,1.153423,1920
live,1205,16098772452764,16098772617873,16098772690610,16098773762432,1.309668,0.072737,1.071822,1920
live,1206,16098782452764,16098782638576,16098782733777,16098783838015,1.385251,0.095201,1.104238,1920
live,1207,16098792452764,16098792615950,16098792705871,16098793751773,1.299009,0.089921,1.045902,1920
live,1208,16098802452764,16098802609997,16098802695950,16098803719963,1.267199,0.085953,1.024013,1920
live,1209,16098812452764,16098812606091,16098812683372,16098813712506,1.259742,0.077281,1.029134,1920
live,1210,16098822452764,16098822602442,16098822671499,16098823689848,1.237084,0.069057,1.018349,1920
live,1211,16098832452764,16098832636073,16098832726474,16098833763447,1.310683,0.090401,1.036973,1920
live,1212,16098842452764,16098842615336,16098842690857,16098843715382,1.262618,0.075521,1.024525,1920
live,1213,16098852452764,16098852658407,16098852775048,16098853856566,1.403802,0.116641,1.081518,1920
live,1214,16098862452764,16098862612645,16098862701414,16098863717427,1.264663,0.088769,1.016013,1920
live,1215,16098872452764,16098872605603,16098872684580,16098873712337,1.259573,0.078977,1.027757,1920
live,1216,16098882452764,16098882637890,16098882731172,16098883793073,1.340309,0.093282,1.061901,1920
live,1217,16098892452764,16098892620161,16098892695650,16098893723951,1.271187,0.075489,1.028301,1920
live,1218,16098902452764,16098902686496,16098902771202,16098903804143,1.351379,0.084706,1.032941,1920
live,1219,16098912452764,16098912628222,16098912725728,16098913740780,1.288016,0.097506,1.015052,1920
live,1220,16098922452764,16098922606973,16098922690174,16098926251179,3.798415,0.083201,3.561005,1920
live,1221,16098932452764,16098932641724,16098932734973,16098933867947,1.415183,0.093249,1.132974,1920
live,1222,16098942452764,16098942616154,16098942709467,16098943775113,1.322349,0.093313,1.065646,1920
live,1223,16098952452764,16098952682938,16098952802427,16098953894921,1.442157,0.119489,1.092494,1920
live,1224,16098962452764,16098962616696,16098962706873,16098963801159,1.348395,0.090177,1.094286,1920
live,1225,16098972452764,16098972611222,16098972692599,16098973713412,1.260648,0.081377,1.020813,1920
live,1226,16098982452764,16098983069819,16098983183708,16098984273386,1.820622,0.113889,1.089678,1920
live,1227,16098992452764,16098992629972,16098992718645,16098994068582,1.615818,0.088673,1.349937,1920
live,1228,16099002452764,16099002611154,16099002681715,16099004055428,1.602664,0.070561,1.373713,1920
live,1229,16099012452764,16099012596081,16099012675890,16099013999490,1.546726,0.079809,1.3236,1920
live,1230,16099022452764,16099022598223,16099022691312,16099023694781,1.242017,0.093089,1.003469,1920
live,1231,16099032452764,16099032596718,16099032674351,16099034543078,2.090314,0.077633,1.868727,1920
live,1232,16099042452764,16099042599181,16099042683694,16099043716475,1.263711,0.084513,1.032781,1920
live,1233,16099052452764,16099052598763,16099052662668,16099053662233,1.209469,0.063905,0.999565,1920
live,1234,16099062452764,16099062594794,16099062663531,16099063666071,1.213307,0.068737,1.00254,1920
live,1235,16099072452764,16099072591112,16099072668809,16099073693270,1.240506,0.077697,1.024461,1920
live,1236,16099082452764,16099082600391,16099082678376,16099083687189,1.234425,0.077985,1.008813,1920
live,1237,16099092452764,16099092613542,16099092707559,16099094097145,1.644381,0.094017,1.389586,1920
live,1238,16099102452764,16099102610053,16099102687142,16099104078039,1.625275,0.077089,1.390897,1920
live,1239,16099112452764,16099112599875,16099112664612,16099113689809,1.237045,0.064737,1.025197,1920
live,1240,16099122452764,16099122594626,16099122701123,16099126032013,3.579249,0.106497,3.33089,1920
live,1241,16099132452764,16099132634881,16099132720706,16099133743407,1.290643,0.085825,1.022701,1920
live,1242,16099142452764,16099142604287,16099142694656,16099143762446,1.309682,0.090369,1.06779,1920
live,1243,16099152452764,16099152603294,16099152674783,16099153724588,1.271824,0.071489,1.049805,1920
live,1244,16099162452764,16099162602108,16099162668765,16099163720651,1.267887,0.066657,1.051886,1920
live,1245,16099172452764,16099172611355,16099172715101,16099173858955,1.406191,0.103746,1.143854,1920
live,1246,16099182452764,16099182664123,16099182774012,16099183864394,1.41163,0.109889,1.090382,1920
live,1247,16099192452764,16099192626905,16099192726490,16099193786695,1.333931,0.099585,1.060205,1920
live,1248,16099202452764,16099202614295,16099202698360,16099203729573,1.276809,0.084065,1.031213,1920
live,1249,16099212452764,16099212604630,16099212676375,16099214031848,1.579084,0.071745,1.355473,1920
live,1250,16099222452764,16099222597492,16099222662773,16099224030278,1.577514,0.065281,1.367505,1920
live,1251,16099232452764,16099232595379,16099232663924,16099233679585,1.226821,0.068545,1.015661,1920
live,1252,16099242452764,16099242609906,16099242702931,16099243762272,1.309508,0.093025,1.059341,1920
live,1253,16099252452764,16099252602160,16099252688305,16099253710878,1.258114,0.086145,1.022573,1920
live,1254,16099262452764,16099262596655,16099262671280,16099263684925,1.232161,0.074625,1.013645,1920
live,1255,16099272452764,16099272601646,16099272667631,16099273678331,1.225567,0.065985,1.0107,1920
live,1256,16099282452764,16099282601132,16099282663021,16099283658458,1.205694,0.061889,0.995437,1920
live,1257,16099292452764,16099292597291,16099292688428,16099293763386,1.310622,0.091137,1.074958,1920
live,1258,16099302452764,16099302606090,16099302682795,16099303717496,1.264732,0.076705,1.034701,1920
live,1259,16099312452764,16099312593384,16099312683625,16099314025626,1.572862,0.090241,1.342001,1920
live,1260,16099322452764,16099322598215,16099322664616,16099326227125,3.774361,0.066401,3.562509,1920
live,1261,16099332452764,16099332596998,16099332671174,16099333998519,1.545755,0.074176,1.327345,1920
live,1262,16099342452764,16099342609060,16099342697477,16099344109495,1.656731,0.088417,1.412018,1920
live,1263,16099352452764,16099352604867,16099352685028,16099353713329,1.260565,0.080161,1.028301,1920
live,1264,16099362452764,16099362597442,16099362674147,16099363695023,1.242259,0.076705,1.020876,1920
live,1265,16099372452764,16099372595744,16099372669889,16099373675502,1.222738,0.074145,1.005613,1920
live,1266,16099382452764,16099382626367,16099382719264,16099383747661,1.294897,0.092897,1.028397,1920
live,1267,16099392452764,16099392623646,16099392723007,16099393783917,1.331153,0.099361,1.06091,1920
live,1268,16099402452764,16099402608700,16099402678653,16099403701322,1.248558,0.069953,1.022669,1920
live,1269,16099412452764,16099412650107,16099412759485,16099413843307,1.390543,0.109378,1.083822,1920
live,1270,16099422452764,16099422617690,16099422705307,16099423725768,1.273004,0.087617,1.020461,1920
live,1271,16099432452764,16099432614136,16099432700953,16099433710342,1.257578,0.086817,1.009389,1920
live,1272,16099442452764,16099442609719,16099442697944,16099443741509,1.288745,0.088225,1.043565,1920
live,1273,16099452452764,16099452606326,16099452676694,16099453702787,1.250023,0.070368,1.026093,1920
live,1274,16099462452764,16099462601428,16099462679829,16099463697730,1.244966,0.078401,1.017901,1920
live,1275,16099472452764,16099472601651,16099472691188,16099473692321,1.239557,0.089537,1.001133,1920
live,1276,16099482452764,16099482599633,16099482676306,16099483673215,1.220451,0.076673,0.996909,1920
live,1277,16099492452764,16099492833587,16099492918292,16099493961153,1.508389,0.084705,1.042861,1920
live,1278,16099502452764,16099502604463,16099502675248,16099503680668,1.227904,0.070785,1.00542,1920
live,1279,16099512452764,16099512602701,16099512673966,16099513672219,1.219455,0.071265,0.998253,1920
live,1280,16099522452764,16099522595596,16099522670093,16099525849365,3.396601,0.074497,3.179272,1920
live,1281,16099532452764,16099532601963,16099532687820,16099533709753,1.256989,0.085857,1.021933,1920
live,1282,16099542452764,16099542598473,16099542690475,16099544168957,1.716193,0.092002,1.478482,1920
live,1283,16099552452764,16099552603912,16099552682249,16099554060827,1.608063,0.078337,1.378578,1920
live,1284,16099562452764,16099562601479,16099562674600,16099564073977,1.621213,0.073121,1.399377,1920
live,1285,16099572452764,16099572593957,16099572669894,16099574048856,1.596092,0.075937,1.378962,1920
live,1286,16099582452764,16099582600036,16099582678053,16099584062871,1.610107,0.078017,1.384818,1920
live,1287,16099592452764,16099592596163,16099592664803,16099594004820,1.552056,0.06864,1.340017,1920
live,1288,16099602452764,16099602605825,16099602692771,16099604095892,1.643128,0.086946,1.403121,1920
live,1289,16099612452764,16099612644801,16099612743938,16099613814799,1.362035,0.099137,1.070861,1920
live,1290,16099622452764,16099622622271,16099622715488,16099624097650,1.644886,0.093217,1.382162,1920
live,1291,16099632452764,16099632618302,16099632712287,16099634111184,1.65842,0.093985,1.398897,1920
live,1292,16099642452764,16099642612028,16099642686269,16099644090031,1.637267,0.074241,1.403762,1920
live,1293,16099652452764,16099652607547,16099652696764,16099654067949,1.615185,0.089217,1.371185,1920
live,1294,16099662452764,16099662662170,16099662733819,16099664085132,1.632368,0.071649,1.351313,1920
live,1295,16099672452764,16099672625080,16099672695865,16099674000938,1.548174,0.070785,1.305073,1920
live,1296,16099682452764,16099682612567,16099682688472,16099684085161,1.632397,0.075905,1.396689,1920
live,1297,16099692452764,16099692610805,16099692689366,16099694021031,1.568267,0.078561,1.331665,1920
live,1298,16099702452764,16099702609812,16099702696021,16099704107591,1.654827,0.086209,1.41157,1920
live,1299,16099712452764,16099713226810,16099713396605,16099715505431,3.052667,0.169795,2.108826,1920
replay,1299,16099712452764,16099713287899,16099713690848,16099747363435,34.910671,0.402949,33.672587,146176
live,1300,16099722452764,16099722918389,16099723184889,16099727880564,5.4278,0.2665,4.695675,1920
live,1301,16099732452764,16099732706577,16099732830899,16099734244613,1.791849,0.124322,1.413714,1920
live,1302,16099742452764,16099742906994,16099743182166,16099745818775,3.366011,0.275172,2.636609,1920
live,1303,16099752452764,16099752683758,16099752796112,16099754163137,1.710373,0.112354,1.367025,1920
live,1304,16099762452764,16099762617132,16099762694637,16099763790267,1.337503,0.077505,1.09563,1920
live,1305,16099772452764,16099772600907,16099772668939,16099774058717,1.605953,0.068032,1.389778,1920
live,1306,16099782452764,16099782600041,16099782662762,16099784038011,1.585247,0.062721,1.375249,1920
live,1307,16099792452764,16099792601416,16099792670697,16099794018618,1.565854,0.069281,1.347921,1920
live,1308,16099802452764,16099802605031,16099802691752,16099804097817,1.645053,0.086721,1.406065,1920
live,1309,16099812452764,16099812602085,16099812687334,16099814021047,1.568283,0.085249,1.333713,1920
live,1310,16099822452764,16099822599492,16099822668293,16099823987221,1.534457,0.068801,1.318928,1920
live,1311,16099832452764,16099832606659,16099832693604,16099834020820,1.568056,0.086945,1.327216,1920
live,1312,16099842452764,16099842606497,16099842672962,16099843681999,1.229235,0.066465,1.009037,1920
live,1313,16099852452764,16099852788034,16099852947140,16099854838428,2.385664,0.159106,1.891288,1920
live,1314,16099862452764,16099862651615,16099862771425,16099864272244,1.81948,0.11981,1.500819,1920
live,1315,16099872452764,16099872616477,16099872702110,16099874083216,1.630452,0.085633,1.381106,1920
live,1316,16099882452764,16099882601820,16099882679805,16099883726794,1.27403,0.077985,1.046989,1920
live,1317,16099892452764,16099892596922,16099892681179,16099894025548,1.572784,0.084257,1.344369,1920
live,1318,16099902452764,16099902596985,16099902664634,16099904667379,2.214615,0.067649,2.002745,1920
live,1319,16099912452764,16099912609720,16099912688473,16099914065258,1.612494,0.078753,1.376785,1920
live,1320,16099922452764,16099922598230,16099922678231,16099926557864,4.1051,0.080001,3.879633,1920
live,1321,16099932452764,16099932599989,16099932712854,16099933734371,1.281607,0.112865,1.021517,1920
live,1322,16099942452764,16099942596948,16099942660852,16099943677665,1.224901,0.063904,1.016813,1920
live,1323,16099952452764,16099952594994,16099952658771,16099953692512,1.239748,0.063777,1.033741,1920
live,1324,16099962452764,16099962597361,16099962686290,16099963757920,1.305156,0.088929,1.07163,1920
live,1325,16099972452764,16099972604240,16099972686737,16099973733694,1.28093,0.082497,1.046957,1920
live,1326,16099982452764,16099982600078,16099982674799,16099983681788,1.229024,0.074721,1.006989,1920
live,1327,16099992452764,16099992594381,16099992669166,16099994008351,1.555587,0.074785,1.339185,1920
live,1328,16100002452764,16100002597132,16100002659468,16100003996605,1.543841,0.062336,1.337137,1920
live,1329,16100012452764,16100012592106,16100012677131,16100014037372,1.584608,0.085025,1.360241,1920
live,1330,16100022452764,16100022597961,16100022664330,16100023674871,1.222107,0.066369,1.010541,1920
live,1331,16100032452764,16100032594600,16100032663976,16100033681333,1.228569,0.069376,1.017357,1920
live,1332,16100042452764,16100042591686,16100042665479,16100043666292,1.213528,0.073793,1.000813,1920
live,1333,16100052452764,16100052596581,16100052670662,16100053674995,1.222231,0.074081,1.004333,1920
live,1334,16100062452764,16100062611332,16100062718565,16100063874228,1.421464,0.107233,1.155663,1920
live,1335,16100072452764,16100072619906,16100072714148,16100073780017,1.327253,0.094242,1.065869,1920
live,1336,16100082452764,16100082632417,16100082720386,16100083758640,1.305876,0.087969,1.038254,1920
live,1337,16100092452764,16100092605792,16100092692257,16100094063346,1.610582,0.086465,1.371089,1920
live,1338,16100102452764,16100102610206,16100102693311,16100104080465,1.627701,0.083105,1.387154,1920
live,1339,16100112452764,16100112609757,16100112696830,16100114076880,1.624116,0.087073,1.38005,1920
live,1340,16100122452764,16100122604124,16100122670588,16100126286858,3.834094,0.066464,3.61627,1920
live,1341,16100132452764,16100132603514,16100132672123,16100134025932,1.573168,0.068609,1.353809,1920
live,1342,16100142452764,16100142602809,16100142690330,16100144050603,1.597839,0.087521,1.360273,1920
live,1343,16100152452764,16100152610776,16100152690809,16100154033162,1.580398,0.080033,1.342353,1920
live,1344,16100162452764,16100162609462,16100162690743,16100164091625,1.638861,0.081281,1.400882,1920
live,1345,16100172452764,16100172610517,16100172680950,16100174028231,1.575467,0.070433,1.347281,1920
live,1346,16100182452764,16100182602451,16100182675316,16100184038982,1.586218,0.072865,1.363666,1920
live,1347,16100192452764,16100192609266,16100192677907,16100194001316,1.548552,0.068641,1.323409,1920
live,1348,16100202452764,16100202601233,16100202680082,16100203677630,1.224866,0.078849,0.997548,1920
live,1349,16100212452764,16100212615216,16100212699985,16100214057218,1.604454,0.084769,1.357233,1920
live,1350,16100222452764,16100222610286,16100222678159,16100224060673,1.607909,0.067873,1.382514,1920
live,1351,16100232452764,16100232603565,16100232673774,16100234000190,1.547426,0.070209,1.326416,1920
live,1352,16100242452764,16100242604491,16100242676908,16100243999229,1.546465,0.072417,1.322321,1920
live,1353,16100252452764,16100252600810,16100252674251,16100254009564,1.5568,0.073441,1.335313,1920
live,1354,16100262452764,16100262606313,16100262686506,16100263729591,1.276827,0.080193,1.043085,1920
live,1355,16100272452764,16100272602151,16100272672552,16100274045338,1.592574,0.070401,1.372786,1920
live,1356,16100282452764,16100282599558,16100282666695,16100283685620,1.232856,0.067137,1.018925,1920
live,1357,16100292452764,16100292597861,16100292666565,16100293702067,1.249303,0.068704,1.035502,1920
live,1358,16100302452764,16100302604099,16100302668772,16100303868179,1.415415,0.064673,1.199407,1920
live,1359,16100312452764,16100312985255,16100313095144,16100314485306,2.032542,0.109889,1.390162,1920
live,1360,16100322452764,16100322610625,16100322681794,16100326256655,3.803891,0.071169,3.574861,1920
live,1361,16100332452764,16100332612351,16100332696576,16100334040658,1.587894,0.084225,1.344082,1920
live,1362,16100342452764,16100342602270,16100342670207,16100344052848,1.600084,0.067937,1.382641,1920
live,1363,16100352452764,16100352604509,16100352669757,16100353682218,1.229454,0.065248,1.012461,1920
live,1364,16100362452764,16100362598203,16100362666460,16100363812011,1.359247,0.068257,1.145551,1920
live,1365,16100372452764,16100372605882,16100372692443,16100373748968,1.296204,0.086561,1.056525,1920
live,1366,16100382452764,16100382634137,16100382726842,16100383763495,1.310731,0.092705,1.036653,1920
live,1367,16100392452764,16100392611895,16100392703833,16100393718885,1.266121,0.091938,1.015052,1920
live,1368,16100402452764,16100402611158,16100402686455,16100403713284,1.26052,0.075297,1.026829,1920
live,1369,16100412452764,16100412600948,16100412668821,16100414032679,1.579915,0.067873,1.363858,1920
live,1370,16100422452764,16100422665780,16100422766709,16100424231240,1.778476,0.100929,1.464531,1920
live,1371,16100432452764,16100432626258,16100432705907,16100434065988,1.613224,0.079649,1.360081,1920
live,1372,16100442452764,16100442613809,16100442683186,16100444056259,1.603495,0.069377,1.373073,1920
live,1373,16100452452764,16100452606031,16100452683376,16100454027553,1.574789,0.077345,1.344177,1920
live,1374,16100462452764,16100462605262,16100462672655,16100463995711,1.542947,0.067393,1.323056,1920
live,1375,16100472452764,16100472608301,16100472696302,16100474072223,1.619459,0.088001,1.375921,1920
live,1376,16100482452764,16100482609515,16100482688972,16100484067742,1.614978,0.079457,1.37877,1920
live,1377,16100492452764,16100492597194,16100492681131,16100494018492,1.565728,0.083937,1.337361,1920
live,1378,16100502452764,16100502597128,16100502670633,16100503676822,1.224058,0.073505,1.006189,1920
live,1379,16100512452764,16100512602119,16100512702888,16100514074586,1.621822,0.100769,1.371698,1920
live,1380,16100522452764,16100522611526,16100522715495,16100526438198,3.985434,0.103969,3.722703,1920
live,1381,16100532452764,16100532643525,16100532749542,16100534215353,1.762589,0.106017,1.465811,1920
live,1382,16100542452764,16100542613571,16100542700964,16100544131446,1.678682,0.087393,1.430482,1920
live,1383,16100552452764,16100552600450,16100552679267,16100554053236,1.600472,0.078817,1.373969,1920
live,1384,16100562452764,16100562598432,16100562685921,16100564075091,1.622327,0.087489,1.38917,1920
live,1385,16100572452764,16100572615423,16100572692832,16100574097266,1.644502,0.077409,1.404434,1920
live,1386,16100582452764,16100582600926,16100582670527,16100584049296,1.596532,0.069601,1.378769,1920
live,1387,16100592452764,16100592600444,16100592681693,16100594019310,1.566546,0.081249,1.337617,1920
live,1388,16100602452764,16100602642940,16100602752957,16100604149455,1.696691,0.110017,1.396498,1920
live,1389,16100612452764,16100612615226,16100612704507,16100614041356,1.588592,0.089281,1.336849,1920
live,1390,16100622452764,16100622623225,16100622714042,16100624128076,1.675312,0.090817,1.414034,1920
live,1391,16100632452764,16100632608823,16100632681688,16100634021641,1.568877,0.072865,1.339953,1920
live,1392,16100642452764,16100642607670,16100642675543,16100644035528,1.582764,0.067873,1.359985,1920
live,1393,16100652452764,16100652600244,16100652681461,16100654013926,1.561162,0.081217,1.332465,1920
live,1394,16100662452764,16100662599475,16100662680788,16100663999717,1.546953,0.081313,1.318929,1920
live,1395,16100672452764,16100672605330,16100672700659,16100674084004,1.63124,0.095329,1.383345,1920
live,1396,16100682452764,16100682600720,16100682669681,16100684041858,1.589094,0.068961,1.372177,1920
live,1397,16100692452764,16100692596495,16100692662512,16100693982336,1.529572,0.066017,1.319824,1920
live,1398,16100702452764,16100702597197,16100702665550,16100703980415,1.527651,0.068353,1.314865,1920
live,1399,16100712452764,16100713206388,16100713368022,16100715793173,3.340409,0.161634,2.425151,1920
replay,1399,16100712452764,16100713273301,16100713483351,16100748549395,36.096631,0.21005,35.066044,146176
live,1400,16100722452764,16100723494038,16100723723737,16100728980188,6.527424,0.229699,5.256451,1920
live,1401,16100732452764,16100732715627,16100732855213,16100734306495,1.853731,0.139586,1.451282,1920
live,1402,16100742452764,16100742771274,16100743022413,16100745519085,3.066321,0.251139,2.496672,1920
live,1403,16100752452764,16100752716200,16100752859434,16100754633377,2.180613,0.143234,1.773943,1920
live,1404,16100762452764,16100762653766,16100762748295,16100763841749,1.388985,0.094529,1.093454,1920
live,1405,16100772452764,16100772618532,16100772689605,16100773733490,1.280726,0.071073,1.043885,1920
live,1406,16100782452764,16100782613859,16100782711524,16100783848883,1.396119,0.097665,1.137359,1920
live,1407,16100792452764,16100792608418,16100792688035,16100793741296,1.288532,0.079617,1.053261,1920
live,1408,16100802452764,16100802603520,16100802694785,16100803724654,1.27189,0.091265,1.029869,1920
live,1409,16100812452764,16100812615647,16100812710752,16100813739245,1.286481,0.095105,1.028493,1920
live,1410,16100822452764,16100822608446,16100822679966,16100823702251,1.249487,0.07152,1.022285,1920
live,1411,16100832452764,16100832613532,16100832704317,16100833820812,1.368048,0.090785,1.116495,1920
live,1412,16100842452764,16100842607515,16100842687836,16100843714985,1.262221,0.080321,1.027149,1920
live,1413,16100852452764,16100852603513,16100852672186,16100853706663,1.253899,0.068673,1.034477,1920
live,1414,16100862452764,16100862596312,16100862663801,16100863671014,1.21825,0.067489,1.007213,1920
live,1415,16100872452764,16100872600055,16100872667960,16100873675876,1.223112,0.067905,1.007916,1920
live,1416,16100882452764,16100882675254,16100883080891,16100885255191,2.802427,0.405637,2.1743,1920
live,1417,16100892452764,16100892668277,16100893064218,16100894363946,1.911182,0.395941,1.299728,1920
live,1418,16100902452764,16100902620531,16100902709716,16100903801410,1.348646,0.089185,1.091694,1920
live,1419,16100912452764,16100912605809,16100912707283,16100913779648,1.326884,0.101474,1.072365,1920
live,1420,16100922452764,16100922600336,16100922675665,16100926293183,3.840419,0.075329,3.617518,1920
live,1421,16100932452764,16100932613135,16100932703152,16100933793598,1.340834,0.090017,1.090446,1920
live,1422,16100942452764,16100942605933,16100942676174,16100943739708,1.286944,0.070241,1.063534,1920
live,1423,16100952452764,16100952595820,16100952665613,16100953715450,1.262686,0.069793,1.049837,1920
live,1424,16100962452764,16100962600075,16100962700044,16100963843610,1.390846,0.099969,1.143566,1920
live,1425,16100972452764,16100972605385,16100972705259,16100973786104,1.33334,0.099874,1.080845,1920
live,1426,16100982452764,16100982639240,16100982732970,16100983847768,1.395004,0.09373,1.114798,1920
live,1427,16100992452764,16100992612071,16100992698664,16100993752757,1.299993,0.086593,1.054093,1920
live,1428,16101002452764,16101002605221,16101002687174,16101003716851,1.264087,0.081953,1.029677,1920
live,1429,16101012452764,16101012603588,16101012681477,16101013706034,1.25327,0.077889,1.024557,1920
live,1430,16101022452764,16101022603811,16101022669347,16101023679536,1.226772,0.065536,1.010189,1920
live,1431,16101032452764,16101032605185,16101032683330,16101033754960,1.302196,0.078145,1.07163,1920
live,1432,16101042452764,16101042608352,16101042687233,16101043703630,1.250866,0.078881,1.016397,1920
live,1433,16101052452764,16101052604799,16101052674431,16101053687788,1.235024,0.069632,1.013357,1920
live,1434,16101062452764,16101062598781,16101062667102,16101063698411,1.245647,0.068321,1.031309,1920
live,1435,16101072452764,16101072600604,16101072691741,16101073706090,1.253326,0.091137,1.014349,1920
live,1436,16101082452764,16101082714492,16101082795549,16101084349745,1.896981,0.081057,1.554196,1920
live,1437,16101092452764,16101092612441,16101092695002,16101094035723,1.582959,0.082561,1.340721,1920
live,1438,16101102452764,16101102601144,16101102678297,16101103693286,1.240522,0.077153,1.014989,1920
live,1439,16101112452764,16101112597590,16101112682007,16101113682980,1.230216,0.084417,1.000973,1920
live,1440,16101122452764,16101122600725,16101122668086,16101125946207,3.493443,0.067361,3.278121,1920
live,1441,16101132452764,16101132600052,16101132667925,16101133676961,1.224197,0.067873,1.009036,1920
live,1442,16101142452764,16101142610386,16101142679283,16101143720993,1.268229,0.068897,1.04171,1920
live,1443,16101152452764,16101152602161,16101152669746,16101153710943,1.258179,0.067585,1.041197,1920
live,1444,16101162452764,16101162600368,16101162667249,16101163670365,1.217601,0.066881,1.003116,1920
live,1445,16101172452764,16101172597550,16101172673839,16101173687452,1.234688,0.076289,1.013613,1920
live,1446,16101182452764,16101182658606,16101182741071,16101183814748,1.361984,0.082465,1.073677,1920
live,1447,16101192452764,16101192652972,16101192739757,16101193817467,1.364703,0.086785,1.07771,1920
live,1448,16101202452764,16101202606634,16101202687595,16101203798777,1.346013,0.080961,1.111182,1920
live,1449,16101212452764,16101212623849,16101212710442,16101213801592,1.348828,0.086593,1.09115,1920
live,1450,16101222452764,16101222613288,16101222687561,16101224081498,1.628734,0.074273,1.393937,1920
live,1451,16101232452764,16101232604454,16101232671719,16101234032184,1.57942,0.067265,1.360465,1920
live,1452,16101242452764,16101242608933,16101242681606,16101244086424,1.63366,0.072673,1.404818,1920
live,1453,16101252452764,16101252611588,16101252676453,16101254034678,1.581914,0.064865,1.358225,1920
live,1454,16101262452764,16101262599362,16101262668163,16101263679408,1.226644,0.068801,1.011245,1920
live,1455,16101272452764,16101272599393,16101272676578,16101273679983,1.227219,0.077185,1.003405,1920
live,1456,16101282452764,16101282602368,16101282677056,16101283686253,1.233489,0.074688,1.009197,1920
live,1457,16101292452764,16101292604382,16101292686655,16101293731468,1.278704,0.082273,1.044813,1920
live,1458,16101302452764,16101302603485,16101302670974,16101303690475,1.237711,0.067489,1.019501,1920
live,1459,16101312452764,16101312610172,16101312679484,16101314017357,1.564593,0.069312,1.337873,1920
live,1460,16101322452764,16101322606426,16101322729052,16101326332425,3.879661,0.122626,3.603373,1920
live,1461,16101332452764,16101332667162,16101332741243,16101334086924,1.63416,0.074081,1.345681,1920
live,1462,16101342452764,16101342618840,16101342690905,16101343757350,1.304586,0.072065,1.066445,1920
live,1463,16101352452764,16101352603862,16101352683511,16101353712484,1.25972,0.079649,1.028973,1920
live,1464,16101362452764,16101362603669,16101362671446,16101363685282,1.232518,0.067777,1.013836,1920
live,1465,16101372452764,16101372602323,16101372667796,16101373709281,1.256517,0.065473,1.041485,1920
live,1466,16101382452764,16101382646035,16101382748564,16101383750881,1.298117,0.102529,1.002317,1920
live,1467,16101392452764,16101392621201,16101392718194,16101393770624,1.31786,0.096993,1.05243,1920
live,1468,16101402452764,16101402611824,16101402691985,16101403699101,1.246337,0.080161,1.007116,1920
live,1469,16101412452764,16101412605038,16101412685807,16101413874302,1.421538,0.080769,1.188495,1920
live,1470,16101422452764,16101422633517,16101422744718,16101423909373,1.456609,0.111201,1.164655,1920
live,1471,16101432452764,16101432667724,16101432764685,16101433878204,1.42544,0.096961,1.113519,1920
live,1472,16101442452764,16101442618058,16101442704459,16101443779609,1.326845,0.086401,1.07515,1920
live,1473,16101452452764,16101452607977,16101452681962,16101453724439,1.271675,0.073985,1.042477,1920
live,1474,16101462452764,16101462606823,16101462687240,16101463717397,1.264633,0.080417,1.030157,1920
live,1475,16101472452764,16101472613990,16101472680935,16101473688084,1.23532,0.066945,1.007149,1920
live,1476,16101482452764,16101482603397,16101482670725,16101483665650,1.212886,0.067328,0.994925,1920
live,1477,16101492452764,16101492599587,16101492682372,16101494114902,1.662138,0.082785,1.43253,1920
live,1478,16101502452764,16101502602530,16101502675619,16101504084885,1.632121,0.073089,1.409266,1920
live,1479,16101512452764,16101512597857,16101512680738,16101514031411,1.578647,0.082881,1.350673,1920
live,1480,16101522452764,16101522595615,16101522673664,16101525864745,3.411981,0.078049,3.191081,1920
live,1481,16101532452764,16101532599870,16101532671071,16101533677900,1.225136,0.071201,1.006829,1920
live,1482,16101542452764,16101542718206,16101542802815,16101544491156,2.038392,0.084609,1.688341,1920
live,1483,16101552452764,16101552610363,16101552685820,16101553713321,1.260557,0.075457,1.027501,1920
live,1484,16101562452764,16101562603418,16101562683003,16101563691176,1.238412,0.079585,1.008173,1920
live,1485,16101572452764,16101572603289,16101572690074,16101573703590,1.250826,0.086785,1.013516,1920
live,1486,16101582452764,16101582599863,16101582667960,16101583681285,1.228521,0.068097,1.013325,1920
live,1487,16101592452764,16101592596022,16101592665207,16101593668675,1.215911,0.069185,1.003468,1920
live,1488,16101602452764,16101602606645,16101602678261,16101603718947,1.266183,0.071616,1.040686,1920
live,1489,16101612452764,16101612594035,16101612673140,16101613695681,1.242917,0.079105,1.022541,1920
live,1490,16101622452764,16101622600882,16101622678323,16101623689536,1.236772,0.077441,1.011213,1920
live,1491,16101632452764,16101632599600,16101632666353,16101633983554,1.53079,0.066753,1.317201,1920
live,1492,16101642452764,16101642600719,16101642684688,16101643704957,1.252193,0.083969,1.020269,1920
live,1493,16101652452764,16101652609678,16101652712783,16101653875902,1.423138,0.103105,1.163119,1920
live,1494,16101662452764,16101662623309,16101662709742,16101663762171,1.309407,0.086433,1.052429,1920
live,1495,16101672452764,16101672602923,16101672677836,16101673709849,1.257085,0.074913,1.032013,1920
live,1496,16101682452764,16101682600938,16101682680491,16101683692696,1.239932,0.079553,1.012205,1920
live,1497,16101692452764,16101692595272,16101692657801,16101693673590,1.220826,0.062529,1.015789,1920
live,1498,16101702452764,16101702603303,16101702675048,16101703731157,1.278393,0.071745,1.056109,1920
live,1499,16101712452764,16101713172749,16101713334223,16101715917040,3.464276,0.161474,2.582817,1920
replay,1499,16101712452764,16101713227854,16101713953527,16101751494418,39.041654,0.725673,37.540891,146176
