stage,sequence,release_ns,queued_ns,start_ns,end_ns,age_ms,queue_ms,service_ms,output_samples
live,0,16173726808553,16173727113926,16173727257192,16173732488842,5.680289,0.143266,5.23165,3840
live,1,16173736808553,16173737086628,16173737490729,16173739547619,2.739066,0.404101,2.05689,3840
live,2,16173746808553,16173746972513,16173747360742,16173749032507,2.223954,0.388229,1.671765,3840
live,3,16173756808553,16173756992992,16173757403941,16173759773059,2.964506,0.410949,2.369118,3840
live,4,16173766808553,16173766981854,16173767395972,16173769746977,2.938424,0.414118,2.351005,3840
live,5,16173776808553,16173777312353,16173777420163,16173778361230,1.552677,0.10781,0.941067,3840
live,6,16173786808553,16173786943771,16173787004092,16173787693829,0.885276,0.060321,0.689737,3840
live,7,16173796808553,16173796961626,16173797066811,16173798596079,1.787526,0.105185,1.529268,3840
live,8,16173806808553,16173806972409,16173807917092,16173809446296,2.637743,0.944683,1.529204,3840
live,9,16173816808553,16173816989463,16173817077848,16173818507787,1.699234,0.088385,1.429939,3840
live,10,16173826808553,16173826970326,16173827066967,16173829084240,2.275687,0.096641,2.017273,3840
live,11,16173836808553,16173836937364,16173836980340,16173837630685,0.822132,0.042976,0.650345,3840
live,12,16173846808553,16173846945554,16173847037524,16173848464614,1.656061,0.09197,1.42709,3840
live,13,16173856808553,16173856970033,16173857060274,16173858416708,1.608155,0.090241,1.356434,3840
live,14,16173866808553,16173866965936,16173867038001,16173868417954,1.609401,0.072065,1.379953,3840
live,15,16173876808553,16173876957134,16173877115152,16173878184766,1.376213,0.158018,1.069614,3840
live,16,16173886808553,16173886924460,16173886964749,16173887567701,0.759148,0.040289,0.602952,3840
live,17,16173896808553,16173896933163,16173897018796,16173898371869,1.563316,0.085633,1.353073,3840
live,18,16173906808553,16173906962570,16173907034507,16173908430045,1.621492,0.071937,1.395538,3840
live,19,16173916808553,16173916958120,16173917027721,16173918363194,1.554641,0.069601,1.335473,3840
live,20,16173926808553,16173926953703,16173927024392,16173932651471,5.842918,0.070689,5.627079,3840
live,21,16173936808553,16173936962182,16173937064135,16173938740380,1.931827,0.101953,1.676245,3840
live,22,16173946808553,16173946962084,16173947059973,16173948792923,1.98437,0.097889,1.73295,3840
live,23,16173956808553,16173956965475,16173957060164,16173958730105,1.921552,0.094689,1.669941,3840
live,24,16173966808553,16173966962209,16173967033826,16173968408404,1.599851,0.071617,1.374578,3840
live,25,16173976808553,16173976956384,16173977029953,16173978441523,1.63297,0.073569,1.41157,3840
live,26,16173986808553,16173986927678,16173986964318,16173987560550,0.751997,0.03664,0.596232,3840
live,27,16173996808553,16173997017662,16173997333858,16173998686515,1.877962,0.316196,1.352657,3840
live,28,16174006808553,16174006965020,16174007051805,16174008413198,1.604645,0.086785,1.361393,3840
live,29,16174016808553,16174016961018,16174017032891,16174018468493,1.65994,0.071873,1.435602,3840
live,30,16174026808553,16174026961209,16174027029338,16174028398635,1.590082,0.068129,1.369297,3840
live,31,16174036808553,16174036963543,16174037049816,16174038433194,1.624641,0.086273,1.383378,3840
live,32,16174046808553,16174046968662,16174047059671,16174049173938,2.365385,0.091009,2.114267,3840
live,33,16174056808553,16174056952180,16174057010197,16174057708638,0.900085,0.058017,0.698441,3840
live,34,16174066808553,16174066909234,16174066948147,16174067534586,0.726033,0.038913,0.586439,3840
live,35,16174076808553,16174076954961,16174077037074,16174078412676,1.604123,0.082113,1.375602,3840
live,36,16174086808553,16174086924944,16174086977200,16174087577976,0.769423,0.052256,0.600776,3840
live,37,16174096808553,16174096938254,16174097006703,16174098307360,1.498807,0.068449,1.300657,3840
live,38,16174106808553,16174106959917,16174107056654,16174108466336,1.657783,0.096737,1.409682,3840
live,39,16174116808553,16174116964140,16174117046317,16174118390110,1.581557,0.082177,1.343793,3840
live,40,16174126808553,16174126955434,16174127036747,16174132366831,5.558278,0.081313,5.330084,3840
live,41,16174136808553,16174136966281,16174137050794,16174138382619,1.574066,0.084513,1.331825,3840
live,42,16174146808553,16174146959943,16174147034632,16174148387801,1.579248,0.074689,1.353169,3840
live,43,16174156808553,16174156965734,16174157065095,16174158797405,1.988852,0.099361,1.73231,3840
live,44,16174166808553,16174166976645,16174167060998,16174168414967,1.606414,0.084353,1.353969,3840
live,45,16174176808553,16174176957507,16174177038948,16174178211891,1.403338,0.081441,1.172943,3840
live,46,16174186808553,16174186931809,16174186977602,16174187661450,0.852897,0.045793,0.683848,3840
live,47,16174196808553,16174196933120,16174197001665,16174198310769,1.502216,0.068545,1.309104,3840
live,48,16174206808553,16174206964607,16174207058624,16174208465586,1.657033,0.094017,1.406962,3840
live,49,16174216808553,16174216963933,16174217049566,16174218386415,1.577862,0.085633,1.336849,3840
live,50,16174226808553,16174226956732,16174227040093,16174228400430,1.591877,0.083361,1.360337,3840
live,51,16174236808553,16174236957498,16174237039323,16174238348556,1.540003,0.081825,1.309233,3840
live,52,16174246808553,16174246962873,16174247061530,16174248395051,1.586498,0.098657,1.333521,3840
live,53,16174256808553,16174256965944,16174257063705,16174258768686,1.960133,0.097761,1.704981,3840
live,54,16174266808553,16174266988534,16174267109464,16174268721740,1.913187,0.12093,1.612276,3840
live,55,16174276808553,16174276983893,16174277085494,16174278385959,1.577406,0.101601,1.300465,3840
live,56,16174286808553,16174286986484,16174287091765,16174288916140,2.107587,0.105281,1.824375,3840
live,57,16174296808553,16174296940753,16174296998194,16174297658523,0.84997,0.057441,0.660329,3840
live,58,16174306808553,16174306946928,16174307037041,16174308495204,1.686651,0.090113,1.458163,3840
live,59,16174316808553,16174317000463,16174317427157,16174318932040,2.123487,0.426694,1.504883,3840
live,60,16174326808553,16174326959341,16174327052975,16174332449555,5.641002,0.093634,5.39658,3840
live,61,16174336808553,16174336961388,16174337041581,16174338398302,1.589749,0.080193,1.356721,3840
live,62,16174346808553,16174346956938,16174347028459,16174348409245,1.600692,0.071521,1.380786,3840
live,63,16174356808553,16174356965513,16174357066506,16174358509277,1.700724,0.100993,1.442771,3840
live,64,16174366808553,16174366963624,16174367053417,16174368442266,1.633713,0.089793,1.388849,3840
live,65,16174376808553,16174376959302,16174377051239,16174378411097,1.602544,0.091937,1.359858,3840
live,66,16174386808553,16174386966821,16174387043398,16174388761084,1.952531,0.076577,1.717686,3840
live,67,16174396808553,16174396963779,16174397039364,16174398744122,1.935569,0.075585,1.704758,3840
live,68,16174406808553,16174406970498,16174407065059,16174408903802,2.095249,0.094561,1.838743,3840
live,69,16174416808553,16174416968449,16174417056994,16174418744791,1.936238,0.088545,1.687797,3840
live,70,16174426808553,16174426962047,16174427059456,16174428451378,1.642825,0.097409,1.391922,3840
live,71,16174436808553,16174436963358,16174437037151,16174438412432,1.603879,0.073793,1.375281,3840
live,72,16174446808553,16174446960508,16174447033437,16174448403726,1.595173,0.072929,1.370289,3840
live,73,16174456808553,16174456961883,16174457055452,16174458493038,1.684485,0.093569,1.437586,3840
live,74,16174466808553,16174466960185,16174467047450,16174468434188,1.625635,0.087265,1.386738,3840
live,75,16174476808553,16174476961944,16174477055993,16174478420522,1.611969,0.094049,1.364529,3840
live,76,16174486808553,16174487011351,16174487100472,16174488828302,2.019749,0.089121,1.72783,3840
live,77,16174496808553,16174496985333,16174497066070,16174498747084,1.938531,0.080737,1.681014,3840
live,78,16174506808553,16174506996788,16174507216791,16174509222544,2.413991,0.220003,2.005753,3840
live,79,16174516808553,16174516972178,16174517073011,16174518717768,1.909215,0.100833,1.644757,3840
live,80,16174526808553,16174526932816,16174526984593,16174529433616,2.625063,0.051777,2.449023,3840
live,81,16174536808553,16174536937615,16174537030320,16174538402177,1.593624,0.092705,1.371857,3840
live,82,16174546808553,16174546955150,16174547050255,16174548446017,1.637464,0.095105,1.395762,3840
live,83,16174556808553,16174556964268,16174557051021,16174559087207,2.278654,0.086753,2.036186,3840
live,84,16174566808553,16174566955179,16174567046348,16174568461310,1.652757,0.091169,1.414962,3840
live,85,16174576808553,16174576954473,16174577039786,16174578451676,1.643123,0.085313,1.41189,3840
live,86,16174586808553,16174586968072,16174587054633,16174588432219,1.623666,0.086561,1.377586,3840
live,87,16174596808553,16174596944358,16174597045768,16174598389689,1.581136,0.10141,1.343921,3840
live,88,16174606808553,16174606936933,16174607018182,16174608619066,1.810513,0.081249,1.600884,3840
live,89,16174616808553,16174616946659,16174617034149,16174618389110,1.580557,0.08749,1.354961,3840
live,90,16174626808553,16174626959490,16174627049507,16174628416277,1.607724,0.090017,1.36677,3840
live,91,16174636808553,16174636951649,16174637042530,16174638384755,1.576202,0.090881,1.342225,3840
live,92,16174646808553,16174646955327,16174647037152,16174648410514,1.601961,0.081825,1.373362,3840
live,93,16174656808553,16174656955678,16174657047071,16174658361872,1.553319,0.091393,1.314801,3840
live,94,16174666808553,16174666960220,16174667053118,16174668448047,1.639494,0.092898,1.394929,3840
live,95,16174676808553,16174676958491,16174677042972,16174678410957,1.602404,0.084481,1.367985,3840
live,96,16174686808553,16174686957401,16174687039611,16174688398668,1.590115,0.08221,1.359057,3840
live,97,16174696808553,16174696953560,16174697040697,16174698370826,1.562273,0.087137,1.330129,3840
live,98,16174706808553,16174706952759,16174707041272,16174708400169,1.591616,0.088513,1.358897,3840
live,99,16174716808553,16174719366740,16174719546582,16174722179863,5.37131,0.179842,2.633281,3840
replay,99,16174716808553,16174719440149,16174719662359,16174772433843,55.62529,0.22221,52.771484,292352
live,100,16174726808553,16174727073653,16174727258136,16174735243997,8.435444,0.184483,7.985861,3840
live,101,16174736808553,16174737171733,16174737383064,16174739348113,2.53956,0.211331,1.965049,3840
live,102,16174746808553,16174747047218,16174747140787,16174748251041,1.442488,0.093569,1.110254,3840
live,103,16174756808553,16174757075121,16174757181362,16174758180319,1.371766,0.106241,0.998957,3840
live,104,16174766808553,16174767213969,16174767521077,16174773064091,6.255538,0.307108,5.543014,3840
live,105,16174776808553,16174777094606,16174777235728,16174778685026,1.876473,0.141122,1.449298,3840
live,106,16174786808553,16174786991532,16174787073453,16174788316028,1.507475,0.081921,1.242575,3840
live,107,16174796808553,16174796967882,16174797059371,16174799325960,2.517407,0.091489,2.266589,3840
live,108,16174806808553,16174806977352,16174807074890,16174809399143,2.59059,0.097538,2.324253,3840
live,109,16174816808553,16174816994215,16174817105129,16174818594587,1.786034,0.110914,1.489458,3840
live,110,16174826808553,16174826979590,16174827074887,16174828471192,1.662639,0.095297,1.396305,3840
live,111,16174836808553,16174836964868,16174837055077,16174838414646,1.606093,0.090209,1.359569,3840
live,112,16174846808553,16174846964035,16174847053988,16174848427765,1.619212,0.089953,1.373777,3840
live,113,16174856808553,16174856962273,16174857048578,16174858382227,1.573674,0.086305,1.333649,3840
live,114,16174866808553,16174867135778,16174867252803,16174869374238,2.565685,0.117025,2.121435,3840
live,115,16174876808553,16174876969118,16174877047359,16174878480497,1.671944,0.078241,1.433138,3840
live,116,16174886808553,16174886962205,16174887037246,16174888830004,2.021451,0.075041,1.792758,3840
live,117,16174896808553,16174896964411,16174897036092,16174898747154,1.938601,0.071681,1.711062,3840
live,118,16174906808553,16174906958874,16174907050875,16174908449965,1.641412,0.092001,1.39909,3840
live,119,16174916808553,16174916961752,16174917033657,16174918395691,1.587138,0.071905,1.362034,3840
live,120,16174926808553,16174926967287,16174927048664,16174932976579,6.168026,0.081377,5.927915,3840
live,121,16174936808553,16174936961526,16174937039254,16174938430312,1.621759,0.077728,1.391058,3840
live,122,16174946808553,16174946958804,16174947043221,16174948461095,1.652542,0.084417,1.417874,3840
live,123,16174956808553,16174956959411,16174957052468,16174958452005,1.643452,0.093057,1.399537,3840
live,124,16174966808553,16174966958417,16174967050738,16174968450596,1.642043,0.092321,1.399858,3840
live,125,16174976808553,16174976945168,16174977008624,16174977866555,1.058002,0.063456,0.857931,3840
live,126,16174986808553,16174986907342,16174986941038,16174987579798,0.771245,0.033696,0.63876,3840
live,127,16174996808553,16174996950733,16174997038478,16174998449728,1.641175,0.087745,1.41125,3840
live,128,16175006808553,16175006956683,16175007040844,16175008481855,1.673302,0.084161,1.441011,3840
live,129,16175016808553,16175016959338,16175017047947,16175018404764,1.596211,0.088609,1.356817,3840
live,130,16175026808553,16175026959529,16175027050538,16175028486908,1.678355,0.091009,1.43637,3840
live,131,16175036808553,16175036958727,16175037028936,16175038401017,1.592464,0.070209,1.372081,3840
live,132,16175046808553,16175046953318,16175047029351,16175048423032,1.614479,0.076033,1.393681,3840
live,133,16175056808553,16175056958724,16175057042085,16175058381014,1.572461,0.083361,1.338929,3840
live,134,16175066808553,16175066958083,16175067047684,16175068396981,1.588428,0.089601,1.349297,3840
live,135,16175076808553,16175077020130,16175077152964,16175078600054,1.791501,0.132834,1.44709,3840
live,136,16175086808553,16175086964128,16175087040385,16175088780887,1.972334,0.076257,1.740502,3840
live,137,16175096808553,16175096964670,16175097048832,16175098719861,1.911308,0.084162,1.671029,3840
live,138,16175106808553,16175106961021,16175107038590,16175108424912,1.616359,0.077569,1.386322,3840
live,139,16175116808553,16175116963708,16175117045949,16175118382382,1.573829,0.082241,1.336433,3840
live,140,16175126808553,16175126969498,16175127059451,16175132657314,5.848761,0.089953,5.597863,3840
live,141,16175136808553,16175136965977,16175137057786,16175138443339,1.634786,0.091809,1.385553,3840
live,142,16175146808553,16175146959735,16175147030616,16175148405097,1.596544,0.070881,1.374481,3840
live,143,16175156808553,16175156964342,16175157035191,16175158384424,1.575871,0.070849,1.349233,3840
live,144,16175166808553,16175166965748,16175167040533,16175168457575,1.649022,0.074785,1.417042,3840
live,145,16175176808553,16175176977715,16175177090357,16175178614312,1.805759,0.112642,1.523955,3840
live,146,16175186808553,16175186964177,16175187054451,16175188494213,1.68566,0.090274,1.439762,3840
live,147,16175196808553,16175196961744,16175197037553,16175198408834,1.600281,0.075809,1.371281,3840
live,148,16175206808553,16175206939342,16175207000527,16175207850362,1.041809,0.061185,0.849835,3840
live,149,16175216808553,16175216937325,16175217010542,16175218345343,1.53679,0.073217,1.334801,3840
live,150,16175226808553,16175226966828,16175227057101,16175228468575,1.660022,0.090273,1.411474,3840
live,151,16175236808553,16175236961770,16175237048811,16175238404156,1.595603,0.087041,1.355345,3840
live,152,16175246808553,16175247009225,16175247092618,16175248467260,1.658707,0.083393,1.374642,3840
live,153,16175256808553,16175256986760,16175257072425,16175258417210,1.608657,0.085665,1.344785,3840
live,154,16175266808553,16175266974022,16175267056615,16175268448985,1.640432,0.082593,1.39237,3840
live,155,16175276808553,16175277039973,16175277130151,16175278841468,2.032915,0.090178,1.711317,3840
live,156,16175286808553,16175286965539,16175287057444,16175288496758,1.688205,0.091905,1.439314,3840
live,157,16175296808553,16175296962114,16175297057123,16175298711288,1.902735,0.095009,1.654165,3840
live,158,16175306808553,16175306964256,16175307052161,16175308441043,1.63249,0.087905,1.388882,3840
live,159,16175316808553,16175316960735,16175317030912,16175318370065,1.561512,0.070177,1.339153,3840
live,160,16175326808553,16175326964669,16175327035518,16175332544004,5.735451,0.070849,5.508486,3840
live,161,16175336808553,16175336968700,16175337079357,16175338463407,1.654854,0.110657,1.38405,3840
live,162,16175346808553,16175346961722,16175347052412,16175348457773,1.64922,0.09069,1.405361,3840
live,163,16175356808553,16175356964057,16175357047162,16175358391147,1.582594,0.083105,1.343985,3840
live,164,16175366808553,16175366958551,16175367039896,16175368412362,1.603809,0.081345,1.372466,3840
live,165,16175376808553,16175376965238,16175377039671,16175378367336,1.558783,0.074433,1.327665,3840
live,166,16175386808553,16175387004981,16175387112342,16175388867309,2.058756,0.107361,1.754967,3840
live,167,16175396808553,16175396980979,16175397072981,16175398746826,1.938273,0.092002,1.673845,3840
live,168,16175406808553,16175406965458,16175407048019,16175408453157,1.644604,0.082561,1.405138,3840
live,169,16175416808553,16175416958704,16175417049521,16175418476003,1.66745,0.090817,1.426482,3840
live,170,16175426808553,16175426968207,16175427066608,16175428527939,1.719386,0.098401,1.461331,3840
live,171,16175436808553,16175436966317,16175437052911,16175438441856,1.633303,0.086594,1.388945,3840
live,172,16175446808553,16175446959404,16175447024589,16175448452831,1.644278,0.065185,1.428242,3840
live,173,16175456808553,16175456951274,16175457029099,16175458363388,1.554835,0.077825,1.334289,3840
live,174,16175466808553,16175466953417,16175467031306,16175468393563,1.58501,0.077889,1.362257,3840
live,175,16175476808553,16175477022024,16175477130730,16175478865728,2.057175,0.108706,1.734998,3840
live,176,16175486808553,16175486970406,16175487057831,16175488828670,2.020117,0.087425,1.770839,3840
live,177,16175496808553,16175496964101,16175497041798,16175498703451,1.894898,0.077697,1.661653,3840
live,178,16175506808553,16175506956611,16175507040228,16175508400725,1.592172,0.083617,1.360497,3840
live,179,16175516808553,16175516956706,16175517039459,16175518376436,1.567883,0.082753,1.336977,3840
live,180,16175526808553,16175526956480,16175527039873,16175532619560,5.811007,0.083393,5.579687,3840
live,181,16175536808553,16175536969951,16175537062240,16175538442130,1.633577,0.092289,1.37989,3840
live,182,16175546808553,16175546961854,16175547027678,16175548399568,1.591015,0.065824,1.37189,3840
live,183,16175556808553,16175556949724,16175557017277,16175558346670,1.538117,0.067553,1.329393,3840
live,184,16175566808553,16175566956187,16175567050812,16175568428717,1.620164,0.094625,1.377905,3840
live,185,16175576808553,16175577003290,16175577106971,16175578833521,2.024968,0.103681,1.72655,3840
live,186,16175586808553,16175586966168,16175587064729,16175588811695,2.003142,0.098561,1.746966,3840
live,187,16175596808553,16175596961462,16175597028631,16175598706124,1.897571,0.067169,1.677493,3840
live,188,16175606808553,16175606953205,16175607017526,16175608412007,1.603454,0.064321,1.394481,3840
live,189,16175616808553,16175616946995,16175617027220,16175618352805,1.544252,0.080225,1.325585,3840
live,190,16175626808553,16175626961202,16175627044915,16175628400388,1.591835,0.083713,1.355473,3840
live,191,16175636808553,16175636968337,16175637083954,16175638569029,1.760476,0.115617,1.485075,3840
live,192,16175646808553,16175646972975,16175647065616,16175648689829,1.881276,0.092641,1.624213,3840
live,193,16175656808553,16175656961166,16175657047055,16175658403872,1.595319,0.085889,1.356817,3840
live,194,16175666808553,16175666959980,16175667033453,16175668399742,1.591189,0.073473,1.366289,3840
live,195,16175676808553,16175677028940,16175677149773,16175678527967,1.719414,0.120833,1.378194,3840
live,196,16175686808553,16175686963753,16175687054730,16175688467900,1.659347,0.090977,1.41317,3840
live,197,16175696808553,16175696955624,16175697024553,16175698347161,1.538608,0.068929,1.322608,3840
live,198,16175706808553,16175706951366,16175707024135,16175708371352,1.562799,0.072769,1.347217,3840
live,199,16175716808553,16175719241410,16175719428356,16175721912708,5.104155,0.186946,2.484352,3840
replay,199,16175716808553,16175719318243,16175719725000,16175778797364,61.988811,0.406757,59.072364,292352
live,200,16175726808553,16175727387209,16175727700013,16175735033322,8.224769,0.312804,7.333309,3840
live,201,16175736808553,16175738282483,16175738505430,16175740449166,3.640613,0.222947,1.943736,3840
live,202,16175746808553,16175747043746,16175747174595,16175748814040,2.005487,0.130849,1.639445,3840
live,203,16175756808553,16175757047488,16175757190914,16175758717397,1.908844,0.143426,1.526483,3840
live,204,16175766808553,16175768519857,16175768789205,16175771765371,4.956818,0.269348,2.976166,3840
live,205,16175776808553,16175777319969,16175777573572,16175779977506,3.168953,0.253603,2.403934,3840
live,206,16175786808553,16175787050460,16175787161949,16175788523023,1.71447,0.111489,1.361074,3840
live,207,16175796808553,16175796962361,16175797035834,16175798167113,1.35856,0.073473,1.131279,3840
live,208,16175806808553,16175806974968,16175807066105,16175808640621,1.832068,0.091137,1.574516,3840
live,209,16175816808553,16175816971127,16175817055960,16175818561643,1.75309,0.084833,1.505683,3840
live,210,16175826808553,16175826963733,16175827032214,16175828738412,1.929859,0.068481,1.706198,3840
live,211,16175836808553,16175836969556,16175837049845,16175838696170,1.887617,0.080289,1.646325,3840
live,212,16175846808553,16175846999635,16175847109396,16175848568903,1.76035,0.109761,1.459507,3840
live,213,16175856808553,16175857004657,16175857403958,16175858942346,2.133793,0.399301,1.538388,3840
live,214,16175866808553,16175867056625,16175867505590,16175869853300,3.044747,0.448965,2.34771,3840
live,215,16175876808553,16175877103696,16175877561365,16175879266475,2.457922,0.457669,1.70511,3840
live,216,16175886808553,16175887144687,16175887355249,16175889483308,2.674755,0.210562,2.128059,3840
live,217,16175896808553,16175897017132,16175897130157,16175898938308,2.129755,0.113025,1.808151,3840
live,218,16175906808553,16175906982282,16175907087659,16175909372712,2.564159,0.105377,2.285053,3840
live,219,16175916808553,16175916969768,16175917069257,16175919313862,2.505309,0.099489,2.244605,3840
live,220,16175926808553,16175926964167,16175927047752,16175933052468,6.243915,0.083585,6.004716,3840
live,221,16175936808553,16175936966885,16175937064999,16175938453176,1.644623,0.098114,1.388177,3840
live,222,16175946808553,16175946977572,16175947073637,16175948533784,1.725231,0.096065,1.460147,3840
live,223,16175956808553,16175956966626,16175957061060,16175958429429,1.620876,0.094434,1.368369,3840
live,224,16175966808553,16175966965665,16175967061986,16175968459060,1.650507,0.096321,1.397074,3840
live,225,16175976808553,16175976959999,16175977042240,16175978395538,1.586985,0.082241,1.353298,3840
live,226,16175986808553,16175987065119,16175987192193,16175988968695,2.160142,0.127074,1.776502,3840
live,227,16175996808553,16175996994525,16175997097790,16175998853909,2.045356,0.103265,1.756119,3840
live,228,16176006808553,16176007051036,16176007150878,16176008882899,2.074346,0.099842,1.732021,3840
live,229,16176016808553,16176016998170,16176017091099,16176018775633,1.96708,0.092929,1.684534,3840
live,230,16176026808553,16176026969048,16176027055609,16176028426891,1.618338,0.086561,1.371282,3840
live,231,16176036808553,16176036962455,16176037044088,16176038373641,1.565088,0.081633,1.329553,3840
live,232,16176046808553,16176046966613,16176047058199,16176048460040,1.651487,0.091586,1.401841,3840
live,233,16176056808553,16176056964500,16176057037717,16176058375174,1.566621,0.073217,1.337457,3840
live,234,16176066808553,16176066986547,16176067400184,16176069725909,2.917356,0.413637,2.325725,3840
live,235,16176076808553,16176076999250,16176077389590,16176079774805,2.966252,0.39034,2.385215,3840
live,236,16176086808553,16176086962224,16176087077937,16176089446191,2.637638,0.115713,2.368254,3840
live,237,16176096808553,16176097442484,16176097637431,16176100713726,3.905173,0.194947,3.076295,3840
live,238,16176106808553,16176106992141,16176107103983,16176109667119,2.858566,0.111842,2.563136,3840
live,239,16176116808553,16176116965035,16176117051948,16176119319785,2.511232,0.086913,2.267837,3840
live,240,16176126808553,16176126966186,16176127059947,16176133525725,6.717172,0.093761,6.465778,3840
live,241,16176136808553,16176136971817,16176137073770,16176139363175,2.554622,0.101953,2.289405,3840
live,242,16176146808553,16176146962919,16176147064264,16176149960813,3.15226,0.101345,2.896549,3840
live,243,16176156808553,16176156969574,16176157068295,16176159384836,2.576283,0.098721,2.316541,3840
live,244,16176166808553,16176166966884,16176167079270,16176169412867,2.604314,0.112386,2.333597,3840
live,245,16176176808553,16176176954562,16176177049604,16176179336289,2.527736,0.095042,2.286685,3840
live,246,16176186808553,16176186966625,16176187059298,16176189351743,2.54319,0.092673,2.292445,3840
live,247,16176196808553,16176196961536,16176197073409,16176199769155,2.960602,0.111873,2.695746,3840
live,248,16176206808553,16176206969630,16176207081568,16176209824418,3.015865,0.111938,2.74285,3840
live,249,16176216808553,16176216963197,16176217045374,16176219599262,2.790709,0.082177,2.553888,3840
live,250,16176226808553,16176226961595,16176227048572,16176229345722,2.537169,0.086977,2.29715,3840
live,251,16176236808553,16176236962458,16176237058939,16176239342904,2.534351,0.096481,2.283965,3840
live,252,16176246808553,16176246963033,16176247055514,16176249352631,2.544078,0.092481,2.297117,3840
live,253,16176256808553,16176256968087,16176257066488,16176259391254,2.582701,0.098401,2.324766,3840
live,254,16176266808553,16176266958038,16176267045367,16176269362804,2.554251,0.087329,2.317437,3840
live,255,16176276808553,16176276955636,16176277038485,16176279310290,2.501737,0.082849,2.271805,3840
live,256,16176286808553,16176287021395,16176287146709,16176289861015,3.052462,0.125314,2.714306,3840
live,257,16176296808553,16176296984018,16176297380279,16176299654803,2.84625,0.396261,2.274524,3840
live,258,16176306808553,16176307013040,16176307443318,16176309207596,2.399043,0.430278,1.764278,3840
live,259,16176316808553,16176316970542,16176317086384,16176318541474,1.732921,0.115842,1.45509,3840
live,260,16176326808553,16176327005293,16176327138159,16176332705046,5.896493,0.132866,5.566887,3840
live,261,16176336808553,16176336984716,16176337085229,16176338477183,1.66863,0.100513,1.391954,3840
live,262,16176346808553,16176346970666,16176347063755,16176348464893,1.65634,0.093089,1.401138,3840
live,263,16176356808553,16176356971753,16176357068490,16176358478428,1.669875,0.096737,1.409938,3840
live,264,16176366808553,16176366975463,16176367049032,16176368426522,1.617969,0.073569,1.37749,3840
live,265,16176376808553,16176376958214,16176377046631,16176378398168,1.589615,0.088417,1.351537,3840
live,266,16176386808553,16176387041573,16176387468587,16176389035455,2.226902,0.427014,1.566868,3840
live,267,16176396808553,16176396960963,16176397050532,16176398426773,1.61822,0.089569,1.376241,3840
live,268,16176406808553,16176406965537,16176407062243,16176408498645,1.690092,0.096706,1.436402,3840
live,269,16176416808553,16176416969440,16176417048705,16176418394834,1.586281,0.079265,1.346129,3840
live,270,16176426808553,16176426960766,16176427042720,16176428404689,1.596136,0.081954,1.361969,3840
live,271,16176436808553,16176436951933,16176437032670,16176438381359,1.572806,0.080737,1.348689,3840
live,272,16176446808553,16176446956764,16176447037693,16176448397870,1.589317,0.080929,1.360177,3840
live,273,16176456808553,16176456964698,16176457059579,16176458445549,1.636996,0.094881,1.38597,3840
live,274,16176466808553,16176466964697,16176467035898,16176468769040,1.960487,0.071201,1.733142,3840
live,275,16176476808553,16176476957623,16176477034040,16176478389417,1.580864,0.076417,1.355377,3840
live,276,16176486808553,16176486956694,16176487034839,16176488420040,1.611487,0.078145,1.385201,3840
live,277,16176496808553,16176496958804,16176497034549,16176498356454,1.547901,0.075745,1.321905,3840
live,278,16176506808553,16176507015284,16176507152437,16176508722697,1.914144,0.137153,1.57026,3840
live,279,16176516808553,16176516967922,16176517050611,16176518724776,1.916223,0.082689,1.674165,3840
live,280,16176526808553,16176526958320,16176527059537,16176532538775,5.730222,0.101217,5.479238,3840
live,281,16176536808553,16176536971727,16176537077584,16176538464354,1.655801,0.105857,1.38677,3840
live,282,16176546808553,16176546998446,16176547125839,16176548653699,1.845146,0.127393,1.52786,3840
live,283,16176556808553,16176556975596,16176557063501,16176559451179,2.642626,0.087905,2.387678,3840
live,284,16176566808553,16176566970378,16176567064044,16176568462045,1.653492,0.093666,1.398001,3840
live,285,16176576808553,16176576959337,16176577031818,16176578727327,1.918774,0.072481,1.695509,3840
live,286,16176586808553,16176586957799,16176587038504,16176588413210,1.604657,0.080705,1.374706,3840
live,287,16176596808553,16176596958950,16176597048935,16176598409816,1.601263,0.089985,1.360881,3840
live,288,16176606808553,16176606965285,16176607058470,16176608432471,1.623918,0.093185,1.374001,3840
live,289,16176616808553,16176616966339,16176617070916,16176618463094,1.654541,0.104577,1.392178,3840
live,290,16176626808553,16176626957346,16176627038691,16176628423540,1.614987,0.081345,1.384849,3840
live,291,16176636808553,16176636959168,16176637043361,16176638714038,1.905485,0.084193,1.670677,3840
live,292,16176646808553,16176646956415,16176647039328,16176648404273,1.59572,0.082913,1.364945,3840
live,293,16176656808553,16176656954397,16176657033726,16176658364687,1.556134,0.079329,1.330961,3840
live,294,16176666808553,16176666961244,16176667056925,16176668453967,1.645414,0.095681,1.397042,3840
live,295,16176676808553,16176676966778,16176677039355,16176678364684,1.556131,0.072577,1.325329,3840
live,296,16176686808553,16176686951769,16176687040186,16176688748336,1.939783,0.088417,1.70815,3840
live,297,16176696808553,16176696958743,16176697032600,16176698363689,1.555136,0.073857,1.331089,3840
live,298,16176706808553,16176706951030,16176707035543,16176708368136,1.559583,0.084513,1.332593,3840
live,299,16176716808553,16176717551900,16176717721470,16176720394688,3.586135,0.16957,2.673218,3840
replay,299,16176716808553,16176717625309,16176717855168,16176778350142,61.541589,0.229859,60.494974,292352
live,300,16176726808553,16176727359352,16176727643580,16176734893944,8.085391,0.284228,7.250364,3840
live,301,16176736808553,16176737048243,16176737178868,16176738676775,1.868222,0.130625,1.497907,3840
live,302,16176746808553,16176747018097,16176747187859,16176749842933,3.03438,0.169762,2.655074,3840
live,303,16176756808553,16176757268659,16176757477141,16176760739103,3.93055,0.208482,3.261962,3840
live,304,16176766808553,16176767385075,16176767641366,16176771028737,4.220184,0.256291,3.387371,3840
live,305,16176776808553,16176778658113,16176778805763,16176780659259,3.850706,0.14765,1.853496,3840
live,306,16176786808553,16176787012363,16176787107308,16176788196122,1.387569,0.094945,1.088814,3840
live,307,16176796808553,16176796960329,16176797039946,16176799201733,2.39318,0.079617,2.161787,3840
live,308,16176806808553,16176806960200,16176807059177,16176809373862,2.565309,0.098977,2.314685,3840
live,309,16176816808553,16176817465773,16176817578414,16176819954700,3.146147,0.112641,2.376286,3840
live,310,16176826808553,16176826964645,16176827116519,16176828558169,1.749616,0.151874,1.44165,3840
live,311,16176836808553,16176837026820,16176837122437,16176838518231,1.709678,0.095617,1.395794,3840
live,312,16176846808553,16176846955842,16176847040675,16176848426676,1.618123,0.084833,1.386001,3840
live,313,16176856808553,16176856963200,16176857049410,16176858748855,1.940302,0.08621,1.699445,3840
live,314,16176866808553,16176866967391,16176867050688,16176868426994,1.618441,0.083297,1.376306,3840
live,315,16176876808553,16176876966398,16176877055711,16176878446640,1.638087,0.089313,1.390929,3840
live,316,16176886808553,16176887049789,16176887177503,16176889113719,2.305166,0.127714,1.936216,3840
live,317,16176896808553,16176896973467,16176897053788,16176898764049,1.955496,0.080321,1.710261,3840
live,318,16176906808553,16176906963673,16176907039930,16176908500045,1.691492,0.076257,1.460115,3840
live,319,16176916808553,16176916956312,16176917041241,16176918402922,1.594369,0.084929,1.361681,3840
live,320,16176926808553,16176926963958,16176927050871,16176933015843,6.20729,0.086913,5.964972,3840
live,321,16176936808553,16176936963317,16176937062582,16176938430087,1.621534,0.099265,1.367505,3840
live,322,16176946808553,16176946968692,16176947072021,16176948459974,1.651421,0.103329,1.387953,3840
live,323,16176956808553,16176956961586,16176957037587,16176958368964,1.560411,0.076001,1.331377,3840
live,324,16176966808553,16176966963601,16176967051666,16176968432931,1.624378,0.088065,1.381265,3840
live,325,16176976808553,16176976971951,16176977088561,16176978608068,1.799515,0.11661,1.519507,3840
live,326,16176986808553,16176987007822,16176987121648,16176988576226,1.767673,0.113826,1.454578,3840
live,327,16176996808553,16176997012813,16176997121806,16176998533504,1.724951,0.108993,1.411698,3840
live,328,16177006808553,16177007023532,16177007160269,16177008663488,1.854935,0.136737,1.503219,3840
live,329,16177016808553,16177016982666,16177017070795,16177018414300,1.605747,0.088129,1.343505,3840
live,330,16177026808553,16177026969704,16177027071305,16177028515388,1.706835,0.101601,1.444083,3840
live,331,16177036808553,16177036959366,16177037049992,16177038402521,1.593968,0.090626,1.352529,3840
live,332,16177046808553,16177046957733,16177047043142,16177048407191,1.598638,0.085409,1.364049,3840
live,333,16177056808553,16177056953859,16177057026916,16177058354901,1.546348,0.073057,1.327985,3840
live,334,16177066808553,16177066952610,16177067021507,16177068399924,1.591371,0.068897,1.378417,3840
live,335,16177076808553,16177076963425,16177077064418,16177078443731,1.635178,0.100993,1.379313,3840
live,336,16177086808553,16177086979487,16177087071425,16177088827991,2.019438,0.091938,1.756566,3840
live,337,16177096808553,16177096955358,16177097037663,16177098707028,1.898475,0.082305,1.669365,3840
live,338,16177106808553,16177106952476,16177107036253,16177108730067,1.921514,0.083777,1.693814,3840
live,339,16177116808553,16177116954139,16177117030012,16177118684625,1.876072,0.075873,1.654613,3840
live,340,16177126808553,16177126965465,16177127058843,16177132801187,5.992634,0.093378,5.742344,3840
live,341,16177136808553,16177136963128,16177137060505,16177138441291,1.632738,0.097377,1.380786,3840
live,342,16177146808553,16177146954358,16177147038455,16177148401897,1.593344,0.084097,1.363442,3840
live,343,16177156808553,16177156953589,16177157034710,16177158363495,1.554942,0.081121,1.328785,3840
live,344,16177166808553,16177166953716,16177167022516,16177168382918,1.574365,0.0688,1.360402,3840
live,345,16177176808553,16177177078772,16177177176277,16177178563206,1.754653,0.097505,1.386929,3840
live,346,16177186808553,16177186992689,16177187092082,16177188884041,2.075488,0.099393,1.791959,3840
live,347,16177196808553,16177196962031,16177197057425,16177198754214,1.945661,0.095394,1.696789,3840
live,348,16177206808553,16177206981870,16177207085167,16177208600899,1.792346,0.103297,1.515732,3840
live,349,16177216808553,16177217001165,16177217105198,16177218471424,1.662871,0.104033,1.366226,3840
live,350,16177226808553,16177227005676,16177227328432,16177229473387,2.664834,0.322756,2.144955,3840
live,351,16177236808553,16177237001482,16177237098923,16177238499613,1.69106,0.097441,1.40069,3840
live,352,16177246808553,16177246975464,16177247066953,16177248442971,1.634418,0.091489,1.376018,3840
live,353,16177256808553,16177256969927,16177257053032,16177258726141,1.917588,0.083105,1.673109,3840
live,354,16177266808553,16177266965093,16177267049446,16177268737788,1.929235,0.084353,1.688342,3840
live,355,16177276808553,16177276959972,16177277037925,16177278697754,1.889201,0.077953,1.659829,3840
live,356,16177286808553,16177286967906,16177287057892,16177288467381,1.658828,0.089986,1.409489,3840
live,357,16177296808553,16177296968385,16177297036834,16177298704951,1.896398,0.068449,1.668117,3840
live,358,16177306808553,16177306955263,16177307045792,16177308420178,1.611625,0.090529,1.374386,3840
live,359,16177316808553,16177316957822,16177317048575,16177318373488,1.564935,0.090753,1.324913,3840
live,360,16177326808553,16177326959324,16177327041502,16177332717477,5.908924,0.082178,5.675975,3840
live,361,16177336808553,16177336980571,16177337077853,16177338784914,1.976361,0.097282,1.707061,3840
live,362,16177346808553,16177346962394,16177347039099,16177348785105,1.976552,0.076705,1.746006,3840
live,363,16177356808553,16177356957848,16177357047513,16177358706798,1.898245,0.089665,1.659285,3840
live,364,16177366808553,16177366958295,16177367043384,16177368398985,1.590432,0.085089,1.355601,3840
live,365,16177376808553,16177376960917,16177377042742,16177378366151,1.557598,0.081825,1.323409,3840
live,366,16177386808553,16177386965780,16177387059445,16177388472615,1.664062,0.093665,1.41317,3840
live,367,16177396808553,16177396962962,16177397037427,16177398395525,1.586972,0.074465,1.358098,3840
live,368,16177406808553,16177406956465,16177407024338,16177408378947,1.570394,0.067873,1.354609,3840
live,369,16177416808553,16177416951279,16177417031216,16177418363265,1.554712,0.079937,1.332049,3840
live,370,16177426808553,16177426955182,16177427025071,16177428401504,1.592951,0.069889,1.376433,3840
live,371,16177436808553,16177436966413,16177437064558,16177438504960,1.696407,0.098145,1.440402,3840
live,372,16177446808553,16177446965195,16177447055436,16177448487902,1.679349,0.090241,1.432466,3840
live,373,16177456808553,16177456993738,16177457091531,16177458490525,1.681972,0.097793,1.398994,3840
live,374,16177466808553,16177466975784,16177467051849,16177468457211,1.648658,0.076065,1.405362,3840
live,375,16177476808553,16177476961607,16177477052328,16177478383129,1.574576,0.090721,1.330801,3840
live,376,16177486808553,16177486976966,16177487076455,16177488824381,2.015828,0.099489,1.747926,3840
live,377,16177496808553,16177496965540,16177497038533,16177498707066,1.898513,0.072993,1.668533,3840
live,378,16177506808553,16177506958722,16177507031395,16177508388501,1.579948,0.072673,1.357106,3840
live,379,16177516808553,16177516957153,16177517028290,16177518656566,1.848013,0.071137,1.628276,3840
live,380,16177526808553,16177527006336,16177527090849,16177532750057,5.941504,0.084513,5.659208,3840
live,381,16177536808553,16177536996671,16177537101216,16177538485681,1.677128,0.104545,1.384465,3840
live,382,16177546808553,16177546968125,16177547053086,16177548419311,1.610758,0.084961,1.366225,3840
live,383,16177556808553,16177556957499,16177557053148,16177558717937,1.909384,0.095649,1.664789,3840
live,384,16177566808553,16177566962938,16177567036283,16177568736368,1.927815,0.073345,1.700085,3840
live,385,16177576808553,16177576956696,16177577030201,16177578684334,1.875781,0.073505,1.654133,3840
live,386,16177586808553,16177586963863,16177587053496,16177588774862,1.966309,0.089633,1.721366,3840
live,387,16177596808553,16177596960053,16177597040342,16177598374087,1.565534,0.080289,1.333745,3840
live,388,16177606808553,16177606958804,16177607038997,16177608421479,1.612926,0.080193,1.382482,3840
live,389,16177616808553,16177616954931,16177617025875,16177618351236,1.542683,0.070944,1.325361,3840
live,390,16177626808553,16177626955825,16177627024306,16177628395043,1.58649,0.068481,1.370737,3840
live,391,16177636808553,16177637178834,16177637267988,16177638643173,1.83462,0.089154,1.375185,3840
live,392,16177646808553,16177646963246,16177647047151,16177648415169,1.606616,0.083905,1.368018,3840
live,393,16177656808553,16177656964333,16177657048110,16177658415391,1.606838,0.083777,1.367281,3840
live,394,16177666808553,16177666960811,16177667045612,16177668440766,1.632213,0.084801,1.395154,3840
live,395,16177676808553,16177676957578,16177677034475,16177678365468,1.556915,0.076897,1.330993,3840
live,396,16177686808553,16177686981641,16177687071850,16177689018242,2.209689,0.090209,1.946392,3840
live,397,16177696808553,16177696975463,16177697066600,16177698424730,1.616177,0.091137,1.35813,3840
live,398,16177706808553,16177706959398,16177707053639,16177708425688,1.617135,0.094241,1.372049,3840
live,399,16177716808553,16177717548716,16177717707566,16177720712788,3.904235,0.15885,3.005222,3840
replay,399,16177716808553,16177717609228,16177717818415,16177776207154,59.398601,0.209187,58.388739,292352
live,400,16177726808553,16177727400456,16177727774221,16177734738053,7.9295,0.373765,6.963832,3840
live,401,16177736808553,16177737113475,16177737262693,16177739195166,2.386613,0.149218,1.932473,3840
live,402,16177746808553,16177747035329,16177747174786,16177748998138,2.189585,0.139457,1.823352,3840
live,403,16177756808553,16177757131489,16177757326307,16177759560607,2.752054,0.194818,2.2343,3840
live,404,16177766808553,16177767488964,16177767867304,16177771365333,4.55678,0.37834,3.498029,3840
live,405,16177776808553,16177777235583,16177777521123,16177779277369,2.468816,0.28554,1.756246,3840
live,406,16177786808553,16177787018075,16177787108348,16177788324011,1.515458,0.090273,1.215663,3840
live,407,16177796808553,16177796968825,16177797049146,16177798308682,1.500129,0.080321,1.259536,3840
live,408,16177806808553,16177806974647,16177807063064,16177808451850,1.643297,0.088417,1.388786,3840
live,409,16177816808553,16177816965462,16177817050359,16177818392424,1.583871,0.084897,1.342065,3840
live,410,16177826808553,16177826962260,16177827051541,16177828432391,1.623838,0.089281,1.38085,3840
live,411,16177836808553,16177836965139,16177837051476,16177838389477,1.580924,0.086337,1.338001,3840
live,412,16177846808553,16177846976018,16177847073971,16177848564614,1.756061,0.097953,1.490643,3840
live,413,16177856808553,16177856972176,16177857045169,16177858381218,1.572665,0.072993,1.336049,3840
live,414,16177866808553,16177866960302,16177867046928,16177868403841,1.595288,0.086626,1.356913,3840
live,415,16177876808553,16177876961965,16177877044846,16177878361887,1.553334,0.082881,1.317041,3840
live,416,16177886808553,16177886970156,16177887063757,16177888462463,1.65391,0.093601,1.398706,3840
live,417,16177896808553,16177896973994,16177897085580,16177898498046,1.689493,0.111586,1.412466,3840
live,418,16177906808553,16177906989673,16177907085834,16177908490364,1.681811,0.096161,1.40453,3840
live,419,16177916808553,16177916965607,16177917052488,16177918389785,1.581232,0.086881,1.337297,3840
live,420,16177926808553,16177926967110,16177927048519,16177932732591,5.924038,0.081409,5.684072,3840
live,421,16177936808553,16177936967844,16177937051429,16177938383030,1.574477,0.083585,1.331601,3840
live,422,16177946808553,16177946972355,16177947070116,16177948519351,1.710798,0.097761,1.449235,3840
live,423,16177956808553,16177956969154,16177957040738,16177958381811,1.573258,0.071584,1.341073,3840
live,424,16177966808553,16177966962240,16177967034561,16177968401426,1.592873,0.072321,1.366865,3840
live,425,16177976808553,16177976955806,16177977037024,16177978449073,1.64052,0.081218,1.412049,3840
live,426,16177986808553,16177986975293,16177987058366,16177988422832,1.614279,0.083073,1.364466,3840
live,427,16177996808553,16177997065341,16177997248959,16177999197912,2.389359,0.183618,1.948953,3840
live,428,16178006808553,16178006976922,16178007069820,16178008807954,1.999401,0.092898,1.738134,3840
live,429,16178016808553,16178016966457,16178017044186,16178018709295,1.900742,0.077729,1.665109,3840
live,430,16178026808553,16178026961687,16178027033560,16178028744814,1.936261,0.071873,1.711254,3840
live,431,16178036808553,16178036957270,16178037047991,16178038380168,1.571615,0.090721,1.332177,3840
live,432,16178046808553,16178046961876,16178047044341,16178048885741,2.077188,0.082465,1.8414,3840
live,433,16178056808553,16178056963827,16178057055892,16178058427782,1.619229,0.092065,1.37189,3840
live,434,16178066808553,16178066966514,16178067040179,16178068411364,1.602811,0.073665,1.371185,3840
live,435,16178076808553,16178076961424,16178077034161,16178078349954,1.541401,0.072737,1.315793,3840
live,436,16178086808553,16178086957775,16178087036496,16178088379393,1.57084,0.078721,1.342897,3840
live,437,16178096808553,16178096962957,16178097056142,16178098379999,1.571446,0.093185,1.323857,3840
live,438,16178106808553,16178106975788,16178107073677,16178108535936,1.727383,0.097889,1.462259,3840
live,439,16178116808553,16178116966666,16178117052683,16178118410877,1.602324,0.086017,1.358194,3840
live,440,16178126808553,16178126970633,16178127041898,16178132545456,5.736903,0.071265,5.503558,3840
live,441,16178136808553,16178136980168,16178137073993,16178138425306,1.616753,0.093825,1.351313,3840
live,442,16178146808553,16178146970086,16178147057575,16178148435833,1.62728,0.087489,1.378258,3840
live,443,16178156808553,16178156970053,16178157062982,16178158442423,1.63387,0.092929,1.379441,3840
live,444,16178166808553,16178166965603,16178167048292,16178168407797,1.599244,0.082689,1.359505,3840
live,445,16178176808553,16178176958978,16178177029122,16178178352851,1.544298,0.070144,1.323729,3840
live,446,16178186808553,16178187013441,16178187130018,16178188529684,1.721131,0.116577,1.399666,3840
live,447,16178196808553,16178196965887,16178197047936,16178198381425,1.572872,0.082049,1.333489,3840
live,448,16178206808553,16178206969405,16178207069823,16178208477072,1.668519,0.100418,1.407249,3840
live,449,16178216808553,16178216971228,16178217063645,16178218396302,1.587749,0.092417,1.332657,3840
live,450,16178226808553,16178226962426,16178227051004,16178228416077,1.607524,0.088578,1.365073,3840
live,451,16178236808553,16178236966393,16178237040410,16178238360075,1.551522,0.074017,1.319665,3840
live,452,16178246808553,16178246958103,16178247032856,16178248381097,1.572544,0.074753,1.348241,3840
live,453,16178256808553,16178256966806,16178257060791,16178258441321,1.632768,0.093985,1.38053,3840
live,454,16178266808553,16178266969269,16178267056502,16178268406791,1.598238,0.087233,1.350289,3840
live,455,16178276808553,16178276959891,16178277048692,16178278367173,1.55862,0.088801,1.318481,3840
live,456,16178286808553,16178287103156,16178287232085,16178288637607,1.829054,0.128929,1.405522,3840
live,457,16178296808553,16178296996113,16178297079378,16178298386210,1.577657,0.083265,1.306832,3840
live,458,16178306808553,16178306974607,16178307058192,16178308519235,1.710682,0.083585,1.461043,3840
live,459,16178316808553,16178316979918,16178317071567,16178318400192,1.591639,0.091649,1.328625,3840
live,460,16178326808553,16178326963180,16178327058829,16178332357776,5.549223,0.095649,5.298947,3840
live,461,16178336808553,16178336966507,16178337065228,16178338421693,1.61314,0.098721,1.356465,3840
live,462,16178346808553,16178346962249,16178347059722,16178348437020,1.628467,0.097473,1.377298,3840
live,463,16178356808553,16178356990344,16178357083977,16178358512827,1.704274,0.093633,1.42885,3840
live,464,16178366808553,16178366975622,16178367061255,16178368452185,1.643632,0.085633,1.39093,3840
live,465,16178376808553,16178376960485,16178377045542,16178378370839,1.562286,0.085057,1.325297,3840
live,466,16178386808553,16178386971459,16178387063173,16178388523031,1.714478,0.091714,1.459858,3840
live,467,16178396808553,16178396958274,16178397040739,16178398361556,1.553003,0.082465,1.320817,3840
live,468,16178406808553,16178406974753,16178407051586,16178408439155,1.630602,0.076833,1.387569,3840
live,469,16178416808553,16178416963039,16178417035136,16178418331280,1.522727,0.072097,1.296144,3840
live,470,16178426808553,16178426963870,16178427048895,16178428389072,1.580519,0.085025,1.340177,3840
live,471,16178436808553,16178436959804,16178437043613,16178438362062,1.553509,0.083809,1.318449,3840
live,472,16178446808553,16178446961755,16178447046300,16178448405421,1.596868,0.084545,1.359121,3840
live,473,16178456808553,16178457181404,16178457267421,16178459025363,2.21681,0.086017,1.757942,3840
live,474,16178466808553,16178466971096,16178467048153,16178468418954,1.610401,0.077057,1.370801,3840
live,475,16178476808553,16178476957078,16178477037591,16178478363144,1.554591,0.080513,1.325553,3840
live,476,16178486808553,16178487023606,16178487141783,16178488888685,2.080132,0.118177,1.746902,3840
live,477,16178496808553,16178496963091,16178497050260,16178498720074,1.911521,0.087169,1.669814,3840
live,478,16178506808553,16178506982098,16178507079347,16178509079533,2.27098,0.097249,2.000186,3840
live,479,16178516808553,16178516978737,16178517064018,16178518421411,1.612858,0.085281,1.357393,3840
live,480,16178526808553,16178526970223,16178527046320,16178532381300,5.572747,0.076097,5.33498,3840
live,481,16178536808553,16178536963598,16178537065679,16178538396800,1.588247,0.102081,1.331121,3840
live,482,16178546808553,16178546959084,16178547042029,16178548376094,1.567541,0.082945,1.334065,3840
live,483,16178556808553,16178556962571,16178557050124,16178558400253,1.5917,0.087553,1.350129,3840
live,484,16178566808553,16178566972841,16178567085291,16178568550045,1.741492,0.11245,1.464754,3840
live,485,16178576808553,16178576988680,16178577083241,16178578481755,1.673202,0.094561,1.398514,3840
live,486,16178586808553,16178586966662,16178587039911,16178588443417,1.634864,0.073249,1.403506,3840
live,487,16178596808553,16178596959237,16178597045542,16178598422391,1.613838,0.086305,1.376849,3840
live,488,16178606808553,16178606963619,16178607056293,16178608745274,1.936721,0.092674,1.688981,3840
live,489,16178616808553,16178616973794,16178617065507,16178618455957,1.647404,0.091713,1.39045,3840
live,490,16178626808553,16178626966529,16178627040098,16178628389235,1.580682,0.073569,1.349137,3840
live,491,16178636808553,16178636959391,16178637046112,16178638363089,1.554536,0.086721,1.316977,3840
live,492,16178646808553,16178646959422,16178647045343,16178648390736,1.582183,0.085921,1.345393,3840
live,493,16178656808553,16178656958236,16178657042717,16178658353934,1.545381,0.084481,1.311217,3840
live,494,16178666808553,16178666960731,16178667044540,16178668416653,1.6081,0.083809,1.372113,3840
live,495,16178676808553,16178676961049,16178677045722,16178678362795,1.554242,0.084673,1.317073,3840
live,496,16178686808553,16178687028441,16178687129498,16178688897968,2.089415,0.101057,1.76847,3840
live,497,16178696808553,16178696968951,16178697038583,16178698737133,1.92858,0.069632,1.69855,3840
live,498,16178706808553,16178706964533,16178707047446,16178708732779,1.924226,0.082913,1.685333,3840
live,499,16178716808553,16178717799518,16178717988641,16178720438912,3.630359,0.189123,2.450271,3840
replay,499,16178716808553,16178717869663,16178718272740,16178774882481,58.073928,0.403077,56.609741,292352
live,500,16178726808553,16178727092788,16178727254966,16178733087840,6.279287,0.162178,5.832874,3840
live,501,16178736808553,16178736983985,16178737066482,16178738462916,1.654363,0.082497,1.396434,3840
live,502,16178746808553,16178747014768,16178747141201,16178748744198,1.935645,0.126433,1.602997,3840
live,503,16178756808553,16178757264562,16178757421044,16178759284651,2.476098,0.156482,1.863607,3840
live,504,16178766808553,16178767292944,16178767591828,16178770374775,3.566222,0.298884,2.782947,3840
live,505,16178776808553,16178777031148,16178777112205,16178778415133,1.60658,0.081057,1.302928,3840
live,506,16178786808553,16178786942825,16178787011082,16178787772916,0.964363,0.068257,0.761834,3840
live,507,16178796808553,16178796942440,16178797014409,16178797903220,1.094667,0.071969,0.888811,3840
live,508,16178806808553,16178806957382,16178807033159,16178807921139,1.112586,0.075777,0.88798,3840
live,509,16178816808553,16178816967845,16178817043910,16178818205205,1.396652,0.076065,1.161295,3840
live,510,16178826808553,16178826968772,16178827069445,16178828401686,1.593133,0.100673,1.332241,3840
live,511,16178836808553,16178836968386,16178837055619,16178838399284,1.590731,0.087233,1.343665,3840
live,512,16178846808553,16178846956193,16178847026690,16178848422419,1.613866,0.070497,1.395729,3840
live,513,16178856808553,16178856955679,16178857023808,16178858348561,1.540008,0.068129,1.324753,3840
live,514,16178866808553,16178866953886,16178867020095,16178868419280,1.610727,0.066209,1.399185,3840
live,515,16178876808553,16178876953116,16178877035453,16178877889032,1.080479,0.082337,0.853579,3840
live,516,16178886808553,16178886936987,16178886984987,16178887751173,0.94262,0.048,0.766186,3840
live,517,16178896808553,16178896928729,16178896997018,16178898310891,1.502338,0.068289,1.313873,3840
live,518,16178906808553,16178906950392,16178907018969,16178908721614,1.913061,0.068577,1.702645,3840
live,519,16178916808553,16178916951638,16178917022103,16178918686572,1.878019,0.070465,1.664469,3840
live,520,16178926808553,16178926955797,16178927063350,16178932937569,6.129016,0.107553,5.874219,3840
live,521,16178936808553,16178936981556,16178937082773,16178938440998,1.632445,0.101217,1.358225,3840
live,522,16178946808553,16178946958130,16178947043859,16178948406789,1.598236,0.085729,1.36293,3840
live,523,16178956808553,16178956951313,16178957024786,16178958353602,1.545049,0.073473,1.328816,3840
live,524,16178966808553,16178966952655,16178967021456,16178968363841,1.555288,0.068801,1.342385,3840
live,525,16178976808553,16178976950670,16178977027823,16178978091516,1.282963,0.077153,1.063693,3840
live,526,16178986808553,16178986955468,16178987039661,16178988414047,1.605494,0.084193,1.374386,3840
live,527,16178996808553,16178996954251,16178997042156,16178998356861,1.548308,0.087905,1.314705,3840
live,528,16179006808553,16179007003466,16179007119436,16179008599582,1.791029,0.11597,1.480146,3840
live,529,16179016808553,16179017009545,16179017118410,16179018482971,1.674418,0.108865,1.364561,3840
live,530,16179026808553,16179027015527,16179027131753,16179028614300,1.805747,0.116226,1.482547,3840
live,531,16179036808553,16179037016902,16179037129607,16179038480440,1.671887,0.112705,1.350833,3840
live,532,16179046808553,16179047041381,16179047137062,16179048494679,1.686126,0.095681,1.357617,3840
live,533,16179056808553,16179056984803,16179057077796,16179058406261,1.597708,0.092993,1.328465,3840
live,534,16179066808553,16179066975297,16179067061218,16179068399379,1.590826,0.085921,1.338161,3840
live,535,16179076808553,16179076961439,16179077054753,16179078313841,1.505288,0.093314,1.259088,3840
live,536,16179086808553,16179086967966,16179087055583,16179088423312,1.614759,0.087617,1.367729,3840
live,537,16179096808553,16179096956700,16179097041854,16179098365710,1.557157,0.085154,1.323856,3840
live,538,16179106808553,16179106953435,16179107035612,16179108376269,1.567716,0.082177,1.340657,3840
live,539,16179116808553,16179116953050,16179117035387,16179118696272,1.887719,0.082337,1.660885,3840
live,540,16179126808553,16179126963768,16179127062937,16179132883107,6.074554,0.099169,5.82017,3840
live,541,16179136808553,16179136962391,16179137062040,16179138741613,1.93306,0.099649,1.679573,3840
live,542,16179146808553,16179146962325,16179147037686,16179148748396,1.939843,0.075361,1.71071,3840
live,543,16179156808553,16179156953012,16179157046645,16179158719818,1.911265,0.093633,1.673173,3840
live,544,16179166808553,16179166956146,16179167027923,16179168714217,1.905664,0.071777,1.686294,3840
live,545,16179176808553,16179177102195,16179177198836,16179178966090,2.157537,0.096641,1.767254,3840
live,546,16179186808553,16179186973648,16179187053809,16179188754022,1.945469,0.080161,1.700213,3840
live,547,16179196808553,16179196959374,16179197035247,16179198693220,1.884667,0.075873,1.657973,3840
live,548,16179206808553,16179206957389,16179207042062,16179208716003,1.90745,0.084673,1.673941,3840
live,549,16179216808553,16179216957611,16179217045292,16179218694145,1.885592,0.087681,1.648853,3840
live,550,16179226808553,16179226957610,16179227043499,16179229416169,2.607616,0.085889,2.37267,3840
live,551,16179236808553,16179237044617,16179237170987,16179238536092,1.727539,0.12637,1.365105,3840
live,552,16179246808553,16179246989351,16179247090216,16179248479962,1.671409,0.100865,1.389746,3840
live,553,16179256808553,16179256983750,16179257078759,16179258443704,1.635151,0.095009,1.364945,3840
live,554,16179266808553,16179266987524,16179267088294,16179268459831,1.651278,0.10077,1.371537,3840
live,555,16179276808553,16179276973315,16179277060260,16179278385493,1.57694,0.086945,1.325233,3840
live,556,16179286808553,16179286974689,16179287074498,16179288484148,1.675595,0.099809,1.40965,3840
live,557,16179296808553,16179296975008,16179297062433,16179298721430,1.912877,0.087425,1.658997,3840
live,558,16179306808553,16179306962206,16179307035231,16179308721268,1.912715,0.073025,1.686037,3840
live,559,16179316808553,16179316958301,16179317044350,16179318677234,1.868681,0.086049,1.632884,3840
live,560,16179326808553,16179326958331,16179327028924,16179333209226,6.400673,0.070593,6.180302,3840
live,561,16179336808553,16179336972186,16179337079867,16179338432556,1.624003,0.107681,1.352689,3840
live,562,16179346808553,16179346964888,16179347046681,16179348423115,1.614562,0.081793,1.376434,3840
live,563,16179356808553,16179356965975,16179357035640,16179358705421,1.896868,0.069665,1.669781,3840
live,564,16179366808553,16179366963893,16179367033814,16179368738380,1.929827,0.069921,1.704566,3840
live,565,16179376808553,16179376967700,16179377052053,16179378716074,1.907521,0.084353,1.664021,3840
live,566,16179386808553,16179386978163,16179387073588,16179388495462,1.686909,0.095425,1.421874,3840
live,567,16179396808553,16179396975089,16179397056562,16179398391811,1.583258,0.081473,1.335249,3840
live,568,16179406808553,16179406962448,16179407031505,16179408392258,1.583705,0.069057,1.360753,3840
live,569,16179416808553,16179416968334,16179417046255,16179418372064,1.563511,0.077921,1.325809,3840
live,570,16179426808553,16179426958157,16179427029198,16179428415423,1.60687,0.071041,1.386225,3840
live,571,16179436808553,16179436969099,16179437066445,16179438441854,1.633301,0.097346,1.375409,3840
live,572,16179446808553,16179446964938,16179447050923,16179448414780,1.606227,0.085985,1.363857,3840
live,573,16179456808553,16179456963208,16179457052202,16179458401083,1.59253,0.088994,1.348881,3840
live,574,16179466808553,16179466962343,16179467057800,16179468415257,1.606704,0.095457,1.357457,3840
live,575,16179476808553,16179476966374,16179477050407,16179478384184,1.575631,0.084033,1.333777,3840
live,576,16179486808553,16179486973252,16179487065765,16179488490743,1.68219,0.092513,1.424978,3840
live,577,16179496808553,16179496961859,16179497045124,16179498380949,1.572396,0.083265,1.335825,3840
live,578,16179506808553,16179506960449,16179507045922,16179508406291,1.597738,0.085473,1.360369,3840
live,579,16179516808553,16179516955584,16179517041377,16179518362033,1.55348,0.085793,1.320656,3840
live,580,16179526808553,16179526957534,16179527041663,16179532342018,5.533465,0.084129,5.300355,3840
live,581,16179536808553,16179536960477,16179537062942,16179538457008,1.648455,0.102465,1.394066,3840
live,582,16179546808553,16179546959739,16179547046172,16179548425902,1.617349,0.086433,1.37973,3840
live,583,16179556808553,16179556959898,16179557031323,16179558360428,1.551875,0.071425,1.329105,3840
live,584,16179566808553,16179566956184,16179567025881,16179568382314,1.573761,0.069697,1.356433,3840
live,585,16179576808553,16179576952759,16179577029080,16179578348521,1.539968,0.076321,1.319441,3840
live,586,16179586808553,16179586965142,16179587045111,16179588486249,1.677696,0.079969,1.441138,3840
live,587,16179596808553,16179596954644,16179597040693,16179598379590,1.571037,0.086049,1.338897,3840
live,588,16179606808553,16179606953875,16179607048916,16179608398437,1.589884,0.095041,1.349521,3840
live,589,16179616808553,16179616951665,16179617032498,16179618350307,1.541754,0.080833,1.317809,3840
live,590,16179626808553,16179626955280,16179627038065,16179628397922,1.589369,0.082785,1.359857,3840
live,591,16179636808553,16179637128272,16179637216338,16179638584995,1.776442,0.088066,1.368657,3840
live,592,16179646808553,16179646963565,16179647039310,16179648405791,1.597238,0.075745,1.366481,3840
live,593,16179656808553,16179656958603,16179657040044,16179658371325,1.562772,0.081441,1.331281,3840
live,594,16179666808553,16179666956298,16179667023947,16179668370300,1.561747,0.067649,1.346353,3840
live,595,16179676808553,16179676955913,16179677031017,16179678359034,1.550481,0.075104,1.328017,3840
live,596,16179686808553,16179686962183,16179687055144,16179688965024,2.156471,0.092961,1.90988,3840
live,597,16179696808553,16179696969062,16179697081319,16179698459961,1.651408,0.112257,1.378642,3840
live,598,16179706808553,16179706966052,16179707055045,16179708521400,1.712847,0.088993,1.466355,3840
live,599,16179716808553,16179717563786,16179717721836,16179720379086,3.570533,0.15805,2.65725,3840
replay,599,16179716808553,16179717623371,16179717848750,16179777201661,60.393108,0.225379,59.352911,292352
live,600,16179726808553,16179727411975,16179727731531,16179735202922,8.394369,0.319556,7.471391,3840
live,601,16179736808553,16179737086913,16179737232003,16179739923845,3.115292,0.14509,2.691842,3840
live,602,16179746808553,16179747057792,16179747498757,16179750199783,3.39123,0.440965,2.701026,3840
live,603,16179756808553,16179757071614,16179757533220,16179760513738,3.705185,0.461606,2.980518,3840
live,604,16179766808553,16179768271084,16179768658801,16179771879162,5.070609,0.387717,3.220361,3840
live,605,16179776808553,16179777346911,16179777545666,16179779669820,2.861267,0.198755,2.124154,3840
live,606,16179786808553,16179787020089,16179787111963,16179788508780,1.700227,0.091874,1.396817,3840
live,607,16179796808553,16179796982487,16179797070937,16179798675341,1.866788,0.08845,1.604404,3840
live,608,16179806808553,16179806962966,16179807040151,16179808623947,1.815394,0.077185,1.583796,3840
live,609,16179816808553,16179817053717,16179817128278,16179818762187,1.953634,0.074561,1.633909,3840
live,610,16179826808553,16179826990419,16179827074836,16179828456966,1.648413,0.084417,1.38213,3840
live,611,16179836808553,16179836962961,16179837044690,16179838683815,1.875262,0.081729,1.639125,3840
live,612,16179846808553,16179846971792,16179847068977,16179848820680,2.012127,0.097185,1.751703,3840
live,613,16179856808553,16179856968047,16179857044592,16179858386241,1.577688,0.076545,1.341649,3840
live,614,16179866808553,16179866967821,16179867037070,16179868412895,1.604342,0.069249,1.375825,3840
live,615,16179876808553,16179876958636,16179877040301,16179878666913,1.85836,0.081665,1.626612,3840
live,616,16179886808553,16179886952234,16179887028747,16179888371676,1.563123,0.076513,1.342929,3840
live,617,16179896808553,16179896973673,16179897063882,16179898768928,1.960375,0.090209,1.705046,3840
live,618,16179906808553,16179907004168,16179907111433,16179908508219,1.699666,0.107265,1.396786,3840
live,619,16179916808553,16179917018279,16179917160968,16179918526522,1.717969,0.142689,1.365554,3840
live,620,16179926808553,16179926988453,16179927084134,16179933009777,6.201224,0.095681,5.925643,3840
live,621,16179936808553,16179936979203,16179937090277,16179938454582,1.646029,0.111074,1.364305,3840
live,622,16179946808553,16179947092099,16179947264325,16179948929562,2.121009,0.172226,1.665237,3840
live,623,16179956808553,16179956979456,16179957069249,16179958415922,1.607369,0.089793,1.346673,3840
live,624,16179966808553,16179966971711,16179967046176,16179968414641,1.606088,0.074465,1.368465,3840
live,625,16179976808553,16179976965405,16179977036382,16179978358831,1.550278,0.070977,1.322449,3840
live,626,16179986808553,16179986958588,16179987033565,16179988448207,1.639654,0.074977,1.414642,3840
live,627,16179996808553,16179996957882,16179997039099,16179998971732,2.163179,0.081217,1.932633,3840
live,628,16180006808553,16180006968729,16180007062138,16180008466956,1.658403,0.093409,1.404818,3840
live,629,16180016808553,16180016965015,16180017042168,16180018428330,1.619777,0.077153,1.386162,3840
live,630,16180026808553,16180026961622,16180027035031,16180028388680,1.580127,0.073409,1.353649,3840
live,631,16180036808553,16180036957652,16180037033077,16180038350086,1.541533,0.075425,1.317009,3840
live,632,16180046808553,16180046955027,16180047033812,16180048377349,1.568796,0.078785,1.343537,3840
live,633,16180056808553,16180056968562,16180057061843,16180058435236,1.626683,0.093281,1.373393,3840
live,634,16180066808553,16180066963184,16180067047793,16180068747719,1.939166,0.084609,1.699926,3840
live,635,16180076808553,16180076966031,16180077038032,16180078761989,1.953436,0.072001,1.723957,3840
live,636,16180086808553,16180086962381,16180087045806,16180088722404,1.913851,0.083425,1.676598,3840
live,637,16180096808553,16180096964172,16180097036045,16180098679714,1.871161,0.071873,1.643669,3840
live,638,16180106808553,16180106970186,16180107069228,16180108794402,1.985849,0.099042,1.725174,3840
live,639,16180116808553,16180116967465,16180117042634,16180118701823,1.89327,0.075169,1.659189,3840
live,640,16180126808553,16180126957287,16180127039144,16180132807857,5.999304,0.081857,5.768713,3840
live,641,16180136808553,16180137016423,16180137147976,16180139505510,2.696957,0.131553,2.357534,3840
live,642,16180146808553,16180147013989,16180147139751,16180149133024,2.324471,0.125762,1.993273,3840
live,643,16180156808553,16180157059012,16180157193510,16180159100702,2.292149,0.134498,1.907192,3840
live,644,16180166808553,16180166979650,16180167071395,16180168837817,2.029264,0.091745,1.766422,3840
live,645,16180176808553,16180176969216,16180177056641,16180178893465,2.084912,0.087425,1.836824,3840
live,646,16180186808553,16180186960479,16180187039296,16180188805014,1.996461,0.078817,1.765718,3840
live,647,16180196808553,16180196962397,16180197034110,16180198715379,1.906826,0.071713,1.681269,3840
live,648,16180206808553,16180206960316,16180207060413,16180208859732,2.051179,0.100097,1.799319,3840
live,649,16180216808553,16180216969658,16180217058396,16180218745905,1.937352,0.088738,1.687509,3840
live,650,16180226808553,16180226965817,16180227040954,16180228754768,1.946215,0.075137,1.713814,3840
live,651,16180236808553,16180236961047,16180237034616,16180238720238,1.911685,0.073569,1.685622,3840
live,652,16180246808553,16180246957782,16180247030615,16180248721324,1.912771,0.072833,1.690709,3840
live,653,16180256808553,16180256962325,16180257062582,16180258847308,2.038755,0.100257,1.784726,3840
live,654,16180266808553,16180266964243,16180267052980,16180268784330,1.975777,0.088737,1.73135,3840
live,655,16180276808553,16180276958194,16180277050259,16180278753576,1.945023,0.092065,1.703317,3840
live,656,16180286808553,16180287043089,16180287153299,16180288947753,2.1392,0.11021,1.794454,3840
live,657,16180296808553,16180296971599,16180297046288,16180298717509,1.908956,0.074689,1.671221,3840
live,658,16180306808553,16180306968781,16180307069039,16180308881350,2.072797,0.100258,1.812311,3840
live,659,16180316808553,16180316968108,16180317052045,16180318738818,1.930265,0.083937,1.686773,3840
live,660,16180326808553,16180326961514,16180327047500,16180332805812,5.997259,0.085986,5.758312,3840
live,661,16180336808553,16180336962089,16180337042378,16180338715519,1.906966,0.080289,1.673141,3840
live,662,16180346808553,16180346960360,16180347031336,16180348741086,1.932533,0.070976,1.70975,3840
live,663,16180356808553,16180357022503,16180357134888,16180359013664,2.205111,0.112385,1.878776,3840
live,664,16180366808553,16180366968005,16180367068838,16180368888829,2.080276,0.100833,1.819991,3840
live,665,16180376808553,16180376973827,16180377065189,16180378480470,1.671917,0.091362,1.415281,3840
live,666,16180386808553,16180386969282,16180387044867,16180388443477,1.634924,0.075585,1.39861,3840
live,667,16180396808553,16180396965024,16180397035809,16180398696438,1.887885,0.070785,1.660629,3840
live,668,16180406808553,16180406964895,16180407182274,16180409283004,2.474451,0.217379,2.10073,3840
live,669,16180416808553,16180416993022,16180417096415,16180418824693,2.01614,0.103393,1.728278,3840
live,670,16180426808553,16180426968220,16180427052221,16180428741842,1.933289,0.084001,1.689621,3840
live,671,16180436808553,16180436959674,16180437039707,16180438693008,1.884455,0.080033,1.653301,3840
live,672,16180446808553,16180446961785,16180447032858,16180448700655,1.892102,0.071073,1.667797,3840
live,673,16180456808553,16180456954328,16180457033337,16180458871632,2.063079,0.079009,1.838295,3840
live,674,16180466808553,16180466963190,16180467066999,16180468805101,1.996548,0.103809,1.738102,3840
live,675,16180476808553,16180476960597,16180477043766,16180478702955,1.894402,0.083169,1.659189,3840
live,676,16180486808553,16180486953683,16180487041428,16180488744714,1.936161,0.087745,1.703286,3840
live,677,16180496808553,16180496954962,16180497042067,16180498707464,1.898911,0.087105,1.665397,3840
live,678,16180506808553,16180506957136,16180507040145,16180508734151,1.925598,0.083009,1.694006,3840
live,679,16180516808553,16180516968975,16180517071984,16180518786182,1.977629,0.103009,1.714198,3840
live,680,16180526808553,16180526957581,16180527039726,16180532727606,5.919053,0.082145,5.68788,3840
live,681,16180536808553,16180536959404,16180537058861,16180538736578,1.928025,0.099457,1.677717,3840
live,682,16180546808553,16180546951690,16180547043372,16180548740833,1.93228,0.091682,1.697461,3840
live,683,16180556808553,16180556950089,16180557030506,16180558698143,1.88959,0.080417,1.667637,3840
live,684,16180566808553,16180566965736,16180567065033,16180568823967,2.015414,0.099297,1.758934,3840
live,685,16180576808553,16180577008199,16180577101032,16180578797469,1.988916,0.092833,1.696437,3840
live,686,16180586808553,16180587034438,16180587145607,16180588906621,2.098068,0.111169,1.761014,3840
live,687,16180596808553,16180596981124,16180597116805,16180598918492,2.109939,0.135681,1.801687,3840
live,688,16180606808553,16180607024547,16180607139204,16180608548950,1.740397,0.114657,1.409746,3840
live,689,16180616808553,16180616972993,16180617090978,16180618497556,1.689003,0.117985,1.406578,3840
live,690,16180626808553,16180626959327,16180627046816,16180628747606,1.939053,0.087489,1.70079,3840
live,691,16180636808553,16180636958237,16180637058271,16180639555998,2.747445,0.100034,2.497727,3840
live,692,16180646808553,16180646953500,16180647034493,16180649591229,2.782676,0.080993,2.556736,3840
live,693,16180656808553,16180656950138,16180657049084,16180659580092,2.771539,0.098946,2.531008,3840
live,694,16180666808553,16180666953785,16180667071131,16180669640571,2.832018,0.117346,2.56944,3840
live,695,16180676808553,16180676952632,16180677049849,16180679680058,2.871505,0.097217,2.630209,3840
live,696,16180686808553,16180686944854,16180687037239,16180689569303,2.76075,0.092385,2.532064,3840
live,697,16180696808553,16180696946485,16180697051702,16180699589238,2.780685,0.105217,2.537536,3840
live,698,16180706808553,16180706951763,16180707052533,16180709597301,2.788748,0.10077,2.544768,3840
live,699,16180716808553,16180717531289,16180717727388,16180721859216,5.050663,0.196099,4.131828,3840
replay,699,16180716808553,16180717606810,16180717843773,16180779460585,62.652032,0.236963,61.616812,292352
live,700,16180726808553,16180727264340,16180727536920,16180735496381,8.687828,0.27258,7.959461,3840
live,701,16180736808553,16180737084209,16180737235955,16180739146699,2.338146,0.151746,1.910744,3840
live,702,16180746808553,16180747014894,16180747143024,16180749138473,2.32992,0.12813,1.995449,3840
live,703,16180756808553,16180757037965,16180757201327,16180759374379,2.565826,0.163362,2.173052,3840
live,704,16180766808553,16180767863670,16180768209883,16180772374287,5.565734,0.346213,4.164404,3840
live,705,16180776808553,16180779702380,16180779887086,16180781892968,5.084415,0.184706,2.005882,3840
live,706,16180786808553,16180786993736,16180787094793,16180788403290,1.594737,0.101057,1.308497,3840
live,707,16180796808553,16180796963782,16180797045799,16180799129218,2.320665,0.082017,2.083419,3840
live,708,16180806808553,16180806993093,16180807103015,16180808947006,2.138453,0.109922,1.843991,3840
live,709,16180816808553,16180816986852,16180817100837,16180818835259,2.026706,0.113985,1.734422,3840
live,710,16180826808553,16180827008835,16180827110756,16180828742809,1.934256,0.101921,1.632053,3840
live,711,16180836808553,16180836973697,16180837059874,16180838444883,1.63633,0.086177,1.385009,3840
live,712,16180846808553,16180846964703,16180847046720,16180848439570,1.631017,0.082017,1.39285,3840
live,713,16180856808553,16180856958750,16180857044895,16180858398000,1.589447,0.086145,1.353105,3840
live,714,16180866808553,16180866963932,16180867035293,16180868422319,1.613766,0.071361,1.387026,3840
live,715,16180876808553,16180876963995,16180877062972,16180878496078,1.687525,0.098977,1.433106,3840
live,716,16180886808553,16180887017946,16180887130427,16180888920786,2.112233,0.112481,1.790359,3840
live,717,16180896808553,16180896968280,16180897043641,16180898708174,1.899621,0.075361,1.664533,3840
live,718,16180906808553,16180906959062,16180907031959,16180908408073,1.59952,0.072897,1.376114,3840
live,719,16180916808553,16180916954421,16180917024438,16180918356583,1.54803,0.070017,1.332145,3840
live,720,16180926808553,16180926961396,16180927051701,16180932950143,6.14159,0.090305,5.898442,3840
live,721,16180936808553,16180936966130,16180937064115,16180938449093,1.64054,0.097985,1.384978,3840
live,722,16180946808553,16180946957457,16180947047378,16180948438883,1.63033,0.089921,1.391505,3840
live,723,16180956808553,16180956959471,16180957039536,16180958389825,1.581272,0.080065,1.350289,3840
live,724,16180966808553,16180966958414,16180967028847,16180968400160,1.591607,0.070433,1.371313,3840
live,725,16180976808553,16180976959084,16180977057165,16180978517152,1.708599,0.098081,1.459987,3840
live,726,16180986808553,16180987034220,16180987137133,16180988901667,2.093114,0.102913,1.764534,3840
live,727,16180996808553,16180996967145,16180997039914,16180998700799,1.892246,0.072769,1.660885,3840
live,728,16181006808553,16181006956104,16181007036041,16181008758239,1.949686,0.079937,1.722198,3840
live,729,16181016808553,16181016957990,16181017032615,16181018688732,1.880179,0.074625,1.656117,3840
live,730,16181026808553,16181026964453,16181027056006,16181028565529,1.756976,0.091553,1.509523,3840
live,731,16181036808553,16181036962372,16181037056581,16181038437558,1.629005,0.094209,1.380977,3840
live,732,16181046808553,16181046958946,16181047066051,16181048534134,1.725581,0.107105,1.468083,3840
live,733,16181056808553,16181056964513,16181057049410,16181058432435,1.623882,0.084897,1.383025,3840
live,734,16181066808553,16181066960671,16181067039872,16181068427122,1.618569,0.079201,1.38725,3840
live,735,16181076808553,16181077243521,16181077372227,16181079303451,2.494898,0.128706,1.931224,3840
live,736,16181086808553,16181087037789,16181087470019,16181090181605,3.373052,0.43223,2.711586,3840
live,737,16181096808553,16181097016252,16181097438657,16181099368953,2.5604,0.422405,1.930296,3840
live,738,16181106808553,16181106971674,16181107071739,16181108534189,1.725636,0.100065,1.46245,3840
live,739,16181116808553,16181116941272,16181117007193,16181117659745,0.851192,0.065921,0.652552,3840
live,740,16181126808553,16181126911734,16181126960439,16181129587704,2.779151,0.048705,2.627265,3840
live,741,16181136808553,16181136922485,16181136989461,16181137822880,1.014327,0.066976,0.833419,3840
live,742,16181146808553,16181146974708,16181147076885,16181148189091,1.380538,0.102177,1.112206,3840
live,743,16181156808553,16181157013715,16181157117524,16181158084288,1.275735,0.103809,0.966764,3840
live,744,16181166808553,16181166944849,16181167018929,16181167997438,1.188885,0.07408,0.978509,3840
live,745,16181176808553,16181176971439,16181177044432,16181178118046,1.309493,0.072993,1.073614,3840
live,746,16181186808553,16181186948366,16181187024591,16181188078876,1.270323,0.076225,1.054285,3840
live,747,16181196808553,16181196954028,16181197039117,16181198346910,1.538357,0.085089,1.307793,3840
live,748,16181206808553,16181206944971,16181207028940,16181208340924,1.532371,0.083969,1.311984,3840
live,749,16181216808553,16181216947209,16181217031786,16181218376379,1.567826,0.084577,1.344593,3840
live,750,16181226808553,16181226963912,16181227052585,16181228428155,1.619602,0.088673,1.37557,3840
live,751,16181236808553,16181236990535,16181237089384,16181238479866,1.671313,0.098849,1.390482,3840
live,752,16181246808553,16181246979013,16181247068294,16181248447640,1.639087,0.089281,1.379346,3840
live,753,16181256808553,16181256971044,16181257070981,16181258471479,1.662926,0.099937,1.400498,3840
live,754,16181266808553,16181267013123,16181267115492,16181268526134,1.717581,0.102369,1.410642,3840
live,755,16181276808553,16181276980513,16181277072514,16181279051611,2.243058,0.092001,1.979097,3840
live,756,16181286808553,16181287015168,16181287411429,16181288943864,2.135311,0.396261,1.532435,3840
live,757,16181296808553,16181296949630,16181297047199,16181298424272,1.615719,0.097569,1.377073,3840
live,758,16181306808553,16181306971069,16181307059358,16181308464111,1.655558,0.088289,1.404753,3840
live,759,16181316808553,16181316968859,16181317060316,16181318767538,1.958985,0.091457,1.707222,3840
live,760,16181326808553,16181326963386,16181327053627,16181334109716,7.301163,0.090241,7.056089,3840
live,761,16181336808553,16181337053849,16181337167451,16181338929393,2.12084,0.113602,1.761942,3840
live,762,16181346808553,16181347001911,16181347096856,16181348830350,2.021797,0.094945,1.733494,3840
live,763,16181356808553,16181356975349,16181357067127,16181358774188,1.965635,0.091778,1.707061,3840
live,764,16181366808553,16181366973844,16181367051733,16181368771307,1.962754,0.077889,1.719574,3840
live,765,16181376808553,16181376973394,16181377047827,16181378747433,1.93888,0.074433,1.699606,3840
live,766,16181386808553,16181386995409,16181387417911,16181389317327,2.508774,0.422502,1.899416,3840
live,767,16181396808553,16181396974320,16181397071569,16181398809991,2.001438,0.097249,1.738422,3840
live,768,16181406808553,16181406976686,16181407069135,16181408833734,2.025181,0.092449,1.764599,3840
live,769,16181416808553,16181416962540,16181417053870,16181418765475,1.956922,0.09133,1.711605,3840
live,770,16181426808553,16181426958731,16181427054380,16181428783874,1.975321,0.095649,1.729494,3840
live,771,16181436808553,16181436993098,16181437101611,16181438803969,1.995416,0.108513,1.702358,3840
live,772,16181446808553,16181446975304,16181447081354,16181448754303,1.94575,0.10605,1.672949,3840
live,773,16181456808553,16181456971751,16181457057000,16181458814334,2.005781,0.085249,1.757334,3840
live,774,16181466808553,16181466970021,16181467046822,16181468746236,1.937683,0.076801,1.699414,3840
live,775,16181476808553,16181476961892,16181477050437,16181478697594,1.889041,0.088545,1.647157,3840
live,776,16181486808553,16181487423016,16181487839469,16181490175243,3.36669,0.416453,2.335774,3840
live,777,16181496808553,16181496993505,16181497123331,16181498604534,1.795981,0.129826,1.481203,3840
live,778,16181506808553,16181507004352,16181507117025,16181508573940,1.765387,0.112673,1.456915,3840
live,779,16181516808553,16181516975006,16181517073343,16181518423440,1.614887,0.098337,1.350097,3840
live,780,16181526808553,16181527007165,16181527094462,16181532713285,5.904732,0.087297,5.618823,3840
live,781,16181536808553,16181536964763,16181537056092,16181539204119,2.395566,0.091329,2.148027,3840
live,782,16181546808553,16181546973370,16181547058939,16181548447244,1.638691,0.085569,1.388305,3840
live,783,16181556808553,16181556961432,16181557042265,16181558393706,1.585153,0.080833,1.351441,3840
live,784,16181566808553,16181566963895,16181567034808,16181568382665,1.574112,0.070913,1.347857,3840
live,785,16181576808553,16181576955349,16181577026806,16181578346151,1.537598,0.071457,1.319345,3840
live,786,16181586808553,16181586960788,16181587040469,16181588397446,1.588893,0.079681,1.356977,3840
live,787,16181596808553,16181596968978,16181597064148,16181598442309,1.633756,0.09517,1.378161,3840
live,788,16181606808553,16181606964689,16181607028114,16181608401539,1.592986,0.063425,1.373425,3840
live,789,16181616808553,16181616919599,16181616957679,16181617585975,0.777422,0.03808,0.628296,3840
live,790,16181626808553,16181626922094,16181626969518,16181627569046,0.760493,0.047424,0.599528,3840
live,791,16181636808553,16181636932012,16181637015277,16181638346334,1.537781,0.083265,1.331057,3840
live,792,16181646808553,16181646967467,16181647063116,16181648494399,1.685846,0.095649,1.431283,3840
live,793,16181656808553,16181656961194,16181657031755,16181658366747,1.558194,0.070561,1.334992,3840
live,794,16181666808553,16181666960424,16181667029737,16181668391514,1.582961,0.069313,1.361777,3840
live,795,16181676808553,16181676956583,16181677029128,16181678367449,1.558896,0.072545,1.338321,3840
live,796,16181686808553,16181687062183,16181687510732,16181689812905,3.004352,0.448549,2.302173,3840
live,797,16181696808553,16181696988420,16181697094342,16181698590809,1.782256,0.105922,1.496467,3840
live,798,16181706808553,16181706967363,16181707054340,16181708474070,1.665517,0.086977,1.41973,3840
live,799,16181716808553,16181717602729,16181717797900,16181721528091,4.719538,0.195171,3.730191,3840
replay,799,16181716808553,16181717674954,16181717918541,16181776783318,59.974765,0.243587,58.864777,292352
live,800,16181726808553,16181727423333,16181727815594,16181735636525,8.827972,0.392261,7.820931,3840
live,801,16181736808553,16181737085280,16181737221377,16181738956023,2.14747,0.136097,1.734646,3840
live,802,16181746808553,16181747027421,16181747154239,16181749059479,2.250926,0.126818,1.90524,3840
live,803,16181756808553,16181757240991,16181757721285,16181760283269,3.474716,0.480294,2.561984,3840
live,804,16181766808553,16181767269470,16181767585250,16181771852632,5.044079,0.31578,4.267382,3840
live,805,16181776808553,16181777109626,16181777307229,16181779218741,2.410188,0.197603,1.911512,3840
live,806,16181786808553,16181786996343,16181787088088,16181789288212,2.479659,0.091745,2.200124,3840
live,807,16181796808553,16181796978262,16181797082295,16181799247218,2.438665,0.104033,2.164923,3840
live,808,16181806808553,16181806972852,16181807071509,16181809426131,2.617578,0.098657,2.354622,3840
live,809,16181816808553,16181816962450,16181817062228,16181819357041,2.548488,0.099778,2.294813,3840
live,810,16181826808553,16181826959921,16181827051090,16181829367503,2.55895,0.091169,2.316413,3840
live,811,16181836808553,16181836958672,16181837049553,16181839321453,2.5129,0.090881,2.2719,3840
live,812,16181846808553,16181847178257,16181847284882,16181849629584,2.821031,0.106625,2.344702,3840
live,813,16181856808553,16181856961997,16181857065102,16181859349067,2.540514,0.103105,2.283965,3840
live,814,16181866808553,16181866960171,16181867047820,16181869345353,2.5368,0.087649,2.297533,3840
live,815,16181876808553,16181876960042,16181877041035,16181879143717,2.335164,0.080993,2.102682,3840
live,816,16181886808553,16181886953256,16181887040905,16181889347783,2.53923,0.087649,2.306878,3840
live,817,16181896808553,16181896957639,16181897046440,16181899574792,2.766239,0.088801,2.528352,3840
live,818,16181906808553,16181906968134,16181907071687,16181909786953,2.9784,0.103553,2.715266,3840
live,819,16181916808553,16181916963428,16181917059109,16181919608933,2.80038,0.095681,2.549824,3840
live,820,16181926808553,16181926966595,16181927056132,16181933823257,7.014704,0.089537,6.767125,3840
live,821,16181936808553,16181936971873,16181937075875,16181939531874,2.723321,0.104002,2.455999,3840
live,822,16181946808553,16181946968640,16181947066945,16181950553261,3.744708,0.098305,3.486316,3840
live,823,16181956808553,16181957024863,16181957150369,16181959687681,2.879128,0.125506,2.537312,3840
live,824,16181966808553,16181967034526,16181967162015,16181969606398,2.797845,0.127489,2.444383,3840
live,825,16181976808553,16181976984188,16181977088253,16181979385498,2.576945,0.104065,2.297245,3840
live,826,16181986808553,16181986972666,16181987067419,16181989400153,2.5916,0.094753,2.332734,3840
live,827,16181996808553,16181996970488,16181997067034,16181999360631,2.552078,0.096546,2.293597,3840
live,828,16182006808553,16182006975895,16182007075800,16182009448118,2.639565,0.099905,2.372318,3840
live,829,16182016808553,16182016968214,16182017066551,16182019620951,2.812398,0.098337,2.5544,3840
live,830,16182026808553,16182026961524,16182027055189,16182029347730,2.539177,0.093665,2.292541,3840
live,831,16182036808553,16182036964403,16182037060404,16182039303344,2.494791,0.096001,2.24294,3840
live,832,16182046808553,16182046963217,16182047073331,16182049382352,2.573799,0.110114,2.309021,3840
live,833,16182056808553,16182056963248,16182057071281,16182059423311,2.614758,0.108033,2.35203,3840
live,834,16182066808553,16182066973902,16182067065328,16182069393261,2.584708,0.091426,2.327933,3840
live,835,16182076808553,16182076967053,16182077065902,16182079448588,2.640035,0.098849,2.382686,3840
live,836,16182086808553,16182086956107,16182087044716,16182089360842,2.552289,0.088609,2.316126,3840
live,837,16182096808553,16182097039243,16182097137868,16182099401129,2.592576,0.098625,2.263261,3840
live,838,16182106808553,16182106999337,16182107101770,16182109480168,2.671615,0.102433,2.378398,3840
live,839,16182116808553,16182116966375,16182117057512,16182119353125,2.544572,0.091137,2.295613,3840
live,840,16182126808553,16182126963302,16182127053703,16182133860477,7.051924,0.090401,6.806774,3840
live,841,16182136808553,16182136971300,16182137078150,16182139353890,2.545337,0.10685,2.27574,3840
live,842,16182146808553,16182146965987,16182147066468,16182149356033,2.54748,0.100481,2.289565,3840
live,843,16182156808553,16182156972385,16182157080323,16182159408448,2.599895,0.107938,2.328125,3840
live,844,16182166808553,16182166969248,16182167069793,16182169554369,2.745816,0.100545,2.484576,3840
live,845,16182176808553,16182176966014,16182177069824,16182179645088,2.836535,0.10381,2.575264,3840
live,846,16182186808553,16182186976125,16182187075198,16182189614558,2.806005,0.099073,2.53936,3840
live,847,16182196808553,16182196982076,16182197082461,16182199338425,2.529872,0.100385,2.255964,3840
live,848,16182206808553,16182206973818,16182207079067,16182209424089,2.615536,0.105249,2.345022,3840
live,849,16182216808553,16182216970009,16182217066234,16182219329590,2.521037,0.096225,2.263356,3840
live,850,16182226808553,16182226959927,16182227061176,16182229368277,2.559724,0.101249,2.307101,3840
live,851,16182236808553,16182236962838,16182237041271,16182239325235,2.516682,0.078433,2.283964,3840
live,852,16182246808553,16182246957332,16182247053205,16182249338834,2.530281,0.095873,2.285629,3840
live,853,16182256808553,16182256997619,16182257099732,16182259412690,2.604137,0.102113,2.312958,3840
live,854,16182266808553,16182266965553,16182267055538,16182269358192,2.549639,0.089985,2.302654,3840
live,855,16182276808553,16182276961904,16182277053585,16182279353134,2.544581,0.091681,2.299549,3840
live,856,16182286808553,16182286959246,16182287033199,16182289297836,2.489283,0.073953,2.264637,3840
live,857,16182296808553,16182296953805,16182297045838,16182299300746,2.492193,0.092033,2.254908,3840
live,858,16182306808553,16182306959083,16182307181582,16182309501740,2.693187,0.222499,2.320158,3840
live,859,16182316808553,16182316969514,16182317074315,16182319362792,2.554239,0.104801,2.288477,3840
live,860,16182326808553,16182326961480,16182327045802,16182333456059,6.647506,0.084322,6.410257,3840
live,861,16182336808553,16182336971495,16182337082601,16182339382694,2.574141,0.111106,2.300093,3840
live,862,16182346808553,16182346968230,16182347050887,16182349339460,2.530907,0.082657,2.288573,3840
live,863,16182356808553,16182356956964,16182357039301,16182359706215,2.897662,0.082337,2.666914,3840
live,864,16182366808553,16182366965571,16182367062436,16182369455522,2.646969,0.096865,2.393086,3840
live,865,16182376808553,16182376959393,16182377055138,16182379344895,2.536342,0.095745,2.289757,3840
live,866,16182386808553,16182386964064,16182387051169,16182389457663,2.64911,0.087105,2.406494,3840
live,867,16182396808553,16182396969150,16182397068480,16182399140890,2.332337,0.09933,2.07241,3840
live,868,16182406808553,16182406991997,16182407447427,16182409372475,2.563922,0.45543,1.925048,3840
live,869,16182416808553,16182416997372,16182417111101,16182418671729,1.863176,0.113729,1.560628,3840
live,870,16182426808553,16182426974170,16182427052795,16182428517166,1.708613,0.078625,1.464371,3840
live,871,16182436808553,16182436956600,16182437028121,16182438394923,1.58637,0.071521,1.366802,3840
live,872,16182446808553,16182446956055,16182447029592,16182448408521,1.599968,0.073537,1.378929,3840
live,873,16182456808553,16182456994518,16182457068951,16182458398472,1.589919,0.074433,1.329521,3840
live,874,16182466808553,16182466968404,16182467057301,16182468459239,1.650686,0.088897,1.401938,3840
live,875,16182476808553,16182476968787,16182477038356,16182478380741,1.572188,0.069569,1.342385,3840
live,876,16182486808553,16182486955345,16182487033778,16182488411076,1.602523,0.078433,1.377298,3840
live,877,16182496808553,16182496958608,16182497028465,16182498357377,1.548824,0.069857,1.328912,3840
live,878,16182506808553,16182506958446,16182507027151,16182508378144,1.569591,0.068705,1.350993,3840
live,879,16182516808553,16182516967213,16182517052974,16182518413791,1.605238,0.085761,1.360817,3840
live,880,16182526808553,16182526963595,16182527041932,16182532868566,6.060013,0.078337,5.826634,3840
live,881,16182536808553,16182536959946,16182537063403,16182538421372,1.612819,0.103457,1.357969,3840
live,882,16182546808553,16182546954984,16182547028169,16182548382331,1.573778,0.073185,1.354162,3840
live,883,16182556808553,16182556954471,16182557025096,16182558343865,1.535312,0.070625,1.318769,3840
live,884,16182566808553,16182566966406,16182567061639,16182568499289,1.690736,0.095233,1.43765,3840
live,885,16182576808553,16182576960452,16182577042245,16182578389974,1.581421,0.081793,1.347729,3840
live,886,16182586808553,16182586959747,16182587038340,16182588395573,1.58702,0.078593,1.357233,3840
live,887,16182596808553,16182596961249,16182597057347,16182598418004,1.609451,0.096098,1.360657,3840
live,888,16182606808553,16182606962912,16182607049921,16182608402194,1.593641,0.087009,1.352273,3840
live,889,16182616808553,16182616966302,16182617055520,16182618470898,1.662345,0.089218,1.415378,3840
live,890,16182626808553,16182626966493,16182627074782,16182628507985,1.699432,0.108289,1.433203,3840
live,891,16182636808553,16182636963804,16182637051293,16182638395566,1.587013,0.087489,1.344273,3840
live,892,16182646808553,16182646980506,16182647073883,16182648482285,1.673732,0.093377,1.408402,3840
live,893,16182656808553,16182656965913,16182657049434,16182658366410,1.557857,0.083521,1.316976,3840
live,894,16182666808553,16182666970487,16182667069433,16182668470762,1.662209,0.098946,1.401329,3840
live,895,16182676808553,16182676962902,16182677035575,16182678351431,1.542878,0.072673,1.315856,3840
live,896,16182686808553,16182686952180,16182687032693,16182688378054,1.569501,0.080513,1.345361,3840
live,897,16182696808553,16182696954451,16182697034356,16182698342084,1.533531,0.079905,1.307728,3840
live,898,16182706808553,16182706951889,16182707043922,16182708428260,1.619707,0.092033,1.384338,3840
live,899,16182716808553,16182717991325,16182718130591,16182721117220,4.308667,0.139266,2.986629,3840
replay,899,16182716808553,16182718043646,16182718258048,16182779768203,62.95965,0.214402,61.510155,292352
live,900,16182726808553,16182727367444,16182727663159,16182734804722,7.996169,0.295715,7.141563,3840
live,901,16182736808553,16182737041006,16182737166864,16182738680259,1.871706,0.125858,1.513395,3840
live,902,16182746808553,16182747021580,16182747188174,16182749132839,2.324286,0.166594,1.944665,3840
live,903,16182756808553,16182757266510,16182757487505,16182760124338,3.315785,0.220995,2.636833,3840
live,904,16182766808553,16182767811955,16182768804800,16182773144631,6.336078,0.992845,4.339831,3840
live,905,16182776808553,16182777151786,16182777325228,16182781651203,4.84265,0.173442,4.325975,3840
live,906,16182786808553,16182787025031,16182787119048,16182788376184,1.567631,0.094017,1.257136,3840
live,907,16182796808553,16182796975748,16182797050917,16182798218036,1.409483,0.075169,1.167119,3840
live,908,16182806808553,16182806959459,16182807035268,16182808215635,1.407082,0.075809,1.180367,3840
live,909,16182816808553,16182816956641,16182817044898,16182818366291,1.557738,0.088257,1.321393,3840
live,910,16182826808553,16182826974816,16182827083745,16182828550772,1.742219,0.108929,1.467027,3840
live,911,16182836808553,16182836966399,16182837039615,16182838372720,1.564167,0.073216,1.333105,3840
live,912,16182846808553,16182847001182,16182847107615,16182848654162,1.845609,0.106433,1.546547,3840
live,913,16182856808553,16182857102717,16182857230655,16182859022678,2.214125,0.127938,1.792023,3840
live,914,16182866808553,16182867009723,16182867476993,16182868966291,2.157738,0.46727,1.489298,3840
live,915,16182876808553,16182876988025,16182877081850,16182878544653,1.7361,0.093825,1.462803,3840
live,916,16182886808553,16182887037272,16182887149530,16182888951408,2.142855,0.112258,1.801878,3840
live,917,16182896808553,16182896974998,16182897059511,16182898768717,1.960164,0.084513,1.709206,3840
live,918,16182906808553,16182906963220,16182907039861,16182908772619,1.964066,0.076641,1.732758,3840
live,919,16182916808553,16182916959731,16182917050356,16182918409093,1.60054,0.090625,1.358737,3840
live,920,16182926808553,16182926964241,16182927070675,16182933245505,6.436952,0.106434,6.17483,3840
live,921,16182936808553,16182936979696,16182937080721,16182938466883,1.65833,0.101025,1.386162,3840
live,922,16182946808553,16182946962351,16182947049360,16182948470370,1.661817,0.087009,1.42101,3840
live,923,16182956808553,16182956964045,16182957034798,16182958380767,1.572214,0.070753,1.345969,3840
live,924,16182966808553,16182966956588,16182967031693,16182968412734,1.604181,0.075105,1.381041,3840
live,925,16182976808553,16182977008619,16182977447600,16182979411081,2.602528,0.438981,1.963481,3840
live,926,16182986808553,16182987079626,16182987511408,16182989876590,3.068037,0.431782,2.365182,3840
live,927,16182996808553,16182997045032,16182997464270,16182999873100,3.064547,0.419238,2.40883,3840
live,928,16183006808553,16183006965734,16183007057863,16183008520186,1.711633,0.092129,1.462323,3840
live,929,16183016808553,16183016962564,16183017057926,16183018418455,1.609902,0.095362,1.360529,3840
live,930,16183026808553,16183026960483,16183027049220,16183029109950,2.301397,0.088737,2.06073,3840
live,931,16183036808553,16183036974018,16183037063683,16183038433108,1.624555,0.089665,1.369425,3840
live,932,16183046808553,16183046962784,16183047048289,16183048441171,1.632618,0.085505,1.392882,3840
live,933,16183056808553,16183056960799,16183057042560,16183058382609,1.574056,0.081761,1.340049,3840
live,934,16183066808553,16183066961373,16183067037502,16183068429104,1.620551,0.076129,1.391602,3840
live,935,16183076808553,16183077036093,16183077159838,16183079210712,2.402159,0.123745,2.050874,3840
live,936,16183086808553,16183087130876,16183087677955,16183090074306,3.265753,0.547079,2.396351,3840
live,937,16183096808553,16183096998873,16183097111227,16183098722447,1.913894,0.112354,1.61122,3840
live,938,16183106808553,16183106982680,16183107087257,16183108539307,1.730754,0.104577,1.45205,3840
live,939,16183116808553,16183116977622,16183117072567,16183118433256,1.624703,0.094945,1.360689,3840
live,940,16183126808553,16183126968404,16183127060310,16183133044161,6.235608,0.091906,5.983851,3840
live,941,16183136808553,16183136978163,16183137089205,16183138464422,1.655869,0.111042,1.375217,3840
live,942,16183146808553,16183146966898,16183147058067,16183148446820,1.638267,0.091169,1.388753,3840
live,943,16183156808553,16183156961040,16183157036465,16183158710278,1.901725,0.075425,1.673813,3840
live,944,16183166808553,16183166958127,16183167030287,16183168720581,1.912028,0.07216,1.690294,3840
live,945,16183176808553,16183176961197,16183177037262,16183178687363,1.87881,0.076065,1.650101,3840
live,946,16183186808553,16183186991532,16183187406289,16183189318761,2.510208,0.414757,1.912472,3840
live,947,16183196808553,16183196963050,16183197042091,16183198754177,1.945624,0.079041,1.712086,3840
live,948,16183206808553,16183206956489,16183207040778,16183208751359,1.942806,0.084289,1.710581,3840
live,949,16183216808553,16183216960967,16183217045800,16183218711165,1.902612,0.084833,1.665365,3840
live,950,16183226808553,16183226958758,16183227042983,16183228733020,1.924467,0.084225,1.690037,3840
live,951,16183236808553,16183236969797,16183237073958,16183238815996,2.007443,0.104161,1.742038,3840
live,952,16183246808553,16183246962787,16183247038436,16183248752922,1.944369,0.075649,1.714486,3840
live,953,16183256808553,16183256963138,16183257049187,16183258726712,1.918159,0.086049,1.677525,3840
live,954,16183266808553,16183266960704,16183267035873,16183268725558,1.917005,0.075169,1.689685,3840
live,955,16183276808553,16183276965311,16183277036384,16183278693269,1.884716,0.071073,1.656885,3840
live,956,16183286808553,16183286968829,16183287065054,16183288802708,1.994155,0.096225,1.737654,3840
live,957,16183296808553,16183296969948,16183297043357,16183298727762,1.919209,0.073409,1.684405,3840
live,958,16183306808553,16183306960474,16183307053819,16183308413613,1.60506,0.093345,1.359794,3840
live,959,16183316808553,16183316965337,16183317057146,16183318393259,1.584706,0.091809,1.336113,3840
live,960,16183326808553,16183326966999,16183327061017,16183332586943,5.77839,0.094018,5.525926,3840
live,961,16183336808553,16183336978102,16183337080951,16183338527274,1.718721,0.102849,1.446323,3840
live,962,16183346808553,16183346965044,16183347041941,16183348459559,1.651006,0.076897,1.417618,3840
live,963,16183356808553,16183356956563,16183357038996,16183358396485,1.587932,0.082433,1.357489,3840
live,964,16183366808553,16183366960977,16183367033138,16183368406276,1.597723,0.072161,1.373138,3840
live,965,16183376808553,16183376962096,16183377044561,16183378702630,1.894077,0.082465,1.658069,3840
live,966,16183386808553,16183387152337,16183387312723,16183389021641,2.213088,0.160386,1.708918,3840
live,967,16183396808553,16183396990990,16183397096015,16183398864485,2.055932,0.105025,1.76847,3840
live,968,16183406808553,16183406967436,16183407066157,16183408472447,1.663894,0.098721,1.40629,3840
live,969,16183416808553,16183416966122,16183417051691,16183418373052,1.564499,0.085569,1.321361,3840
live,970,16183426808553,16183426961513,16183427056874,16183428407195,1.598642,0.095361,1.350321,3840
live,971,16183436808553,16183436964199,16183437051368,16183438970401,2.161848,0.087169,1.919033,3840
live,972,16183446808553,16183446970534,16183447069575,16183448767709,1.959156,0.099041,1.698134,3840
live,973,16183456808553,16183456964100,16183457049830,16183458704859,1.896306,0.08573,1.655029,3840
live,974,16183466808553,16183466962723,16183467037188,16183468720505,1.911952,0.074465,1.683317,3840
live,975,16183476808553,16183476962914,16183477046915,16183478693271,1.884718,0.084001,1.646356,3840
live,976,16183486808553,16183487045153,16183487476935,16183490542381,3.733828,0.431782,3.065446,3840
live,977,16183496808553,16183496976959,16183497081312,16183498845974,2.037421,0.104353,1.764662,3840
live,978,16183506808553,16183506961949,16183507039102,16183508764148,1.955595,0.077153,1.725046,3840
live,979,16183516808553,16183516953468,16183517040253,16183518719218,1.910665,0.086785,1.678965,3840
live,980,16183526808553,16183526959322,16183527052987,16183532600034,5.791481,0.093665,5.547047,3840
live,981,16183536808553,16183536975641,16183537084154,16183538454412,1.645859,0.108513,1.370258,3840
live,982,16183546808553,16183546974008,16183547086041,16183548555532,1.746979,0.112033,1.469491,3840
live,983,16183556808553,16183556972118,16183557068631,16183558468297,1.659744,0.096513,1.399666,3840
live,984,16183566808553,16183566963796,16183567035637,16183568429767,1.621214,0.071841,1.39413,3840
live,985,16183576808553,16183576956851,16183577027828,16183578362917,1.554364,0.070977,1.335089,3840
live,986,16183586808553,16183587043283,16183587501944,16183589067948,2.259395,0.458661,1.566004,3840
live,987,16183596808553,16183596982320,16183597083602,16183598848424,2.039871,0.101282,1.764822,3840
live,988,16183606808553,16183606967215,16183607054064,16183608767206,1.958653,0.086849,1.713142,3840
live,989,16183616808553,16183617004238,16183617091663,16183618760868,1.952315,0.087425,1.669205,3840
live,990,16183626808553,16183626982892,16183627084781,16183628807747,1.999194,0.101889,1.722966,3840
live,991,16183636808553,16183636960330,16183637049419,16183638721665,1.913112,0.089089,1.672246,3840
live,992,16183646808553,16183646969897,16183647064778,16183648811648,2.003095,0.094881,1.74687,3840
live,993,16183656808553,16183656964199,16183657036552,16183658708670,1.900117,0.072353,1.672118,3840
live,994,16183666808553,16183666958310,16183667032295,16183668751101,1.942548,0.073985,1.718806,3840
live,995,16183676808553,16183676960292,16183677037157,16183678707963,1.89941,0.076865,1.670806,3840
live,996,16183686808553,16183687025380,16183687457225,16183690011946,3.203393,0.431845,2.554721,3840
live,997,16183696808553,16183696973634,16183697079107,16183698872602,2.064049,0.105473,1.793495,3840
live,998,16183706808553,16183706963456,16183707062881,16183708781463,1.97291,0.099425,1.718582,3840
live,999,16183716808553,16183717526118,16183717708200,16183720371690,3.563137,0.182082,2.66349,3840
replay,999,16183716808553,16183717597479,16183718211246,16183777332251,60.523698,0.613767,59.121005,292352
live,1000,16183726808553,16183727331522,16183727612485,16183735879726,9.071173,0.280963,8.267241,3840
live,1001,16183736808553,16183737070653,16183737211295,16183739687742,2.879189,0.140642,2.476447,3840
live,1002,16183746808553,16183747030427,16183747177149,16183749813214,3.004661,0.146722,2.636065,3840
live,1003,16183756808553,16183757078362,16183757267133,16183760399204,3.590651,0.188771,3.132071,3840
live,1004,16183766808553,16183767322684,16183768128614,16183771282030,4.473477,0.80593,3.153416,3840
live,1005,16183776808553,16183777368379,16183777482845,16183779045072,2.236519,0.114466,1.562227,3840
live,1006,16183786808553,16183786959796,16183787026389,16183787902912,1.094359,0.066593,0.876523,3840
live,1007,16183796808553,16183797015444,16183797156918,16183798483814,1.675261,0.141474,1.326896,3840
live,1008,16183806808553,16183806973234,16183807069203,16183808350595,1.542042,0.095969,1.281392,3840
live,1009,16183816808553,16183816980208,16183817067762,16183818461187,1.652634,0.087554,1.393425,3840
live,1010,16183826808553,16183826963119,16183827054448,16183828447490,1.638937,0.091329,1.393042,3840
live,1011,16183836808553,16183836966509,16183837367570,16183838870981,2.062428,0.401061,1.503411,3840
live,1012,16183846808553,16183846960812,16183847062253,16183849210120,2.401567,0.101441,2.147867,3840
live,1013,16183856808553,16183856977643,16183857076524,16183858479422,1.670869,0.098881,1.402898,3840
live,1014,16183866808553,16183866966185,16183867051498,16183868439260,1.630707,0.085313,1.387762,3840
live,1015,16183876808553,16183876967048,16183877051817,16183878771902,1.963349,0.084769,1.720085,3840
live,1016,16183886808553,16183886936326,16183886987206,16183887752816,0.944263,0.05088,0.76561,3840
live,1017,16183896808553,16183896935140,16183897020421,16183898397303,1.58875,0.085281,1.376882,3840
live,1018,16183906808553,16183906970467,16183907066532,16183908525111,1.716558,0.096065,1.458579,3840
live,1019,16183916808553,16183916966114,16183917059267,16183918411828,1.603275,0.093153,1.352561,3840
live,1020,16183926808553,16183926959968,16183927048961,16183932919436,6.110883,0.088993,5.870475,3840
live,1021,16183936808553,16183936966815,16183937056512,16183938419505,1.610952,0.089697,1.362993,3840
live,1022,16183946808553,16183946958045,16183947038142,16183948409200,1.600647,0.080097,1.371058,3840
live,1023,16183956808553,16183956971068,16183957062173,16183958470351,1.661798,0.091105,1.408178,3840
live,1024,16183966808553,16183966965306,16183967047259,16183968462317,1.653764,0.081953,1.415058,3840
live,1025,16183976808553,16183976967897,16183977086138,16183978859377,2.050824,0.118241,1.773239,3840
live,1026,16183986808553,16183986986840,16183987391389,16183988971985,2.163432,0.404549,1.580596,3840
live,1027,16183996808553,16183996959446,16183997054007,16183998454697,1.646144,0.094561,1.40069,3840
live,1028,16184006808553,16184006985973,16184007092470,16184008706283,1.89773,0.106497,1.613813,3840
live,1029,16184016808553,16184016970579,16184017038484,16184018410757,1.602204,0.067905,1.372273,3840
live,1030,16184026808553,16184026956434,16184027030515,16184028408996,1.600443,0.074081,1.378481,3840
live,1031,16184036808553,16184036961680,16184037045777,16184038386210,1.577657,0.084097,1.340433,3840
live,1032,16184046808553,16184046961519,16184047045072,16184048398529,1.589976,0.083553,1.353457,3840
live,1033,16184056808553,16184056967917,16184057058030,16184058465760,1.657207,0.090113,1.40773,3840
live,1034,16184066808553,16184066956108,16184067029101,16184068406526,1.597973,0.072993,1.377425,3840
live,1035,16184076808553,16184076959562,16184077040555,16184078359548,1.550995,0.080993,1.318993,3840
live,1036,16184086808553,16184086958089,16184087027626,16184088381595,1.573042,0.069537,1.353969,3840
live,1037,16184096808553,16184096959815,16184097042760,16184098379097,1.570544,0.082945,1.336337,3840
live,1038,16184106808553,16184106966950,16184107058695,16184108462233,1.65368,0.091745,1.403538,3840
live,1039,16184116808553,16184116967525,16184117051366,16184118373942,1.565389,0.083841,1.322576,3840
live,1040,16184126808553,16184126960707,16184127032996,16184132683788,5.875235,0.072289,5.650792,3840
live,1041,16184136808553,16184136964642,16184137080035,16184138429044,1.620491,0.115393,1.349009,3840
live,1042,16184146808553,16184146952992,16184147025313,16184148424979,1.616426,0.072321,1.399666,3840
live,1043,16184156808553,16184156963167,16184157064832,16184158472754,1.664201,0.101665,1.407922,3840
live,1044,16184166808553,16184166961309,16184167050174,16184168436656,1.628103,0.088865,1.386482,3840
live,1045,16184176808553,16184176961852,16184177032221,16184178358478,1.549925,0.070369,1.326257,3840
live,1046,16184186808553,16184186962234,16184187033403,16184188375116,1.566563,0.071169,1.341713,3840
live,1047,16184196808553,16184196959897,16184197031290,16184198370059,1.561506,0.071393,1.338769,3840
live,1048,16184206808553,16184207087257,16184207219963,16184208873584,2.065031,0.132706,1.653621,3840
live,1049,16184216808553,16184216977366,16184217068215,16184218425897,1.617344,0.090849,1.357682,3840
live,1050,16184226808553,16184226965749,16184227058230,16184228421831,1.613278,0.092481,1.363601,3840
live,1051,16184236808553,16184236967059,16184237044756,16184238394213,1.58566,0.077697,1.349457,3840
live,1052,16184246808553,16184246963154,16184247043827,16184248399524,1.590971,0.080673,1.355697,3840
live,1053,16184256808553,16184256968144,16184257048113,16184259247053,2.4385,0.079969,2.19894,3840
live,1054,16184266808553,16184266966607,16184267059568,16184268426721,1.618168,0.092961,1.367153,3840
live,1055,16184276808553,16184276957453,16184277042990,16184278360959,1.552406,0.085537,1.317969,3840
live,1056,16184286808553,16184286961068,16184287061837,16184288417502,1.608949,0.100769,1.355665,3840
live,1057,16184296808553,16184296964842,16184297035243,16184298349724,1.541171,0.070401,1.314481,3840
live,1058,16184306808553,16184306964553,16184307035914,16184308392571,1.584018,0.071361,1.356657,3840
live,1059,16184316808553,16184316963559,16184317061065,16184318443674,1.635121,0.097506,1.382609,3840
live,1060,16184326808553,16184326964870,16184327049575,16184332455212,5.646659,0.084705,5.405637,3840
live,1061,16184336808553,16184336966501,16184337058886,16184338399831,1.591278,0.092385,1.340945,3840
live,1062,16184346808553,16184346958211,16184347031044,16184348381589,1.573036,0.072833,1.350545,3840
live,1063,16184356808553,16184356952066,16184357024418,16184358350451,1.541898,0.072352,1.326033,3840
live,1064,16184366808553,16184366957984,16184367040577,16184368456851,1.648298,0.082593,1.416274,3840
live,1065,16184376808553,16184377005279,16184377089376,16184378418929,1.610376,0.084097,1.329553,3840
live,1066,16184386808553,16184386996094,16184387082911,16184388459792,1.651239,0.086817,1.376881,3840
live,1067,16184396808553,16184396971804,16184397060925,16184398384654,1.576101,0.089121,1.323729,3840
live,1068,16184406808553,16184406963738,16184407035131,16184408376396,1.567843,0.071393,1.341265,3840
live,1069,16184416808553,16184416975609,16184417058554,16184418441100,1.632547,0.082945,1.382546,3840
live,1070,16184426808553,16184426957527,16184427032728,16184428425994,1.617441,0.075201,1.393266,3840
live,1071,16184436808553,16184436964502,16184437053047,16184438400488,1.591935,0.088545,1.347441,3840
live,1072,16184446808553,16184446962453,16184447058870,16184448426023,1.61747,0.096417,1.367153,3840
live,1073,16184456808553,16184456971091,16184457055060,16184458488742,1.680189,0.083969,1.433682,3840
live,1074,16184466808553,16184466973618,16184467053747,16184468434724,1.626171,0.080129,1.380977,3840
live,1075,16184476808553,16184476962768,16184477031313,16184478338722,1.530169,0.068545,1.307409,3840
live,1076,16184486808553,16184486967791,16184487053488,16184488400609,1.592056,0.085697,1.347121,3840
live,1077,16184496808553,16184496958157,16184497037166,16184498352767,1.544214,0.079009,1.315601,3840
live,1078,16184506808553,16184506956652,16184507042157,16184508381278,1.572725,0.085505,1.339121,3840
live,1079,16184516808553,16184516968042,16184517065580,16184518433949,1.625396,0.097538,1.368369,3840
live,1080,16184526808553,16184526958569,16184527033002,16184532437358,5.628805,0.074433,5.404356,3840
live,1081,16184536808553,16184536964360,16184537057001,16184538388762,1.580209,0.092641,1.331761,3840
live,1082,16184546808553,16184546958150,16184547043431,16184548403832,1.595279,0.085281,1.360401,3840
live,1083,16184556808553,16184556957125,16184557058790,16184558368662,1.560109,0.101665,1.309872,3840
live,1084,16184566808553,16184566969667,16184567069220,16184568488726,1.680173,0.099553,1.419506,3840
live,1085,16184576808553,16184576960610,16184577033315,16184578355059,1.546506,0.072705,1.321744,3840
live,1086,16184586808553,16184586953792,16184587025569,16184588368466,1.559913,0.071777,1.342897,3840
live,1087,16184596808553,16184596954399,16184597046816,16184598383377,1.574824,0.092417,1.336561,3840
live,1088,16184606808553,16184606956061,16184607045886,16184608406032,1.597479,0.089825,1.360146,3840
live,1089,16184616808553,16184616960252,16184617054109,16184618436463,1.62791,0.093857,1.382354,3840
live,1090,16184626808553,16184626958970,16184627035675,16184628415949,1.607396,0.076705,1.380274,3840
live,1091,16184636808553,16184636956185,16184637039642,16184638344106,1.535553,0.083457,1.304464,3840
live,1092,16184646808553,16184646958711,16184647031320,16184648376457,1.567904,0.072609,1.345137,3840
live,1093,16184656808553,16184656955478,16184657045559,16184658382184,1.573631,0.090081,1.336625,3840
live,1094,16184666808553,16184667093654,16184667260312,16184668906733,2.09818,0.166658,1.646421,3840
live,1095,16184676808553,16184676968147,16184677067316,16184678451398,1.642845,0.099169,1.384082,3840
live,1096,16184686808553,16184686970802,16184687064947,16184688461381,1.652828,0.094145,1.396434,3840
live,1097,16184696808553,16184696959824,16184697031345,16184698350050,1.541497,0.071521,1.318705,3840
live,1098,16184706808553,16184706953839,16184707023632,16184708403041,1.594488,0.069793,1.379409,3840
live,1099,16184716808553,16184717654582,16184717827128,16184721221827,4.413274,0.172546,3.394699,3840
replay,1099,16184716808553,16184717717239,16184718143900,16184781449053,64.6405,0.426661,63.305153,292352
live,1100,16184726808553,16184727269776,16184727558611,16184734934225,8.125672,0.288835,7.375614,3840
live,1101,16184736808553,16184737074796,16184737204013,16184738716769,1.908216,0.129217,1.512756,3840
live,1102,16184746808553,16184746992809,16184747104971,16184748632350,1.823797,0.112162,1.527379,3840
live,1103,16184756808553,16184757021192,16184757173834,16184758985697,2.177144,0.152642,1.811863,3840
live,1104,16184766808553,16184767246922,16184767547373,16184771241948,4.433395,0.300451,3.694575,3840
live,1105,16184776808553,16184777180935,16184777677934,16184783075730,6.267177,0.496999,5.397796,3840
live,1106,16184786808553,16184787056580,16184787170662,16184789702790,2.894237,0.114082,2.532128,3840
live,1107,16184796808553,16184796972034,16184797061827,16184799642948,2.834395,0.089793,2.581121,3840
live,1108,16184806808553,16184806957728,16184807050369,16184809527681,2.719128,0.092641,2.477312,3840
live,1109,16184816808553,16184816965663,16184817067200,16184819623072,2.814519,0.101537,2.555872,3840
live,1110,16184826808553,16184827000382,16184827109983,16184829520862,2.712309,0.109601,2.410879,3840
live,1111,16184836808553,16184836976604,16184837078877,16184839345178,2.536625,0.102273,2.266301,3840
live,1112,16184846808553,16184846971483,16184847079868,16184849407545,2.598992,0.108385,2.327677,3840
live,1113,16184856808553,16184856962681,16184857057114,16184859311607,2.503054,0.094433,2.254493,3840
live,1114,16184866808553,16184866960472,16184867054041,16184869337462,2.528909,0.093569,2.283421,3840
live,1115,16184876808553,16184877048567,16184877187193,16184878713740,1.905187,0.138626,1.526547,3840
live,1116,16184886808553,16184887134775,16184887277017,16184888792364,1.983811,0.142242,1.515347,3840
live,1117,16184896808553,16184896990932,16184897086869,16184898491239,1.682686,0.095937,1.40437,3840
live,1118,16184906808553,16184906975474,16184907078547,16184908515397,1.706844,0.103073,1.43685,3840
live,1119,16184916808553,16184916970032,16184917063922,16184918447395,1.638842,0.09389,1.383473,3840
live,1120,16184926808553,16184927201106,16184927311891,16184933345600,6.537047,0.110785,6.033709,3840
live,1121,16184936808553,16184936990318,16184937092815,16184938449408,1.640855,0.102497,1.356593,3840
live,1122,16184946808553,16184946963756,16184947055053,16184948414494,1.605941,0.091297,1.359441,3840
live,1123,16184956808553,16184956962890,16184957053644,16184958383836,1.575283,0.090754,1.330192,3840
live,1124,16184966808553,16184966960073,16184967037834,16184968391675,1.583122,0.077761,1.353841,3840
live,1125,16184976808553,16184976967400,16184977049417,16184978360633,1.55208,0.082017,1.311216,3840
live,1126,16184986808553,16184986975398,16184987067783,16184988513754,1.705201,0.092385,1.445971,3840
live,1127,16184996808553,16184996973573,16184997053158,16184998392503,1.58395,0.079585,1.339345,3840
live,1128,16185006808553,16185006977091,16185007387305,16185009663685,2.855132,0.410214,2.27638,3840
live,1129,16185016808553,16185017009410,16185017436520,16185019804230,2.995677,0.42711,2.36771,3840
live,1130,16185026808553,16185026964288,16185027059137,16185029336798,2.528245,0.094849,2.277661,3840
live,1131,16185036808553,16185036968319,16185037076992,16185039398334,2.589781,0.108673,2.321342,3840
live,1132,16185046808553,16185046970333,16185047071231,16185049382300,2.573747,0.100898,2.311069,3840
live,1133,16185056808553,16185056961980,16185057057565,16185059315962,2.507409,0.095585,2.258397,3840
live,1134,16185066808553,16185066963610,16185067044155,16185069348377,2.539824,0.080545,2.304222,3840
live,1135,16185076808553,16185076956761,16185077047322,16185079294423,2.48587,0.090561,2.247101,3840
live,1136,16185086808553,16185086970648,16185087065721,16185089366262,2.557709,0.095073,2.300541,3840
live,1137,16185096808553,16185096965398,16185097055255,16185099316692,2.508139,0.089857,2.261437,3840
live,1138,16185106808553,16185106964821,16185107057654,16185109303570,2.495017,0.092833,2.245916,3840
live,1139,16185116808553,16185116969651,16185117070709,16185119335569,2.527016,0.101058,2.26486,3840
live,1140,16185126808553,16185126965586,16185127069075,16185133000190,6.191637,0.103489,5.931115,3840
live,1141,16185136808553,16185136985681,16185137088754,16185139432880,2.624327,0.103073,2.344126,3840
live,1142,16185146808553,16185147022096,16185147121745,16185149419150,2.610597,0.099649,2.297405,3840
live,1143,16185156808553,16185156986094,16185157084847,16185159333195,2.524642,0.098753,2.248348,3840
live,1144,16185166808553,16185166964780,16185167069453,16185169368330,2.559777,0.104673,2.298877,3840
live,1145,16185176808553,16185176960906,16185177039179,16185179309768,2.501215,0.078273,2.270589,3840
live,1146,16185186808553,16185186967497,16185187076842,16185189457033,2.64848,0.109345,2.380191,3840
live,1147,16185196808553,16185196965000,16185197055241,16185199296133,2.48758,0.090241,2.240892,3840
live,1148,16185206808553,16185206951238,16185207040551,16185209324356,2.515803,0.089313,2.283805,3840
live,1149,16185216808553,16185216960485,16185217050054,16185219325315,2.516762,0.089569,2.275261,3840
live,1150,16185226808553,16185226959619,16185227065188,16185229388002,2.579449,0.105569,2.322814,3840
live,1151,16185236808553,16185236965858,16185237081667,16185239395521,2.586968,0.115809,2.313854,3840
live,1152,16185246808553,16185246966752,16185247051393,16185249336382,2.527829,0.084641,2.284989,3840
live,1153,16185256808553,16185256957727,16185257064064,16185259328253,2.5197,0.106337,2.264189,3840
live,1154,16185266808553,16185266959261,16185267052222,16185269338619,2.530066,0.092961,2.286397,3840
live,1155,16185276808553,16185276958268,16185277046525,16185279268473,2.45992,0.088257,2.221948,3840
live,1156,16185286808553,16185286971995,16185287079772,16185289416153,2.6076,0.107777,2.336381,3840
live,1157,16185296808553,16185296963289,16185297053530,16185299308727,2.500174,0.090241,2.255197,3840
live,1158,16185306808553,16185306958647,16185307047865,16185309345494,2.536941,0.089218,2.297629,3840
live,1159,16185316808553,16185316956694,16185317035159,16185319278931,2.470378,0.078465,2.243772,3840
live,1160,16185326808553,16185326957685,16185327045078,16185333397542,6.588989,0.087393,6.352464,3840
live,1161,16185336808553,16185337054324,16185337273975,16185339806743,2.99819,0.219651,2.532768,3840
live,1162,16185346808553,16185346972306,16185347073427,16185349393328,2.584775,0.101121,2.319901,3840
live,1163,16185356808553,16185356967248,16185357068914,16185359326254,2.517701,0.101666,2.25734,3840
live,1164,16185366808553,16185366970031,16185367070512,16185369358797,2.550244,0.100481,2.288285,3840
live,1165,16185376808553,16185376965549,16185377057295,16185379295851,2.487298,0.091746,2.238556,3840
live,1166,16185386808553,16185386964140,16185387057549,16185390435160,3.626607,0.093409,3.377611,3840
live,1167,16185396808553,16185396969707,16185397066060,16185399376617,2.568064,0.096353,2.310557,3840
live,1168,16185406808553,16185406969737,16185407072458,16185409379656,2.571103,0.102721,2.307198,3840
live,1169,16185416808553,16185416963176,16185417053865,16185419288037,2.479484,0.090689,2.234172,3840
live,1170,16185426808553,16185426957926,16185427050119,16185429344580,2.536027,0.092193,2.294461,3840
live,1171,16185436808553,16185436964613,16185437052934,16185439316322,2.507769,0.088321,2.263388,3840
live,1172,16185446808553,16185446966979,16185447069989,16185449416642,2.608089,0.10301,2.346653,3840
live,1173,16185456808553,16185456962818,16185457055843,16185459317696,2.509143,0.093025,2.261853,3840
live,1174,16185466808553,16185466961120,16185467046593,16185469324830,2.516277,0.085473,2.278237,3840
live,1175,16185476808553,16185476955487,16185477050016,16185479309917,2.501364,0.094529,2.259901,3840
live,1176,16185486808553,16185486959613,16185487047806,16185489317755,2.509202,0.088193,2.269949,3840
live,1177,16185496808553,16185496970652,16185497074205,16185499364026,2.555473,0.103553,2.289821,3840
live,1178,16185506808553,16185506967739,16185507064124,16185509380889,2.572336,0.096385,2.316765,3840
live,1179,16185516808553,16185516961337,16185517055162,16185519306423,2.49787,0.093825,2.251261,3840
live,1180,16185526808553,16185526956311,16185527045849,16185533331304,6.522751,0.089538,6.285455,3840
live,1181,16185536808553,16185536959926,16185537045911,16185539336020,2.527467,0.085985,2.290109,3840
live,1182,16185546808553,16185546965941,16185547065206,16185549399603,2.59105,0.099265,2.334397,3840
live,1183,16185556808553,16185556960019,16185557047988,16185559309393,2.50084,0.087969,2.261405,3840
live,1184,16185566808553,16185566956914,16185567051731,16185569374832,2.566279,0.094817,2.323101,3840
live,1185,16185576808553,16185576960784,16185577067090,16185579352334,2.543781,0.106306,2.285244,3840
live,1186,16185586808553,16185586965935,16185587065008,16185589390318,2.581765,0.099073,2.32531,3840
live,1187,16185596808553,16185596962541,16185597050702,16185599308427,2.499874,0.088161,2.257725,3840
live,1188,16185606808553,16185606962540,16185607055053,16185609359978,2.551425,0.092513,2.304925,3840
live,1189,16185616808553,16185616954442,16185617042987,16185619290120,2.481567,0.088545,2.247133,3840
live,1190,16185626808553,16185626958345,16185627036874,16185629322023,2.51347,0.078529,2.285149,3840
live,1191,16185636808553,16185636951623,16185637049673,16185639311525,2.502972,0.09805,2.261852,3840
live,1192,16185646808553,16185646967430,16185647073351,16185649371365,2.562812,0.105921,2.298014,3840
live,1193,16185656808553,16185656962789,16185657052486,16185659315650,2.507097,0.089697,2.263164,3840
live,1194,16185666808553,16185666951875,16185667043300,16185669329121,2.520568,0.091425,2.285821,3840
live,1195,16185676808553,16185676955298,16185677043299,16185679281535,2.472982,0.088001,2.238236,3840
live,1196,16185686808553,16185686956864,16185687046401,16185689326366,2.517813,0.089537,2.279965,3840
live,1197,16185696808553,16185696961695,16185697062272,16185699387101,2.578548,0.100577,2.324829,3840
live,1198,16185706808553,16185706957117,16185707036926,16185709328283,2.51973,0.079809,2.291357,3840
live,1199,16185716808553,16185717560291,16185717769478,16185720771468,3.962915,0.209187,3.00199,3840
replay,1199,16185716808553,16185717638852,16185718162571,16185779442355,62.633802,0.523719,61.279784,292352
live,1200,16185726808553,16185727298527,16185727577794,16185735646024,8.837471,0.279267,8.06823,3840
live,1201,16185736808553,16185737083195,16185737221436,16185739613595,2.805042,0.138241,2.392159,3840
live,1202,16185746808553,16185747276412,16185747419485,16185750084831,3.276278,0.143073,2.665346,3840
live,1203,16185756808553,16185757019511,16185757137400,16185759559543,2.75099,0.117889,2.422143,3840
live,1204,16185766808553,16185767306553,16185768178052,16185771215562,4.407009,0.871499,3.03751,3840
live,1205,16185776808553,16185777292823,16185777527770,16185779907224,3.098671,0.234947,2.379454,3840
live,1206,16185786808553,16185787025395,16185787147572,16185788730152,1.921599,0.122177,1.58258,3840
live,1207,16185796808553,16185796970288,16185797045489,16185798272961,1.464408,0.075201,1.227472,3840
live,1208,16185806808553,16185806986863,16185807077904,16185808368385,1.559832,0.091041,1.290481,3840
live,1209,16185816808553,16185816961165,16185817043214,16185818355327,1.546774,0.082049,1.312113,3840
live,1210,16185826808553,16185827000172,16185827122830,16185828875300,2.066747,0.122658,1.75247,3840
live,1211,16185836808553,16185837017387,16185837133709,16185838836290,2.027737,0.116322,1.702581,3840
live,1212,16185846808553,16185847032234,16185847145771,16185848904770,2.096217,0.113537,1.758999,3840
live,1213,16185856808553,16185856987336,16185857100713,16185858817215,2.008662,0.113377,1.716502,3840
live,1214,16185866808553,16185866975110,16185867072487,16185868792445,1.983892,0.097377,1.719958,3840
live,1215,16185876808553,16185876969637,16185877065542,16185878728443,1.91989,0.095905,1.662901,3840
live,1216,16185886808553,16185887017764,16185887445193,16185889324001,2.515448,0.427429,1.878808,3840
live,1217,16185896808553,16185897022658,16185897459048,16185899345696,2.537143,0.43639,1.886648,3840
live,1218,16185906808553,16185907065282,16185907186083,16185908954073,2.14552,0.120801,1.76799,3840
live,1219,16185916808553,16185916996831,16185917098401,16185918803670,1.995117,0.10157,1.705269,3840
live,1220,16185926808553,16185926961373,16185927050078,16185933265741,6.457188,0.088705,6.215663,3840
live,1221,16185936808553,16185936965692,16185937063133,16185938417678,1.609125,0.097441,1.354545,3840
live,1222,16185946808553,16185946957274,16185947030011,16185948405261,1.596708,0.072737,1.37525,3840
live,1223,16185956808553,16185956963673,16185957063482,16185958821072,2.012519,0.099809,1.75759,3840
live,1224,16185966808553,16185966959991,16185967039704,16185968777998,1.969445,0.079713,1.738294,3840
live,1225,16185976808553,16185976956822,16185977034071,16185978718348,1.909795,0.077249,1.684277,3840
live,1226,16185986808553,16185987002069,16185987415962,16185990020475,3.211922,0.413893,2.604513,3840
live,1227,16185996808553,16185996954451,16185997047924,16185998776554,1.968001,0.093473,1.72863,3840
live,1228,16186006808553,16186006967698,16186007073619,16186008881930,2.073377,0.105921,1.808311,3840
live,1229,16186016808553,16186016965104,16186017056305,16186018736615,1.928062,0.091201,1.68031,3840
live,1230,16186026808553,16186026960143,16186027041744,16186028717765,1.909212,0.081601,1.676021,3840
live,1231,16186036808553,16186036955373,16186037038926,16186038689187,1.880634,0.083553,1.650261,3840
live,1232,16186046808553,16186047005708,16186047410002,16186048963525,2.154972,0.404294,1.553523,3840
live,1233,16186056808553,16186056989963,16186057119468,16186059408585,2.600032,0.129505,2.289117,3840
live,1234,16186066808553,16186067003497,16186067174828,16186069516617,2.708064,0.171331,2.341789,3840
live,1235,16186076808553,16186076990888,16186077099017,16186079355398,2.546845,0.108129,2.256381,3840
live,1236,16186086808553,16186086962086,16186087062887,16186089349380,2.540827,0.100801,2.286493,3840
live,1237,16186096808553,16186096960229,16186097064102,16186099322082,2.513529,0.103873,2.25798,3840
live,1238,16186106808553,16186107092933,16186107215014,16186109774471,2.965918,0.122081,2.559457,3840
live,1239,16186116808553,16186116972034,16186117076291,16186119632387,2.823834,0.104257,2.556096,3840
live,1240,16186126808553,16186126968000,16186127078498,16186133527891,6.719338,0.110498,6.449393,3840
live,1241,16186136808553,16186136970399,16186137080736,16186139375453,2.5669,0.110337,2.294717,3840
live,1242,16186146808553,16186146963517,16186147046238,16186149308987,2.500434,0.082721,2.262749,3840
live,1243,16186156808553,16186156961852,16186157055229,16186160170820,3.362267,0.093377,3.115591,3840
live,1244,16186166808553,16186166974267,16186167076316,16186169400313,2.59176,0.102049,2.323997,3840
live,1245,16186176808553,16186176960953,16186177057082,16186179600794,2.792241,0.096129,2.543712,3840
live,1246,16186186808553,16186186958263,16186187048345,16186189325621,2.517068,0.090082,2.277276,3840
live,1247,16186196808553,16186196964054,16186197071159,16186199316436,2.507883,0.107105,2.245277,3840
live,1248,16186206808553,16186206959253,16186207042006,16186209350611,2.542058,0.082753,2.308605,3840
live,1249,16186216808553,16186216964051,16186217062196,16186219366866,2.558313,0.098145,2.30467,3840
live,1250,16186226808553,16186226961138,16186227040531,16186229351312,2.542759,0.079393,2.310781,3840
live,1251,16186236808553,16186236957264,16186237034417,16186239296494,2.487941,0.077153,2.262077,3840
live,1252,16186246808553,16186246957327,16186247034448,16186249321357,2.512804,0.077121,2.286909,3840
live,1253,16186256808553,16186256952781,16186257042030,16186259285931,2.477378,0.089249,2.243901,3840
live,1254,16186266808553,16186266970252,16186267078125,16186269425003,2.61645,0.107873,2.346878,3840
live,1255,16186276808553,16186276973163,16186277073100,16186279443818,2.635265,0.099937,2.370718,3840
live,1256,16186286808553,16186286958601,16186287036394,16186289334887,2.526334,0.077793,2.298493,3840
live,1257,16186296808553,16186296979144,16186297082665,16186299367366,2.558813,0.103521,2.284701,3840
live,1258,16186306808553,16186306968454,16186307059559,16186308517434,1.708881,0.091105,1.457875,3840
live,1259,16186316808553,16186316963397,16186317060518,16186318480888,1.672335,0.097121,1.42037,3840
live,1260,16186326808553,16186326969731,16186327060964,16186332516777,5.708224,0.091233,5.455813,3840
live,1261,16186336808553,16186336968610,16186337060483,16186338408724,1.600171,0.091873,1.348241,3840
live,1262,16186346808553,16186346959072,16186347030337,16186348371154,1.562601,0.071265,1.340817,3840
live,1263,16186356808553,16186356956287,16186357043488,16186358366352,1.557799,0.087201,1.322864,3840
live,1264,16186366808553,16186366974045,16186367073119,16186368485297,1.676744,0.099074,1.412178,3840
live,1265,16186376808553,16186376964732,16186377054045,16186378384526,1.575973,0.089313,1.330481,3840
live,1266,16186386808553,16186386957978,16186387038587,16186388388044,1.579491,0.080609,1.349457,3840
live,1267,16186396808553,16186396960185,16186397052762,16186398362731,1.554178,0.092577,1.309969,3840
live,1268,16186406808553,16186406956919,16186407030552,16186408370665,1.562112,0.073633,1.340113,3840
live,1269,16186416808553,16186416960726,16186417049303,16186418451369,1.642816,0.088577,1.402066,3840
live,1270,16186426808553,16186426960885,16186427031637,16186428471560,1.663007,0.070752,1.439923,3840
live,1271,16186436808553,16186436954227,16186437039412,16186439249072,2.440519,0.085185,2.20966,3840
live,1272,16186446808553,16186446954258,16186447047251,16186449336336,2.527783,0.092993,2.289085,3840
live,1273,16186456808553,16186456959344,16186457049137,16186459338446,2.529893,0.089793,2.289309,3840
live,1274,16186466808553,16186466964783,16186467067568,16186469382285,2.573732,0.102785,2.314717,3840
live,1275,16186476808553,16186476967053,16186477058446,16186479314635,2.506082,0.091393,2.256189,3840
live,1276,16186486808553,16186486963148,16186487043469,16186489340746,2.532193,0.080321,2.297277,3840
live,1277,16186496808553,16186496957578,16186497048331,16186499315592,2.507039,0.090753,2.267261,3840
live,1278,16186506808553,16186507002185,16186507130795,16186509452968,2.644415,0.12861,2.322173,3840
live,1279,16186516808553,16186516999592,16186517108073,16186519467079,2.658526,0.108481,2.359006,3840
live,1280,16186526808553,16186526970854,16186527078119,16186533435032,6.626479,0.107265,6.356913,3840
live,1281,16186536808553,16186536966981,16186537069894,16186539334147,2.525594,0.102913,2.264253,3840
live,1282,16186546808553,16186546961827,16186547057924,16186549368642,2.560089,0.096097,2.310718,3840
live,1283,16186556808553,16186556957858,16186557061219,16186559306079,2.497526,0.103361,2.24486,3840
live,1284,16186566808553,16186567262948,16186567389158,16186569724035,2.915482,0.12621,2.334877,3840
live,1285,16186576808553,16186576966463,16186577068032,16186579345661,2.537108,0.101569,2.277629,3840
live,1286,16186586808553,16186586956573,16186587063359,16186589312059,2.503506,0.106786,2.2487,3840
live,1287,16186596808553,16186596959676,16186597051581,16186599324666,2.516113,0.091905,2.273085,3840
live,1288,16186606808553,16186606961850,16186607051611,16186609336024,2.527471,0.089761,2.284413,3840
live,1289,16186616808553,16186616953945,16186617049850,16186620226114,3.417561,0.095905,3.176264,3840
live,1290,16186626808553,16186626954903,16186627054265,16186629355830,2.547277,0.099362,2.301565,3840
live,1291,16186636808553,16186636963030,16186637051607,16186639316212,2.507659,0.088577,2.264605,3840
live,1292,16186646808553,16186646957428,16186647049878,16186649330354,2.521801,0.09245,2.280476,3840
live,1293,16186656808553,16186656957395,16186657047316,16186659302097,2.493544,0.089921,2.254781,3840
live,1294,16186666808553,16186667002290,16186667110707,16186669438897,2.630344,0.108417,2.32819,3840
live,1295,16186676808553,16186676990320,16186677085266,16186679392655,2.584102,0.094946,2.307389,3840
live,1296,16186686808553,16186686969743,16186687066704,16186689377965,2.569412,0.096961,2.311261,3840
live,1297,16186696808553,16186696957293,16186697036078,16186699308875,2.500322,0.078785,2.272797,3840
live,1298,16186706808553,16186706956332,16186707046157,16186709342954,2.534401,0.089825,2.296797,3840
live,1299,16186716808553,16186717508657,16186717696340,16186722693491,5.884938,0.187683,4.997151,3840
replay,1299,16186716808553,16186717575026,16186717841077,16186783485588,66.677035,0.266051,65.644511,292352
live,1300,16186726808553,16186727344686,16186727880436,16186735233234,8.424681,0.53575,7.352798,3840
live,1301,16186736808553,16186737172682,16186737360588,16186739082370,2.273817,0.187906,1.721782,3840
live,1302,16186746808553,16186747058823,16186747204137,16186748894782,2.086229,0.145314,1.690645,3840
live,1303,16186756808553,16186757010629,16186757111110,16186758492120,1.683567,0.100481,1.38101,3840
live,1304,16186766808553,16186767324648,16186767680076,16186770779539,3.970986,0.355428,3.099463,3840
live,1305,16186776808553,16186777216229,16186777414311,16186779739013,2.93046,0.198082,2.324702,3840
live,1306,16186786808553,16186787032833,16186787139682,16186788483955,1.675402,0.106849,1.344273,3840
live,1307,16186796808553,16186796975455,16186797056224,16186798327696,1.519143,0.080769,1.271472,3840
live,1308,16186806808553,16186806970909,16186807051390,16186808477552,1.668999,0.080481,1.426162,3840
live,1309,16186816808553,16186816967100,16186817048509,16186818384974,1.576421,0.081409,1.336465,3840
live,1310,16186826808553,16186827102620,16186827351263,16186829392729,2.584176,0.248643,2.041466,3840
live,1311,16186836808553,16186837033114,16186837448927,16186839807325,2.998772,0.415813,2.358398,3840
live,1312,16186846808553,16186847014840,16186847142394,16186848729134,1.920581,0.127554,1.58674,3840
live,1313,16186856808553,16186856978870,16186857070775,16186858478505,1.669952,0.091905,1.40773,3840
live,1314,16186866808553,16186866967541,16186867060982,16186868464039,1.655486,0.093441,1.403057,3840
live,1315,16186876808553,16186876963347,16186877044276,16186878408837,1.600284,0.080929,1.364561,3840
live,1316,16186886808553,16186886969970,16186887058579,16186888554758,1.746205,0.088609,1.496179,3840
live,1317,16186896808553,16186896965680,16186897037489,16186898409090,1.600537,0.071809,1.371601,3840
live,1318,16186906808553,16186906957071,16186907041328,16186908442593,1.63404,0.084257,1.401265,3840
live,1319,16186916808553,16186916956077,16186917049454,16186918392127,1.583574,0.093377,1.342673,3840
live,1320,16186926808553,16186926959116,16186927039309,16186933126490,6.317937,0.080193,6.087181,3840
live,1321,16186936808553,16186936973802,16186937078988,16186938468893,1.66034,0.105186,1.389905,3840
live,1322,16186946808553,16186947006825,16186947116587,16186948569341,1.760788,0.109762,1.452754,3840
live,1323,16186956808553,16186957009192,16186957122857,16186958548667,1.740114,0.113665,1.42581,3840
live,1324,16186966808553,16186967036487,16186967164680,16186968585914,1.777361,0.128193,1.421234,3840
live,1325,16186976808553,16186977010661,16186977111206,16186978503768,1.695215,0.100545,1.392562,3840
live,1326,16186986808553,16186986995171,16186987084389,16186988521175,1.712622,0.089218,1.436786,3840
live,1327,16186996808553,16186996976674,16186997065283,16186998433396,1.624843,0.088609,1.368113,3840
live,1328,16187006808553,16187006962720,16187007033377,16187008437235,1.628682,0.070657,1.403858,3840
live,1329,16187016808553,16187016955743,16187017041248,16187018370800,1.562247,0.085505,1.329552,3840
live,1330,16187026808553,16187026957053,16187027059550,16187028427824,1.619271,0.102497,1.368274,3840
live,1331,16187036808553,16187036970620,16187037067933,16187038447151,1.638598,0.097313,1.379218,3840
live,1332,16187046808553,16187046965146,16187047038395,16187048402220,1.593667,0.073249,1.363825,3840
live,1333,16187056808553,16187056964889,16187057033530,16187058348490,1.539937,0.068641,1.31496,3840
live,1334,16187066808553,16187066957143,16187067025176,16187068400586,1.592033,0.068033,1.37541,3840
live,1335,16187076808553,16187076962614,16187077050711,16187078370824,1.562271,0.088097,1.320113,3840
live,1336,16187086808553,16187086970517,16187087060406,16187088481864,1.673311,0.089889,1.421458,3840
live,1337,16187096808553,16187096964947,16187097046932,16187098375589,1.567036,0.081985,1.328657,3840
live,1338,16187106808553,16187106966386,16187107038450,16187108388132,1.579579,0.072064,1.349682,3840
live,1339,16187116808553,16187116961648,16187117031473,16187118351746,1.543193,0.069825,1.320273,3840
live,1340,16187126808553,16187126957999,16187127044112,16187132593014,5.784461,0.086113,5.548902,3840
live,1341,16187136808553,16187136970445,16187137074511,16187138494561,1.686008,0.104066,1.42005,3840
live,1342,16187146808553,16187146966892,16187147037229,16187148399998,1.591445,0.070337,1.362769,3840
live,1343,16187156808553,16187156955434,16187157030923,16187158350780,1.542227,0.075489,1.319857,3840
live,1344,16187166808553,16187166958537,16187167034218,16187168382331,1.573778,0.075681,1.348113,3840
live,1345,16187176808553,16187176967463,16187177053576,16187178383961,1.575408,0.086113,1.330385,3840
live,1346,16187186808553,16187186975430,16187187064903,16187188484537,1.675984,0.089473,1.419634,3840
live,1347,16187196808553,16187196970597,16187197071206,16187198416567,1.608014,0.100609,1.345361,3840
live,1348,16187206808553,16187206966307,16187207056964,16187208431702,1.623149,0.090657,1.374738,3840
live,1349,16187216808553,16187216965570,16187217037378,16187218367059,1.558506,0.071808,1.329681,3840
live,1350,16187226808553,16187226960416,16187227040321,16187228389522,1.580969,0.079905,1.349201,3840
live,1351,16187236808553,16187236998143,16187237084192,16187238477010,1.668457,0.086049,1.392818,3840
live,1352,16187246808553,16187246965821,16187247041086,16187248404015,1.595462,0.075265,1.362929,3840
live,1353,16187256808553,16187256960252,16187257048029,16187258355661,1.547108,0.087777,1.307632,3840
live,1354,16187266808553,16187266960090,16187267038011,16187268383788,1.575235,0.077921,1.345777,3840
live,1355,16187276808553,16187276972441,16187277059226,16187278367243,1.55869,0.086785,1.308017,3840
live,1356,16187286808553,16187286961783,16187287155002,16187288981521,2.172968,0.193219,1.826519,3840
live,1357,16187296808553,16187296976502,16187297070199,16187298741388,1.932835,0.093697,1.671189,3840
live,1358,16187306808553,16187306961844,16187307045237,16187308736171,1.927618,0.083393,1.690934,3840
live,1359,16187316808553,16187316960435,16187317035220,16187318710441,1.901888,0.074785,1.675221,3840
live,1360,16187326808553,16187326957777,16187327030226,16187332387478,5.578925,0.072449,5.357252,3840
live,1361,16187336808553,16187336958160,16187337055345,16187338649029,1.840476,0.097185,1.593684,3840
live,1362,16187346808553,16187346966575,16187347049168,16187348482242,1.673689,0.082593,1.433074,3840
live,1363,16187356808553,16187356960429,16187357047438,16187358377023,1.56847,0.087009,1.329585,3840
live,1364,16187366808553,16187366958348,16187367029932,16187368378302,1.569749,0.071584,1.34837,3840
live,1365,16187376808553,16187376957130,16187377030347,16187378340828,1.532275,0.073217,1.310481,3840
live,1366,16187386808553,16187386954089,16187387022857,16187388376859,1.568306,0.068768,1.354002,3840
live,1367,16187396808553,16187396963143,16187397063273,16187398426938,1.618385,0.10013,1.363665,3840
live,1368,16187406808553,16187408579610,16187409193794,16187410579092,3.770539,0.614184,1.385298,3840
live,1369,16187416808553,16187416984485,16187417093734,16187418467095,1.658542,0.109249,1.373361,3840
live,1370,16187426808553,16187427051268,16187427143781,16187428562871,1.754318,0.092513,1.41909,3840
live,1371,16187436808553,16187436998850,16187437087683,16187438414708,1.606155,0.088833,1.327025,3840
live,1372,16187446808553,16187446970752,16187447052065,16187448478355,1.669802,0.081313,1.42629,3840
live,1373,16187456808553,16187456965279,16187457053568,16187458714805,1.906252,0.088289,1.661237,3840
live,1374,16187466808553,16187466962845,16187467037118,16187468740532,1.931979,0.074273,1.703414,3840
live,1375,16187476808553,16187476958716,16187477031708,16187478665809,1.857256,0.072992,1.634101,3840
live,1376,16187486808553,16187486970970,16187487053243,16187488705264,1.896711,0.082273,1.652021,3840
live,1377,16187496808553,16187496970585,16187497058394,16187498727823,1.91927,0.087809,1.669429,3840
live,1378,16187506808553,16187506961623,16187507035224,16187508407786,1.599233,0.073601,1.372562,3840
live,1379,16187516808553,16187516969846,16187517043447,16187518368552,1.559999,0.073601,1.325105,3840
live,1380,16187526808553,16187526959412,16187527038869,16187532706749,5.898196,0.079457,5.66788,3840
live,1381,16187536808553,16187536959923,16187537051348,16187538725897,1.917344,0.091425,1.674549,3840
live,1382,16187546808553,16187546965873,16187547048146,16187548462372,1.653819,0.082273,1.414226,3840
live,1383,16187556808553,16187556960272,16187557028785,16187558355522,1.546969,0.068513,1.326737,3840
live,1384,16187566808553,16187566953390,16187567020623,16187568395841,1.587288,0.067233,1.375218,3840
live,1385,16187576808553,16187576947085,16187577016686,16187578337630,1.529077,0.069601,1.320944,3840
live,1386,16187586808553,16187586954347,16187587030220,16187588391678,1.583125,0.075873,1.361458,3840
live,1387,16187596808553,16187596962474,16187597060011,16187598439261,1.630708,0.097537,1.37925,3840
live,1388,16187606808553,16187606971017,16187607040842,16187608404539,1.595986,0.069825,1.363697,3840
live,1389,16187616808553,16187616960583,16187617041352,16187618373593,1.56504,0.080769,1.332241,3840
live,1390,16187626808553,16187626964742,16187627049703,16187628766397,1.957844,0.084961,1.716694,3840
live,1391,16187636808553,16187636968644,16187637061446,16187638429399,1.620846,0.092802,1.367953,3840
live,1392,16187646808553,16187646977635,16187647089924,16187648510998,1.702445,0.112289,1.421074,3840
live,1393,16187656808553,16187656989474,16187657079843,16187658451476,1.642923,0.090369,1.371633,3840
live,1394,16187666808553,16187666967680,16187667043649,16187668411954,1.603401,0.075969,1.368305,3840
live,1395,16187676808553,16187676966623,16187677051552,16187678395441,1.586888,0.084929,1.343889,3840
live,1396,16187686808553,16187686959005,16187687042718,16187688382351,1.573798,0.083713,1.339633,3840
live,1397,16187696808553,16187696964188,16187697057373,16187698439310,1.630757,0.093185,1.381937,3840
live,1398,16187706808553,16187706959514,16187707047067,16187708409452,1.600899,0.087553,1.362385,3840
live,1399,16187716808553,16187717635457,16187717790115,16187720665607,3.857054,0.154658,2.875492,3840
replay,1399,16187716808553,16187717690306,16187717909189,16187774425040,57.616487,0.218883,56.515851,292352
live,1400,16187726808553,16187727283163,16187727672064,16187734485174,7.676621,0.388901,6.81311,3840
live,1401,16187736808553,16187737067607,16187737205209,16187738715948,1.907395,0.137602,1.510739,3840
live,1402,16187746808553,16187747490491,16187747618173,16187750271006,3.462453,0.127682,2.652833,3840
live,1403,16187756808553,16187757097205,16187757260535,16187759239152,2.430599,0.16333,1.978617,3840
live,1404,16187766808553,16187767323478,16187767603001,16187770300668,3.492115,0.279523,2.697667,3840
live,1405,16187776808553,16187777054257,16187777145266,16187778339489,1.530936,0.091009,1.194223,3840
live,1406,16187786808553,16187786972207,16187787031023,16187788064188,1.255635,0.058816,1.033165,3840
live,1407,16187796808553,16187796967661,16187797051694,16187798349215,1.540662,0.084033,1.297521,3840
live,1408,16187806808553,16187806970604,16187807062605,16187808529823,1.72127,0.092001,1.467218,3840
live,1409,16187816808553,16187816975338,16187817064107,16187818420637,1.612084,0.088769,1.35653,3840
live,1410,16187826808553,16187826968297,16187827053450,16187828446267,1.637714,0.085153,1.392817,3840
live,1411,16187836808553,16187836969095,16187837040680,16187838365017,1.556464,0.071585,1.324337,3840
live,1412,16187846808553,16187846965766,16187847037191,16187848371896,1.563343,0.071425,1.334705,3840
live,1413,16187856808553,16187856978916,16187857085286,16187858574425,1.765872,0.10637,1.489139,3840
live,1414,16187866808553,16187866966915,16187867058020,16187868459894,1.651341,0.091105,1.401874,3840
live,1415,16187876808553,16187876962209,16187877031010,16187878489813,1.68126,0.068801,1.458803,3840
live,1416,16187886808553,16187886967136,16187887055809,16187888433554,1.625001,0.088673,1.377745,3840
live,1417,16187896808553,16187896969246,16187897041919,16187898367088,1.558535,0.072673,1.325169,3840
live,1418,16187906808553,16187906970973,16187907063134,16187908535569,1.727016,0.092161,1.472435,3840
live,1419,16187916808553,16187916963963,16187917052349,16187918371117,1.562564,0.088386,1.318768,3840
live,1420,16187926808553,16187926967834,16187927052091,16187932976198,6.167645,0.084257,5.924107,3840
live,1421,16187936808553,16187936967609,16187937067130,16187938405707,1.597154,0.099521,1.338577,3840
live,1422,16187946808553,16187946968823,16187947040728,16187948396169,1.587616,0.071905,1.355441,3840
live,1423,16187956808553,16187956960854,16187957053399,16187958484905,1.676352,0.092545,1.431506,3840
live,1424,16187966808553,16187966963636,16187967047797,16187968427239,1.618686,0.084161,1.379442,3840
live,1425,16187976808553,16187976946387,16187977011443,16187978001920,1.193367,0.065056,0.990477,3840
live,1426,16187986808553,16187986962353,16187987045298,16187988388419,1.579866,0.082945,1.343121,3840
live,1427,16187996808553,16187996967856,16187997041169,16187998363618,1.555065,0.073313,1.322449,3840
live,1428,16188006808553,16188006969358,16188007048911,16188008473729,1.665176,0.079553,1.424818,3840
live,1429,16188016808553,16188016969741,16188017042926,16188018358783,1.55023,0.073185,1.315857,3840
live,1430,16188026808553,16188026956075,16188027039724,16188028382013,1.57346,0.083649,1.342289,3840
live,1431,16188036808553,16188036964362,16188037046667,16188038351164,1.542611,0.082305,1.304497,3840
live,1432,16188046808553,16188046955816,16188047037161,16188048379482,1.570929,0.081345,1.342321,3840
live,1433,16188056808553,16188057220810,16188057330860,16188059036737,2.228184,0.11005,1.705877,3840
live,1434,16188066808553,16188066962790,16188067036039,16188068396376,1.587823,0.073249,1.360337,3840
live,1435,16188076808553,16188076961956,16188077037733,16188078248820,1.440267,0.075777,1.211087,3840
live,1436,16188086808553,16188087002659,16188087120229,16188088731801,1.923248,0.11757,1.611572,3840
live,1437,16188096808553,16188096992514,16188097105539,16188098520661,1.712108,0.113025,1.415122,3840
live,1438,16188106808553,16188106984896,16188107087137,16188109495584,2.687031,0.102241,2.408447,3840
live,1439,16188116808553,16188117008575,16188117435588,16188119778658,2.970105,0.427013,2.34307,3840
live,1440,16188126808553,16188127011581,16188127431587,16188134099063,7.29051,0.420006,6.667476,3840
live,1441,16188136808553,16188136969595,16188137080413,16188139354426,2.545873,0.110818,2.274013,3840
live,1442,16188146808553,16188146968954,16188147064219,16188149390489,2.581936,0.095265,2.32627,3840
live,1443,16188156808553,16188156963096,16188157055130,16188159325622,2.517069,0.092034,2.270492,3840
live,1444,16188166808553,16188166974263,16188167081241,16188169483127,2.674574,0.106978,2.401886,3840
live,1445,16188176808553,16188177038231,16188177169208,16188179523670,2.715117,0.130977,2.354462,3840
live,1446,16188186808553,16188187028149,16188187127382,16188189427059,2.618506,0.099233,2.299677,3840
live,1447,16188196808553,16188196990259,16188197082228,16188199342673,2.53412,0.091969,2.260445,3840
live,1448,16188206808553,16188206965137,16188207068211,16188209377072,2.568519,0.103074,2.308861,3840
live,1449,16188216808553,16188216972048,16188217073873,16188219376910,2.568357,0.101825,2.303037,3840
live,1450,16188226808553,16188226969582,16188227062736,16188229355437,2.546884,0.093154,2.292701,3840
live,1451,16188236808553,16188236957677,16188237033582,16188239294730,2.486177,0.075905,2.261148,3840
live,1452,16188246808553,16188246964747,16188247044652,16188249348170,2.539617,0.079905,2.303518,3840
live,1453,16188256808553,16188256960778,16188257051915,16188259309032,2.500479,0.091137,2.257117,3840
live,1454,16188266808553,16188266967817,16188267072682,16188269438216,2.629663,0.104865,2.365534,3840
live,1455,16188276808553,16188276968327,16188277062792,16188279317253,2.5087,0.094465,2.254461,3840
live,1456,16188286808553,16188286964422,16188287052071,16188289371268,2.562715,0.087649,2.319197,3840
live,1457,16188296808553,16188296961764,16188297040677,16188299263745,2.455192,0.078913,2.223068,3840
live,1458,16188306808553,16188306969891,16188307053668,16188309390977,2.582424,0.083777,2.337309,3840
live,1459,16188316808553,16188316975041,16188317093987,16188319492609,2.684056,0.118946,2.398622,3840
live,1460,16188326808553,16188326978944,16188327089697,16188333697109,6.888556,0.110753,6.607412,3840
live,1461,16188336808553,16188336997791,16188337110144,16188339401757,2.593204,0.112353,2.291613,3840
live,1462,16188346808553,16188346971933,16188347072062,16188349360539,2.551986,0.100129,2.288477,3840
live,1463,16188356808553,16188356963835,16188357061949,16188359353850,2.545297,0.098114,2.291901,3840
live,1464,16188366808553,16188366970074,16188367070971,16188369412057,2.603504,0.100897,2.341086,3840
live,1465,16188376808553,16188376969016,16188377075930,16188379348407,2.539854,0.106914,2.272477,3840
live,1466,16188386808553,16188386958583,16188387064792,16188389372021,2.563468,0.106209,2.307229,3840
live,1467,16188396808553,16188396958869,16188397048151,16188399304243,2.49569,0.089282,2.256092,3840
live,1468,16188406808553,16188406960788,16188407041461,16188409328434,2.519881,0.080673,2.286973,3840
live,1469,16188416808553,16188416967155,16188417066356,16188419360753,2.5522,0.099201,2.294397,3840
live,1470,16188426808553,16188426966833,16188427049042,16188429327439,2.518886,0.082209,2.278397,3840
live,1471,16188436808553,16188436960528,16188437039921,16188439299085,2.490532,0.079393,2.259164,3840
live,1472,16188446808553,16188446957806,16188447044815,16188449332972,2.524419,0.087009,2.288157,3840
live,1473,16188456808553,16188456959693,16188457039854,16188459269002,2.460449,0.080161,2.229148,3840
live,1474,16188466808553,16188467030828,16188467171342,16188469701454,2.892901,0.140514,2.530112,3840
live,1475,16188476808553,16188477059499,16188477193997,16188479493258,2.684705,0.134498,2.299261,3840
live,1476,16188486808553,16188486972200,16188487061546,16188489354663,2.54611,0.089346,2.293117,3840
live,1477,16188496808553,16188496961543,16188497068648,16188499326821,2.518268,0.107105,2.258173,3840
live,1478,16188506808553,16188506962277,16188507055719,16188509369092,2.560539,0.093442,2.313373,3840
live,1479,16188516808553,16188516957828,16188517043141,16188519644614,2.836061,0.085313,2.601473,3840
live,1480,16188526808553,16188526967619,16188527068484,16188533445717,6.637164,0.100865,6.377233,3840
live,1481,16188536808553,16188536975265,16188537087363,16188539354655,2.546102,0.112098,2.267292,3840
live,1482,16188546808553,16188546972672,16188547077601,16188549385310,2.576757,0.104929,2.307709,3840
live,1483,16188556808553,16188556978142,16188557081568,16188559386493,2.57794,0.103426,2.304925,3840
live,1484,16188566808553,16188566970877,16188567073854,16188569847457,3.038904,0.102977,2.773603,3840
live,1485,16188576808553,16188576967995,16188577060668,16188579369114,2.560561,0.092673,2.308446,3840
live,1486,16188586808553,16188586974266,16188587065243,16188589344280,2.535727,0.090977,2.279037,3840
live,1487,16188596808553,16188596964600,16188597059642,16188599327030,2.518477,0.095042,2.267388,3840
live,1488,16188606808553,16188606960663,16188607047416,16188609368725,2.560172,0.086753,2.321309,3840
live,1489,16188616808553,16188616959541,16188617050327,16188619338547,2.529994,0.090786,2.28822,3840
live,1490,16188626808553,16188626967636,16188627074005,16188629409523,2.60097,0.106369,2.335518,3840
live,1491,16188636808553,16188636962546,16188637065396,16188639324304,2.515751,0.10285,2.258908,3840
live,1492,16188646808553,16188646963889,16188647068306,16188649380464,2.571911,0.104417,2.312158,3840
live,1493,16188656808553,16188656959216,16188657055729,16188659335758,2.527205,0.096513,2.280029,3840
live,1494,16188666808553,16188666962414,16188667052623,16188669351436,2.542883,0.090209,2.298813,3840
live,1495,16188676808553,16188677069678,16188677190608,16188679584942,2.776389,0.12093,2.394334,3840
live,1496,16188686808553,16188686964747,16188687058220,16188689403146,2.594593,0.093473,2.344926,3840
live,1497,16188696808553,16188696960778,16188697051723,16188699323944,2.515391,0.090945,2.272221,3840
live,1498,16188706808553,16188706958152,16188707037993,16188709349510,2.540957,0.079841,2.311517,3840
live,1499,16188716808553,16188717582351,16188717795953,16188720836632,4.028079,0.213602,3.040679,3840
replay,1499,16188716808553,16188717658256,16188718200086,16188782070367,65.261814,0.54183,63.870281,292352
