stage,sequence,release_ns,queued_ns,start_ns,end_ns,age_ms,queue_ms,service_ms,output_samples
live,0,16711997686751,16711997956053,16711998086326,16712000246672,2.559921,0.130273,2.160346,960
live,1,16712007686751,16712007915115,16712007996844,16712008811862,1.125111,0.081729,0.815018,960
live,2,16712017686751,16712017830113,16712017905186,16712019592438,1.905687,0.075073,1.687252,960
live,3,16712027686751,16712027828473,16712027907737,16712029683535,1.996784,0.079264,1.775798,960
live,4,16712037686751,16712037840816,16712037937073,16712039720710,2.033959,0.096257,1.783637,960
live,5,16712047686751,16712047849479,16712047923848,16712049549083,1.862332,0.074369,1.625235,960
live,6,16712057686751,16712057801885,16712057840318,16712059009644,1.322893,0.038433,1.169326,960
live,7,16712067686751,16712067803156,16712067884149,16712069444360,1.757609,0.080993,1.560211,960
live,8,16712077686751,16712077826764,16712077919693,16712079023770,1.337019,0.092929,1.104077,960
live,9,16712087686751,16712087880579,16712087988581,16712089015569,1.328818,0.108002,1.026988,960
live,10,16712097686751,16712097853242,16712097936379,16712099167978,1.481227,0.083137,1.231599,960
live,11,16712107686751,16712107847537,16712107933042,16712108874301,1.18755,0.085505,0.941259,960
live,12,16712117686751,16712117823272,16712117907945,16712118818228,1.131477,0.084673,0.910283,960
live,13,16712127686751,16712127839711,16712127906080,16712128834507,1.147756,0.066369,0.928427,960
live,14,16712137686751,16712137835894,16712137917975,16712138845954,1.159203,0.082081,0.927979,960
live,15,16712147686751,16712147833901,16712147985295,16712148895194,1.208443,0.151394,0.909899,960
live,16,16712157686751,16712157810084,16712157842596,16712158497708,0.810957,0.032512,0.655112,960
live,17,16712167686751,16712167809083,16712167877628,16712168996553,1.309802,0.068545,1.118925,960
live,18,16712177686751,16712177837298,16712177923283,16712179119521,1.43277,0.085985,1.196238,960
live,19,16712187686751,16712187837033,16712187920170,16712188842197,1.155446,0.083137,0.922027,960
live,20,16712197686751,16712197839136,16712197917633,16712200282653,2.595902,0.078497,2.36502,960
live,21,16712207686751,16712207835031,16712207902424,16712208811907,1.125156,0.067393,0.909483,960
live,22,16712217686751,16712217828910,16712217889423,16712218774745,1.087994,0.060513,0.885322,960
live,23,16712227686751,16712227827557,16712227893382,16712228798577,1.111826,0.065825,0.905195,960
live,24,16712237686751,16712237832444,16712237912637,16712238802312,1.115561,0.080193,0.889675,960
live,25,16712247686751,16712247829491,16712247893396,16712248818079,1.131328,0.063905,0.924683,960
live,26,16712257686751,16712257806666,16712257841482,16712258497746,0.810995,0.034816,0.656264,960
live,27,16712267686751,16712267778049,16712267804705,16712268386984,0.700233,0.026656,0.582279,960
live,28,16712277686751,16712277800888,16712277833240,16712278479072,0.792321,0.032352,0.645832,960
live,29,16712287686751,16712287979697,16712288123123,16712289255808,1.569057,0.143426,1.132685,960
live,30,16712297686751,16712297839207,16712297920839,16712299093077,1.406326,0.081632,1.172238,960
live,31,16712307686751,16712307838462,16712307922239,16712309117133,1.430382,0.083777,1.194894,960
live,32,16712317686751,16712317835381,16712317899605,16712318784736,1.097985,0.064224,0.885131,960
live,33,16712327686751,16712327835756,16712327897836,16712329025594,1.338843,0.06208,1.127758,960
live,34,16712337686751,16712337827203,16712337898403,16712339588599,1.901848,0.0712,1.690196,960
live,35,16712347686751,16712347815577,16712347892954,16712349126505,1.439754,0.077377,1.233551,960
live,36,16712357686751,16712357839345,16712357925650,16712359104320,1.417569,0.086305,1.17867,960
live,37,16712367686751,16712367833512,16712367898248,16712369145399,1.458648,0.064736,1.247151,960
live,38,16712377686751,16712377828095,16712377894623,16712379082606,1.395855,0.066528,1.187983,960
live,39,16712387686751,16712387824950,16712387887094,16712389077989,1.391238,0.062144,1.190895,960
live,40,16712397686751,16712397833389,16712397916270,16712400391083,2.704332,0.082881,2.474813,960
live,41,16712407686751,16712407838020,16712407923397,16712409303093,1.616342,0.085377,1.379696,960
live,42,16712417686751,16712417833083,16712417897404,16712419149323,1.462572,0.064321,1.251919,960
live,43,16712427686751,16712427828850,16712427895539,16712429149954,1.463203,0.066689,1.254415,960
live,44,16712437686751,16712437829417,16712437894250,16712439077624,1.390873,0.064833,1.183374,960
live,45,16712447686751,16712447840000,16712447923585,16712449318738,1.631987,0.083585,1.395153,960
live,46,16712457686751,16712457834391,16712457906200,16712459038245,1.351494,0.071809,1.132045,960
live,47,16712467686751,16712467811086,16712467886383,16712469005468,1.318717,0.075297,1.119085,960
live,48,16712477686751,16712477830821,16712477897670,16712478777680,1.090929,0.066849,0.88001,960
live,49,16712487686751,16712487825020,16712487891389,16712489078731,1.39198,0.066369,1.187342,960
live,50,16712497686751,16712497834099,16712497904180,16712498791615,1.104864,0.070081,0.887435,960
live,51,16712507686751,16712507826154,16712507901323,16712509271291,1.58454,0.075169,1.369968,960
live,52,16712517686751,16712517825761,16712517914978,16712519109200,1.422449,0.089217,1.194222,960
live,53,16712527686751,16712527832472,16712527889273,16712529065159,1.378408,0.056801,1.175886,960
live,54,16712537686751,16712537834223,16712537903920,16712538852827,1.166076,0.069697,0.948907,960
live,55,16712547686751,16712547843814,16712547917511,16712549380345,1.693594,0.073697,1.462834,960
live,56,16712557686751,16712557824413,16712557881950,16712558474949,0.788198,0.057537,0.592999,960
live,57,16712567686751,16712567812308,16712567890069,16712568800768,1.114017,0.077761,0.910699,960
live,58,16712577686751,16712577829515,16712577894124,16712578792791,1.10604,0.064609,0.898667,960
live,59,16712587686751,16712587827074,16712587890627,16712588796110,1.109359,0.063553,0.905483,960
live,60,16712597686751,16712597839098,16712597908666,16712600383832,2.697081,0.069568,2.475166,960
live,61,16712607686751,16712607837041,16712607906545,16712609313666,1.626915,0.069504,1.407121,960
live,62,16712617686751,16712617830119,16712617906600,16712618788979,1.102228,0.076481,0.882379,960
live,63,16712627686751,16712627830367,16712627903519,16712629261968,1.575217,0.073152,1.358449,960
live,64,16712637686751,16712637834390,16712637911767,16712638781569,1.094818,0.077377,0.869802,960
live,65,16712647686751,16712647837901,16712647907310,16712648807032,1.120281,0.069409,0.899722,960
live,66,16712657686751,16712657837380,16712657911621,16712659112307,1.425556,0.074241,1.200686,960
live,67,16712667686751,16712667830331,16712667894203,16712669147498,1.460747,0.063872,1.253295,960
live,68,16712677686751,16712677830546,16712677904915,16712679097729,1.410978,0.074369,1.192814,960
live,69,16712687686751,16712687833097,16712687904810,16712689113784,1.427033,0.071713,1.208974,960
live,70,16712697686751,16712697841312,16712697928961,16712698814379,1.127628,0.087649,0.885418,960
live,71,16712707686751,16712707828823,16712707887959,16712708788258,1.101507,0.059136,0.900299,960
live,72,16712717686751,16712717825870,16712717890447,16712718767673,1.080922,0.064577,0.877226,960
live,73,16712727686751,16712727829893,16712727888934,16712728808561,1.12181,0.059041,0.919627,960
live,74,16712737686751,16712737822684,16712737894813,16712738769479,1.082728,0.072129,0.874666,960
live,75,16712747686751,16712747836435,16712747920308,16712748818399,1.131648,0.083873,0.898091,960
live,76,16712757686751,16712757879595,16712757967180,16712758901367,1.214616,0.087585,0.934187,960
live,77,16712767686751,16712767910594,16712768041668,16712769256274,1.569523,0.131074,1.214606,960
live,78,16712777686751,16712777852920,16712777933305,16712779159528,1.472777,0.080385,1.226223,960
live,79,16712787686751,16712787823567,16712787906256,16712789064030,1.377279,0.082689,1.157774,960
live,80,16712797686751,16712798113513,16712798290476,16712800840266,3.153515,0.176963,2.54979,960
live,81,16712807686751,16712807840829,16712807927582,16712809177709,1.490958,0.086753,1.250127,960
live,82,16712817686751,16712817827508,16712817895573,16712819096291,1.40954,0.068065,1.200718,960
live,83,16712827686751,16712827830859,16712827891916,16712829135003,1.448252,0.061057,1.243087,960
live,84,16712837686751,16712837832738,16712837897795,16712839087729,1.400978,0.065057,1.189934,960
live,85,16712847686751,16712847828441,16712847907258,16712849805489,2.118738,0.078817,1.898231,960
live,86,16712857686751,16712857835920,16712857919121,16712858816956,1.130205,0.083201,0.897835,960
live,87,16712867686751,16712867830151,16712867908552,16712869159735,1.472984,0.078401,1.251183,960
live,88,16712877686751,16712877830590,16712877897631,16712879096557,1.409806,0.067041,1.198926,960
live,89,16712887686751,16712887826133,16712887896982,16712889117317,1.430566,0.070849,1.220335,960
live,90,16712897686751,16712897827596,16712897905261,16712899089435,1.402684,0.077665,1.184174,960
live,91,16712907686751,16712907829347,16712907908612,16712909118739,1.431988,0.079265,1.210127,960
live,92,16712917686751,16712917823610,16712917899003,16712919072905,1.386154,0.075393,1.173902,960
live,93,16712927686751,16712927823985,16712927888658,16712929077728,1.390977,0.064673,1.18907,960
live,94,16712937686751,16712937821064,16712937885225,16712939062743,1.375992,0.064161,1.177518,960
live,95,16712947686751,16712947823008,16712947889984,16712949075822,1.389071,0.066976,1.185838,960
live,96,16712957686751,16712957829399,16712957921976,16712959115302,1.428551,0.092577,1.193326,960
live,97,16712967686751,16712967826382,16712967904687,16712969112797,1.426046,0.078305,1.20811,960
live,98,16712977686751,16712977826565,16712977898438,16712979073140,1.386389,0.071873,1.174702,960
live,99,16712987686751,16712990046582,16712990200024,16712992241808,4.555057,0.153442,2.041784,960
replay,99,16712987686751,16712990105591,16712990482523,16713017834241,30.14749,0.376932,27.351718,73088
live,100,16712997686751,16712998292024,16712998942656,16713003518551,5.8318,0.650632,4.575895,960
live,101,16713007686751,16713007945035,16713008170062,16713010447849,2.761098,0.225027,2.277787,960
live,102,16713017686751,16713017921154,16713017982179,16713018804620,1.117869,0.061025,0.822441,960
live,103,16713027686751,16713027825560,16713027918137,16713028909221,1.22247,0.092577,0.991084,960
live,104,16713037686751,16713037843311,16713038255828,16713040346701,2.65995,0.412517,2.090873,960
live,105,16713047686751,16713047831014,16713048226059,16713050249667,2.562916,0.395045,2.023608,960
live,106,16713057686751,16713057840061,16713058232834,16713060308699,2.621948,0.392773,2.075865,960
live,107,16713067686751,16713067829236,16713068200953,16713070099087,2.412336,0.371717,1.898134,960
live,108,16713077686751,16713077831339,16713078198032,16713079837187,2.150436,0.366693,1.639155,960
live,109,16713087686751,16713087824450,16713088202055,16713089273075,1.586324,0.377605,1.07102,960
live,110,16713097686751,16713097828153,16713098199230,16713099806385,2.119634,0.371077,1.607155,960
live,111,16713107686751,16713107890385,16713108052691,16713110109483,2.422732,0.162306,2.056792,960
live,112,16713117686751,16713117846632,16713117929097,16713119891744,2.204993,0.082465,1.962647,960
live,113,16713127686751,16713127834078,16713127905151,16713129788214,2.101463,0.071073,1.883063,960
live,114,16713137686751,16713137829045,16713137902422,16713139462761,1.77601,0.073377,1.560339,960
live,115,16713147686751,16713147826860,16713147895981,16713149470272,1.783521,0.069121,1.574291,960
live,116,16713157686751,16713157827075,16713157907012,16713160355266,2.668515,0.079937,2.448254,960
live,117,16713167686751,16713167837083,16713167919004,16713169591600,1.904849,0.081921,1.672596,960
live,118,16713177686751,16713177825266,16713177909843,16713178886046,1.199295,0.084577,0.976203,960
live,119,16713187686751,16713187849257,16713187934186,16713188921526,1.234775,0.084929,0.98734,960
live,120,16713197686751,16713197834816,16713197915009,16713200453663,2.766912,0.080193,2.538654,960
live,121,16713207686751,16713207835607,16713207914072,16713209223975,1.537224,0.078465,1.309903,960
live,122,16713217686751,16713217844270,16713217941487,16713219008156,1.321405,0.097217,1.066669,960
live,123,16713227686751,16713227842629,16713227935430,16713228874065,1.187314,0.092801,0.938635,960
live,124,16713237686751,16713237835548,16713237911101,16713238781287,1.094536,0.075553,0.870186,960
live,125,16713247686751,16713247813939,16713247886836,16713248782942,1.096191,0.072897,0.896106,960
live,126,16713257686751,16713257814442,16713257880843,16713258786837,1.100086,0.066401,0.905994,960
live,127,16713267686751,16713267840865,16713267911682,16713268874317,1.187566,0.070817,0.962635,960
live,128,16713277686751,16713277829400,16713277904025,16713278820996,1.134245,0.074625,0.916971,960
live,129,16713287686751,16713287832719,16713288207892,16713289268800,1.582049,0.375173,1.060908,960
live,130,16713297686751,16713297828294,16713297896167,16713298838514,1.151763,0.067873,0.942347,960
live,131,16713307686751,16713307832573,16713307908382,16713308853577,1.166826,0.075809,0.945195,960
live,132,16713317686751,16713317842068,16713317929717,16713318836192,1.149441,0.087649,0.906475,960
live,133,16713327686751,16713327830859,16713327910156,16713328844183,1.157432,0.079297,0.934027,960
live,134,16713337686751,16713337826914,16713337893251,16713338801390,1.114639,0.066337,0.908139,960
live,135,16713347686751,16713347828473,16713347896282,16713349172361,1.48561,0.067809,1.276079,960
live,136,16713357686751,16713357825584,16713357892625,16713358790556,1.103805,0.067041,0.897931,960
live,137,16713367686751,16713367844552,16713367915368,16713368838483,1.151732,0.070816,0.923115,960
live,138,16713377686751,16713377837759,16713377904671,16713378802090,1.115339,0.066912,0.897419,960
live,139,16713387686751,16713387826294,16713388197466,16713389809773,2.123022,0.371172,1.612307,960
live,140,16713397686751,16713397839373,16713398218417,16713400714479,3.027728,0.379044,2.496062,960
live,141,16713407686751,16713407829156,16713407899844,16713409190452,1.503701,0.070688,1.290608,960
live,142,16713417686751,16713417836891,16713417916828,16713418855175,1.168424,0.079937,0.938347,960
live,143,16713427686751,16713427836530,16713427913235,16713428856318,1.169567,0.076705,0.943083,960
live,144,16713437686751,16713437836201,16713437913354,16713438878997,1.192246,0.077153,0.965643,960
live,145,16713447686751,16713447841408,16713447923521,16713448868620,1.181869,0.082113,0.945099,960
live,146,16713457686751,16713457831095,16713457916984,16713458821091,1.13434,0.085889,0.904107,960
live,147,16713467686751,16713467836878,16713467910159,16713468819066,1.132315,0.073281,0.908907,960
live,148,16713477686751,16713477818021,16713477887750,16713478783728,1.096977,0.069729,0.895978,960
live,149,16713487686751,16713487833564,16713487897437,16713489878644,2.191893,0.063873,1.981207,960
live,150,16713497686751,16713497836179,16713498208824,16713500274160,2.587409,0.372645,2.065336,960
live,151,16713507686751,16713507832330,16713507910795,16713509944099,2.257348,0.078465,2.033304,960
live,152,16713517686751,16713517895202,16713517989059,16713520120796,2.434045,0.093857,2.131737,960
live,153,16713527686751,16713527864441,16713527951034,16713529951409,2.264658,0.086593,2.000375,960
live,154,16713537686751,16713537843183,16713537948497,16713539926216,2.239465,0.105314,1.977719,960
live,155,16713547686751,16713547836518,16713547918247,16713549951968,2.265217,0.081729,2.033721,960
live,156,16713557686751,16713557830813,16713557902430,16713559896758,2.210007,0.071617,1.994328,960
live,157,16713567686751,16713567969494,16713568091895,16713570254897,2.568146,0.122401,2.163002,960
live,158,16713577686751,16713577847660,16713577924621,16713579519776,1.833025,0.076961,1.595155,960
live,159,16713587686751,16713587834563,16713587921636,16713589830650,2.143899,0.087073,1.909014,960
live,160,16713597686751,16713597831514,16713597912442,16713601076288,3.389537,0.080928,3.163846,960
live,161,16713607686751,16713607831793,16713607916466,16713609858505,2.171754,0.084673,1.942039,960
live,162,16713617686751,16713617832360,16713617902504,16713620555848,2.869097,0.070144,2.653344,960
live,163,16713627686751,16713627837119,16713627921280,16713629870519,2.183768,0.084161,1.949239,960
live,164,16713637686751,16713637838550,16713637911127,16713639820045,2.133294,0.072577,1.908918,960
live,165,16713647686751,16713647828941,16713647899694,16713649836549,2.149798,0.070753,1.936855,960
live,166,16713657686751,16713657831844,16713657911301,16713659809499,2.122748,0.079457,1.898198,960
live,167,16713667686751,16713667833595,16713667907740,16713669538063,1.851312,0.074145,1.630323,960
live,168,16713677686751,16713677840978,16713677937555,16713679563046,1.876295,0.096577,1.625491,960
live,169,16713687686751,16713687835721,16713687909162,16713689572254,1.885503,0.073441,1.663092,960
live,170,16713697686751,16713697846016,16713697932289,16713699508020,1.821269,0.086273,1.575731,960
live,171,16713707686751,16713707815479,16713707897848,16713709359337,1.672586,0.082369,1.461489,960
live,172,16713717686751,16713717840718,16713717914607,16713719519394,1.832643,0.073889,1.604787,960
live,173,16713727686751,16713727876614,16713727980871,16713729848477,2.161726,0.104257,1.867606,960
live,174,16713737686751,16713737850876,16713737940061,16713739590065,1.903314,0.089185,1.650004,960
live,175,16713747686751,16713747837395,16713747921460,16713749574376,1.887625,0.084065,1.652916,960
live,176,16713757686751,16713757839146,16713757925707,16713759581023,1.894272,0.086561,1.655316,960
live,177,16713767686751,16713767829505,16713767928002,16713768944975,1.258224,0.098497,1.016973,960
live,178,16713777686751,16713777840760,16713777922745,16713778843364,1.156613,0.081985,0.920619,960
live,179,16713787686751,16713787832751,16713787901776,16713789321857,1.635106,0.069025,1.420081,960
live,180,16713797686751,16713797833190,16713797902695,16713800442789,2.756038,0.069505,2.540094,960
live,181,16713807686751,16713807833661,16713807914494,16713809180526,1.493775,0.080833,1.266032,960
live,182,16713817686751,16713817830900,16713817906357,16713819122372,1.435621,0.075457,1.216015,960
live,183,16713827686751,16713827840236,16713827922829,16713829183772,1.497021,0.082593,1.260943,960
live,184,16713837686751,16713837834147,16713837900643,16713839110258,1.423507,0.066496,1.209615,960
live,185,16713847686751,16713847826554,16713847893562,16713849136585,1.449834,0.067008,1.243023,960
live,186,16713857686751,16713857826673,16713857895217,16713859112480,1.425729,0.068544,1.217263,960
live,187,16713867686751,16713867834216,16713867896488,16713869150679,1.463928,0.062272,1.254191,960
live,188,16713877686751,16713877833887,16713877910144,16713879126894,1.440143,0.076257,1.21675,960
live,189,16713887686751,16713887830390,16713888192698,16713889903822,2.217071,0.362308,1.711124,960
live,190,16713897686751,16713897832109,16713898202545,16713899927302,2.240551,0.370436,1.724757,960
live,191,16713907686751,16713907824164,16713907908037,16713909673594,1.986843,0.083873,1.765557,960
live,192,16713917686751,16713917846587,16713917927676,16713919560976,1.874225,0.081089,1.6333,960
live,193,16713927686751,16713927834674,16713927917011,16713928948799,1.262048,0.082337,1.031788,960
live,194,16713937686751,16713937831209,16713937920970,16713939517309,1.830558,0.089761,1.596339,960
live,195,16713947686751,16713947825152,16713947893025,16713949575669,1.888918,0.067873,1.682644,960
live,196,16713957686751,16713957827479,16713957900888,16713959545644,1.858893,0.073409,1.644756,960
live,197,16713967686751,16713967827598,16713967897999,16713969836486,2.149735,0.070401,1.938487,960
live,198,16713977686751,16713978077288,16713978171625,16713980142593,2.455842,0.094337,1.970968,960
live,199,16713987686751,16713990312314,16713990478204,16713993343134,5.656383,0.16589,2.86493,960
replay,199,16713987686751,16713990370106,16713991011938,16714017782177,30.095426,0.641832,26.770239,73088
live,200,16713997686751,16713997903764,16713998018518,16714001345373,3.658622,0.114754,3.326855,960
live,201,16714007686751,16714008157006,16714008397585,16714011053201,3.36645,0.240579,2.655616,960
live,202,16714017686751,16714017930819,16714018061924,16714020121597,2.434846,0.131105,2.059673,960
live,203,16714027686751,16714027851641,16714027943866,16714030568345,2.881594,0.092225,2.624479,960
live,204,16714037686751,16714037854000,16714037951793,16714039615557,1.928806,0.097793,1.663764,960
live,205,16714047686751,16714047839175,16714047921192,16714049894431,2.20768,0.082017,1.973239,960
live,206,16714057686751,16714057834206,16714057916639,16714059815637,2.128886,0.082433,1.898998,960
live,207,16714067686751,16714067829301,16714067900534,16714069809868,2.123117,0.071233,1.909334,960
live,208,16714077686751,16714077831116,16714077912589,16714079821827,2.135076,0.081473,1.909238,960
live,209,16714087686751,16714087837667,16714087929092,16714089856699,2.169948,0.091425,1.927607,960
live,210,16714097686751,16714097831226,16714097901147,16714099807217,2.120466,0.069921,1.90607,960
live,211,16714107686751,16714107833009,16714107915538,16714109842089,2.155338,0.082529,1.926551,960
live,212,16714117686751,16714117831560,16714117912585,16714119706846,2.020095,0.081025,1.794261,960
live,213,16714127686751,16714127835551,16714127906400,16714129581556,1.894805,0.070849,1.675156,960
live,214,16714137686751,16714137839990,16714137927543,16714139869486,2.182735,0.087553,1.941943,960
live,215,16714147686751,16714147835053,16714147915150,16714149590018,1.903267,0.080097,1.674868,960
live,216,16714157686751,16714157830628,16714157904933,16714159528888,1.842137,0.074305,1.623955,960
live,217,16714167686751,16714167831163,16714167902748,16714169569072,1.882321,0.071585,1.666324,960
live,218,16714177686751,16714177828274,16714177897907,16714179520422,1.833671,0.069633,1.622515,960
live,219,16714187686751,16714187843786,16714187930283,16714189904706,2.217955,0.086497,1.974423,960
live,220,16714197686751,16714197837665,16714197909057,16714201688686,4.001935,0.071392,3.779629,960
live,221,16714207686751,16714207837560,16714207918617,16714209859280,2.172529,0.081057,1.940663,960
live,222,16714217686751,16714217889231,16714218007249,16714219683077,1.996326,0.118018,1.675828,960
live,223,16714227686751,16714227862598,16714227957511,16714229642075,1.955324,0.094913,1.684564,960
live,224,16714237686751,16714237845021,16714237937086,16714239616562,1.929811,0.092065,1.679476,960
live,225,16714247686751,16714247839764,16714247924533,16714249621801,1.93505,0.084769,1.697268,960
live,226,16714257686751,16714257832139,16714257905164,16714259545183,1.858432,0.073025,1.640019,960
live,227,16714267686751,16714267829570,16714267911779,16714269854522,2.167771,0.082209,1.942743,960
live,228,16714277686751,16714277895546,16714278001659,16714279304714,1.617963,0.106113,1.303055,960
live,229,16714287686751,16714287864560,16714287952785,16714289219456,1.532705,0.088225,1.266671,960
live,230,16714297686751,16714297835591,16714297914216,16714299133334,1.446583,0.078625,1.219118,960
live,231,16714307686751,16714307836606,16714307901823,16714309162222,1.475471,0.065217,1.260399,960
live,232,16714317686751,16714317826485,16714317907702,16714318814785,1.128034,0.081217,0.907083,960
live,233,16714327686751,16714327839180,16714327919789,16714329180924,1.494173,0.080609,1.261135,960
live,234,16714337686751,16714338000677,16714338123175,16714339316245,1.629494,0.122498,1.19307,960
live,235,16714347686751,16714347887931,16714347992060,16714349193194,1.506443,0.104129,1.201134,960
live,236,16714357686751,16714357840369,16714357925906,16714359165313,1.478562,0.085537,1.239407,960
live,237,16714367686751,16714367876681,16714367970090,16714369207481,1.52073,0.093409,1.237391,960
live,238,16714377686751,16714377848704,16714377919616,16714378827595,1.140844,0.070912,0.907979,960
live,239,16714387686751,16714387834391,16714387901527,16714388964484,1.277733,0.067136,1.062957,960
live,240,16714397686751,16714397842926,16714398214674,16714401401784,3.715033,0.371748,3.18711,960
live,241,16714407686751,16714407833061,16714408201929,16714409931582,2.244831,0.368868,1.729653,960
live,242,16714417686751,16714417826716,16714417908541,16714419572080,1.885329,0.081825,1.663539,960
live,243,16714427686751,16714427844851,16714427927092,16714429632552,1.945801,0.082241,1.70546,960
live,244,16714437686751,16714437832906,16714437903691,16714439585663,1.898912,0.070785,1.681972,960
live,245,16714447686751,16714447836129,16714447923138,16714449613430,1.926679,0.087009,1.690292,960
live,246,16714457686751,16714457841112,16714457924153,16714459594829,1.908078,0.083041,1.670676,960
live,247,16714467686751,16714467830863,16714467912432,16714469923176,2.236425,0.081569,2.010744,960
live,248,16714477686751,16714477832294,16714477918983,16714479579899,1.893148,0.086689,1.660916,960
live,249,16714487686751,16714487831645,16714487940638,16714489619794,1.933043,0.108993,1.679156,960
live,250,16714497686751,16714497841140,16714497924373,16714499599081,1.91233,0.083233,1.674708,960
live,251,16714507686751,16714507829483,16714507912332,16714509600224,1.913473,0.082849,1.687892,960
live,252,16714517686751,16714517831906,16714517935011,16714519614743,1.927992,0.103105,1.679732,960
live,253,16714527686751,16714527833465,16714527911930,16714529595534,1.908783,0.078465,1.683604,960
live,254,16714537686751,16714537828944,16714537900849,16714539564037,1.877286,0.071905,1.663188,960
live,255,16714547686751,16714547837191,16714547911400,16714549596156,1.909405,0.074209,1.684756,960
live,256,16714557686751,16714557832094,16714557904511,16714559571795,1.885044,0.072417,1.667284,960
live,257,16714567686751,16714567832085,16714567907574,16714569627403,1.940652,0.075489,1.719829,960
live,258,16714577686751,16714577834413,16714577904653,16714579577793,1.891042,0.07024,1.67314,960
live,259,16714587686751,16714587840068,16714587930117,16714590136127,2.449376,0.090049,2.20601,960
live,260,16714597686751,16714597856379,16714597932476,16714600952000,3.265249,0.076097,3.019524,960
live,261,16714607686751,16714607832242,16714607905363,16714609606247,1.919496,0.073121,1.700884,960
live,262,16714617686751,16714617828617,16714617902890,16714619586078,1.899327,0.074273,1.683188,960
live,263,16714627686751,16714627835296,16714627921825,16714629616213,1.929462,0.086529,1.694388,960
live,264,16714637686751,16714637830295,16714637920088,16714638895844,1.209093,0.089793,0.975756,960
live,265,16714647686751,16714647836654,16714647919887,16714648877498,1.190747,0.083233,0.957611,960
live,266,16714657686751,16714657831045,16714657899558,16714658808145,1.121394,0.068513,0.908587,960
live,267,16714667686751,16714667826684,16714667893405,16714668810952,1.124201,0.066721,0.917547,960
live,268,16714677686751,16714677830163,16714677922740,16714678830591,1.14384,0.092577,0.907851,960
live,269,16714687686751,16714687827914,16714687903659,16714688805110,1.118359,0.075745,0.901451,960
live,270,16714697686751,16714697837825,16714697919106,16714699149617,1.462866,0.081281,1.230511,960
live,271,16714707686751,16714707832216,16714707906457,16714708825956,1.139205,0.074241,0.919499,960
live,272,16714717686751,16714717831663,16714717897296,16714718787643,1.100892,0.065633,0.890347,960
live,273,16714727686751,16714727835782,16714727900391,16714728811474,1.124723,0.064609,0.911083,960
live,274,16714737686751,16714737830845,16714737897022,16714738775209,1.088458,0.066177,0.878187,960
live,275,16714747686751,16714747838517,16714748207929,16714749912109,2.225358,0.369412,1.70418,960
live,276,16714757686751,16714757824811,16714758198608,16714759611073,1.924322,0.373797,1.412465,960
live,277,16714767686751,16714767823394,16714767893699,16714768847663,1.160912,0.070305,0.953964,960
live,278,16714777686751,16714777834298,16714777899418,16714778813445,1.126694,0.06512,0.914027,960
live,279,16714787686751,16714787826801,16714787890833,16714788804956,1.118205,0.064032,0.914123,960
live,280,16714797686751,16714797997162,16714798163468,16714800770699,3.083948,0.166306,2.607231,960
live,281,16714807686751,16714807844703,16714807941056,16714809395441,1.70869,0.096353,1.454385,960
live,282,16714817686751,16714817870934,16714817959191,16714819024132,1.337381,0.088257,1.064941,960
live,283,16714827686751,16714827843597,16714827928174,16714828871961,1.18521,0.084577,0.943787,960
live,284,16714837686751,16714837838628,16714837906149,16714838801936,1.115185,0.067521,0.895787,960
live,285,16714847686751,16714847829531,16714847910332,16714848856743,1.169992,0.080801,0.946411,960
live,286,16714857686751,16714857836626,16714857919027,16714858805022,1.118271,0.082401,0.885995,960
live,287,16714867686751,16714867833545,16714867906922,16714868815029,1.128278,0.073377,0.908107,960
live,288,16714877686751,16714877833536,16714877907233,16714878791308,1.104557,0.073697,0.884075,960
live,289,16714887686751,16714887831543,16714887897144,16714888805955,1.119204,0.065601,0.908811,960
live,290,16714897686751,16714897833070,16714897898159,16714898784698,1.097947,0.065089,0.886539,960
live,291,16714907686751,16714907836261,16714907915046,16714908836689,1.149938,0.078785,0.921643,960
live,292,16714917686751,16714917831740,16714917906109,16714918789064,1.102313,0.074369,0.882955,960
live,293,16714927686751,16714927835188,16714927909236,16714928814015,1.127264,0.074048,0.904779,960
live,294,16714937686751,16714937828746,16714937901931,16714938784118,1.097367,0.073185,0.882187,960
live,295,16714947686751,16714947831138,16714947896674,16714949909626,2.222875,0.065536,2.012952,960
live,296,16714957686751,16714957850425,16714958221981,16714960400631,2.71388,0.371556,2.17865,960
live,297,16714967686751,16714967835152,16714967915569,16714969880808,2.194057,0.080417,1.965239,960
live,298,16714977686751,16714977833287,16714977913416,16714979986592,2.299841,0.080129,2.073176,960
live,299,16714987686751,16714988442693,16714988610663,16714991760365,4.073614,0.16797,3.149702,960
replay,299,16714987686751,16714988509350,16714989146606,16715012342050,24.655299,0.637256,23.195444,73088
live,300,16714997686751,16714998011927,16714998208729,16715003302710,5.615959,0.196802,5.093981,960
live,301,16715007686751,16715007970062,16715008141904,16715010757487,3.070736,0.171842,2.615583,960
live,302,16715017686751,16715017900740,16715018021157,16715019396790,1.710039,0.120417,1.375633,960
live,303,16715027686751,16715027861434,16715028252575,16715029976180,2.289429,0.391141,1.723605,960
live,304,16715037686751,16715037925618,16715038306871,16715040147597,2.460846,0.381253,1.840726,960
live,305,16715047686751,16715047880073,16715048257645,16715049982242,2.295491,0.377572,1.724597,960
live,306,16715057686751,16715057863936,16715058244612,16715059915512,2.228761,0.380676,1.6709,960
live,307,16715067686751,16715067835798,16715068201819,16715069863727,2.176976,0.366021,1.661908,960
live,308,16715077686751,16715077828685,16715078199474,16715079880454,2.193703,0.370789,1.68098,960
live,309,16715087686751,16715087830501,16715088198345,16715089879773,2.193022,0.367844,1.681428,960
live,310,16715097686751,16715097825532,16715097894812,16715099498127,1.811376,0.06928,1.603315,960
live,311,16715107686751,16715108019893,16715108352537,16715109995948,2.309197,0.332644,1.643411,960
live,312,16715117686751,16715117851338,16715117943339,16715119565662,1.878911,0.092001,1.622323,960
live,313,16715127686751,16715127832737,16715127906178,16715128940366,1.253615,0.073441,1.034188,960
live,314,16715137686751,16715137828280,16715137896409,16715139466283,1.779532,0.068129,1.569874,960
live,315,16715147686751,16715147829647,16715147900336,16715149531715,1.844964,0.070689,1.631379,960
live,316,16715157686751,16715157829574,16715157956039,16715159815678,2.128927,0.126465,1.859639,960
live,317,16715167686751,16715167841693,16715167931422,16715169581394,1.894643,0.089729,1.649972,960
live,318,16715177686751,16715177832372,16715177904341,16715179511272,1.824521,0.071969,1.606931,960
live,319,16715187686751,16715187827115,16715187898892,16715189569952,1.883201,0.071777,1.67106,960
live,320,16715197686751,16715197830946,16715197933443,16715201172618,3.485867,0.102497,3.239175,960
live,321,16715207686751,16715207838713,16715207925530,16715209847697,2.160946,0.086817,1.922167,960
live,322,16715217686751,16715217840176,16715217929170,16715219567045,1.880294,0.088994,1.637875,960
live,323,16715227686751,16715227831783,16715227905416,16715229559292,1.872541,0.073633,1.653876,960
live,324,16715237686751,16715237832127,16715237913631,16715239519123,1.832372,0.081504,1.605492,960
live,325,16715247686751,16715247835158,16715247905622,16715249612395,1.925644,0.070464,1.706773,960
live,326,16715257686751,16715257836365,16715257911598,16715259555425,1.868674,0.075233,1.643827,960
live,327,16715267686751,16715267858596,16715267953381,16715269845436,2.158685,0.094785,1.892055,960
live,328,16715277686751,16715277840251,16715277915740,16715279567023,1.880272,0.075489,1.651283,960
live,329,16715287686751,16715287831826,16715287902515,16715289579943,1.893192,0.070689,1.677428,960
live,330,16715297686751,16715297831753,16715297904682,16715299548541,1.86179,0.072929,1.643859,960
live,331,16715307686751,16715307828096,16715307900801,16715309556821,1.87007,0.072705,1.65602,960
live,332,16715317686751,16715317843095,16715317930648,16715319572780,1.886029,0.087553,1.642132,960
live,333,16715327686751,16715327836558,16715327906287,16715329597763,1.911012,0.069729,1.691476,960
live,334,16715337686751,16715337828453,16715337907750,16715339532089,1.845338,0.079297,1.624339,960
live,335,16715347686751,16715347829596,16715347898973,16715349549137,1.862386,0.069377,1.650164,960
live,336,16715357686751,16715357828691,16715357898612,16715359550728,1.863977,0.069921,1.652116,960
live,337,16715367686751,16715367838954,16715367924651,16715369607360,1.920609,0.085697,1.682709,960
live,338,16715377686751,16715377836769,16715377909314,16715379574454,1.887703,0.072545,1.66514,960
live,339,16715387686751,16715387832601,16715387904537,16715389569037,1.882286,0.071936,1.6645,960
live,340,16715397686751,16715397826000,16715397896016,16715400297325,2.610574,0.070016,2.401309,960
live,341,16715407686751,16715407832999,16715407912136,16715408851731,1.16498,0.079137,0.939595,960
live,342,16715417686751,16715417841502,16715417924255,16715418853290,1.166539,0.082753,0.929035,960
live,343,16715427686751,16715427836725,16715427902262,16715429157285,1.470534,0.065537,1.255023,960
live,344,16715437686751,16715437829708,16715437903949,16715438803447,1.116696,0.074241,0.899498,960
live,345,16715447686751,16715447832899,16715447897028,16715448815023,1.128272,0.064129,0.917995,960
live,346,16715457686751,16715457828602,16715457926011,16715458830374,1.143623,0.097409,0.904363,960
live,347,16715467686751,16715467836849,16715467923314,16715468867677,1.180926,0.086465,0.944363,960
live,348,16715477686751,16715477836392,16715477924073,16715478867572,1.180821,0.087681,0.943499,960
live,349,16715487686751,16715487834879,16715487917440,16715488858283,1.171532,0.082561,0.940843,960
live,350,16715497686751,16715497841174,16715497914583,16715498817794,1.131043,0.073409,0.903211,960
live,351,16715507686751,16715507831469,16715507897454,16715508819833,1.133082,0.065985,0.922379,960
live,352,16715517686751,16715518091303,16715518590093,16715520312994,2.626243,0.49879,1.722901,960
live,353,16715527686751,16715527841500,16715528211808,16715529943669,2.256918,0.370308,1.731861,960
live,354,16715537686751,16715537827506,16715537897875,16715539544263,1.857512,0.070369,1.646388,960
live,355,16715547686751,16715547830666,16715547899690,16715549842306,2.155555,0.069024,1.942616,960
live,356,16715557686751,16715557827649,16715557906850,16715559550069,1.863318,0.079201,1.643219,960
live,357,16715567686751,16715567831608,16715567899513,16715570698202,3.011451,0.067905,2.798689,960
live,358,16715577686751,16715577843855,16715577925200,16715579573636,1.886885,0.081345,1.648436,960
live,359,16715587686751,16715587833094,16715587908839,16715589583579,1.896828,0.075745,1.67474,960
live,360,16715597686751,16715597834781,16715597908446,16715601136036,3.449285,0.073665,3.22759,960
live,361,16715607686751,16715607837108,16715607909909,16715609569481,1.88273,0.072801,1.659572,960
live,362,16715617686751,16715617837355,16715617921452,16715619579328,1.892577,0.084097,1.657876,960
live,363,16715627686751,16715627837026,16715627922179,16715629611863,1.925112,0.085153,1.689684,960
live,364,16715637686751,16715637831257,16715637901370,16715639559150,1.872399,0.070113,1.65778,960
live,365,16715647686751,16715647831376,16715647913905,16715649582501,1.89575,0.082529,1.668596,960
live,366,16715657686751,16715657831079,16715657914344,16715659860479,2.173728,0.083265,1.946135,960
live,367,16715667686751,16715667832990,16715667902783,16715669588435,1.901684,0.069793,1.685652,960
live,368,16715677686751,16715677839126,16715677917494,16715679573834,1.887083,0.078368,1.65634,960
live,369,16715687686751,16715687832813,16715687916398,16715689578337,1.891586,0.083585,1.661939,960
live,370,16715697686751,16715697836996,16715697926469,16715699619801,1.93305,0.089473,1.693332,960
live,371,16715707686751,16715707842139,16715707914652,16715710062517,2.375766,0.072513,2.147865,960
live,372,16715717686751,16715717848082,16715717944147,16715719070656,1.383905,0.096065,1.126509,960
live,373,16715727686751,16715727838441,16715727923914,16715728915958,1.229207,0.085473,0.992044,960
live,374,16715737686751,16715737833088,16715737909409,16715738825228,1.138477,0.076321,0.915819,960
live,375,16715747686751,16715747832279,16715747899704,16715748823747,1.136996,0.067425,0.924043,960
live,376,16715757686751,16715757826414,16715757900239,16715758798553,1.111802,0.073825,0.898314,960
live,377,16715767686751,16715767826501,16715767898950,16715768823441,1.13669,0.072449,0.924491,960
live,378,16715777686751,16715777831324,16715777910365,16715778819368,1.132617,0.079041,0.909003,960
live,379,16715787686751,16715787825331,16715787889844,16715788806879,1.120128,0.064513,0.917035,960
live,380,16715797686751,16715797860523,16715797942892,16715800151174,2.464423,0.082369,2.208282,960
live,381,16715807686751,16715807857570,16715807936259,16715808867054,1.180303,0.078689,0.930795,960
live,382,16715817686751,16715817847097,16715817914713,16715818803940,1.117189,0.067616,0.889227,960
live,383,16715827686751,16715827833775,16715827904432,16715829143743,1.456992,0.070657,1.239311,960
live,384,16715837686751,16715837836423,16715838208779,16715839895391,2.20864,0.372356,1.686612,960
live,385,16715847686751,16715847824221,16715847896670,16715849574706,1.887955,0.072449,1.678036,960
live,386,16715857686751,16715857830005,16715857917238,16715859587594,1.900843,0.087233,1.670356,960
live,387,16715867686751,16715867832428,16715867914733,16715869625761,1.93901,0.082305,1.711028,960
live,388,16715877686751,16715877837571,16715877922340,16715879587352,1.900601,0.084769,1.665012,960
live,389,16715887686751,16715887827674,16715887899867,16715889676944,1.990193,0.072193,1.777077,960
live,390,16715897686751,16715897826801,16715897899730,16715899579398,1.892647,0.072929,1.679668,960
live,391,16715907686751,16715907936457,16715908145324,16715909674174,1.987423,0.208867,1.52885,960
live,392,16715917686751,16715917857087,16715917952384,16715918973613,1.286862,0.095297,1.021229,960
live,393,16715927686751,16715928112569,16715928251771,16715929278055,1.591304,0.139202,1.026284,960
live,394,16715937686751,16715937882638,16715937997199,16715939663363,1.976612,0.114561,1.666164,960
live,395,16715947686751,16715947873445,16715947967590,16715949693498,2.006747,0.094145,1.725908,960
live,396,16715957686751,16715957855612,16715957953757,16715959633201,1.94645,0.098145,1.679444,960
live,397,16715967686751,16715967858003,16715967935860,16715968931903,1.245152,0.077857,0.996043,960
live,398,16715977686751,16715977846634,16715977930635,16715979677567,1.990816,0.084001,1.746932,960
live,399,16715987686751,16715988441448,16715988611530,16715990417439,2.730688,0.170082,1.805909,960
replay,399,16715987686751,16715988501960,16715988729099,16716011731581,24.04483,0.227139,23.002482,73088
live,400,16715997686751,16715998032602,16715998215228,16716001268481,3.58173,0.182626,3.053253,960
live,401,16716007686751,16716008116402,16716008558167,16716011377945,3.691194,0.441765,2.819778,960
live,402,16716017686751,16716017889158,16716017992008,16716019311991,1.62524,0.10285,1.319983,960
live,403,16716027686751,16716027864413,16716027941662,16716029221197,1.534446,0.077249,1.279535,960
live,404,16716037686751,16716037854324,16716037945557,16716039218820,1.532069,0.091233,1.273263,960
live,405,16716047686751,16716047855883,16716047947308,16716049325917,1.639166,0.091425,1.378609,960
live,406,16716057686751,16716057870947,16716057962276,16716059205266,1.518515,0.091329,1.24299,960
live,407,16716067686751,16716067852281,16716067928410,16716069190921,1.50417,0.076129,1.262511,960
live,408,16716077686751,16716077845712,16716077921841,16716079158176,1.471425,0.076129,1.236335,960
live,409,16716087686751,16716087846759,16716087932424,16716089185879,1.499128,0.085665,1.253455,960
live,410,16716097686751,16716097849855,16716098242755,16716099862231,2.17548,0.3929,1.619476,960
live,411,16716107686751,16716107855030,16716108247802,16716110113873,2.427122,0.392772,1.866071,960
live,412,16716117686751,16716117859981,16716118248881,16716120195369,2.508618,0.3889,1.946488,960
live,413,16716127686751,16716127850916,16716127930405,16716129825435,2.138684,0.079489,1.89503,960
live,414,16716137686751,16716137842299,16716137925500,16716139810098,2.123347,0.083201,1.884598,960
live,415,16716147686751,16716147849906,16716147936051,16716149495398,1.808647,0.086145,1.559347,960
live,416,16716157686751,16716157843433,16716157919018,16716159550269,1.863518,0.075585,1.631251,960
live,417,16716167686751,16716167842528,16716167916865,16716169493236,1.806485,0.074337,1.576371,960
live,418,16716177686751,16716177842871,16716177922648,16716179463466,1.776715,0.079777,1.540818,960
live,419,16716187686751,16716187836334,16716187919567,16716188955163,1.268412,0.083233,1.035596,960
live,420,16716197686751,16716197836517,16716197914214,16716200993547,3.306796,0.077697,3.079333,960
live,421,16716207686751,16716207861405,16716207945790,16716209532880,1.846129,0.084385,1.58709,960
live,422,16716217686751,16716217854004,16716217930900,16716219487751,1.801,0.076896,1.556851,960
live,423,16716227686751,16716227848459,16716227928268,16716229885539,2.198788,0.079809,1.957271,960
live,424,16716237686751,16716237854146,16716237937251,16716239831929,2.145178,0.083105,1.894678,960
live,425,16716247686751,16716247856249,16716247939546,16716249859217,2.172466,0.083297,1.919671,960
live,426,16716257686751,16716257854160,16716257934993,16716259214688,1.527937,0.080833,1.279695,960
live,427,16716267686751,16716267846727,16716267926216,16716269179383,1.492632,0.079489,1.253167,960
live,428,16716277686751,16716277846910,16716277921471,16716279133005,1.446254,0.074561,1.211534,960
live,429,16716287686751,16716287845973,16716287917334,16716289161797,1.475046,0.071361,1.244463,960
live,430,16716297686751,16716297833388,16716297903853,16716298800727,1.113976,0.070465,0.896874,960
live,431,16716307686751,16716307835139,16716307903108,16716309146419,1.459668,0.067969,1.243311,960
live,432,16716317686751,16716317846042,16716317916603,16716319123785,1.437034,0.070561,1.207182,960
live,433,16716327686751,16716327844241,16716327919058,16716329378020,1.691269,0.074817,1.458962,960
live,434,16716337686751,16716337968170,16716338065451,16716339516700,1.829949,0.097281,1.451249,960
live,435,16716347686751,16716347853536,16716347931232,16716349307345,1.620594,0.077696,1.376113,960
live,436,16716357686751,16716357845239,16716357921271,16716359165574,1.478823,0.076032,1.244303,960
live,437,16716367686751,16716367855630,16716367928239,16716369154205,1.467454,0.072609,1.225966,960
live,438,16716377686751,16716377855781,16716378240393,16716379837116,2.150365,0.384612,1.596723,960
live,439,16716387686751,16716387845660,16716388337954,16716390745726,3.058975,0.492294,2.407772,960
live,440,16716397686751,16716397840307,16716397941012,16716400946872,3.260121,0.100705,3.00586,960
live,441,16716407686751,16716407861130,16716407953899,16716409663488,1.976737,0.092769,1.709589,960
live,442,16716417686751,16716417867201,16716417951106,16716419512629,1.825878,0.083905,1.561523,960
live,443,16716427686751,16716427859896,16716427941273,16716428940261,1.25351,0.081377,0.998988,960
live,444,16716437686751,16716437851599,16716437936464,16716439837351,2.1506,0.084865,1.900887,960
live,445,16716447686751,16716447855846,16716447936647,16716449823070,2.136319,0.080801,1.886423,960
live,446,16716457686751,16716457844925,16716457921438,16716459742164,2.055413,0.076513,1.820726,960
live,447,16716467686751,16716467845620,16716467927157,16716468943393,1.256642,0.081537,1.016236,960
live,448,16716477686751,16716477846923,16716477925868,16716479446751,1.76,0.078945,1.520883,960
live,449,16716487686751,16716487843651,16716487923235,16716489491190,1.804439,0.079584,1.567955,960
live,450,16716497686751,16716497835033,16716497914490,16716499866066,2.179315,0.079457,1.951576,960
live,451,16716507686751,16716507843537,16716507926866,16716509764744,2.077993,0.083329,1.837878,960
live,452,16716517686751,16716517848360,16716517922857,16716519478331,1.79158,0.074497,1.555474,960
live,453,16716527686751,16716527841151,16716527916000,16716529490962,1.804211,0.074849,1.574962,960
live,454,16716537686751,16716537850006,16716537925047,16716539500362,1.813611,0.075041,1.575315,960
live,455,16716547686751,16716547835917,16716547915470,16716549881893,2.195142,0.079553,1.966423,960
live,456,16716557686751,16716557898853,16716557987238,16716559921245,2.234494,0.088385,1.934007,960
live,457,16716567686751,16716567881468,16716567964381,16716569797554,2.110803,0.082913,1.833173,960
live,458,16716577686751,16716577849298,16716577927347,16716579477318,1.790567,0.078049,1.549971,960
live,459,16716587686751,16716587849289,16716587928330,16716589529341,1.84259,0.079041,1.601011,960
live,460,16716597686751,16716597842688,16716597924289,16716600961989,3.275238,0.081601,3.0377,960
live,461,16716607686751,16716607862808,16716607958457,16716609785903,2.099152,0.095649,1.827446,960
live,462,16716617686751,16716617853679,16716617933744,16716619840710,2.153959,0.080065,1.906966,960
live,463,16716627686751,16716627845958,16716627927751,16716630136449,2.449698,0.081793,2.208698,960
live,464,16716637686751,16716637852093,16716637939326,16716639518065,1.831314,0.087233,1.578739,960
live,465,16716647686751,16716647845940,16716647928853,16716649911148,2.224397,0.082913,1.982295,960
live,466,16716657686751,16716657846763,16716657930284,16716659859491,2.17274,0.083521,1.929207,960
live,467,16716667686751,16716667855938,16716667943875,16716669967739,2.280988,0.087937,2.023864,960
live,468,16716677686751,16716677853913,16716677934810,16716679767280,2.080529,0.080897,1.83247,960
live,469,16716687686751,16716687849744,16716687924721,16716689517892,1.831141,0.074977,1.593171,960
live,470,16716697686751,16716697959305,16716698035625,16716699606684,1.919933,0.07632,1.571059,960
live,471,16716707686751,16716707839902,16716707921183,16716709515634,1.828883,0.081281,1.594451,960
live,472,16716717686751,16716717834741,16716717913206,16716719486185,1.799434,0.078465,1.572979,960
live,473,16716727686751,16716727851020,16716727927309,16716729797508,2.110757,0.076289,1.870199,960
live,474,16716737686751,16716737851172,16716737931428,16716738888208,1.201457,0.080256,0.95678,960
live,475,16716747686751,16716747846363,16716747919707,16716749919859,2.233108,0.073344,2.000152,960
live,476,16716757686751,16716757835154,16716757908434,16716759124289,1.437538,0.07328,1.215855,960
live,477,16716767686751,16716767842985,16716767926506,16716769154488,1.467737,0.083521,1.227982,960
live,478,16716777686751,16716777871392,16716777947713,16716779207312,1.520561,0.076321,1.259599,960
live,479,16716787686751,16716787846231,16716787920632,16716789150406,1.463655,0.074401,1.229774,960
live,480,16716797686751,16716797836046,16716797908687,16716800912914,3.226163,0.072641,3.004227,960
live,481,16716807686751,16716807852869,16716807929286,16716809189397,1.502646,0.076417,1.260111,960
live,482,16716817686751,16716817842492,16716817916093,16716819111499,1.424748,0.073601,1.195406,960
live,483,16716827686751,16716827849203,16716827925396,16716829147491,1.46074,0.076193,1.222095,960
live,484,16716837686751,16716837830538,16716837905387,16716839108057,1.421306,0.074849,1.20267,960
live,485,16716847686751,16716847842625,16716847918114,16716849135025,1.448274,0.075489,1.216911,960
live,486,16716857686751,16716857841656,16716857918361,16716859135016,1.448265,0.076705,1.216655,960
live,487,16716867686751,16716867847151,16716868229748,16716870234316,2.547565,0.382597,2.004568,960
live,488,16716877686751,16716877849383,16716878236843,16716880275587,2.588836,0.38746,2.038744,960
live,489,16716887686751,16716887837246,16716887919295,16716889919094,2.232343,0.082049,1.999799,960
live,490,16716897686751,16716897840981,16716897918582,16716899823852,2.137101,0.077601,1.90527,960
live,491,16716907686751,16716907838828,16716907918189,16716909911364,2.224613,0.079361,1.993175,960
live,492,16716917686751,16716917828835,16716917907428,16716919846843,2.160092,0.078593,1.939415,960
live,493,16716927686751,16716927845754,16716927930171,16716929898642,2.211891,0.084417,1.968471,960
live,494,16716937686751,16716937838193,16716937913874,16716939870217,2.183466,0.075681,1.956343,960
live,495,16716947686751,16716947835400,16716947916873,16716949879296,2.192545,0.081473,1.962423,960
live,496,16716957686751,16716957824927,16716957903040,16716959848919,2.162168,0.078113,1.945879,960
live,497,16716967686751,16716967835190,16716967918039,16716969905743,2.218992,0.082849,1.987704,960
live,498,16716977686751,16716977835149,16716977915694,16716979874437,2.187686,0.080545,1.958743,960
live,499,16716987686751,16716988434059,16716988597997,16716990682054,2.995303,0.163938,2.084057,960
replay,499,16716987686751,16716988485132,16716988909137,16717013838106,26.151355,0.424005,24.928969,73088
live,500,16716997686751,16716998125151,16716998419618,16717003646913,5.960162,0.294467,5.227295,960
live,501,16717007686751,16717008593148,16717008949920,16717012973520,5.286769,0.356772,4.0236,960
live,502,16717017686751,16717017930155,16717018067372,16717019551614,1.864863,0.137217,1.484242,960
live,503,16717027686751,16717027882849,16717027982626,16717030137980,2.451229,0.099777,2.155354,960
live,504,16717037686751,16717037865720,16717037962841,16717040176884,2.490133,0.097121,2.214043,960
live,505,16717047686751,16717047869839,16717047953456,16717050119818,2.433067,0.083617,2.166362,960
live,506,16717057686751,16717057900999,16717058030760,16717060530182,2.843431,0.129761,2.499422,960
live,507,16717067686751,16717067912670,16717068059712,16717070206137,2.519386,0.147042,2.146425,960
live,508,16717077686751,16717077874485,16717077982294,16717080186448,2.499697,0.107809,2.204154,960
live,509,16717087686751,16717087882668,16717087997325,16717089983237,2.296486,0.114657,1.985912,960
live,510,16717097686751,16717097862083,16717097952516,16717099911259,2.224508,0.090433,1.958743,960
live,511,16717107686751,16717107857018,16717107953243,16717109943602,2.256851,0.096225,1.990359,960
live,512,16717117686751,16717117882865,16717118004370,16717119978250,2.291499,0.121505,1.97388,960
live,513,16717127686751,16717127867560,16717127957545,16717130041698,2.354947,0.089985,2.084153,960
live,514,16717137686751,16717137860447,16717137956192,16717139910775,2.224024,0.095745,1.954583,960
live,515,16717147686751,16717147858870,16717147942647,16717149785005,2.098254,0.083777,1.842358,960
live,516,16717157686751,16717157846253,16717157928558,16717159887269,2.200518,0.082305,1.958711,960
live,517,16717167686751,16717167864452,16717167970277,16717169946141,2.25939,0.105825,1.975864,960
live,518,16717177686751,16717177851387,16717177945244,16717179965620,2.278869,0.093857,2.020376,960
live,519,16717187686751,16717187856274,16717187942675,16717190079533,2.392782,0.086401,2.136858,960
live,520,16717197686751,16717197848969,16717197931434,16717201612982,3.926231,0.082465,3.681548,960
live,521,16717207686751,16717207868257,16717207950594,16717209952409,2.265658,0.082337,2.001815,960
live,522,16717217686751,16717217871832,16717217967833,16717219878832,2.192081,0.096001,1.910999,960
live,523,16717227686751,16717227842895,16717227921359,16717229856486,2.169735,0.078464,1.935127,960
live,524,16717237686751,16717237844294,16717237922119,16717239819581,2.13283,0.077825,1.897462,960
live,525,16717247686751,16717247860477,16717247947838,16717249920917,2.234166,0.087361,1.973079,960
live,526,16717257686751,16717257851412,16717257939765,16717259872268,2.185517,0.088353,1.932503,960
live,527,16717267686751,16717267876779,16717267983469,16717269957540,2.270789,0.10669,1.974071,960
live,528,16717277686751,16717277863906,16717277961059,16717279954971,2.26822,0.097153,1.993912,960
live,529,16717287686751,16717287876217,16717287969115,16717289981586,2.294835,0.092898,2.012471,960
live,530,16717297686751,16717297873264,16717297967602,16717299680550,1.993799,0.094338,1.712948,960
live,531,16717307686751,16717307884296,16717307980073,16717309756702,2.069951,0.095777,1.776629,960
live,532,16717317686751,16717317966592,16717318081761,16717320194490,2.507739,0.115169,2.112729,960
live,533,16717327686751,16717327912470,16717328019639,16717329746860,2.060109,0.107169,1.727221,960
live,534,16717337686751,16717337881293,16717337970382,16717340097191,2.41044,0.089089,2.126809,960
live,535,16717347686751,16717347872868,16717347959205,16717350075710,2.388959,0.086337,2.116505,960
live,536,16717357686751,16717357860891,16717357949148,16717359949940,2.263189,0.088257,2.000792,960
live,537,16717367686751,16717367873938,16717367979955,16717370042796,2.356045,0.106017,2.062841,960
live,538,16717377686751,16717377868329,16717377964426,16717379993538,2.306787,0.096097,2.029112,960
live,539,16717387686751,16717387861728,16717387948897,16717390009306,2.322555,0.087169,2.060409,960
live,540,16717397686751,16717397860471,16717397942136,16717401279904,3.593153,0.081665,3.337768,960
live,541,16717407686751,16717407870382,16717407949615,16717408955259,1.268508,0.079233,1.005644,960
live,542,16717417686751,16717418390476,16717418519021,16717419743228,2.056477,0.128545,1.224207,960
live,543,16717427686751,16717427884669,16717427975486,16717429218381,1.53163,0.090817,1.242895,960
live,544,16717437686751,16717437862100,16717437944725,16717439149475,1.462724,0.082625,1.20475,960
live,545,16717447686751,16717447841226,16717447924043,16717449153498,1.466747,0.082817,1.229455,960
live,546,16717457686751,16717457848354,16717457923266,16717459119377,1.432626,0.074912,1.196111,960
live,547,16717467686751,16717467841561,16717467914745,16717469946194,2.259443,0.073184,2.031449,960
live,548,16717477686751,16717477829776,16717477912049,16717479110271,1.42352,0.082273,1.198222,960
live,549,16717487686751,16717487843815,16717487915112,16717489142646,1.455895,0.071297,1.227534,960
live,550,16717497686751,16717497842174,16717497912703,16717499106509,1.419758,0.070529,1.193806,960
live,551,16717507686751,16717507846005,16717507917206,16717509192005,1.505254,0.071201,1.274799,960
live,552,16717517686751,16717517848748,16717517925965,16717518852824,1.166073,0.077217,0.926859,960
live,553,16717527686751,16717527860611,16717527939044,16717528877327,1.190576,0.078433,0.938283,960
live,554,16717537686751,16717537864026,16717538254335,16717540104437,2.417686,0.390309,1.850102,960
live,555,16717547686751,16717547851025,16717548241142,16717550017419,2.330668,0.390117,1.776277,960
live,556,16717557686751,16717557853961,16717557934250,16717559591901,1.90515,0.080289,1.657651,960
live,557,16717567686751,16717567848736,16717567928353,16717568950157,1.263406,0.079617,1.021804,960
live,558,16717577686751,16717577856439,16717577934776,16717579553035,1.866284,0.078337,1.618259,960
live,559,16717587686751,16717587852302,16717587937199,16717589891846,2.205095,0.084897,1.954647,960
live,560,16717597686751,16717597851237,16717597928038,16717601119660,3.432909,0.076801,3.191622,960
live,561,16717607686751,16717607854236,16717607936957,16717609913685,2.226934,0.082721,1.976728,960
live,562,16717617686751,16717617859027,16717617943604,16717619883659,2.196908,0.084577,1.940055,960
live,563,16717627686751,16717627844746,16717627927307,16717629901571,2.21482,0.082561,1.974264,960
live,564,16717637686751,16717637845729,16717637925218,16717639885529,2.198778,0.079489,1.960311,960
live,565,16717647686751,16717647849752,16717647928537,16717649894513,2.207762,0.078785,1.965976,960
live,566,16717657686751,16717657847343,16717657925232,16717659860839,2.174088,0.077889,1.935607,960
live,567,16717667686751,16717667843014,16717667924135,16717669898047,2.211296,0.081121,1.973912,960
live,568,16717677686751,16717677841213,16717677922238,16717679882966,2.196215,0.081025,1.960728,960
live,569,16717687686751,16717687843221,16717687925590,16717689889709,2.202958,0.082369,1.964119,960
live,570,16717697686751,16717697847212,16717697941357,16717699894788,2.208037,0.094145,1.953431,960
live,571,16717707686751,16717707870307,16717707950884,16717709915547,2.228796,0.080577,1.964663,960
live,572,16717717686751,16717717850650,16717717933435,16717719867698,2.180947,0.082785,1.934263,960
live,573,16717727686751,16717727839697,16717727918162,16717729900841,2.21409,0.078465,1.982679,960
live,574,16717737686751,16717737855016,16717737937193,16717739899936,2.213185,0.082177,1.962743,960
live,575,16717747686751,16717747843487,16717747922240,16717748941964,1.255213,0.078753,1.019724,960
live,576,16717757686751,16717757856790,16717757939223,16717758937731,1.25098,0.082433,0.998508,960
live,577,16717767686751,16717767849197,16717767927086,16717768862329,1.175578,0.077889,0.935243,960
live,578,16717777686751,16717777838468,16717777912389,16717778834352,1.147601,0.073921,0.921963,960
live,579,16717787686751,16717787844251,16717787917308,16717788840231,1.15348,0.073057,0.922923,960
live,580,16717797686751,16717797845523,16717797935508,16717800465522,2.778771,0.089985,2.530014,960
live,581,16717807686751,16717807862346,16717807935467,16717809282363,1.595612,0.073121,1.346896,960
live,582,16717817686751,16717817854561,16717817930146,16717819152656,1.465905,0.075585,1.22251,960
live,583,16717827686751,16717827907289,16717828259261,16717829478731,1.79198,0.351972,1.21947,960
live,584,16717837686751,16717837858639,16717837928208,16717839125598,1.438847,0.069569,1.19739,960
live,585,16717847686751,16717847847622,16717847917991,16717849326232,1.639481,0.070369,1.408241,960
live,586,16717857686751,16717857849885,16717857926494,16717859131500,1.444749,0.076609,1.205006,960
live,587,16717867686751,16717867845364,16717867920821,16717869154052,1.467301,0.075457,1.233231,960
live,588,16717877686751,16717877842955,16717877917708,16717880503851,2.8171,0.074753,2.586143,960
live,589,16717887686751,16717887847682,16717888242663,16717890225215,2.538464,0.394981,1.982552,960
live,590,16717897686751,16717897840633,16717898229886,16717900311319,2.624568,0.389253,2.081433,960
live,591,16717907686751,16717907839856,16717907920657,16717909903209,2.216458,0.080801,1.982552,960
live,592,16717917686751,16717917837096,16717917917832,16717919878912,2.192161,0.080736,1.96108,960
live,593,16717927686751,16717927842207,16717927921056,16717929906871,2.22012,0.078849,1.985815,960
live,594,16717937686751,16717937838262,16717937914583,16717939886094,2.199343,0.076321,1.971511,960
live,595,16717947686751,16717947836621,16717947916366,16717949891301,2.20455,0.079745,1.974935,960
live,596,16717957686751,16717957840516,16717957923589,16717960206048,2.519297,0.083073,2.282459,960
live,597,16717967686751,16717967845531,16717967939356,16717969808722,2.121971,0.093825,1.869366,960
live,598,16717977686751,16717977851506,16717977928755,16717979759401,2.07265,0.077249,1.830646,960
live,599,16717987686751,16717988397744,16717988590802,16717991213553,3.526802,0.193058,2.622751,960
replay,599,16717987686751,16717988461745,16717988716276,16718012326445,24.639694,0.254531,23.610169,73088
live,600,16717997686751,16717998049507,16717998261349,16718002243413,4.556662,0.211842,3.982064,960
live,601,16718007686751,16718007991513,16718008280925,16718011255808,3.569057,0.289412,2.974883,960
live,602,16718017686751,16718017880527,16718017985584,16718019919463,2.232712,0.105057,1.933879,960
live,603,16718027686751,16718027851750,16718027936135,16718029952895,2.266144,0.084385,2.01676,960
live,604,16718037686751,16718037854557,16718037948254,16718039586001,1.89925,0.093697,1.637747,960
live,605,16718047686751,16718047842740,16718047925365,16718050027790,2.341039,0.082625,2.102425,960
live,606,16718057686751,16718057848043,16718057940588,16718059810594,2.123843,0.092545,1.870006,960
live,607,16718067686751,16718067863330,16718067952259,16718069957083,2.270332,0.088929,2.004824,960
live,608,16718077686751,16718077848697,16718077927962,16718079814577,2.127826,0.079265,1.886615,960
live,609,16718087686751,16718087916721,16718087997138,16718089635558,1.948807,0.080417,1.63842,960
live,610,16718097686751,16718097870440,16718097957417,16718099549564,1.862813,0.086977,1.592147,960
live,611,16718107686751,16718107842302,16718107922303,16718110021016,2.334265,0.080001,2.098713,960
live,612,16718117686751,16718117846710,16718117920566,16718119908974,2.222223,0.073856,1.988408,960
live,613,16718127686751,16718127838541,16718127916493,16718129894149,2.207398,0.077952,1.977656,960
live,614,16718137686751,16718137855428,16718137981701,16718140146495,2.459744,0.126273,2.164794,960
live,615,16718147686751,16718147851355,16718147937372,16718149583536,1.896785,0.086017,1.646164,960
live,616,16718157686751,16718157836050,16718157914739,16718159511942,1.825191,0.078689,1.597203,960
live,617,16718167686751,16718167841385,16718167920266,16718169536605,1.849854,0.078881,1.616339,960
live,618,16718177686751,16718177836896,16718177914081,16718179508788,1.822037,0.077185,1.594707,960
live,619,16718187686751,16718187844279,16718187925592,16718190072018,2.385267,0.081313,2.146426,960
live,620,16718197686751,16718197842862,16718197936175,16718201191094,3.504343,0.093313,3.254919,960
live,621,16718207686751,16718207861702,16718207941543,16718209654971,1.96822,0.079841,1.713428,960
live,622,16718217686751,16718217863773,16718217965886,16718219696819,2.010068,0.102113,1.730933,960
live,623,16718227686751,16718227862228,16718227948085,16718229600105,1.913354,0.085857,1.65202,960
live,624,16718237686751,16718237845643,16718237919500,16718239806658,2.119907,0.073857,1.887158,960
live,625,16718247686751,16718247846530,16718247931139,16718249582935,1.896184,0.084609,1.651796,960
live,626,16718257686751,16718257847769,16718257928026,16718259899793,2.213042,0.080257,1.971767,960
live,627,16718267686751,16718267853264,16718267934705,16718269923081,2.23633,0.081441,1.988376,960
live,628,16718277686751,16718277848295,16718277925896,16718279826047,2.139296,0.077601,1.900151,960
live,629,16718287686751,16718287853150,16718287935519,16718289866198,2.179447,0.082369,1.930679,960
live,630,16718297686751,16718297840725,16718297922134,16718299542218,1.855467,0.081409,1.620084,960
live,631,16718307686751,16718307843212,16718307925773,16718309551393,1.864642,0.082561,1.62562,960
live,632,16718317686751,16718317840003,16718317915524,16718319535608,1.848857,0.075521,1.620084,960
live,633,16718327686751,16718327838523,16718327916731,16718329835922,2.149171,0.078208,1.919191,960
live,634,16718337686751,16718337838418,16718337920147,16718339828745,2.141994,0.081729,1.908598,960
live,635,16718347686751,16718347837449,16718347918474,16718349570109,1.883358,0.081025,1.651635,960
live,636,16718357686751,16718357846272,16718357923745,16718359915417,2.228666,0.077473,1.991672,960
live,637,16718367686751,16718367859543,16718367935736,16718369930000,2.243249,0.076193,1.994264,960
live,638,16718377686751,16718377853806,16718377933775,16718379944167,2.257416,0.079969,2.010392,960
live,639,16718387686751,16718387848229,16718387929030,16718389937150,2.250399,0.080801,2.00812,960
live,640,16718397686751,16718397843836,16718397924253,16718401154916,3.468165,0.080417,3.230663,960
live,641,16718407686751,16718407858644,16718407940245,16718409837867,2.151116,0.081601,1.897622,960
live,642,16718417686751,16718417847851,16718417928780,16718419600255,1.913504,0.080929,1.671475,960
live,643,16718427686751,16718427858082,16718427956515,16718429626359,1.939608,0.098433,1.669844,960
live,644,16718437686751,16718437873817,16718437959130,16718439938450,2.251699,0.085313,1.97932,960
live,645,16718447686751,16718447846032,16718447935633,16718449584197,1.897446,0.089601,1.648564,960
live,646,16718457686751,16718457867591,16718457951016,16718459550811,1.86406,0.083425,1.599795,960
live,647,16718467686751,16718467853790,16718467936351,16718469566771,1.88002,0.082561,1.63042,960
live,648,16718477686751,16718477841781,16718477920598,16718479546985,1.860234,0.078817,1.626387,960
live,649,16718487686751,16718487852044,16718487930285,16718489588353,1.901602,0.078241,1.658068,960
live,650,16718497686751,16718497841859,16718497922340,16718499542680,1.855929,0.080481,1.62034,960
live,651,16718507686751,16718507849146,16718507926747,16718509576943,1.890192,0.077601,1.650196,960
live,652,16718517686751,16718517837393,16718517917714,16718519525190,1.838439,0.080321,1.607476,960
live,653,16718527686751,16718527861801,16718527939530,16718529859041,2.17229,0.077729,1.919511,960
live,654,16718537686751,16718537849536,16718537926273,16718539529396,1.842645,0.076737,1.603123,960
live,655,16718547686751,16718548103258,16718548215419,16718550157138,2.470387,0.112161,1.941719,960
live,656,16718557686751,16718557870030,16718557954703,16718559551298,1.864547,0.084673,1.596595,960
live,657,16718567686751,16718567849829,16718567931110,16718569555385,1.868634,0.081281,1.624275,960
live,658,16718577686751,16718577844028,16718577923869,16718579534384,1.847633,0.079841,1.610515,960
live,659,16718587686751,16718587852307,16718587929460,16718589834891,2.14814,0.077153,1.905431,960
live,660,16718597686751,16718597862859,16718597952908,16718601281747,3.594996,0.090049,3.328839,960
live,661,16718607686751,16718607856226,16718607944387,16718609614646,1.927895,0.088161,1.670259,960
live,662,16718617686751,16718617843096,16718617924377,16718619567725,1.880974,0.081281,1.643348,960
live,663,16718627686751,16718627860496,16718627941329,16718630071082,2.384331,0.080833,2.129753,960
live,664,16718637686751,16718637857447,16718637935400,16718639984768,2.298017,0.077953,2.049368,960
live,665,16718647686751,16718647855838,16718647942367,16718650031160,2.344409,0.086529,2.088793,960
live,666,16718657686751,16718657865717,16718657965494,16718659631018,1.944267,0.099777,1.665524,960
live,667,16718667686751,16718667868108,16718667958797,16718670016102,2.329351,0.090689,2.057305,960
live,668,16718677686751,16718677928036,16718678077254,16718679762522,2.075771,0.149218,1.685268,960
live,669,16718687686751,16718687905947,16718688030556,16718689071209,1.384458,0.124609,1.040653,960
live,670,16718697686751,16718697865170,16718697956371,16718698898014,1.211263,0.091201,0.941643,960
live,671,16718707686751,16718707851336,16718707941802,16718708869141,1.18239,0.090466,0.927339,960
live,672,16718717686751,16718717838623,16718717907456,16718718785675,1.098924,0.068833,0.878219,960
live,673,16718727686751,16718727878583,16718727993208,16718728900259,1.213508,0.114625,0.907051,960
live,674,16718737686751,16718737863118,16718737957199,16718738837945,1.151194,0.094081,0.880746,960
live,675,16718747686751,16718747868613,16718747940038,16718748847537,1.160786,0.071425,0.907499,960
live,676,16718757686751,16718757839356,16718757911133,16718758797415,1.110664,0.071777,0.886282,960
live,677,16718767686751,16718767834387,16718767909652,16718768835071,1.14832,0.075265,0.925419,960
live,678,16718777686751,16718777837130,16718777910283,16718778811894,1.125143,0.073153,0.901611,960
live,679,16718787686751,16718787839265,16718787921442,16718788845997,1.159246,0.082177,0.924555,960
live,680,16718797686751,16718797843640,16718797917561,16718800507032,2.820281,0.073921,2.589471,960
live,681,16718807686751,16718807850543,16718807931248,16718809175679,1.488928,0.080705,1.244431,960
live,682,16718817686751,16718817869927,16718818276876,16718819712157,2.025406,0.406949,1.435281,960
live,683,16718827686751,16718827859774,16718827945087,16718829253230,1.566479,0.085313,1.308143,960
live,684,16718837686751,16718837876181,16718837974582,16718839242501,1.55575,0.098401,1.267919,960
live,685,16718847686751,16718847917997,16718848025998,16718849291037,1.604286,0.108001,1.265039,960
live,686,16718857686751,16718857873731,16718857953860,16718859201587,1.514836,0.080129,1.247727,960
live,687,16718867686751,16718867860890,16718867941467,16718869312779,1.626028,0.080577,1.371312,960
live,688,16718877686751,16718877863089,16718877938994,16718879190753,1.504002,0.075905,1.251759,960
live,689,16718887686751,16718887856200,16718887934441,16718889203352,1.516601,0.078241,1.268911,960
live,690,16718897686751,16718897869344,16718897944064,16718899248848,1.562097,0.07472,1.304784,960
live,691,16718907686751,16718907925719,16718908118298,16718910186866,2.500115,0.192579,2.068568,960
live,692,16718917686751,16718917852142,16718918237298,16718920361291,2.67454,0.385156,2.123993,960
live,693,16718927686751,16718927838148,16718927915109,16718929854780,2.168029,0.076961,1.939671,960
live,694,16718937686751,16718937851772,16718937927325,16718939595345,1.908594,0.075553,1.66802,960
live,695,16718947686751,16718947856819,16718947943828,16718949997740,2.310989,0.087009,2.053912,960
live,696,16718957686751,16718957861002,16718957938411,16718960384264,2.697513,0.077409,2.445853,960
live,697,16718967686751,16718967862369,16718967939650,16718969889241,2.20249,0.077281,1.949591,960
live,698,16718977686751,16718977848568,16718977927673,16718979846000,2.159249,0.079105,1.918327,960
live,699,16718987686751,16718988522711,16718988700921,16718990873971,3.18722,0.17821,2.17305,960
replay,699,16718987686751,16718988586104,16718989012701,16719015513497,27.826746,0.426597,26.500796,73088
live,700,16718997686751,16718998109225,16718998379053,16719003001188,5.314437,0.269828,4.622135,960
live,701,16719007686751,16719007951039,16719008268866,16719012647799,4.961048,0.317827,4.378933,960
live,702,16719017686751,16719017899061,16719018030615,16719019905229,2.218478,0.131554,1.874614,960
live,703,16719027686751,16719027866060,16719027954989,16719029976677,2.289926,0.088929,2.021688,960
live,704,16719037686751,16719037857091,16719037950116,16719039942748,2.255997,0.093025,1.992632,960
live,705,16719047686751,16719047857594,16719047938171,16719049957875,2.271124,0.080577,2.019704,960
live,706,16719057686751,16719057840721,16719057922194,16719059891017,2.204266,0.081473,1.968823,960
live,707,16719067686751,16719067847464,16719067927401,16719069946593,2.259842,0.079937,2.019192,960
live,708,16719077686751,16719077847295,16719077931424,16719079894264,2.207513,0.084129,1.96284,960
live,709,16719087686751,16719087848374,16719087927031,16719089905039,2.218288,0.078657,1.978008,960
live,710,16719097686751,16719097840973,16719097923566,16719099793637,2.106886,0.082593,1.870071,960
live,711,16719107686751,16719107849093,16719107930790,16719109914589,2.227838,0.081697,1.983799,960
live,712,16719117686751,16719117853820,16719117937533,16719119920148,2.233397,0.083713,1.982615,960
live,713,16719127686751,16719127863507,16719127956948,16719130038285,2.351534,0.093441,2.081337,960
live,714,16719137686751,16719137861322,16719137941995,16719139936867,2.250116,0.080673,1.994872,960
live,715,16719147686751,16719147866337,16719147953090,16719149975962,2.289211,0.086753,2.022872,960
live,716,16719157686751,16719157852248,16719157935289,16719159890192,2.203441,0.083041,1.954903,960
live,717,16719167686751,16719167938384,16719168074642,16719170115818,2.429067,0.136258,2.041176,960
live,718,16719177686751,16719177869063,16719177951624,16719179930623,2.243872,0.082561,1.978999,960
live,719,16719187686751,16719187851709,16719187928638,16719189929366,2.242615,0.076929,2.000728,960
live,720,16719197686751,16719197858133,16719197937526,16719201603937,3.917186,0.079393,3.666411,960
live,721,16719207686751,16719207860524,16719207943693,16719209982949,2.296198,0.083169,2.039256,960
live,722,16719217686751,16719217853155,16719217929668,16719220588067,2.901316,0.076513,2.658399,960
live,723,16719227686751,16719227848506,16719227936827,16719230041364,2.354613,0.088321,2.104537,960
live,724,16719237686751,16719237848273,16719237930770,16719239907017,2.220266,0.082497,1.976247,960
live,725,16719247686751,16719247843080,16719247923049,16719249899712,2.212961,0.079969,1.976663,960
live,726,16719257686751,16719257855871,16719257934208,16719259893848,2.207097,0.078337,1.95964,960
live,727,16719267686751,16719267843030,16719267921367,16719269903087,2.216336,0.078337,1.98172,960
live,728,16719277686751,16719277839629,16719277923310,16719279885158,2.198407,0.083681,1.961848,960
live,729,16719287686751,16719287852261,16719287931557,16719289932189,2.245438,0.079296,2.000632,960
live,730,16719297686751,16719297848604,16719297924637,16719299883476,2.196725,0.076033,1.958839,960
live,731,16719307686751,16719307846547,16719307921716,16719309924203,2.237452,0.075169,2.002487,960
live,732,16719317686751,16719317841098,16719317917387,16719319902370,2.215619,0.076289,1.984983,960
live,733,16719327686751,16719327847073,16719327926434,16719329946394,2.259643,0.079361,2.01996,960
live,734,16719337686751,16719337842008,16719337919929,16719339908049,2.221298,0.077921,1.98812,960
live,735,16719347686751,16719347897808,16719348047154,16719350019657,2.332906,0.149346,1.972503,960
live,736,16719357686751,16719357872007,16719357969032,16719359667740,1.980989,0.097025,1.698708,960
live,737,16719367686751,16719367864862,16719367950271,16719369931158,2.244407,0.085409,1.980887,960
live,738,16719377686751,16719377842484,16719377937366,16719379898605,2.211854,0.094882,1.961239,960
live,739,16719387686751,16719387861068,16719387955053,16719389854275,2.167524,0.093985,1.899222,960
live,740,16719397686751,16719397862275,16719397941060,16719401264235,3.577484,0.078785,3.323175,960
live,741,16719407686751,16719407853498,16719407931643,16719409911538,2.224787,0.078145,1.979895,960
live,742,16719417686751,16719417852081,16719417931250,16719419904649,2.217898,0.079169,1.973399,960
live,743,16719427686751,16719427848648,16719427924201,16719429257401,1.57065,0.075553,1.3332,960
live,744,16719437686751,16719437851615,16719437927264,16719439186735,1.499984,0.075649,1.259471,960
live,745,16719447686751,16719447846166,16719447920503,16719449206246,1.519495,0.074337,1.285743,960
live,746,16719457686751,16719457854029,16719457929582,16719459161981,1.47523,0.075553,1.232399,960
live,747,16719467686751,16719467850340,16719467922117,16719469179892,1.493141,0.071777,1.257775,960
live,748,16719477686751,16719477834843,16719477904892,16719479134539,1.447788,0.070049,1.229647,960
live,749,16719487686751,16719487849875,16719487918228,16719489182595,1.495844,0.068353,1.264367,960
live,750,16719497686751,16719497850218,16719497921995,16719499140153,1.453402,0.071777,1.218158,960
live,751,16719507686751,16719507842721,16719507910178,16719509149424,1.462673,0.067457,1.239246,960
live,752,16719517686751,16719517853400,16719517934617,16719519164872,1.478121,0.081217,1.230255,960
live,753,16719527686751,16719527858255,16719527937936,16719529171359,1.484608,0.079681,1.233423,960
live,754,16719537686751,16719537847558,16719537925223,16719539145590,1.458839,0.077665,1.220367,960
live,755,16719547686751,16719547846845,16719547921598,16719549868885,2.182134,0.074753,1.947287,960
live,756,16719557686751,16719557858933,16719558246681,16719560362162,2.675411,0.387748,2.115481,960
live,757,16719567686751,16719567920300,16719568328401,16719570389226,2.702475,0.408101,2.060825,960
live,758,16719577686751,16719577933828,16719578071781,16719581111626,3.424875,0.137953,3.039845,960
live,759,16719587686751,16719587876954,16719587970043,16719589710928,2.024177,0.093089,1.740885,960
live,760,16719597686751,16719597867729,16719597958674,16719600963734,3.276983,0.090945,3.00506,960
live,761,16719607686751,16719607941225,16719608050826,16719609760511,2.07376,0.109601,1.709685,960
live,762,16719617686751,16719617896800,16719617993121,16719619674293,1.987542,0.096321,1.681172,960
live,763,16719627686751,16719627871767,16719627962136,16719629683852,1.997101,0.090369,1.721716,960
live,764,16719637686751,16719637862446,16719637953039,16719639630371,1.94362,0.090593,1.677332,960
live,765,16719647686751,16719647868197,16719647947494,16719649647226,1.960475,0.079297,1.699732,960
live,766,16719657686751,16719657852124,16719657930877,16719659601712,1.914961,0.078753,1.670835,960
live,767,16719667686751,16719667858963,16719667942772,16719669653320,1.966569,0.083809,1.710548,960
live,768,16719677686751,16719677859530,16719677943947,16719679634015,1.947264,0.084417,1.690068,960
live,769,16719687686751,16719687851745,16719687931554,16719689666327,1.979576,0.079809,1.734773,960
live,770,16719697686751,16719697858200,16719697938105,16719699629933,1.943182,0.079905,1.691828,960
live,771,16719707686751,16719707849199,16719707930672,16719709653381,1.96663,0.081473,1.722709,960
live,772,16719717686751,16719717854022,16719717936423,16719719625019,1.938268,0.082401,1.688596,960
live,773,16719727686751,16719727848253,16719727932638,16719729658451,1.9717,0.084385,1.725813,960
live,774,16719737686751,16719737840212,16719737922261,16719739603209,1.916458,0.082049,1.680948,960
live,775,16719747686751,16719747844780,16719747924940,16719749682849,1.996098,0.08016,1.757909,960
live,776,16719757686751,16719757848803,16719757926436,16719759615864,1.929113,0.077633,1.689428,960
live,777,16719767686751,16719767845178,16719767924187,16719769653103,1.966352,0.079009,1.728916,960
live,778,16719777686751,16719777854545,16719777946546,16719779637382,1.950631,0.092001,1.690836,960
live,779,16719787686751,16719787861800,16719787951305,16719789678430,1.991679,0.089505,1.727125,960
live,780,16719797686751,16719797852255,16719797932288,16719800951524,3.264773,0.080033,3.019236,960
live,781,16719807686751,16719807853206,16719807951543,16719809059397,1.372646,0.098337,1.107854,960
live,782,16719817686751,16719817854285,16719817928174,16719818890682,1.203931,0.073889,0.962508,960
live,783,16719827686751,16719827852740,16719827924485,16719828905713,1.218962,0.071745,0.981228,960
live,784,16719837686751,16719837838427,16719837909372,16719838854696,1.167945,0.070945,0.945324,960
live,785,16719847686751,16719847840851,16719847917331,16719848878495,1.191744,0.07648,0.961164,960
live,786,16719857686751,16719857848426,16719857931851,16719858855446,1.168695,0.083425,0.923595,960
live,787,16719867686751,16719867848865,16719867919106,16719868869197,1.182446,0.070241,0.950091,960
live,788,16719877686751,16719877845272,16719877920281,16719878856900,1.170149,0.075009,0.936619,960
live,789,16719887686751,16719887841871,16719887930352,16719888876955,1.190204,0.088481,0.946603,960
live,790,16719897686751,16719897851206,16719897921351,16719898843250,1.156499,0.070145,0.921899,960
live,791,16719907686751,16719907845021,16719907921822,16719909165965,1.479214,0.076801,1.244143,960
live,792,16719917686751,16719917842420,16719917913717,16719919119460,1.432709,0.071297,1.205743,960
live,793,16719927686751,16719927845771,16719927917324,16719929147643,1.460892,0.071553,1.230319,960
live,794,16719937686751,16719937894499,16719938282600,16719940079837,2.393086,0.388101,1.797237,960
live,795,16719947686751,16719947855994,16719948250399,16719950055860,2.369109,0.394405,1.805461,960
live,796,16719957686751,16719957853649,16719958247254,16719960105164,2.418413,0.393605,1.85791,960
live,797,16719967686751,16719967846728,16719967926185,16719968958901,1.27215,0.079457,1.032716,960
live,798,16719977686751,16719977850879,16719977933504,16719978909132,1.222381,0.082625,0.975628,960
live,799,16719987686751,16719988462910,16719988883043,16719991995752,4.309001,0.420133,3.112709,960
replay,799,16719987686751,16719988522366,16719988985732,16720016090215,28.403464,0.463366,27.104483,73088
live,800,16719997686751,16719998456181,16719998691383,16720002475972,4.789221,0.235202,3.784589,960
live,801,16720007686751,16720008083527,16720008265737,16720010153632,2.466881,0.18221,1.887895,960
live,802,16720017686751,16720017923228,16720018037566,16720019236716,1.549965,0.114338,1.19915,960
live,803,16720027686751,16720027891571,16720027994772,16720029077633,1.390882,0.103201,1.082861,960
live,804,16720037686751,16720037876042,16720037967275,16720038997719,1.310968,0.091233,1.030444,960
live,805,16720047686751,16720047857281,16720047941090,16720049043535,1.356784,0.083809,1.102445,960
live,806,16720057686751,16720057844152,16720057919129,16720058873412,1.186661,0.074977,0.954283,960
live,807,16720067686751,16720067851695,16720067923536,16720068868251,1.1815,0.071841,0.944715,960
live,808,16720077686751,16720077847910,16720077918567,16720078835154,1.148403,0.070657,0.916587,960
live,809,16720087686751,16720087851389,16720087927774,16720088866922,1.180171,0.076385,0.939148,960
live,810,16720097686751,16720097834580,16720097910581,16720098851328,1.164577,0.076001,0.940747,960
live,811,16720107686751,16720107843372,16720107918188,16720108850808,1.164057,0.074816,0.93262,960
live,812,16720117686751,16720117856867,16720117938788,16720118855119,1.168368,0.081921,0.916331,960
live,813,16720127686751,16720127851642,16720127920635,16720129164106,1.477355,0.068993,1.243471,960
live,814,16720137686751,16720137847025,16720137916530,16720139141408,1.454657,0.069505,1.224878,960
live,815,16720147686751,16720147849672,16720147925001,16720149406939,1.720188,0.075329,1.481938,960
live,816,16720157686751,16720157841727,16720157917952,16720158826219,1.139468,0.076225,0.908267,960
live,817,16720167686751,16720167847382,16720167926743,16720168882275,1.195524,0.079361,0.955532,960
live,818,16720177686751,16720177845837,16720177918030,16720178825369,1.138618,0.072193,0.907339,960
live,819,16720187686751,16720187845413,16720187913669,16720188777072,1.090321,0.068256,0.863403,960
live,820,16720197686751,16720197825819,16720197909596,16720200142295,2.455544,0.083777,2.232699,960
live,821,16720207686751,16720207861555,16720207940852,16720208897311,1.21056,0.079297,0.956459,960
live,822,16720217686751,16720217852234,16720217949707,16720218890422,1.203671,0.097473,0.940715,960
live,823,16720227686751,16720227877697,16720227958370,16720229182513,1.495762,0.080673,1.224143,960
live,824,16720237686751,16720237857688,16720237935449,16720239363178,1.676427,0.077761,1.427729,960
live,825,16720247686751,16720248179827,16720248286261,16720249504771,1.81802,0.106434,1.21851,960
live,826,16720257686751,16720257868167,16720257945864,16720258834514,1.147763,0.077697,0.88865,960
live,827,16720267686751,16720267852126,16720267927359,16720268835209,1.148458,0.075233,0.90785,960
live,828,16720277686751,16720277850997,16720277949110,16720278879713,1.192962,0.098113,0.930603,960
live,829,16720287686751,16720287864524,16720287941293,16720288890328,1.203577,0.076769,0.949035,960
live,830,16720297686751,16720297863843,16720297945636,16720298902127,1.215376,0.081793,0.956491,960
live,831,16720307686751,16720307850938,16720307924347,16720308859686,1.172935,0.073409,0.935339,960
live,832,16720317686751,16720317845329,16720317923634,16720318822749,1.135998,0.078305,0.899115,960
live,833,16720327686751,16720327853544,16720327930057,16720329200248,1.513497,0.076513,1.270191,960
live,834,16720337686751,16720337855007,16720337926368,16720339136495,1.449744,0.071361,1.210127,960
live,835,16720347686751,16720348047897,16720348127066,16720349421609,1.734858,0.079169,1.294543,960
live,836,16720357686751,16720357854702,16720357930927,16720358860826,1.174075,0.076225,0.929899,960
live,837,16720367686751,16720367931494,16720368032967,16720368944498,1.257747,0.101473,0.911531,960
live,838,16720377686751,16720377877212,16720377953437,16720378860136,1.173385,0.076225,0.906699,960
live,839,16720387686751,16720387845075,16720387927828,16720388862175,1.175424,0.082753,0.934347,960
live,840,16720397686751,16720397859274,16720397929707,16720400867438,3.180687,0.070433,2.937731,960
live,841,16720407686751,16720407864737,16720407940642,16720409205969,1.519218,0.075905,1.265327,960
live,842,16720417686751,16720417842008,16720417915705,16720419153416,1.466665,0.073697,1.237711,960
live,843,16720427686751,16720427851728,16720427924240,16720429188415,1.501664,0.072512,1.264175,960
live,844,16720437686751,16720437860327,16720437936392,16720439157846,1.471095,0.076065,1.221454,960
live,845,16720447686751,16720447848798,16720447930847,16720449160013,1.473262,0.082049,1.229166,960
live,846,16720457686751,16720457847893,16720457930774,16720458832897,1.146146,0.082881,0.902123,960
live,847,16720467686751,16720467854540,16720467933165,16720468852696,1.165945,0.078625,0.919531,960
live,848,16720477686751,16720477853923,16720477938372,16720478857999,1.171248,0.084449,0.919627,960
live,849,16720487686751,16720487849562,16720487920923,16720488883271,1.19652,0.071361,0.962348,960
live,850,16720497686751,16720497842609,16720497921042,16720499279522,1.592771,0.078433,1.35848,960
live,851,16720507686751,16720507867049,16720507944810,16720509217785,1.531034,0.077761,1.272975,960
live,852,16720517686751,16720517863648,16720517945601,16720519179471,1.49272,0.081953,1.23387,960
live,853,16720527686751,16720527856503,16720527931608,16720529185607,1.498856,0.075105,1.253999,960
live,854,16720537686751,16720537848366,16720537926863,16720539153821,1.46707,0.078497,1.226958,960
live,855,16720547686751,16720547861349,16720547938598,16720549159509,1.472758,0.077249,1.220911,960
live,856,16720557686751,16720557846108,16720557933469,16720558840488,1.153737,0.087361,0.907019,960
live,857,16720567686751,16720567863795,16720567938196,16720568875295,1.188544,0.074401,0.937099,960
live,858,16720577686751,16720577846090,16720577915435,16720578817782,1.131031,0.069345,0.902347,960
live,859,16720587686751,16720587836417,16720587910466,16720588824205,1.137454,0.074049,0.913739,960
live,860,16720597686751,16720597849945,16720597928217,16720600120404,2.433653,0.078272,2.192187,960
live,861,16720607686751,16720607843856,16720607924497,16720609224832,1.538081,0.080641,1.300335,960
live,862,16720617686751,16720617859175,16720617943048,16720619301304,1.614553,0.083873,1.358256,960
live,863,16720627686751,16720627868126,16720627948863,16720629237678,1.550927,0.080737,1.288815,960
live,864,16720637686751,16720637843157,16720637922038,16720639192901,1.50615,0.078881,1.270863,960
live,865,16720647686751,16720647848396,16720647922349,16720649203004,1.516253,0.073953,1.280655,960
live,866,16720657686751,16720657840643,16720657918660,16720659177619,1.490868,0.078017,1.258959,960
live,867,16720667686751,16720667857210,16720667943868,16720669257003,1.570252,0.086658,1.313135,960
live,868,16720677686751,16720677860562,16720677933011,16720679202594,1.515843,0.072449,1.269583,960
live,869,16720687686751,16720687845449,16720687919561,16720689190425,1.503674,0.074112,1.270864,960
live,870,16720697686751,16720697846720,16720697918497,16720698836428,1.149677,0.071777,0.917931,960
live,871,16720707686751,16720707837111,16720707911352,16720709184935,1.498184,0.074241,1.273583,960
live,872,16720717686751,16720717856270,16720717930703,16720719161278,1.474527,0.074433,1.230575,960
live,873,16720727686751,16720727846245,16720727923014,16720729174549,1.487798,0.076769,1.251535,960
live,874,16720737686751,16720737872541,16720737953373,16720739209324,1.522573,0.080832,1.255951,960
live,875,16720747686751,16720747878324,16720747948309,16720749107010,1.420259,0.069985,1.158701,960
live,876,16720757686751,16720757843082,16720757925643,16720758834614,1.147863,0.082561,0.908971,960
live,877,16720767686751,16720767838881,16720767916578,16720769431412,1.744661,0.077697,1.514834,960
live,878,16720777686751,16720777847385,16720777927802,16720779168072,1.481321,0.080417,1.24027,960
live,879,16720787686751,16720787850928,16720787920049,16720789170464,1.483713,0.069121,1.250415,960
live,880,16720797686751,16720797845607,16720797917384,16720800410885,2.724134,0.071777,2.493501,960
live,881,16720807686751,16720807839646,16720807913951,16720808889546,1.202795,0.074305,0.975595,960
live,882,16720817686751,16720817854325,16720817933910,16720818870177,1.183426,0.079585,0.936267,960
live,883,16720827686751,16720827859052,16720827933773,16720829179964,1.493213,0.074721,1.246191,960
live,884,16720837686751,16720837856900,16720837937604,16720839151507,1.464756,0.080704,1.213903,960
live,885,16720847686751,16720847849755,16720847932444,16720849168298,1.481547,0.082689,1.235854,960
live,886,16720857686751,16720858223062,16720858297559,16720859450597,1.763846,0.074497,1.153038,960
live,887,16720867686751,16720867849001,16720867927754,16720868865909,1.179158,0.078753,0.938155,960
live,888,16720877686751,16720877852576,16720877930049,16720878856940,1.170189,0.077473,0.926891,960
live,889,16720887686751,16720887841047,16720887914744,16720888889731,1.20298,0.073697,0.974987,960
live,890,16720897686751,16720897848206,16720897918383,16720898837530,1.150779,0.070177,0.919147,960
live,891,16720907686751,16720907854501,16720907939366,16720909170805,1.484054,0.084865,1.231439,960
live,892,16720917686751,16720917857597,16720917927901,16720918848680,1.161929,0.070304,0.920779,960
live,893,16720927686751,16720927844339,16720927921524,16720928873696,1.186945,0.077185,0.952172,960
live,894,16720937686751,16720937841163,16720937921740,16720938844726,1.157975,0.080577,0.922986,960
live,895,16720947686751,16720947843554,16720947921059,16720948882638,1.195887,0.077505,0.961579,960
live,896,16720957686751,16720957854425,16720957939866,16720959152712,1.465961,0.085441,1.212846,960
live,897,16720967686751,16720967869136,16720967949265,16720968949373,1.262622,0.080129,1.000108,960
live,898,16720977686751,16720977868583,16720977944456,16720978881427,1.194676,0.075873,0.936971,960
live,899,16720987686751,16720988451237,16720988603879,16720990412445,2.725694,0.152642,1.808566,960
replay,899,16720987686751,16720988510374,16720988703016,16721016373842,28.687091,0.192642,27.670826,73088
live,900,16720997686751,16720998280283,16720998588702,16721002807952,5.121201,0.308419,4.21925,960
live,901,16721007686751,16721008109424,16721008367251,16721011931293,4.244542,0.257827,3.564042,960
live,902,16721017686751,16721017910436,16721018050182,16721019571288,1.884537,0.139746,1.521106,960
live,903,16721027686751,16721027891931,16721027989276,16721029424718,1.737967,0.097345,1.435442,960
live,904,16721037686751,16721037858930,16721037944787,16721039224514,1.537763,0.085857,1.279727,960
live,905,16721047686751,16721047851081,16721047932106,16721049269562,1.582811,0.081025,1.337456,960
live,906,16721057686751,16721057852448,16721057948129,16721059216720,1.529969,0.095681,1.268591,960
live,907,16721067686751,16721067847607,16721067920664,16721069208488,1.521737,0.073057,1.287824,960
live,908,16721077686751,16721077844430,16721077912623,16721079164894,1.478143,0.068193,1.252271,960
live,909,16721087686751,16721087848102,16721087920166,16721089181301,1.49455,0.072064,1.261135,960
live,910,16721097686751,16721097834333,16721097910717,16721099128108,1.441357,0.076384,1.217391,960
live,911,16721107686751,16721107838644,16721107917621,16721109180036,1.493285,0.078977,1.262415,960
live,912,16721117686751,16721117835211,16721117917196,16721119180731,1.49398,0.081985,1.263535,960
live,913,16721127686751,16721127937859,16721128046212,16721129388020,1.701269,0.108353,1.341808,960
live,914,16721137686751,16721137884346,16721137961275,16721139236554,1.549803,0.076929,1.275279,960
live,915,16721147686751,16721147846960,16721147931729,16721149189312,1.502561,0.084769,1.257583,960
live,916,16721157686751,16721157844327,16721157923144,16721159160791,1.47404,0.078817,1.237647,960
live,917,16721167686751,16721167999456,16721168516423,16721169917975,2.231224,0.516967,1.401552,960
live,918,16721177686751,16721177850070,16721178246459,16721180190674,2.503923,0.396389,1.944215,960
live,919,16721187686751,16721187858637,16721188250738,16721190362539,2.675788,0.392101,2.111801,960
live,920,16721197686751,16721197859972,16721198256425,16721201982485,4.295734,0.396453,3.72606,960
live,921,16721207686751,16721207854235,16721208248544,16721210496923,2.810172,0.394309,2.248379,960
live,922,16721217686751,16721217854066,16721218267415,16721220569971,2.88322,0.413349,2.302556,960
live,923,16721227686751,16721227848297,16721227929578,16721230080644,2.393893,0.081281,2.151066,960
live,924,16721237686751,16721237853953,16721237936162,16721239954746,2.267995,0.082209,2.018584,960
live,925,16721247686751,16721247853880,16721247933881,16721249861136,2.174385,0.080001,1.927255,960
live,926,16721257686751,16721257845455,16721257926256,16721259961288,2.274537,0.080801,2.035032,960
live,927,16721267686751,16721267847526,16721267924391,16721270660231,2.97348,0.076865,2.73584,960
live,928,16721277686751,16721277837629,16721277935614,16721279883925,2.197174,0.097985,1.948311,960
live,929,16721287686751,16721287857428,16721287938197,16721289992238,2.305487,0.080769,2.054041,960
live,930,16721297686751,16721297846027,16721297924428,16721299928772,2.242021,0.078401,2.004344,960
live,931,16721307686751,16721307850242,16721307929955,16721309878523,2.191772,0.079713,1.948568,960
live,932,16721317686751,16721317850842,16721317933083,16721319947315,2.260564,0.082241,2.014232,960
live,933,16721327686751,16721327835345,16721327913138,16721329995754,2.309003,0.077793,2.082616,960
live,934,16721337686751,16721337850056,16721337937865,16721339978337,2.291586,0.087809,2.040472,960
live,935,16721347686751,16721347848127,16721347929376,16721349974808,2.288057,0.081249,2.045432,960
live,936,16721357686751,16721357848502,16721357929015,16721359951599,2.264848,0.080513,2.022584,960
live,937,16721367686751,16721367842637,16721367927758,16721369965094,2.278343,0.085121,2.037336,960
live,938,16721377686751,16721377835396,16721377914277,16721379941661,2.25491,0.078881,2.027384,960
live,939,16721387686751,16721387838011,16721387924764,16721389964949,2.278198,0.086753,2.040185,960
live,940,16721397686751,16721397856723,16721397936532,16721401247867,3.561116,0.079809,3.311335,960
live,941,16721407686751,16721407867626,16721407961099,16721410022148,2.335397,0.093473,2.061049,960
live,942,16721417686751,16721417856961,16721417944130,16721419997179,2.310428,0.087169,2.053049,960
live,943,16721427686751,16721427855512,16721427935321,16721429991058,2.304307,0.079809,2.055737,960
live,944,16721437686751,16721437851439,16721437932112,16721439945064,2.258313,0.080673,2.012952,960
live,945,16721447686751,16721447859750,16721447944615,16721449367576,1.680825,0.084865,1.422961,960
live,946,16721457686751,16721457854814,16721457932830,16721459201838,1.515087,0.078016,1.269008,960
live,947,16721467686751,16721467857077,16721467926838,16721469200293,1.513542,0.069761,1.273455,960
live,948,16721477686751,16721477845516,16721477915437,16721479184284,1.497533,0.069921,1.268847,960
live,949,16721487686751,16721487837795,16721487909060,16721489164019,1.477268,0.071265,1.254959,960
live,950,16721497686751,16721497845114,16721497914555,16721499146793,1.460042,0.069441,1.232238,960
live,951,16721507686751,16721507847409,16721507929170,16721509191809,1.505058,0.081761,1.262639,960
live,952,16721517686751,16721517900265,16721517975850,16721519206200,1.519449,0.075585,1.23035,960
live,953,16721527686751,16721527835615,16721527915744,16721529164943,1.478192,0.080129,1.249199,960
live,954,16721537686751,16721537850903,16721537926839,16721539165318,1.478567,0.075936,1.238479,960
live,955,16721547686751,16721547842702,16721547920526,16721549182910,1.496159,0.077824,1.262384,960
live,956,16721557686751,16721557837605,16721557914054,16721559140212,1.453461,0.076449,1.226158,960
live,957,16721567686751,16721567863804,16721568265825,16721570331929,2.645178,0.402021,2.066104,960
live,958,16721577686751,16721577850195,16721578250840,16721580397265,2.710514,0.400645,2.146425,960
live,959,16721587686751,16721587856106,16721587933899,16721589988420,2.301669,0.077793,2.054521,960
live,960,16721597686751,16721597848833,16721597927682,16721601191081,3.50433,0.078849,3.263399,960
live,961,16721607686751,16721607859193,16721607938489,16721609994546,2.307795,0.079296,2.056057,960
live,962,16721617686751,16721617850032,16721617938097,16721620198092,2.511341,0.088065,2.259995,960
live,963,16721627686751,16721627940328,16721628077545,16721630193411,2.50666,0.137217,2.115866,960
live,964,16721637686751,16721637860958,16721637939103,16721639962807,2.276056,0.078145,2.023704,960
live,965,16721647686751,16721647858101,16721647945750,16721650064143,2.377392,0.087649,2.118393,960
live,966,16721657686751,16721657859628,16721657940845,16721659976805,2.290054,0.081217,2.03596,960
live,967,16721667686751,16721667855875,16721667945156,16721670015709,2.328958,0.089281,2.070553,960
live,968,16721677686751,16721677869467,16721677957756,16721680987616,3.300865,0.088289,3.02986,960
live,969,16721687686751,16721687858322,16721687949235,16721690000491,2.31374,0.090913,2.051256,960
live,970,16721697686751,16721697847593,16721697929578,16721699968770,2.282019,0.081985,2.039192,960
live,971,16721707686751,16721707840896,16721707916705,16721709950009,2.263258,0.075809,2.033304,960
live,972,16721717686751,16721717849719,16721717942168,16721719991536,2.304785,0.092449,2.049368,960
live,973,16721727686751,16721727856622,16721727941967,16721730030952,2.344201,0.085345,2.088985,960
live,974,16721737686751,16721737840229,16721737927526,16721739979999,2.293248,0.087297,2.052473,960
live,975,16721747686751,16721747845308,16721747926429,16721750010006,2.323255,0.081121,2.083577,960
live,976,16721757686751,16721757838899,16721757918708,16721759976653,2.289902,0.079809,2.057945,960
live,977,16721767686751,16721767854059,16721767930443,16721769954532,2.267781,0.076384,2.024089,960
live,978,16721777686751,16721777841858,16721777924611,16721779981467,2.294716,0.082753,2.056856,960
live,979,16721787686751,16721787836857,16721787916410,16721789972242,2.285491,0.079553,2.055832,960
live,980,16721797686751,16721797848176,16721797929361,16721801168215,3.481464,0.081185,3.238854,960
live,981,16721807686751,16721807853351,16721807944008,16721810004993,2.318242,0.090657,2.060985,960
live,982,16721817686751,16721817857790,16721817938335,16721819953879,2.267128,0.080545,2.015544,960
live,983,16721827686751,16721827843029,16721827920630,16721829967055,2.280304,0.077601,2.046425,960
live,984,16721837686751,16721837836396,16721837919437,16721839959078,2.272327,0.083041,2.039641,960
live,985,16721847686751,16721847853732,16721847944581,16721850094526,2.407775,0.090849,2.149945,960
live,986,16721857686751,16721857855323,16721857948956,16721859358189,1.671438,0.093633,1.409233,960
live,987,16721867686751,16721867853778,16721867936467,16721869247138,1.560387,0.082689,1.310671,960
live,988,16721877686751,16721877867369,16721877944522,16721879248474,1.561723,0.077153,1.303952,960
live,989,16721887686751,16721887910209,16721887995650,16721889318162,1.631411,0.085441,1.322512,960
live,990,16721897686751,16721897891000,16721897968569,16721899239496,1.552745,0.077569,1.270927,960
live,991,16721907686751,16721907844430,16721907926607,16721909203871,1.51712,0.082177,1.277264,960
live,992,16721917686751,16721917854950,16721917932582,16721919285495,1.598744,0.077632,1.352913,960
live,993,16721927686751,16721927839869,16721927916541,16721929178316,1.491565,0.076672,1.261775,960
live,994,16721937686751,16721937854932,16721937938741,16721939227780,1.541029,0.083809,1.289039,960
live,995,16721947686751,16721947857483,16721947933740,16721949194875,1.508124,0.076257,1.261135,960
live,996,16721957686751,16721957843938,16721957917315,16721959163314,1.476563,0.073377,1.245999,960
live,997,16721967686751,16721967850425,16721967930970,16721969224010,1.537259,0.080545,1.29304,960
live,998,16721977686751,16721977835632,16721977912817,16721979163424,1.476673,0.077185,1.250607,960
replay,999,16721987686751,16721988495279,16721988612849,16722012833393,25.146642,0.11757,24.220544,73088
live,999,16721987686751,16721988431278,16721989241688,16721992159547,4.472796,0.81041,2.917859,960
live,1000,16721997686751,16721998174018,16721998794314,16722004076361,6.38961,0.620296,5.282047,960
live,1001,16722007686751,16722008177434,16722008708032,16722011742372,4.055621,0.530598,3.03434,960
live,1002,16722017686751,16722017892525,16722018042383,16722020053735,2.366984,0.149858,2.011352,960
live,1003,16722027686751,16722027871076,16722027971653,16722030143615,2.456864,0.100577,2.171962,960
live,1004,16722037686751,16722038144767,16722038237120,16722040613372,2.926621,0.092353,2.376252,960
live,1005,16722047686751,16722047844178,16722047929011,16722049907211,2.22046,0.084833,1.9782,960
live,1006,16722057686751,16722057837705,16722057914154,16722059842433,2.155682,0.076449,1.928279,960
live,1007,16722067686751,16722067832256,16722067918209,16722069990746,2.303995,0.085953,2.072537,960
live,1008,16722077686751,16722077841880,16722077925945,16722079284617,1.597866,0.084065,1.358672,960
live,1009,16722087686751,16722087852751,16722087932368,16722089232831,1.54608,0.079617,1.300463,960
live,1010,16722097686751,16722097842022,16722097923431,16722099540058,1.853307,0.081409,1.616627,960
live,1011,16722107686751,16722107855197,16722107939326,16722109875093,2.188342,0.084129,1.935767,960
live,1012,16722117686751,16722117863124,16722117952918,16722119980302,2.293551,0.089794,2.027384,960
live,1013,16722127686751,16722127853963,16722127947693,16722130118630,2.431879,0.09373,2.170937,960
live,1014,16722137686751,16722137847171,16722137932164,16722139940827,2.254076,0.084993,2.008663,960
live,1015,16722147686751,16722147834202,16722147919003,16722149975123,2.288372,0.084801,2.05612,960
live,1016,16722157686751,16722157834417,16722157913938,16722159944042,2.257291,0.079521,2.030104,960
live,1017,16722167686751,16722167837320,16722167924777,16722169988481,2.30173,0.087457,2.063704,960
live,1018,16722177686751,16722177842015,16722177924800,16722179953912,2.267161,0.082785,2.029112,960
live,1019,16722187686751,16722187837110,16722187920919,16722189972112,2.285361,0.083809,2.051193,960
live,1020,16722197686751,16722197845325,16722197926606,16722201499001,3.81225,0.081281,3.572395,960
live,1021,16722207686751,16722207845125,16722207927206,16722209949374,2.262623,0.082081,2.022168,960
live,1022,16722217686751,16722217842524,16722217921373,16722219965237,2.278486,0.078849,2.043864,960
live,1023,16722227686751,16722227838963,16722227919380,16722229957708,2.270957,0.080417,2.038328,960
live,1024,16722237686751,16722237844266,16722237925099,16722239961059,2.274308,0.080833,2.03596,960
live,1025,16722247686751,16722247836673,16722247916866,16722249957818,2.271067,0.080193,2.040952,960
live,1026,16722257686751,16722257842680,16722257922745,16722259952369,2.265618,0.080065,2.029624,960
live,1027,16722267686751,16722267833423,16722267913296,16722269981257,2.294506,0.079873,2.067961,960
live,1028,16722277686751,16722277834630,16722277914663,16722279918047,2.231296,0.080033,2.003384,960
live,1029,16722287686751,16722287839710,16722287916831,16722289973079,2.286328,0.077121,2.056248,960
live,1030,16722297686751,16722297833653,16722297910422,16722299952750,2.265999,0.076769,2.042328,960
live,1031,16722307686751,16722307851404,16722307932653,16722309993094,2.306343,0.081249,2.060441,960
live,1032,16722317686751,16722317853507,16722317934276,16722319951068,2.264317,0.080769,2.016792,960
live,1033,16722327686751,16722327855226,16722327948283,16722330095605,2.408854,0.093057,2.147322,960
live,1034,16722337686751,16722337862258,16722337941299,16722339969771,2.28302,0.079041,2.028472,960
live,1035,16722347686751,16722347846825,16722347927561,16722349979010,2.292259,0.080736,2.051449,960
live,1036,16722357686751,16722357844416,16722357923553,16722359949081,2.26233,0.079137,2.025528,960
live,1037,16722367686751,16722367837783,16722367917848,16722369957168,2.270417,0.080065,2.03932,960
live,1038,16722377686751,16722377833678,16722377912975,16722379951943,2.265192,0.079297,2.038968,960
live,1039,16722387686751,16722387846757,16722387923526,16722390005663,2.318912,0.076769,2.082137,960
live,1040,16722397686751,16722397829596,16722397910525,16722401229733,3.542982,0.080929,3.319208,960
live,1041,16722407686751,16722407863092,16722407947413,16722409984589,2.297838,0.084321,2.037176,960
live,1042,16722417686751,16722417853259,16722417939116,16722419971300,2.284549,0.085857,2.032184,960
live,1043,16722427686751,16722427850786,16722427942755,16722430025180,2.338429,0.091969,2.082425,960
live,1044,16722437686751,16722437851257,16722437931546,16722439945874,2.259123,0.080289,2.014328,960
live,1045,16722447686751,16722448131091,16722448213684,16722450233484,2.546733,0.082593,2.0198,960
live,1046,16722457686751,16722457841991,16722457920648,16722459948000,2.261249,0.078657,2.027352,960
live,1047,16722467686751,16722467849246,16722467941119,16722469981272,2.294521,0.091873,2.040153,960
live,1048,16722477686751,16722477851957,16722477942135,16722479956879,2.270128,0.090178,2.014744,960
live,1049,16722487686751,16722487850189,16722487927917,16722489988838,2.302087,0.077728,2.060921,960
live,1050,16722497686751,16722497836580,16722497917701,16722500631973,2.945222,0.081121,2.714272,960
live,1051,16722507686751,16722507842971,16722507923548,16722509975188,2.288437,0.080577,2.05164,960
live,1052,16722517686751,16722517838770,16722517917267,16722519948107,2.261356,0.078497,2.03084,960
live,1053,16722527686751,16722527846345,16722527935658,16722529958818,2.272067,0.089313,2.02316,960
live,1054,16722537686751,16722537858656,16722537941089,16722539961497,2.274746,0.082433,2.020408,960
live,1055,16722547686751,16722547849719,16722547932632,16722550409942,2.723191,0.082913,2.47731,960
live,1056,16722557686751,16722557861199,16722557942672,16722559986216,2.299465,0.081473,2.043544,960
live,1057,16722567686751,16722567852038,16722567935463,16722569974559,2.287808,0.083425,2.039096,960
live,1058,16722577686751,16722577850685,16722577930942,16722579949046,2.262295,0.080257,2.018104,960
live,1059,16722587686751,16722587845492,16722587924821,16722589938861,2.25211,0.079329,2.01404,960
live,1060,16722597686751,16722597848043,16722597927308,16722601229107,3.542356,0.079265,3.301799,960
live,1061,16722607686751,16722607845954,16722607928547,16722609991292,2.304541,0.082593,2.062745,960
live,1062,16722617686751,16722617844921,16722617935130,16722619980083,2.293332,0.090209,2.044953,960
live,1063,16722627686751,16722627855057,16722627938962,16722629994218,2.307467,0.083905,2.055256,960
live,1064,16722637686751,16722637844456,16722637924873,16722639927360,2.240609,0.080417,2.002487,960
live,1065,16722647686751,16722647890175,16722647982560,16722649996568,2.309817,0.092385,2.014008,960
live,1066,16722657686751,16722657868982,16722657952119,16722659662028,1.975277,0.083137,1.709909,960
live,1067,16722667686751,16722667843021,16722667922286,16722669656547,1.969796,0.079265,1.734261,960
live,1068,16722677686751,16722677832548,16722677911941,16722679609657,1.922906,0.079393,1.697716,960
live,1069,16722687686751,16722687834555,16722687916348,16722689944468,2.257717,0.081793,2.02812,960
live,1070,16722697686751,16722697832306,16722697915603,16722699923755,2.237004,0.083297,2.008152,960
live,1071,16722707686751,16722707831561,16722707913706,16722709650655,1.963904,0.082145,1.736949,960
live,1072,16722717686751,16722717832065,16722717922370,16722719630422,1.943671,0.090305,1.708052,960
live,1073,16722727686751,16722727845016,16722727923257,16722729949649,2.262898,0.078241,2.026392,960
live,1074,16722737686751,16722737831727,16722737922320,16722739949096,2.262345,0.090593,2.026776,960
live,1075,16722747686751,16722747847526,16722747929767,16722749986528,2.299777,0.082241,2.056761,960
live,1076,16722757686751,16722757841949,16722757926142,16722759757492,2.070741,0.084193,1.83135,960
live,1077,16722767686751,16722767844564,16722767923733,16722769670346,1.983595,0.079169,1.746613,960
live,1078,16722777686751,16722777842380,16722777923981,16722779712322,2.025571,0.081601,1.788341,960
live,1079,16722787686751,16722787870147,16722787966724,16722789739641,2.05289,0.096577,1.772917,960
live,1080,16722797686751,16722797857594,16722797937435,16722800949919,3.263168,0.079841,3.012484,960
live,1081,16722807686751,16722807854097,16722807936242,16722810007275,2.320524,0.082145,2.071033,960
live,1082,16722817686751,16722817841000,16722817918985,16722819699870,2.013119,0.077985,1.780885,960
live,1083,16722827686751,16722827841791,16722827921216,16722830082298,2.395547,0.079425,2.161082,960
live,1084,16722837686751,16722837838870,16722837919831,16722839935631,2.24888,0.080961,2.0158,960
live,1085,16722847686751,16722847837774,16722847913070,16722849656291,1.96954,0.075296,1.743221,960
live,1086,16722857686751,16722857835781,16722857917798,16722859891581,2.20483,0.082017,1.973783,960
live,1087,16722867686751,16722867837244,16722867915709,16722869642129,1.955378,0.078465,1.72642,960
live,1088,16722877686751,16722877839027,16722877917076,16722879640424,1.953673,0.078049,1.723348,960
live,1089,16722887686751,16722887847082,16722887925899,16722888948375,1.261624,0.078817,1.022476,960
live,1090,16722897686751,16722897836737,16722897914498,16722899165713,1.478962,0.077761,1.251215,960
live,1091,16722907686751,16722907845976,16722908204733,16722909473228,1.786477,0.358757,1.268495,960
live,1092,16722917686751,16722917849040,16722917932081,16722919208192,1.521441,0.083041,1.276111,960
live,1093,16722927686751,16722927838759,16722927915720,16722929170359,1.483608,0.076961,1.254639,960
live,1094,16722937686751,16722937840702,16722937914047,16722939155566,1.468815,0.073345,1.241519,960
live,1095,16722947686751,16722947839061,16722947913558,16722948854977,1.168226,0.074497,0.941419,960
live,1096,16722957686751,16722957840044,16722957908653,16722958962265,1.275514,0.068609,1.053612,960
live,1097,16722967686751,16722967834115,16722967904132,16722968833647,1.146896,0.070017,0.929515,960
live,1098,16722977686751,16722977834618,16722977907163,16722979115498,1.428747,0.072545,1.208335,960
replay,1099,16722987686751,16722988523514,16722988643355,16723017070510,29.383759,0.119841,28.427155,73088
live,1099,16722987686751,16722988466777,16722990275311,16722991632415,3.945664,1.808534,1.357104,960
live,1100,16722997686751,16722998516689,16722998829493,16723002845572,5.158821,0.312804,4.016079,960
live,1101,16723007686751,16723008051810,16723008941741,16723015374650,7.687899,0.889931,6.432909,960
live,1102,16723017686751,16723017931352,16723018083962,16723019557131,1.87038,0.15261,1.473169,960
live,1103,16723027686751,16723027866126,16723027966704,16723029887975,2.201224,0.100578,1.921271,960
live,1104,16723037686751,16723037850853,16723037940551,16723039631995,1.945244,0.089698,1.691444,960
live,1105,16723047686751,16723047848125,16723047928446,16723049731411,2.04466,0.080321,1.802965,960
live,1106,16723057686751,16723057841300,16723057926677,16723059587656,1.900905,0.085377,1.660979,960
live,1107,16723067686751,16723067830443,16723067909260,16723069690241,2.00349,0.078817,1.780981,960
live,1108,16723077686751,16723077841410,16723077921731,16723079601495,1.914744,0.080321,1.679764,960
live,1109,16723087686751,16723087832281,16723087909498,16723089619886,1.933135,0.077217,1.710388,960
live,1110,16723097686751,16723097835760,16723097916337,16723099573125,1.886374,0.080577,1.656788,960
live,1111,16723107686751,16723107838471,16723107929128,16723110047522,2.360771,0.090657,2.118394,960
live,1112,16723117686751,16723117841951,16723117926400,16723119992056,2.305305,0.084449,2.065656,960
live,1113,16723127686751,16723127838262,16723127918775,16723129991151,2.3044,0.080513,2.072376,960
live,1114,16723137686751,16723137833581,16723137915310,16723139846629,2.159878,0.081729,1.931319,960
live,1115,16723147686751,16723147837316,16723147919429,16723149901277,2.214526,0.082113,1.981848,960
live,1116,16723157686751,16723157831611,16723157912284,16723159569296,1.882545,0.080673,1.657012,960
live,1117,16723167686751,16723168045333,16723168133142,16723169826506,2.139755,0.087809,1.693364,960
live,1118,16723177686751,16723177834313,16723177914442,16723179584446,1.897695,0.080129,1.670004,960
live,1119,16723187686751,16723187835041,16723187916834,16723189600822,1.914071,0.081793,1.683988,960
live,1120,16723197686751,16723197836664,16723197915993,16723201155519,3.468768,0.079329,3.239526,960
live,1121,16723207686751,16723207852559,16723207932048,16723210072362,2.385611,0.079489,2.140314,960
live,1122,16723217686751,16723217840070,16723217922759,16723220053312,2.366561,0.082689,2.130553,960
live,1123,16723227686751,16723227865886,16723227953631,16723230042807,2.356056,0.087745,2.089176,960
live,1124,16723237686751,16723237866581,16723237950166,16723240138128,2.451377,0.083585,2.187962,960
live,1125,16723247686751,16723247866252,16723247955437,16723249931876,2.245125,0.089185,1.976439,960
live,1126,16723257686751,16723257858915,16723257946500,16723259619896,1.933145,0.087585,1.673396,960
live,1127,16723267686751,16723267853562,16723267943355,16723270050996,2.364245,0.089793,2.107641,960
live,1128,16723277686751,16723277903410,16723278024723,16723279690247,2.003496,0.121313,1.665524,960
live,1129,16723287686751,16723287859368,16723287954506,16723289634590,1.947839,0.095138,1.680084,960
live,1130,16723297686751,16723297847071,16723297927776,16723299566292,1.879541,0.080705,1.638516,960
live,1131,16723307686751,16723307847799,16723307943032,16723309760077,2.073326,0.095233,1.817045,960
live,1132,16723317686751,16723317951183,16723318037392,16723320117993,2.431242,0.086209,2.080601,960
live,1133,16723327686751,16723327849381,16723327947398,16723330046879,2.360128,0.098017,2.099481,960
live,1134,16723337686751,16723337854012,16723337939197,16723339873396,2.186645,0.085185,1.934199,960
live,1135,16723347686751,16723347840979,16723347922836,16723349651369,1.964618,0.081857,1.728533,960
live,1136,16723357686751,16723357842506,16723357922027,16723359596351,1.9096,0.079521,1.674324,960
live,1137,16723367686751,16723367844929,16723367935202,16723369664311,1.97756,0.090273,1.729109,960
live,1138,16723377686751,16723377841433,16723377920025,16723379603470,1.916719,0.078592,1.683445,960
live,1139,16723387686751,16723387833904,16723387913361,16723389617093,1.930342,0.079457,1.703732,960
live,1140,16723397686751,16723397840999,16723397919720,16723401106862,3.420111,0.078721,3.187142,960
live,1141,16723407686751,16723407902911,16723408068865,16723409640595,1.953844,0.165954,1.57173,960
live,1142,16723417686751,16723417934518,16723418035159,16723419072932,1.386181,0.100641,1.037773,960
live,1143,16723427686751,16723427896653,16723427992718,16723428963706,1.276955,0.096065,0.970988,960
live,1144,16723437686751,16723437868196,16723437944613,16723438894064,1.207313,0.076417,0.949451,960
live,1145,16723447686751,16723447877755,16723447951228,16723448913287,1.226536,0.073473,0.962059,960
live,1146,16723457686751,16723457842898,16723457917779,16723458865662,1.178911,0.074881,0.947883,960
live,1147,16723467686751,16723467866313,16723467958250,16723468924566,1.237815,0.091937,0.966316,960
live,1148,16723477686751,16723477847456,16723477927969,16723478860300,1.173549,0.080513,0.932331,960
live,1149,16723487686751,16723487838679,16723487914680,16723488858403,1.171652,0.076001,0.943723,960
live,1150,16723497686751,16723497840014,16723497926735,16723498835066,1.148315,0.086721,0.908331,960
live,1151,16723507686751,16723507848358,16723507926983,16723508870162,1.183411,0.078625,0.943179,960
live,1152,16723517686751,16723517845981,16723517927518,16723518983882,1.297131,0.081537,1.056364,960
live,1153,16723527686751,16723527851060,16723527936405,16723529204164,1.517413,0.085345,1.267759,960
live,1154,16723537686751,16723537852427,16723537927404,16723539146011,1.45926,0.074977,1.218607,960
live,1155,16723547686751,16723547848706,16723547928483,16723549170130,1.483379,0.079777,1.241647,960
live,1156,16723557686751,16723557844441,16723557922138,16723559152361,1.46561,0.077697,1.230223,960
live,1157,16723567686751,16723567842960,16723567917137,16723569155424,1.468673,0.074177,1.238287,960
live,1158,16723577686751,16723577834888,16723577912264,16723579291161,1.60441,0.077376,1.378897,960
live,1159,16723587686751,16723587837791,16723588225475,16723590232699,2.545948,0.387684,2.007224,960
live,1160,16723597686751,16723597848982,16723598239611,16723601875526,4.188775,0.390629,3.635915,960
live,1161,16723607686751,16723607843533,16723608234162,16723610484653,2.797902,0.390629,2.250491,960
live,1162,16723617686751,16723617850468,16723617932869,16723620216545,2.529794,0.082401,2.283676,960
live,1163,16723627686751,16723627841275,16723627920636,16723630027061,2.34031,0.079361,2.106425,960
live,1164,16723637686751,16723637838738,16723637915443,16723640037645,2.350894,0.076705,2.122202,960
live,1165,16723647686751,16723647851498,16723647925387,16723650014372,2.327621,0.073889,2.088985,960
live,1166,16723657686751,16723658225125,16723658362855,16723660602466,2.915715,0.13773,2.239611,960
live,1167,16723667686751,16723667880888,16723667986970,16723670221332,2.534581,0.106082,2.234362,960
live,1168,16723677686751,16723678005905,16723678143155,16723680038537,2.351786,0.13725,1.895382,960
live,1169,16723687686751,16723687864295,16723687959592,16723689688892,2.002141,0.095297,1.7293,960
live,1170,16723697686751,16723697851870,16723697933599,16723699603762,1.917011,0.081729,1.670163,960
live,1171,16723707686751,16723707833460,16723707911605,16723709598602,1.911851,0.078145,1.686997,960
live,1172,16723717686751,16723717842188,16723717919885,16723719668898,1.982147,0.077697,1.749013,960
live,1173,16723727686751,16723727834531,16723727921828,16723730498499,2.811748,0.087297,2.576671,960
live,1174,16723737686751,16723737840794,16723737932219,16723739908883,2.222132,0.091425,1.976664,960
live,1175,16723747686751,16723747845937,16723747931634,16723749274914,1.588163,0.085697,1.34328,960
live,1176,16723757686751,16723757839784,16723757922313,16723759183960,1.497209,0.082529,1.261647,960
live,1177,16723767686751,16723767838367,16723767911456,16723769171183,1.484432,0.073089,1.259727,960
live,1178,16723777686751,16723777830135,16723777905687,16723779148294,1.461543,0.075552,1.242607,960
live,1179,16723787686751,16723787827854,16723787905839,16723789191326,1.504575,0.077985,1.285487,960
live,1180,16723797686751,16723797841637,16723797914598,16723800417572,2.730821,0.072961,2.502974,960
live,1181,16723807686751,16723807839804,16723807920093,16723809195148,1.508397,0.080289,1.275055,960
live,1182,16723817686751,16723817855635,16723817930580,16723819174723,1.487972,0.074945,1.244143,960
live,1183,16723827686751,16723827835722,16723827904651,16723829155130,1.468379,0.068929,1.250479,960
live,1184,16723837686751,16723837830753,16723837900386,16723839140241,1.45349,0.069633,1.239855,960
live,1185,16723847686751,16723847832057,16723847904889,16723849157576,1.470825,0.072832,1.252687,960
live,1186,16723857686751,16723857834512,16723857905937,16723859110367,1.423616,0.071425,1.20443,960
live,1187,16723867686751,16723867834311,16723867905768,16723869144663,1.457912,0.071457,1.238895,960
live,1188,16723877686751,16723877838462,16723878239139,16723880244891,2.55814,0.400677,2.005752,960
live,1189,16723887686751,16723887839477,16723888219898,16723890041808,2.355057,0.380421,1.82191,960
live,1190,16723897686751,16723897851117,16723898236785,16723900092231,2.40548,0.385668,1.855446,960
live,1191,16723907686751,16723907849444,16723907926149,16723909063186,1.376435,0.076705,1.137037,960
live,1192,16723917686751,16723917846075,16723917928252,16723918868199,1.181448,0.082177,0.939947,960
live,1193,16723927686751,16723927847602,16723927926451,16723928876958,1.190207,0.078849,0.950507,960
live,1194,16723937686751,16723937819305,16723937889354,16723938773108,1.086357,0.070049,0.883754,960
live,1195,16723947686751,16723947797024,16723947858464,16723948731787,1.045036,0.06144,0.873323,960
live,1196,16723957686751,16723957820215,16723957891544,16723958797091,1.11034,0.071329,0.905547,960
live,1197,16723967686751,16723967840015,16723967913007,16723968851739,1.164988,0.072992,0.938732,960
live,1198,16723977686751,16723977833798,16723977903398,16723978818481,1.13173,0.0696,0.915083,960
live,1199,16723987686751,16723988388131,16723988556229,16723990467228,2.780477,0.168098,1.910999,960
replay,1199,16723987686751,16723988449380,16723988870729,16724010225384,22.538633,0.421349,21.354655,73088
live,1200,16723997686751,16723998164472,16723998474140,16724001659650,3.972899,0.309668,3.18551,960
live,1201,16724007686751,16724008108814,16724008273104,16724010601196,2.914445,0.16429,2.328092,960
live,1202,16724017686751,16724017886755,16724017982372,16724019236147,1.549396,0.095617,1.253775,960
live,1203,16724027686751,16724027855034,16724027941403,16724029284619,1.597868,0.086369,1.343216,960
live,1204,16724037686751,16724038197813,16724038318486,16724039546437,1.859686,0.120673,1.227951,960
live,1205,16724047686751,16724047872808,16724047970313,16724049211512,1.524761,0.097505,1.241199,960
live,1206,16724057686751,16724057853599,16724057937440,16724059147791,1.46104,0.083841,1.210351,960
live,1207,16724067686751,16724067850358,16724067925847,16724069161574,1.474823,0.075489,1.235727,960
live,1208,16724077686751,16724077843373,16724077919598,16724079126333,1.439582,0.076225,1.206735,960
live,1209,16724087686751,16724087837476,16724087916549,16724089886397,2.199646,0.079073,1.969848,960
live,1210,16724097686751,16724097840412,16724098233408,16724100183320,2.496569,0.392996,1.949912,960
live,1211,16724107686751,16724107843603,16724108229495,16724110061485,2.374734,0.385892,1.83199,960
live,1212,16724117686751,16724117843690,16724118226479,16724119817890,2.131139,0.382789,1.591411,960
live,1213,16724127686751,16724127840673,16724127923298,16724128927726,1.240975,0.082625,1.004428,960
live,1214,16724137686751,16724137840792,16724137927257,16724139432235,1.745484,0.086465,1.504978,960
live,1215,16724147686751,16724147837679,16724147917296,16724149487747,1.800996,0.079617,1.570451,960
live,1216,16724157686751,16724157840839,16724157922600,16724159272184,1.585433,0.081761,1.349584,960
live,1217,16724167686751,16724167833982,16724167909983,16724169850902,2.164151,0.076001,1.940919,960
live,1218,16724177686751,16724177915894,16724177996727,16724179904718,2.217967,0.080833,1.907991,960
live,1219,16724187686751,16724187862412,16724187941869,16724189787107,2.100356,0.079457,1.845238,960
live,1220,16724197686751,16724197834723,16724197913028,16724200938024,3.251273,0.078305,3.024996,960
live,1221,16724207686751,16724207848027,16724207928156,16724209862131,2.17538,0.080129,1.933975,960
live,1222,16724217686751,16724217840018,16724217920019,16724219465061,1.77831,0.080001,1.545042,960
live,1223,16724227686751,16724227842505,16724227927722,16724229493725,1.806974,0.085217,1.566003,960
live,1224,16724237686751,16724237842656,16724237921377,16724239473747,1.786996,0.078721,1.55237,960
live,1225,16724247686751,16724247837143,16724247916088,16724249492683,1.805932,0.078945,1.576595,960
live,1226,16724257686751,16724257838414,16724257920207,16724259740805,2.054054,0.081793,1.820598,960
live,1227,16724267686751,16724267841189,16724267925382,16724269913630,2.226879,0.084193,1.988248,960
live,1228,16724277686751,16724277836509,16724277915358,16724279838100,2.151349,0.078849,1.922742,960
live,1229,16724287686751,16724287848532,16724287926997,16724289760619,2.073868,0.078465,1.833622,960
live,1230,16724297686751,16724297839243,16724297919596,16724299474718,1.787967,0.080353,1.555122,960
live,1231,16724307686751,16724307834242,16724307915203,16724309482838,1.796087,0.080961,1.567635,960
live,1232,16724317686751,16724317836185,16724317915194,16724319463245,1.776494,0.079009,1.548051,960
live,1233,16724327686751,16724327839568,16724327918417,16724329738183,2.051432,0.078849,1.819766,960
live,1234,16724337686751,16724337844232,16724337933417,16724339502939,1.816188,0.089185,1.569522,960
live,1235,16724347686751,16724347847327,16724347928704,16724349530835,1.844084,0.081377,1.602131,960
live,1236,16724357686751,16724357849750,16724357927511,16724359477353,1.790602,0.077761,1.549842,960
live,1237,16724367686751,16724367842381,16724367925838,16724369914854,2.228103,0.083457,1.989016,960
live,1238,16724377686751,16724377860196,16724377937349,16724379879101,2.19235,0.077153,1.941752,960
live,1239,16724387686751,16724387843835,16724387919804,16724389862452,2.175701,0.075969,1.942648,960
live,1240,16724397686751,16724397840275,16724397920660,16724401055769,3.369018,0.080385,3.135109,960
live,1241,16724407686751,16724407850314,16724407973259,16724409580254,1.893503,0.122945,1.606995,960
live,1242,16724417686751,16724417851073,16724417930370,16724419498101,1.81135,0.079297,1.567731,960
live,1243,16724427686751,16724427846296,16724427922873,16724429495276,1.808525,0.076577,1.572403,960
live,1244,16724437686751,16724437858703,16724437937136,16724439768966,2.082215,0.078433,1.83183,960
live,1245,16724447686751,16724447845862,16724447927687,16724448965908,1.279157,0.081825,1.038221,960
live,1246,16724457686751,16724457848606,16724457922463,16724459444849,1.758098,0.073857,1.522386,960
live,1247,16724467686751,16724467846997,16724467928182,16724469832524,2.145773,0.081185,1.904342,960
live,1248,16724477686751,16724477851116,16724477929005,16724479858884,2.172133,0.077889,1.929879,960
live,1249,16724487686751,16724487845251,16724487921380,16724489882971,2.19622,0.076129,1.961591,960
live,1250,16724497686751,16724497838042,16724497915803,16724499750449,2.063698,0.077761,1.834646,960
live,1251,16724507686751,16724507840145,16724507922130,16724509505349,1.818598,0.081985,1.583219,960
live,1252,16724517686751,16724517834888,16724517912489,16724519464988,1.778237,0.077601,1.552499,960
live,1253,16724527686751,16724527846592,16724527926017,16724529492211,1.80546,0.079425,1.566194,960
live,1254,16724537686751,16724537842615,16724537922840,16724539466410,1.779659,0.080225,1.54357,960
live,1255,16724547686751,16724547843694,16724547926671,16724550007720,2.320969,0.082977,2.081049,960
live,1256,16724557686751,16724557839621,16724557922534,16724559470361,1.78361,0.082913,1.547827,960
live,1257,16724567686751,16724567872509,16724567956766,16724569643026,1.956275,0.084257,1.68626,960
live,1258,16724577686751,16724577861396,16724577953557,16724579797963,2.111212,0.092161,1.844406,960
live,1259,16724587686751,16724587860139,16724587946636,16724589571711,1.88496,0.086497,1.625075,960
live,1260,16724597686751,16724597871074,16724597966179,16724601268235,3.581484,0.095105,3.302056,960
live,1261,16724607686751,16724607863257,16724607949722,16724609557421,1.87067,0.086465,1.607699,960
live,1262,16724617686751,16724617837232,16724617914289,16724619484516,1.797765,0.077057,1.570227,960
live,1263,16724627686751,16724627853159,16724627937512,16724629542844,1.856093,0.084353,1.605332,960
live,1264,16724637686751,16724637853567,16724637932288,16724639504754,1.818003,0.078721,1.572466,960
live,1265,16724647686751,16724647851446,16724647931991,16724649538602,1.851851,0.080545,1.606611,960
live,1266,16724657686751,16724657842701,16724657923534,16724659492513,1.805762,0.080833,1.568979,960
live,1267,16724667686751,16724667845668,16724667922373,16724669803611,2.11686,0.076705,1.881238,960
live,1268,16724677686751,16724677843099,16724677919900,16724679494031,1.80728,0.076801,1.574131,960
live,1269,16724687686751,16724687841522,16724687921683,16724689899435,2.212684,0.080161,1.977752,960
live,1270,16724697686751,16724697839369,16724697920138,16724699852001,2.16525,0.080769,1.931863,960
live,1271,16724707686751,16724707849185,16724707934274,16724709532597,1.845846,0.085089,1.598323,960
live,1272,16724717686751,16724717842232,16724717922297,16724719770639,2.083888,0.080065,1.848342,960
live,1273,16724727686751,16724727854223,16724727939376,16724729531523,1.844772,0.085153,1.592147,960
live,1274,16724737686751,16724737836838,16724737914503,16724739494010,1.807259,0.077665,1.579507,960
live,1275,16724747686751,16724747841149,16724747920926,16724749518385,1.831634,0.079777,1.597459,960
live,1276,16724757686751,16724757832212,16724757911477,16724759503592,1.816841,0.079265,1.592115,960
live,1277,16724767686751,16724767846860,16724767926797,16724769518240,1.831489,0.079937,1.591443,960
live,1278,16724777686751,16724777837731,16724777918596,16724779764954,2.078203,0.080865,1.846358,960
live,1279,16724787686751,16724787840570,16724787924539,16724789610607,1.923856,0.083969,1.686068,960
live,1280,16724797686751,16724797850833,16724797932466,16724800925654,3.238903,0.081633,2.993188,960
live,1281,16724807686751,16724807842568,16724807928681,16724809689278,2.002527,0.086113,1.760597,960
live,1282,16724817686751,16724817860192,16724817963937,16724819584500,1.897749,0.103745,1.620563,960
live,1283,16724827686751,16724827857431,16724827935576,16724829938224,2.251473,0.078145,2.002648,960
live,1284,16724837686751,16724837850766,16724837930127,16724839525730,1.838979,0.079361,1.595603,960
live,1285,16724847686751,16724847844261,16724847921958,16724849536921,1.85017,0.077697,1.614963,960
live,1286,16724857686751,16724857851708,16724857935773,16724859925013,2.238262,0.084065,1.98924,960
live,1287,16724867686751,16724867848403,16724867926644,16724869908812,2.222061,0.078241,1.982168,960
live,1288,16724877686751,16724877845098,16724877928427,16724879797698,2.110947,0.083329,1.869271,960
live,1289,16724887686751,16724887845538,16724887926627,16724889790681,2.10393,0.081089,1.864054,960
live,1290,16724897686751,16724897843801,16724897926202,16724899508077,1.821326,0.082401,1.581875,960
live,1291,16724907686751,16724907841264,16724907918577,16724909527204,1.840453,0.077313,1.608627,960
live,1292,16724917686751,16724917829767,16724917916392,16724919508731,1.82198,0.086625,1.592339,960
live,1293,16724927686751,16724927837598,16724927918719,16724928916907,1.230156,0.081121,0.998188,960
live,1294,16724937686751,16724937905558,16724937993367,16724938916770,1.230019,0.087809,0.923403,960
live,1295,16724947686751,16724947883725,16724947957166,16724949189021,1.50227,0.073441,1.231855,960
live,1296,16724957686751,16724957838692,16724957914725,16724959149523,1.462772,0.076033,1.234798,960
live,1297,16724967686751,16724967846299,16724967921308,16724969161195,1.474444,0.075009,1.239887,960
live,1298,16724977686751,16724977842002,16724977916723,16724979125601,1.43885,0.074721,1.208878,960
replay,1299,16724987686751,16724988528817,16724988641395,16725013984385,26.297634,0.112578,25.34299,73088
live,1299,16724987686751,16724988474577,16724989249082,16724990802861,3.11611,0.774505,1.553779,960
live,1300,16724997686751,16724998076579,16724998323718,16725001980466,4.293715,0.247139,3.656748,960
live,1301,16725007686751,16725008736162,16725009024646,16725012787539,5.100788,0.288484,3.762893,960
live,1302,16725017686751,16725017879247,16725017994385,16725018985148,1.298397,0.115138,0.990763,960
live,1303,16725027686751,16725027861126,16725027950535,16725028915603,1.228852,0.089409,0.965068,960
live,1304,16725037686751,16725037858045,16725037945502,16725038969835,1.283084,0.087457,1.024333,960
live,1305,16725047686751,16725047849140,16725047930197,16725048850624,1.163873,0.081057,0.920427,960
live,1306,16725057686751,16725057855276,16725058263953,16725060175719,2.488968,0.408677,1.911766,960
live,1307,16725067686751,16725067843395,16725067921188,16725069513655,1.826904,0.077793,1.592467,960
live,1308,16725077686751,16725077843418,16725077925531,16725079489325,1.802574,0.082113,1.563794,960
live,1309,16725087686751,16725087857649,16725087938706,16725089515301,1.82855,0.081057,1.576595,960
live,1310,16725097686751,16725097851368,16725097949161,16725099516540,1.829789,0.097793,1.567379,960
live,1311,16725107686751,16725107852575,16725107931296,16725109796791,2.11004,0.078721,1.865495,960
live,1312,16725117686751,16725117843191,16725117931224,16725119826350,2.139599,0.088033,1.895126,960
live,1313,16725127686751,16725127842542,16725127924943,16725129778149,2.091398,0.082401,1.853206,960
live,1314,16725137686751,16725137849701,16725137932774,16725139768924,2.082173,0.083073,1.83615,960
live,1315,16725147686751,16725147846780,16725147923965,16725149707698,2.020947,0.077185,1.783733,960
live,1316,16725157686751,16725157842611,16725157921428,16725159474055,1.787304,0.078817,1.552627,960
live,1317,16725167686751,16725167836266,16725167916139,16725170005412,2.318661,0.079873,2.089273,960
live,1318,16725177686751,16725177839842,16725177920195,16725179477909,1.791158,0.080353,1.557714,960
live,1319,16725187686751,16725187836185,16725187911994,16725189803888,2.117137,0.075809,1.891894,960
live,1320,16725197686751,16725197839376,16725197918289,16725200979925,3.293174,0.078913,3.061636,960
live,1321,16725207686751,16725207864103,16725207944296,16725209789054,2.102303,0.080193,1.844758,960
live,1322,16725217686751,16725217846750,16725217928895,16725219491474,1.804723,0.082145,1.562579,960
live,1323,16725227686751,16725227846294,16725227929719,16725229788589,2.101838,0.083425,1.85887,960
live,1324,16725237686751,16725237844557,16725237926286,16725239551009,1.864258,0.081729,1.624723,960
live,1325,16725247686751,16725247864292,16725247950117,16725249565400,1.878649,0.085825,1.615283,960
live,1326,16725257686751,16725257847835,16725257929180,16725259524559,1.837808,0.081345,1.595379,960
live,1327,16725267686751,16725267856882,16725267950483,16725269746953,2.060202,0.093601,1.79647,960
live,1328,16725277686751,16725277855721,16725277937066,16725279522205,1.835454,0.081345,1.585139,960
live,1329,16725287686751,16725287857057,16725287939554,16725289825784,2.139033,0.082497,1.88623,960
live,1330,16725297686751,16725297857368,16725297935129,16725299509900,1.823149,0.077761,1.574771,960
live,1331,16725307686751,16725307855279,16725307933552,16725309538051,1.8513,0.078273,1.604499,960
live,1332,16725317686751,16725317960327,16725318060393,16725319791261,2.10451,0.100066,1.730868,960
live,1333,16725327686751,16725327854173,16725327932766,16725329540657,1.853906,0.078593,1.607891,960
live,1334,16725337686751,16725337853749,16725337933653,16725339797740,2.110989,0.079904,1.864087,960
live,1335,16725347686751,16725347848364,16725347928301,16725349911204,2.224453,0.079937,1.982903,960
live,1336,16725357686751,16725357841187,16725357918116,16725359871643,2.184892,0.076929,1.953527,960
live,1337,16725367686751,16725367850554,16725367926683,16725370639227,2.952476,0.076129,2.712544,960
live,1338,16725377686751,16725377850801,16725377934834,16725379899786,2.213035,0.084033,1.964952,960
live,1339,16725387686751,16725387857384,16725387931721,16725389931233,2.244482,0.074337,1.999512,960
live,1340,16725397686751,16725397851104,16725397931072,16725401242568,3.555817,0.079968,3.311496,960
live,1341,16725407686751,16725407855575,16725407939256,16725409886255,2.199504,0.083681,1.946999,960
live,1342,16725417686751,16725417839502,16725417917231,16725419784933,2.098182,0.077729,1.867702,960
live,1343,16725427686751,16725427841317,16725427920582,16725429953950,2.267199,0.079265,2.033368,960
live,1344,16725437686751,16725437850652,16725437928701,16725439910549,2.223798,0.078049,1.981848,960
live,1345,16725447686751,16725447845715,16725447925460,16725449903212,2.216461,0.079745,1.977752,960
live,1346,16725457686751,16725457842250,16725457921899,16725459772705,2.085954,0.079649,1.850806,960
live,1347,16725467686751,16725467847874,16725467930595,16725469893530,2.206779,0.082721,1.962935,960
live,1348,16725477686751,16725477845561,16725477926490,16725478917830,1.231079,0.080929,0.99134,960
live,1349,16725487686751,16725487851792,16725487926353,16725488882524,1.195773,0.074561,0.956171,960
live,1350,16725497686751,16725497846759,16725497920584,16725498931764,1.245013,0.073825,1.01118,960
live,1351,16725507686751,16725507859263,16725507938495,16725508870699,1.183948,0.079232,0.932204,960
live,1352,16725517686751,16725517846774,16725517920118,16725518828385,1.141634,0.073344,0.908267,960
live,1353,16725527686751,16725527845101,16725527918318,16725528832216,1.145465,0.073217,0.913898,960
live,1354,16725537686751,16725537842180,16725537916805,16725538798383,1.111632,0.074625,0.881578,960
live,1355,16725547686751,16725547856699,16725547931292,16725549180875,1.494124,0.074593,1.249583,960
live,1356,16725557686751,16725557842354,16725557915411,16725559143426,1.456675,0.073057,1.228015,960
live,1357,16725567686751,16725567855082,16725567931658,16725569219194,1.532443,0.076576,1.287536,960
live,1358,16725577686751,16725577839393,16725577917025,16725579113584,1.426833,0.077632,1.196559,960
live,1359,16725587686751,16725587841720,16725587916537,16725589157063,1.470312,0.074817,1.240526,960
live,1360,16725597686751,16725597846255,16725598225971,16725601440634,3.753883,0.379716,3.214663,960
live,1361,16725607686751,16725607847366,16725608232715,16725610173346,2.486595,0.385349,1.940631,960
live,1362,16725617686751,16725617850557,16725617932414,16725619807605,2.120854,0.081857,1.875191,960
live,1363,16725627686751,16725627845684,16725627927861,16725629875117,2.188366,0.082177,1.947256,960
live,1364,16725637686751,16725637847532,16725637927149,16725639799971,2.11322,0.079617,1.872822,960
live,1365,16725647686751,16725647859075,16725647935620,16725649826362,2.139611,0.076545,1.890742,960
live,1366,16725657686751,16725657847418,16725657925019,16725659793841,2.10709,0.077601,1.868822,960
live,1367,16725667686751,16725667847825,16725667926002,16725669799560,2.112809,0.078177,1.873558,960
live,1368,16725677686751,16725677838120,16725677920393,16725679777247,2.090496,0.082273,1.856854,960
live,1369,16725687686751,16725687841215,16725687923712,16725689866520,2.179769,0.082497,1.942808,960
live,1370,16725697686751,16725697915032,16725698009881,16725699638476,1.951725,0.094849,1.628595,960
live,1371,16725707686751,16725707893614,16725707975823,16725709614115,1.927364,0.082209,1.638292,960
live,1372,16725717686751,16725717853701,16725717939654,16725719658235,1.971484,0.085953,1.718581,960
live,1373,16725727686751,16725727846396,16725727931229,16725729585745,1.898994,0.084833,1.654516,960
live,1374,16725737686751,16725737837555,16725737917204,16725739515047,1.828296,0.079649,1.597843,960
live,1375,16725747686751,16725747851595,16725747932748,16725749567647,1.880896,0.081153,1.634899,960
live,1376,16725757686751,16725757840194,16725757916899,16725759506870,1.820119,0.076705,1.589971,960
live,1377,16725767686751,16725767840089,16725767915098,16725769799568,2.112817,0.075009,1.88447,960
live,1378,16725777686751,16725777885105,16725778198676,16725780256045,2.569294,0.313571,2.057369,960
live,1379,16725787686751,16725787861799,16725787938984,16725789842847,2.156096,0.077185,1.903863,960
live,1380,16725797686751,16725797840926,16725797920799,16725801111909,3.425158,0.079873,3.19111,960
live,1381,16725807686751,16725807855254,16725807939031,16725809827885,2.141134,0.083777,1.888854,960
live,1382,16725817686751,16725817836813,16725817915406,16725819768004,2.081253,0.078593,1.852598,960
live,1383,16725827686751,16725827844004,16725827929797,16725830305377,2.618626,0.085793,2.37558,960
live,1384,16725837686751,16725837837883,16725837916892,16725839775570,2.088819,0.079009,1.858678,960
live,1385,16725847686751,16725847853106,16725847929075,16725850022956,2.336205,0.075969,2.093881,960
live,1386,16725857686751,16725857835817,16725857914058,16725859769824,2.083073,0.078241,1.855766,960
live,1387,16725867686751,16725867837473,16725867911617,16725869790584,2.103833,0.074144,1.878967,960
live,1388,16725877686751,16725877832024,16725877911929,16725879782543,2.095792,0.079905,1.870614,960
live,1389,16725887686751,16725887833903,16725887913488,16725889816998,2.130247,0.079585,1.90351,960
live,1390,16725897686751,16725897840774,16725897916647,16725899783325,2.096574,0.075873,1.866678,960
live,1391,16725907686751,16725907844765,16725907921886,16725909858613,2.171862,0.077121,1.936727,960
live,1392,16725917686751,16725917835924,16725917918165,16725919518312,1.831561,0.082241,1.600147,960
live,1393,16725927686751,16725927844716,16725927924717,16725929557280,1.870529,0.080001,1.632563,960
live,1394,16725937686751,16725937839459,16725937922820,16725939729689,2.042938,0.083361,1.806869,960
live,1395,16725947686751,16725947861178,16725947951099,16725949600239,1.913488,0.089921,1.64914,960
live,1396,16725957686751,16725957851121,16725957938770,16725958915166,1.228415,0.087649,0.976396,960
live,1397,16725967686751,16725967859849,16725967934633,16725969176440,1.489689,0.074784,1.241807,960
live,1398,16725977686751,16725977835999,16725977910912,16725978803563,1.116812,0.074913,0.892651,960
live,1399,16725987686751,16725988411614,16725988577471,16725990715033,3.028282,0.165857,2.137562,960
replay,1399,16725987686751,16725988472830,16725988682881,16726010025407,22.338656,0.210051,21.342526,73088
live,1400,16725997686751,16725998129457,16725998427957,16726002253602,4.566851,0.2985,3.825645,960
live,1401,16726007686751,16726009491353,16726009876605,16726011456528,3.769777,0.385252,1.579923,960
live,1402,16726017686751,16726017949118,16726018100895,16726019108075,1.421324,0.151777,1.00718,960
live,1403,16726027686751,16726027907796,16726028018678,16726028945921,1.25917,0.110882,0.927243,960
live,1404,16726037686751,16726037860907,16726037947724,16726039204251,1.5175,0.086817,1.256527,960
live,1405,16726047686751,16726047855330,16726047932323,16726049187890,1.501139,0.076993,1.255567,960
live,1406,16726057686751,16726057845881,16726057925498,16726059149769,1.463018,0.079617,1.224271,960
live,1407,16726067686751,16726067843600,16726067920529,16726069161792,1.475041,0.076929,1.241263,960
live,1408,16726077686751,16726077850439,16726078256972,16726080285573,2.598822,0.406533,2.028601,960
live,1409,16726087686751,16726087855743,16726088254115,16726089996408,2.309657,0.398372,1.742293,960
live,1410,16726097686751,16726097841430,16726097922583,16726099579882,1.893131,0.081153,1.657299,960
live,1411,16726107686751,16726107846221,16726107923790,16726108947322,1.260571,0.077569,1.023532,960
live,1412,16726117686751,16726117847012,16726117925157,16726119564185,1.877434,0.078145,1.639028,960
live,1413,16726127686751,16726127856411,16726127937692,16726129643377,1.956626,0.081281,1.705685,960
live,1414,16726137686751,16726138115606,16726138289784,16726140539443,2.852692,0.174178,2.249659,960
live,1415,16726147686751,16726147875722,16726147957131,16726149764417,2.077666,0.081409,1.807286,960
live,1416,16726157686751,16726157854721,16726157936578,16726159610102,1.923351,0.081857,1.673524,960
live,1417,16726167686751,16726167857304,16726167938617,16726169633037,1.946286,0.081313,1.69442,960
live,1418,16726177686751,16726177863311,16726177948081,16726179693669,2.006918,0.08477,1.745588,960
live,1419,16726187686751,16726187865479,16726187946440,16726190363428,2.676677,0.080961,2.416988,960
live,1420,16726197686751,16726197846206,16726197932735,16726201154085,3.467334,0.086529,3.22135,960
live,1421,16726207686751,16726207863829,16726207944470,16726209657770,1.971019,0.080641,1.7133,960
live,1422,16726217686751,16726217861708,16726217941773,16726219617249,1.930498,0.080065,1.675476,960
live,1423,16726227686751,16726227852003,16726227936580,16726229627736,1.940985,0.084577,1.691156,960
live,1424,16726237686751,16726237842682,16726237921051,16726239574447,1.887696,0.078369,1.653396,960
live,1425,16726247686751,16726247855506,16726247932627,16726250054156,2.367405,0.077121,2.121529,960
live,1426,16726257686751,16726257844585,16726257922922,16726259980866,2.294115,0.078337,2.057944,960
live,1427,16726267686751,16726267851552,16726267928513,16726269998906,2.312155,0.076961,2.070393,960
live,1428,16726277686751,16726277842519,16726277924120,16726279867439,2.180688,0.081601,1.943319,960
live,1429,16726287686751,16726287842382,16726287918447,16726289624996,1.938245,0.076065,1.706549,960
live,1430,16726297686751,16726297834885,16726297916870,16726299839901,2.15315,0.081985,1.923031,960
live,1431,16726307686751,16726307831293,16726307915454,16726309568753,1.882002,0.084161,1.653299,960
live,1432,16726317686751,16726317826580,16726317901749,16726319532296,1.845545,0.075169,1.630547,960
live,1433,16726327686751,16726327832491,16726327906892,16726329561119,1.874368,0.074401,1.654227,960
live,1434,16726337686751,16726337895491,16726338008516,16726339692024,2.005273,0.113025,1.683508,960
live,1435,16726347686751,16726347870970,16726347967387,16726349661807,1.975056,0.096417,1.69442,960
live,1436,16726357686751,16726357854321,16726357933202,16726359852713,2.165962,0.078881,1.919511,960
live,1437,16726367686751,16726367854440,16726367934121,16726369614269,1.927518,0.079681,1.680148,960
live,1438,16726377686751,16726377849407,16726377931168,16726379892375,2.205624,0.081761,1.961207,960
live,1439,16726387686751,16726387856086,16726387937143,16726389634859,1.948108,0.081057,1.697716,960
live,1440,16726397686751,16726397844205,16726397936782,16726401321047,3.634296,0.092577,3.384265,960
live,1441,16726407686751,16726407887973,16726407978374,16726409994238,2.307487,0.090401,2.015864,960
live,1442,16726417686751,16726417870492,16726417957117,16726419643249,1.956498,0.086625,1.686132,960
live,1443,16726427686751,16726427855859,16726427936404,16726429655976,1.969225,0.080545,1.719572,960
live,1444,16726437686751,16726437856362,16726437935563,16726439602847,1.916096,0.079201,1.667284,960
live,1445,16726447686751,16726447845153,16726447927042,16726449626166,1.939415,0.081889,1.699124,960
live,1446,16726457686751,16726457926361,16726458011322,16726459653902,1.967151,0.084961,1.64258,960
live,1447,16726467686751,16726467892240,16726467974609,16726469919208,2.232457,0.082369,1.944599,960
live,1448,16726477686751,16726477857415,16726477944904,16726479572283,1.885532,0.087489,1.627379,960
live,1449,16726487686751,16726487850558,16726487931999,16726489585651,1.8989,0.081441,1.653652,960
live,1450,16726497686751,16726498085336,16726498167481,16726500335347,2.648596,0.082145,2.167866,960
live,1451,16726507686751,16726507857325,16726507953742,16726509647938,1.961187,0.096417,1.694196,960
live,1452,16726517686751,16726517858276,16726517941541,16726519952157,2.265406,0.083265,2.010616,960
live,1453,16726527686751,16726527848827,16726527930236,16726529961844,2.275093,0.081409,2.031608,960
live,1454,16726537686751,16726537851026,16726537928435,16726539831690,2.144939,0.077409,1.903255,960
live,1455,16726547686751,16726547842409,16726547925162,16726549593822,1.907071,0.082753,1.66866,960
live,1456,16726557686751,16726557851840,16726557946050,16726559595125,1.908374,0.09421,1.649075,960
live,1457,16726567686751,16726567856088,16726567935417,16726569606284,1.919533,0.079329,1.670867,960
live,1458,16726577686751,16726577840719,16726577920880,16726579833062,2.146311,0.080161,1.912182,960
live,1459,16726587686751,16726587856838,16726587944647,16726589615611,1.92886,0.087809,1.670964,960
live,1460,16726597686751,16726597862429,16726597944798,16726600948930,3.262179,0.082369,3.004132,960
live,1461,16726607686751,16726607847060,16726607934229,16726609652234,1.965483,0.087169,1.718005,960
live,1462,16726617686751,16726617854924,16726617934924,16726619602880,1.916129,0.08,1.667956,960
live,1463,16726627686751,16726627862147,16726627944132,16726629707417,2.020666,0.081985,1.763285,960
live,1464,16726637686751,16726637846874,16726637928379,16726639975603,2.288852,0.081505,2.047224,960
live,1465,16726647686751,16726647848209,16726647927026,16726649883145,2.196394,0.078817,1.956119,960
live,1466,16726657686751,16726657860904,16726657946441,16726660049602,2.362851,0.085537,2.103161,960
live,1467,16726667686751,16726667851775,16726667941600,16726669786454,2.099703,0.089825,1.844854,960
live,1468,16726677686751,16726677858967,16726677938008,16726679984464,2.297713,0.079041,2.046456,960
live,1469,16726687686751,16726687846638,16726687922735,16726689773221,2.08647,0.076097,1.850486,960
live,1470,16726697686751,16726697848325,16726697927654,16726699974398,2.287647,0.079329,2.046744,960
live,1471,16726707686751,16726707852828,16726707935101,16726710006198,2.319447,0.082273,2.071097,960
live,1472,16726717686751,16726717850867,16726717932468,16726719858923,2.172172,0.081601,1.926455,960
live,1473,16726727686751,16726727846442,16726727922795,16726729887587,2.200836,0.076353,1.964792,960
live,1474,16726737686751,16726737847074,16726737927267,16726739850650,2.163899,0.080193,1.923383,960
live,1475,16726747686751,16726747842329,16726747919258,16726749866865,2.180114,0.076929,1.947607,960
live,1476,16726757686751,16726757807344,16726757875728,16726759427427,1.740676,0.068384,1.551699,960
live,1477,16726767686751,16726767823815,16726767905928,16726769459322,1.772571,0.082113,1.553394,960
live,1478,16726777686751,16726777852606,16726777940384,16726779622868,1.936117,0.087778,1.682484,960
live,1479,16726787686751,16726787850390,16726787941591,16726789634763,1.948012,0.091201,1.693172,960
live,1480,16726797686751,16726797853933,16726797933422,16726800881905,3.195154,0.079489,2.948483,960
live,1481,16726807686751,16726807851588,16726807930949,16726809882108,2.195357,0.079361,1.951159,960
live,1482,16726817686751,16726817846107,16726817934236,16726819871571,2.18482,0.088129,1.937335,960
live,1483,16726827686751,16726827852946,16726827935923,16726829923467,2.236716,0.082977,1.987544,960
live,1484,16726837686751,16726837846057,16726837927466,16726839590814,1.904063,0.081409,1.663348,960
live,1485,16726847686751,16726847861153,16726847945602,16726849656662,1.969911,0.084449,1.71106,960
live,1486,16726857686751,16726857857848,16726857946873,16726859686222,1.999471,0.089025,1.739349,960
live,1487,16726867686751,16726867864143,16726867946512,16726869924360,2.237609,0.082369,1.977848,960
live,1488,16726877686751,16726877850054,16726877933287,16726879609659,1.922908,0.083233,1.676372,960
live,1489,16726887686751,16726887857918,16726887939391,16726889634227,1.947476,0.081473,1.694836,960
live,1490,16726897686751,16726897839797,16726897921750,16726899580297,1.893546,0.081953,1.658547,960
live,1491,16726907686751,16726908168848,16726908296977,16726910254728,2.567977,0.128129,1.957751,960
live,1492,16726917686751,16726917871075,16726917952292,16726919625080,1.938329,0.081217,1.672788,960
live,1493,16726927686751,16726927864890,16726927943259,16726929894451,2.2077,0.078369,1.951192,960
live,1494,16726937686751,16726937848561,16726937928274,16726939600998,1.914247,0.079713,1.672724,960
live,1495,16726947686751,16726947861129,16726947941194,16726949902465,2.215714,0.080065,1.961271,960
live,1496,16726957686751,16726957855328,16726957934465,16726960559552,2.872801,0.079137,2.625087,960
live,1497,16726967686751,16726967861559,16726967943960,16726969928560,2.241809,0.082401,1.9846,960
live,1498,16726977686751,16726977858734,16726977948335,16726979240831,1.55408,0.089601,1.292496,960
live,1499,16726987686751,16726988437804,16726988608430,16726990917322,3.230571,0.170626,2.308892,960
replay,1499,16726987686751,16726988488813,16726988727984,16727010711286,23.024535,0.239171,21.983302,73088
