stage,sequence,release_ns,queued_ns,start_ns,end_ns,age_ms,queue_ms,service_ms,output_samples
live,0,14772516136698,14772516735720,14772516889098,14772537594819,21.458121,0.153378,20.705721,7680
live,1,14772526136698,14772526375595,14772537784678,14772540183046,14.046348,11.409083,2.398368,7680
live,2,14772536136698,14772536284561,14772540252231,14772543003596,6.866898,3.96767,2.751365,7680
live,3,14772546136698,14772546330169,14772546430171,14772548917789,2.781091,0.100002,2.487618,7680
live,4,14772556136698,14772556277312,14772556352961,14772559136103,2.999405,0.075649,2.783142,7680
live,5,14772566136698,14772566270472,14772566352265,14772569400178,3.26348,0.081793,3.047913,7680
live,6,14772576136698,14772576319408,14772576407633,14772579993698,3.857,0.088225,3.586065,7680
live,7,14772586136698,14772586308888,14772586396729,14772590064907,3.928209,0.087841,3.668178,7680
live,8,14772596136698,14772596303647,14772596429249,14772600401239,4.264541,0.125602,3.97199,7680
live,9,14772606136698,14772606325671,14772606409736,14772610359998,4.2233,0.084065,3.950262,7680
live,10,14772616136698,14772616311215,14772616387280,14772620551496,4.414798,0.076065,4.164216,7680
live,11,14772626136698,14772626310358,14772626387543,14772630715634,4.578936,0.077185,4.328091,7680
live,12,14772636136698,14772636298366,14772636370495,14772640574904,4.438206,0.072129,4.204409,7680
live,13,14772646136698,14772646301669,14772646396583,14772650878723,4.742025,0.094914,4.48214,7680
live,14,14772656136698,14772656297805,14772656380494,14772660875147,4.738449,0.082689,4.494653,7680
live,15,14772666136698,14772666311669,14772666397750,14772669346366,3.209668,0.086081,2.948616,7680
live,16,14772676136698,14772676271260,14772676342877,14772680436596,4.299898,0.071617,4.093719,7680
live,17,14772686136698,14772686316964,14772686401797,14772691266535,5.129837,0.084833,4.864738,7680
live,18,14772696136698,14772696313580,14772696408141,14772701105709,4.969011,0.094561,4.697568,7680
live,19,14772706136698,14772706315987,14772706399092,14772710862225,4.725527,0.083105,4.463133,7680
live,20,14772716136698,14772716303259,14772716377052,14772739161873,23.025175,0.073793,22.784821,7680
live,21,14772726136698,14772726313827,14772739262674,14772741636946,15.500248,12.948847,2.374272,7680
live,22,14772736136698,14772736417548,14772741702323,14772744129652,7.992954,5.284775,2.427329,7680
live,23,14772746136698,14772746363026,14772746789080,14772749721344,3.584646,0.426054,2.932264,7680
live,24,14772756136698,14772756280025,14772756565693,14772759532645,3.395947,0.285668,2.966952,7680
live,25,14772766136698,14772766262464,14772766548420,14772769638958,3.50226,0.285956,3.090538,7680
live,26,14772776136698,14772776263752,14772776562380,14772779842201,3.705503,0.298628,3.279821,7680
live,27,14772786136698,14772786262384,14772786555380,14772790321479,4.184781,0.292996,3.766099,7680
live,28,14772796136698,14772796267063,14772796557275,14772800318318,4.18162,0.290212,3.761043,7680
live,29,14772806136698,14772806301375,14772806387521,14772810460248,4.32355,0.086146,4.072727,7680
live,30,14772816136698,14772816303303,14772816401224,14772820545185,4.408487,0.097921,4.143961,7680
live,31,14772826136698,14772826330351,14772826410800,14772830616937,4.480239,0.080449,4.206137,7680
live,32,14772836136698,14772836296630,14772836379159,14772840593936,4.457238,0.082529,4.214777,7680
live,33,14772846136698,14772846301534,14772846385887,14772851171808,5.03511,0.084353,4.785921,7680
live,34,14772856136698,14772856304870,14772856387783,14772860774562,4.637864,0.082913,4.386779,7680
live,35,14772866136698,14772866322765,14772866407119,14772870899883,4.763185,0.084354,4.492764,7680
live,36,14772876136698,14772876305589,14772876398326,14772880939252,4.802554,0.092737,4.540926,7680
live,37,14772886136698,14772886304508,14772886394974,14772891176158,5.03946,0.090466,4.781184,7680
live,38,14772896136698,14772896303620,14772896385221,14772899315117,3.178419,0.081601,2.929896,7680
live,39,14772906136698,14772906266379,14772906345228,14772910605574,4.468876,0.078849,4.260346,7680
live,40,14772916136698,14772916302899,14772916388148,14772939753329,23.616631,0.085249,23.365181,7680
live,41,14772926136698,14772926319355,14772939879347,14772942309524,16.172826,13.559992,2.430177,7680
live,42,14772936136698,14772936296482,14772942383605,14772944653044,8.516346,6.087123,2.269439,7680
live,43,14772946136698,14772946269482,14772946343051,14772949031471,2.894773,0.073569,2.68842,7680
live,44,14772956136698,14772956268369,14772956339026,14772958597873,2.461175,0.070657,2.258847,7680
live,45,14772966136698,14772966272089,14772966350490,14772969378723,3.242025,0.078401,3.028233,7680
live,46,14772976136698,14772976270689,14772976343522,14772979508492,3.371794,0.072833,3.16497,7680
live,47,14772986136698,14772986267176,14772986336969,14772989673334,3.536636,0.069793,3.336365,7680
live,48,14772996136698,14772996263344,14772996340977,14772999761279,3.624581,0.077633,3.420302,7680
live,49,14773006136698,14773006306264,14773006400409,14773010578162,4.441464,0.094145,4.177753,7680
live,50,14773016136698,14773016307167,14773016398657,14773020508440,4.371742,0.09149,4.109783,7680
live,51,14773026136698,14773026316103,14773026399336,14773030780452,4.643754,0.083233,4.381116,7680
live,52,14773036136698,14773036308015,14773036395088,14773040693386,4.556688,0.087073,4.298298,7680
live,53,14773046136698,14773046303318,14773046388471,14773050865236,4.728538,0.085153,4.476765,7680
live,54,14773056136698,14773056307070,14773056397567,14773060829083,4.692385,0.090497,4.431516,7680
live,55,14773066136698,14773066307782,14773066391239,14773070830883,4.694185,0.083457,4.439644,7680
live,56,14773076136698,14773076308141,14773076390382,14773080910700,4.774002,0.082241,4.520318,7680
live,57,14773086136698,14773086316469,14773086399766,14773091042965,4.906267,0.083297,4.643199,7680
live,58,14773096136698,14773096310204,14773096400286,14773101025340,4.888642,0.090082,4.625054,7680
live,59,14773106136698,14773106305828,14773106395173,14773111270407,5.133709,0.089345,4.875234,7680
live,60,14773116136698,14773116303916,14773116397773,14773138459864,22.323166,0.093857,22.062091,7680
live,61,14773126136698,14773126312915,14773138590746,14773142584944,16.448246,12.277831,3.994198,7680
live,62,14773136136698,14773136265434,14773142695441,14773145499831,9.363133,6.430007,2.80439,7680
live,63,14773146136698,14773146323651,14773146399684,14773149024743,2.888045,0.076033,2.625059,7680
live,64,14773156136698,14773156265001,14773156329994,14773159002799,2.866101,0.064993,2.672805,7680
live,65,14773166136698,14773166263217,14773166333874,14773169007830,2.871132,0.070657,2.673956,7680
live,66,14773176136698,14773176271833,14773176341082,14773179280002,3.143304,0.069249,2.93892,7680
live,67,14773186136698,14773186307649,14773186390082,14773189564365,3.427667,0.082433,3.174283,7680
live,68,14773196136698,14773196307688,14773196384457,14773199339922,3.203224,0.076769,2.955465,7680
live,69,14773206136698,14773206372113,14773206466130,14773209919009,3.782311,0.094017,3.452879,7680
live,70,14773216136698,14773216313304,14773216398841,14773220330862,4.194164,0.085537,3.932021,7680
live,71,14773226136698,14773226328224,14773226406561,14773230308950,4.172252,0.078337,3.902389,7680
live,72,14773236136698,14773236303527,14773236378248,14773240374078,4.23738,0.074721,3.99583,7680
live,73,14773246136698,14773246318255,14773246394672,14773250565832,4.429134,0.076417,4.17116,7680
live,74,14773256136698,14773256314102,14773256394583,14773260612432,4.475734,0.080481,4.217849,7680
live,75,14773266136698,14773266295646,14773266372447,14773270611800,4.475102,0.076801,4.239353,7680
live,76,14773276136698,14773276387206,14773276467527,14773280661216,4.524518,0.080321,4.193689,7680
live,77,14773286136698,14773286335629,14773286412750,14773290830410,4.693712,0.077121,4.41766,7680
live,78,14773296136698,14773296313077,14773296394582,14773301157046,5.020348,0.081505,4.762464,7680
live,79,14773306136698,14773306312860,14773306392477,14773310840314,4.703616,0.079617,4.447837,7680
live,80,14773316136698,14773316313380,14773316396229,14773344705189,28.568491,0.082849,28.30896,7680
live,81,14773326136698,14773326319531,14773344927528,14773349479942,23.343244,18.607997,4.552414,7680
live,82,14773336136698,14773336339603,14773349585991,14773352848659,16.711961,13.246388,3.262668,7680
live,83,14773346136698,14773346327963,14773352937204,14773355978206,9.841508,6.609241,3.041002,7680
live,84,14773356136698,14773356263138,14773356338787,14773359213322,3.076624,0.075649,2.874535,7680
live,85,14773366136698,14773366266729,14773366341130,14773369279218,3.14252,0.074401,2.938088,7680
live,86,14773376136698,14773376265777,14773376349234,14773379650943,3.514245,0.083457,3.301709,7680
live,87,14773386136698,14773386266840,14773386350714,14773389489508,3.35281,0.083874,3.138794,7680
live,88,14773396136698,14773396267776,14773396342625,14773399540588,3.40389,0.074849,3.197963,7680
live,89,14773406136698,14773406270344,14773406340361,14773409623285,3.486587,0.070017,3.282924,7680
live,90,14773416136698,14773416292752,14773416378897,14773420152324,4.015626,0.086145,3.773427,7680
live,91,14773426136698,14773426290071,14773426371672,14773429672517,3.535819,0.081601,3.300845,7680
live,92,14773436136698,14773436263710,14773436345184,14773440658138,4.52144,0.081474,4.312954,7680
live,93,14773446136698,14773446310311,14773446397544,14773450900709,4.764011,0.087233,4.503165,7680
live,94,14773456136698,14773456312494,14773456389647,14773460807467,4.670769,0.077153,4.41782,7680
live,95,14773466136698,14773466294806,14773466381239,14773470868276,4.731578,0.086433,4.487037,7680
live,96,14773476136698,14773476303453,14773476387967,14773480889820,4.753122,0.084514,4.501853,7680
live,97,14773486136698,14773486296229,14773486381702,14773490647072,4.510374,0.085473,4.26537,7680
live,98,14773496136698,14773496303533,14773496391854,14773500675272,4.538574,0.088321,4.283418,7680
live,99,14773506136698,14773506301780,14773506385429,14773510584718,4.44802,0.083649,4.199289,7680
live,100,14773516136698,14773516290620,14773516371741,14773540770792,24.634094,0.081121,24.399051,7680
live,101,14773526136698,14773526297539,14773540891049,14773544191222,18.054524,14.59351,3.300173,7680
live,102,14773536136698,14773536787666,14773544277111,14773547469826,11.333128,7.489445,3.192715,7680
live,103,14773546136698,14773546268306,14773547562212,14773550626509,4.489811,1.293906,3.064297,7680
live,104,14773556136698,14773556268282,14773556342043,14773558810492,2.673794,0.073761,2.468449,7680
live,105,14773566136698,14773566266369,14773566342818,14773569874674,3.737976,0.076449,3.531856,7680
live,106,14773576136698,14773576269065,14773576352746,14773579523125,3.386427,0.083681,3.170379,7680
live,107,14773586136698,14773586267921,14773586339250,14773589545981,3.409283,0.071329,3.206731,7680
live,108,14773596136698,14773596264248,14773596350393,14773599784200,3.647502,0.086145,3.433807,7680
live,109,14773606136698,14773606310560,14773606391393,14773610214197,4.077499,0.080833,3.822804,7680
live,110,14773616136698,14773616292712,14773616372649,14773620111868,3.97517,0.079937,3.739219,7680
live,111,14773626136698,14773626271119,14773626348624,14773630404295,4.267597,0.077505,4.055671,7680
live,112,14773636136698,14773636301687,14773636383384,14773640676946,4.540248,0.081697,4.293562,7680
live,113,14773646136698,14773646301663,14773646387840,14773650865917,4.729219,0.086177,4.478077,7680
live,114,14773656136698,14773656303046,14773656384647,14773660894149,4.757451,0.081601,4.509502,7680
live,115,14773666136698,14773666293678,14773666376975,14773670788139,4.651441,0.083297,4.411164,7680
live,116,14773676136698,14773676303830,14773676393495,14773680851187,4.714489,0.089665,4.457692,7680
live,117,14773686136698,14773686306621,14773686393406,14773691046237,4.909539,0.086785,4.652831,7680
live,118,14773696136698,14773696303493,14773696388486,14773701053285,4.916587,0.084993,4.664799,7680
live,119,14773706136698,14773706323821,14773706412622,14773711183598,5.0469,0.088801,4.770976,7680
live,120,14773716136698,14773716393877,14773716485078,14773742064657,25.927959,0.091201,25.579579,7680
live,121,14773726136698,14773726310876,14773742240916,14773745504832,19.368134,15.93004,3.263916,7680
live,122,14773736136698,14773736294371,14773745596769,14773748621674,12.484976,9.302398,3.024905,7680
live,123,14773746136698,14773746280010,14773748709067,14773751505521,5.368823,2.429057,2.796454,7680
live,124,14773756136698,14773756268434,14773756346291,14773759032087,2.895389,0.077857,2.685796,7680
live,125,14773766136698,14773766264601,14773766357883,14773769639143,3.502445,0.093282,3.28126,7680
live,126,14773776136698,14773776269761,14773776336802,14773779475917,3.339219,0.067041,3.139115,7680
live,127,14773786136698,14773786262793,14773786338506,14773789601302,3.464604,0.075713,3.262796,7680
live,128,14773796136698,14773796272848,14773796344817,14773799557757,3.421059,0.071969,3.21294,7680
live,129,14773806136698,14773806296696,14773806366777,14773809755047,3.618349,0.070081,3.38827,7680
live,130,14773816136698,14773816269408,14773816327328,14773819451243,3.314545,0.05792,3.123915,7680
live,131,14773826136698,14773826257031,14773826337992,14773829524819,3.388121,0.080961,3.186827,7680
live,132,14773836136698,14773836304527,14773836396688,14773840257221,4.120523,0.092161,3.860533,7680
live,133,14773846136698,14773846308631,14773846386616,14773849931528,3.79483,0.077985,3.544912,7680
live,134,14773856136698,14773856315359,14773856391456,14773860345333,4.208635,0.076097,3.953877,7680
live,135,14773866136698,14773866301158,14773866387495,14773872074292,5.937594,0.086337,5.686797,7680
live,136,14773876136698,14773876306798,14773876404815,14773881473332,5.336634,0.098017,5.068517,7680
live,137,14773886136698,14773886318773,14773886411959,14773891134519,4.997821,0.093186,4.72256,7680
live,138,14773896136698,14773896299197,14773896390302,14773901164383,5.027685,0.091105,4.774081,7680
live,139,14773906136698,14773906306725,14773906394534,14773911216519,5.079821,0.087809,4.821985,7680
live,140,14773916136698,14773916312588,14773916405901,14773941852391,25.715693,0.093313,25.44649,7680
live,141,14773926136698,14773926303188,14773942037161,14773945495480,19.358782,15.733973,3.458319,7680
live,142,14773936136698,14773936292091,14773945587833,14773948597794,12.461096,9.295742,3.009961,7680
live,143,14773946136698,14773946316739,14773948692835,14773951119428,4.98273,2.376096,2.426593,7680
live,144,14773956136698,14773956268266,14773956348043,14773959221458,3.08476,0.079777,2.873415,7680
live,145,14773966136698,14773966269746,14773966343987,14773969189401,3.052703,0.074241,2.845414,7680
live,146,14773976136698,14773976261241,14773976337786,14773979475621,3.338923,0.076545,3.137835,7680
live,147,14773986136698,14773986265921,14773986346210,14773989623918,3.48722,0.080289,3.277708,7680
live,148,14773996136698,14773996263784,14773996337769,14773999961178,3.82448,0.073985,3.623409,7680
live,149,14774006136698,14774006306608,14774006397394,14774011811323,5.674625,0.090786,5.413929,7680
live,150,14774016136698,14774016296888,14774016393785,14774020146412,4.009714,0.096897,3.752627,7680
live,151,14774026136698,14774026270111,14774026360160,14774030222261,4.085563,0.090049,3.862101,7680
live,152,14774036136698,14774036374856,14774036812334,14774041000551,4.863853,0.437478,4.188217,7680
live,153,14774046136698,14774046352239,14774046753173,14774051211025,5.074327,0.400934,4.457852,7680
live,154,14774056136698,14774056311542,14774056707164,14774060673522,4.536824,0.395622,3.966358,7680
live,155,14774066136698,14774066322526,14774066725092,14774070636761,4.500063,0.402566,3.911669,7680
live,156,14774076136698,14774076309254,14774076746284,14774080667329,4.530631,0.43703,3.921045,7680
live,157,14774086136698,14774086310925,14774086751123,14774091323761,5.187063,0.440198,4.572638,7680
live,158,14774096136698,14774096298677,14774096734011,14774100408588,4.27189,0.435334,3.674577,7680
live,159,14774106136698,14774106316252,14774106389917,14774110521942,4.385244,0.073665,4.132025,7680
live,160,14774116136698,14774116320612,14774116403493,14774140539213,24.402515,0.082881,24.13572,7680
live,161,14774126136698,14774126301931,14774140676782,14774143090703,16.954005,14.374851,2.413921,7680
live,162,14774136136698,14774136704153,14774143175600,14774145687314,9.550616,6.471447,2.511714,7680
live,163,14774146136698,14774146270202,14774146347675,14774149255075,3.118377,0.077473,2.9074,7680
live,164,14774156136698,14774156269122,14774156344739,14774159143017,3.006319,0.075617,2.798278,7680
live,165,14774166136698,14774166269161,14774166345674,14774169231474,3.094776,0.076513,2.8858,7680
live,166,14774176136698,14774176316850,14774176423379,14774179781953,3.645255,0.106529,3.358574,7680
live,167,14774186136698,14774186276473,14774186345498,14774189807241,3.670543,0.069025,3.461743,7680
live,168,14774196136698,14774196262816,14774196336321,14774199762416,3.625718,0.073505,3.426095,7680
live,169,14774206136698,14774206306504,14774206391145,14774210217309,4.080611,0.084641,3.826164,7680
live,170,14774216136698,14774216311632,14774216400881,14774219922113,3.785415,0.089249,3.521232,7680
live,171,14774226136698,14774226270007,14774226346328,14774230280973,4.144275,0.076321,3.934645,7680
live,172,14774236136698,14774236314207,14774236392096,14774240943230,4.806532,0.077889,4.551134,7680
live,173,14774246136698,14774246304775,14774246391432,14774250739491,4.602793,0.086657,4.348059,7680
live,174,14774256136698,14774256300046,14774256384751,14774260986286,4.849588,0.084705,4.601535,7680
live,175,14774266136698,14774266316982,14774266403799,14774270684721,4.548023,0.086817,4.280922,7680
live,176,14774276136698,14774276318718,14774276398655,14774280757306,4.620608,0.079937,4.358651,7680
live,177,14774286136698,14774286304997,14774286397926,14774290814882,4.678184,0.092929,4.416956,7680
live,178,14774296136698,14774296306797,14774296394126,14774300754569,4.617871,0.087329,4.360443,7680
live,179,14774306136698,14774306311060,14774306408726,14774310795185,4.658487,0.097666,4.386459,7680
live,180,14774316136698,14774316308988,14774316401021,14774339937052,23.800354,0.092033,23.536031,7680
live,181,14774326136698,14774326331876,14774340091870,14774342861732,16.725034,13.759994,2.769862,7680
live,182,14774336136698,14774336511150,14774342933925,14774345456135,9.319437,6.422775,2.52221,7680
live,183,14774346136698,14774346266898,14774346341299,14774348841013,2.704315,0.074401,2.499714,7680
live,184,14774356136698,14774356268538,14774356335130,14774358824540,2.687842,0.066592,2.48941,7680
live,185,14774366136698,14774366266945,14774366334146,14774368832388,2.69569,0.067201,2.498242,7680
live,186,14774376136698,14774376269257,14774376336074,14774379307346,3.170648,0.066817,2.971272,7680
live,187,14774386136698,14774386311889,14774386389682,14774389672382,3.535684,0.077793,3.2827,7680
live,188,14774396136698,14774396301368,14774396377913,14774399319617,3.182919,0.076545,2.941704,7680
live,189,14774406136698,14774406270976,14774406336128,14774409453611,3.316913,0.065152,3.117483,7680
live,190,14774416136698,14774416299175,14774416376937,14774419962425,3.825727,0.077762,3.585488,7680
live,191,14774426136698,14774426310895,14774426388368,14774430016097,3.879399,0.077473,3.627729,7680
live,192,14774436136698,14774436301879,14774436373848,14774440216300,4.079602,0.071969,3.842452,7680
live,193,14774446136698,14774446310110,14774446382431,14774450800731,4.664033,0.072321,4.4183,7680
live,194,14774456136698,14774456302918,14774456376423,14774460517951,4.381253,0.073505,4.141528,7680
live,195,14774466136698,14774466327406,14774466401583,14774471253521,5.116823,0.074177,4.851938,7680
live,196,14774476136698,14774476308181,14774476399286,14774481275865,5.139167,0.091105,4.876579,7680
live,197,14774486136698,14774486313533,14774486404734,14774491419906,5.283208,0.091201,5.015172,7680
live,198,14774496136698,14774496308196,14774496409382,14774501480202,5.343504,0.101186,5.07082,7680
live,199,14774506136698,14774506314604,14774506421837,14774511565651,5.428953,0.107233,5.143814,7680
live,200,14774516136698,14774516317332,14774516409909,14774542798299,26.661601,0.092577,26.38839,7680
live,201,14774526136698,14774526313947,14774542929980,14774546505133,20.368435,16.616033,3.575153,7680
live,202,14774536136698,14774536300835,14774546609646,14774549758969,13.622271,10.308811,3.149323,7680
live,203,14774546136698,14774546399756,14774549848058,14774552398685,6.261987,3.448302,2.550627,7680
live,204,14774556136698,14774556272721,14774556355058,14774559605983,3.469285,0.082337,3.250925,7680
live,205,14774566136698,14774566269689,14774566344410,14774569219361,3.082663,0.074721,2.874951,7680
live,206,14774576136698,14774576271265,14774576343906,14774579459372,3.322674,0.072641,3.115466,7680
live,207,14774586136698,14774586261896,14774586332137,14774589642486,3.505788,0.070241,3.310349,7680
live,208,14774596136698,14774596262288,14774596336977,14774600071875,3.935177,0.074689,3.734898,7680
live,209,14774606136698,14774606306872,14774606388281,14774610523281,4.386583,0.081409,4.135,7680
live,210,14774616136698,14774616315007,14774616402337,14774620625018,4.48832,0.08733,4.222681,7680
live,211,14774626136698,14774626314407,14774626401672,14774630773380,4.636682,0.087265,4.371708,7680
live,212,14774636136698,14774636539922,14774636630035,14774641028463,4.891765,0.090113,4.398428,7680
live,213,14774646136698,14774646311222,14774646396535,14774650929621,4.792923,0.085313,4.533086,7680
live,214,14774656136698,14774656309694,14774656396831,14774660885404,4.748706,0.087137,4.488573,7680
live,215,14774666136698,14774666301797,14774666386918,14774670935492,4.798794,0.085121,4.548574,7680
live,216,14774676136698,14774676321133,14774676410094,14774680940204,4.803506,0.088961,4.53011,7680
live,217,14774686136698,14774686311509,14774686401462,14774690956948,4.82025,0.089953,4.555486,7680
live,218,14774696136698,14774696314844,14774696410045,14774700969499,4.832801,0.095201,4.559454,7680
live,219,14774706136698,14774706322340,14774706415429,14774711174342,5.037644,0.093089,4.758913,7680
live,220,14774716136698,14774716314475,14774716403533,14774741800613,25.663915,0.089058,25.39708,7680
live,221,14774726136698,14774726317939,14774741936999,14774745250388,19.11369,15.61906,3.313389,7680
live,222,14774736136698,14774736295258,14774745341653,14774748405726,12.269028,9.046395,3.064073,7680
live,223,14774746136698,14774746265825,14774748493568,14774750882560,4.745862,2.227743,2.388992,7680
live,224,14774756136698,14774756261801,14774756332970,14774759169040,3.032342,0.071169,2.83607,7680
live,225,14774766136698,14774766268657,14774766346866,14774769215705,3.079007,0.078209,2.868839,7680
live,226,14774776136698,14774776267128,14774776339577,14774779479556,3.342858,0.072449,3.139979,7680
live,227,14774786136698,14774786269920,14774786343617,14774790134164,3.997466,0.073697,3.790547,7680
live,228,14774796136698,14774796308200,14774796394089,14774799836024,3.699326,0.085889,3.441935,7680
live,229,14774806136698,14774806336240,14774806436753,14774810495496,4.358798,0.100513,4.058743,7680
live,230,14774816136698,14774816325847,14774816431577,14774820448751,4.312053,0.10573,4.017174,7680
live,231,14774826136698,14774826319903,14774826399904,14774830575193,4.438495,0.080001,4.175289,7680
live,232,14774836136698,14774836309094,14774836397704,14774840654497,4.517799,0.08861,4.256793,7680
live,233,14774846136698,14774846306126,14774846396463,14774850765226,4.628528,0.090337,4.368763,7680
live,234,14774856136698,14774856314486,14774856398551,14774860867763,4.731065,0.084065,4.469212,7680
live,235,14774866136698,14774866305341,14774866402174,14774870735929,4.599231,0.096833,4.333755,7680
live,236,14774876136698,14774876331045,14774876413926,14774880874467,4.737769,0.082881,4.460541,7680
live,237,14774886136698,14774886310476,14774886397741,14774890765193,4.628495,0.087265,4.367452,7680
live,238,14774896136698,14774896303540,14774896387573,14774900996499,4.859801,0.084033,4.608926,7680
live,239,14774906136698,14774906316828,14774906412733,14774911302655,5.165957,0.095905,4.889922,7680
live,240,14774916136698,14774916305699,14774916400324,14774940942481,24.805783,0.094625,24.542157,7680
live,241,14774926136698,14774926323595,14774941061235,14774944266078,18.12938,14.73764,3.204843,7680
live,242,14774936136698,14774936290834,14774944351231,14774947605547,11.468849,8.060397,3.254316,7680
live,243,14774946136698,14774946262521,14774947701229,14774950626580,4.489882,1.438708,2.925351,7680
live,244,14774956136698,14774956262433,14774956346050,14774959166088,3.02939,0.083617,2.820038,7680
live,245,14774966136698,14774966269992,14774966338793,14774969254769,3.118071,0.068801,2.915976,7680
live,246,14774976136698,14774976263152,14774976335569,14774979497980,3.361282,0.072417,3.162411,7680
live,247,14774986136698,14774986265624,14774986347097,14774989809928,3.67323,0.081473,3.462831,7680
live,248,14774996136698,14774996260447,14774996334368,14774999759086,3.622388,0.073921,3.424718,7680
live,249,14775006136698,14775006311943,14775006417353,14775010597249,4.460551,0.10541,4.179896,7680
live,250,14775016136698,14775016310671,14775016390000,14775020556296,4.419598,0.079329,4.166296,7680
live,251,14775026136698,14775026325623,14775026405816,14775030703186,4.566488,0.080193,4.29737,7680
live,252,14775036136698,14775036297566,14775036382143,14775040743962,4.607264,0.084577,4.361819,7680
live,253,14775046136698,14775046609930,14775046700587,14775050998757,4.862059,0.090657,4.29817,7680
live,254,14775056136698,14775056296525,14775056387566,14775060889835,4.753137,0.091041,4.502269,7680
live,255,14775066136698,14775066318965,14775066419190,14775070910611,4.773913,0.100225,4.491421,7680
live,256,14775076136698,14775076315996,14775076408542,14775080887770,4.751072,0.092546,4.479228,7680
live,257,14775086136698,14775086322884,14775086419653,14775090594462,4.457764,0.096769,4.174809,7680
live,258,14775096136698,14775096321356,14775096404301,14775101024203,4.887505,0.082945,4.619902,7680
live,259,14775106136698,14775106323891,14775106410996,14775110616557,4.479859,0.087105,4.205561,7680
live,260,14775116136698,14775116311195,14775116397180,14775140746982,24.610284,0.085985,24.349802,7680
live,261,14775126136698,14775126311970,14775140862695,14775143123046,16.986348,14.550725,2.260351,7680
live,262,14775136136698,14775136743024,14775143191623,14775145979917,9.843219,6.448599,2.788294,7680
live,263,14775146136698,14775146269681,14775146349010,14775149250073,3.113375,0.079329,2.901063,7680
live,264,14775156136698,14775156264440,14775156340569,14775159021886,2.885188,0.076129,2.681317,7680
live,265,14775166136698,14775166267264,14775166332033,14775169153031,3.016333,0.064769,2.820998,7680
live,266,14775176136698,14775176260807,14775176346216,14775179710454,3.573756,0.085409,3.364238,7680
live,267,14775186136698,14775186272175,14775186346128,14775189470202,3.333504,0.073953,3.124074,7680
live,268,14775196136698,14775196263990,14775196344216,14775200082794,3.946096,0.080226,3.738578,7680
live,269,14775206136698,14775206330847,14775206431680,14775210097522,3.960824,0.100833,3.665842,7680
live,270,14775216136698,14775216312774,14775216408616,14775220365309,4.228611,0.095842,3.956693,7680
live,271,14775226136698,14775226326350,14775226415791,14775230346757,4.210059,0.089441,3.930966,7680
live,272,14775236136698,14775236309717,14775236412535,14775240631792,4.495094,0.102818,4.219257,7680
live,273,14775246136698,14775246338877,14775246426239,14775251297761,5.161063,0.087362,4.871522,7680
live,274,14775256136698,14775256306564,14775256399366,14775261157894,5.021196,0.092802,4.758528,7680
live,275,14775266136698,14775266309740,14775266397261,14775270931691,4.794993,0.087521,4.53443,7680
live,276,14775276136698,14775276303220,14775276388181,14775280919986,4.783288,0.084961,4.531805,7680
live,277,14775286136698,14775286302843,14775286387996,14775290887929,4.751231,0.085153,4.499933,7680
live,278,14775296136698,14775296300291,14775296386788,14775300556956,4.420258,0.086497,4.170168,7680
live,279,14775306136698,14775306311018,14775306399692,14775310293792,4.157094,0.088674,3.8941,7680
live,280,14775316136698,14775316313266,14775316402835,14775340724861,24.588163,0.089569,24.322026,7680
live,281,14775326136698,14775326340378,14775340884511,14775344569457,18.432759,14.544133,3.684946,7680
live,282,14775336136698,14775336293729,14775344664242,14775347628379,11.491681,8.370513,2.964137,7680
live,283,14775346136698,14775346263304,14775347713756,14775350014523,3.877825,1.450452,2.300767,7680
live,284,14775356136698,14775356258703,14775356336465,14775359433915,3.297217,0.077762,3.09745,7680
live,285,14775366136698,14775366265495,14775366333080,14775369493411,3.356713,0.067585,3.160331,7680
live,286,14775376136698,14775376262943,14775376338496,14775379630924,3.494226,0.075553,3.292428,7680
live,287,14775386136698,14775386268966,14775386335239,14775389743541,3.606843,0.066273,3.408302,7680
live,288,14775396136698,14775396260526,14775396334639,14775399925695,3.788997,0.074113,3.591056,7680
live,289,14775406136698,14775406314838,14775406405975,14775410627889,4.491191,0.091137,4.221914,7680
live,290,14775416136698,14775416317342,14775416409407,14775420683289,4.546591,0.092065,4.273882,7680
live,291,14775426136698,14775426319685,14775426412199,14775431073254,4.936556,0.092514,4.661055,7680
live,292,14775436136698,14775436315021,14775436408878,14775440865515,4.728817,0.093857,4.456637,7680
live,293,14775446136698,14775446315540,14775446406134,14775450641775,4.505077,0.090594,4.235641,7680
live,294,14775456136698,14775456300828,14775456403709,14775461035388,4.89869,0.102881,4.631679,7680
live,295,14775466136698,14775466321220,14775466408933,14775471025059,4.888361,0.087713,4.616126,7680
live,296,14775476136698,14775476298507,14775476389132,14775480970954,4.834256,0.090625,4.581822,7680
live,297,14775486136698,14775486309267,14775486394356,14775490878353,4.741655,0.085089,4.483997,7680
live,298,14775496136698,14775496315162,14775496407163,14775500949657,4.812959,0.092001,4.542494,7680
live,299,14775506136698,14775506300898,14775506391843,14775510836959,4.700261,0.090945,4.445116,7680
live,300,14775516136698,14775516299305,14775516389162,14775540728244,24.591546,0.089857,24.339082,7680
live,301,14775526136698,14775526311121,14775540862390,14775544201027,18.064329,14.551269,3.338637,7680
live,302,14775536136698,14775536665405,14775544294437,14775547098827,10.962129,7.629032,2.80439,7680
live,303,14775546136698,14775546265599,14775547187500,14775549487467,3.350769,0.921901,2.299967,7680
live,304,14775556136698,14775556301031,14775556379241,14775559013580,2.876882,0.07821,2.634339,7680
live,305,14775566136698,14775566291023,14775566377648,14775569229687,3.092989,0.086625,2.852039,7680
live,306,14775576136698,14775576268982,14775576343127,14775579410241,3.273543,0.074145,3.067114,7680
live,307,14775586136698,14775586267774,14775586338047,14775589611979,3.475281,0.070273,3.273932,7680
live,308,14775596136698,14775596265253,14775596342854,14775599997720,3.861022,0.077601,3.654866,7680
live,309,14775606136698,14775606689427,14775606823988,14775610763210,4.626512,0.134561,3.939222,7680
live,310,14775616136698,14775616312533,14775616392854,14775620276619,4.139921,0.080321,3.883765,7680
live,311,14775626136698,14775626323165,14775626406334,14775630601015,4.464317,0.083169,4.194681,7680
live,312,14775636136698,14775636310404,14775636447526,14775640613374,4.476676,0.137122,4.165848,7680
live,313,14775646136698,14775646313324,14775646399245,14775650772968,4.63627,0.085921,4.373723,7680
live,314,14775656136698,14775656672312,14775656821114,14775661531834,5.395136,0.148802,4.71072,7680
live,315,14775666136698,14775666365788,14775666484157,14775671093436,4.956738,0.118369,4.609279,7680
live,316,14775676136698,14775676335011,14775676435588,14775681077699,4.941001,0.100577,4.642111,7680
live,317,14775686136698,14775686311050,14775686399531,14775690729254,4.592556,0.088481,4.329723,7680
live,318,14775696136698,14775696304145,14775696427155,14775701222580,5.085882,0.12301,4.795425,7680
live,319,14775706136698,14775706336505,14775706423355,14775711075258,4.93856,0.08685,4.651903,7680
live,320,14775716136698,14775716302401,14775716393058,14775741571319,25.434621,0.090657,25.178261,7680
live,321,14775726136698,14775726314376,14775741752122,14775744440318,18.30362,15.437746,2.688196,7680
live,322,14775736136698,14775736297072,14775744516223,14775747286661,11.149963,8.219151,2.770438,7680
live,323,14775746136698,14775746262903,14775747376294,14775749836455,3.699757,1.113391,2.460161,7680
live,324,14775756136698,14775756260126,14775756328447,14775758995011,2.858313,0.068321,2.666564,7680
live,325,14775766136698,14775766263334,14775766337895,14775769148589,3.011891,0.074561,2.810694,7680
live,326,14775776136698,14775776273262,14775776347791,14775779453145,3.316447,0.074529,3.105354,7680
live,327,14775786136698,14775786273109,14775786343798,14775789630755,3.494057,0.070689,3.286957,7680
live,328,14775796136698,14775796270909,14775796340574,14775800051504,3.914806,0.069665,3.71093,7680
live,329,14775806136698,14775806312037,14775806398374,14775810384764,4.248066,0.086337,3.98639,7680
live,330,14775816136698,14775816309036,14775816392782,14775820842666,4.705968,0.083746,4.449884,7680
live,331,14775826136698,14775826309172,14775826384533,14775830374123,4.237425,0.075361,3.98959,7680
live,332,14775836136698,14775836307259,14775836396893,14775840665047,4.528349,0.089634,4.268154,7680
live,333,14775846136698,14775846311555,14775846393444,14775850587965,4.451267,0.081889,4.194521,7680
live,334,14775856136698,14775856307211,14775856388300,14775860821960,4.685262,0.081089,4.43366,7680
live,335,14775866136698,14775866300242,14775866396819,14775870923089,4.786391,0.096577,4.52627,7680
live,336,14775876136698,14775876315866,14775876412411,14775881063482,4.926784,0.096545,4.651071,7680
live,337,14775886136698,14775886303233,14775886388738,14775890682941,4.546243,0.085505,4.294203,7680
live,338,14775896136698,14775896316585,14775896404362,14775901014121,4.877423,0.087777,4.609759,7680
live,339,14775906136698,14775906313777,14775906405010,14775910771757,4.635059,0.091233,4.366747,7680
live,340,14775916136698,14775916318168,14775916415674,14775940967398,24.8307,0.097506,24.551724,7680
live,341,14775926136698,14775926321440,14775941100488,14775943401863,17.265165,14.779048,2.301375,7680
live,342,14775936136698,14775936293479,14775943469096,14775945749255,9.612557,7.175617,2.280159,7680
live,343,14775946136698,14775946266798,14775946343471,14775948626638,2.48994,0.076673,2.283167,7680
live,344,14775956136698,14775956272342,14775956341591,14775958603285,2.466587,0.069249,2.261694,7680
live,345,14775966136698,14775966266013,14775966329342,14775968618109,2.481411,0.063329,2.288767,7680
live,346,14775976136698,14775976267429,14775976329638,14775979083115,2.946417,0.062209,2.753477,7680
live,347,14775986136698,14775986306573,14775986379438,14775989199700,3.063002,0.072865,2.820262,7680
live,348,14775996136698,14775996309397,14775996390230,14775999355358,3.21866,0.080833,2.965128,7680
live,349,14776006136698,14776006271196,14776006340893,14776009544264,3.407566,0.069697,3.203371,7680
live,350,14776016136698,14776016308484,14776016392037,14776020086935,3.950237,0.083553,3.694898,7680
live,351,14776026136698,14776026315051,14776026389260,14776029630968,3.49427,0.074209,3.241708,7680
live,352,14776036136698,14776036295859,14776036378164,14776040041157,3.904459,0.082305,3.662993,7680
live,353,14776046136698,14776046304154,14776046419964,14776050003116,3.866418,0.11581,3.583152,7680
live,354,14776056136698,14776056299362,14776056372995,14776060379769,4.243071,0.073633,4.006774,7680
live,355,14776066136698,14776066437579,14776066834833,14776071735027,5.598329,0.397254,4.900194,7680
live,356,14776076136698,14776076312273,14776076409778,14776081301813,5.165115,0.097505,4.892035,7680
live,357,14776086136698,14776086309689,14776086406842,14776090980600,4.843902,0.097153,4.573758,7680
live,358,14776096136698,14776096312704,14776096407137,14776101439526,5.302828,0.094433,5.032389,7680
live,359,14776106136698,14776106393769,14776106537355,14776111852435,5.715737,0.143586,5.31508,7680
live,360,14776116136698,14776116347248,14776116466321,14776142910328,26.77363,0.119073,26.444007,7680
live,361,14776126136698,14776126331895,14776143045274,14776146660299,20.523601,16.713379,3.615025,7680
live,362,14776136136698,14776136301150,14776146767564,14776150112185,13.975487,10.466414,3.344621,7680
live,363,14776146136698,14776146424167,14776150203003,14776153431238,7.29454,3.778836,3.228235,7680
live,364,14776156136698,14776156270253,14776156354702,14776159512953,3.376255,0.084449,3.158251,7680
live,365,14776166136698,14776166273044,14776166347221,14776169912326,3.775628,0.074177,3.565105,7680
live,366,14776176136698,14776176269532,14776176341629,14776179502504,3.365806,0.072097,3.160875,7680
live,367,14776186136698,14776186268323,14776186337284,14776189492687,3.355989,0.068961,3.155403,7680
live,368,14776196136698,14776196262635,14776196337676,14776199783643,3.646945,0.075041,3.445967,7680
live,369,14776206136698,14776206306803,14776206382740,14776210032582,3.895884,0.075937,3.649842,7680
live,370,14776216136698,14776216305019,14776216382204,14776220389234,4.252536,0.077185,4.00703,7680
live,371,14776226136698,14776226266850,14776226351907,14776230202487,4.065789,0.085057,3.85058,7680
live,372,14776236136698,14776236320074,14776236408843,14776240777862,4.641164,0.088769,4.369019,7680
live,373,14776246136698,14776246309553,14776246402451,14776250658604,4.521906,0.092898,4.256153,7680
live,374,14776256136698,14776256316633,14776256398618,14776260747349,4.610651,0.081985,4.348731,7680
live,375,14776266136698,14776266313088,14776266396322,14776270503353,4.366655,0.083234,4.107031,7680
live,376,14776276136698,14776276302664,14776276383401,14776280593378,4.45668,0.080737,4.209977,7680
live,377,14776286136698,14776286308495,14776286396433,14776290997583,4.860885,0.087938,4.60115,7680
live,378,14776296136698,14776296337815,14776296437849,14776301285179,5.148481,0.100034,4.84733,7680
live,379,14776306136698,14776306313823,14776306393184,14776310897245,4.760547,0.079361,4.504061,7680
live,380,14776316136698,14776316412328,14776316507241,14776341203704,25.067006,0.094913,24.696463,7680
live,381,14776326136698,14776326363790,14776341332249,14776343912124,17.775426,14.968459,2.579875,7680
live,382,14776336136698,14776336303605,14776343985117,14776346385630,10.248932,7.681512,2.400513,7680
live,383,14776346136698,14776346310909,14776346463135,14776348802783,2.666085,0.152226,2.339648,7680
live,384,14776356136698,14776356269956,14776356337029,14776358610660,2.473962,0.067073,2.273631,7680
live,385,14776366136698,14776366266283,14776366345580,14776369116818,2.98012,0.079297,2.771238,7680
live,386,14776376136698,14776376304211,14776376380532,14776379165914,3.029216,0.076321,2.785382,7680
live,387,14776386136698,14776386307675,14776386391740,14776389238275,3.101577,0.084065,2.846535,7680
live,388,14776396136698,14776396269474,14776396339971,14776399195146,3.058448,0.070497,2.855175,7680
live,389,14776406136698,14776406315562,14776406385643,14776409505621,3.368923,0.070081,3.119978,7680
live,390,14776416136698,14776416299410,14776416376083,14776419603390,3.466692,0.076673,3.227307,7680
live,391,14776426136698,14776426300569,14776426371130,14776429933546,3.796848,0.070561,3.562416,7680
live,392,14776436136698,14776436308257,14776436386882,14776439890929,3.754231,0.078625,3.504047,7680
live,393,14776446136698,14776446312008,14776446400106,14776450583138,4.44644,0.088098,4.183032,7680
live,394,14776456136698,14776456328240,14776456405553,14776460551209,4.414511,0.077313,4.145656,7680
live,395,14776466136698,14776466303607,14776466376888,14776470709203,4.572505,0.073281,4.332315,7680
live,396,14776476136698,14776476302751,14776476383648,14776480913949,4.777251,0.080897,4.530301,7680
live,397,14776486136698,14776486321383,14776486403016,14776491742576,5.605878,0.081633,5.33956,7680
live,398,14776496136698,14776496308110,14776496402319,14776501744408,5.60771,0.094209,5.342089,7680
live,399,14776506136698,14776506313014,14776506397399,14776512252774,6.116076,0.084385,5.855375,7680
live,400,14776516136698,14776516313501,14776516405790,14776543605775,27.469077,0.092289,27.199985,7680
live,401,14776526136698,14776526463591,14776543800274,14776547495364,21.358666,17.336683,3.69509,7680
live,402,14776536136698,14776536505135,14776547596421,14776550833297,14.696599,11.091286,3.236876,7680
live,403,14776546136698,14776546312372,14776550918514,14776554134238,7.99754,4.606142,3.215724,7680
live,404,14776556136698,14776556262331,14776556339932,14776559319460,3.182762,0.077601,2.979528,7680
live,405,14776566136698,14776566267042,14776566344003,14776569447789,3.311091,0.076961,3.103786,7680
live,406,14776576136698,14776576267114,14776576334891,14776579496854,3.360156,0.067777,3.161963,7680
live,407,14776586136698,14776586266193,14776586337394,14776589699328,3.56263,0.071201,3.361934,7680
live,408,14776596136698,14776596263705,14776596343034,14776599809737,3.673039,0.079329,3.466703,7680
live,409,14776606136698,14776606308865,14776606399522,14776610889663,4.752965,0.090657,4.490141,7680
live,410,14776616136698,14776616314089,14776616406442,14776620671012,4.534314,0.092353,4.26457,7680
live,411,14776626136698,14776626304528,14776626402449,14776630752812,4.616114,0.097921,4.350363,7680
live,412,14776636136698,14776636302712,14776636397657,14776640892278,4.75558,0.094945,4.494621,7680
live,413,14776646136698,14776646301855,14776646388544,14776650877469,4.740771,0.086689,4.488925,7680
live,414,14776656136698,14776656315399,14776656399816,14776660840004,4.703306,0.084417,4.440188,7680
live,415,14776666136698,14776666307246,14776666386703,14776671010158,4.87346,0.079457,4.623455,7680
live,416,14776676136698,14776676327414,14776676408535,14776681104951,4.968253,0.081121,4.696416,7680
live,417,14776686136698,14776686313726,14776686406591,14776691051806,4.915108,0.092865,4.645215,7680
live,418,14776696136698,14776696325861,14776696421511,14776701044805,4.908107,0.09565,4.623294,7680
live,419,14776706136698,14776706322221,14776706408846,14776711080909,4.944211,0.086625,4.672063,7680
live,420,14776716136698,14776716303220,14776716385653,14776741600619,25.463921,0.082433,25.214966,7680
live,421,14776726136698,14776726289147,14776741789422,14776744518099,18.381401,15.500275,2.728677,7680
live,422,14776736136698,14776736296131,14776744589940,14776747376793,11.240095,8.293809,2.786853,7680
live,423,14776746136698,14776746262410,14776747462362,14776749750905,3.614207,1.199952,2.288543,7680
live,424,14776756136698,14776756263602,14776756335347,14776759153497,3.016799,0.071745,2.81815,7680
live,425,14776766136698,14776766270489,14776766348538,14776769262498,3.1258,0.078049,2.91396,7680
live,426,14776776136698,14776776267617,14776776335522,14776779402155,3.265457,0.067905,3.066633,7680
live,427,14776786136698,14776786259112,14776786329417,14776789594006,3.457308,0.070305,3.264589,7680
live,428,14776796136698,14776796261584,14776796334545,14776799759039,3.622341,0.072961,3.424494,7680
live,429,14776806136698,14776806306104,14776806380697,14776810421104,4.284406,0.074593,4.040407,7680
live,430,14776816136698,14776816291551,14776816376513,14776820679387,4.542689,0.084962,4.302874,7680
live,431,14776826136698,14776826324199,14776826408681,14776830775396,4.638698,0.084482,4.366715,7680
live,432,14776836136698,14776836311631,14776836399248,14776840792908,4.65621,0.087617,4.39366,7680
live,433,14776846136698,14776846323959,14776846412984,14776850427182,4.290484,0.089025,4.014198,7680
live,434,14776856136698,14776856328510,14776856413183,14776860832731,4.696033,0.084673,4.419548,7680
live,435,14776866136698,14776866309157,14776866390983,14776870509534,4.372836,0.081826,4.118551,7680
live,436,14776876136698,14776876297965,14776876378670,14776880791146,4.654448,0.080705,4.412476,7680
live,437,14776886136698,14776886301332,14776886385334,14776890730864,4.594166,0.084002,4.34553,7680
live,438,14776896136698,14776896307356,14776896399421,14776900738136,4.601438,0.092065,4.338715,7680
live,439,14776906136698,14776906341124,14776906429285,14776911169062,5.032364,0.088161,4.739777,7680
live,440,14776916136698,14776916311083,14776916410701,14776941064443,24.927745,0.099618,24.653742,7680
live,441,14776926136698,14776926318931,14776941186716,14776944523946,18.387248,14.867785,3.33723,7680
live,442,14776936136698,14776936288698,14776944620235,14776947576083,11.439385,8.331537,2.955848,7680
live,443,14776946136698,14776946263137,14776947668020,14776949994260,3.857562,1.404883,2.32624,7680
live,444,14776956136698,14776956261417,14776956325162,14776959090223,2.953525,0.063745,2.765061,7680
live,445,14776966136698,14776966264496,14776966347025,14776969557309,3.420611,0.082529,3.210284,7680
live,446,14776976136698,14776976269112,14776976334905,14776979277057,3.140359,0.065793,2.942152,7680
live,447,14776986136698,14776986460066,14776986526819,14776989687886,3.551188,0.066753,3.161067,7680
live,448,14776996136698,14776996264455,14776996329928,14776999589268,3.45257,0.065473,3.25934,7680
live,449,14777006136698,14777006364336,14777006487057,14777010749611,4.612913,0.122721,4.262554,7680
live,450,14777016136698,14777016327095,14777016423992,14777020606321,4.469623,0.096897,4.182329,7680
live,451,14777026136698,14777026345471,14777026433312,14777031199552,5.062854,0.087841,4.76624,7680
live,452,14777036136698,14777036343718,14777036462632,14777041255433,5.118735,0.118914,4.792801,7680
live,453,14777046136698,14777046329997,14777046462895,14777051442483,5.305785,0.132898,4.979588,7680
live,454,14777056136698,14777056325653,14777056429718,14777060733681,4.596983,0.104065,4.303963,7680
live,455,14777066136698,14777066308828,14777066411582,14777070632503,4.495805,0.102754,4.220921,7680
live,456,14777076136698,14777076408837,14777076516967,14777081091813,4.955115,0.10813,4.574846,7680
live,457,14777086136698,14777086345868,14777086450733,14777090907562,4.770864,0.104865,4.456829,7680
live,458,14777096136698,14777096314131,14777096402004,14777100635693,4.498995,0.087873,4.233689,7680
live,459,14777106136698,14777106307514,14777106407068,14777110614837,4.478139,0.099554,4.207769,7680
live,460,14777116136698,14777116327778,14777116408771,14777139823777,23.687079,0.080993,23.415006,7680
live,461,14777126136698,14777126319626,14777140212230,14777143405233,17.268535,13.892604,3.193003,7680
live,462,14777136136698,14777136644598,14777143499602,14777146022293,9.885595,6.855004,2.522691,7680
live,463,14777146136698,14777146271032,14777146346489,14777149167167,3.030469,0.075457,2.820678,7680
live,464,14777156136698,14777156269439,14777156351233,14777159335945,3.199247,0.081794,2.984712,7680
live,465,14777166136698,14777166268295,14777166346344,14777169378993,3.242295,0.078049,3.032649,7680
live,466,14777176136698,14777176265103,14777176337071,14777179498618,3.36192,0.071968,3.161547,7680
live,467,14777186136698,14777186268822,14777186344535,14777189614787,3.478089,0.075713,3.270252,7680
live,468,14777196136698,14777196263838,14777196336447,14777199611371,3.474673,0.072609,3.274924,7680
live,469,14777206136698,14777206308582,14777206394183,14777210547967,4.411269,0.085601,4.153784,7680
live,470,14777216136698,14777216291021,14777216368782,14777219896478,3.75978,0.077761,3.527696,7680
live,471,14777226136698,14777226268084,14777226338869,14777229760324,3.623626,0.070785,3.421455,7680
live,472,14777236136698,14777236304572,14777236382685,14777240754745,4.618047,0.078113,4.37206,7680
live,473,14777246136698,14777246305348,14777246386789,14777250714432,4.577734,0.081441,4.327643,7680
live,474,14777256136698,14777256302795,14777256382092,14777260656870,4.520172,0.079297,4.274778,7680
live,475,14777266136698,14777266301075,14777266399764,14777270671662,4.534964,0.098689,4.271898,7680
live,476,14777276136698,14777276324283,14777276417916,14777280836728,4.70003,0.093633,4.418812,7680
live,477,14777286136698,14777286315906,14777286409539,14777290767742,4.631044,0.093633,4.358203,7680
live,478,14777296136698,14777296317802,14777296402539,14777300692965,4.556267,0.084737,4.290426,7680
live,479,14777306136698,14777306322513,14777306449043,14777310604939,4.468241,0.12653,4.155896,7680
live,480,14777316136698,14777316318073,14777316403418,14777339765846,23.629148,0.085345,23.362428,7680
live,481,14777326136698,14777326313728,14777339894360,14777342798816,16.662118,13.580632,2.904456,7680
live,482,14777336136698,14777336301288,14777342885313,14777345707655,9.570957,6.584025,2.822342,7680
live,483,14777346136698,14777346268751,14777346338160,14777349119061,2.982363,0.069409,2.780901,7680
live,484,14777356136698,14777356267350,14777356336983,14777358947034,2.810336,0.069633,2.610051,7680
live,485,14777366136698,14777366265598,14777366331999,14777369033763,2.897065,0.066401,2.701764,7680
live,486,14777376136698,14777376265637,14777376335782,14777379151628,3.01493,0.070145,2.815846,7680
live,487,14777386136698,14777386267405,14777386340078,14777389496856,3.360158,0.072673,3.156778,7680
live,488,14777396136698,14777396269428,14777396341109,14777399591201,3.454503,0.071681,3.250092,7680
live,489,14777406136698,14777406309916,14777406389341,14777410311059,4.174361,0.079425,3.921718,7680
live,490,14777416136698,14777416312548,14777416401221,14777420056471,3.919773,0.088673,3.65525,7680
live,491,14777426136698,14777426268203,14777426346668,14777430522212,4.385514,0.078465,4.175544,7680
live,492,14777436136698,14777436315347,14777436413396,14777440949906,4.813208,0.098049,4.53651,7680
live,493,14777446136698,14777446598878,14777446722272,14777451270718,5.13402,0.123394,4.548446,7680
live,494,14777456136698,14777456334434,14777456426308,14777461034754,4.898056,0.091874,4.608446,7680
live,495,14777466136698,14777466311370,14777466396555,14777470964233,4.827535,0.085185,4.567678,7680
live,496,14777476136698,14777476313841,14777476406322,14777481097714,4.961016,0.092481,4.691392,7680
live,497,14777486136698,14777486321241,14777486404314,14777491001080,4.864382,0.083073,4.596766,7680
live,498,14777496136698,14777496314688,14777496396577,14777501239363,5.102665,0.081889,4.842786,7680
live,499,14777506136698,14777506309384,14777506395241,14777511660496,5.523798,0.085857,5.265255,7680
live,500,14777516136698,14777516311343,14777516400912,14777541051007,24.914309,0.089569,24.650095,7680
live,501,14777526136698,14777526341335,14777541182848,14777544316075,18.179377,14.841513,3.133227,7680
live,502,14777536136698,14777536294398,14777544402380,14777547504534,11.367836,8.107982,3.102154,7680
live,503,14777546136698,14777546265125,14777547592119,14777550705569,4.568871,1.326994,3.11345,7680
live,504,14777556136698,14777556263277,14777556337902,14777559306358,3.16966,0.074625,2.968456,7680
live,505,14777566136698,14777566270100,14777566341205,14777569225020,3.088322,0.071105,2.883815,7680
live,506,14777576136698,14777576272508,14777576342909,14777579334149,3.197451,0.070401,2.99124,7680
live,507,14777586136698,14777586265923,14777586335396,14777589563568,3.42687,0.069473,3.228172,7680
live,508,14777596136698,14777596266891,14777596333708,14777599758970,3.622272,0.066817,3.425262,7680
live,509,14777606136698,14777606301139,14777606396340,14777610255912,4.119214,0.095201,3.859572,7680
live,510,14777616136698,14777616302810,14777616387996,14777619868619,3.731921,0.085186,3.480623,7680
live,511,14777626136698,14777626270946,14777626345763,14777629932947,3.796249,0.074817,3.587184,7680
live,512,14777636136698,14777636304713,14777636390155,14777640827239,4.690541,0.085442,4.437084,7680
live,513,14777646136698,14777646307217,14777646388978,14777650768174,4.631476,0.081761,4.379196,7680
live,514,14777656136698,14777656304985,14777656390650,14777660880631,4.743933,0.085665,4.489981,7680
live,515,14777666136698,14777666325472,14777666406145,14777670973311,4.836613,0.080673,4.567166,7680
live,516,14777676136698,14777676311048,14777676405321,14777681026088,4.88939,0.094273,4.620767,7680
live,517,14777686136698,14777686312687,14777686399440,14777691115312,4.978614,0.086753,4.715872,7680
live,518,14777696136698,14777696324791,14777696412152,14777701023127,4.886429,0.087361,4.610975,7680
live,519,14777706136698,14777706306558,14777706396063,14777711020062,4.883364,0.089505,4.623999,7680
live,520,14777716136698,14777716308102,14777716402919,14777742195205,26.058507,0.094817,25.792286,7680
live,521,14777726136698,14777726332462,14777742382663,14777746184219,20.047521,16.050201,3.801556,7680
live,522,14777736136698,14777736303605,14777746286748,14777749364710,13.228012,9.983143,3.077962,7680
live,523,14777746136698,14777746461982,14777749451687,14777752462992,6.326294,2.989705,3.011305,7680
live,524,14777756136698,14777756261763,14777756335812,14777759091914,2.955216,0.074049,2.756102,7680
live,525,14777766136698,14777766264875,14777766339212,14777769184274,3.047576,0.074337,2.845062,7680
live,526,14777776136698,14777776264018,14777776341459,14777779602752,3.466054,0.077441,3.261293,7680
live,527,14777786136698,14777786265306,14777786332827,14777789505798,3.3691,0.067521,3.172971,7680
live,528,14777796136698,14777796261825,14777796336194,14777799756913,3.620215,0.074369,3.420719,7680
live,529,14777806136698,14777806296777,14777806381323,14777810352192,4.215494,0.084546,3.970869,7680
live,530,14777816136698,14777816308977,14777816396050,14777820023715,3.887017,0.087073,3.627665,7680
live,531,14777826136698,14777826278776,14777826354649,14777829814248,3.67755,0.075873,3.459599,7680
live,532,14777836136698,14777836369857,14777836459490,14777839941617,3.804919,0.089633,3.482127,7680
live,533,14777846136698,14777846330632,14777846406889,14777849948249,3.811551,0.076257,3.54136,7680
live,534,14777856136698,14777856324207,14777856401969,14777860341702,4.205004,0.077762,3.939733,7680
live,535,14777866136698,14777866302999,14777866401624,14777870450607,4.313909,0.098625,4.048983,7680
live,536,14777876136698,14777876317214,14777876392831,14777880487287,4.350589,0.075617,4.094456,7680
live,537,14777886136698,14777886320806,14777886395847,14777890662625,4.525927,0.075041,4.266778,7680
live,538,14777896136698,14777896321166,14777896459855,14777900791914,4.655216,0.138689,4.332059,7680
live,539,14777906136698,14777906601017,14777906703866,14777911077942,4.941244,0.102849,4.374076,7680
live,540,14777916136698,14777916317789,14777916397982,14777943278986,27.142288,0.080193,26.881004,7680
live,541,14777926136698,14777926326948,14777943470349,14777947307681,21.170983,17.143401,3.837332,7680
live,542,14777936136698,14777936300523,14777947409282,14777950653774,14.517076,11.108759,3.244492,7680
live,543,14777946136698,14777946266386,14777950739951,14777953836601,7.699903,4.473565,3.09665,7680
live,544,14777956136698,14777956282714,14777956364507,14777959361284,3.224586,0.081793,2.996777,7680
live,545,14777966136698,14777966268642,14777966359843,14777969530382,3.393684,0.091201,3.170539,7680
live,546,14777976136698,14777976272329,14777976345898,14777979481173,3.344475,0.073569,3.135275,7680
live,547,14777986136698,14777986264465,14777986334513,14777990021731,3.885033,0.070048,3.687218,7680
live,548,14777996136698,14777996317497,14777996398682,14778000585331,4.448633,0.081185,4.186649,7680
live,549,14778006136698,14778006304608,14778006396801,14778010421144,4.284446,0.092193,4.024343,7680
live,550,14778016136698,14778016269863,14778016343528,14778020033818,3.89712,0.073665,3.69029,7680
live,551,14778026136698,14778026312399,14778026410129,14778030812620,4.675922,0.09773,4.402491,7680
live,552,14778036136698,14778036311671,14778036398968,14778040864660,4.727962,0.087297,4.465692,7680
live,553,14778046136698,14778046308318,14778046396095,14778051057823,4.921125,0.087777,4.661728,7680
live,554,14778056136698,14778056325446,14778056428647,14778061575853,5.439155,0.103201,5.147206,7680
live,555,14778066136698,14778066313101,14778066406159,14778070856523,4.719825,0.093058,4.450364,7680
live,556,14778076136698,14778076299413,14778076384438,14778080978868,4.84217,0.085025,4.59443,7680
live,557,14778086136698,14778086302108,14778086383037,14778091068285,4.931587,0.080929,4.685248,7680
live,558,14778096136698,14778096307684,14778096392869,14778100989347,4.852649,0.085185,4.596478,7680
live,559,14778106136698,14778106314731,14778106419757,14778111752181,5.615483,0.105026,5.332424,7680
live,560,14778116136698,14778116317139,14778116414996,14778140981857,24.845159,0.097857,24.566861,7680
live,561,14778126136698,14778126328027,14778141101603,14778143746599,17.609901,14.773576,2.644996,7680
live,562,14778136136698,14778136291746,14778143823464,14778146922866,10.786168,7.531718,3.099402,7680
live,563,14778146136698,14778146343146,14778147007219,14778149324178,3.18748,0.664073,2.316959,7680
live,564,14778156136698,14778156267056,14778156333105,14778159024982,2.888284,0.066049,2.691877,7680
live,565,14778166136698,14778166262904,14778166329561,14778169222464,3.085766,0.066657,2.892903,7680
live,566,14778176136698,14778176269919,14778176340672,14778179547948,3.41125,0.070753,3.207276,7680
live,567,14778186136698,14778186270151,14778186364712,14778190179420,4.042722,0.094561,3.814708,7680
live,568,14778196136698,14778196271470,14778196361136,14778200746059,4.609361,0.089666,4.384923,7680
live,569,14778206136698,14778206314358,14778206413528,14778210596881,4.460183,0.09917,4.183353,7680
live,570,14778216136698,14778216318046,14778216399711,14778220516183,4.379485,0.081665,4.116472,7680
live,571,14778226136698,14778226323206,14778226404519,14778230665696,4.528998,0.081313,4.261177,7680
live,572,14778236136698,14778236302509,14778236383566,14778240565831,4.429133,0.081057,4.182265,7680
live,573,14778246136698,14778246309012,14778246390518,14778250627887,4.491189,0.081506,4.237369,7680
live,574,14778256136698,14778256317436,14778256402141,14778260557974,4.421276,0.084705,4.155833,7680
live,575,14778266136698,14778266307331,14778266394053,14778270566717,4.430019,0.086722,4.172664,7680
live,576,14778276136698,14778276318379,14778276415436,14778280745063,4.608365,0.097057,4.329627,7680
live,577,14778286136698,14778286314003,14778286404244,14778290826320,4.689622,0.090241,4.422076,7680
live,578,14778296136698,14778296330074,14778296412731,14778300736150,4.599452,0.082657,4.323419,7680
live,579,14778306136698,14778306302945,14778306389635,14778310739934,4.603236,0.08669,4.350299,7680
live,580,14778316136698,14778316497772,14778316582381,14778340985655,24.848957,0.084609,24.403274,7680
live,581,14778326136698,14778326308529,14778341110329,14778344588072,18.451374,14.8018,3.477743,7680
live,582,14778336136698,14778336292088,14778344675369,14778347265293,11.128595,8.383281,2.589924,7680
live,583,14778346136698,14778346265279,14778347338126,14778349835599,3.698901,1.072847,2.497473,7680
live,584,14778356136698,14778356266695,14778356335207,14778358482853,2.346155,0.068512,2.147646,7680
live,585,14778366136698,14778366271342,14778366336271,14778368731183,2.594485,0.064929,2.394912,7680
live,586,14778376136698,14778376261045,14778376327126,14778378757047,2.620349,0.066081,2.429921,7680
live,587,14778386136698,14778386265533,14778386326302,14778388871040,2.734342,0.060769,2.544738,7680
live,588,14778396136698,14778396259684,14778396330853,14778399328046,3.191348,0.071169,2.997193,7680
live,589,14778406136698,14778406315277,14778406405902,14778409561977,3.425279,0.090625,3.156075,7680
live,590,14778416136698,14778416301108,14778416377205,14778419529792,3.393094,0.076097,3.152587,7680
live,591,14778426136698,14778426303516,14778426624384,14778430212465,4.075767,0.320868,3.588081,7680
live,592,14778436136698,14778436311843,14778436409349,14778440364058,4.22736,0.097506,3.954709,7680
live,593,14778446136698,14778446317323,14778446398636,14778450524292,4.387594,0.081313,4.125656,7680
live,594,14778456136698,14778456304882,14778456380179,14778460550764,4.414066,0.075297,4.170585,7680
live,595,14778466136698,14778466304410,14778466383707,14778470845591,4.708893,0.079297,4.461884,7680
live,596,14778476136698,14778476312257,14778476397986,14778480589211,4.452513,0.085729,4.191225,7680
live,597,14778486136698,14778486319081,14778486410986,14778490836486,4.699788,0.091905,4.4255,7680
live,598,14778496136698,14778496315024,14778496738934,14778501855803,5.719105,0.42391,5.116869,7680
live,599,14778506136698,14778506306712,14778506386681,14778511722817,5.586119,0.079969,5.336136,7680
live,600,14778516136698,14778516314047,14778516396224,14778543281933,27.145235,0.082177,26.885709,7680
live,601,14778526136698,14778526302759,14778543468495,14778546529881,20.393183,17.165736,3.061386,7680
live,602,14778536136698,14778536294606,14778546630074,14778549968871,13.832173,10.335468,3.338797,7680
live,603,14778546136698,14778546417143,14778550057161,14778553314837,7.178139,3.640018,3.257676,7680
live,604,14778556136698,14778556272157,14778556355198,14778559586218,3.44952,0.083041,3.23102,7680
live,605,14778566136698,14778566267044,14778566349957,14778569522736,3.386038,0.082913,3.172779,7680
live,606,14778576136698,14778576264268,14778576340493,14778579530840,3.394142,0.076225,3.190347,7680
live,607,14778586136698,14778586270515,14778586340116,14778589645025,3.508327,0.069601,3.304909,7680
live,608,14778596136698,14778596259387,14778596336796,14778600062062,3.925364,0.077409,3.725266,7680
live,609,14778606136698,14778606378660,14778606465701,14778610643966,4.507268,0.087041,4.178265,7680
live,610,14778616136698,14778616329547,14778616411628,14778620576996,4.440298,0.082081,4.165368,7680
live,611,14778626136698,14778626295570,14778626374387,14778630690605,4.553907,0.078817,4.316218,7680
live,612,14778636136698,14778636302649,14778636400923,14778640794774,4.658076,0.098274,4.393851,7680
live,613,14778646136698,14778646315009,14778646409378,14778651112066,4.975368,0.094369,4.702688,7680
live,614,14778656136698,14778656319401,14778656410634,14778660922759,4.786061,0.091233,4.512125,7680
live,615,14778666136698,14778666307184,14778666399537,14778671114129,4.977431,0.092353,4.714592,7680
live,616,14778676136698,14778676329624,14778676436729,14778681270043,5.133345,0.107105,4.833314,7680
live,617,14778686136698,14778686301247,14778686420545,14778691101312,4.964614,0.119298,4.680767,7680
live,618,14778696136698,14778696326535,14778696412840,14778701091015,4.954317,0.086305,4.678175,7680
live,619,14778706136698,14778706314094,14778706394191,14778711038638,4.90194,0.080097,4.644447,7680
live,620,14778716136698,14778716313494,14778716404151,14778740538974,24.402276,0.090657,24.134823,7680
live,621,14778726136698,14778726312957,14778740656736,14778743016607,16.879909,14.343779,2.359871,7680
live,622,14778736136698,14778736286244,14778743081920,14778745496257,9.359559,6.795676,2.414337,7680
live,623,14778746136698,14778746265228,14778746332396,14778748626988,2.49029,0.067168,2.294592,7680
live,624,14778756136698,14778756268051,14778756330132,14778758562450,2.425752,0.062081,2.232318,7680
live,625,14778766136698,14778766260858,14778766334107,14778768798269,2.661571,0.073249,2.464162,7680
live,626,14778776136698,14778776299459,14778776375108,14778779370284,3.233586,0.075649,2.995176,7680
live,627,14778786136698,14778786313866,14778786389323,14778789675096,3.538398,0.075457,3.285773,7680
live,628,14778796136698,14778796312082,14778796390067,14778799614654,3.477956,0.077985,3.224587,7680
live,629,14778806136698,14778806299129,14778806372122,14778809810697,3.673999,0.072993,3.438575,7680
live,630,14778816136698,14778816319169,14778816399778,14778820430489,4.293791,0.080609,4.030711,7680
live,631,14778826136698,14778826410346,14778826494411,14778830445056,4.308358,0.084065,3.950645,7680
live,632,14778836136698,14778836319632,14778836394097,14778840795501,4.658803,0.074465,4.401404,7680
live,633,14778846136698,14778846314007,14778846427289,14778850803252,4.666554,0.113282,4.375963,7680
live,634,14778856136698,14778856314303,14778856755813,14778860932029,4.795331,0.44151,4.176216,7680
live,635,14778866136698,14778866312486,14778866739340,14778871049126,4.912428,0.426854,4.309786,7680
live,636,14778876136698,14778876292910,14778876731219,14778881357330,5.220632,0.438309,4.626111,7680
live,637,14778886136698,14778886315989,14778886786844,14778891444123,5.307425,0.470855,4.657279,7680
live,638,14778896136698,14778896305405,14778896709762,14778901093790,4.957092,0.404357,4.384028,7680
live,639,14778906136698,14778906312516,14778906723306,14778911119429,4.982731,0.41079,4.396123,7680
live,640,14778916136698,14778916315308,14778916406669,14778942199787,26.063089,0.091361,25.793118,7680
live,641,14778926136698,14778926311251,14778942365805,14778945344757,19.208059,16.054554,2.978952,7680
live,642,14778936136698,14778936293659,14778945423286,14778948099867,11.963169,9.129627,2.676581,7680
live,643,14778946136698,14778946263522,14778948175132,14778950914721,4.778023,1.91161,2.739589,7680
live,644,14778956136698,14778956263145,14778956327114,14778959082479,2.945781,0.063969,2.755365,7680
live,645,14778966136698,14778966267313,14778966329042,14778968981398,2.8447,0.061729,2.652356,7680
live,646,14778976136698,14778976264600,14778976332313,14778979291105,3.154407,0.067713,2.958792,7680
live,647,14778986136698,14778986303424,14778986372321,14778989509004,3.372306,0.068897,3.136683,7680
live,648,14778996136698,14778996290952,14778996373545,14778999506835,3.370137,0.082593,3.13329,7680
live,649,14779006136698,14779006269583,14779006585907,14779011151089,5.014391,0.316324,4.565182,7680
live,650,14779016136698,14779016294807,14779016699292,14779021208281,5.071583,0.404485,4.508989,7680
live,651,14779026136698,14779026309342,14779026403648,14779031340675,5.203977,0.094306,4.937027,7680
live,652,14779036136698,14779036302854,14779036377895,14779040956357,4.819659,0.075041,4.578462,7680
live,653,14779046136698,14779046309741,14779046394446,14779051102926,4.966228,0.084705,4.70848,7680
live,654,14779056136698,14779056314101,14779056413718,14779061139286,5.002588,0.099617,4.725568,7680
live,655,14779066136698,14779066317884,14779066400606,14779070887482,4.750784,0.082722,4.486876,7680
live,656,14779076136698,14779076306820,14779076385765,14779081027524,4.890826,0.078945,4.641759,7680
live,657,14779086136698,14779086301995,14779086385516,14779091144941,5.008243,0.083521,4.759425,7680
live,658,14779096136698,14779096294163,14779096391828,14779101113012,4.976314,0.097665,4.721184,7680
live,659,14779106136698,14779106323450,14779106415036,14779111222909,5.086211,0.091586,4.807873,7680
live,660,14779116136698,14779116308194,14779116399939,14779141414966,25.278268,0.091745,25.015027,7680
live,661,14779126136698,14779126317961,14779141603289,14779144378142,18.241444,15.285328,2.774853,7680
live,662,14779136136698,14779136294769,14779144460831,14779147291814,11.155116,8.166062,2.830983,7680
live,663,14779146136698,14779146263448,14779147374759,14779150189581,4.052883,1.111311,2.814822,7680
live,664,14779156136698,14779156270495,14779156348576,14779159134086,2.997388,0.078081,2.78551,7680
live,665,14779166136698,14779166265735,14779166338920,14779169013836,2.877138,0.073185,2.674916,7680
live,666,14779176136698,14779176271246,14779176337295,14779179284663,3.147965,0.066049,2.947368,7680
live,667,14779186136698,14779186263830,14779186330839,14779189493697,3.356999,0.067009,3.162858,7680
live,668,14779196136698,14779196262237,14779196335198,14779199756108,3.61941,0.072961,3.42091,7680
live,669,14779206136698,14779206317669,14779206404775,14779210204122,4.067424,0.087106,3.799347,7680
live,670,14779216136698,14779216294381,14779216371470,14779219877341,3.740643,0.077089,3.505871,7680
live,671,14779226136698,14779226270868,14779226347509,14779230177001,4.040303,0.076641,3.829492,7680
live,672,14779236136698,14779236302620,14779236383133,14779240722488,4.58579,0.080513,4.339355,7680
live,673,14779246136698,14779246306051,14779246383844,14779250879841,4.743143,0.077793,4.495997,7680
live,674,14779256136698,14779256307691,14779256399436,14779260792839,4.656141,0.091745,4.393403,7680
live,675,14779266136698,14779266319698,14779266405780,14779270768655,4.631957,0.086082,4.362875,7680
live,676,14779276136698,14779276297946,14779276380091,14779280819383,4.682685,0.082145,4.439292,7680
live,677,14779286136698,14779286323649,14779286407907,14779290847775,4.711077,0.084258,4.439868,7680
live,678,14779296136698,14779296300873,14779296392074,14779301014600,4.877902,0.091201,4.622526,7680
live,679,14779306136698,14779306317456,14779306406354,14779311075473,4.938775,0.088898,4.669119,7680
live,680,14779316136698,14779316314136,14779316398841,14779341268810,25.132112,0.084705,24.869969,7680
live,681,14779326136698,14779326315999,14779341436684,14779344974364,18.837666,15.120685,3.53768,7680
live,682,14779336136698,14779336445481,14779345054941,14779347531807,11.395109,8.60946,2.476866,7680
live,683,14779346136698,14779346276270,14779347602496,14779349869566,3.732868,1.326226,2.26707,7680
live,684,14779356136698,14779356264853,14779356332502,14779358524052,2.387354,0.067649,2.19155,7680
live,685,14779366136698,14779366313085,14779366379678,14779368897344,2.760646,0.066593,2.517666,7680
live,686,14779376136698,14779376285348,14779376351717,14779379082570,2.945872,0.066369,2.730853,7680
live,687,14779386136698,14779386317932,14779386400077,14779389666170,3.529472,0.082145,3.266093,7680
live,688,14779396136698,14779396320820,14779396403285,14779399366717,3.230019,0.082465,2.963432,7680
live,689,14779406136698,14779406268731,14779406333211,14779409515591,3.378893,0.06448,3.18238,7680
live,690,14779416136698,14779416316739,14779416399492,14779420053045,3.916347,0.082753,3.653553,7680
live,691,14779426136698,14779426314314,14779426395595,14779430318176,4.181478,0.081281,3.922581,7680
live,692,14779436136698,14779436303826,14779436382259,14779440667949,4.531251,0.078433,4.28569,7680
live,693,14779446136698,14779446303449,14779446380218,14779450581043,4.444345,0.076769,4.200825,7680
live,694,14779456136698,14779456303553,14779456750375,14779461671753,5.535055,0.446822,4.921378,7680
live,695,14779466136698,14779466306536,14779466396777,14779471371277,5.234579,0.090241,4.9745,7680
live,696,14779476136698,14779476317520,14779476407153,14779481306483,5.169785,0.089633,4.89933,7680
live,697,14779486136698,14779486314999,14779486399640,14779491593087,5.456389,0.084641,5.193447,7680
live,698,14779496136698,14779496307871,14779496399136,14779501451876,5.315178,0.091265,5.05274,7680
live,699,14779506136698,14779506319302,14779506408711,14779511366187,5.229489,0.089409,4.957476,7680
live,700,14779516136698,14779516315854,14779516392783,14779542652050,26.515352,0.076929,26.259267,7680
live,701,14779526136698,14779526325173,14779542829621,14779546190690,20.053992,16.504448,3.361069,7680
live,702,14779536136698,14779536295132,14779546402533,14779549406606,13.269908,10.107401,3.004073,7680
live,703,14779546136698,14779546282084,14779549493775,14779552365270,6.228572,3.211691,2.871495,7680
live,704,14779556136698,14779556265323,14779556342668,14779559273620,3.136922,0.077345,2.930952,7680
live,705,14779566136698,14779566267890,14779566337363,14779569145209,3.008511,0.069473,2.807846,7680
live,706,14779576136698,14779576265114,14779576336923,14779579254018,3.11732,0.071809,2.917095,7680
live,707,14779586136698,14779586267489,14779586333346,14779589345163,3.208465,0.065857,3.011817,7680
live,708,14779596136698,14779596258825,14779596326570,14779599737784,3.601086,0.067745,3.411214,7680
live,709,14779606136698,14779606311633,14779606392882,14779610297447,4.160749,0.081249,3.904565,7680
live,710,14779616136698,14779616304056,14779616386138,14779619991370,3.854672,0.082082,3.605232,7680
live,711,14779626136698,14779626268799,14779626342944,14779630094835,3.958137,0.074145,3.751891,7680
live,712,14779636136698,14779636311208,14779636388617,14779640869797,4.733099,0.077409,4.48118,7680
live,713,14779646136698,14779646301519,14779646378448,14779650830796,4.694098,0.076929,4.452348,7680
live,714,14779656136698,14779656296342,14779656385560,14779660810067,4.673369,0.089218,4.424507,7680
live,715,14779666136698,14779666313886,14779666396191,14779670863132,4.726434,0.082305,4.466941,7680
live,716,14779676136698,14779676301381,14779676381510,14779680865283,4.728585,0.080129,4.483773,7680
live,717,14779686136698,14779686303725,14779686381518,14779690990380,4.853682,0.077793,4.608862,7680
live,718,14779696136698,14779696309620,14779696389110,14779701036725,4.900027,0.07949,4.647615,7680
live,719,14779706136698,14779706310460,14779706394781,14779711081533,4.944835,0.084321,4.686752,7680
live,720,14779716136698,14779716306627,14779716399813,14779741694395,25.557697,0.093186,25.294582,7680
live,721,14779726136698,14779726307915,14779741887646,14779744591747,18.455049,15.579731,2.704101,7680
live,722,14779736136698,14779736301426,14779744669252,14779747702317,11.565619,8.367826,3.033065,7680
live,723,14779746136698,14779746302618,14779747792142,14779750570196,4.433498,1.489524,2.778054,7680
live,724,14779756136698,14779756266689,14779756343714,14779759145832,3.009134,0.077025,2.802118,7680
live,725,14779766136698,14779766266472,14779766340489,14779769070094,2.933396,0.074017,2.729605,7680
live,726,14779776136698,14779776272464,14779776342449,14779779553852,3.417154,0.069985,3.211403,7680
live,727,14779786136698,14779786315928,14779786426041,14779789796487,3.659789,0.110113,3.370446,7680
live,728,14779796136698,14779796291807,14779796381088,14779799683213,3.546515,0.089281,3.302125,7680
live,729,14779806136698,14779806316551,14779806411240,14779810429759,4.293061,0.094689,4.018519,7680
live,730,14779816136698,14779816317519,14779816411408,14779820705834,4.569136,0.093889,4.294426,7680
live,731,14779826136698,14779826339062,14779826431736,14779830558671,4.421973,0.092674,4.126935,7680
live,732,14779836136698,14779836313437,14779836403647,14779840767034,4.630336,0.09021,4.363387,7680
live,733,14779846136698,14779846316773,14779846406982,14779850778945,4.642247,0.090209,4.371963,7680
live,734,14779856136698,14779856305196,14779856395694,14779860774249,4.637551,0.090498,4.378555,7680
live,735,14779866136698,14779866314164,14779866399861,14779870734288,4.59759,0.085697,4.334427,7680
live,736,14779876136698,14779876316091,14779876415965,14779880859801,4.723103,0.099874,4.443836,7680
live,737,14779886136698,14779886370020,14779886490437,14779891021315,4.884617,0.120417,4.530878,7680
live,738,14779896136698,14779896327915,14779896427820,14779901044267,4.907569,0.099905,4.616447,7680
live,739,14779906136698,14779906328114,14779906422035,14779910875888,4.73919,0.093921,4.453853,7680
live,740,14779916136698,14779916308025,14779916391706,14779940367455,24.230757,0.083681,23.975749,7680
live,741,14779926136698,14779926310721,14779940495201,14779943086468,16.94977,14.18448,2.591267,7680
live,742,14779936136698,14779936308200,14779943158981,14779945973579,9.836881,6.850781,2.814598,7680
live,743,14779946136698,14779946264047,14779946342320,14779948517742,2.381044,0.078273,2.175422,7680
live,744,14779956136698,14779956265047,14779956333624,14779958510485,2.373787,0.068577,2.176861,7680
live,745,14779966136698,14779966272766,14779966338911,14779968875010,2.738312,0.066145,2.536099,7680
live,746,14779976136698,14779976268742,14779976327783,14779978890921,2.754223,0.059041,2.563138,7680
live,747,14779986136698,14779986261325,14779986323182,14779988962098,2.8254,0.061857,2.638916,7680
live,748,14779996136698,14779996265429,14779996332790,14779999327838,3.19114,0.067361,2.995048,7680
live,749,14780006136698,14780006311645,14780006397470,14780009561481,3.424783,0.085825,3.164011,7680
live,750,14780016136698,14780016307332,14780016390341,14780019659506,3.522808,0.083009,3.269165,7680
live,751,14780026136698,14780026314636,14780026393293,14780029808411,3.671713,0.078657,3.415118,7680
live,752,14780036136698,14780036315091,14780036406900,14780039968325,3.831627,0.091809,3.561425,7680
live,753,14780046136698,14780046328091,14780046402620,14780050196975,4.060277,0.074529,3.794355,7680
live,754,14780056136698,14780056299394,14780056376995,14780060079829,3.943131,0.077601,3.702834,7680
live,755,14780066136698,14780066316586,14780066398475,14780070583875,4.447177,0.081889,4.1854,7680
live,756,14780076136698,14780076302737,14780076383442,14780080608171,4.471473,0.080705,4.224729,7680
live,757,14780086136698,14780086315193,14780086387610,14780090351119,4.214421,0.072417,3.963509,7680
live,758,14780096136698,14780096297568,14780096378881,14780100801949,4.665251,0.081313,4.423068,7680
live,759,14780106136698,14780106302567,14780106386568,14780110471104,4.334406,0.084001,4.084536,7680
live,760,14780116136698,14780116315567,14780116400048,14780142370768,26.23407,0.084481,25.97072,7680
live,761,14780126136698,14780126402552,14780142520242,14780145683037,19.546339,16.11769,3.162795,7680
live,762,14780136136698,14780136331390,14780145774206,14780148727974,12.591276,9.442816,2.953768,7680
live,763,14780146136698,14780146409895,14780148799431,14780151574125,5.437427,2.389536,2.774694,7680
live,764,14780156136698,14780156261740,14780156332941,14780159055058,2.91836,0.071201,2.722117,7680
live,765,14780166136698,14780166270964,14780166371701,14780169516352,3.379654,0.100737,3.144651,7680
live,766,14780176136698,14780176295580,14780176375325,14780180044558,3.90786,0.079745,3.669233,7680
live,767,14780186136698,14780186266403,14780186391204,14780189343756,3.207058,0.124801,2.952552,7680
live,768,14780196136698,14780196353963,14780196451181,14780200427651,4.290953,0.097218,3.97647,7680
live,769,14780206136698,14780206307250,14780206401715,14780210084933,3.948235,0.094465,3.683218,7680
live,770,14780216136698,14780216268313,14780216347418,14780220247215,4.110517,0.079105,3.899797,7680
live,771,14780226136698,14780226312289,14780226407650,14780230727933,4.591235,0.095361,4.320283,7680
live,772,14780236136698,14780236317897,14780236412170,14780240858214,4.721516,0.094273,4.446044,7680
live,773,14780246136698,14780246330320,14780246432370,14780251451638,5.31494,0.10205,5.019268,7680
live,774,14780256136698,14780256310168,14780256413817,14780261141657,5.004959,0.103649,4.72784,7680
live,775,14780266136698,14780266313503,14780266416897,14780270481016,4.344318,0.103394,4.064119,7680
live,776,14780276136698,14780276312263,14780276395784,14780280192763,4.056065,0.083521,3.796979,7680
live,777,14780286136698,14780286320878,14780286407087,14780290861004,4.724306,0.086209,4.453917,7680
live,778,14780296136698,14780296320758,14780296403607,14780300833875,4.697177,0.082849,4.430268,7680
live,779,14780306136698,14780306323485,14780306405278,14780310627511,4.490813,0.081793,4.222233,7680
live,780,14780316136698,14780316333509,14780316427046,14780339311740,23.175042,0.093537,22.884694,7680
live,781,14780326136698,14780326330764,14780339422270,14780342098498,15.9618,13.091506,2.676228,7680
live,782,14780336136698,14780336424149,14780342171875,14780344582243,8.445545,5.747726,2.410368,7680
live,783,14780346136698,14780346268826,14780346330683,14780349143233,3.006535,0.061857,2.81255,7680
live,784,14780356136698,14780356289954,14780356363875,14780359602703,3.466005,0.073921,3.238828,7680
live,785,14780366136698,14780366264873,14780366341866,14780369164464,3.027766,0.076993,2.822598,7680
live,786,14780376136698,14780376268657,14780376339698,14780379200056,3.063358,0.071041,2.860358,7680
live,787,14780386136698,14780386271512,14780386336089,14780389325762,3.189064,0.064577,2.989673,7680
live,788,14780396136698,14780396302208,14780396380065,14780399277192,3.140494,0.077857,2.897127,7680
live,789,14780406136698,14780406301896,14780406380809,14780409857208,3.72051,0.078913,3.476399,7680
live,790,14780416136698,14780416304815,14780416378448,14780419482266,3.345568,0.073633,3.103818,7680
live,791,14780426136698,14780426308695,14780426387256,14780429665508,3.52881,0.078561,3.278252,7680
live,792,14780436136698,14780436311966,14780436395903,14780439905039,3.768341,0.083937,3.509136,7680
live,793,14780446136698,14780446307846,14780446386471,14780449975287,3.838589,0.078625,3.588816,7680
live,794,14780456136698,14780456306189,14780456383054,14780460509318,4.37262,0.076865,4.126264,7680
live,795,14780466136698,14780466311669,14780466392118,14780470412396,4.275698,0.080449,4.020278,7680
live,796,14780476136698,14780476307004,14780476405021,14780480966971,4.830273,0.098017,4.56195,7680
live,797,14780486136698,14780486331396,14780486429701,14780491270023,5.133325,0.098305,4.840322,7680
live,798,14780496136698,14780496328267,14780496422349,14780501057803,4.921105,0.094082,4.635454,7680
live,799,14780506136698,14780506321395,14780506410996,14780510964434,4.827736,0.089601,4.553438,7680
live,800,14780516136698,14780516297562,14780516374427,14780542925283,26.788585,0.076865,26.550856,7680
live,801,14780526136698,14780526315362,14780543080037,14780546217039,20.080341,16.764675,3.137002,7680
live,802,14780536136698,14780536300841,14780546367409,14780549227192,13.090494,10.066568,2.859783,7680
live,803,14780546136698,14780546520691,14780549303353,14780552058398,5.9217,2.782662,2.755045,7680
live,804,14780556136698,14780556265175,14780556330488,14780558979612,2.842914,0.065313,2.649124,7680
live,805,14780566136698,14780566264735,14780566328128,14780569109637,2.972939,0.063393,2.781509,7680
live,806,14780576136698,14780576267046,14780576344967,14780579442001,3.305303,0.077921,3.097034,7680
live,807,14780586136698,14780586302158,14780586371727,14780590050977,3.914279,0.069569,3.67925,7680
live,808,14780596136698,14780596304310,14780596403191,14780600141642,4.004944,0.098881,3.738451,7680
live,809,14780606136698,14780606320957,14780606397406,14780609939758,3.80306,0.076449,3.542352,7680
live,810,14780616136698,14780616295749,14780616380678,14780620343323,4.206625,0.084929,3.962645,7680
live,811,14780626136698,14780626309708,14780626383181,14780630343683,4.206985,0.073473,3.960502,7680
live,812,14780636136698,14780636329716,14780636408085,14780640428139,4.291441,0.078369,4.020054,7680
live,813,14780646136698,14780646322587,14780646407516,14780650625654,4.488956,0.084929,4.218138,7680
live,814,14780656136698,14780656307523,14780656391780,14780660957218,4.82052,0.084257,4.565438,7680
live,815,14780666136698,14780666599822,14780666689455,14780670847496,4.710798,0.089633,4.158041,7680
live,816,14780676136698,14780676320850,14780676403731,14780680628652,4.491954,0.082881,4.224921,7680
live,817,14780686136698,14780686323737,14780686405626,14780690870807,4.734109,0.081889,4.465181,7680
live,818,14780696136698,14780696321057,14780696402274,14780700990592,4.853894,0.081217,4.588318,7680
live,819,14780706136698,14780706316840,14780706406217,14780710966471,4.829773,0.089377,4.560254,7680
live,820,14780716136698,14780716317296,14780716405073,14780743101050,26.964352,0.087777,26.695977,7680
live,821,14780726136698,14780726319511,14780743248700,14780746503689,20.366991,16.929189,3.254989,7680
live,822,14780736136698,14780736289982,14780746585450,14780749078539,12.941841,10.295468,2.493089,7680
live,823,14780746136698,14780746337958,14780749147916,14780751613838,5.47714,2.809958,2.465922,7680
live,824,14780756136698,14780756275853,14780756341422,14780758715758,2.57906,0.065569,2.374336,7680
live,825,14780766136698,14780766267188,14780766327925,14780769432031,3.295333,0.060737,3.104106,7680
live,826,14780776136698,14780776261852,14780776336125,14780779316261,3.179563,0.074273,2.980136,7680
live,827,14780786136698,14780786307748,14780786397349,14780789597680,3.460982,0.089601,3.200331,7680
live,828,14780796136698,14780796310091,14780796381932,14780799634168,3.49747,0.071841,3.252236,7680
live,829,14780806136698,14780806297939,14780806371892,14780809867747,3.731049,0.073953,3.495855,7680
live,830,14780816136698,14780816307482,14780816387643,14780820665557,4.528859,0.080161,4.277914,7680
live,831,14780826136698,14780826298850,14780826373315,14780830739262,4.602564,0.074465,4.365947,7680
live,832,14780836136698,14780836335050,14780836763823,14780841977014,5.840316,0.428773,5.213191,7680
live,833,14780846136698,14780846304337,14780846706486,14780851780763,5.644065,0.402149,5.074277,7680
live,834,14780856136698,14780856313880,14780856702077,14780861146810,5.010112,0.388197,4.444733,7680
live,835,14780866136698,14780866311680,14780866740709,14780871454277,5.317579,0.429029,4.713568,7680
live,836,14780876136698,14780876297511,14780876725357,14780880837572,4.700874,0.427846,4.112215,7680
live,837,14780886136698,14780886388816,14780886481169,14780890764267,4.627569,0.092353,4.283098,7680
live,838,14780896136698,14780896340566,14780896431416,14780900719730,4.583032,0.09085,4.288314,7680
live,839,14780906136698,14780906311326,14780906393695,14780910724953,4.588255,0.082369,4.331258,7680
live,840,14780916136698,14780916312965,14780916411142,14780940962003,24.825305,0.098177,24.550861,7680
live,841,14780926136698,14780926311756,14780941094357,14780943724152,17.587454,14.782601,2.629795,7680
live,842,14780936136698,14780936348244,14780943804345,14780946198170,10.061472,7.456101,2.393825,7680
live,843,14780946136698,14780946385084,14780946477278,14780949407397,3.270699,0.092194,2.930119,7680
live,844,14780956136698,14780956281218,14780956368036,14780959269195,3.132497,0.086818,2.901159,7680
live,845,14780966136698,14780966273002,14780966347307,14780969286451,3.149753,0.074305,2.939144,7680
live,846,14780976136698,14780976262545,14780976336946,14780979400156,3.263458,0.074401,3.06321,7680
live,847,14780986136698,14780986266041,14780986337850,14780989546533,3.409835,0.071809,3.208683,7680
live,848,14780996136698,14780996268576,14780996337537,14780999606861,3.470163,0.068961,3.269324,7680
live,849,14781006136698,14781006358569,14781006478026,14781010138492,4.001794,0.119457,3.660466,7680
live,850,14781016136698,14781016325328,14781016424145,14781019792991,3.656293,0.098817,3.368846,7680
live,851,14781026136698,14781026273463,14781026362040,14781030225900,4.089202,0.088577,3.86386,7680
live,852,14781036136698,14781036310815,14781036402080,14781040567224,4.430526,0.091265,4.165144,7680
live,853,14781046136698,14781046329030,14781046410759,14781050235835,4.099137,0.081729,3.825076,7680
live,854,14781056136698,14781056248781,14781056303437,14781060289731,4.153033,0.054656,3.986294,7680
live,855,14781066136698,14781066265812,14781066341621,14781070229418,4.09272,0.075809,3.887797,7680
live,856,14781076136698,14781076305404,14781076391549,14781080076271,3.939573,0.086145,3.684722,7680
live,857,14781086136698,14781086308708,14781086405125,14781090849441,4.712743,0.096417,4.444316,7680
live,858,14781096136698,14781096307403,14781096405837,14781100955626,4.818928,0.098434,4.549789,7680
live,859,14781106136698,14781106312915,14781106395860,14781110845008,4.70831,0.082945,4.449148,7680
live,860,14781116136698,14781116321146,14781116423100,14781142017302,25.880604,0.101954,25.594202,7680
live,861,14781126136698,14781126471364,14781142205945,14781145709032,19.572334,15.734581,3.503087,7680
live,862,14781136136698,14781136303369,14781145804938,14781148678833,12.542135,9.501569,2.873895,7680
live,863,14781146136698,14781146267376,14781148768434,14781151057137,4.920439,2.501058,2.288703,7680
live,864,14781156136698,14781156266775,14781156345881,14781159274624,3.137926,0.079106,2.928743,7680
live,865,14781166136698,14781166266879,14781166334624,14781169141606,3.004908,0.067745,2.806982,7680
live,866,14781176136698,14781176308263,14781176415080,14781179378033,3.241335,0.106817,2.962953,7680
live,867,14781186136698,14781186289390,14781186380783,14781189941184,3.804486,0.091393,3.560401,7680
live,868,14781196136698,14781196314582,14781196421015,14781200723666,4.586968,0.106433,4.302651,7680
live,869,14781206136698,14781206319741,14781206417023,14781210139793,4.003095,0.097282,3.72277,7680
live,870,14781216136698,14781216271428,14781216350309,14781219755987,3.619289,0.078881,3.405678,7680
live,871,14781226136698,14781226322284,14781226408942,14781230497189,4.360491,0.086658,4.088247,7680
live,872,14781236136698,14781236317300,14781236399253,14781240467020,4.330322,0.081953,4.067767,7680
live,873,14781246136698,14781246315227,14781246406972,14781249631208,3.49451,0.091745,3.224236,7680
live,874,14781256136698,14781256311587,14781256405892,14781260535100,4.398402,0.094305,4.129208,7680
live,875,14781266136698,14781266331018,14781266422636,14781270771078,4.63438,0.091618,4.348442,7680
live,876,14781276136698,14781276310866,14781276392691,14781279937507,3.800809,0.081825,3.544816,7680
live,877,14781286136698,14781286304601,14781286396090,14781290873719,4.737021,0.091489,4.477629,7680
live,878,14781296136698,14781296323809,14781296421346,14781301245987,5.109289,0.097537,4.824641,7680
live,879,14781306136698,14781306319080,14781306405833,14781311211978,5.07528,0.086753,4.806145,7680
live,880,14781316136698,14781316310063,14781316400977,14781341712039,25.575341,0.090914,25.311062,7680
live,881,14781326136698,14781326329047,14781341898602,14781344618991,18.482293,15.569555,2.720389,7680
live,882,14781336136698,14781336291806,14781344697424,14781347061392,10.924694,8.405618,2.363968,7680
live,883,14781346136698,14781346266565,14781347132369,14781349403600,3.266902,0.865804,2.271231,7680
live,884,14781356136698,14781356263565,14781356332653,14781358997426,2.860728,0.069088,2.664773,7680
live,885,14781366136698,14781366268436,14781366338133,14781369191420,3.054722,0.069697,2.853287,7680
live,886,14781376136698,14781376266780,14781376343133,14781379263972,3.127274,0.076353,2.920839,7680
live,887,14781386136698,14781386268931,14781386347332,14781388985608,2.84891,0.078401,2.638276,7680
live,888,14781396136698,14781396270826,14781396339083,14781399071632,2.934934,0.068257,2.732549,7680
live,889,14781406136698,14781406327027,14781406409940,14781409785314,3.648616,0.082913,3.375374,7680
live,890,14781416136698,14781416300666,14781416390779,14781419911627,3.774929,0.090113,3.520848,7680
live,891,14781426136698,14781426319682,14781426404579,14781430116725,3.980027,0.084897,3.712146,7680
live,892,14781436136698,14781436304841,14781436377386,14781439696887,3.560189,0.072545,3.319501,7680
live,893,14781446136698,14781446307696,14781446396305,14781450006082,3.869384,0.088609,3.609777,7680
live,894,14781456136698,14781456311000,14781456402201,14781459961289,3.824591,0.091201,3.559088,7680
live,895,14781466136698,14781466311423,14781466388544,14781470171860,4.035162,0.077121,3.783316,7680
live,896,14781476136698,14781476304519,14781476380872,14781480203227,4.066529,0.076353,3.822355,7680
live,897,14781486136698,14781486306126,14781486381263,14781490308260,4.171562,0.075137,3.926997,7680
live,898,14781496136698,14781496325750,14781496403767,14781500707793,4.571095,0.078017,4.304026,7680
live,899,14781506136698,14781506303677,14781506384382,14781511773991,5.637293,0.080705,5.389609,7680
live,900,14781516136698,14781516304324,14781516388102,14781543237105,27.100407,0.083778,26.849003,7680
live,901,14781526136698,14781526312332,14781543422260,14781546535390,20.398692,17.109928,3.11313,7680
live,902,14781536136698,14781536296435,14781546637983,14781549683913,13.547215,10.341548,3.04593,7680
live,903,14781546136698,14781546423740,14781549770058,14781552249483,6.112785,3.346318,2.479425,7680
live,904,14781556136698,14781556282946,14781556362659,14781559383276,3.246578,0.079713,3.020617,7680
live,905,14781566136698,14781566269193,14781566341098,14781569165328,3.02863,0.071905,2.82423,7680
live,906,14781576136698,14781576269617,14781576343890,14781579244249,3.107551,0.074273,2.900359,7680
live,907,14781586136698,14781586459963,14781586531292,14781589739207,3.602509,0.071329,3.207915,7680
live,908,14781596136698,14781596265600,14781596341377,14781599845008,3.70831,0.075777,3.503631,7680
live,909,14781606136698,14781606314824,14781606393609,14781610536353,4.399655,0.078785,4.142744,7680
live,910,14781616136698,14781616300271,14781616374864,14781620520872,4.384174,0.074593,4.146008,7680
live,911,14781626136698,14781626306934,14781626404056,14781630721682,4.584984,0.097122,4.317626,7680
live,912,14781636136698,14781636315038,14781636400511,14781639715852,3.579154,0.085473,3.315341,7680
live,913,14781646136698,14781646395399,14781646510728,14781651334409,5.197711,0.115329,4.823681,7680
live,914,14781656136698,14781656365518,14781656467151,14781660871243,4.734545,0.101633,4.404092,7680
live,915,14781666136698,14781666313012,14781666409974,14781669879877,3.743179,0.096962,3.469903,7680
live,916,14781676136698,14781676316028,14781676397981,14781679755146,3.618448,0.081953,3.357165,7680
live,917,14781686136698,14781686315875,14781686396452,14781690642846,4.506148,0.080577,4.246394,7680
live,918,14781696136698,14781696318219,14781696405388,14781700153375,4.016677,0.087169,3.747987,7680
live,919,14781706136698,14781706313746,14781706397907,14781711188564,5.051866,0.084161,4.790657,7680
live,920,14781716136698,14781716305498,14781716389051,14781741802067,25.665369,0.083553,25.413016,7680
live,921,14781726136698,14781726311553,14781741992982,14781744683258,18.54656,15.681429,2.690276,7680
live,922,14781736136698,14781736293608,14781744758363,14781747241565,11.104867,8.464755,2.483202,7680
live,923,14781746136698,14781746265391,14781747312798,14781750243973,4.107275,1.047407,2.931175,7680
live,924,14781756136698,14781756272023,14781756352312,14781759145118,3.00842,0.080289,2.792806,7680
live,925,14781766136698,14781766269950,14781766366944,14781769166630,3.029932,0.096994,2.799686,7680
live,926,14781776136698,14781776268614,14781776339751,14781779443633,3.306935,0.071137,3.103882,7680
live,927,14781786136698,14781786268557,14781786335598,14781789478937,3.342239,0.067041,3.143339,7680
live,928,14781796136698,14781796261557,14781796334550,14781799823045,3.686347,0.072993,3.488495,7680
live,929,14781806136698,14781806314109,14781806405470,14781810505782,4.369084,0.091361,4.100312,7680
live,930,14781816136698,14781816322116,14781816398725,14781820770433,4.633735,0.076609,4.371708,7680
live,931,14781826136698,14781826312620,14781826399437,14781830894922,4.758224,0.086817,4.495485,7680
live,932,14781836136698,14781836311731,14781836392948,14781840706095,4.569397,0.081217,4.313147,7680
live,933,14781846136698,14781846294586,14781846376091,14781850321457,4.184759,0.081505,3.945366,7680
live,934,14781856136698,14781856298914,14781856378307,14781860517371,4.380673,0.079393,4.139064,7680
live,935,14781866136698,14781866298089,14781866378378,14781870744454,4.607756,0.080289,4.366076,7680
live,936,14781876136698,14781876296657,14781876385042,14781880343112,4.206414,0.088385,3.95807,7680
live,937,14781886136698,14781886314648,14781886401082,14781890691092,4.554394,0.086434,4.29001,7680
live,938,14781896136698,14781896314272,14781896401889,14781900669787,4.533089,0.087617,4.267898,7680
live,939,14781906136698,14781906305767,14781906392840,14781909847479,3.710781,0.087073,3.454639,7680
live,940,14781916136698,14781916323407,14781916406928,14781941829992,25.693294,0.083521,25.423064,7680
live,941,14781926136698,14781926317270,14781942019851,14781945801918,19.66522,15.702581,3.782067,7680
live,942,14781936136698,14781936292221,14781945899616,14781949094251,12.957553,9.607395,3.194635,7680
live,943,14781946136698,14781946268069,14781949186764,14781951496043,5.359345,2.918695,2.309279,7680
live,944,14781956136698,14781956265484,14781956339277,14781959097522,2.960824,0.073793,2.758245,7680
live,945,14781966136698,14781966272084,14781966348661,14781969117146,2.980448,0.076577,2.768485,7680
live,946,14781976136698,14781976270267,14781976338812,14781979233539,3.096841,0.068545,2.894727,7680
live,947,14781986136698,14781986266786,14781986331459,14781989433133,3.296435,0.064673,3.101674,7680
live,948,14781996136698,14781996262890,14781996333867,14781999613655,3.476957,0.070977,3.279788,7680
live,949,14782006136698,14782006305682,14782006385587,14782009933251,3.796553,0.079905,3.547664,7680
live,950,14782016136698,14782016309721,14782016398106,14782019907370,3.770672,0.088385,3.509264,7680
live,951,14782026136698,14782026267872,14782026345057,14782030287287,4.150589,0.077185,3.94223,7680
live,952,14782036136698,14782036324040,14782036410921,14782040801445,4.664747,0.086881,4.390524,7680
live,953,14782046136698,14782046308304,14782046397425,14782050565289,4.428591,0.089121,4.167864,7680
live,954,14782056136698,14782056313495,14782056421400,14782060770355,4.633657,0.107905,4.348955,7680
live,955,14782066136698,14782066312862,14782066392448,14782070458455,4.321757,0.079586,4.066007,7680
live,956,14782076136698,14782076297254,14782076385895,14782080545599,4.408901,0.088641,4.159704,7680
live,957,14782086136698,14782086320877,14782086416335,14782089995135,3.858437,0.095458,3.5788,7680
live,958,14782096136698,14782096333909,14782096458359,14782101334265,5.197567,0.12445,4.875906,7680
live,959,14782106136698,14782106314844,14782106407645,14782111071581,4.934883,0.092801,4.663936,7680
live,960,14782116136698,14782116311684,14782116407013,14782141217973,25.081275,0.095329,24.81096,7680
live,961,14782126136698,14782126326859,14782141340407,14782144672580,18.535882,15.013548,3.332173,7680
live,962,14782136136698,14782136299634,14782144761797,14782148332565,12.195867,8.462163,3.570768,7680
live,963,14782146136698,14782146267289,14782148424503,14782151378815,5.242117,2.157214,2.954312,7680
live,964,14782156136698,14782156262113,14782156344162,14782159153352,3.016654,0.082049,2.80919,7680
live,965,14782166136698,14782166264456,14782166343625,14782169257329,3.120631,0.079169,2.913704,7680
live,966,14782176136698,14782176271600,14782176343249,14782179323097,3.186399,0.071649,2.979848,7680
live,967,14782186136698,14782186268407,14782186337176,14782189456962,3.320264,0.068769,3.119786,7680
live,968,14782196136698,14782196266559,14782196344160,14782199652812,3.516114,0.077601,3.308652,7680
live,969,14782206136698,14782206315399,14782206412520,14782210225756,4.089058,0.097121,3.813236,7680
live,970,14782216136698,14782216308622,14782216389679,14782220219843,4.083145,0.081057,3.830164,7680
live,971,14782226136698,14782226311637,14782226401367,14782230470990,4.334292,0.08973,4.069623,7680
live,972,14782236136698,14782236300637,14782236385726,14782240951036,4.814338,0.085089,4.56531,7680
live,973,14782246136698,14782246306852,14782246399686,14782251138630,5.001932,0.092834,4.738944,7680
live,974,14782256136698,14782256316364,14782256399277,14782260829417,4.692719,0.082913,4.43014,7680
live,975,14782266136698,14782266310227,14782266392436,14782270567245,4.430547,0.082209,4.174809,7680
live,976,14782276136698,14782276296090,14782276387484,14782280527828,4.39113,0.091394,4.140344,7680
live,977,14782286136698,14782286335490,14782286415555,14782290580252,4.443554,0.080065,4.164697,7680
live,978,14782296136698,14782296302025,14782296392811,14782300682597,4.545899,0.090786,4.289786,7680
live,979,14782306136698,14782306313297,14782306392530,14782310571755,4.435057,0.079233,4.179225,7680
live,980,14782316136698,14782316294936,14782316383513,14782341520910,25.384212,0.088577,25.137397,7680
live,981,14782326136698,14782326313280,14782341656496,14782344886971,18.750273,15.343216,3.230475,7680
live,982,14782336136698,14782336587819,14782344979197,14782347930661,11.793963,8.391378,2.951464,7680
live,983,14782346136698,14782346265486,14782348040198,14782350349349,4.212651,1.774712,2.309151,7680
live,984,14782356136698,14782356258933,14782356335222,14782359137244,3.000546,0.076289,2.802022,7680
live,985,14782366136698,14782366265565,14782366337150,14782368570780,2.434082,0.071585,2.23363,7680
live,986,14782376136698,14782376268900,14782376336101,14782379238509,3.101811,0.067201,2.902408,7680
live,987,14782386136698,14782386266316,14782386334605,14782389455991,3.319293,0.068289,3.121386,7680
live,988,14782396136698,14782396262643,14782396338356,14782399098714,2.962016,0.075713,2.760358,7680
live,989,14782406136698,14782406393692,14782406478750,14782409479014,3.342316,0.085058,3.000264,7680
live,990,14782416136698,14782416326179,14782416402564,14782419584495,3.447797,0.076385,3.181931,7680
live,991,14782426136698,14782426319274,14782426402827,14782429564662,3.427964,0.083553,3.161835,7680
live,992,14782436136698,14782436310674,14782436395539,14782440172678,4.03598,0.084865,3.777139,7680
live,993,14782446136698,14782446315865,14782446390746,14782450368464,4.231766,0.074881,3.977718,7680
live,994,14782456136698,14782456296096,14782456379041,14782460360215,4.223517,0.082945,3.981174,7680
live,995,14782466136698,14782466312424,14782466387305,14782470180604,4.043906,0.074881,3.793299,7680
live,996,14782476136698,14782476302319,14782476383760,14782480152675,4.015977,0.081441,3.768915,7680
live,997,14782486136698,14782486328727,14782486399864,14782490631377,4.494679,0.071137,4.231513,7680
live,998,14782496136698,14782496313278,14782496396223,14782500187859,4.051161,0.082945,3.791636,7680
live,999,14782506136698,14782506303686,14782506377479,14782510349724,4.213026,0.073793,3.972245,7680
live,1000,14782516136698,14782516299501,14782516375406,14782543334267,27.197569,0.075905,26.958861,7680
live,1001,14782526136698,14782526314101,14782543521182,14782546992429,20.855731,17.207081,3.471247,7680
live,1002,14782536136698,14782536291228,14782547094894,14782550599166,14.462468,10.803666,3.504272,7680
live,1003,14782546136698,14782546577287,14782550686527,14782553452100,7.315402,4.10924,2.765573,7680
live,1004,14782556136698,14782556563822,14782557030901,14782559931548,3.79485,0.467079,2.900647,7680
live,1005,14782566136698,14782566273106,14782566339379,14782569104888,2.96819,0.066273,2.765509,7680
live,1006,14782576136698,14782576268601,14782576342426,14782578909629,2.772931,0.073825,2.567203,7680
live,1007,14782586136698,14782586271073,14782586336482,14782589077831,2.941133,0.065409,2.741349,7680
live,1008,14782596136698,14782596323593,14782596403626,14782599968666,3.831968,0.080033,3.56504,7680
live,1009,14782606136698,14782606305040,14782606374769,14782609491803,3.355105,0.069729,3.117034,7680
live,1010,14782616136698,14782616306903,14782616394841,14782619778951,3.642253,0.087938,3.38411,7680
live,1011,14782626136698,14782626315135,14782626391520,14782629827279,3.690581,0.076385,3.435759,7680
live,1012,14782636136698,14782636316582,14782636412200,14782639852630,3.715932,0.095618,3.44043,7680
live,1013,14782646136698,14782646310254,14782646384815,14782650669321,4.532623,0.074561,4.284506,7680
live,1014,14782656136698,14782656318165,14782656404407,14782660804562,4.667864,0.086242,4.400155,7680
live,1015,14782666136698,14782666300765,14782666380510,14782670737081,4.600383,0.079745,4.356571,7680
live,1016,14782676136698,14782676296484,14782676374725,14782680646399,4.509701,0.078241,4.271674,7680
live,1017,14782686136698,14782686311404,14782686750290,14782691640148,5.50345,0.438886,4.889858,7680
live,1018,14782696136698,14782696297523,14782696697624,14782700817328,4.68063,0.400101,4.119704,7680
live,1019,14782706136698,14782706310234,14782706389756,14782711560802,5.424104,0.079522,5.171046,7680
live,1020,14782716136698,14782716300482,14782716384483,14782741626713,25.490015,0.084001,25.24223,7680
live,1021,14782726136698,14782726318153,14782741806523,14782744675938,18.53924,15.48837,2.869415,7680
live,1022,14782736136698,14782736299281,14782744752675,14782747331750,11.195052,8.453394,2.579075,7680
live,1023,14782746136698,14782746271000,14782747427431,14782750363087,4.226389,1.156431,2.935656,7680
live,1024,14782756136698,14782756262687,14782756344640,14782759432042,3.295344,0.081953,3.087402,7680
live,1025,14782766136698,14782766267239,14782766340008,14782769499698,3.363,0.072769,3.15969,7680
live,1026,14782776136698,14782776272078,14782776348431,14782779766845,3.630147,0.076353,3.418414,7680
live,1027,14782786136698,14782786268533,14782786351287,14782789869734,3.733036,0.082754,3.518447,7680
live,1028,14782796136698,14782796328478,14782796411903,14782800392885,4.256187,0.083425,3.980982,7680
live,1029,14782806136698,14782806318725,14782806410694,14782809805492,3.668794,0.091969,3.394798,7680
live,1030,14782816136698,14782816265676,14782816335373,14782819719546,3.582848,0.069697,3.384173,7680
live,1031,14782826136698,14782826298868,14782826394005,14782830422123,4.285425,0.095137,4.028118,7680
live,1032,14782836136698,14782836318299,14782836402716,14782840666998,4.5303,0.084417,4.264282,7680
live,1033,14782846136698,14782846306531,14782846392164,14782849842258,3.70556,0.085633,3.450094,7680
live,1034,14782856136698,14782856301610,14782856378091,14782860955977,4.819279,0.076481,4.577886,7680
live,1035,14782866136698,14782866300273,14782866382226,14782871012145,4.875447,0.081953,4.629919,7680
live,1036,14782876136698,14782876298265,14782876392698,14782881032633,4.895935,0.094433,4.639935,7680
live,1037,14782886136698,14782886325313,14782886413058,14782890893310,4.756612,0.087745,4.480252,7680
live,1038,14782896136698,14782896299112,14782896395625,14782900627362,4.490664,0.096513,4.231737,7680
live,1039,14782906136698,14782906334896,14782906416273,14782910666890,4.530192,0.081377,4.250617,7680
live,1040,14782916136698,14782916303031,14782916382680,14782940484734,24.348036,0.079649,24.102054,7680
live,1041,14782926136698,14782926315166,14782940617024,14782942864190,16.727492,14.301858,2.247166,7680
live,1042,14782936136698,14782936598825,14782942933855,14782945723845,9.587147,6.33503,2.78999,7680
live,1043,14782946136698,14782946267852,14782946347213,14782949050546,2.913848,0.079361,2.703333,7680
live,1044,14782956136698,14782956265524,14782956333365,14782958916440,2.779742,0.067841,2.583075,7680
live,1045,14782966136698,14782966261019,14782966328604,14782969311172,3.174474,0.067585,2.982568,7680
live,1046,14782976136698,14782976265795,14782976329668,14782979587184,3.450486,0.063873,3.257516,7680
live,1047,14782986136698,14782986264618,14782986330571,14782989647192,3.510494,0.065953,3.316621,7680
live,1048,14782996136698,14782996266226,14782996341395,14782999626655,3.489957,0.075169,3.28526,7680
live,1049,14783006136698,14783006299609,14783006383195,14783010220238,4.08354,0.083586,3.837043,7680
live,1050,14783016136698,14783016301793,14783016552516,14783020219766,4.083068,0.250723,3.66725,7680
live,1051,14783026136698,14783026272872,14783026343337,14783030046043,3.909345,0.070465,3.702706,7680
live,1052,14783036136698,14783036307984,14783036388529,14783040668427,4.531729,0.080545,4.279898,7680
live,1053,14783046136698,14783046315575,14783046400600,14783050568337,4.431639,0.085025,4.167737,7680
live,1054,14783056136698,14783056300895,14783056398720,14783060767611,4.630913,0.097825,4.368891,7680
live,1055,14783066136698,14783066323142,14783066426632,14783070350461,4.213763,0.10349,3.923829,7680
live,1056,14783076136698,14783076316046,14783076402255,14783080238659,4.101961,0.086209,3.836404,7680
live,1057,14783086136698,14783086308181,14783086395606,14783090191753,4.055055,0.087425,3.796147,7680
live,1058,14783096136698,14783096319004,14783096402366,14783100470933,4.334235,0.083362,4.068567,7680
live,1059,14783106136698,14783106316932,14783106392741,14783110217753,4.081055,0.075809,3.825012,7680
live,1060,14783116136698,14783116300267,14783116374636,14783141034234,24.897536,0.074369,24.659598,7680
live,1061,14783126136698,14783126310675,14783141176476,14783143886785,17.750087,14.865801,2.710309,7680
live,1062,14783136136698,14783136291898,14783143957538,14783146440067,10.303369,7.66564,2.482529,7680
live,1063,14783146136698,14783146263905,14783146511620,14783148858468,2.72177,0.247715,2.346848,7680
live,1064,14783156136698,14783156268840,14783156336201,14783158574183,2.437485,0.067361,2.237982,7680
live,1065,14783166136698,14783166318736,14783166380753,14783168780882,2.644184,0.062017,2.400129,7680
live,1066,14783176136698,14783176283223,14783176350648,14783179145118,3.00842,0.067425,2.79447,7680
live,1067,14783186136698,14783186264382,14783186356384,14783189865199,3.728501,0.092002,3.508815,7680
live,1068,14783196136698,14783196295078,14783196664875,14783200165883,4.029185,0.369797,3.501008,7680
live,1069,14783206136698,14783206265421,14783206368303,14783209502617,3.365919,0.102882,3.134314,7680
live,1070,14783216136698,14783216299829,14783216392758,14783220086024,3.949326,0.092929,3.693266,7680
live,1071,14783226136698,14783226297085,14783226384158,14783231207423,5.070725,0.087073,4.823265,7680
live,1072,14783236136698,14783236302564,14783236390885,14783241310920,5.174222,0.088321,4.920035,7680
live,1073,14783246136698,14783246319884,14783246405709,14783251280975,5.144277,0.085825,4.875266,7680
live,1074,14783256136698,14783256305139,14783256406740,14783261053043,4.916345,0.101601,4.646303,7680
live,1075,14783266136698,14783266306362,14783266400412,14783271312574,5.175876,0.09405,4.912162,7680
live,1076,14783276136698,14783276314466,14783276447652,14783281740011,5.603313,0.133186,5.292359,7680
live,1077,14783286136698,14783286339786,14783286444267,14783291001321,4.864623,0.104481,4.557054,7680
live,1078,14783296136698,14783296310641,14783296410674,14783301217939,5.081241,0.100033,4.807265,7680
live,1079,14783306136698,14783306309784,14783306398489,14783311105913,4.969215,0.088705,4.707424,7680
live,1080,14783316136698,14783316304223,14783316388865,14783340050721,23.914023,0.084642,23.661856,7680
live,1081,14783326136698,14783326299335,14783340182243,14783342595908,16.45921,13.882908,2.413665,7680
live,1082,14783336136698,14783336299182,14783342667588,14783344922019,8.785321,6.368406,2.254431,7680
live,1083,14783346136698,14783346264981,14783346362391,14783349056635,2.919937,0.09741,2.694244,7680
live,1084,14783356136698,14783356284061,14783356592545,14783359352390,3.215692,0.308484,2.759845,7680
live,1085,14783366136698,14783366249796,14783366313509,14783368787494,2.650796,0.063713,2.473985,7680
live,1086,14783376136698,14783376250283,14783376313708,14783379470167,3.333469,0.063425,3.156459,7680
live,1087,14783386136698,14783386281715,14783386375572,14783389610400,3.473702,0.093857,3.234828,7680
live,1088,14783396136698,14783396278266,14783396564446,14783400076686,3.939988,0.28618,3.51224,7680
live,1089,14783406136698,14783406249057,14783406532965,14783410035093,3.898395,0.283908,3.502128,7680
live,1090,14783416136698,14783416277161,14783416639758,14783421058282,4.921584,0.362597,4.418524,7680
live,1091,14783426136698,14783426273969,14783426623093,14783430913552,4.776854,0.349124,4.290459,7680
live,1092,14783436136698,14783436280824,14783436655389,14783441063801,4.927103,0.374565,4.408412,7680
live,1093,14783446136698,14783446281472,14783446652741,14783451015360,4.878662,0.371269,4.362619,7680
live,1094,14783456136698,14783456277895,14783456651756,14783461017703,4.881005,0.373861,4.365947,7680
live,1095,14783466136698,14783466272846,14783466355631,14783470589833,4.453135,0.082785,4.234202,7680
live,1096,14783476136698,14783476268822,14783476351447,14783480362541,4.225843,0.082625,4.011094,7680
live,1097,14783486136698,14783486276189,14783486376799,14783491086686,4.949988,0.10061,4.709887,7680
live,1098,14783496136698,14783496279077,14783496358118,14783501156679,5.019981,0.079041,4.798561,7680
live,1099,14783506136698,14783506272300,14783506368173,14783511027660,4.890962,0.095873,4.659487,7680
live,1100,14783516136698,14783516278004,14783516372853,14783541514697,25.377999,0.094849,25.141844,7680
live,1101,14783526136698,14783526344284,14783541684076,14783544893175,18.756477,15.339792,3.209099,7680
live,1102,14783536136698,14783536320643,14783544966616,14783547860255,11.723557,8.645973,2.893639,7680
live,1103,14783546136698,14783546260138,14783547932800,14783550923913,4.787215,1.672662,2.991113,7680
live,1104,14783556136698,14783556238033,14783556286641,14783559325498,3.1888,0.048608,3.038857,7680
live,1105,14783566136698,14783566234712,14783566293721,14783569328642,3.191944,0.059009,3.034921,7680
live,1106,14783576136698,14783576237183,14783576294560,14783579472907,3.336209,0.057377,3.178347,7680
live,1107,14783586136698,14783586243751,14783586310824,14783589755479,3.618781,0.067073,3.444655,7680
live,1108,14783596136698,14783596282351,14783596359216,14783600785580,4.648882,0.076865,4.426364,7680
live,1109,14783606136698,14783606281750,14783606358839,14783610990838,4.85414,0.077089,4.631999,7680
live,1110,14783616136698,14783616283966,14783616357055,14783620852092,4.715394,0.073089,4.495037,7680
live,1111,14783626136698,14783626266853,14783626351238,14783630677729,4.541031,0.084385,4.326491,7680
live,1112,14783636136698,14783636280045,14783636371790,14783641163279,5.026581,0.091745,4.791489,7680
live,1113,14783646136698,14783646282004,14783646366869,14783651156214,5.019516,0.084865,4.789345,7680
live,1114,14783656136698,14783656278363,14783656363677,14783661141085,5.004387,0.085314,4.777408,7680
live,1115,14783666136698,14783666276067,14783666367172,14783671232166,5.095468,0.091105,4.864994,7680
live,1116,14783676136698,14783676276426,14783676364907,14783681220685,5.083987,0.088481,4.855778,7680
live,1117,14783686136698,14783686285618,14783686386131,14783691556953,5.420255,0.100513,5.170822,7680
live,1118,14783696136698,14783696279897,14783696369274,14783701509632,5.372934,0.089377,5.140358,7680
live,1119,14783706136698,14783706276384,14783706377922,14783711520295,5.383597,0.101538,5.142373,7680
live,1120,14783716136698,14783716276328,14783716392457,14783741865794,25.729096,0.116129,25.473337,7680
live,1121,14783726136698,14783726340560,14783742017668,14783745271057,19.134359,15.677108,3.253389,7680
live,1122,14783736136698,14783736316663,14783745347954,14783748429467,12.292769,9.031291,3.081513,7680
live,1123,14783746136698,14783746243326,14783748501724,14783751505445,5.368747,2.258398,3.003721,7680
live,1124,14783756136698,14783756238085,14783756290246,14783759162285,3.025587,0.052161,2.872039,7680
live,1125,14783766136698,14783766236332,14783766293965,14783769163700,3.027002,0.057633,2.869735,7680
live,1126,14783776136698,14783776240756,14783776303061,14783779381790,3.245092,0.062305,3.078729,7680
live,1127,14783786136698,14783786239163,14783786408222,14783789837100,3.700402,0.169059,3.428878,7680
live,1128,14783796136698,14783796242563,14783796308068,14783800081975,3.945277,0.065505,3.773907,7680
live,1129,14783806136698,14783806270123,14783806356172,14783810684230,4.547532,0.086049,4.328058,7680
live,1130,14783816136698,14783816268082,14783816341299,14783821005234,4.868536,0.073217,4.663935,7680
live,1131,14783826136698,14783826271417,14783826358907,14783830474642,4.337944,0.08749,4.115735,7680
live,1132,14783836136698,14783836278497,14783836356418,14783841063810,4.927112,0.077921,4.707392,7680
live,1133,14783846136698,14783846285128,14783846382922,14783851211275,5.074577,0.097794,4.828353,7680
live,1134,14783856136698,14783856276208,14783856365201,14783861209843,5.073145,0.088993,4.844642,7680
live,1135,14783866136698,14783866273367,14783866365048,14783870777460,4.640762,0.091681,4.412412,7680
live,1136,14783876136698,14783876275647,14783876361824,14783881104832,4.968134,0.086177,4.743008,7680
live,1137,14783886136698,14783886280390,14783886364167,14783891512045,5.375347,0.083777,5.147878,7680
live,1138,14783896136698,14783896281101,14783896383055,14783901530325,5.393627,0.101954,5.14727,7680
live,1139,14783906136698,14783906282549,14783906375734,14783911157847,5.021149,0.093185,4.782113,7680
live,1140,14783916136698,14783916278908,14783916361725,14783941197614,25.060916,0.082817,24.835889,7680
live,1141,14783926136698,14783926356741,14783941308399,14783944533691,18.396993,14.951658,3.225292,7680
live,1142,14783936136698,14783936389549,14783944612060,14783947691334,11.554636,8.222511,3.079274,7680
live,1143,14783946136698,14783946272466,14783947767335,14783950776943,4.640245,1.494869,3.009608,7680
live,1144,14783956136698,14783956242553,14783956300634,14783959301891,3.165193,0.058081,3.001257,7680
live,1145,14783966136698,14783966238081,14783966294594,14783969279466,3.142768,0.056513,2.984872,7680
live,1146,14783976136698,14783976243784,14783976307177,14783979557909,3.421211,0.063393,3.250732,7680
live,1147,14783986136698,14783986269232,14783986337681,14783989812864,3.676166,0.068449,3.475183,7680
live,1148,14783996136698,14783996247255,14783996314648,14784000191981,4.055283,0.067393,3.877333,7680
live,1149,14784006136698,14784006277279,14784006348864,14784011142849,5.006151,0.071585,4.793985,7680
live,1150,14784016136698,14784016268070,14784016345767,14784020849988,4.71329,0.077697,4.504221,7680
live,1151,14784026136698,14784026282478,14784026370479,14784030859052,4.722354,0.088001,4.488573,7680
live,1152,14784036136698,14784036278197,14784036360534,14784041348058,5.21136,0.082337,4.987524,7680
live,1153,14784046136698,14784046302365,14784046403742,14784051125406,4.988708,0.101377,4.721664,7680
live,1154,14784056136698,14784056278468,14784056370597,14784060199289,4.062591,0.092129,3.828692,7680
live,1155,14784066136698,14784066272267,14784066353068,14784069955389,3.818691,0.080801,3.602321,7680
live,1156,14784076136698,14784076278579,14784076358100,14784080503948,4.36725,0.079521,4.145848,7680
live,1157,14784086136698,14784086280986,14784086366523,14784090234928,4.09823,0.085537,3.868405,7680
live,1158,14784096136698,14784096280610,14784096375267,14784100850079,4.713381,0.094657,4.474812,7680
live,1159,14784106136698,14784106286025,14784106378698,14784110817766,4.681068,0.092673,4.439068,7680
live,1160,14784116136698,14784116276624,14784116356561,14784141721833,25.585135,0.079937,25.365272,7680
live,1161,14784126136698,14784126357721,14784141865611,14784145185528,19.04883,15.50789,3.319917,7680
live,1162,14784136136698,14784136329152,14784145261753,14784148181152,12.044454,8.932601,2.919399,7680
live,1163,14784146136698,14784146246310,14784148247873,14784151059175,4.922477,2.001563,2.811302,7680
live,1164,14784156136698,14784156235693,14784156283182,14784159022771,2.886073,0.047489,2.739589,7680
live,1165,14784166136698,14784166239349,14784166293110,14784169145372,3.008674,0.053761,2.852262,7680
live,1166,14784176136698,14784176242620,14784176301021,14784179290342,3.153644,0.058401,2.989321,7680
live,1167,14784186136698,14784186268900,14784186344133,14784190343611,4.206913,0.075233,3.999478,7680
live,1168,14784196136698,14784196274764,14784196351533,14784200029342,3.892644,0.076769,3.677809,7680
live,1169,14784206136698,14784206254835,14784206310003,14784210399595,4.262897,0.055168,4.089592,7680
live,1170,14784216136698,14784216272474,14784216356763,14784221322815,5.186117,0.084289,4.966052,7680
live,1171,14784226136698,14784226283170,14784226383651,14784231174244,5.037546,0.100481,4.790593,7680
live,1172,14784236136698,14784236279625,14784236371018,14784241046570,4.909872,0.091393,4.675552,7680
live,1173,14784246136698,14784246316465,14784246466707,14784251824860,5.688162,0.150242,5.358153,7680
live,1174,14784256136698,14784256291224,14784256401210,14784261520799,5.384101,0.109986,5.119589,7680
live,1175,14784266136698,14784266276543,14784266371777,14784271058432,4.921734,0.095234,4.686655,7680
live,1176,14784276136698,14784276278055,14784276354760,14784281396460,5.259762,0.076705,5.0417,7680
live,1177,14784286136698,14784286276814,14784286368783,14784291046895,4.910197,0.091969,4.678112,7680
live,1178,14784296136698,14784296275222,14784296368631,14784301273945,5.137247,0.093409,4.905314,7680
live,1179,14784306136698,14784306285341,14784306397279,14784311168383,5.031685,0.111938,4.771104,7680
live,1180,14784316136698,14784316275428,14784316368518,14784341395193,25.258495,0.09309,25.026675,7680
live,1181,14784326136698,14784326364269,14784341575931,14784344888488,18.75179,15.211662,3.312557,7680
live,1182,14784336136698,14784336326516,14784344967721,14784347984658,11.84796,8.641205,3.016937,7680
live,1183,14784346136698,14784346254714,14784348082131,14784351163517,5.026819,1.827417,3.081386,7680
live,1184,14784356136698,14784356241218,14784356310818,14784359516686,3.379988,0.0696,3.205868,7680
live,1185,14784366136698,14784366239561,14784366296362,14784369181553,3.044855,0.056801,2.885191,7680
live,1186,14784376136698,14784376238256,14784376303857,14784379275097,3.138399,0.065601,2.97124,7680
live,1187,14784386136698,14784386241080,14784386304857,14784389801160,3.664462,0.063777,3.496303,7680
live,1188,14784396136698,14784396265567,14784396348673,14784400475416,4.338718,0.083106,4.126743,7680
live,1189,14784406136698,14784406265575,14784406335464,14784409750518,3.61382,0.069889,3.415054,7680
live,1190,14784416136698,14784416244078,14784416310383,14784419823486,3.686788,0.066305,3.513103,7680
live,1191,14784426136698,14784426269270,14784426357335,14784430702962,4.566264,0.088065,4.345627,7680
live,1192,14784436136698,14784436273949,14784436365150,14784441112895,4.976197,0.091201,4.747745,7680
live,1193,14784446136698,14784446284805,14784446379686,14784450924868,4.78817,0.094881,4.545182,7680
live,1194,14784456136698,14784456289996,14784456394382,14784461181326,5.044628,0.104386,4.786944,7680
live,1195,14784466136698,14784466286932,14784466383349,14784471164886,5.028188,0.096417,4.781537,7680
live,1196,14784476136698,14784476276123,14784476342460,14784481237662,5.100964,0.066337,4.895202,7680
live,1197,14784486136698,14784486276546,14784486371812,14784490981154,4.844456,0.095266,4.609342,7680
live,1198,14784496136698,14784496279338,14784496368619,14784501346030,5.209332,0.089281,4.977411,7680
live,1199,14784506136698,14784506290609,14784506393811,14784511230132,5.093434,0.103202,4.836321,7680
live,1200,14784516136698,14784516284025,14784516380346,14784541395661,25.258963,0.096321,25.015315,7680
live,1201,14784526136698,14784526369025,14784541573391,14784544893468,18.75677,15.204366,3.320077,7680
live,1202,14784536136698,14784536323112,14784544975709,14784547917221,11.780523,8.652597,2.941512,7680
live,1203,14784546136698,14784546251534,14784547993222,14784551166097,5.029399,1.741688,3.172875,7680
live,1204,14784556136698,14784556239702,14784556300470,14784559690916,3.554218,0.060768,3.390446,7680
live,1205,14784566136698,14784566238237,14784566283710,14784569339975,3.203277,0.045473,3.056265,7680
live,1206,14784576136698,14784576238276,14784576299237,14784579589490,3.452792,0.060961,3.290253,7680
live,1207,14784586136698,14784586239564,14784586300237,14784589910141,3.773443,0.060673,3.609904,7680
live,1208,14784596136698,14784596275284,14784596356405,14784600395083,4.258385,0.081121,4.038678,7680
live,1209,14784606136698,14784606272475,14784606344604,14784609880812,3.744114,0.072129,3.536208,7680
live,1210,14784616136698,14784616247042,14784616310083,14784620447099,4.310401,0.063041,4.137016,7680
live,1211,14784626136698,14784626275562,14784626367019,14784631175468,5.03877,0.091457,4.808449,7680
live,1212,14784636136698,14784636271729,14784636354258,14784641236308,5.09961,0.082529,4.88205,7680
live,1213,14784646136698,14784646271129,14784646352410,14784651296957,5.160259,0.081281,4.944547,7680
live,1214,14784656136698,14784656463363,14784656596516,14784661995053,5.858355,0.133153,5.398537,7680
live,1215,14784666136698,14784666282792,14784666375977,14784671469582,5.332884,0.093185,5.093605,7680
live,1216,14784676136698,14784676292655,14784676370928,14784681117680,4.980982,0.078273,4.746752,7680
live,1217,14784686136698,14784686281494,14784686378712,14784691449340,5.312642,0.097218,5.070628,7680
live,1218,14784696136698,14784696343871,14784696430848,14784701199392,5.062694,0.086977,4.768544,7680
live,1219,14784706136698,14784706298853,14784706406375,14784711286281,5.149583,0.107522,4.879906,7680
live,1220,14784716136698,14784716296077,14784716410606,14784741545347,25.408649,0.114529,25.134741,7680
live,1221,14784726136698,14784726371861,14784741720069,14784744954385,18.817687,15.348208,3.234316,7680
live,1222,14784736136698,14784736312604,14784745030674,14784747928537,11.791839,8.71807,2.897863,7680
live,1223,14784746136698,14784746256802,14784748025146,14784751096388,4.95969,1.768344,3.071242,7680
live,1224,14784756136698,14784756238730,14784756289482,14784759584887,3.448189,0.050752,3.295405,7680
live,1225,14784766136698,14784766239537,14784766297234,14784769330491,3.193793,0.057697,3.033257,7680
live,1226,14784776136698,14784776241208,14784776304857,14784779311522,3.174824,0.063649,3.006665,7680
live,1227,14784786136698,14784786241760,14784786300001,14784789597069,3.460371,0.058241,3.297068,7680
live,1228,14784796136698,14784796264520,14784796343721,14784800306142,4.169444,0.079201,3.962421,7680
live,1229,14784806136698,14784806259631,14784806321200,14784810146403,4.009705,0.061569,3.825203,7680
live,1230,14784816136698,14784816242230,14784816302071,14784820045129,3.908431,0.059841,3.743058,7680
live,1231,14784826136698,14784826280062,14784826366079,14784830814715,4.678017,0.086017,4.448636,7680
live,1232,14784836136698,14784836271397,14784836357158,14784840914020,4.777322,0.085761,4.556862,7680
live,1233,14784846136698,14784846282061,14784846371246,14784850724361,4.587663,0.089185,4.353115,7680
live,1234,14784856136698,14784856281460,14784856370293,14784861720958,5.58426,0.088833,5.350665,7680
live,1235,14784866136698,14784866278236,14784866379357,14784871113757,4.977059,0.101121,4.7344,7680
live,1236,14784876136698,14784876277763,14784876353540,14784881101956,4.965258,0.075777,4.748416,7680
live,1237,14784886136698,14784886275690,14784886374316,14784891442672,5.305974,0.098626,5.068356,7680
live,1238,14784896136698,14784896279218,14784896366803,14784901370615,5.233917,0.087585,5.003812,7680
live,1239,14784906136698,14784906275545,14784906363930,14784911369438,5.23274,0.088385,5.005508,7680
live,1240,14784916136698,14784916286625,14784916390626,14784941335668,25.19897,0.104001,24.945042,7680
live,1241,14784926136698,14784926370281,14784941515446,14784945181256,19.044558,15.145165,3.66581,7680
live,1242,14784936136698,14784936313424,14784945266025,14784948424212,12.287514,8.952601,3.158187,7680
live,1243,14784946136698,14784946242518,14784948500949,14784951443645,5.306947,2.258431,2.942696,7680
live,1244,14784956136698,14784956235486,14784956285662,14784959070116,2.933418,0.050176,2.784454,7680
live,1245,14784966136698,14784966242821,14784966308806,14784969269870,3.133172,0.065985,2.961064,7680
live,1246,14784976136698,14784976239788,14784976303309,14784979540505,3.403807,0.063521,3.237196,7680
live,1247,14784986136698,14784986238324,14784986292660,14784989861573,3.724875,0.054336,3.568913,7680
live,1248,14784996136698,14784996264571,14784996337180,14785000640023,4.503325,0.072609,4.302843,7680
live,1249,14785006136698,14785006308611,14785006424613,14785010724127,4.587429,0.116002,4.299514,7680
live,1250,14785016136698,14785016293835,14785016383564,14785020837384,4.700686,0.089729,4.45382,7680
live,1251,14785026136698,14785026278290,14785026365043,14785030726318,4.58962,0.086753,4.361275,7680
live,1252,14785036136698,14785036286169,14785036370650,14785040655092,4.518394,0.084481,4.284442,7680
live,1253,14785046136698,14785046272416,14785046357858,14785050802942,4.666244,0.085442,4.445084,7680
live,1254,14785056136698,14785056276456,14785056359945,14785061082921,4.946223,0.083489,4.722976,7680
live,1255,14785066136698,14785066280143,14785066526963,14785071425013,5.288315,0.24682,4.89805,7680
live,1256,14785076136698,14785076285591,14785076385912,14785081015511,4.878813,0.100321,4.629599,7680
live,1257,14785086136698,14785086281406,14785086352959,14785091031806,4.895108,0.071553,4.678847,7680
live,1258,14785096136698,14785096270565,14785096344006,14785101359306,5.222608,0.073441,5.0153,7680
live,1259,14785106136698,14785106269869,14785106365806,14785111396626,5.259928,0.095937,5.03082,7680
live,1260,14785116136698,14785116272020,14785116354581,14785141160261,25.023563,0.082561,24.80568,7680
live,1261,14785126136698,14785126350941,14785141282663,14785144511826,18.375128,14.931722,3.229163,7680
live,1262,14785136136698,14785136315908,14785144592276,14785147601916,11.465218,8.276368,3.00964,7680
live,1263,14785146136698,14785146252234,14785147676317,14785150611749,4.475051,1.424083,2.935432,7680
live,1264,14785156136698,14785156242769,14785156294802,14785159258234,3.121536,0.052033,2.963432,7680
live,1265,14785166136698,14785166240057,14785166299769,14785169133664,2.996966,0.059712,2.833895,7680
live,1266,14785176136698,14785176242304,14785176311361,14785179800752,3.664054,0.069057,3.489391,7680
live,1267,14785186136698,14785186253928,14785186310632,14785189903737,3.767039,0.056704,3.593105,7680
live,1268,14785196136698,14785196269135,14785196344176,14785200951311,4.814613,0.075041,4.607135,7680
live,1269,14785206136698,14785206272343,14785206360728,14785210612785,4.476087,0.088385,4.252057,7680
live,1270,14785216136698,14785216272542,14785216346463,14785221500101,5.363403,0.073921,5.153638,7680
live,1271,14785226136698,14785226275909,14785226370055,14785231201928,5.06523,0.094146,4.831873,7680
live,1272,14785236136698,14785236271181,14785236354350,14785241114606,4.977908,0.083169,4.760256,7680
live,1273,14785246136698,14785246269044,14785246356149,14785251091413,4.954715,0.087105,4.735264,7680
live,1274,14785256136698,14785256275548,14785256361309,14785261098237,4.961539,0.085761,4.736928,7680
live,1275,14785266136698,14785266278403,14785266414757,14785271146885,5.010187,0.136354,4.732128,7680
live,1276,14785276136698,14785276328299,14785276429100,14785281397424,5.260726,0.100801,4.968324,7680
live,1277,14785286136698,14785286286514,14785286367571,14785291717179,5.580481,0.081057,5.349608,7680
live,1278,14785296136698,14785296280985,14785296358458,14785301388702,5.252004,0.077473,5.030244,7680
live,1279,14785306136698,14785306275520,14785306368930,14785311408838,5.27214,0.09341,5.039908,7680
live,1280,14785316136698,14785316273192,14785316358025,14785341084344,24.947646,0.084833,24.726319,7680
live,1281,14785326136698,14785326351728,14785341201529,14785344381412,18.244714,14.849801,3.179883,7680
live,1282,14785336136698,14785336309463,14785344465382,14785347488014,11.351316,8.155919,3.022632,7680
live,1283,14785346136698,14785346249566,14785347563151,14785350562584,4.425886,1.313585,2.999433,7680
live,1284,14785356136698,14785356241221,14785356293542,14785359401072,3.264374,0.052321,3.10753,7680
live,1285,14785366136698,14785366236140,14785366307853,14785369272853,3.136155,0.071713,2.965,7680
live,1286,14785376136698,14785376246068,14785376316533,14785379592033,3.455335,0.070465,3.2755,7680
live,1287,14785386136698,14785386243323,14785386310300,14785389669930,3.533232,0.066977,3.35963,7680
live,1288,14785396136698,14785396264611,14785396340708,14785400823104,4.686406,0.076097,4.482396,7680
live,1289,14785406136698,14785406256650,14785406327499,14785410338977,4.202279,0.070849,4.011478,7680
live,1290,14785416136698,14785416240497,14785416300178,14785420277608,4.14091,0.059681,3.97743,7680
live,1291,14785426136698,14785426298041,14785426655614,14785431545120,5.408422,0.357573,4.889506,7680
live,1292,14785436136698,14785436278816,14785436352161,14785441658473,5.521775,0.073345,5.306312,7680
live,1293,14785446136698,14785446272136,14785446361257,14785451262091,5.125393,0.089121,4.900834,7680
live,1294,14785456136698,14785456359600,14785456450418,14785461043152,4.906454,0.090818,4.592734,7680
live,1295,14785466136698,14785466296151,14785466387576,14785471039223,4.902525,0.091425,4.651647,7680
live,1296,14785476136698,14785476278974,14785476366623,14785481280674,5.143976,0.087649,4.914051,7680
live,1297,14785486136698,14785486284741,14785486390503,14785491207432,5.070734,0.105762,4.816929,7680
live,1298,14785496136698,14785496276109,14785496363886,14785501341713,5.205015,0.087777,4.977827,7680
live,1299,14785506136698,14785506276692,14785506367541,14785511342905,5.206207,0.090849,4.975364,7680
live,1300,14785516136698,14785516275388,14785516359133,14785540867848,24.73115,0.083745,24.508715,7680
live,1301,14785526136698,14785526362884,14785540985642,14785543933522,17.796824,14.622758,2.94788,7680
live,1302,14785536136698,14785536349291,14785544026995,14785547139037,11.002339,7.677704,3.112042,7680
live,1303,14785546136698,14785546255985,14785547212094,14785550051461,3.914763,0.956109,2.839367,7680
live,1304,14785556136698,14785556243673,14785556296249,14785559197537,3.060839,0.052576,2.901288,7680
live,1305,14785566136698,14785566238208,14785566294785,14785569273513,3.136815,0.056577,2.978728,7680
live,1306,14785576136698,14785576238791,14785576298248,14785579478323,3.341625,0.059457,3.180075,7680
live,1307,14785586136698,14785586246383,14785586315504,14785589686909,3.550211,0.069121,3.371405,7680
live,1308,14785596136698,14785596271383,14785596355384,14785600861589,4.724891,0.084001,4.506205,7680
live,1309,14785606136698,14785606271838,14785606357055,14785610969150,4.832452,0.085217,4.612095,7680
live,1310,14785616136698,14785616270405,14785616343622,14785620785890,4.649192,0.073217,4.442268,7680
live,1311,14785626136698,14785626269165,14785626353838,14785631059277,4.922579,0.084673,4.705439,7680
live,1312,14785636136698,14785636286836,14785636393046,14785641441082,5.304384,0.10621,5.048036,7680
live,1313,14785646136698,14785646282588,14785646359709,14785651708517,5.571819,0.077121,5.348808,7680
live,1314,14785656136698,14785656314691,14785656429861,14785660962050,4.825352,0.11517,4.532189,7680
live,1315,14785666136698,14785666300203,14785666400780,14785670988522,4.851824,0.100577,4.587742,7680
live,1316,14785676136698,14785676286418,14785676363027,14785681002002,4.865304,0.076609,4.638975,7680
live,1317,14785686136698,14785686292921,14785686398267,14785690585043,4.448345,0.105346,4.186776,7680
live,1318,14785696136698,14785696292833,14785696387874,14785700973728,4.83703,0.095041,4.585854,7680
live,1319,14785706136698,14785706297864,14785706391849,14785711001288,4.86459,0.093985,4.609439,7680
live,1320,14785716136698,14785716281007,14785716377521,14785740953725,24.817027,0.096514,24.576204,7680
live,1321,14785726136698,14785726366104,14785741063583,14785744360299,18.223601,14.697479,3.296716,7680
live,1322,14785736136698,14785736559938,14785744437676,14785747395284,11.258586,7.877738,2.957608,7680
live,1323,14785746136698,14785746265957,14785747469461,14785750404477,4.267779,1.203504,2.935016,7680
live,1324,14785756136698,14785756248236,14785756518096,14785759636026,3.499328,0.26986,3.11793,7680
live,1325,14785766136698,14785766236724,14785766500471,14785769428319,3.291621,0.263747,2.927848,7680
live,1326,14785776136698,14785776245403,14785776524511,14785779908397,3.771699,0.279108,3.383886,7680
live,1327,14785786136698,14785786243970,14785786521670,14785790140983,4.004285,0.2777,3.619313,7680
live,1328,14785796136698,14785796245002,14785796307467,14785799904123,3.767425,0.062465,3.596656,7680
live,1329,14785806136698,14785806281298,14785806365651,14785810759022,4.622324,0.084353,4.393371,7680
live,1330,14785816136698,14785816276985,14785816348122,14785821034041,4.897343,0.071137,4.685919,7680
live,1331,14785826136698,14785826269984,14785826350689,14785830849374,4.712676,0.080705,4.498685,7680
live,1332,14785836136698,14785836279208,14785836357385,14785840934919,4.798221,0.078177,4.577534,7680
live,1333,14785846136698,14785846278479,14785846377073,14785851264179,5.127481,0.098594,4.887106,7680
live,1334,14785856136698,14785856279063,14785856380408,14785861190137,5.053439,0.101345,4.809729,7680
live,1335,14785866136698,14785866280414,14785866368127,14785871156000,5.019302,0.087713,4.787873,7680
live,1336,14785876136698,14785876275109,14785876365671,14785881223528,5.08683,0.090562,4.857857,7680
live,1337,14785886136698,14785886282029,14785886379758,14785891632245,5.495547,0.097729,5.252487,7680
live,1338,14785896136698,14785896287604,14785896379381,14785901213655,5.076957,0.091777,4.834274,7680
live,1339,14785906136698,14785906278171,14785906371709,14785910922778,4.78608,0.093538,4.551069,7680
live,1340,14785916136698,14785916275939,14785916361124,14785940894864,24.758166,0.085185,24.53374,7680
live,1341,14785926136698,14785926346347,14785941037554,14785944507809,18.371111,14.691207,3.470255,7680
live,1342,14785936136698,14785936340306,14785944592066,14785947740557,11.603859,8.25176,3.148491,7680
live,1343,14785946136698,14785946256057,14785947816174,14785950865879,4.729181,1.560117,3.049705,7680
live,1344,14785956136698,14785956243360,14785956295265,14785959551789,3.415091,0.051905,3.256524,7680
live,1345,14785966136698,14785966236807,14785966293256,14785969207023,3.070325,0.056449,2.913767,7680
live,1346,14785976136698,14785976236335,14785976297391,14785979584988,3.44829,0.061056,3.287597,7680
live,1347,14785986136698,14785986239606,14785986289431,14785989833639,3.696941,0.049825,3.544208,7680
live,1348,14785996136698,14785996268958,14785996356959,14786000835164,4.698466,0.088001,4.478205,7680
live,1349,14786006136698,14786006276133,14786006358918,14786010747330,4.610632,0.082785,4.388412,7680
live,1350,14786016136698,14786016264460,14786016343277,14786021054445,4.917747,0.078817,4.711168,7680
live,1351,14786026136698,14786026270996,14786026363061,14786030649423,4.512725,0.092065,4.286362,7680
live,1352,14786036136698,14786036271387,14786036355516,14786040856985,4.720287,0.084129,4.501469,7680
live,1353,14786046136698,14786046286211,14786046376484,14786050985794,4.849096,0.090273,4.60931,7680
live,1354,14786056136698,14786056278826,14786056364587,14786061217645,5.080947,0.085761,4.853058,7680
live,1355,14786066136698,14786066279377,14786066364915,14786070879824,4.743126,0.085538,4.514909,7680
live,1356,14786076136698,14786076274201,14786076359578,14786081175675,5.038977,0.085377,4.816097,7680
live,1357,14786086136698,14786086274272,14786086362241,14786090781821,4.645123,0.087969,4.41958,7680
live,1358,14786096136698,14786096289128,14786096391945,14786100990887,4.854189,0.102817,4.598942,7680
live,1359,14786106136698,14786106338160,14786106462993,14786111445173,5.308475,0.124833,4.98218,7680
live,1360,14786116136698,14786116300855,14786116401624,14786140681633,24.544935,0.100769,24.280009,7680
live,1361,14786126136698,14786126421440,14786140800610,14786144142639,18.005941,14.37917,3.342029,7680
live,1362,14786136136698,14786136724811,14786144220400,14786147357403,11.220705,7.495589,3.137003,7680
live,1363,14786146136698,14786146263756,14786147432348,14786150384068,4.24737,1.168592,2.95172,7680
live,1364,14786156136698,14786156242003,14786156299156,14786159180123,3.043425,0.057153,2.880967,7680
live,1365,14786166136698,14786166239195,14786166300379,14786169203395,3.066697,0.061184,2.903016,7680
live,1366,14786176136698,14786176239266,14786176308579,14786179546543,3.409845,0.069313,3.237964,7680
live,1367,14786186136698,14786186243593,14786186298634,14786189664824,3.528126,0.055041,3.36619,7680
live,1368,14786196136698,14786196422035,14786196589621,14786200852751,4.716053,0.167586,4.26313,7680
live,1369,14786206136698,14786206279865,14786206366906,14786210551698,4.415,0.087041,4.184792,7680
live,1370,14786216136698,14786216351361,14786216436866,14786220394936,4.258238,0.085505,3.95807,7680
live,1371,14786226136698,14786226308424,14786226402921,14786230345086,4.208388,0.094497,3.942165,7680
live,1372,14786236136698,14786236278735,14786236393040,14786240437063,4.300365,0.114305,4.044023,7680
live,1373,14786246136698,14786246269974,14786246339223,14786250715602,4.578904,0.069249,4.376379,7680
live,1374,14786256136698,14786256323326,14786256423647,14786261766088,5.62939,0.100321,5.342441,7680
live,1375,14786266136698,14786266293797,14786266405862,14786271606221,5.469523,0.112065,5.200359,7680
live,1376,14786276136698,14786276288844,14786276374381,14786281471058,5.33436,0.085537,5.096677,7680
live,1377,14786286136698,14786286280787,14786286394485,14786291436121,5.299423,0.113698,5.041636,7680
live,1378,14786296136698,14786296275899,14786296359868,14786301631459,5.494761,0.083969,5.271591,7680
live,1379,14786306136698,14786306315203,14786306434372,14786311231781,5.095083,0.119169,4.797409,7680
live,1380,14786316136698,14786316289514,14786316374315,14786342741520,26.604822,0.084801,26.367205,7680
live,1381,14786326136698,14786326483924,14786342856273,14786346061725,19.925027,16.372349,3.205452,7680
live,1382,14786336136698,14786336375450,14786346138974,14786349125670,12.988972,9.763524,2.986696,7680
live,1383,14786346136698,14786346306016,14786349209767,14786352328722,6.192024,2.903751,3.118955,7680
live,1384,14786356136698,14786356279495,14786356346792,14786359138990,3.002292,0.067297,2.792198,7680
live,1385,14786366136698,14786366245070,14786366302799,14786368823985,2.687287,0.057729,2.521186,7680
live,1386,14786376136698,14786376242325,14786376301238,14786378975066,2.838368,0.058913,2.673828,7680
live,1387,14786386136698,14786386239293,14786386283485,14786389167108,3.03041,0.044192,2.883623,7680
live,1388,14786396136698,14786396238436,14786396285861,14786399300653,3.163955,0.047425,3.014792,7680
live,1389,14786406136698,14786406269132,14786406353965,14786410038687,3.901989,0.084833,3.684722,7680
live,1390,14786416136698,14786416271891,14786416348244,14786420219177,4.082479,0.076353,3.870933,7680
live,1391,14786426136698,14786426269594,14786426347323,14786430192976,4.056278,0.077729,3.845653,7680
live,1392,14786436136698,14786436268930,14786436339875,14786440257240,4.120542,0.070945,3.917365,7680
live,1393,14786446136698,14786446270345,14786446338442,14786450413409,4.276711,0.068097,4.074967,7680
live,1394,14786456136698,14786456283409,14786456385650,14786460991568,4.85487,0.102241,4.605918,7680
live,1395,14786466136698,14786466286776,14786466369497,14786470615443,4.478745,0.082721,4.245946,7680
live,1396,14786476136698,14786476275839,14786476340032,14786480651483,4.514785,0.064193,4.311451,7680
live,1397,14786486136698,14786486285831,14786486361704,14786490651010,4.514312,0.075873,4.289306,7680
live,1398,14786496136698,14786496285390,14786496364783,14786500745963,4.609265,0.079393,4.38118,7680
live,1399,14786506136698,14786506296726,14786506407351,14786511026678,4.88998,0.110625,4.619327,7680
live,1400,14786516136698,14786516284765,14786516367838,14786541306928,25.17023,0.083073,24.93909,7680
live,1401,14786526136698,14786526376037,14786541452690,14786544432154,18.295456,15.076653,2.979464,7680
live,1402,14786536136698,14786536365421,14786544498779,14786546970620,10.833922,8.133358,2.471841,7680
live,1403,14786546136698,14786546249939,14786547032157,14786549436478,3.29978,0.782218,2.404321,7680
live,1404,14786556136698,14786556280378,14786556339515,14786559161313,3.024615,0.059137,2.821798,7680
live,1405,14786566136698,14786566241505,14786566300642,14786569304395,3.167697,0.059137,3.003753,7680
live,1406,14786576136698,14786576247273,14786576320970,14786579544277,3.407579,0.073697,3.223307,7680
live,1407,14786586136698,14786586268880,14786586339249,14786589857217,3.720519,0.070369,3.517968,7680
live,1408,14786596136698,14786596279064,14786596347481,14786600071659,3.934961,0.068417,3.724178,7680
live,1409,14786606136698,14786606271359,14786606623652,14786610754108,4.61741,0.352293,4.130456,7680
live,1410,14786616136698,14786616289127,14786616380168,14786621160073,5.023375,0.091041,4.779905,7680
live,1411,14786626136698,14786626282126,14786626363887,14786630911437,4.774739,0.081761,4.54755,7680
live,1412,14786636136698,14786636272565,14786636362070,14786640941396,4.804698,0.089505,4.579326,7680
live,1413,14786646136698,14786646278557,14786646355486,14786651030237,4.893539,0.076929,4.674751,7680
live,1414,14786656136698,14786656273092,14786656352709,14786660956675,4.819977,0.079617,4.603966,7680
live,1415,14786666136698,14786666284491,14786666392269,14786671268559,5.131861,0.107778,4.87629,7680
live,1416,14786676136698,14786676283923,14786676364084,14786681178229,5.041531,0.080161,4.814145,7680
live,1417,14786686136698,14786686287258,14786686380155,14786691566146,5.429448,0.092897,5.185991,7680
live,1418,14786696136698,14786696275329,14786696359906,14786701482504,5.345806,0.084577,5.122598,7680
live,1419,14786706136698,14786706278537,14786706364106,14786711436783,5.300085,0.085569,5.072677,7680
live,1420,14786716136698,14786716289872,14786716390546,14786741912491,25.775793,0.100674,25.521945,7680
live,1421,14786726136698,14786726379929,14786742101934,14786745398426,19.261728,15.722005,3.296492,7680
live,1422,14786736136698,14786736345216,14786745479867,14786748522981,12.386283,9.134651,3.043114,7680
live,1423,14786746136698,14786746246566,14786748597510,14786751571566,5.434868,2.350944,2.974056,7680
live,1424,14786756136698,14786756241101,14786756299790,14786759134932,2.998234,0.058689,2.835142,7680
live,1425,14786766136698,14786766244084,14786766304565,14786769257629,3.120931,0.060481,2.953064,7680
live,1426,14786776136698,14786776240380,14786776301021,14786779353286,3.216588,0.060641,3.052265,7680
live,1427,14786786136698,14786786244579,14786786317412,14786789556656,3.419958,0.072833,3.239244,7680
live,1428,14786796136698,14786796249483,14786796314699,14786799616760,3.480062,0.065216,3.302061,7680
live,1429,14786806136698,14786806287986,14786806355443,14786810752335,4.615637,0.067457,4.396892,7680
live,1430,14786816136698,14786816283130,14786816361819,14786821144636,5.007938,0.078689,4.782817,7680
live,1431,14786826136698,14786826281441,14786826376738,14786830952032,4.815334,0.095297,4.575294,7680
live,1432,14786836136698,14786836277736,14786836358282,14786840813190,4.676492,0.080546,4.454908,7680
live,1433,14786846136698,14786846286032,14786846368113,14786850769197,4.632499,0.082081,4.401084,7680
live,1434,14786856136698,14786856277591,14786856367512,14786860863125,4.726427,0.089921,4.495613,7680
live,1435,14786866136698,14786866288511,14786866383616,14786871238818,5.10212,0.095105,4.855202,7680
live,1436,14786876136698,14786876285990,14786876352647,14786881159176,5.022478,0.066657,4.806529,7680
live,1437,14786886136698,14786886281485,14786886377039,14786890782634,4.645936,0.095554,4.405595,7680
live,1438,14786896136698,14786896283029,14786896351446,14786900986324,4.849626,0.068417,4.634878,7680
live,1439,14786906136698,14786906278556,14786906363613,14786911004828,4.86813,0.085057,4.641215,7680
live,1440,14786916136698,14786916288036,14786916381189,14786942583239,26.446541,0.093153,26.20205,7680
live,1441,14786926136698,14786926346412,14786942822283,14786946027894,19.891196,16.475871,3.205611,7680
live,1442,14786936136698,14786936327731,14786946117975,14786949143104,13.006406,9.790244,3.025129,7680
live,1443,14786946136698,14786946279513,14786949219809,14786952077320,5.940622,2.940296,2.857511,7680
live,1444,14786956136698,14786956241408,14786956299905,14786959212745,3.076047,0.058497,2.91284,7680
live,1445,14786966136698,14786966247144,14786966312681,14786969268561,3.131863,0.065537,2.95588,7680
live,1446,14786976136698,14786976277552,14786976340880,14786979291640,3.154942,0.063328,2.95076,7680
live,1447,14786986136698,14786986258199,14786986316247,14786989633156,3.496458,0.058048,3.316909,7680
live,1448,14786996136698,14786996242942,14786996306559,14786999607851,3.471153,0.063617,3.301292,7680
live,1449,14787006136698,14787006269349,14787006344326,14787010581248,4.44455,0.074977,4.236922,7680
live,1450,14787016136698,14787016352110,14787016674130,14787021065646,4.928948,0.32202,4.391516,7680
live,1451,14787026136698,14787026279348,14787026368309,14787030726448,4.58975,0.088961,4.358139,7680
live,1452,14787036136698,14787036278172,14787036362909,14787040708472,4.571774,0.084737,4.345563,7680
live,1453,14787046136698,14787046279491,14787046364836,14787050784448,4.64775,0.085345,4.419612,7680
live,1454,14787056136698,14787056276554,14787056354123,14787061044171,4.907473,0.077569,4.690048,7680
live,1455,14787066136698,14787066276178,14787066363955,14787070777711,4.641013,0.087777,4.413756,7680
live,1456,14787076136698,14787076284185,14787076386618,14787081402270,5.265572,0.102433,5.015652,7680
live,1457,14787086136698,14787086284608,14787086374178,14787091158850,5.022152,0.08957,4.784672,7680
live,1458,14787096136698,14787096278376,14787096362697,14787101231339,5.094641,0.084321,4.868642,7680
live,1459,14787106136698,14787106276591,14787106363376,14787111548342,5.411644,0.086785,5.184966,7680
live,1460,14787116136698,14787116286070,14787116363096,14787141978546,25.841848,0.077026,25.61545,7680
live,1461,14787126136698,14787126349183,14787142166069,14787145529314,19.392616,15.816886,3.363245,7680
live,1462,14787136136698,14787136305157,14787145612451,14787148513163,12.376465,9.307294,2.900712,7680
live,1463,14787146136698,14787146284717,14787148585228,14787151418098,5.2814,2.300511,2.83287,7680
live,1464,14787156136698,14787156240435,14787156293428,14787159120602,2.983904,0.052993,2.827174,7680
live,1465,14787166136698,14787166237883,14787166295867,14787169145538,3.00884,0.057984,2.849671,7680
live,1466,14787176136698,14787176242946,14787176309891,14787179349772,3.213074,0.066945,3.039881,7680
live,1467,14787186136698,14787186243337,14787186304842,14787189549110,3.412412,0.061505,3.244268,7680
live,1468,14787196136698,14787196242001,14787196301841,14787199862210,3.725512,0.05984,3.560369,7680
live,1469,14787206136698,14787206259032,14787206320601,14787209884489,3.747791,0.061569,3.563888,7680
live,1470,14787216136698,14787216245983,14787216315648,14787220041235,3.904537,0.069665,3.725587,7680
live,1471,14787226136698,14787226281895,14787226375433,14787230665891,4.529193,0.093538,4.290458,7680
live,1472,14787236136698,14787236285967,14787236371952,14787240934990,4.798292,0.085985,4.563038,7680
live,1473,14787246136698,14787246283222,14787246372279,14787250713490,4.576792,0.089057,4.341211,7680
live,1474,14787256136698,14787256284189,14787256369022,14787260821275,4.684577,0.084833,4.452253,7680
live,1475,14787266136698,14787266276389,14787266364070,14787271262088,5.12539,0.087681,4.898018,7680
live,1476,14787276136698,14787276275116,14787276366285,14787281216335,5.079637,0.091169,4.85005,7680
live,1477,14787286136698,14787286280627,14787286369396,14787291236278,5.09958,0.088769,4.866882,7680
live,1478,14787296136698,14787296275515,14787296357436,14787301111612,4.974914,0.081921,4.754176,7680
live,1479,14787306136698,14787306274946,14787306363139,14787311394663,5.257965,0.088193,5.031524,7680
live,1480,14787316136698,14787316269865,14787316350634,14787341701249,25.564551,0.080769,25.350615,7680
live,1481,14787326136698,14787326347634,14787341902980,14787345241617,19.104919,15.555346,3.338637,7680
live,1482,14787336136698,14787336313400,14787345323794,14787348243066,12.106368,9.010394,2.919272,7680
live,1483,14787346136698,14787346244127,14787348315291,14787351212322,5.075624,2.071164,2.897031,7680
live,1484,14787356136698,14787356233894,14787356279975,14787358623526,2.486828,0.046081,2.343551,7680
live,1485,14787366136698,14787366236045,14787366287982,14787369258742,3.122044,0.051937,2.97076,7680
live,1486,14787376136698,14787376243253,14787376309430,14787379407776,3.271078,0.066177,3.098346,7680
live,1487,14787386136698,14787386250940,14787386308605,14787389681067,3.544369,0.057665,3.372462,7680
live,1488,14787396136698,14787396265796,14787396342693,14787400281466,4.144768,0.076897,3.938773,7680
live,1489,14787406136698,14787406272299,14787406335116,14787409769211,3.632513,0.062817,3.434095,7680
live,1490,14787416136698,14787416245746,14787416298643,14787419811683,3.674985,0.052897,3.51304,7680
live,1491,14787426136698,14787426396828,14787426626207,14787431556674,5.419976,0.229379,4.930467,7680
live,1492,14787436136698,14787436290402,14787436375619,14787441130275,4.993577,0.085217,4.754656,7680
live,1493,14787446136698,14787446279529,14787446369610,14787451085162,4.948464,0.090081,4.715552,7680
live,1494,14787456136698,14787456280272,14787456374833,14787460971056,4.834358,0.094561,4.596223,7680
live,1495,14787466136698,14787466637948,14787466756638,14787471428317,5.291619,0.11869,4.671679,7680
live,1496,14787476136698,14787476314239,14787476402785,14787481072032,4.935334,0.088546,4.669247,7680
live,1497,14787486136698,14787486318631,14787486429928,14787491417740,5.281042,0.111297,4.987812,7680
live,1498,14787496136698,14787496300558,14787496384815,14787501180144,5.043446,0.084257,4.795329,7680
live,1499,14787506136698,14787506296661,14787506509752,14787511282137,5.145439,0.213091,4.772385,7680
