stage,sequence,release_ns,queued_ns,start_ns,end_ns,age_ms,queue_ms,service_ms,output_samples
live,0,15665834957569,15665835180450,15665835271779,15665842243036,7.285467,0.091329,6.971257,15360
live,1,15665844957569,15665845126401,15665845195521,15665848336489,3.37892,0.06912,3.140968,15360
live,2,15665854957569,15665855080896,15665855144032,15665858730126,3.772557,0.063136,3.586094,15360
live,3,15665864957569,15665865096415,15665865195713,15665868392105,3.434536,0.099298,3.196392,15360
live,4,15665874957569,15665875077695,15665875149312,15665879345333,4.387764,0.071617,4.196021,15360
live,5,15665884957569,15665885066430,15665885130623,15665888703085,3.745516,0.064193,3.572462,15360
live,6,15665894957569,15665895068094,15665895135807,15665898752813,3.795244,0.067713,3.617006,15360
live,7,15665904957569,15665905066845,15665905119902,15665908842990,3.885421,0.053057,3.723088,15360
live,8,15665914957569,15665915065789,15665915119646,15665918838637,3.881068,0.053857,3.718991,15360
live,9,15665924957569,15665925068477,15665925141694,15665930800550,5.842981,0.073217,5.658856,15360
live,10,15665934957569,15665935069564,15665935142717,15665941277324,6.319755,0.073153,6.134607,15360
live,11,15665944957569,15665945066108,15665945131485,15665949140144,4.182575,0.065377,4.008659,15360
live,12,15665954957569,15665955063548,15665955129820,15665959221585,4.264016,0.066272,4.091765,15360
live,13,15665964957569,15665965065851,15665965118012,15665969120111,4.162542,0.052161,4.002099,15360
live,14,15665974957569,15665975101947,15665975187644,15665979873656,4.916087,0.085697,4.686012,15360
live,15,15665984957569,15665985115515,15665985219516,15665989551412,4.593843,0.104001,4.331896,15360
live,16,15665994957569,15665995091578,15665995176796,15665999909016,4.951447,0.085218,4.73222,15360
live,17,15666004957569,15666005079258,15666005153819,15666009997945,5.040376,0.074561,4.844126,15360
live,18,15666014957569,15666015078393,15666015154426,15666019531122,4.573553,0.076033,4.376696,15360
live,19,15666024957569,15666025060473,15666025113434,15666029474961,4.517392,0.052961,4.361527,15360
live,20,15666034957569,15666035070361,15666035148986,15666040594175,5.636606,0.078625,5.445189,15360
live,21,15666044957569,15666045070904,15666045138201,15666049677299,4.71973,0.067297,4.539098,15360
live,22,15666054957569,15666055065560,15666055139161,15666058987914,4.030345,0.073601,3.848753,15360
live,23,15666064957569,15666065067735,15666065123480,15666069415183,4.457614,0.055745,4.291703,15360
live,24,15666074957569,15666075056311,15666075106968,15666079614257,4.656688,0.050657,4.507289,15360
live,25,15666084957569,15666085065527,15666085126871,15666089666801,4.709232,0.061344,4.53993,15360
live,26,15666094957569,15666095072214,15666095138647,15666099933300,4.975731,0.066433,4.794653,15360
live,27,15666104957569,15666105071030,15666105129495,15666109850867,4.893298,0.058465,4.721372,15360
live,28,15666114957569,15666115070902,15666115129942,15666119867539,4.90997,0.05904,4.737597,15360
live,29,15666124957569,15666125070101,15666125142518,15666130173974,5.216405,0.072417,5.031456,15360
live,30,15666134957569,15666135068405,15666135130134,15666139990196,5.032627,0.061729,4.860062,15360
live,31,15666144957569,15666145069204,15666145140917,15666149894130,4.936561,0.071713,4.753213,15360
live,32,15666154957569,15666155069620,15666155139669,15666159905522,4.947953,0.070049,4.765853,15360
live,33,15666164957569,15666165068532,15666165136277,15666169858257,4.900688,0.067745,4.72198,15360
live,34,15666174957569,15666175078867,15666175144852,15666179693998,4.736429,0.065985,4.549146,15360
live,35,15666184957569,15666185068627,15666185142260,15666189875440,4.917871,0.073633,4.73318,15360
live,36,15666194957569,15666195070355,15666195131667,15666198165818,3.208249,0.061312,3.034151,15360
live,37,15666204957569,15666205073906,15666205157811,15666209930896,4.973327,0.083905,4.773085,15360
live,38,15666214957569,15666215079378,15666215164403,15666219601452,4.643883,0.085025,4.437049,15360
live,39,15666224957569,15666225073457,15666225134610,15666229872431,4.914862,0.061153,4.737821,15360
live,40,15666234957569,15666235071345,15666235139602,15666241077470,6.119901,0.068257,5.937868,15360
live,41,15666244957569,15666245071249,15666245128817,15666249065508,4.107939,0.057568,3.936691,15360
live,42,15666254957569,15666255069232,15666255143057,15666259691051,4.733482,0.073825,4.547994,15360
live,43,15666264957569,15666265071952,15666265143217,15666269854829,4.89726,0.071265,4.711612,15360
live,44,15666274957569,15666275072144,15666275144624,15666279445575,4.488006,0.07248,4.300951,15360
live,45,15666284957569,15666285070191,15666285141648,15666289954797,4.997228,0.071457,4.813149,15360
live,46,15666294957569,15666295057391,15666295109871,15666299794891,4.837322,0.05248,4.68502,15360
live,47,15666304957569,15666305068398,15666305126095,15666309862508,4.904939,0.057697,4.736413,15360
live,48,15666314957569,15666315072910,15666315136463,15666319636104,4.678535,0.063553,4.499641,15360
live,49,15666324957569,15666325071374,15666325135022,15666329852523,4.894954,0.063648,4.717501,15360
live,50,15666334957569,15666335204623,15666335280720,15666339897707,4.940138,0.076097,4.616987,15360
live,51,15666344957569,15666345075021,15666345131278,15666350293776,5.336207,0.056257,5.162498,15360
live,52,15666354957569,15666355067020,15666355129709,15666359875722,4.918153,0.062689,4.746013,15360
live,53,15666364957569,15666365056364,15666365109037,15666369909930,4.952361,0.052673,4.800893,15360
live,54,15666374957569,15666375072748,15666375158445,15666379966890,5.009321,0.085697,4.808445,15360
live,55,15666384957569,15666385072107,15666385143788,15666390492401,5.534832,0.071681,5.348613,15360
live,56,15666394957569,15666395077803,15666395153260,15666400146892,5.189323,0.075457,4.993632,15360
live,57,15666404957569,15666405057034,15666405108779,15666409813991,4.856422,0.051745,4.705212,15360
live,58,15666414957569,15666415069290,15666415134379,15666418376724,3.419155,0.065089,3.242345,15360
live,59,15666424957569,15666425071850,15666425155371,15666429626436,4.668867,0.083521,4.471065,15360
live,60,15666434957569,15666435074666,15666435156715,15666442268261,7.310692,0.082049,7.111546,15360
live,61,15666444957569,15666445074505,15666445146090,15666449876326,4.918757,0.071585,4.730236,15360
live,62,15666454957569,15666455067625,15666455121673,15666459026363,4.068794,0.054048,3.90469,15360
live,63,15666464957569,15666465060072,15666465117865,15666468915833,3.958264,0.057793,3.797968,15360
live,64,15666474957569,15666475066280,15666475135401,15666478892985,3.935416,0.069121,3.757584,15360
live,65,15666484957569,15666485067944,15666485139560,15666489430271,4.472702,0.071616,4.290711,15360
live,66,15666494957569,15666495073159,15666495151240,15666499786947,4.829378,0.078081,4.635707,15360
live,67,15666504957569,15666505071335,15666505136328,15666509083130,4.125561,0.064993,3.946802,15360
live,68,15666514957569,15666515067366,15666515121223,15666519643489,4.68592,0.053857,4.522266,15360
live,69,15666524957569,15666525051302,15666525103590,15666529841827,4.884258,0.052288,4.738237,15360
live,70,15666534957569,15666535070246,15666535130278,15666539457630,4.500061,0.060032,4.327352,15360
live,71,15666544957569,15666545070501,15666545140646,15666549906339,4.94877,0.070145,4.765693,15360
live,72,15666554957569,15666555071237,15666555132710,15666559875778,4.918209,0.061473,4.743068,15360
live,73,15666564957569,15666565070213,15666565133093,15666569508733,4.551164,0.06288,4.37564,15360
live,74,15666574957569,15666575054436,15666575106149,15666579040023,4.082454,0.051713,3.933874,15360
live,75,15666584957569,15666585068804,15666585123236,15666589054295,4.096726,0.054432,3.931059,15360
live,76,15666594957569,15666595103396,15666595189605,15666599870817,4.913248,0.086209,4.681212,15360
live,77,15666604957569,15666605096579,15666605180164,15666609969410,5.011841,0.083585,4.789246,15360
live,78,15666614957569,15666615078691,15666615140676,15666619971201,5.013632,0.061985,4.830525,15360
live,79,15666624957569,15666625070754,15666625129315,15666629784190,4.826621,0.058561,4.654875,15360
live,80,15666634957569,15666635068162,15666635126243,15666640858028,5.900459,0.058081,5.731785,15360
live,81,15666644957569,15666645063553,15666645143810,15666649804286,4.846717,0.080257,4.660476,15360
live,82,15666654957569,15666655072577,15666655135458,15666658920626,3.963057,0.062881,3.785168,15360
live,83,15666664957569,15666665066977,15666665128834,15666669370872,4.413303,0.061857,4.242038,15360
live,84,15666674957569,15666675067584,15666675138049,15666678895729,3.93816,0.070465,3.75768,15360
live,85,15666684957569,15666685065408,15666685114689,15666689354615,4.397046,0.049281,4.239926,15360
live,86,15666694957569,15666695063936,15666695123584,15666699640314,4.682745,0.059648,4.51673,15360
live,87,15666704957569,15666705065855,15666705128768,15666709067538,4.109969,0.062913,3.93877,15360
live,88,15666714957569,15666715067967,15666715143104,15666719660249,4.70268,0.075137,4.517145,15360
live,89,15666724957569,15666725069438,15666725137567,15666729885532,4.927963,0.068129,4.747965,15360
live,90,15666734957569,15666735069342,15666735132255,15666739896956,4.939387,0.062913,4.764701,15360
live,91,15666744957569,15666745068638,15666745141343,15666749906171,4.948602,0.072705,4.764828,15360
live,92,15666754957569,15666755070077,15666755129470,15666759973916,5.016347,0.059393,4.844446,15360
live,93,15666764957569,15666765068029,15666765137342,15666769831898,4.874329,0.069313,4.694556,15360
live,94,15666774957569,15666775070109,15666775140285,15666779912538,4.954969,0.070176,4.772253,15360
live,95,15666784957569,15666785056028,15666785122717,15666789835417,4.877848,0.066689,4.7127,15360
live,96,15666794957569,15666795069532,15666795132925,15666799954650,4.997081,0.063393,4.821725,15360
live,97,15666804957569,15666805071899,15666805134108,15666809925145,4.967576,0.062209,4.791037,15360
live,98,15666814957569,15666815068475,15666815132316,15666819291025,4.333456,0.063841,4.158709,15360
live,99,15666824957569,15666825068827,15666825122491,15666829037261,4.079692,0.053664,3.91477,15360
live,100,15666834957569,15666835060314,15666835114555,15666840505792,5.548223,0.054241,5.391237,15360
live,101,15666844957569,15666845190363,15666845324285,15666849967576,5.010007,0.133922,4.643291,15360
live,102,15666854957569,15666855073242,15666855134106,15666859717781,4.760212,0.060864,4.583675,15360
live,103,15666864957569,15666865075769,15666865157434,15666869423921,4.466352,0.081665,4.266487,15360
live,104,15666874957569,15666875072537,15666875155098,15666880302908,5.345339,0.082561,5.14781,15360
live,105,15666884957569,15666885057368,15666885119769,15666889858006,4.900437,0.062401,4.738237,15360
live,106,15666894957569,15666895069336,15666895141529,15666900552702,5.595133,0.072193,5.411173,15360
live,107,15666904957569,15666905069912,15666905134841,15666909892949,4.93538,0.064929,4.758108,15360
live,108,15666914957569,15666915054359,15666915106168,15666919884501,4.926932,0.051809,4.778333,15360
live,109,15666924957569,15666925070039,15666925129464,15666929432271,4.474702,0.059425,4.302807,15360
live,110,15666934957569,15666935067607,15666935143927,15666939693330,4.735761,0.07632,4.549403,15360
live,111,15666944957569,15666945055510,15666945098455,15666950126583,5.169014,0.042945,5.028128,15360
live,112,15666954957569,15666955068118,15666955146007,15666961615913,6.658344,0.077889,6.469906,15360
live,113,15666964957569,15666965058709,15666965103062,15666970729886,5.772317,0.044353,5.626824,15360
live,114,15666974957569,15666975067029,15666975130454,15666979879730,4.922161,0.063425,4.749276,15360
live,115,15666984957569,15666985072789,15666985148342,15666990193238,5.235669,0.075553,5.044896,15360
live,116,15666994957569,15666995055924,15666995119157,15667000294519,5.33695,0.063233,5.175362,15360
live,117,15667004957569,15667005070548,15667005142005,15667009923474,4.965905,0.071457,4.781469,15360
live,118,15667014957569,15667015071380,15667015133524,15667019860497,4.902928,0.062144,4.726973,15360
live,119,15667024957569,15667025051795,15667025101492,15667029805776,4.848207,0.049697,4.704284,15360
live,120,15667034957569,15667035054419,15667035102643,15667040963870,6.006301,0.048224,5.861227,15360
live,121,15667044957569,15667045067314,15667045136851,15667049290344,4.332775,0.069537,4.153493,15360
live,122,15667054957569,15667055071602,15667055150867,15667059766126,4.808557,0.079265,4.615259,15360
live,123,15667064957569,15667065054513,15667065106162,15667069317384,4.359815,0.051649,4.211222,15360
live,124,15667074957569,15667075069489,15667075124626,15667079365416,4.407847,0.055137,4.24079,15360
live,125,15667084957569,15667085066897,15667085130578,15667089834862,4.877293,0.063681,4.704284,15360
live,126,15667094957569,15667095072784,15667095137265,15667100305619,5.34805,0.064481,5.168354,15360
live,127,15667104957569,15667105074128,15667105145521,15667109999663,5.042094,0.071393,4.854142,15360
live,128,15667114957569,15667115071312,15667115139345,15667119497736,4.540167,0.068033,4.358391,15360
live,129,15667124957569,15667125066543,15667125125200,15667129817580,4.860011,0.058657,4.69238,15360
live,130,15667134957569,15667135053455,15667135104431,15667139822060,4.864491,0.050976,4.717629,15360
live,131,15667144957569,15667145067022,15667145129391,15667149873868,4.916299,0.062369,4.744477,15360
live,132,15667154957569,15667155077774,15667155154191,15667159802283,4.844714,0.076417,4.648092,15360
live,133,15667164957569,15667165070702,15667165137711,15667169852619,4.89505,0.067009,4.714908,15360
live,134,15667174957569,15667175074925,15667175148526,15667179630824,4.673255,0.073601,4.482298,15360
live,135,15667184957569,15667185070541,15667185133006,15667189867722,4.910153,0.062465,4.734716,15360
live,136,15667194957569,15667195069613,15667195131277,15667199938475,4.980906,0.061664,4.807198,15360
live,137,15667204957569,15667205070380,15667205140397,15667209999211,5.041642,0.070017,4.858814,15360
live,138,15667214957569,15667215076972,15667215140301,15667220143245,5.185676,0.063329,5.002944,15360
live,139,15667224957569,15667225069419,15667225139916,15667229941578,4.984009,0.070497,4.801662,15360
live,140,15667234957569,15667235076235,15667235146476,15667241375388,6.417819,0.070241,6.228912,15360
live,141,15667244957569,15667245078123,15667245134732,15667249102878,4.145309,0.056609,3.968146,15360
live,142,15667254957569,15667255065034,15667255122411,15667259626276,4.668707,0.057377,4.503865,15360
live,143,15667264957569,15667265063786,15667265125323,15667269926792,4.969223,0.061537,4.801469,15360
live,144,15667274957569,15667275068522,15667275141546,15667279251583,4.294014,0.073024,4.110037,15360
live,145,15667284957569,15667285053577,15667285112650,15667289774117,4.816548,0.059073,4.661467,15360
live,146,15667294957569,15667295070185,15667295131850,15667299897446,4.939877,0.061665,4.765596,15360
live,147,15667304957569,15667305076233,15667305144265,15667309652067,4.694498,0.068032,4.507802,15360
live,148,15667314957569,15667315065448,15667315122537,15667319698115,4.740546,0.057089,4.575578,15360
live,149,15667324957569,15667325070120,15667325143529,15667329892933,4.935364,0.073409,4.749404,15360
live,150,15667334957569,15667335073255,15667335134056,15667339847748,4.890179,0.060801,4.713692,15360
live,151,15667344957569,15667345068423,15667345135912,15667349861924,4.904355,0.067489,4.726012,15360
live,152,15667354957569,15667355287305,15667355361578,15667360424459,5.46689,0.074273,5.062881,15360
live,153,15667364957569,15667365099943,15667365181160,15667370168903,5.211334,0.081217,4.987743,15360
live,154,15667374957569,15667375078118,15667375141447,15667379914980,4.957411,0.063329,4.773533,15360
live,155,15667384957569,15667385068869,15667385138342,15667389827746,4.870177,0.069473,4.689404,15360
live,156,15667394957569,15667395074213,15667395157190,15667399956099,4.99853,0.082977,4.798909,15360
live,157,15667404957569,15667405075077,15667405149350,15667410953904,5.996335,0.074273,5.804554,15360
live,158,15667414957569,15667415075780,15667415152357,15667419964579,5.00701,0.076577,4.812222,15360
live,159,15667424957569,15667425083524,15667425159077,15667429817536,4.859967,0.075553,4.658459,15360
live,160,15667434957569,15667435083876,15667435160549,15667441855482,6.897913,0.076673,6.694933,15360
live,161,15667444957569,15667445075939,15667445156996,15667449803615,4.846046,0.081057,4.646619,15360
live,162,15667454957569,15667455073155,15667455148260,15667460616937,5.659368,0.075105,5.468677,15360
live,163,15667464957569,15667465097827,15667465182180,15667469946465,4.988896,0.084353,4.764285,15360
live,164,15667474957569,15667475082306,15667475165539,15667479711037,4.753468,0.083233,4.545498,15360
live,165,15667484957569,15667485058977,15667485119842,15667489237687,4.280118,0.060865,4.117845,15360
live,166,15667494957569,15667495073729,15667495148738,15667499863486,4.905917,0.075009,4.714748,15360
live,167,15667504957569,15667505071617,15667505141538,15667509985152,5.027583,0.069921,4.843614,15360
live,168,15667514957569,15667515092641,15667515176866,15667520067392,5.109823,0.084225,4.890526,15360
live,169,15667524957569,15667525084960,15667525161377,15667528668686,3.711117,0.076417,3.507309,15360
live,170,15667534957569,15667535079904,15667535144449,15667539942078,4.984509,0.064545,4.797629,15360
live,171,15667544957569,15667545078399,15667545156992,15667550213153,5.255584,0.078593,5.056161,15360
live,172,15667554957569,15667555059711,15667555123008,15667559797531,4.839962,0.063297,4.674523,15360
live,173,15667564957569,15667565092735,15667565171616,15667569961789,5.00422,0.078881,4.790173,15360
live,174,15667574957569,15667575084030,15667575160031,15667579909916,4.952347,0.076001,4.749885,15360
live,175,15667584957569,15667585078622,15667585144063,15667589945596,4.988027,0.065441,4.801533,15360
live,176,15667594957569,15667595074173,15667595150206,15667599867035,4.909466,0.076033,4.716829,15360
live,177,15667604957569,15667605056445,15667605118238,15667609869690,4.912121,0.061793,4.751452,15360
live,178,15667614957569,15667615099005,15667615187710,15667620289023,5.331454,0.088705,5.101313,15360
live,179,15667624957569,15667625084604,15667625161309,15667629885402,4.927833,0.076705,4.724093,15360
live,180,15667634957569,15667635078300,15667635152381,15667640978919,6.02135,0.074081,5.826538,15360
live,181,15667644957569,15667645072411,15667645131228,15667649038798,4.081229,0.058817,3.90757,15360
live,182,15667654957569,15667655066971,15667655125980,15667659636533,4.678964,0.059009,4.510553,15360
live,183,15667664957569,15667665092251,15667665182492,15667669910776,4.953207,0.090241,4.728284,15360
live,184,15667674957569,15667675081338,15667675159963,15667679443858,4.486289,0.078625,4.283895,15360
live,185,15667684957569,15667685080506,15667685151163,15667689809398,4.851829,0.070657,4.658235,15360
live,186,15667694957569,15667695059129,15667695120474,15667699800022,4.842453,0.061345,4.679548,15360
live,187,15667704957569,15667705073657,15667705137658,15667709827798,4.870229,0.064001,4.69014,15360
live,188,15667714957569,15667715105017,15667715191226,15667720212794,5.255225,0.086209,5.021568,15360
live,189,15667724957569,15667725080313,15667725155833,15667729906870,4.949301,0.07552,4.751037,15360
live,190,15667734957569,15667735083352,15667735169849,15667740037175,5.079606,0.086497,4.867326,15360
live,191,15667744957569,15667745077464,15667745157145,15667749957302,4.999733,0.079681,4.800157,15360
live,192,15667754957569,15667755076055,15667755150040,15667759925077,4.967508,0.073985,4.775037,15360
live,193,15667764957569,15667765107863,15667765193208,15667770442235,5.484666,0.085345,5.249027,15360
live,194,15667774957569,15667775066550,15667775135159,15667779400334,4.442765,0.068609,4.265175,15360
live,195,15667784957569,15667785076310,15667785157143,15667789923188,4.965619,0.080833,4.766045,15360
live,196,15667794957569,15667795077142,15667795152567,15667799873267,4.915698,0.075425,4.7207,15360
live,197,15667804957569,15667805074197,15667805147094,15667809868019,4.91045,0.072897,4.720925,15360
live,198,15667814957569,15667815098229,15667815181302,15667819973844,5.016275,0.083073,4.792542,15360
live,199,15667824957569,15667825085621,15667825162550,15667829892402,4.934833,0.076929,4.729852,15360
live,200,15667834957569,15667835081364,15667835161461,15667841403333,6.445764,0.080097,6.241872,15360
live,201,15667844957569,15667845078804,15667845161941,15667849807184,4.849615,0.083137,4.645243,15360
live,202,15667854957569,15667855077876,15667855156629,15667859032198,4.074629,0.078753,3.875569,15360
live,203,15667864957569,15667865320534,15667865411927,15667870032370,5.074801,0.091393,4.620443,15360
live,204,15667874957569,15667875096435,15667875176212,15667879965873,5.008304,0.079777,4.789661,15360
live,205,15667884957569,15667885078258,15667885152883,15667889825103,4.867534,0.074625,4.67222,15360
live,206,15667894957569,15667895077618,15667895161907,15667899956656,4.999087,0.084289,4.794749,15360
live,207,15667904957569,15667905075314,15667905157363,15667909711213,4.753644,0.082049,4.55385,15360
live,208,15667914957569,15667915075921,15667915137330,15667920354485,5.396916,0.061409,5.217155,15360
live,209,15667924957569,15667925069009,15667925135314,15667929891918,4.934349,0.066305,4.756604,15360
live,210,15667934957569,15667935067184,15667935128273,15667939734668,4.777099,0.061089,4.606395,15360
live,211,15667944957569,15667945069104,15667945141713,15667949853613,4.896044,0.072609,4.7119,15360
live,212,15667954957569,15667955072848,15667955157201,15667959965838,5.008269,0.084353,4.808637,15360
live,213,15667964957569,15667965072431,15667965136080,15667970390707,5.433138,0.063649,5.254627,15360
live,214,15667974957569,15667975109487,15667975201489,15667979969005,5.011436,0.092002,4.767516,15360
live,215,15667984957569,15667985119375,15667985212432,15667990416403,5.458834,0.093057,5.203971,15360
live,216,15667994957569,15667995117295,15667995212816,15668000557908,5.600339,0.095521,5.345092,15360
live,217,15668004957569,15668005087214,15668005164783,15668009877195,4.919626,0.077569,4.712412,15360
live,218,15668014957569,15668015057965,15668015113358,15668020895320,5.937751,0.055393,5.781962,15360
live,219,15668024957569,15668025074413,15668025141742,15668029963787,5.006218,0.067329,4.822045,15360
live,220,15668034957569,15668035071341,15668035132909,15668040955896,5.998327,0.061568,5.822987,15360
live,221,15668044957569,15668045068780,15668045128909,15668049027103,4.069534,0.060129,3.898194,15360
live,222,15668054957569,15668055068556,15668055147629,15668059030462,4.072893,0.079073,3.882833,15360
live,223,15668064957569,15668065070923,15668065146604,15668069677414,4.719845,0.075681,4.53081,15360
live,224,15668074957569,15668075072459,15668075149228,15668079249952,4.292383,0.076769,4.100724,15360
live,225,15668084957569,15668085068107,15668085120651,15668088988189,4.03062,0.052544,3.867538,15360
live,226,15668094957569,15668095064522,15668095124747,15668099254080,4.296511,0.060225,4.129333,15360
live,227,15668104957569,15668105070410,15668105149099,15668110175435,5.217866,0.078689,5.026336,15360
live,228,15668114957569,15668115110410,15668115195051,15668119961704,5.004135,0.084641,4.766653,15360
live,229,15668124957569,15668125102601,15668125185387,15668130333420,5.375851,0.082786,5.148033,15360
live,230,15668134957569,15668135060937,15668135115913,15668139807109,4.84954,0.054976,4.691196,15360
live,231,15668144957569,15668145067528,15668145129161,15668149798725,4.841156,0.061633,4.669564,15360
live,232,15668154957569,15668155068072,15668155129897,15668159854757,4.897188,0.061825,4.72486,15360
live,233,15668164957569,15668165053511,15668165106248,15668169865573,4.908004,0.052737,4.759325,15360
live,234,15668174957569,15668175069831,15668175133640,15668179928869,4.9713,0.063809,4.795229,15360
live,235,15668184957569,15668185054759,15668185109319,15668189890148,4.932579,0.05456,4.780829,15360
live,236,15668194957569,15668195127815,15668195227816,15668200029446,5.071877,0.100001,4.80163,15360
live,237,15668204957569,15668205114247,15668205205256,15668209663809,4.70624,0.091009,4.458553,15360
live,238,15668214957569,15668215096774,15668215172711,15668219861091,4.903522,0.075937,4.68838,15360
live,239,15668224957569,15668225095014,15668225180711,15668230032293,5.074724,0.085697,4.851582,15360
live,240,15668234957569,15668235103077,15668235196294,15668241335349,6.37778,0.093217,6.139055,15360
live,241,15668244957569,15668245083685,15668245149765,15668249301530,4.343961,0.06608,4.151765,15360
live,242,15668254957569,15668255079204,15668255141125,15668259062647,4.105078,0.061921,3.921522,15360
live,243,15668264957569,15668265077092,15668265138533,15668269084151,4.126582,0.061441,3.945618,15360
live,244,15668274957569,15668275077635,15668275188357,15668279268313,4.310744,0.110722,4.079956,15360
live,245,15668284957569,15668285083779,15668285187460,15668289821151,4.863582,0.103681,4.633691,15360
live,246,15668294957569,15668295086691,15668295196100,15668299972289,5.01472,0.109409,4.776189,15360
live,247,15668304957569,15668305089378,15668305164963,15668309879903,4.922334,0.075585,4.71494,15360
live,248,15668314957569,15668315073378,15668315133987,15668319907583,4.950014,0.060609,4.773596,15360
live,249,15668324957569,15668325078433,15668325145122,15668329408025,4.450456,0.066689,4.262903,15360
live,250,15668334957569,15668335079233,15668335154338,15668339679196,4.721627,0.075105,4.524858,15360
live,251,15668344957569,15668345077057,15668345157538,15668349852446,4.894877,0.080481,4.694908,15360
live,252,15668354957569,15668355083840,15668355197954,15668360064416,5.106847,0.114114,4.866462,15360
live,253,15668364957569,15668365075008,15668365153217,15668369856029,4.89846,0.078209,4.702812,15360
live,254,15668374957569,15668375079840,15668375145856,15668379930845,4.973276,0.066016,4.784989,15360
live,255,15668384957569,15668385078847,15668385153056,15668389878428,4.920859,0.074209,4.725372,15360
live,256,15668394957569,15668395085631,15668395203616,15668399543256,4.585687,0.117985,4.33964,15360
live,257,15668404957569,15668405078270,15668405153887,15668409865467,4.907898,0.075617,4.71158,15360
live,258,15668414957569,15668415090462,15668415164159,15668419580279,4.62271,0.073697,4.41612,15360
live,259,15668424957569,15668425267776,15668425336193,15668430171679,5.21411,0.068417,4.835486,15360
live,260,15668434957569,15668435218591,15668435318016,15668442197976,7.240407,0.099425,6.87996,15360
live,261,15668444957569,15668445078237,15668445153118,15668449943643,4.986074,0.074881,4.790525,15360
live,262,15668454957569,15668455083836,15668455168766,15668459741144,4.783575,0.08493,4.572378,15360
live,263,15668464957569,15668465062236,15668465125949,15668469693239,4.73567,0.063713,4.56729,15360
live,264,15668474957569,15668475080284,15668475138460,15668481791601,6.834032,0.058176,6.653141,15360
live,265,15668484957569,15668485075323,15668485324638,15668490808868,5.851299,0.249315,5.48423,15360
live,266,15668494957569,15668495060891,15668495292510,15668499939353,4.981784,0.231619,4.646843,15360
live,267,15668504957569,15668505076282,15668505335710,15668510270589,5.31302,0.259428,4.934879,15360
live,268,15668514957569,15668515059642,15668515294845,15668519919672,4.962103,0.235203,4.624827,15360
live,269,15668524957569,15668525065978,15668525313085,15668530237980,5.280411,0.247107,4.924895,15360
live,270,15668534957569,15668535068537,15668535315292,15668539469777,4.512208,0.246755,4.154485,15360
live,271,15668544957569,15668545065145,15668545138458,15668549062540,4.104971,0.073313,3.924082,15360
live,272,15668554957569,15668555073689,15668555154010,15668559712148,4.754579,0.080321,4.558138,15360
live,273,15668564957569,15668565071544,15668565145305,15668569650291,4.692722,0.073761,4.504986,15360
live,274,15668574957569,15668575073016,15668575148857,15668579886037,4.928468,0.075841,4.73718,15360
live,275,15668584957569,15668585073047,15668585146744,15668590019478,5.061909,0.073697,4.872734,15360
live,276,15668594957569,15668595074391,15668595150840,15668599996854,5.039285,0.076449,4.846014,15360
live,277,15668604957569,15668605072087,15668605142711,15668609815635,4.858066,0.070624,4.672924,15360
live,278,15668614957569,15668615074678,15668615147255,15668619954676,4.997107,0.072577,4.807421,15360
live,279,15668624957569,15668625072790,15668625142263,15668629854547,4.896978,0.069473,4.712284,15360
live,280,15668634957569,15668635074389,15668635145878,15668640553051,5.595482,0.071489,5.407173,15360
live,281,15668644957569,15668645069365,15668645136982,15668648920326,3.962757,0.067617,3.783344,15360
live,282,15668654957569,15668655067925,15668655138613,15668659060776,4.103207,0.070688,3.922163,15360
live,283,15668664957569,15668665068852,15668665143125,15668668885189,3.92762,0.074273,3.742064,15360
live,284,15668674957569,15668675070036,15668675140277,15668678834628,3.877059,0.070241,3.694351,15360
live,285,15668684957569,15668685069203,15668685144180,15668690111156,5.153587,0.074977,4.966976,15360
live,286,15668694957569,15668695074195,15668695153300,15668700688251,5.730682,0.079105,5.534951,15360
live,287,15668704957569,15668705073651,15668705153236,15668709485899,4.52833,0.079585,4.332663,15360
live,288,15668714957569,15668715068594,15668715133075,15668719058981,4.101412,0.064481,3.925906,15360
live,289,15668724957569,15668725070098,15668725136275,15668729056325,4.098756,0.066177,3.92005,15360
live,290,15668734957569,15668735073522,15668735156115,15668739375816,4.418247,0.082593,4.219701,15360
live,291,15668744957569,15668745074577,15668745151666,15668749693452,4.735883,0.077089,4.541786,15360
live,292,15668754957569,15668755072721,15668755150386,15668759660267,4.702698,0.077665,4.509881,15360
live,293,15668764957569,15668765054896,15668765120337,15668769863630,4.906061,0.065441,4.743293,15360
live,294,15668774957569,15668775069904,15668775131313,15668779462664,4.505095,0.061409,4.331351,15360
live,295,15668784957569,15668785072080,15668785149745,15668789885677,4.928108,0.077665,4.735932,15360
live,296,15668794957569,15668795071983,15668795131440,15668799800300,4.842731,0.059457,4.66886,15360
live,297,15668804957569,15668805056239,15668805123664,15668809960717,5.003148,0.067425,4.837053,15360
live,298,15668814957569,15668815075951,15668815134543,15668819873772,4.916203,0.058592,4.739229,15360
live,299,15668824957569,15668825073582,15668825132335,15668829848587,4.891018,0.058753,4.716252,15360
live,300,15668834957569,15668835076142,15668835153103,15668841516704,6.559135,0.076961,6.363601,15360
live,301,15668844957569,15668845069421,15668845134894,15668849687976,4.730407,0.065473,4.553082,15360
live,302,15668854957569,15668855072589,15668855140814,15668859857258,4.899689,0.068225,4.716444,15360
live,303,15668864957569,15668865071629,15668865156238,15668869967531,5.009962,0.084609,4.811293,15360
live,304,15668874957569,15668875109645,15668875193422,15668879499365,4.541796,0.083777,4.305943,15360
live,305,15668884957569,15668885100332,15668885177133,15668889995627,5.038058,0.076801,4.818494,15360
live,306,15668894957569,15668895082476,15668895156204,15668900403439,5.44587,0.073728,5.247235,15360
live,307,15668904957569,15668905075627,15668905148780,15668910645554,5.687985,0.073153,5.496774,15360
live,308,15668914957569,15668915073355,15668915150860,15668919795527,4.837958,0.077505,4.644667,15360
live,309,15668924957569,15668925056586,15668925118827,15668929909480,4.951911,0.062241,4.790653,15360
live,310,15668934957569,15668935262732,15668935392686,15668939705637,4.748068,0.129954,4.312951,15360
live,311,15668944957569,15668945078410,15668945155691,15668949790598,4.833029,0.077281,4.634907,15360
live,312,15668954957569,15668955074345,15668955143114,15668960332268,5.374699,0.068769,5.189154,15360
live,313,15668964957569,15668965070089,15668965146058,15668969897094,4.939525,0.075969,4.751036,15360
live,314,15668974957569,15668975076232,15668975145801,15668979691811,4.734242,0.069569,4.54601,15360
live,315,15668984957569,15668985069288,15668985131529,15668990753840,5.796271,0.062241,5.622311,15360
live,316,15668994957569,15668995076360,15668995155433,15668999717731,4.760162,0.079073,4.562298,15360
live,317,15669004957569,15669005072839,15669005133832,15669009867524,4.909955,0.060993,4.733692,15360
live,318,15669014957569,15669015072711,15669015153768,15669019904836,4.947267,0.081057,4.751068,15360
live,319,15669024957569,15669025056742,15669025116295,15669029833315,4.875746,0.059553,4.71702,15360
live,320,15669034957569,15669035075078,15669035156743,15669042375427,7.417858,0.081665,7.218684,15360
live,321,15669044957569,15669045074118,15669045148423,15669049349980,4.392411,0.074305,4.201557,15360
live,322,15669054957569,15669055071237,15669055146918,15669059067256,4.109687,0.075681,3.920338,15360
live,323,15669064957569,15669065072901,15669065150406,15669069697600,4.740031,0.077505,4.547194,15360
live,324,15669074957569,15669075073604,15669075148261,15669079776992,4.819423,0.074657,4.628731,15360
live,325,15669084957569,15669085056516,15669085126277,15669090163173,5.205604,0.069761,5.036896,15360
live,326,15669094957569,15669095115684,15669095219590,15669099900801,4.943232,0.103906,4.681211,15360
live,327,15669104957569,15669105090563,15669105173413,15669109735871,4.778302,0.08285,4.562458,15360
live,328,15669114957569,15669115082659,15669115159300,15669119771455,4.813886,0.076641,4.612155,15360
live,329,15669124957569,15669125076419,15669125147971,15669129340505,4.382936,0.071552,4.192534,15360
live,330,15669134957569,15669135077410,15669135157603,15669139925888,4.968319,0.080193,4.768285,15360
live,331,15669144957569,15669145072674,15669145150851,15669149988128,5.030559,0.078177,4.837277,15360
live,332,15669154957569,15669155077505,15669155142306,15669159665564,4.707995,0.064801,4.523258,15360
live,333,15669164957569,15669165070017,15669165132834,15669169882878,4.925309,0.062817,4.750044,15360
live,334,15669174957569,15669175075489,15669175151746,15669180212130,5.254561,0.076257,5.060384,15360
live,335,15669184957569,15669185071008,15669185132001,15669189898494,4.940925,0.060993,4.766493,15360
live,336,15669194957569,15669195071872,15669195157665,15669199551065,4.593496,0.085793,4.3934,15360
live,337,15669204957569,15669205070783,15669205132736,15669209870141,4.912572,0.061953,4.737405,15360
live,338,15669214957569,15669215074399,15669215147872,15669219643129,4.68556,0.073473,4.495257,15360
live,339,15669224957569,15669225070559,15669225145024,15669229867100,4.909531,0.074465,4.722076,15360
live,340,15669234957569,15669235074302,15669235157311,15669241096299,6.13873,0.083009,5.938988,15360
live,341,15669244957569,15669245076830,15669245154687,15669249780538,4.822969,0.077857,4.625851,15360
live,342,15669254957569,15669255073085,15669255130014,15669259829594,4.872025,0.056929,4.69958,15360
live,343,15669264957569,15669265065981,15669265134014,15669269422869,4.4653,0.068033,4.288855,15360
live,344,15669274957569,15669275072061,15669275135933,15669279641399,4.68383,0.063872,4.505466,15360
live,345,15669284957569,15669285070364,15669285133501,15669289290162,4.332593,0.063137,4.156661,15360
live,346,15669294957569,15669295078012,15669295155581,15669299776184,4.818615,0.077569,4.620603,15360
live,347,15669304957569,15669305055547,15669305103388,15669308228452,3.270883,0.047841,3.125064,15360
live,348,15669314957569,15669315105308,15669315209277,15669319721302,4.763733,0.103969,4.512025,15360
live,349,15669324957569,15669325087611,15669325165596,15669329576628,4.619059,0.077985,4.411032,15360
live,350,15669334957569,15669335078906,15669335156347,15669340064794,5.107225,0.077441,4.908447,15360
live,351,15669344957569,15669345076122,15669345155931,15669351409995,6.452426,0.079809,6.254064,15360
live,352,15669354957569,15669355085274,15669355150619,15669359479474,4.521905,0.065345,4.328855,15360
live,353,15669364957569,15669365077913,15669365162746,15669370741762,5.784193,0.084833,5.579016,15360
live,354,15669374957569,15669375111929,15669375219675,15669380890435,5.932866,0.107746,5.67076,15360
live,355,15669384957569,15669385085817,15669385149273,15669389467504,4.509935,0.063456,4.318231,15360
live,356,15669394957569,15669395078360,15669395159353,15669399699731,4.742162,0.080993,4.540378,15360
live,357,15669404957569,15669405097240,15669405160185,15669410173721,5.216152,0.062945,5.013536,15360
live,358,15669414957569,15669415058839,15669415109368,15669419586417,4.628848,0.050529,4.477049,15360
live,359,15669424957569,15669425100151,15669425193720,15669430413851,5.456282,0.093569,5.220131,15360
live,360,15669434957569,15669435094775,15669435168472,15669443208126,8.250557,0.073697,8.039654,15360
live,361,15669444957569,15669445145303,15669445208376,15669449847187,4.889618,0.063073,4.638811,15360
live,362,15669454957569,15669455110518,15669455215607,15669461025058,6.067489,0.105089,5.809451,15360
live,363,15669464957569,15669465092854,15669465170711,15669469044840,4.087271,0.077857,3.874129,15360
live,364,15669474957569,15669475066549,15669475132118,15669480012212,5.054643,0.065569,4.880094,15360
live,365,15669484957569,15669485081333,15669485145461,15669490058484,5.100915,0.064128,4.913023,15360
live,366,15669494957569,15669495071828,15669495147157,15669501126241,6.168672,0.075329,5.979084,15360
live,367,15669504957569,15669505093588,15669505181365,15669509499436,4.541867,0.087777,4.318071,15360
live,368,15669514957569,15669515065363,15669515130772,15669518936229,3.97866,0.065409,3.805457,15360
live,369,15669524957569,15669525100883,15669525206293,15669531179777,6.222208,0.10541,5.973484,15360
live,370,15669534957569,15669535112051,15669535199092,15669540402967,5.445398,0.087041,5.203875,15360
live,371,15669544957569,15669545097778,15669545177428,15669549930736,4.973167,0.07965,4.753308,15360
live,372,15669554957569,15669555107698,15669555196851,15669559073445,4.115876,0.089153,3.876594,15360
live,373,15669564957569,15669565123634,15669565226355,15669570296212,5.338643,0.102721,5.069857,15360
live,374,15669574957569,15669575103985,15669575188946,15669581066717,6.109148,0.084961,5.877771,15360
live,375,15669584957569,15669585073425,15669585149842,15669588986051,4.028482,0.076417,3.836209,15360
live,376,15669594957569,15669595104849,15669595200274,15669600777625,5.820056,0.095425,5.577351,15360
live,377,15669604957569,15669605091568,15669605161329,15669609503208,4.545639,0.069761,4.341879,15360
live,378,15669614957569,15669615077072,15669615145904,15669619062402,4.104833,0.068832,3.916498,15360
live,379,15669624957569,15669625093007,15669625155696,15669629455783,4.498214,0.062689,4.300087,15360
live,380,15669634957569,15669635089807,15669635139760,15669640475668,5.518099,0.049953,5.335908,15360
live,381,15669644957569,15669645126063,15669645223344,15669651141756,6.184187,0.097281,5.918412,15360
live,382,15669654957569,15669655101230,15669655195119,15669660269328,5.311759,0.093889,5.074209,15360
live,383,15669664957569,15669665070733,15669665130254,15669669630088,4.672519,0.059521,4.499834,15360
live,384,15669674957569,15669675072365,15669675138990,15669679584807,4.627238,0.066625,4.445817,15360
live,385,15669684957569,15669685092429,15669685169934,15669690705077,5.747508,0.077505,5.535143,15360
live,386,15669694957569,15669695069132,15669695130029,15669699492325,4.534756,0.060897,4.362296,15360
live,387,15669704957569,15669705101804,15669705200526,15669710819669,5.8621,0.098722,5.619143,15360
live,388,15669714957569,15669715093228,15669715153421,15669719474628,4.517059,0.060193,4.321207,15360
live,389,15669724957569,15669725068811,15669725136428,15669728980605,4.023036,0.067617,3.844177,15360
live,390,15669734957569,15669735099403,15669735186028,15669740311342,5.353773,0.086625,5.125314,15360
live,391,15669744957569,15669745083435,15669745144619,15669749413378,4.455809,0.061184,4.268759,15360
live,392,15669754957569,15669755071082,15669755144299,15669759094493,4.136924,0.073217,3.950194,15360
live,393,15669764957569,15669765085482,15669765153675,15669769447073,4.489504,0.068193,4.293398,15360
live,394,15669774957569,15669775055113,15669775111050,15669778879930,3.922361,0.055937,3.76888,15360
live,395,15669784957569,15669785070697,15669785141258,15669790754513,5.796944,0.070561,5.613255,15360
live,396,15669794957569,15669795083945,15669795157066,15669800187914,5.230345,0.073121,5.030848,15360
live,397,15669804957569,15669805105192,15669805185097,15669809242557,4.284988,0.079905,4.05746,15360
live,398,15669814957569,15669815081000,15669815141513,15669820730032,5.772463,0.060513,5.588519,15360
live,399,15669824957569,15669825115624,15669825226857,15669830498605,5.541036,0.111233,5.271748,15360
live,400,15669834957569,15669835118407,15669835204521,15669844264988,9.307419,0.086114,9.060467,15360
live,401,15669844957569,15669845069798,15669845119527,15669849499807,4.542238,0.049729,4.38028,15360
live,402,15669854957569,15669855067238,15669855135367,15669860667534,5.709965,0.068129,5.532167,15360
live,403,15669864957569,15669865097542,15669865153319,15669869490558,4.532989,0.055777,4.337239,15360
live,404,15669874957569,15669875070789,15669875145862,15669879071384,4.113815,0.075073,3.925522,15360
live,405,15669884957569,15669885099909,15669885183206,15669890804910,5.847341,0.083297,5.621704,15360
live,406,15669894957569,15669895089669,15669895151686,15669899434684,4.477115,0.062017,4.282998,15360
live,407,15669904957569,15669905070436,15669905141189,15669909176825,4.219256,0.070753,4.035636,15360
live,408,15669914957569,15669915105028,15669915188709,15669920748620,5.791051,0.083681,5.559911,15360
live,409,15669924957569,15669925086436,15669925151268,15669929130071,4.172502,0.064832,3.978803,15360
live,410,15669934957569,15669935073699,15669935143588,15669940612234,5.654665,0.069889,5.468646,15360
live,411,15669944957569,15669945097891,15669945184228,15669950774027,5.816458,0.086337,5.589799,15360
live,412,15669954957569,15669955221284,15669955290053,15669959613916,4.656347,0.068769,4.323863,15360
live,413,15669964957569,15669965069506,15669965131523,15669969204727,4.247158,0.062017,4.073204,15360
live,414,15669974957569,15669975101026,15669975185795,15669980287012,5.329443,0.084769,5.101217,15360
live,415,15669984957569,15669985107521,15669985197859,15669990761514,5.803945,0.090338,5.563655,15360
live,416,15669994957569,15669995085985,15669995150338,15669999426648,4.469079,0.064353,4.27631,15360
live,417,15670004957569,15670005069568,15670005137345,15670009993503,5.035934,0.067777,4.856158,15360
live,418,15670014957569,15670015126465,15670015215810,15670020855914,5.898345,0.089345,5.640104,15360
live,419,15670024957569,15670025103264,15670025180257,15670030739368,5.781799,0.076993,5.559111,15360
live,420,15670034957569,15670035094111,15670035166464,15670044033777,9.076208,0.072353,8.867313,15360
live,421,15670044957569,15670045059103,15670045103583,15670048919024,3.961455,0.04448,3.815441,15360
live,422,15670054957569,15670055072286,15670055129855,15670059912188,4.954619,0.057569,4.782333,15360
live,423,15670064957569,15670065093822,15670065174911,15670069498486,4.540917,0.081089,4.323575,15360
live,424,15670074957569,15670075060669,15670075106430,15670079557367,4.599798,0.045761,4.450937,15360
live,425,15670084957569,15670085098493,15670085190591,15670090798342,5.840773,0.092098,5.607751,15360
live,426,15670094957569,15670095090173,15670095165470,15670100152126,5.194557,0.075297,4.986656,15360
live,427,15670104957569,15670105078076,15670105148189,15670109877146,4.919577,0.070113,4.728957,15360
live,428,15670114957569,15670115105116,15670115194430,15670120789957,5.832388,0.089314,5.595527,15360
live,429,15670124957569,15670125088220,15670125145437,15670129464404,4.506835,0.057217,4.318967,15360
live,430,15670134957569,15670135069691,15670135135388,15670138981037,4.023468,0.065697,3.845649,15360
live,431,15670144957569,15670145100987,15670145183484,15670149554772,4.597203,0.082497,4.371288,15360
live,432,15670154957569,15670155086139,15670155151867,15670158978636,4.021067,0.065728,3.826769,15360
live,433,15670164957569,15670165100634,15670165191388,15670170765987,5.808418,0.090754,5.574599,15360
live,434,15670174957569,15670175098330,15670175163163,15670179440401,4.482832,0.064833,4.277238,15360
live,435,15670184957569,15670185064633,15670185130010,15670189212046,4.254477,0.065377,4.082036,15360
live,436,15670194957569,15670195098041,15670195179770,15670200385981,5.428412,0.081729,5.206211,15360
live,437,15670204957569,15670205095897,15670205163674,15670210080344,5.122775,0.067777,4.91667,15360
live,438,15670214957569,15670215079352,15670215152345,15670219351311,4.393742,0.072993,4.198966,15360
live,439,15670224957569,15670225097816,15670225162137,15670229449488,4.491919,0.064321,4.287351,15360
live,440,15670234957569,15670235090679,15670235156792,15670241136869,6.1793,0.066113,5.980077,15360
live,441,15670244957569,15670245071127,15670245142040,15670250121175,5.163606,0.070913,4.979135,15360
live,442,15670254957569,15670255092023,15670255150103,15670259483407,4.525838,0.05808,4.333304,15360
live,443,15670264957569,15670265070102,15670265145175,15670269227435,4.269866,0.075073,4.08226,15360
live,444,15670274957569,15670275107958,15670275194359,15670280344505,5.386936,0.086401,5.150146,15360
live,445,15670284957569,15670285088758,15670285165686,15670290095029,5.13746,0.076928,4.929343,15360
live,446,15670294957569,15670295070293,15670295135606,15670298957734,4.000165,0.065313,3.822128,15360
live,447,15670304957569,15670305117781,15670305228343,15670310890943,5.933374,0.110562,5.6626,15360
live,448,15670314957569,15670315109397,15670315196278,15670320736060,5.778491,0.086881,5.539782,15360
live,449,15670324957569,15670325073204,15670325135285,15670329017446,4.059877,0.062081,3.882161,15360
live,450,15670334957569,15670335094260,15670335173301,15670340773948,5.816379,0.079041,5.600647,15360
live,451,15670344957569,15670345100275,15670345181108,15670350213429,5.25586,0.080833,5.032321,15360
live,452,15670354957569,15670355085907,15670355161908,15670359145095,4.187526,0.076001,3.983187,15360
live,453,15670364957569,15670365101363,15670365193076,15670370322645,5.365076,0.091713,5.129569,15360
live,454,15670374957569,15670375091186,15670375160499,15670379420585,4.463016,0.069313,4.260086,15360
live,455,15670384957569,15670385075089,15670385152338,15670389110501,4.152932,0.077249,3.958163,15360
live,456,15670394957569,15670395152626,15670395254003,15670400905787,5.948218,0.101377,5.651784,15360
live,457,15670404957569,15670405119569,15670405183090,15670409524649,4.56708,0.063521,4.341559,15360
live,458,15670414957569,15670415078416,15670415153457,15670419077251,4.119682,0.075041,3.923794,15360
live,459,15670424957569,15670425090960,15670425168433,15670430209969,5.2524,0.077473,5.041536,15360
live,460,15670434957569,15670435091184,15670435163281,15670440418996,5.461427,0.072097,5.255715,15360
live,461,15670444957569,15670445067599,15670445134000,15670450650390,5.692821,0.066401,5.51639,15360
live,462,15670454957569,15670455088623,15670455157328,15670459434758,4.477189,0.068705,4.27743,15360
live,463,15670464957569,15670465070702,15670465137999,15670469579432,4.621863,0.067297,4.441433,15360
live,464,15670474957569,15670475104974,15670475191279,15670480808247,5.850678,0.086305,5.616968,15360
live,465,15670484957569,15670485097678,15670485170415,15670490219919,5.26235,0.072737,5.049504,15360
live,466,15670494957569,15670495067533,15670495138446,15670498959391,4.001822,0.070913,3.820945,15360
live,467,15670504957569,15670505090413,15670505151950,15670510142957,5.185388,0.061537,4.991007,15360
live,468,15670514957569,15670515073292,15670515204718,15670520447505,5.489936,0.131426,5.242787,15360
live,469,15670524957569,15670525106668,15670525208974,15670530345583,5.388014,0.102306,5.136609,15360
live,470,15670534957569,15670535095628,15670535176013,15670540128844,5.171275,0.080385,4.952831,15360
live,471,15670544957569,15670545072171,15670545142156,15670549103359,4.14579,0.069985,3.961203,15360
live,472,15670554957569,15670555103499,15670555200556,15670560879797,5.922228,0.097057,5.679241,15360
live,473,15670564957569,15670565094507,15670565176044,15670569791271,4.833702,0.081537,4.615227,15360
live,474,15670574957569,15670575106378,15670575181867,15670579734277,4.776708,0.075489,4.55241,15360
live,475,15670584957569,15670585075434,15670585137898,15670590600912,5.643343,0.062464,5.463014,15360
live,476,15670594957569,15670595134826,15670595239179,15670600786866,5.829297,0.104353,5.547687,15360
live,477,15670604957569,15670605088969,15670605167338,15670609304415,4.346846,0.078369,4.137077,15360
live,478,15670614957569,15670615121481,15670615236586,15670622766539,7.80897,0.115105,7.529953,15360
live,479,15670624957569,15670625120489,15670625207338,15670630255210,5.297641,0.086849,5.047872,15360
live,480,15670634957569,15670635095880,15670635179945,15670642153090,7.195521,0.084065,6.973145,15360
live,481,15670644957569,15670645070151,15670645134056,15670649635521,4.677952,0.063905,4.501465,15360
live,482,15670654957569,15670655108455,15670655203080,15670660790608,5.833039,0.094625,5.587528,15360
live,483,15670664957569,15670665087239,15670665152711,15670669435166,4.477597,0.065472,4.282455,15360
live,484,15670674957569,15670675071494,15670675146759,15670679162074,4.204505,0.075265,4.015315,15360
live,485,15670684957569,15670685100390,15670685164327,15670690203207,5.245638,0.063937,5.03888,15360
live,486,15670694957569,15670695059237,15670695106022,15670698945943,3.988374,0.046785,3.839921,15360
live,487,15670704957569,15670705096165,15670705187686,15670710321960,5.364391,0.091521,5.134274,15360
live,488,15670714957569,15670715110021,15670715201926,15670720441609,5.48404,0.091905,5.239683,15360
live,489,15670724957569,15670725094468,15670725172613,15670730214758,5.257189,0.078145,5.042145,15360
live,490,15670734957569,15670735077540,15670735156325,15670739219481,4.261912,0.078785,4.063156,15360
live,491,15670744957569,15670745107108,15670745187173,15670749592861,4.635292,0.080065,4.405688,15360
live,492,15670754957569,15670755062083,15670755111011,15670758935092,3.977523,0.048928,3.824081,15360
live,493,15670764957569,15670765092067,15670765188036,15670770308997,5.351428,0.095969,5.120961,15360
live,494,15670774957569,15670775096482,15670775165891,15670780216932,5.259363,0.069409,5.051041,15360
live,495,15670784957569,15670785067426,15670785130658,15670789220119,4.26255,0.063232,4.089461,15360
live,496,15670794957569,15670795102498,15670795186819,15670801630421,6.672852,0.084321,6.443602,15360
live,497,15670804957569,15670805088033,15670805155906,15670810181570,5.224001,0.067873,5.025664,15360
live,498,15670814957569,15670815062528,15670815113345,15670819247894,4.290325,0.050817,4.134549,15360
live,499,15670824957569,15670825098368,15670825193410,15670831625076,6.667507,0.095042,6.431666,15360
live,500,15670834957569,15670835098112,15670835175937,15670844142643,9.185074,0.077825,8.966706,15360
live,501,15670844957569,15670845063455,15670845112256,15670849622169,4.6646,0.048801,4.509913,15360
live,502,15670854957569,15670855072095,15670855152928,15670859060818,4.103249,0.080833,3.90789,15360
live,503,15670864957569,15670865093535,15670865174240,15670870245089,5.28752,0.080705,5.070849,15360
live,504,15670874957569,15670875070718,15670875141023,15670879572792,4.615223,0.070305,4.431769,15360
live,505,15670884957569,15670885095774,15670885182719,15670890316353,5.358784,0.086945,5.133634,15360
live,506,15670894957569,15670895091806,15670895180191,15670900187071,5.229502,0.088385,5.00688,15360
live,507,15670904957569,15670905081501,15670905154718,15670909230354,4.272785,0.073217,4.075636,15360
live,508,15670914957569,15670915104797,15670915185758,15670920323232,5.365663,0.080961,5.137474,15360
live,509,15670924957569,15670925110077,15670925213854,15670930344543,5.386974,0.103777,5.130689,15360
live,510,15670934957569,15670935098012,15670935162525,15670940161469,5.2039,0.064513,4.998944,15360
live,511,15670944957569,15670945075643,15670945153980,15670949284017,4.326448,0.078337,4.130037,15360
live,512,15670954957569,15670955101403,15670955196317,15670960348510,5.390941,0.094914,5.152193,15360
live,513,15670964957569,15670965091643,15670965152988,15670969488531,4.530962,0.061345,4.335543,15360
live,514,15670974957569,15670975070746,15670975144539,15670979146094,4.188525,0.073793,4.001555,15360
live,515,15670984957569,15670985132475,15670985530368,15670989919512,4.961943,0.397893,4.389144,15360
live,516,15670994957569,15670995087642,15670995153018,15670999016492,4.058923,0.065376,3.863474,15360
live,517,15671004957569,15671005088857,15671005163546,15671010736385,5.778816,0.074689,5.572839,15360
live,518,15671014957569,15671015088025,15671015165594,15671019468977,4.511408,0.077569,4.303383,15360
live,519,15671024957569,15671025292187,15671025375132,15671030633887,5.676318,0.082945,5.258755,15360
live,520,15671034957569,15671035112024,15671035216794,15671045739456,10.781887,0.10477,10.522662,15360
live,521,15671044957569,15671045116536,15671045869634,15671051534058,6.576489,0.753098,5.664424,15360
live,522,15671054957569,15671055113560,15671055183193,15671059492367,4.534798,0.069633,4.309174,15360
live,523,15671064957569,15671065061943,15671065123607,15671068971176,4.013607,0.061664,3.847569,15360
live,524,15671074957569,15671075109335,15671075196760,15671080377146,5.419577,0.087425,5.180386,15360
live,525,15671084957569,15671085126423,15671085205976,15671089800978,4.843409,0.079553,4.595002,15360
live,526,15671094957569,15671095078230,15671095148502,15671100036789,5.07922,0.070272,4.888287,15360
live,527,15671104957569,15671105087477,15671105152918,15671109478317,4.520748,0.065441,4.325399,15360
live,528,15671114957569,15671115063477,15671115115989,15671118921190,3.963621,0.052512,3.805201,15360
live,529,15671124957569,15671125069364,15671125144437,15671130696092,5.738523,0.075073,5.551655,15360
live,530,15671134957569,15671135113780,15671135178517,15671140181365,5.223796,0.064737,5.002848,15360
live,531,15671144957569,15671145078452,15671145147188,15671148988326,4.030757,0.068736,3.841138,15360
live,532,15671154957569,15671155166324,15671155245589,15671160884221,5.926652,0.079265,5.638632,15360
live,533,15671164957569,15671165138580,15671165227445,15671170278261,5.320692,0.088865,5.050816,15360
live,534,15671174957569,15671175090643,15671175165972,15671179126310,4.168741,0.075329,3.960338,15360
live,535,15671184957569,15671185135507,15671185220852,15671190854012,5.896443,0.085345,5.63316,15360
live,536,15671194957569,15671195096690,15671195163251,15671200093298,5.135729,0.066561,4.930047,15360
live,537,15671204957569,15671205072081,15671205154482,15671209069604,4.112035,0.082401,3.915122,15360
live,538,15671214957569,15671215109009,15671215187794,15671220284531,5.326962,0.078785,5.096737,15360
live,539,15671224957569,15671225096657,15671225177554,15671230959067,6.001498,0.080897,5.781513,15360
live,540,15671234957569,15671235119825,15671235206034,15671245707032,10.749463,0.086209,10.500998,15360
live,541,15671244957569,15671245117328,15671245848985,15671251515458,6.557889,0.731657,5.666473,15360
live,542,15671254957569,15671255105584,15671255172336,15671260175024,5.217455,0.066752,5.002688,15360
live,543,15671264957569,15671265068879,15671265140272,15671269049730,4.092161,0.071393,3.909458,15360
live,544,15671274957569,15671275099407,15671275186736,15671280335666,5.378097,0.087329,5.14893,15360
live,545,15671284957569,15671285104430,15671285185839,15671290078222,5.120653,0.081409,4.892383,15360
live,546,15671294957569,15671295083310,15671295154319,15671299091937,4.134368,0.071009,3.937618,15360
live,547,15671304957569,15671305101454,15671305169902,15671310615924,5.658355,0.068448,5.446022,15360
live,548,15671314957569,15671315066701,15671315124461,15671318961246,4.003677,0.05776,3.836785,15360
live,549,15671324957569,15671325092877,15671325170062,15671330263663,5.306094,0.077185,5.093601,15360
live,550,15671334957569,15671335111245,15671335181293,15671339515173,4.557604,0.070048,4.33388,15360
live,551,15671344957569,15671345079756,15671345150669,15671348986430,4.028861,0.070913,3.835761,15360
live,552,15671354957569,15671355112524,15671355197997,15671360798836,5.841267,0.085473,5.600839,15360
live,553,15671364957569,15671365105707,15671365198444,15671370782932,5.825363,0.092737,5.584488,15360
live,554,15671374957569,15671375099915,15671375209036,15671380288941,5.331372,0.109121,5.079905,15360
live,555,15671384957569,15671385139051,15671385238796,15671390895444,5.937875,0.099745,5.656648,15360
live,556,15671394957569,15671395111082,15671395225772,15671399703589,4.74602,0.11469,4.477817,15360
live,557,15671404957569,15671405116202,15671405184587,15671410237483,5.279914,0.068385,5.052896,15360
live,558,15671414957569,15671415068937,15671415131466,15671419192541,4.234972,0.062529,4.061075,15360
live,559,15671424957569,15671425100841,15671425187594,15671430300683,5.343114,0.086753,5.113089,15360
live,560,15671434957569,15671435132425,15671435231690,15671445104072,10.146503,0.099265,9.872382,15360
live,561,15671444957569,15671445261034,15671445319787,15671449593921,4.636352,0.058753,4.274134,15360
live,562,15671454957569,15671455067623,15671455120744,15671458950841,3.993272,0.053121,3.830097,15360
live,563,15671464957569,15671465097383,15671465176296,15671470734255,5.776686,0.078913,5.557959,15360
live,564,15671474957569,15671475082055,15671475149895,15671479456510,4.498941,0.06784,4.306615,15360
live,565,15671484957569,15671485167143,15671485482539,15671489532159,4.57459,0.315396,4.04962,15360
live,566,15671494957569,15671495162631,15671495564140,15671502081599,7.12403,0.401509,6.517459,15360
live,567,15671504957569,15671505132454,15671505418730,15671511848444,6.890875,0.286276,6.429714,15360
live,568,15671514957569,15671515143078,15671515525483,15671521359157,6.401588,0.382405,5.833674,15360
live,569,15671524957569,15671525094149,15671525172294,15671530247015,5.289446,0.078145,5.074721,15360
live,570,15671534957569,15671535071076,15671535133893,15671539385819,4.42825,0.062817,4.251926,15360
live,571,15671544957569,15671545100292,15671545192613,15671549585757,4.628188,0.092321,4.393144,15360
live,572,15671554957569,15671555093764,15671555162596,15671559574365,4.616796,0.068832,4.411769,15360
live,573,15671564957569,15671565067971,15671565134020,15671570719019,5.76145,0.066049,5.584999,15360
live,574,15671574957569,15671575091875,15671575161348,15671580194532,5.236963,0.069473,5.033184,15360
live,575,15671584957569,15671585067970,15671585133987,15671589948672,4.991103,0.066017,4.814685,15360
live,576,15671594957569,15671595101986,15671595204067,15671600817963,5.860394,0.102081,5.613896,15360
live,577,15671604957569,15671605108034,15671605211203,15671609801246,4.843677,0.103169,4.590043,15360
live,578,15671614957569,15671615099425,15671615187842,15671620258435,5.300866,0.088417,5.070593,15360
live,579,15671624957569,15671625061504,15671625111361,15671628963922,4.006353,0.049857,3.852561,15360
live,580,15671634957569,15671635068864,15671635139041,15671644464824,9.507255,0.070177,9.325783,15360
live,581,15671644957569,15671645100480,15671645187393,15671650280930,5.323361,0.086913,5.093537,15360
live,582,15671654957569,15671655104416,15671655185185,15671659750907,4.793338,0.080769,4.565722,15360
live,583,15671664957569,15671665072511,15671665152512,15671670298338,5.340769,0.080001,5.145826,15360
live,584,15671674957569,15671675096671,15671675173728,15671680240257,5.282688,0.077057,5.066529,15360
live,585,15671684957569,15671685071486,15671685138527,15671688938544,3.980975,0.067041,3.800017,15360
live,586,15671694957569,15671695100830,15671695192735,15671700810503,5.852934,0.091905,5.617768,15360
live,587,15671704957569,15671705091166,15671705167967,15671710094397,5.136828,0.076801,4.92643,15360
live,588,15671714957569,15671715073885,15671715136190,15671718963407,4.005838,0.062305,3.827217,15360
live,589,15671724957569,15671725088413,15671725166718,15671730244319,5.28675,0.078305,5.077601,15360
live,590,15671734957569,15671735088156,15671735167069,15671739045231,4.087662,0.078913,3.878162,15360
live,591,15671744957569,15671745075004,15671745149053,15671750243262,5.285693,0.074049,5.094209,15360
live,592,15671754957569,15671755092732,15671755156093,15671760186269,5.2287,0.063361,5.030176,15360
live,593,15671764957569,15671765062747,15671765126940,15671769153743,4.196174,0.064193,4.026803,15360
live,594,15671774957569,15671775104827,15671775195740,15671780327294,5.369725,0.090913,5.131554,15360
live,595,15671784957569,15671785097723,15671785191260,15671790797699,5.84013,0.093537,5.606439,15360
live,596,15671794957569,15671795091514,15671795162651,15671799486834,4.529265,0.071137,4.324183,15360
live,597,15671804957569,15671805076154,15671805146010,15671809105421,4.147852,0.069856,3.959411,15360
live,598,15671814957569,15671815102841,15671815183642,15671820802146,5.844577,0.080801,5.618504,15360
live,599,15671824957569,15671825096953,15671825178202,15671830809026,5.851457,0.081249,5.630824,15360
live,600,15671834957569,15671835088568,15671835155801,15671843731719,8.77415,0.067233,8.575918,15360
live,601,15671844957569,15671845077464,15671845149049,15671849129420,4.171851,0.071585,3.980371,15360
live,602,15671854957569,15671855101272,15671855184953,15671860324090,5.366521,0.083681,5.139137,15360
live,603,15671864957569,15671865098039,15671865188409,15671870269977,5.312408,0.09037,5.081568,15360
live,604,15671874957569,15671875095639,15671875179448,15671879507759,4.55019,0.083809,4.328311,15360
live,605,15671884957569,15671885072854,15671885145335,15671888981160,4.023591,0.072481,3.835825,15360
live,606,15671894957569,15671895146743,15671895259160,15671899775314,4.817745,0.112417,4.516154,15360
live,607,15671904957569,15671905106902,15671905179799,15671910216887,5.259318,0.072897,5.037088,15360
live,608,15671914957569,15671915071765,15671915139030,15671919461613,4.504044,0.067265,4.322583,15360
live,609,15671924957569,15671925184950,15671925291000,15671931079809,6.12224,0.10605,5.788809,15360
live,610,15671934957569,15671935123029,15671935196086,15671939499597,4.542028,0.073057,4.303511,15360
live,611,15671944957569,15671945075348,15671945152149,15671949159208,4.201639,0.076801,4.007059,15360
live,612,15671954957569,15671955093876,15671955171413,15671960233365,5.275796,0.077537,5.061952,15360
live,613,15671964957569,15671965069747,15671965139412,15671969014469,4.0569,0.069665,3.875057,15360
live,614,15671974957569,15671975101747,15671975192852,15671980798172,5.840603,0.091105,5.60532,15360
live,615,15671984957569,15671985092819,15671985152627,15671990182548,5.224979,0.059808,5.029921,15360
live,616,15671994957569,15671995144051,15671995281493,15671999891631,4.934062,0.137442,4.610138,15360
live,617,15672004957569,15672005107506,15672005201843,15672010317268,5.359699,0.094337,5.115425,15360
live,618,15672014957569,15672015093457,15672015160210,15672019441577,4.484008,0.066753,4.281367,15360
live,619,15672024957569,15672025063633,15672025124113,15672028919682,3.962113,0.06048,3.795569,15360
live,620,15672034957569,15672035108817,15672035193202,15672044440136,9.482567,0.084385,9.246934,15360
live,621,15672044957569,15672045094160,15672045169169,15672049708619,4.75105,0.075009,4.53945,15360
live,622,15672054957569,15672055066831,15672055134160,15672058949729,3.99216,0.067329,3.815569,15360
live,623,15672064957569,15672065096527,15672065178449,15672070234545,5.276976,0.081922,5.056096,15360
live,624,15672074957569,15672075064207,15672075116591,15672079594216,4.636647,0.052384,4.477625,15360
live,625,15672084957569,15672085064718,15672085116975,15672090724790,5.767221,0.052257,5.607815,15360
live,626,15672094957569,15672095088014,15672095157327,15672100167855,5.210286,0.069313,5.010528,15360
live,627,15672104957569,15672105074510,15672105149679,15672109315844,4.358275,0.075169,4.166165,15360
live,628,15672114957569,15672115110702,15672115214415,15672120900824,5.943255,0.103713,5.686409,15360
live,629,15672124957569,15672125093645,15672125164686,15672130180142,5.222573,0.071041,5.015456,15360
live,630,15672134957569,15672135076012,15672135142253,15672139670407,4.712838,0.066241,4.528154,15360
live,631,15672144957569,15672145073612,15672145138253,15672151369372,6.411803,0.064641,6.231119,15360
live,632,15672154957569,15672155140076,15672155247054,15672159753991,4.796422,0.106978,4.506937,15360
live,633,15672164957569,15672165135244,15672165216845,15672170285262,5.327693,0.081601,5.068417,15360
live,634,15672174957569,15672175082955,15672175144396,15672179177599,4.22003,0.061441,4.033203,15360
live,635,15672184957569,15672185111883,15672185199500,15672190330957,5.373388,0.087617,5.131457,15360
live,636,15672194957569,15672195102730,15672195175083,15672199709605,4.752036,0.072353,4.534522,15360
live,637,15672204957569,15672205075946,15672205145995,15672208969947,4.012378,0.070049,3.823952,15360
live,638,15672214957569,15672215104522,15672215196907,15672220825075,5.867506,0.092385,5.628168,15360
live,639,15672224957569,15672225090633,15672225165130,15672230264715,5.307146,0.074497,5.099585,15360
live,640,15672234957569,15672235074760,15672235142153,15672241115541,6.157972,0.067393,5.973388,15360
live,641,15672244957569,15672245103048,15672245192170,15672250344267,5.386698,0.089122,5.152097,15360
live,642,15672254957569,15672255098376,15672255185801,15672260144008,5.186439,0.087425,4.958207,15360
live,643,15672264957569,15672265074375,15672265136936,15672268945849,3.98828,0.062561,3.808913,15360
live,644,15672274957569,15672275109287,15672275186376,15672280320362,5.362793,0.077089,5.133986,15360
live,645,15672284957569,15672285095335,15672285172840,15672290193704,5.236135,0.077505,5.020864,15360
live,646,15672294957569,15672295064646,15672295118311,15672299460190,4.502621,0.053665,4.341879,15360
live,647,15672304957569,15672305097638,15672305195047,15672310333321,5.375752,0.097409,5.138274,15360
live,648,15672314957569,15672315103590,15672315182535,15672319401756,4.444187,0.078945,4.219221,15360
live,649,15672324957569,15672325070277,15672325122501,15672328952630,3.995061,0.052224,3.830129,15360
live,650,15672334957569,15672335094277,15672335179718,15672339623902,4.666333,0.085441,4.444184,15360
live,651,15672344957569,15672345094340,15672345157157,15672349468156,4.510587,0.062817,4.310999,15360
live,652,15672354957569,15672355077508,15672355150501,15672359204632,4.247063,0.072993,4.054131,15360
live,653,15672364957569,15672365083139,15672365152644,15672370156932,5.199363,0.069505,5.004288,15360
live,654,15672374957569,15672375089123,15672375162148,15672379130231,4.172662,0.073025,3.968083,15360
live,655,15672384957569,15672385074466,15672385144227,15672389049749,4.09218,0.069761,3.905522,15360
live,656,15672394957569,15672395097570,15672395206148,15672399703997,4.746428,0.108578,4.497849,15360
live,657,15672404957569,15672405096610,15672405182947,15672410226819,5.26925,0.086337,5.043872,15360
live,658,15672414957569,15672415092353,15672415163586,15672419238998,4.281429,0.071233,4.075412,15360
live,659,15672424957569,15672425107457,15672425197890,15672429664347,4.706778,0.090433,4.466457,15360
live,660,15672434957569,15672435099169,15672435178178,15672444980223,10.022654,0.079009,9.802045,15360
live,661,15672444957569,15672445155137,15672445227458,15672450265378,5.307809,0.072321,5.03792,15360
live,662,15672454957569,15672455058527,15672455108640,15672458939505,3.981936,0.050113,3.830865,15360
live,663,15672464957569,15672465095840,15672465184705,15672470837545,5.879976,0.088865,5.65284,15360
live,664,15672474957569,15672475083903,15672475148864,15672480194560,5.236991,0.064961,5.045696,15360
live,665,15672484957569,15672485059454,15672485108159,15672489484823,4.527254,0.048705,4.376664,15360
live,666,15672494957569,15672495090270,15672495166047,15672500811879,5.85431,0.075777,5.645832,15360
live,667,15672504957569,15672505234432,15672505657381,15672511882389,6.92482,0.422949,6.225008,15360
live,668,15672514957569,15672515141118,15672515533155,15672520141150,5.183581,0.392037,4.607995,15360
live,669,15672524957569,15672525133854,15672525479938,15672533034786,8.077217,0.346084,7.554848,15360
live,670,15672534957569,15672535076508,15672535364896,15672539574582,4.617013,0.288388,4.209686,15360
live,671,15672544957569,15672545098940,15672545182685,15672550306623,5.349054,0.083745,5.123938,15360
live,672,15672554957569,15672555091228,15672555164445,15672559426867,4.469298,0.073217,4.262422,15360
live,673,15672564957569,15672565070427,15672565136892,15672568947949,3.99038,0.066465,3.811057,15360
live,674,15672574957569,15672575095451,15672575165116,15672580282109,5.32454,0.069665,5.116993,15360
live,675,15672584957569,15672585090203,15672585165116,15672589846295,4.888726,0.074913,4.681179,15360
live,676,15672594957569,15672595073178,15672595136763,15672599620244,4.662675,0.063585,4.483481,15360
live,677,15672604957569,15672605096474,15672605161659,15672609708917,4.751348,0.065185,4.547258,15360
live,678,15672614957569,15672615098394,15672615191035,15672619685396,4.727827,0.092641,4.494361,15360
live,679,15672624957569,15672625073433,15672625148282,15672629085676,4.128107,0.074849,3.937394,15360
live,680,15672634957569,15672635105017,15672635208410,15672645311003,10.353434,0.103393,10.102593,15360
live,681,15672644957569,15672645152697,15672645449309,15672650499133,5.541564,0.296612,5.049824,15360
live,682,15672654957569,15672655113016,15672655175129,15672659746067,4.788498,0.062113,4.570938,15360
live,683,15672664957569,15672665077815,15672665140728,15672668952329,3.99476,0.062913,3.811601,15360
live,684,15672674957569,15672675102519,15672675178072,15672680270521,5.312952,0.075553,5.092449,15360
live,685,15672684957569,15672685156216,15672685228632,15672689208843,4.251274,0.072416,3.980211,15360
live,686,15672694957569,15672695093206,15672695162999,15672699629360,4.671791,0.069793,4.466361,15360
live,687,15672704957569,15672705096438,15672705178519,15672711009729,6.05216,0.082081,5.83121,15360
live,688,15672714957569,15672715095734,15672715171511,15672719601743,4.644174,0.075777,4.430232,15360
live,689,15672724957569,15672725072725,15672725142678,15672730118997,5.161428,0.069953,4.976319,15360
live,690,15672734957569,15672735087285,15672735150901,15672739448876,4.491307,0.063616,4.297975,15360
live,691,15672744957569,15672745062100,15672745130581,15672748953510,3.995941,0.068481,3.822929,15360
live,692,15672754957569,15672755096788,15672755177205,15672762037773,7.080204,0.080417,6.860568,15360
live,693,15672764957569,15672765092436,15672765156340,15672769475723,4.518154,0.063904,4.319383,15360
live,694,15672774957569,15672775072275,15672775138676,15672778995461,4.037892,0.066401,3.856785,15360
live,695,15672784957569,15672785092339,15672785169748,15672790769787,5.812218,0.077409,5.600039,15360
live,696,15672794957569,15672795082898,15672795144851,15672800096818,5.139249,0.061953,4.951967,15360
live,697,15672804957569,15672805067730,15672805142099,15672809532267,4.574698,0.074369,4.390168,15360
live,698,15672814957569,15672815102418,15672815188915,15672820850491,5.892922,0.086497,5.661576,15360
live,699,15672824957569,15672825093233,15672825170834,15672830282227,5.324658,0.077601,5.111393,15360
live,700,15672834957569,15672835097617,15672835162482,15672843187192,8.229623,0.064865,8.02471,15360
live,701,15672844957569,15672845067152,15672845131825,15672848956610,3.999041,0.064673,3.824785,15360
live,702,15672854957569,15672855115184,15672855197233,15672860831993,5.874424,0.082049,5.63476,15360
live,703,15672864957569,15672865106192,15672865190481,15672870264466,5.306897,0.084289,5.073985,15360
live,704,15672874957569,15672875098255,15672875173840,15672879182691,4.225122,0.075585,4.008851,15360
live,705,15672884957569,15672885069038,15672885132463,15672889995437,5.037868,0.063425,4.862974,15360
live,706,15672894957569,15672895113423,15672895205072,15672900814135,5.856566,0.091649,5.609063,15360
live,707,15672904957569,15672905112974,15672905199279,15672909762218,4.804649,0.086305,4.562939,15360
live,708,15672914957569,15672915112238,15672915182863,15672920164558,5.206989,0.070625,4.981695,15360
live,709,15672924957569,15672925071405,15672925134638,15672929183265,4.225696,0.063233,4.048627,15360
live,710,15672934957569,15672935103437,15672935194318,15672940814806,5.857237,0.090881,5.620488,15360
live,711,15672944957569,15672945109709,15672945184110,15672950320015,5.362446,0.074401,5.135905,15360
live,712,15672954957569,15672955097516,15672955178765,15672960320335,5.362766,0.081249,5.14157,15360
live,713,15672964957569,15672965089068,15672965156972,15672969475171,4.517602,0.067904,4.318199,15360
live,714,15672974957569,15672975075787,15672975147468,15672979211136,4.253567,0.071681,4.063668,15360
live,715,15672984957569,15672985081547,15672985134635,15672990148171,5.190602,0.053088,5.013536,15360
live,716,15672994957569,15672995055178,15672995100298,15672999554435,4.596866,0.04512,4.454137,15360
live,717,15673004957569,15673005094826,15673005177291,15673009655108,4.697539,0.082465,4.477817,15360
live,718,15673014957569,15673015118314,15673015262252,15673022160740,7.203171,0.143938,6.898488,15360
live,719,15673024957569,15673025173066,15673025298764,15673031504315,6.546746,0.125698,6.205551,15360
live,720,15673034957569,15673035117289,15673035190026,15673043442963,8.485394,0.072737,8.252937,15360
live,721,15673044957569,15673045069864,15673045121353,15673049245661,4.288092,0.051489,4.124308,15360
live,722,15673054957569,15673055110408,15673055204265,15673060476461,5.518892,0.093857,5.272196,15360
live,723,15673064957569,15673065097064,15673065181289,15673072848522,7.890953,0.084225,7.667233,15360
live,724,15673074957569,15673075076519,15673075144424,15673081983263,7.025694,0.067905,6.838839,15360
live,725,15673084957569,15673085111911,15673085175816,15673091954174,6.996605,0.063905,6.778358,15360
live,726,15673094957569,15673095059814,15673095103782,15673099407101,4.449532,0.043968,4.303319,15360
live,727,15673104957569,15673105068678,15673105136294,15673110750446,5.792877,0.067616,5.614152,15360
live,728,15673114957569,15673115099942,15673115171047,15673120818319,5.86075,0.071105,5.647272,15360
live,729,15673124957569,15673125063845,15673125111589,15673129594175,4.636606,0.047744,4.482586,15360
live,730,15673134957569,15673135071492,15673135139653,15673139065399,4.10783,0.068161,3.925746,15360
live,731,15673144957569,15673145089988,15673145177413,15673150237894,5.280325,0.087425,5.060481,15360
live,732,15673154957569,15673155073412,15673155124036,15673158949109,3.99154,0.050624,3.825073,15360
live,733,15673164957569,15673165092068,15673165169828,15673170957486,5.999917,0.07776,5.787658,15360
live,734,15673174957569,15673175090851,15673175161124,15673180707755,5.750186,0.070273,5.546631,15360
live,735,15673184957569,15673185072898,15673185122915,15673188945044,3.987475,0.050017,3.822129,15360
live,736,15673194957569,15673195101186,15673195175715,15673200750027,5.792458,0.074529,5.574312,15360
live,737,15673204957569,15673205089058,15673205150531,15673210516967,5.559398,0.061473,5.366436,15360
live,738,15673214957569,15673215071617,15673215147202,15673219218230,4.260661,0.075585,4.071028,15360
live,739,15673224957569,15673225093985,15673225173058,15673230854219,5.89665,0.079073,5.681161,15360
live,740,15673234957569,15673235093153,15673235160962,15673243051174,8.093605,0.067809,7.890212,15360
live,741,15673244957569,15673245069120,15673245124321,15673249835197,4.877628,0.055201,4.710876,15360
live,742,15673254957569,15673255128480,15673255226082,15673260339683,5.382114,0.097602,5.113601,15360
live,743,15673264957569,15673265102976,15673265165760,15673269024466,4.066897,0.062784,3.858706,15360
live,744,15673274957569,15673275074559,15673275143744,15673280603077,5.645508,0.069185,5.459333,15360
live,745,15673284957569,15673285101983,15673285176768,15673290183680,5.226111,0.074785,5.006912,15360
live,746,15673294957569,15673295078590,15673295141023,15673298984304,4.026735,0.062433,3.843281,15360
live,747,15673304957569,15673305092926,15673305164863,15673310251104,5.293535,0.071937,5.086241,15360
live,748,15673314957569,15673315069117,15673315123518,15673318943343,3.985774,0.054401,3.819825,15360
live,749,15673324957569,15673325094813,15673325176958,15673329663095,4.705526,0.082145,4.486137,15360
live,750,15673334957569,15673335106269,15673335194622,15673340306143,5.348574,0.088353,5.111521,15360
live,751,15673344957569,15673345095036,15673345148125,15673350103324,5.145755,0.053089,4.955199,15360
live,752,15673354957569,15673355069756,15673355129212,15673359047630,4.090061,0.059456,3.918418,15360
live,753,15673364957569,15673365182333,15673365303230,15673370064539,5.10697,0.120897,4.761309,15360
live,754,15673374957569,15673375115803,15673375214141,15673382237686,7.280117,0.098338,7.023545,15360
live,755,15673384957569,15673385104027,15673385182524,15673390754339,5.79677,0.078497,5.571815,15360
live,756,15673394957569,15673395064762,15673395123419,15673399564019,4.60645,0.058657,4.4406,15360
live,757,15673404957569,15673405076442,15673405150715,15673409370224,4.412655,0.074273,4.219509,15360
live,758,15673414957569,15673415089593,15673415151002,15673420670177,5.712608,0.061409,5.519175,15360
live,759,15673424957569,15673425069241,15673425128154,15673429045100,4.087531,0.058913,3.916946,15360
live,760,15673434957569,15673435103353,15673435180986,15673445756001,10.798432,0.077633,10.575015,15360
live,761,15673444957569,15673445175545,15673445870242,15673449976631,5.019062,0.694697,4.106389,15360
live,762,15673454957569,15673455117368,15673455191161,15673460149624,5.192055,0.073793,4.958463,15360
live,763,15673464957569,15673465103832,15673465175481,15673470251481,5.293912,0.071649,5.076,15360
live,764,15673474957569,15673475259993,15673475375643,15673479411150,4.453581,0.11565,4.035507,15360
live,765,15673484957569,15673485112663,15673485214424,15673490367578,5.410009,0.101761,5.153154,15360
live,766,15673494957569,15673495108598,15673495204600,15673500276408,5.318839,0.096002,5.071808,15360
live,767,15673504957569,15673505094646,15673505172919,15673509524174,4.566605,0.078273,4.351255,15360
live,768,15673514957569,15673515117398,15673515212055,15673520787870,5.830301,0.094657,5.575815,15360
live,769,15673524957569,15673525092469,15673525159318,15673530129525,5.171956,0.066849,4.970207,15360
live,770,15673534957569,15673535071636,15673535148501,15673539026343,4.068774,0.076865,3.877842,15360
live,771,15673544957569,15673545097428,15673545184213,15673550778045,5.820476,0.086785,5.593832,15360
live,772,15673554957569,15673555093140,15673555153717,15673560117204,5.159635,0.060577,4.963487,15360
live,773,15673564957569,15673565082259,15673565161652,15673569261577,4.304008,0.079393,4.099925,15360
live,774,15673574957569,15673575101939,15673575193108,15673581893962,6.936393,0.091169,6.700854,15360
live,775,15673584957569,15673585095891,15673585167764,15673589472139,4.51457,0.071873,4.304375,15360
live,776,15673594957569,15673595077106,15673595138003,15673599064165,4.106596,0.060897,3.926162,15360
live,777,15673604957569,15673605090994,15673605157971,15673609478314,4.520745,0.066977,4.320343,15360
live,778,15673614957569,15673615055057,15673615102546,15673619428521,4.470952,0.047489,4.325975,15360
live,779,15673624957569,15673625141042,15673625252371,15673631801959,6.84439,0.111329,6.549588,15360
live,780,15673634957569,15673635100945,15673635173522,15673643313210,8.355641,0.072577,8.139688,15360
live,781,15673644957569,15673645063984,15673645118065,15673648937857,3.980288,0.054081,3.819792,15360
live,782,15673654957569,15673655090704,15673655177073,15673660299474,5.341905,0.086369,5.122401,15360
live,783,15673664957569,15673665098128,15673665167952,15673669439559,4.48199,0.069824,4.271607,15360
live,784,15673674957569,15673675075023,15673675145008,15673679063618,4.106049,0.069985,3.91861,15360
live,785,15673684957569,15673685091407,15673685162704,15673690218512,5.260943,0.071297,5.055808,15360
live,786,15673694957569,15673695061070,15673695112270,15673699515527,4.557958,0.0512,4.403257,15360
live,787,15673704957569,15673705069614,15673705137358,15673709513062,4.555493,0.067744,4.375704,15360
live,788,15673714957569,15673715100142,15673715177647,15673720300496,5.342927,0.077505,5.122849,15360
live,789,15673724957569,15673725089869,15673725156398,15673729458981,4.501412,0.066529,4.302583,15360
live,790,15673734957569,15673735072140,15673735147661,15673739309890,4.352321,0.075521,4.162229,15360
live,791,15673744957569,15673745114605,15673745222958,15673750932599,5.97503,0.108353,5.709641,15360
live,792,15673754957569,15673755090284,15673755158925,15673760691187,5.733618,0.068641,5.532262,15360
live,793,15673764957569,15673765093579,15673765168780,15673769324609,4.36704,0.075201,4.155829,15360
live,794,15673774957569,15673775114635,15673775202668,15673780888597,5.931028,0.088033,5.685929,15360
live,795,15673784957569,15673785098731,15673785168140,15673790237516,5.279947,0.069409,5.069376,15360
live,796,15673794957569,15673795078026,15673795154667,15673798988188,4.030619,0.076641,3.833521,15360
live,797,15673804957569,15673805080554,15673805137354,15673809451201,4.493632,0.0568,4.313847,15360
live,798,15673814957569,15673815053545,15673815097897,15673818906650,3.949081,0.044352,3.808753,15360
live,799,15673824957569,15673825067497,15673825130729,15673830223114,5.265545,0.063232,5.092385,15360
live,800,15673834957569,15673835090985,15673835165802,15673843288689,8.33112,0.074817,8.122887,15360
live,801,15673844957569,15673845067752,15673845121193,15673849482208,4.524639,0.053441,4.361015,15360
live,802,15673854957569,15673855092072,15673855173353,15673860349643,5.392074,0.081281,5.17629,15360
live,803,15673864957569,15673865090823,15673865153960,15673870071431,5.113862,0.063137,4.917471,15360
live,804,15673874957569,15673875081863,15673875140168,15673879025785,4.068216,0.058305,3.885617,15360
live,805,15673884957569,15673885112455,15673885214408,15673889718818,4.761249,0.101953,4.50441,15360
live,806,15673894957569,15673895109094,15673895200136,15673900821711,5.864142,0.091042,5.621575,15360
live,807,15673904957569,15673905079494,15673905133382,15673910068453,5.110884,0.053888,4.935071,15360
live,808,15673914957569,15673915057925,15673915119942,15673919164185,4.206616,0.062017,4.044243,15360
live,809,15673924957569,15673925100165,15673925202214,15673930336392,5.378823,0.102049,5.134178,15360
live,810,15673934957569,15673935093509,15673935167686,15673940168261,5.210692,0.074177,5.000575,15360
live,811,15673944957569,15673945067492,15673945125957,15673948942165,3.984596,0.058465,3.816208,15360
live,812,15673954957569,15673955101828,15673955187717,15673960304166,5.346597,0.085889,5.116449,15360
live,813,15673964957569,15673965088803,15673965151620,15673970174724,5.217155,0.062817,5.023104,15360
live,814,15673974957569,15673975074787,15673975137956,15673979100246,4.142677,0.063169,3.96229,15360
live,815,15673984957569,15673985080098,15673985145859,15673989232631,4.275062,0.065761,4.086772,15360
live,816,15673994957569,15673995097058,15673995171267,15674000234820,5.277251,0.074209,5.063553,15360
live,817,15674004957569,15674005066561,15674005128962,15674008935027,3.977458,0.062401,3.806065,15360
live,818,15674014957569,15674015103777,15674015193283,15674020312036,5.354467,0.089506,5.118753,15360
live,819,15674024957569,15674025099585,15674025168962,15674030200738,5.243169,0.069377,5.031776,15360
live,820,15674034957569,15674035180610,15674035241410,15674041210319,6.25275,0.0608,5.968909,15360
live,821,15674044957569,15674045125697,15674045209410,15674050782889,5.82532,0.083713,5.573479,15360
live,822,15674054957569,15674055093824,15674055158849,15674059129971,4.172402,0.065025,3.971122,15360
live,823,15674064957569,15674065067615,15674065135488,15674070618886,5.661317,0.067873,5.483398,15360
live,824,15674074957569,15674075083071,15674075145696,15674079462423,4.504854,0.062625,4.316727,15360
live,825,15674084957569,15674085079870,15674085140671,15674089777850,4.820281,0.060801,4.637179,15360
live,826,15674094957569,15674095105982,15674095200671,15674100812135,5.854566,0.094689,5.611464,15360
live,827,15674104957569,15674105077758,15674105135998,15674110086269,5.1287,0.05824,4.950271,15360
live,828,15674114957569,15674115067005,15674115134846,15674119060048,4.102479,0.067841,3.925202,15360
live,829,15674124957569,15674125076093,15674125141118,15674129417460,4.459891,0.065025,4.276342,15360
live,830,15674134957569,15674135079740,15674135143773,15674139725176,4.767607,0.064033,4.581403,15360
live,831,15674144957569,15674145069500,15674145136925,15674149538645,4.581076,0.067425,4.40172,15360
live,832,15674154957569,15674155102716,15674155195581,15674160816933,5.859364,0.092865,5.621352,15360
live,833,15674164957569,15674165076411,15674165140028,15674169441843,4.484274,0.063617,4.301815,15360
live,834,15674174957569,15674175064763,15674175129179,15674179023981,4.066412,0.064416,3.894802,15360
live,835,15674184957569,15674185105307,15674185187068,15674190255580,5.298011,0.081761,5.068512,15360
live,836,15674194957569,15674195072282,15674195124122,15674199515923,4.558354,0.05184,4.391801,15360
live,837,15674204957569,15674205168795,15674205259612,15674210864003,5.906434,0.090817,5.604391,15360
live,838,15674214957569,15674215110809,15674215176378,15674219467601,4.510032,0.065569,4.291223,15360
live,839,15674224957569,15674225072857,15674225143834,15674229747700,4.790131,0.070977,4.603866,15360
live,840,15674234957569,15674235111289,15674235209242,15674245293115,10.335546,0.097953,10.083873,15360
live,841,15674244957569,15674245160985,15674245432860,15674250556574,5.599005,0.271875,5.123714,15360
live,842,15674254957569,15674255110232,15674255180217,15674259374734,4.417165,0.069985,4.194517,15360
live,843,15674264957569,15674265071031,15674265139000,15674269066954,4.109385,0.067969,3.927954,15360
live,844,15674274957569,15674275090007,15674275167800,15674280223032,5.265463,0.077793,5.055232,15360
live,845,15674284957569,15674285077270,15674285138743,15674288913127,3.955558,0.061473,3.774384,15360
live,846,15674294957569,15674295107158,15674295206775,15674301234372,6.276803,0.099617,6.027597,15360
live,847,15674304957569,15674305100886,15674305176919,15674310181239,5.22367,0.076033,5.00432,15360
live,848,15674314957569,15674315095285,15674315169718,15674319333035,4.375466,0.074433,4.163317,15360
live,849,15674324957569,15674325098741,15674325176886,15674330302327,5.344758,0.078145,5.125441,15360
live,850,15674334957569,15674335085844,15674335151477,15674340111668,5.154099,0.065633,4.960191,15360
live,851,15674344957569,15674345073748,15674345146709,15674349126183,4.168614,0.072961,3.979474,15360
live,852,15674354957569,15674355111188,15674355188085,15674360316406,5.358837,0.076897,5.128321,15360
live,853,15674364957569,15674365098643,15674365175828,15674370770140,5.812571,0.077185,5.594312,15360
live,854,15674374957569,15674375088403,15674375147955,15674380139731,5.182162,0.059552,4.991776,15360
live,855,15674384957569,15674385073074,15674385146547,15674389325160,4.367591,0.073473,4.178613,15360
live,856,15674394957569,15674395107922,15674395204147,15674400342453,5.384884,0.096225,5.138306,15360
live,857,15674404957569,15674405084593,15674405151250,15674410078897,5.121328,0.066657,4.927647,15360
live,858,15674414957569,15674415065233,15674415130130,15674419015043,4.057474,0.064897,3.884913,15360
live,859,15674424957569,15674425082577,15674425148081,15674429430504,4.472935,0.065504,4.282423,15360
live,860,15674434957569,15674435083344,15674435142417,15674441063837,6.106268,0.059073,5.92142,15360
live,861,15674444957569,15674445075312,15674445144881,15674450689335,5.731766,0.069569,5.544454,15360
live,862,15674454957569,15674455094480,15674455159280,15674460181424,5.223855,0.0648,5.022144,15360
live,863,15674464957569,15674465075119,15674465143216,15674469085218,4.127649,0.068097,3.942002,15360
live,864,15674474957569,15674475103663,15674475177808,15674480859640,5.902071,0.074145,5.681832,15360
live,865,15674484957569,15674485093678,15674485162223,15674490622581,5.665012,0.068545,5.460358,15360
live,866,15674494957569,15674495079758,15674495156815,15674499094561,4.136992,0.077057,3.937746,15360
live,867,15674504957569,15674505081325,15674505138414,15674510143438,5.185869,0.057089,5.005024,15360
live,868,15674514957569,15674515055885,15674515106445,15674518915358,3.957789,0.05056,3.808913,15360
live,869,15674524957569,15674525071244,15674525139213,15674529477317,4.519748,0.067969,4.338104,15360
live,870,15674534957569,15674535096652,15674535189966,15674540776501,5.818932,0.093314,5.586535,15360
live,871,15674544957569,15674545224814,15674545403408,15674551801826,6.844257,0.178594,6.398418,15360
live,872,15674554957569,15674555148492,15674555243405,15674560863893,5.906324,0.094913,5.620488,15360
live,873,15674564957569,15674565097643,15674565160972,15674569468611,4.511042,0.063329,4.307639,15360
live,874,15674574957569,15674575063434,15674575121195,15674578947932,3.990363,0.057761,3.826737,15360
live,875,15674584957569,15674585093546,15674585178187,15674590296973,5.339404,0.084641,5.118786,15360
live,876,15674594957569,15674595085354,15674595156107,15674600180235,5.222666,0.070753,5.024128,15360
live,877,15674604957569,15674605089321,15674605170474,15674609312479,4.35491,0.081153,4.142005,15360
live,878,15674614957569,15674615097385,15674615179690,15674620309516,5.351947,0.082305,5.129826,15360
live,879,15674624957569,15674625088617,15674625162762,15674630246154,5.288585,0.074145,5.083392,15360
live,880,15674634957569,15674635087336,15674635150985,15674643078926,8.121357,0.063649,7.927941,15360
live,881,15674644957569,15674645059815,15674645115240,15674649904293,4.946724,0.055425,4.789053,15360
live,882,15674654957569,15674655105832,15674655214409,15674660378795,5.421226,0.108577,5.164386,15360
live,883,15674664957569,15674665092999,15674665161736,15674669031097,4.073528,0.068737,3.869361,15360
live,884,15674674957569,15674675065638,15674675123943,15674680567308,5.609739,0.058305,5.443365,15360
live,885,15674684957569,15674685092614,15674685181127,15674690809775,5.852206,0.088513,5.628648,15360
live,886,15674694957569,15674695096486,15674695175047,15674700308744,5.351175,0.078561,5.133697,15360
live,887,15674704957569,15674705116486,15674705206887,15674709689184,4.731615,0.090401,4.482297,15360
live,888,15674714957569,15674715097029,15674715151430,15674720544907,5.587338,0.054401,5.393477,15360
live,889,15674724957569,15674725067620,15674725132677,15674729226073,4.268504,0.065057,4.093396,15360
live,890,15674734957569,15674735101444,15674735177637,15674740824205,5.866636,0.076193,5.646568,15360
live,891,15674744957569,15674745098532,15674745183557,15674750817933,5.860364,0.085025,5.634376,15360
live,892,15674754957569,15674755102148,15674755209157,15674760519241,5.561672,0.107009,5.310084,15360
live,893,15674764957569,15674765094595,15674765169988,15674769517147,4.559578,0.075393,4.347159,15360
live,894,15674774957569,15674775059490,15674775105699,15674779474202,4.516633,0.046209,4.368503,15360
live,895,15674784957569,15674785093442,15674785172067,15674790253540,5.295971,0.078625,5.081473,15360
live,896,15674794957569,15674795102818,15674795196867,15674801586869,6.6293,0.094049,6.390002,15360
live,897,15674804957569,15674805107778,15674805185763,15674810254243,5.296674,0.077985,5.06848,15360
live,898,15674814957569,15674815088161,15674815162082,15674819299031,4.341462,0.073921,4.136949,15360
live,899,15674824957569,15674825104097,15674825189058,15674830253666,5.296097,0.084961,5.064608,15360
live,900,15674834957569,15674835092192,15674835148993,15674841996952,7.039383,0.056801,6.847959,15360
live,901,15674844957569,15674845071519,15674845142976,15674849985054,5.027485,0.071457,4.842078,15360
live,902,15674854957569,15674855102239,15674855191841,15674859714682,4.757113,0.089602,4.522841,15360
live,903,15674864957569,15674865094367,15674865156448,15674870100831,5.143262,0.062081,4.944383,15360
live,904,15674874957569,15674875067710,15674875120159,15674878950896,3.993327,0.052449,3.830737,15360
live,905,15674884957569,15674885085790,15674885156927,15674890266464,5.308895,0.071137,5.109537,15360
live,906,15674894957569,15674895083102,15674895146750,15674899457845,4.500276,0.063648,4.311095,15360
live,907,15674904957569,15674905070749,15674905148030,15674909314099,4.35653,0.077281,4.166069,15360
live,908,15674914957569,15674915100285,15674915159806,15674919464245,4.506676,0.059521,4.304439,15360
live,909,15674924957569,15674925055388,15674925100733,15674928822444,3.864875,0.045345,3.721711,15360
live,910,15674934957569,15674935090140,15674935155357,15674940744100,5.786531,0.065217,5.588743,15360
live,911,15674944957569,15674945077372,15674945142812,15674949435219,4.47765,0.06544,4.292407,15360
live,912,15674954957569,15674955071131,15674955142492,15674959139343,4.181774,0.071361,3.996851,15360
live,913,15674964957569,15674965154460,15674965219037,15674969504211,4.546642,0.064577,4.285174,15360
live,914,15674974957569,15674975073946,15674975121179,15674979534995,4.577426,0.047233,4.413816,15360
live,915,15674984957569,15674985071802,15674985131035,15674990263004,5.305435,0.059233,5.131969,15360
live,916,15674994957569,15674995084954,15674995141786,15675000617728,5.660159,0.056832,5.475942,15360
live,917,15675004957569,15675005076121,15675005148986,15675009381488,4.423919,0.072865,4.232502,15360
live,918,15675014957569,15675015086873,15675015166042,15675019470289,4.51272,0.079169,4.304247,15360
live,919,15675024957569,15675025085592,15675025139321,15675030661535,5.703966,0.053729,5.522214,15360
live,920,15675034957569,15675035055512,15675035094680,15675040824065,5.866496,0.039168,5.729385,15360
live,921,15675044957569,15675045093080,15675045163897,15675050248441,5.290872,0.070817,5.084544,15360
live,922,15675054957569,15675055123480,15675055367835,15675059917109,4.95954,0.244355,4.549274,15360
live,923,15675064957569,15675065075383,15675065144471,15675069507439,4.54987,0.069088,4.362968,15360
live,924,15675074957569,15675075105815,15675075194008,15675079668689,4.71112,0.088193,4.474681,15360
live,925,15675084957569,15675085101910,15675085156183,15675090190999,5.23343,0.054273,5.034816,15360
live,926,15675094957569,15675095078869,15675095145718,15675099049576,4.092007,0.066849,3.903858,15360
live,927,15675104957569,15675105089941,15675105142870,15675110136342,5.178773,0.052929,4.993472,15360
live,928,15675114957569,15675115087285,15675115164982,15675119670511,4.712942,0.077697,4.505529,15360
live,929,15675124957569,15675125084052,15675125154421,15675130637883,5.680314,0.070369,5.483462,15360
live,930,15675134957569,15675135083636,15675135143541,15675140146516,5.188947,0.059905,5.002975,15360
live,931,15675144957569,15675145074419,15675145144276,15675149061990,4.104421,0.069857,3.917714,15360
live,932,15675154957569,15675155093139,15675155174868,15675160850973,5.893404,0.081729,5.676105,15360
live,933,15675164957569,15675165085331,15675165159668,15675170136275,5.178706,0.074337,4.976607,15360
live,934,15675174957569,15675175070482,15675175142451,15675179192455,4.234886,0.071969,4.050004,15360
live,935,15675184957569,15675185095858,15675185166579,15675190276596,5.319027,0.070721,5.110017,15360
live,936,15675194957569,15675195083665,15675195142866,15675199399528,4.441959,0.059201,4.256662,15360
live,937,15675204957569,15675205069425,15675205136690,15675210405685,5.448116,0.067265,5.268995,15360
live,938,15675214957569,15675215100401,15675215183250,15675219622154,4.664585,0.082849,4.438904,15360
live,939,15675224957569,15675225090096,15675225148721,15675230148081,5.190512,0.058625,4.99936,15360
live,940,15675234957569,15675235073296,15675235139152,15675241123485,6.165916,0.065856,5.984333,15360
live,941,15675244957569,15675245100496,15675245186193,15675250344338,5.386769,0.085697,5.158145,15360
live,942,15675254957569,15675255091567,15675255165072,15675259342437,4.384868,0.073505,4.177365,15360
live,943,15675264957569,15675265075118,15675265145007,15675269595816,4.638247,0.069889,4.450809,15360
live,944,15675274957569,15675275103854,15675275173551,15675280775863,5.818294,0.069697,5.602312,15360
live,945,15675284957569,15675285084238,15675285148527,15675289505094,4.547525,0.064289,4.356567,15360
live,946,15675294957569,15675295085581,15675295146190,15675299271971,4.314402,0.060609,4.125781,15360
live,947,15675304957569,15675305072493,15675305146510,15675309300835,4.343266,0.074017,4.154325,15360
live,948,15675314957569,15675315150829,15675315265327,15675319848489,4.89092,0.114498,4.583162,15360
live,949,15675324957569,15675325106924,15675325176717,15675329504868,4.547299,0.069793,4.328151,15360
live,950,15675334957569,15675335070668,15675335119340,15675339520676,4.563107,0.048672,4.401336,15360
live,951,15675344957569,15675345115212,15675345202189,15675350853621,5.896052,0.086977,5.651432,15360
live,952,15675354957569,15675355099819,15675355170316,15675360168012,5.210443,0.070497,4.997696,15360
live,953,15675364957569,15675365068618,15675365140075,15675369294272,4.336703,0.071457,4.154197,15360
live,954,15675374957569,15675375108138,15675375196427,15675380811891,5.854322,0.088289,5.615464,15360
live,955,15675384957569,15675385084810,15675385144586,15675390133418,5.175849,0.059776,4.988832,15360
live,956,15675394957569,15675395068169,15675395141642,15675399316671,4.359102,0.073473,4.175029,15360
live,957,15675404957569,15675405090761,15675405156490,15675410143305,5.185736,0.065729,4.986815,15360
live,958,15675414957569,15675415066728,15675415141897,15675419297790,4.340221,0.075169,4.155893,15360
live,959,15675424957569,15675425098312,15675425175945,15675430782801,5.825232,0.077633,5.606856,15360
live,960,15675434957569,15675435093320,15675435160489,15675442963660,8.006091,0.067169,7.803171,15360
live,961,15675444957569,15675445063847,15675445124264,15675448994041,4.036472,0.060417,3.869777,15360
live,962,15675454957569,15675455094311,15675455176840,15675460279433,5.321864,0.082529,5.102593,15360
live,963,15675464957569,15675465104071,15675465194696,15675469119994,4.162425,0.090625,3.925298,15360
live,964,15675474957569,15675475071526,15675475136519,15675480050373,5.092804,0.064993,4.913854,15360
live,965,15675484957569,15675485077509,15675485143014,15675490153382,5.195813,0.065505,5.010368,15360
live,966,15675494957569,15675495070181,15675495142854,15675499143385,4.185816,0.072673,4.000531,15360
live,967,15675504957569,15675505076485,15675505132325,15675509409084,4.451515,0.05584,4.276759,15360
live,968,15675514957569,15675515055492,15675515105061,15675518882325,3.924756,0.049569,3.777264,15360
live,969,15675524957569,15675525069412,15675525127396,15675530235078,5.277509,0.057984,5.107682,15360
live,970,15675534957569,15675535081539,15675535150052,15675539434171,4.476602,0.068513,4.284119,15360
live,971,15675544957569,15675545076291,15675545142820,15675549596125,4.638556,0.066529,4.453305,15360
live,972,15675554957569,15675555072835,15675555138659,15675560111555,5.153986,0.065824,4.972896,15360
live,973,15675564957569,15675565091714,15675565175907,15675570212836,5.255267,0.084193,5.036929,15360
live,974,15675574957569,15675575078850,15675575144707,15675579485658,4.528089,0.065857,4.340951,15360
live,975,15675584957569,15675585099714,15675585199075,15675590810603,5.853034,0.099361,5.611528,15360
live,976,15675594957569,15675595095937,15675595179042,15675600197570,5.240001,0.083105,5.018528,15360
live,977,15675604957569,15675605092929,15675605173058,15675609371799,4.41423,0.080129,4.198741,15360
live,978,15675614957569,15675615324259,15675615441029,15675621204942,6.247373,0.11677,5.763913,15360
live,979,15675624957569,15675625094240,15675625162049,15675629457048,4.499479,0.067809,4.294999,15360
live,980,15675634957569,15675635068031,15675635133248,15675640564901,5.607332,0.065217,5.431653,15360
live,981,15675644957569,15675645101791,15675645183136,15675650291937,5.334368,0.081345,5.108801,15360
live,982,15675654957569,15675655101759,15675655170304,15675660022718,5.065149,0.068545,4.852414,15360
live,983,15675664957569,15675665066782,15675665130495,15675669392053,4.434484,0.063713,4.261558,15360
live,984,15675674957569,15675675105214,15675675204415,15675680348129,5.39056,0.099201,5.143714,15360
live,985,15675684957569,15675685106750,15675685189535,15675690283200,5.325631,0.082785,5.093665,15360
live,986,15675694957569,15675695083805,15675695141566,15675699435157,4.477588,0.057761,4.293591,15360
live,987,15675704957569,15675705071708,15675705138013,15675709241682,4.284113,0.066305,4.103669,15360
live,988,15675714957569,15675715094876,15675715167421,15675721798066,6.840497,0.072545,6.630645,15360
live,989,15675724957569,15675725180573,15675725280382,15675730877510,5.919941,0.099809,5.597128,15360
live,990,15675734957569,15675735113852,15675735171804,15675740181180,5.223611,0.057952,5.009376,15360
live,991,15675744957569,15675745078843,15675745151772,15675749258576,4.301007,0.072929,4.106804,15360
live,992,15675754957569,15675755099675,15675755173820,15675760295389,5.33782,0.074145,5.121569,15360
live,993,15675764957569,15675765093274,15675765180283,15675771153320,6.195751,0.087009,5.973037,15360
live,994,15675774957569,15675775086330,15675775161627,15675780190811,5.233242,0.075297,5.029184,15360
live,995,15675784957569,15675785075129,15675785131162,15675789189486,4.231917,0.056033,4.058324,15360
live,996,15675794957569,15675795110553,15675795197722,15675800315772,5.358203,0.087169,5.11805,15360
live,997,15675804957569,15675805105113,15675805200090,15675809696723,4.739154,0.094977,4.496633,15360
live,998,15675814957569,15675815095096,15675815171609,15675819504272,4.546703,0.076513,4.332663,15360
live,999,15675824957569,15675825074776,15675825148793,15675829196812,4.239243,0.074017,4.048019,15360
live,1000,15675834957569,15675835101752,15675835177688,15675844502831,9.545262,0.075936,9.325143,15360
live,1001,15675844957569,15675845094647,15675845176664,15675850202200,5.244631,0.082017,5.025536,15360
live,1002,15675854957569,15675855089271,15675855157175,15675859033129,4.07556,0.067904,3.875954,15360
live,1003,15675864957569,15675865113814,15675865203576,15675870315897,5.358328,0.089762,5.112321,15360
live,1004,15675874957569,15675875096886,15675875172407,15675880275064,5.317495,0.075521,5.102657,15360
live,1005,15675884957569,15675885079669,15675885138486,15675888970471,4.012902,0.058817,3.831985,15360
live,1006,15675894957569,15675895100085,15675895175158,15675900263415,5.305846,0.075073,5.088257,15360
live,1007,15675904957569,15675905089972,15675905160757,15675909465068,4.507499,0.070785,4.304311,15360
live,1008,15675914957569,15675915067060,15675915129429,15675920131732,5.174163,0.062369,5.002303,15360
live,1009,15675924957569,15675925119892,15675925228053,15675931098336,6.140767,0.108161,5.870283,15360
live,1010,15675934957569,15675935092339,15675935157300,15675940939166,5.981597,0.064961,5.781866,15360
live,1011,15675944957569,15675945067155,15675945127475,15675949252904,4.295335,0.06032,4.125429,15360
live,1012,15675954957569,15675955112883,15675955188916,15675960822172,5.864603,0.076033,5.633256,15360
live,1013,15675964957569,15675965084498,15675965141715,15675969459018,4.501449,0.057217,4.317303,15360
live,1014,15675974957569,15675975077585,15675975151410,15675979173574,4.216005,0.073825,4.022164,15360
live,1015,15675984957569,15675985099953,15675985176626,15675990744921,5.787352,0.076673,5.568295,15360
live,1016,15675994957569,15675995090833,15675995155602,15675999427496,4.469927,0.064769,4.271894,15360
live,1017,15676004957569,15676005066096,15676005123409,15676008935937,3.978368,0.057313,3.812528,15360
live,1018,15676014957569,15676015087184,15676015144977,15676020157105,5.199536,0.057793,5.012128,15360
live,1019,15676024957569,15676025056239,15676025105520,15676028886816,3.929247,0.049281,3.781296,15360
live,1020,15676034957569,15676035093679,15676035183120,15676046005530,11.047961,0.089441,10.82241,15360
live,1021,15676044957569,15676045099855,15676046129884,15676051236797,6.279228,1.030029,5.106913,15360
live,1022,15676054957569,15676055108815,15676055186800,15676059741002,4.783433,0.077985,4.554202,15360
live,1023,15676064957569,15676065079982,15676065154383,15676068990880,4.033311,0.074401,3.836497,15360
live,1024,15676074957569,15676075111470,15676075214127,15676080396433,5.438864,0.102657,5.182306,15360
live,1025,15676084957569,15676085108845,15676085197262,15676090286319,5.32875,0.088417,5.089057,15360
live,1026,15676094957569,15676095089165,15676095156174,15676099072735,4.115166,0.067009,3.916561,15360
live,1027,15676104957569,15676105099468,15676105181069,15676110267342,5.309773,0.081601,5.086273,15360
live,1028,15676114957569,15676115094092,15676115167341,15676119144640,4.187071,0.073249,3.977299,15360
live,1029,15676124957569,15676125143372,15676125233453,15676130324078,5.366509,0.090081,5.090625,15360
live,1030,15676134957569,15676135092491,15676135160332,15676139453667,4.496098,0.067841,4.293335,15360
live,1031,15676144957569,15676145073450,15676145140171,15676149028797,4.071228,0.066721,3.888626,15360
live,1032,15676154957569,15676155098442,15676155178955,15676160299405,5.341836,0.080513,5.12045,15360
live,1033,15676164957569,15676165099722,15676165182955,15676170286796,5.329227,0.083233,5.103841,15360
live,1034,15676174957569,15676175088105,15676175135914,15676180146634,5.189065,0.047809,5.01072,15360
live,1035,15676184957569,15676185068809,15676185144266,15676189229022,4.271453,0.075457,4.084756,15360
live,1036,15676194957569,15676195115721,15676195199562,15676200815186,5.857617,0.083841,5.615624,15360
live,1037,15676204957569,15676205094024,15676205180137,15676210783025,5.825456,0.086113,5.602888,15360
live,1038,15676214957569,15676215083816,15676215147656,15676220079367,5.121798,0.06384,4.931711,15360
live,1039,15676224957569,15676225063303,15676225133672,15676230005606,5.048037,0.070369,4.871934,15360
live,1040,15676234957569,15676235109447,15676235210664,15676245274633,10.317064,0.101217,10.063969,15360
live,1041,15676244957569,15676245150535,15676245391530,15676250470155,5.512586,0.240995,5.078625,15360
live,1042,15676254957569,15676255078918,15676255135975,15676258934679,3.97711,0.057057,3.798704,15360
live,1043,15676264957569,15676265100262,15676265174983,15676270270248,5.312679,0.074721,5.095265,15360
live,1044,15676274957569,15676275101125,15676275172486,15676279898403,4.940834,0.071361,4.725917,15360
live,1045,15676284957569,15676285073317,15676285134565,15676288942870,3.985301,0.061248,3.808305,15360
live,1046,15676294957569,15676295106085,15676295193030,15676300325895,5.368326,0.086945,5.132865,15360
live,1047,15676304957569,15676305103940,15676305196741,15676310281414,5.323845,0.092801,5.084673,15360
live,1048,15676314957569,15676315070723,15676315132420,15676318960629,4.00306,0.061697,3.828209,15360
live,1049,15676324957569,15676325071907,15676325135204,15676330929486,5.971917,0.063297,5.794282,15360
live,1050,15676334957569,15676335123651,15676335214404,15676340272005,5.314436,0.090753,5.057601,15360
live,1051,15676344957569,15676345090882,15676345160707,15676349137590,4.180021,0.069825,3.976883,15360
live,1052,15676354957569,15676355113890,15676355198659,15676360813899,5.85633,0.084769,5.61524,15360
live,1053,15676364957569,15676365111906,15676365194915,15676370787082,5.829513,0.083009,5.592167,15360
live,1054,15676374957569,15676375099489,15676375165218,15676379450105,4.492536,0.065729,4.284887,15360
live,1055,15676384957569,15676385069376,15676385141249,15676389310135,4.352566,0.071873,4.168886,15360
live,1056,15676394957569,15676395101536,15676395179489,15676400312931,5.355362,0.077953,5.133442,15360
live,1057,15676404957569,15676405082112,15676405142241,15676409439415,4.481846,0.060129,4.297174,15360
live,1058,15676414957569,15676415066815,15676415133920,15676418996657,4.039088,0.067105,3.862737,15360
live,1059,15676424957569,15676425080447,15676425141376,15676430182272,5.224703,0.060929,5.040896,15360
live,1060,15676434957569,15676435088895,15676435169216,15676441110444,6.152875,0.080321,5.941228,15360
live,1061,15676444957569,15676445074078,15676445137471,15676449566007,4.608438,0.063393,4.428536,15360
live,1062,15676454957569,15676455088094,15676455157567,15676460242944,5.285375,0.069473,5.085377,15360
live,1063,15676464957569,15676465065533,15676465124542,15676469555638,4.598069,0.059009,4.431096,15360
live,1064,15676474957569,15676475095133,15676475175070,15676480282079,5.32451,0.079937,5.107009,15360
live,1065,15676484957569,15676485157117,15676485222974,15676489548662,4.591093,0.065857,4.325688,15360
live,1066,15676494957569,15676495100156,15676495179869,15676499293394,4.335825,0.079713,4.113525,15360
live,1067,15676504957569,15676505094268,15676505154781,15676510184317,5.226748,0.060513,5.029536,15360
live,1068,15676514957569,15676515066299,15676515125692,15676518937100,3.979531,0.059393,3.811408,15360
live,1069,15676524957569,15676525087835,15676525171932,15676530247229,5.28966,0.084097,5.075297,15360
live,1070,15676534957569,15676535091131,15676535163772,15676540139835,5.182266,0.072641,4.976063,15360
live,1071,15676544957569,15676545069690,15676545142075,15676549000748,4.043179,0.072385,3.858673,15360
live,1072,15676554957569,15676555103290,15676555190011,15676560823107,5.865538,0.086721,5.633096,15360
live,1073,15676564957569,15676565097497,15676565196347,15676569560210,4.602641,0.09885,4.363863,15360
live,1074,15676574957569,15676575094297,15676575177242,15676579198157,4.240588,0.082945,4.020915,15360
live,1075,15676584957569,15676585081592,15676585159641,15676589477777,4.520208,0.078049,4.318136,15360
live,1076,15676594957569,15676595159161,15676595274458,15676600333627,5.376058,0.115297,5.059169,15360
live,1077,15676604957569,15676605086744,15676605157305,15676608950313,3.992744,0.070561,3.793008,15360
live,1078,15676614957569,15676615099223,15676615197273,15676620320218,5.362649,0.09805,5.122945,15360
live,1079,15676624957569,15676625091447,15676625163800,15676630186616,5.229047,0.072353,5.022816,15360
live,1080,15676634957569,15676635098167,15676635178040,15676641166660,6.209091,0.079873,5.98862,15360
live,1081,15676644957569,15676645122550,15676645224728,15676650365785,5.408216,0.102178,5.141057,15360
live,1082,15676654957569,15676655102614,15676655176567,15676659199466,4.241897,0.073953,4.022899,15360
live,1083,15676664957569,15676665067221,15676665137398,15676668969607,4.012038,0.070177,3.832209,15360
live,1084,15676674957569,15676675093141,15676675177718,15676680789406,5.831837,0.084577,5.611688,15360
live,1085,15676684957569,15676685122037,15676685223702,15676689839729,4.88216,0.101665,4.616027,15360
live,1086,15676694957569,15676695113012,15676695209270,15676700850813,5.893244,0.096258,5.641543,15360
live,1087,15676704957569,15676705090132,15676705150484,15676709436619,4.47905,0.060352,4.286135,15360
live,1088,15676714957569,15676715066003,15676715129972,15676718945028,3.987459,0.063969,3.815056,15360
live,1089,15676724957569,15676725099155,15676725178356,15676730785531,5.827962,0.079201,5.607175,15360
live,1090,15676734957569,15676735184788,15676735361718,15676741932266,6.974697,0.17693,6.570548,15360
live,1091,15676744957569,15676745154963,15676745267636,15676751104607,6.147038,0.112673,5.836971,15360
live,1092,15676754957569,15676755097810,15676755166355,15676760219891,5.262322,0.068545,5.053536,15360
live,1093,15676764957569,15676765076561,15676765151922,15676769290631,4.333062,0.075361,4.138709,15360
live,1094,15676774957569,15676775098641,15676775194194,15676780416117,5.458548,0.095553,5.221923,15360
live,1095,15676784957569,15676785099984,15676785186898,15676791300032,6.342463,0.086914,6.113134,15360
live,1096,15676794957569,15676795121168,15676795211025,15676800930362,5.972793,0.089857,5.719337,15360
live,1097,15676804957569,15676805092111,15676805161328,15676810295890,5.338321,0.069217,5.134562,15360
live,1098,15676814957569,15676815063855,15676815121679,15676819270500,4.312931,0.057824,4.148821,15360
live,1099,15676824957569,15676825101199,15676825188464,15676830819448,5.861879,0.087265,5.630984,15360
live,1100,15676834957569,15676835093870,15676835168911,15676843950847,8.993278,0.075041,8.781936,15360
live,1101,15676844957569,15676845067822,15676845114542,15676848919903,3.962334,0.04672,3.805361,15360
live,1102,15676854957569,15676855072365,15676855142382,15676859854186,4.896617,0.070017,4.711804,15360
live,1103,15676864957569,15676865089357,15676865159086,15676869474149,4.51658,0.069729,4.315063,15360
live,1104,15676874957569,15676875092685,15676875174958,15676879546341,4.588772,0.082273,4.371383,15360
live,1105,15676884957569,15676885104012,15676885183789,15676890283886,5.326317,0.079777,5.100097,15360
live,1106,15676894957569,15676895117708,15676895207757,15676899264577,4.307008,0.090049,4.05682,15360
live,1107,15676904957569,15676905075275,15676905129580,15676910084427,5.126858,0.054305,4.954847,15360
live,1108,15676914957569,15676915099403,15676915197132,15676920431535,5.473966,0.097729,5.234403,15360
live,1109,15676924957569,15676925104651,15676925203564,15676931282458,6.324889,0.098913,6.078894,15360
live,1110,15676934957569,15676935113898,15676935175787,15676940165387,5.207818,0.061889,4.9896,15360
live,1111,15676944957569,15676945078794,15676945151370,15676949163550,4.205981,0.072576,4.01218,15360
live,1112,15676954957569,15676955098473,15676955181130,15676960756658,5.799089,0.082657,5.575528,15360
live,1113,15676964957569,15676965086793,15676965147242,15676970029544,5.071975,0.060449,4.882302,15360
live,1114,15676974957569,15676975071880,15676975148969,15676979255998,4.298429,0.077089,4.107029,15360
live,1115,15676984957569,15676985099272,15676985176169,15676990808785,5.851216,0.076897,5.632616,15360
live,1116,15676994957569,15676995094088,15676995162921,15677000128360,5.170791,0.068833,4.965439,15360
live,1117,15677004957569,15677005073255,15677005129608,15677008961401,4.003832,0.056353,3.831793,15360
live,1118,15677014957569,15677015092935,15677015176968,15677020316810,5.359241,0.084033,5.139842,15360
live,1119,15677024957569,15677025084422,15677025146631,15677030131335,5.173766,0.062209,4.984704,15360
live,1120,15677034957569,15677035077638,15677035156007,15677040886768,5.929199,0.078369,5.730761,15360
live,1121,15677044957569,15677045117702,15677045220295,15677050325832,5.368263,0.102593,5.105537,15360
live,1122,15677054957569,15677055070629,15677055125414,15677058963671,4.006102,0.054785,3.838257,15360
live,1123,15677064957569,15677065082981,15677065167814,15677070312263,5.354694,0.084833,5.144449,15360
live,1124,15677074957569,15677075089604,15677075152037,15677080140549,5.18298,0.062433,4.988512,15360
live,1125,15677084957569,15677085070532,15677085139973,15677089217113,4.259544,0.069441,4.07714,15360
live,1126,15677094957569,15677095103204,15677095206853,15677100857581,5.900012,0.103649,5.650728,15360
live,1127,15677104957569,15677105127844,15677105200740,15677110637706,5.680137,0.072896,5.436966,15360
live,1128,15677114957569,15677115124867,15677115212964,15677119751998,4.794429,0.088097,4.539034,15360
live,1129,15677124957569,15677125127331,15677125217284,15677129151766,4.194197,0.089953,3.934482,15360
live,1130,15677134957569,15677135144003,15677135224548,15677139117045,4.159476,0.080545,3.892497,15360
live,1131,15677144957569,15677145221763,15677145396933,15677149539130,4.581561,0.17517,4.142197,15360
live,1132,15677154957569,15677155123009,15677155201186,15677159636187,4.678618,0.078177,4.435001,15360
live,1133,15677164957569,15677165117953,15677165198658,15677169606394,4.648825,0.080705,4.407736,15360
live,1134,15677174957569,15677175091584,15677175158945,15677179592122,4.634553,0.067361,4.433177,15360
live,1135,15677184957569,15677185089664,15677185160545,15677188971345,4.013776,0.070881,3.8108,15360
live,1136,15677194957569,15677195090655,15677195168192,15677200222017,5.264448,0.077537,5.053825,15360
live,1137,15677204957569,15677205106175,15677205203648,15677210229024,5.271455,0.097473,5.025376,15360
live,1138,15677214957569,15677215066686,15677215114879,15677219542455,4.584886,0.048193,4.427576,15360
live,1139,15677224957569,15677225083966,15677225171839,15677229793850,4.836281,0.087873,4.622011,15360
live,1140,15677234957569,15677235112062,15677235221663,15677245684005,10.726436,0.109601,10.462342,15360
live,1141,15677244957569,15677245129950,15677245814567,15677252231768,7.274199,0.684617,6.417201,15360
live,1142,15677254957569,15677255174366,15677255247359,15677260316736,5.359167,0.072993,5.069377,15360
live,1143,15677264957569,15677265112349,15677265193470,15677269054255,4.096686,0.081121,3.860785,15360
live,1144,15677274957569,15677275108444,15677275195709,15677280292254,5.334685,0.087265,5.096545,15360
live,1145,15677284957569,15677285100732,15677285170365,15677289114319,4.15675,0.069633,3.943954,15360
live,1146,15677294957569,15677295080539,15677295154460,15677298979437,4.021868,0.073921,3.824977,15360
live,1147,15677304957569,15677305096059,15677305167260,15677310208892,5.251323,0.071201,5.041632,15360
live,1148,15677314957569,15677315080986,15677315149787,15677319101102,4.143533,0.068801,3.951315,15360
live,1149,15677324957569,15677325105274,15677325182075,15677330310557,5.352988,0.076801,5.128482,15360
live,1150,15677334957569,15677335100122,15677335170523,15677339197294,4.239725,0.070401,4.026771,15360
live,1151,15677344957569,15677345075065,15677345140634,15677350100313,5.142744,0.065569,4.959679,15360
live,1152,15677354957569,15677355097305,15677355159802,15677360221626,5.264057,0.062497,5.061824,15360
live,1153,15677364957569,15677365107545,15677365198298,15677369298926,4.341357,0.090753,4.100628,15360
live,1154,15677374957569,15677375095864,15677375173785,15677379231213,4.273644,0.077921,4.057428,15360
live,1155,15677384957569,15677385104376,15677385182713,15677390237465,5.279896,0.078337,5.054752,15360
live,1156,15677394957569,15677395082903,15677395153720,15677399009577,4.052008,0.070817,3.855857,15360
live,1157,15677404957569,15677405170904,15677405287737,15677410415707,5.458138,0.116833,5.12797,15360
live,1158,15677414957569,15677415132311,15677415211640,15677420242552,5.284983,0.079329,5.030912,15360
live,1159,15677424957569,15677425082102,15677425137366,15677428938023,3.980454,0.055264,3.800657,15360
live,1160,15677434957569,15677435106038,15677435196759,15677445178902,10.221333,0.090721,9.982143,15360
live,1161,15677444957569,15677445209495,15677445377817,15677451005920,6.048351,0.168322,5.628103,15360
live,1162,15677454957569,15677455122709,15677455202486,15677460214038,5.256469,0.079777,5.011552,15360
live,1163,15677464957569,15677465081044,15677465151733,15677469083943,4.126374,0.070689,3.93221,15360
live,1164,15677474957569,15677475101012,15677475183253,15677480369431,5.411862,0.082241,5.186178,15360
live,1165,15677484957569,15677485108276,15677485183445,15677490156148,5.198579,0.075169,4.972703,15360
live,1166,15677494957569,15677495066707,15677495119891,15677499565996,4.608427,0.053184,4.446105,15360
live,1167,15677504957569,15677505102451,15677505193972,15677510313493,5.355924,0.091521,5.119521,15360
live,1168,15677514957569,15677515100530,15677515178419,15677519063013,4.105444,0.077889,3.884594,15360
live,1169,15677524957569,15677525073937,15677525142578,15677530564920,5.607351,0.068641,5.422342,15360
live,1170,15677534957569,15677535088689,15677535154482,15677539475177,4.517608,0.065793,4.320695,15360
live,1171,15677544957569,15677545075665,15677545149394,15677549156357,4.198788,0.073729,4.006963,15360
live,1172,15677554957569,15677555102961,15677555198578,15677560310387,5.352818,0.095617,5.111809,15360
live,1173,15677564957569,15677565111312,15677565198001,15677570790041,5.832472,0.086689,5.59204,15360
live,1174,15677574957569,15677575092208,15677575159472,15677579466855,4.509286,0.067264,4.307383,15360
live,1175,15677584957569,15677585063183,15677585127216,15677589081890,4.124321,0.064033,3.954674,15360
live,1176,15677594957569,15677595114223,15677595201904,15677600322258,5.364689,0.087681,5.120354,15360
live,1177,15677604957569,15677605107343,15677605203568,15677610286065,5.328496,0.096225,5.082497,15360
live,1178,15677614957569,15677615101486,15677615171023,15677620122286,5.164717,0.069537,4.951263,15360
live,1179,15677624957569,15677625073549,15677625144942,15677629356164,4.398595,0.071393,4.211222,15360
live,1180,15677634957569,15677635159214,15677635288400,15677645511474,10.553905,0.129186,10.223074,15360
live,1181,15677644957569,15677645171470,15677645630292,15677650744533,5.786964,0.458822,5.114241,15360
live,1182,15677654957569,15677655244334,15677655471441,15677660174221,5.216652,0.227107,4.70278,15360
live,1183,15677664957569,15677665091276,15677665168461,15677670706228,5.748659,0.077185,5.537767,15360
live,1184,15677674957569,15677675110764,15677675216013,15677680846773,5.889204,0.105249,5.63076,15360
live,1185,15677684957569,15677685338862,15677685438863,15677690550801,5.593232,0.100001,5.111938,15360
live,1186,15677694957569,15677695098987,15677695181900,15677699559940,4.602371,0.082913,4.37804,15360
live,1187,15677704957569,15677705133355,15677705231916,15677712020483,7.062914,0.098561,6.788567,15360
live,1188,15677714957569,15677715113674,15677715221931,15677719210142,4.252573,0.108257,3.988211,15360
live,1189,15677724957569,15677725081289,15677725147210,15677730626544,5.668975,0.065921,5.479334,15360
live,1190,15677734957569,15677735098857,15677735185002,15677740314508,5.356939,0.086145,5.129506,15360
live,1191,15677744957569,15677745072360,15677745135401,15677749675715,4.718146,0.063041,4.540314,15360
live,1192,15677754957569,15677755105864,15677755182473,15677760809713,5.852144,0.076609,5.62724,15360
live,1193,15677764957569,15677765109160,15677765196745,15677769553761,4.596192,0.087585,4.357016,15360
live,1194,15677774957569,15677775075655,15677775150472,15677779098330,4.140761,0.074817,3.947858,15360
live,1195,15677784957569,15677785110887,15677785186760,15677790261801,5.304232,0.075873,5.075041,15360
live,1196,15677794957569,15677795092167,15677795151399,15677799595296,4.637727,0.059232,4.443897,15360
live,1197,15677804957569,15677805097190,15677805184935,15677810539468,5.581899,0.087745,5.354533,15360
live,1198,15677814957569,15677815093126,15677815162727,15677820220327,5.262758,0.069601,5.0576,15360
live,1199,15677824957569,15677825068197,15677825132102,15677829189882,4.232313,0.063905,4.05778,15360
live,1200,15677834957569,15677835108421,15677835191238,15677845442313,10.484744,0.082817,10.251075,15360
live,1201,15677844957569,15677845098404,15677845558506,15677851420469,6.4629,0.460102,5.861963,15360
live,1202,15677854957569,15677855090724,15677855154405,15677859722111,4.764542,0.063681,4.567706,15360
live,1203,15677864957569,15677865112900,15677865217029,15677870400967,5.443398,0.104129,5.183938,15360
live,1204,15677874957569,15677875108963,15677875191908,15677881584214,6.626645,0.082945,6.392306,15360
live,1205,15677884957569,15677885074243,15677885148227,15677889248632,4.291063,0.073984,4.100405,15360
live,1206,15677894957569,15677895099682,15677895178755,15677900292805,5.335236,0.079073,5.11405,15360
live,1207,15677904957569,15677905096386,15677905168227,15677910248324,5.290755,0.071841,5.080097,15360
live,1208,15677914957569,15677915068993,15677915130050,15677921468403,6.510834,0.061057,6.338353,15360
live,1209,15677924957569,15677925075297,15677925134978,15677931820727,6.863158,0.059681,6.685749,15360
live,1210,15677934957569,15677935097985,15677935164802,15677939498009,4.54044,0.066817,4.333207,15360
live,1211,15677944957569,15677945067104,15677945131425,15677948928465,3.970896,0.064321,3.79704,15360
live,1212,15677954957569,15677955103968,15677955188257,15677960792457,5.834888,0.084289,5.6042,15360
live,1213,15677964957569,15677965093919,15677965174400,15677970222177,5.264608,0.080481,5.047777,15360
live,1214,15677974957569,15677975070431,15677975136704,15677979033681,4.076112,0.066273,3.896977,15360
live,1215,15677984957569,15677985104607,15677985184160,15677990763047,5.805478,0.079553,5.578887,15360
live,1216,15677994957569,15677995094462,15677995158175,15677999430550,4.472981,0.063713,4.272375,15360
live,1217,15678004957569,15678005072414,15678005141342,15678008981999,4.02443,0.068928,3.840657,15360
live,1218,15678014957569,15678015180606,15678015277152,15678020439938,5.482369,0.096546,5.162786,15360
live,1219,15678024957569,15678025117021,15678025185022,15678029474453,4.516884,0.068001,4.289431,15360
live,1220,15678034957569,15678035071932,15678035135485,15678040647139,5.68957,0.063553,5.511654,15360
live,1221,15678044957569,15678045103356,15678045183389,15678050788453,5.830884,0.080033,5.605064,15360
live,1222,15678054957569,15678055097532,15678055169949,15678059331186,4.373617,0.072417,4.161237,15360
live,1223,15678064957569,15678065136092,15678065231069,15678069738359,4.78079,0.094977,4.50729,15360
live,1224,15678074957569,15678075101307,15678075185628,15678080809700,5.852131,0.084321,5.624072,15360
live,1225,15678084957569,15678085092762,15678085150683,15678089451346,4.493777,0.057921,4.300663,15360
live,1226,15678094957569,15678095070650,15678095141563,15678099192558,4.234989,0.070913,4.050995,15360
live,1227,15678104957569,15678105088474,15678105142042,15678109435697,4.478128,0.053568,4.293655,15360
live,1228,15678114957569,15678115061817,15678115108985,15678119543474,4.585905,0.047168,4.434489,15360
live,1229,15678124957569,15678125095705,15678125185114,15678130274907,5.317338,0.089409,5.089793,15360
live,1230,15678134957569,15678135087576,15678135140665,15678139434448,4.476879,0.053089,4.293783,15360
live,1231,15678144957569,15678145065656,15678145116824,15678149465488,4.507919,0.051168,4.348664,15360
live,1232,15678154957569,15678155102040,15678155177945,15678160293978,5.336409,0.075905,5.116033,15360
live,1233,15678164957569,15678165098839,15678165172824,15678171441416,6.483847,0.073985,6.268592,15360
live,1234,15678174957569,15678175098935,15678175180152,15678180203576,5.246007,0.081217,5.023424,15360
live,1235,15678184957569,15678185092982,15678185153367,15678189723185,4.765616,0.060385,4.569818,15360
live,1236,15678194957569,15678195071574,15678195142998,15678199267499,4.30993,0.071424,4.124501,15360
live,1237,15678204957569,15678205159030,15678205289112,15678209922739,4.96517,0.130082,4.633627,15360
live,1238,15678214957569,15678215121493,15678215201238,15678220279799,5.32223,0.079745,5.078561,15360
live,1239,15678224957569,15678225093589,15678225150549,15678229051911,4.094342,0.05696,3.901362,15360
live,1240,15678234957569,15678235128693,15678235212278,15678246073472,11.115903,0.083585,10.861194,15360
live,1241,15678244957569,15678245114356,15678246173570,15678250609658,5.652089,1.059214,4.436088,15360
live,1242,15678254957569,15678255100851,15678255150452,15678258957221,3.999652,0.049601,3.806769,15360
live,1243,15678264957569,15678265101491,15678265186868,15678271037919,6.08035,0.085377,5.851051,15360
live,1244,15678274957569,15678275120563,15678275183796,15678279498731,4.541162,0.063233,4.314935,15360
live,1245,15678284957569,15678285080722,15678285143795,15678289466826,4.509257,0.063073,4.323031,15360
live,1246,15678294957569,15678295105394,15678295191091,15678300287892,5.330323,0.085697,5.096801,15360
live,1247,15678304957569,15678305089489,15678305158610,15678309460137,4.502568,0.069121,4.301527,15360
live,1248,15678314957569,15678315077265,15678315151186,15678319200645,4.243076,0.073921,4.049459,15360
live,1249,15678324957569,15678325122929,15678325186514,15678330230162,5.272593,0.063585,5.043648,15360
live,1250,15678334957569,15678335098992,15678335155665,15678339723371,4.765802,0.056673,4.567706,15360
live,1251,15678344957569,15678345076751,15678345150352,15678350159184,5.201615,0.073601,5.008832,15360
live,1252,15678354957569,15678355095023,15678355161008,15678359464935,4.507366,0.065985,4.303927,15360
live,1253,15678364957569,15678365081167,15678365161328,15678369488167,4.530598,0.080161,4.326839,15360
live,1254,15678374957569,15678375135247,15678375222672,15678379817003,4.859434,0.087425,4.594331,15360
live,1255,15678384957569,15678385096206,15678385151983,15678389457190,4.499621,0.055777,4.305207,15360
live,1256,15678394957569,15678395080493,15678395139278,15678399608807,4.651238,0.058785,4.469529,15360
live,1257,15678404957569,15678405106701,15678405202766,15678410787350,5.829781,0.096065,5.584584,15360
live,1258,15678414957569,15678415096781,15678415154029,15678419452036,4.494467,0.057248,4.298007,15360
live,1259,15678424957569,15678425099468,15678425180013,15678429320738,4.363169,0.080545,4.140725,15360
live,1260,15678434957569,15678435121228,15678435212717,15678445832661,10.875092,0.091489,10.619944,15360
live,1261,15678444957569,15678445115596,15678445972567,15678451622591,6.665022,0.856971,5.650024,15360
live,1262,15678454957569,15678455168812,15678455265421,15678460343694,5.386125,0.096609,5.078273,15360
live,1263,15678464957569,15678465083210,15678465144523,15678469476642,4.519073,0.061313,4.332119,15360
live,1264,15678474957569,15678475097610,15678475169195,15678480775699,5.81813,0.071585,5.606504,15360
live,1265,15678484957569,15678485123722,15678485214827,15678489704933,4.747364,0.091105,4.490106,15360
live,1266,15678494957569,15678495346573,15678495446094,15678500058153,5.100584,0.099521,4.612059,15360
live,1267,15678504957569,15678505092745,15678505164010,15678509458689,4.50112,0.071265,4.294679,15360
live,1268,15678514957569,15678515076776,15678515159913,15678519242877,4.285308,0.083137,4.082964,15360
live,1269,15678524957569,15678525113608,15678525190921,15678529562337,4.604768,0.077313,4.371416,15360
live,1270,15678534957569,15678535091816,15678535157512,15678539806308,4.848739,0.065696,4.648796,15360
live,1271,15678544957569,15678545072807,15678545142280,15678549459231,4.501662,0.069473,4.316951,15360
live,1272,15678554957569,15678555105991,15678555204360,15678560312201,5.354632,0.098369,5.107841,15360
live,1273,15678564957569,15678565084390,15678565150343,15678569451806,4.494237,0.065953,4.301463,15360
live,1274,15678574957569,15678575541452,15678575678637,15678580079910,5.122341,0.137185,4.401273,15360
live,1275,15678584957569,15678585125286,15678585222919,15678590894032,5.936463,0.097633,5.671113,15360
live,1276,15678594957569,15678595094917,15678595162438,15678600178758,5.221189,0.067521,5.01632,15360
live,1277,15678604957569,15678605075140,15678605149157,15678609205401,4.247832,0.074017,4.056244,15360
live,1278,15678614957569,15678615103172,15678615186629,15678620321031,5.363462,0.083457,5.134402,15360
live,1279,15678624957569,15678625148837,15678625259942,15678631579255,6.621686,0.111105,6.319313,15360
live,1280,15678634957569,15678635125796,15678635215397,15678645296774,10.339205,0.089601,10.081377,15360
live,1281,15678644957569,15678645155076,15678645428903,15678650531848,5.574279,0.273827,5.102945,15360
live,1282,15678654957569,15678655083555,15678655134499,15678659444538,4.486969,0.050944,4.310039,15360
live,1283,15678664957569,15678665092738,15678665189027,15678670263140,5.305571,0.096289,5.074113,15360
live,1284,15678674957569,15678675090338,15678675148803,15678679493274,4.535705,0.058465,4.344471,15360
live,1285,15678684957569,15678685066145,15678685142338,15678689080180,4.122611,0.076193,3.937842,15360
live,1286,15678694957569,15678695096321,15678695174818,15678700316068,5.358499,0.078497,5.14125,15360
live,1287,15678704957569,15678705119649,15678705190050,15678710223746,5.266177,0.070401,5.033696,15360
live,1288,15678714957569,15678715094912,15678715168321,15678719726107,4.768538,0.073409,4.557786,15360
live,1289,15678724957569,15678725084864,15678725155553,15678733321577,8.364008,0.070689,8.166024,15360
live,1290,15678734957569,15678735097535,15678735174528,15678740234977,5.277408,0.076993,5.060449,15360
live,1291,15678744957569,15678745059998,15678745120159,15678749069778,4.112209,0.060161,3.949619,15360
live,1292,15678754957569,15678755109887,15678755189664,15678760823848,5.866279,0.079777,5.634184,15360
live,1293,15678764957569,15678765110910,15678765194175,15678770828359,5.87079,0.083265,5.634184,15360
live,1294,15678774957569,15678775168319,15678775231135,15678779591671,4.634102,0.062816,4.360536,15360
live,1295,15678784957569,15678785076253,15678785128414,15678788968751,4.011182,0.052161,3.840337,15360
live,1296,15678794957569,15678795107709,15678795187390,15678800803718,5.846149,0.079681,5.616328,15360
live,1297,15678804957569,15678805096252,15678805172029,15678810743012,5.785443,0.075777,5.570983,15360
live,1298,15678814957569,15678815085948,15678815143165,15678820068955,5.111386,0.057217,4.92579,15360
live,1299,15678824957569,15678825073819,15678825139260,15678829259793,4.302224,0.065441,4.120533,15360
live,1300,15678834957569,15678835108411,15678835197276,15678845310237,10.352668,0.088865,10.112961,15360
live,1301,15678844957569,15678845165372,15678845443039,15678851104839,6.14727,0.277667,5.6618,15360
live,1302,15678854957569,15678855117691,15678855178523,15678859504467,4.546898,0.060832,4.325944,15360
live,1303,15678864957569,15678865067706,15678865141626,15678868932139,3.97457,0.07392,3.790513,15360
live,1304,15678874957569,15678875086329,15678875146746,15678879445681,4.488112,0.060417,4.298935,15360
live,1305,15678884957569,15678885094425,15678885172826,15678889172397,4.214828,0.078401,3.999571,15360
live,1306,15678894957569,15678895078008,15678895144601,15678900149689,5.19212,0.066593,5.005088,15360
live,1307,15678904957569,15678905104408,15678905201018,15678910846914,5.889345,0.09661,5.645896,15360
live,1308,15678914957569,15678915102936,15678915174457,15678920173433,5.215864,0.071521,4.998976,15360
live,1309,15678924957569,15678925060183,15678925111064,15678929130667,4.173098,0.050881,4.019603,15360
live,1310,15678934957569,15678935100471,15678935188280,15678940934017,5.976448,0.087809,5.745737,15360
live,1311,15678944957569,15678945093495,15678945162487,15678950188184,5.230615,0.068992,5.025697,15360
live,1312,15678954957569,15678955067734,15678955133079,15678959579375,4.621806,0.065345,4.446296,15360
live,1313,15678964957569,15678965073493,15678965133462,15678970850207,5.892638,0.059969,5.716745,15360
live,1314,15678974957569,15678975156438,15678975267895,15678980379449,5.42188,0.111457,5.111554,15360
live,1315,15678984957569,15678985081493,15678985145590,15678989036071,4.078502,0.064097,3.890481,15360
live,1316,15678994957569,15678995098964,15678995188022,15679000836766,5.879197,0.089058,5.648744,15360
live,1317,15679004957569,15679005095700,15679005171637,15679009471820,4.514251,0.075937,4.300183,15360
live,1318,15679014957569,15679015081939,15679015137940,15679019220456,4.262887,0.056001,4.082516,15360
live,1319,15679024957569,15679025104499,15679025192724,15679030339414,5.381845,0.088225,5.14669,15360
live,1320,15679034957569,15679035102131,15679035196628,15679043203738,8.246169,0.094497,8.00711,15360
live,1321,15679044957569,15679045074354,15679045139123,15679048955556,3.997987,0.064769,3.816433,15360
live,1322,15679054957569,15679055104210,15679055196755,15679060839195,5.881626,0.092545,5.64244,15360
live,1323,15679064957569,15679065084273,15679065148402,15679069428393,4.470824,0.064129,4.279991,15360
live,1324,15679074957569,15679075066961,15679075140082,15679078952130,3.994561,0.073121,3.812048,15360
live,1325,15679084957569,15679085275187,15679085386516,15679089917806,4.960237,0.111329,4.53129,15360
live,1326,15679094957569,15679095062000,15679095114928,15679098900769,3.9432,0.052928,3.785841,15360
live,1327,15679104957569,15679105093456,15679105183249,15679110800313,5.842744,0.089793,5.617064,15360
live,1328,15679114957569,15679115089039,15679115146448,15679119429511,4.471942,0.057409,4.283063,15360
live,1329,15679124957569,15679125067343,15679125135791,15679129196867,4.239298,0.068448,4.061076,15360
live,1330,15679134957569,15679135102159,15679135195408,15679140990586,6.033017,0.093249,5.795178,15360
live,1331,15679144957569,15679145092366,15679145165743,15679149471718,4.514149,0.073377,4.305975,15360
live,1332,15679154957569,15679155066285,15679155128782,15679159190050,4.232481,0.062497,4.061268,15360
live,1333,15679164957569,15679165098829,15679165182414,15679170351344,5.393775,0.083585,5.16893,15360
live,1334,15679174957569,15679175084109,15679175151022,15679179457221,4.499652,0.066913,4.306199,15360
live,1335,15679184957569,15679185069708,15679185137613,15679190601139,5.64357,0.067905,5.463526,15360
live,1336,15679194957569,15679195098828,15679195179053,15679200747540,5.789971,0.080225,5.568487,15360
live,1337,15679204957569,15679205088524,15679205143980,15679210034251,5.076682,0.055456,4.890271,15360
live,1338,15679214957569,15679215071435,15679215143212,15679219276161,4.318592,0.071777,4.132949,15360
live,1339,15679224957569,15679225097739,15679225184620,15679230778323,5.820754,0.086881,5.593703,15360
live,1340,15679234957569,15679235086858,15679235156555,15679244139166,9.181597,0.069697,8.982611,15360
live,1341,15679244957569,15679245088810,15679245162347,15679249324544,4.366975,0.073537,4.162197,15360
live,1342,15679254957569,15679255066697,15679255131402,15679259039676,4.082107,0.064705,3.908274,15360
live,1343,15679264957569,15679265107177,15679265198602,15679270792210,5.834641,0.091425,5.593608,15360
live,1344,15679274957569,15679275106505,15679275183626,15679280230570,5.273001,0.077121,5.046944,15360
live,1345,15679284957569,15679285070248,15679285119689,15679288970746,4.013177,0.049441,3.851057,15360
live,1346,15679294957569,15679295099304,15679295199305,15679300364075,5.406506,0.100001,5.16477,15360
live,1347,15679304957569,15679305097767,15679305157416,15679309449983,4.492414,0.059649,4.292567,15360
live,1348,15679314957569,15679315071463,15679315128167,15679319051769,4.0942,0.056704,3.923602,15360
live,1349,15679324957569,15679325089382,15679325155719,15679329446622,4.489053,0.066337,4.290903,15360
live,1350,15679334957569,15679335076006,15679335137127,15679339058585,4.101016,0.061121,3.921458,15360
live,1351,15679344957569,15679345071013,15679345135782,15679351584600,6.627031,0.064769,6.448818,15360
live,1352,15679354957569,15679355095525,15679355161190,15679359482205,4.524636,0.065665,4.321015,15360
live,1353,15679364957569,15679365068773,15679365130245,15679369172633,4.215064,0.061472,4.042388,15360
live,1354,15679374957569,15679375131461,15679375227430,15679380838990,5.881421,0.095969,5.61156,15360
live,1355,15679384957569,15679385110532,15679385197445,15679389653118,4.695549,0.086913,4.455673,15360
live,1356,15679394957569,15679395110436,15679395204357,15679400849453,5.891884,0.093921,5.645096,15360
live,1357,15679404957569,15679405113315,15679405198084,15679410792748,5.835179,0.084769,5.594664,15360
live,1358,15679414957569,15679415081123,15679415143395,15679420139235,5.181666,0.062272,4.99584,15360
live,1359,15679424957569,15679425062306,15679425116515,15679429165206,4.207637,0.054209,4.048691,15360
live,1360,15679434957569,15679435097666,15679435190147,15679445041729,10.08416,0.092481,9.851582,15360
live,1361,15679444957569,15679445236195,15679445318020,15679450409477,5.451908,0.081825,5.091457,15360
live,1362,15679454957569,15679455069409,15679455130594,15679459454201,4.496632,0.061185,4.323607,15360
live,1363,15679464957569,15679465095713,15679465176290,15679470262691,5.305122,0.080577,5.086401,15360
live,1364,15679474957569,15679475091168,15679475169665,15679480203457,5.245888,0.078497,5.033792,15360
live,1365,15679484957569,15679485074944,15679485149697,15679489016114,4.058545,0.074753,3.866417,15360
live,1366,15679494957569,15679495072287,15679495142304,15679499520056,4.562487,0.070017,4.377752,15360
live,1367,15679504957569,15679505126303,15679505223233,15679509581912,4.624343,0.09693,4.358679,15360
live,1368,15679514957569,15679515085566,15679515157535,15679519010673,4.053104,0.071969,3.853138,15360
live,1369,15679524957569,15679525101182,15679525197951,15679530299009,5.34144,0.096769,5.101058,15360
live,1370,15679534957569,15679535172191,15679535242304,15679540293376,5.335807,0.070113,5.051072,15360
live,1371,15679544957569,15679545278112,15679545363265,15679549810777,4.853208,0.085153,4.447512,15360
live,1372,15679554957569,15679555130429,15679555224287,15679560832166,5.874597,0.093858,5.607879,15360
live,1373,15679564957569,15679565096284,15679565179486,15679570815173,5.857604,0.083202,5.635687,15360
live,1374,15679574957569,15679575090652,15679575160445,15679579475252,4.517683,0.069793,4.314807,15360
live,1375,15679584957569,15679585058779,15679585109116,15679588813035,3.855466,0.050337,3.703919,15360
live,1376,15679594957569,15679595102331,15679595166620,15679601840913,6.883344,0.064289,6.674293,15360
live,1377,15679604957569,15679605103579,15679605203900,15679610796804,5.839235,0.100321,5.592904,15360
live,1378,15679614957569,15679615093146,15679615158395,15679620173563,5.215994,0.065249,5.015168,15360
live,1379,15679624957569,15679625071770,15679625143611,15679629189870,4.232301,0.071841,4.046259,15360
live,1380,15679634957569,15679635088313,15679635169466,15679644980248,10.022679,0.081153,9.810782,15360
live,1381,15679644957569,15679645151962,15679645220091,15679650287067,5.329498,0.068129,5.066976,15360
live,1382,15679654957569,15679655059352,15679655109657,15679659483217,4.525648,0.050305,4.37356,15360
live,1383,15679664957569,15679665094072,15679665176185,15679670305115,5.347546,0.082113,5.12893,15360
live,1384,15679674957569,15679675087096,15679675142392,15679680170393,5.212824,0.055296,5.028001,15360
live,1385,15679684957569,15679685066935,15679685132376,15679689051498,4.093929,0.065441,3.919122,15360
live,1386,15679694957569,15679695102167,15679695186232,15679701074851,6.117282,0.084065,5.888619,15360
live,1387,15679704957569,15679705092247,15679705155927,15679709478094,4.520525,0.06368,4.322167,15360
live,1388,15679714957569,15679715069718,15679715127031,15679719043529,4.08596,0.057313,3.916498,15360
live,1389,15679724957569,15679725085398,15679725144758,15679730170518,5.212949,0.05936,5.02576,15360
live,1390,15679734957569,15679735080917,15679735145366,15679739161129,4.20356,0.064449,4.015763,15360
live,1391,15679744957569,15679745069269,15679745137301,15679751377797,6.420228,0.068032,6.240496,15360
live,1392,15679754957569,15679755103093,15679755187670,15679760257366,5.299797,0.084577,5.069696,15360
live,1393,15679764957569,15679765097556,15679765165013,15679769380555,4.422986,0.067457,4.215542,15360
live,1394,15679774957569,15679775072019,15679775132884,15679779190184,4.232615,0.060865,4.0573,15360
live,1395,15679784957569,15679785100915,15679785196948,15679790246997,5.289428,0.096033,5.050049,15360
live,1396,15679794957569,15679795097395,15679795173460,15679800195764,5.238195,0.076065,5.022304,15360
live,1397,15679804957569,15679805095506,15679805173715,15679809400041,4.442472,0.078209,4.226326,15360
live,1398,15679814957569,15679815105842,15679815192851,15679820807707,5.850138,0.087009,5.614856,15360
live,1399,15679824957569,15679825092433,15679825168818,15679830748186,5.790617,0.076385,5.579368,15360
live,1400,15679834957569,15679835099441,15679835174578,15679844485289,9.52772,0.075137,9.310711,15360
live,1401,15679844957569,15679845088657,15679845153265,15679849483817,4.526248,0.064608,4.330552,15360
live,1402,15679854957569,15679855062000,15679855117297,15679859586058,4.628489,0.055297,4.468761,15360
live,1403,15679864957569,15679865100912,15679865174993,15679870824569,5.867,0.074081,5.649576,15360
live,1404,15679874957569,15679875140912,15679875238865,15679880361459,5.40389,0.097953,5.122594,15360
live,1405,15679884957569,15679885094063,15679885147184,15679889429094,4.471525,0.053121,4.28191,15360
live,1406,15679894957569,15679895070766,15679895145263,15679899161314,4.203745,0.074497,4.016051,15360
live,1407,15679904957569,15679905102318,15679905210128,15679909824234,4.866665,0.10781,4.614106,15360
live,1408,15679914957569,15679915107822,15679915202735,15679920997913,6.040344,0.094913,5.795178,15360
live,1409,15679924957569,15679925091917,15679925148078,15679929433669,4.4761,0.056161,4.285591,15360
live,1410,15679934957569,15679935055820,15679935106989,15679939069792,4.112223,0.051169,3.962803,15360
live,1411,15679944957569,15679945094252,15679945174605,15679950868438,5.910869,0.080353,5.693833,15360
live,1412,15679954957569,15679955097388,15679955169165,15679960199981,5.242412,0.071777,5.030816,15360
live,1413,15679964957569,15679965071947,15679965136588,15679969181280,4.223711,0.064641,4.044692,15360
live,1414,15679974957569,15679975102731,15679975184876,15679980294286,5.336717,0.082145,5.10941,15360
live,1415,15679984957569,15679985098123,15679985177580,15679990274413,5.316844,0.079457,5.096833,15360
live,1416,15679994957569,15679995102762,15679995188108,15680000297485,5.339916,0.085346,5.109377,15360
live,1417,15680004957569,15680005101066,15680005199211,15680010364461,5.406892,0.098145,5.16525,15360
live,1418,15680014957569,15680015105770,15680015174187,15680019503650,4.546081,0.068417,4.329463,15360
live,1419,15680024957569,15680025074537,15680025145418,15680029223774,4.266205,0.070881,4.078356,15360
live,1420,15680034957569,15680035098185,15680035175370,15680046024916,11.067347,0.077185,10.849546,15360
live,1421,15680044957569,15680045103976,15680046116917,15680051270743,6.313174,1.012941,5.153826,15360
live,1422,15680054957569,15680055142824,15680055217641,15680059256477,4.298908,0.074817,4.038836,15360
live,1423,15680064957569,15680065076295,15680065139112,15680070613838,5.656269,0.062817,5.474726,15360
live,1424,15680074957569,15680075082055,15680075138087,15680080158664,5.201095,0.056032,5.020577,15360
live,1425,15680084957569,15680085054374,15680085098951,15680089389437,4.431868,0.044577,4.290486,15360
live,1426,15680094957569,15680095096454,15680095179687,15680100859824,5.902255,0.083233,5.680137,15360
live,1427,15680104957569,15680105192775,15680105317993,15680110173350,5.215781,0.125218,4.855357,15360
live,1428,15680114957569,15680115088741,15680115155590,15680119466045,4.508476,0.066849,4.310455,15360
live,1429,15680124957569,15680125069028,15680125140517,15680129197209,4.23964,0.071489,4.056692,15360
live,1430,15680134957569,15680135106501,15680135178373,15680140803309,5.84574,0.071872,5.624936,15360
live,1431,15680144957569,15680145096932,15680145177157,15680150797133,5.839564,0.080225,5.619976,15360
live,1432,15680154957569,15680155104196,15680155179813,15680159928417,4.970848,0.075617,4.748604,15360
live,1433,15680164957569,15680165067235,15680165132292,15680168983669,4.0261,0.065057,3.851377,15360
live,1434,15680174957569,15680175068482,15680175123427,15680180657546,5.699977,0.054945,5.534119,15360
live,1435,15680184957569,15680185100162,15680185173539,15680190324645,5.367076,0.073377,5.151106,15360
live,1436,15680194957569,15680195084194,15680195139970,15680200119682,5.162113,0.055776,4.979712,15360
live,1437,15680204957569,15680205067809,15680205125698,15680209859390,4.901821,0.057889,4.733692,15360
live,1438,15680214957569,15680215111969,15680215205122,15680220882059,5.92449,0.093153,5.676937,15360
live,1439,15680224957569,15680225100545,15680225182146,15680229621850,4.664281,0.081601,4.439704,15360
live,1440,15680234957569,15680235096640,15680235183137,15680245686375,10.728806,0.086497,10.503238,15360
live,1441,15680244957569,15680245099648,15680245819209,15680251015563,6.057994,0.719561,5.196354,15360
live,1442,15680254957569,15680255102239,15680255186592,15680260690183,5.732614,0.084353,5.503591,15360
live,1443,15680264957569,15680265125663,15680265191008,15680270219648,5.262079,0.065345,5.02864,15360
live,1444,15680274957569,15680275079294,15680275156319,15680279256372,4.298803,0.077025,4.100053,15360
live,1445,15680284957569,15680285102398,15680285191231,15680290829991,5.872422,0.088833,5.63876,15360
live,1446,15680294957569,15680295157694,15680295233503,15680299578103,4.620534,0.075809,4.3446,15360
live,1447,15680304957569,15680305116349,15680305194942,15680309220210,4.262641,0.078593,4.025268,15360
live,1448,15680314957569,15680315123261,15680315200702,15680320814534,5.856965,0.077441,5.613832,15360
live,1449,15680324957569,15680325091868,15680325148061,15680329448948,4.491379,0.056193,4.300887,15360
live,1450,15680334957569,15680335074684,15680335142653,15680339081359,4.12379,0.067969,3.938706,15360
live,1451,15680344957569,15680345089691,15680345147324,15680350099931,5.142362,0.057633,4.952607,15360
live,1452,15680354957569,15680355073435,15680355118843,15680359498547,4.540978,0.045408,4.379704,15360
live,1453,15680364957569,15680365135035,15680365244093,15680370562400,5.604831,0.109058,5.318307,15360
live,1454,15680374957569,15680375097178,15680375164763,15680379462546,4.504977,0.067585,4.297783,15360
live,1455,15680384957569,15680385065337,15680385128858,15680389146957,4.189388,0.063521,4.018099,15360
live,1456,15680394957569,15680395099065,15680395192411,15680400823842,5.866273,0.093346,5.631431,15360
live,1457,15680404957569,15680405083193,15680405142202,15680409439472,4.481903,0.059009,4.29727,15360
live,1458,15680414957569,15680415097049,15680415184026,15680419367151,4.409582,0.086977,4.183125,15360
live,1459,15680424957569,15680425090392,15680425148665,15680429478704,4.521135,0.058273,4.330039,15360
live,1460,15680434957569,15680435076983,15680435136824,15680441016675,6.059106,0.059841,5.879851,15360
live,1461,15680444957569,15680445073079,15680445145112,15680449495919,4.53835,0.072033,4.350807,15360
live,1462,15680454957569,15680455102295,15680455185784,15680460280185,5.322616,0.083489,5.094401,15360
live,1463,15680464957569,15680465111927,15680465190616,15680469068137,4.110568,0.078689,3.877521,15360
live,1464,15680474957569,15680475073334,15680475142423,15680480078294,5.120725,0.069089,4.935871,15360
live,1465,15680484957569,15680485115222,15680485197911,15680490294808,5.337239,0.082689,5.096897,15360
live,1466,15680494957569,15680495092053,15680495185590,15680500862175,5.904606,0.093537,5.676585,15360
live,1467,15680504957569,15680505107733,15680505211766,15680509763568,4.805999,0.104033,4.551802,15360
live,1468,15680514957569,15680515121973,15680515197398,15680520244246,5.286677,0.075425,5.046848,15360
live,1469,15680524957569,15680525084436,15680525142292,15680529080039,4.12247,0.057856,3.937747,15360
live,1470,15680534957569,15680535123060,15680535235285,15680540978686,6.021117,0.112225,5.743401,15360
live,1471,15680544957569,15680545123763,15680545204532,15680549524652,4.567083,0.080769,4.32012,15360
live,1472,15680554957569,15680555078066,15680555142323,15680559040677,4.083108,0.064257,3.898354,15360
live,1473,15680564957569,15680565127475,15680565223700,15680570337589,5.38002,0.096225,5.113889,15360
live,1474,15680574957569,15680575100978,15680575173907,15680580217715,5.260146,0.072929,5.043808,15360
live,1475,15680584957569,15680585073425,15680585125490,15680589469609,4.51204,0.052065,4.344119,15360
live,1476,15680594957569,15680595108433,15680595201490,15680600332852,5.375283,0.093057,5.131362,15360
live,1477,15680604957569,15680605108977,15680605192018,15680610818297,5.860728,0.083041,5.626279,15360
live,1478,15680614957569,15680615337363,15680615416084,15680620443636,5.486067,0.078721,5.027552,15360
live,1479,15680624957569,15680625096144,15680625176529,15680628977857,4.020288,0.080385,3.801328,15360
live,1480,15680634957569,15680635125072,15680635217425,15680644519751,9.562182,0.092353,9.302326,15360
live,1481,15680644957569,15680645103759,15680645174640,15680650224560,5.266991,0.070881,5.04992,15360
live,1482,15680654957569,15680655064718,15680655113743,15680659553095,4.595526,0.049025,4.439352,15360
live,1483,15680664957569,15680665113454,15680665195759,15680672896081,7.938512,0.082305,7.700322,15360
live,1484,15680674957569,15680675112686,15680675186159,15680680293936,5.336367,0.073473,5.107777,15360
live,1485,15680684957569,15680685092589,15680685161390,15680689737384,4.779815,0.068801,4.575994,15360
live,1486,15680694957569,15680695078572,15680695151533,15680699559046,4.601477,0.072961,4.407513,15360
live,1487,15680704957569,15680705102412,15680705164109,15680709440196,4.482627,0.061697,4.276087,15360
live,1488,15680714957569,15680715083532,15680715155117,15680720569874,5.612305,0.071585,5.414757,15360
live,1489,15680724957569,15680725125292,15680725225613,15680729742183,4.784614,0.100321,4.51657,15360
live,1490,15680734957569,15680735096907,15680735164236,15680740193036,5.235467,0.067329,5.0288,15360
live,1491,15680744957569,15680745085098,15680745159979,15680749053277,4.095708,0.074881,3.893298,15360
live,1492,15680754957569,15680755104714,15680755186123,15680760305261,5.347692,0.081409,5.119138,15360
live,1493,15680764957569,15680765101642,15680765171243,15680769733221,4.775652,0.069601,4.561978,15360
live,1494,15680774957569,15680775074409,15680775138474,15680780848179,5.89061,0.064065,5.709705,15360
live,1495,15680784957569,15680785099369,15680785172138,15680789481857,4.524288,0.072769,4.309719,15360
live,1496,15680794957569,15680795066440,15680795114057,15680798909689,3.95212,0.047617,3.795632,15360
live,1497,15680804957569,15680805084776,15680805158089,15680810405292,5.447723,0.073313,5.247203,15360
live,1498,15680814957569,15680815094696,15680815152968,15680819437791,4.480222,0.058272,4.284823,15360
live,1499,15680824957569,15680825080295,15680825213865,15680829195355,4.237786,0.13357,3.98149,15360
