stage,sequence,release_ns,queued_ns,start_ns,end_ns,age_ms,queue_ms,service_ms,output_samples
live,0,16610216901385,16610217196346,16610217527006,16610219417908,2.516523,0.33066,1.890902,480
live,1,16610226901385,16610227161071,16610227529012,16610228146235,1.24485,0.367941,0.617223,480
live,2,16610236901385,16610237040100,16610237343527,16610238237202,1.335817,0.303427,0.893675,480
live,3,16610246901385,16610247034105,16610247342909,16610248256168,1.354783,0.308804,0.913259,480
live,4,16610256901385,16610257076848,16610257462708,16610258736419,1.835034,0.38586,1.273711,480
live,5,16610266901385,16610267081253,16610267151654,16610267866127,0.964742,0.070401,0.714473,480
live,6,16610276901385,16610277014074,16610277056091,16610277750627,0.849242,0.042017,0.694536,480
live,7,16610286901385,16610287030256,16610287112369,16610287918267,1.016882,0.082113,0.805898,480
live,8,16610296901385,16610297055239,16610297138887,16610298273077,1.371692,0.083648,1.13419,480
live,9,16610306901385,16610307064988,16610307151837,16610308304747,1.403362,0.086849,1.15291,480
live,10,16610316901385,16610317052498,16610317133011,16610318245504,1.344119,0.080513,1.112493,480
live,11,16610326901385,16610327063624,16610327152841,16610328209845,1.30846,0.089217,1.057004,480
live,12,16610336901385,16610337042750,16610337170303,16610338440430,1.539045,0.127553,1.270127,480
live,13,16610346901385,16610347052563,16610347123188,16610347910654,1.009269,0.070625,0.787466,480
live,14,16610356901385,16610357041577,16610357114794,16610357891443,0.990058,0.073217,0.776649,480
live,15,16610366901385,16610367049215,16610367411491,16610368815220,1.913835,0.362276,1.403729,480
live,16,16610376901385,16610377031349,16610377317624,16610378332452,1.431067,0.286275,1.014828,480
live,17,16610386901385,16610387023242,16610387101579,16610388833984,1.932599,0.078337,1.732405,480
live,18,16610396901385,16610397054784,16610397139329,16610399227482,2.326097,0.084545,2.088153,480
live,19,16610406901385,16610407050486,16610407141559,16610409171631,2.270246,0.091073,2.030072,480
live,20,16610416901385,16610417048108,16610417129677,16610420280946,3.379561,0.081569,3.151269,480
live,21,16610426901385,16610427045058,16610427132483,16610429168283,2.266898,0.087425,2.0358,480
live,22,16610436901385,16610437047352,16610437135577,16610439150448,2.249063,0.088225,2.014871,480
live,23,16610446901385,16610447057453,16610447133326,16610449187655,2.28627,0.075873,2.054329,480
live,24,16610456901385,16610457044131,16610457135044,16610459151100,2.249715,0.090913,2.016056,480
live,25,16610466901385,16610467046393,16610467138650,16610468959119,2.057734,0.092257,1.820469,480
live,26,16610476901385,16610477018862,16610477054447,16610478121659,1.220274,0.035585,1.067212,480
live,27,16610486901385,16610487016484,16610487091845,16610488550294,1.648909,0.075361,1.458449,480
live,28,16610496901385,16610497044858,16610497123515,16610498736398,1.835013,0.078657,1.612883,480
live,29,16610506901385,16610507032656,16610507112369,16610508518337,1.616952,0.079713,1.405968,480
live,30,16610516901385,16610517046310,16610517125639,16610518759898,1.858513,0.079329,1.634259,480
live,31,16610526901385,16610527046300,16610527124861,16610528775376,1.873991,0.078561,1.650515,480
live,32,16610536901385,16610537052658,16610537157683,16610538831783,1.930398,0.105025,1.6741,480
live,33,16610546901385,16610547057863,16610547155593,16610548889245,1.98786,0.09773,1.733652,480
live,34,16610556901385,16610557050269,16610557127646,16610558672176,1.770791,0.077377,1.54453,480
live,35,16610566901385,16610567027891,16610567108724,16610568663686,1.762301,0.080833,1.554962,480
live,36,16610576901385,16610577049545,16610577131722,16610579178434,2.277049,0.082177,2.046712,480
live,37,16610586901385,16610587047871,16610587129791,16610589154775,2.25339,0.08192,2.024984,480
live,38,16610596901385,16610597097077,16610597220438,16610599350095,2.44871,0.123361,2.129657,480
live,39,16610606901385,16610607072778,16610607171180,16610609111554,2.210169,0.098402,1.940374,480
live,40,16610616901385,16610617054848,16610617152961,16610619644062,2.742677,0.098113,2.491101,480
live,41,16610626901385,16610627051126,16610627142103,16610628825963,1.924578,0.090977,1.68386,480
live,42,16610636901385,16610637050604,16610637133292,16610638769472,1.868087,0.082688,1.63618,480
live,43,16610646901385,16610647055937,16610647146658,16610648848439,1.947054,0.090721,1.701781,480
live,44,16610656901385,16610657048535,16610657144760,16610658830508,1.929123,0.096225,1.685748,480
live,45,16610666901385,16610667050669,16610667138606,16610668924739,2.023354,0.087937,1.786133,480
live,46,16610676901385,16610677053347,16610677138916,16610679197308,2.295923,0.085569,2.058392,480
live,47,16610686901385,16610687050585,16610687150042,16610689181970,2.280585,0.099457,2.031928,480
live,48,16610696901385,16610697051246,16610697143471,16610699212872,2.311487,0.092225,2.069401,480
live,49,16610706901385,16610707051204,16610707142533,16610709074588,2.173203,0.091329,1.932055,480
live,50,16610716901385,16610717046714,16610717143483,16610718791694,1.890309,0.096769,1.648211,480
live,51,16610726901385,16610727046896,16610727126385,16610728817605,1.91622,0.079489,1.69122,480
live,52,16610736901385,16610737044709,16610737125286,16610738750842,1.849457,0.080577,1.625556,480
live,53,16610746901385,16610747051003,16610747143004,16610748831696,1.930311,0.092001,1.688692,480
live,54,16610756901385,16610757056145,16610757143634,16610758817414,1.916029,0.087489,1.67378,480
live,55,16610766901385,16610767053671,16610767139912,16610768922269,2.020884,0.086241,1.782357,480
live,56,16610776901385,16610777050621,16610777150206,16610779294071,2.392686,0.099585,2.143865,480
live,57,16610786901385,16610787051122,16610787133235,16610788941417,2.040032,0.082113,1.808182,480
live,58,16610796901385,16610797084873,16610797191146,16610798888222,1.986837,0.106273,1.697076,480
live,59,16610806901385,16610807054174,16610807140639,16610808827891,1.926506,0.086465,1.687252,480
live,60,16610816901385,16610817053556,16610817145653,16610819607922,2.706537,0.092097,2.462269,480
live,61,16610826901385,16610827045770,16610827132715,16610828811678,1.910293,0.086945,1.678963,480
live,62,16610836901385,16610837048191,16610837128768,16610838786388,1.885003,0.080577,1.65762,480
live,63,16610846901385,16610847045941,16610847127382,16610849186894,2.285509,0.081441,2.059512,480
live,64,16610856901385,16610857047659,16610857130028,16610858804544,1.903159,0.082369,1.674516,480
live,65,16610866901385,16610867051297,16610867133570,16610868800533,1.899148,0.082273,1.666963,480
live,66,16610876901385,16610877049623,16610877143032,16610879218992,2.317607,0.093409,2.07596,480
live,67,16610886901385,16610887047660,16610887131981,16610889176965,2.27558,0.084321,2.044984,480
live,68,16610896901385,16610897048130,16610897144227,16610899137915,2.23653,0.096097,1.993688,480
live,69,16610906901385,16610907051768,16610907143865,16610908900590,1.999205,0.092097,1.756725,480
live,70,16610916901385,16610917053390,16610917136559,16610918783490,1.882105,0.083169,1.646931,480
live,71,16610926901385,16610927047108,16610927126053,16610928798168,1.896783,0.078945,1.672115,480
live,72,16610936901385,16610937044313,16610937126266,16610938762894,1.861509,0.081953,1.636628,480
live,73,16610946901385,16610947044687,16610947143824,16610948829316,1.927931,0.099137,1.685492,480
live,74,16610956901385,16610957052069,16610957136518,16610958812666,1.911281,0.084449,1.676148,480
live,75,16610966901385,16610967045947,16610967116028,16610968782095,1.88071,0.070081,1.666067,480
live,76,16610976901385,16610977098129,16610977205138,16610978887846,1.986461,0.107009,1.682708,480
live,77,16610986901385,16610987075943,16610987171720,16610988827515,1.92613,0.095777,1.655795,480
live,78,16610996901385,16610997052124,16610997153373,16610998771761,1.870376,0.101249,1.618388,480
live,79,16611006901385,16611007058642,16611007150355,16611009221356,2.319971,0.091713,2.071001,480
live,80,16611016901385,16611017049448,16611017135401,16611019860329,2.958944,0.085953,2.724928,480
live,81,16611026901385,16611027045918,16611027135327,16611028813330,1.911945,0.089409,1.678003,480
live,82,16611036901385,16611037050067,16611037133972,16611038935594,2.034209,0.083905,1.801622,480
live,83,16611046901385,16611047045289,16611047126858,16611048824670,1.923285,0.081569,1.697812,480
live,84,16611056901385,16611057043199,16611057129280,16611058805428,1.904043,0.086081,1.676148,480
live,85,16611066901385,16611067045877,16611067130998,16611068815914,1.914529,0.085121,1.684916,480
live,86,16611076901385,16611077049355,16611077136716,16611078835392,1.934007,0.087361,1.698676,480
live,87,16611086901385,16611087046592,16611087126625,16611088808053,1.906668,0.080033,1.681428,480
live,88,16611096901385,16611097039862,16611097127223,16611098777675,1.87629,0.087361,1.650452,480
live,89,16611106901385,16611107049932,16611107133773,16611108844449,1.943064,0.083841,1.710676,480
live,90,16611116901385,16611117046690,16611117126819,16611119090874,2.189489,0.080129,1.964055,480
live,91,16611126901385,16611127044152,16611127124825,16611129064239,2.162854,0.080673,1.939414,480
live,92,16611136901385,16611137042701,16611137123502,16611138787330,1.885945,0.080801,1.663828,480
live,93,16611146901385,16611147048291,16611147129220,16611148787352,1.885967,0.080929,1.658132,480
live,94,16611156901385,16611157046297,16611157132474,16611158798062,1.896677,0.086177,1.665588,480
live,95,16611166901385,16611167043823,16611167125296,16611168807844,1.906459,0.081473,1.682548,480
live,96,16611176901385,16611177049317,16611177157766,16611178832474,1.931089,0.108449,1.674708,480
live,97,16611186901385,16611187042875,16611187121243,16611188804719,1.903334,0.078368,1.683476,480
live,98,16611196901385,16611197042032,16611197111281,16611198764773,1.863388,0.069249,1.653492,480
live,99,16611206901385,16611209463555,16611209650277,16611212042625,5.14124,0.186722,2.392348,480
replay,99,16611206901385,16611209536932,16611210037001,16611231809930,24.908545,0.500069,21.772929,36544
live,100,16611216901385,16611217117629,16611217245470,16611222131000,5.229615,0.127841,4.88553,480
live,101,16611226901385,16611227382070,16611227592152,16611230556955,3.65557,0.210082,2.964803,480
live,102,16611236901385,16611237116200,16611237229642,16611238885629,1.984244,0.113442,1.655987,480
live,103,16611246901385,16611247059582,16611247148063,16611248749458,1.848073,0.088481,1.601395,480
live,104,16611256901385,16611257415160,16611257507289,16611259815348,2.913963,0.092129,2.308059,480
live,105,16611266901385,16611267056233,16611267151626,16611268723773,1.822388,0.095393,1.572147,480
live,106,16611276901385,16611277050815,16611277136320,16611278640818,1.739433,0.085505,1.504498,480
live,107,16611286901385,16611287045237,16611287130486,16611288651432,1.750047,0.085249,1.520946,480
live,108,16611296901385,16611297044746,16611297131403,16611298602493,1.701108,0.086657,1.47109,480
live,109,16611306901385,16611307044480,16611307136385,16611308652147,1.750762,0.091905,1.515762,480
live,110,16611316901385,16611317057398,16611317149879,16611318783723,1.882338,0.092481,1.633844,480
live,111,16611326901385,16611327050092,16611327140749,16611328690527,1.789142,0.090657,1.549778,480
live,112,16611336901385,16611337047554,16611337146179,16611338638580,1.737195,0.098625,1.492401,480
live,113,16611346901385,16611347042231,16611347121848,16611348643370,1.741985,0.079617,1.521522,480
live,114,16611356901385,16611357041965,16611357120494,16611358606144,1.704759,0.078529,1.48565,480
live,115,16611366901385,16611367045699,16611367132228,16611368788920,1.887535,0.086529,1.656692,480
live,116,16611376901385,16611377043865,16611377129210,16611378653804,1.752419,0.085345,1.524594,480
live,117,16611386901385,16611387047503,16611387124176,16611388648770,1.747385,0.076673,1.524594,480
live,118,16611396901385,16611397046021,16611397125958,16611399011964,2.110579,0.079937,1.886006,480
live,119,16611406901385,16611407044954,16611407140284,16611409019954,2.118569,0.09533,1.87967,480
live,120,16611416901385,16611417047120,16611417131185,16611420303447,3.402062,0.084065,3.172262,480
live,121,16611426901385,16611427047334,16611427134119,16611429039198,2.137813,0.086785,1.905079,480
live,122,16611436901385,16611437053180,16611437148029,16611439076404,2.175019,0.094849,1.928375,480
live,123,16611446901385,16611447042610,16611447126675,16611450101654,3.200269,0.084065,2.974979,480
live,124,16611456901385,16611457050119,16611457146089,16611458797692,1.896307,0.09597,1.651603,480
live,125,16611466901385,16611467072734,16611467165695,16611468505230,1.603845,0.092961,1.339535,480
live,126,16611476901385,16611477051763,16611477140852,16611479000010,2.098625,0.089089,1.859158,480
live,127,16611486901385,16611487048329,16611487131018,16611488691068,1.789683,0.082689,1.56005,480
live,128,16611496901385,16611497047935,16611497129152,16611499028790,2.127405,0.081217,1.899638,480
live,129,16611506901385,16611507043444,16611507124309,16611509030700,2.129315,0.080865,1.906391,480
live,130,16611516901385,16611517058954,16611517143563,16611518757406,1.856021,0.084609,1.613843,480
live,131,16611526901385,16611527043520,16611527122465,16611528675827,1.774442,0.078945,1.553362,480
live,132,16611536901385,16611537048950,16611537131959,16611538902636,2.001251,0.083009,1.770677,480
live,133,16611546901385,16611547045868,16611547126925,16611548911010,2.009625,0.081057,1.784085,480
live,134,16611556901385,16611557049506,16611557122082,16611558907831,2.006446,0.072576,1.785749,480
live,135,16611566901385,16611567048215,16611567134264,16611568998990,2.097605,0.086049,1.864726,480
live,136,16611576901385,16611577045933,16611577130286,16611578649600,1.748215,0.084353,1.519314,480
live,137,16611586901385,16611587043555,16611587120548,16611588705335,1.80395,0.076993,1.584787,480
live,138,16611596901385,16611597044537,16611597127802,16611598918063,2.016678,0.083265,1.790261,480
live,139,16611606901385,16611607043503,16611607120207,16611608913605,2.01222,0.076704,1.793398,480
live,140,16611616901385,16611617281063,16611617385832,16611620274986,3.373601,0.104769,2.889154,480
live,141,16611626901385,16611627044730,16611627134075,16611628721902,1.820517,0.089345,1.587827,480
live,142,16611636901385,16611637046128,16611637140817,16611638677411,1.776026,0.094689,1.536594,480
live,143,16611646901385,16611647051686,16611647137319,16611648678521,1.777136,0.085633,1.541202,480
live,144,16611656901385,16611657044284,16611657122461,16611658914322,2.012937,0.078177,1.791861,480
live,145,16611666901385,16611667044817,16611667127442,16611669597328,2.695943,0.082625,2.469886,480
live,146,16611676901385,16611677057671,16611677144200,16611678859709,1.958324,0.086529,1.715509,480
live,147,16611686901385,16611687044861,16611687121086,16611688666192,1.764807,0.076225,1.545106,480
live,148,16611696901385,16611697044755,16611697121364,16611698881641,1.980256,0.076609,1.760277,480
live,149,16611706901385,16611707043145,16611707122122,16611708926655,2.02527,0.078977,1.804533,480
live,150,16611716901385,16611717043646,16611717122079,16611718929749,2.028364,0.078433,1.80767,480
live,151,16611726901385,16611727052596,16611727141845,16611729024108,2.122723,0.089249,1.882263,480
live,152,16611736901385,16611737108075,16611737199404,16611739003713,2.102328,0.091329,1.804309,480
live,153,16611746901385,16611747074784,16611747165281,16611748972023,2.070638,0.090497,1.806742,480
live,154,16611756901385,16611757051574,16611757131415,16611758932716,2.031331,0.079841,1.801301,480
live,155,16611766901385,16611767045612,16611767124204,16611768934914,2.033529,0.078592,1.81071,480
live,156,16611776901385,16611777051713,16611777140194,16611779003704,2.102319,0.088481,1.86351,480
live,157,16611786901385,16611787049431,16611787132184,16611788947406,2.046021,0.082753,1.815222,480
live,158,16611796901385,16611797046381,16611797126062,16611798952323,2.050938,0.079681,1.826261,480
live,159,16611806901385,16611807042403,16611807120676,16611808952345,2.05096,0.078273,1.831669,480
live,160,16611816901385,16611817048441,16611817140730,16611819776569,2.875184,0.092289,2.635839,480
live,161,16611826901385,16611827054447,16611827143760,16611828774659,1.873274,0.089313,1.630899,480
live,162,16611836901385,16611837053444,16611837137797,16611838680311,1.778926,0.084353,1.542514,480
live,163,16611846901385,16611847043130,16611847122139,16611848686797,1.785412,0.079009,1.564658,480
live,164,16611856901385,16611857044816,16611857125617,16611858959366,2.057981,0.080801,1.833749,480
live,165,16611866901385,16611867044614,16611867124455,16611868710073,1.808688,0.079841,1.585618,480
live,166,16611876901385,16611877054876,16611877142621,16611879033139,2.131754,0.087745,1.890518,480
live,167,16611886901385,16611887047601,16611887129618,16611888392129,1.490744,0.082017,1.262511,480
live,168,16611896901385,16611897049831,16611897424204,16611898638138,1.736753,0.374373,1.213934,480
live,169,16611906901385,16611907042333,16611907130814,16611907953896,1.052511,0.088481,0.823082,480
live,170,16611916901385,16611917053587,16611917121140,16611918253025,1.35164,0.067553,1.131885,480
live,171,16611926901385,16611927050761,16611927131562,16611928067061,1.165676,0.080801,0.935499,480
live,172,16611936901385,16611937052382,16611937129471,16611938246956,1.345571,0.077089,1.117485,480
live,173,16611946901385,16611947042260,16611947118837,16611947906046,1.004661,0.076577,0.787209,480
live,174,16611956901385,16611957043562,16611957107915,16611958211288,1.309903,0.064353,1.103373,480
live,175,16611966901385,16611967038784,16611967101632,16611967880010,0.978625,0.062848,0.778378,480
live,176,16611976901385,16611977226872,16611977309529,16611978183939,1.282554,0.082657,0.87441,480
live,177,16611986901385,16611987045035,16611987122060,16611987908054,1.006669,0.077025,0.785994,480
live,178,16611996901385,16611997047105,16611997125570,16611998251567,1.350182,0.078465,1.125997,480
live,179,16612006901385,16612007044215,16612007110456,16612008246661,1.345276,0.066241,1.136205,480
live,180,16612016901385,16612017042733,16612017106510,16612019028068,2.126683,0.063777,1.921558,480
live,181,16612026901385,16612027043651,16612027108163,16612029133755,2.23237,0.064512,2.025592,480
live,182,16612036901385,16612037073721,16612037175290,16612038286471,1.385086,0.101569,1.111181,480
live,183,16612046901385,16612047053454,16612047133999,16612047916217,1.014832,0.080545,0.782218,480
live,184,16612056901385,16612057040580,16612057118949,16612058211826,1.310441,0.078369,1.092877,480
live,185,16612066901385,16612067040538,16612067120539,16612067899140,0.997755,0.080001,0.778601,480
live,186,16612076901385,16612077038640,16612077113649,16612078203357,1.301972,0.075009,1.089708,480
live,187,16612086901385,16612087070054,16612087166407,16612088043985,1.1426,0.096353,0.877578,480
live,188,16612096901385,16612097055420,16612097134941,16612098272650,1.371265,0.079521,1.137709,480
live,189,16612106901385,16612107044433,16612107123506,16612108288832,1.387447,0.079073,1.165326,480
live,190,16612116901385,16612117046407,16612117125448,16612118200533,1.299148,0.079041,1.075085,480
live,191,16612126901385,16612127042045,16612127122942,16612128242987,1.341602,0.080897,1.120045,480
live,192,16612136901385,16612137082163,16612137185300,16612138369634,1.468249,0.103137,1.184334,480
live,193,16612146901385,16612147057705,16612147142826,16612148280823,1.379438,0.085121,1.137997,480
live,194,16612156901385,16612157045374,16612157124607,16612158216428,1.315043,0.079233,1.091821,480
live,195,16612166901385,16612167039028,16612167109013,16612168146881,1.245496,0.069985,1.037868,480
live,196,16612176901385,16612177027306,16612177099563,16612178055894,1.154509,0.072257,0.956331,480
live,197,16612186901385,16612187053952,16612187145729,16612188255086,1.353701,0.091777,1.109357,480
live,198,16612196901385,16612197052854,16612197132823,16612198237348,1.335963,0.079969,1.104525,480
live,199,16612206901385,16612209405575,16612209571561,16612211764195,4.86281,0.165986,2.192634,480
replay,199,16612206901385,16612209478408,16612210023471,16612226483089,19.581704,0.545063,16.459618,36544
live,200,16612216901385,16612217224483,16612217424102,16612220738381,3.836996,0.199619,3.314279,480
live,201,16612226901385,16612227171097,16612227650814,16612229039439,2.138054,0.479717,1.388625,480
live,202,16612236901385,16612237105230,16612237523315,16612238576255,1.67487,0.418085,1.05294,480
live,203,16612246901385,16612247087363,16612247508008,16612248508020,1.606635,0.420645,1.000012,480
live,204,16612256901385,16612257086873,16612257500798,16612258430377,1.528992,0.413925,0.929579,480
live,205,16612266901385,16612267067247,16612267472563,16612268448447,1.547062,0.405316,0.975884,480
live,206,16612276901385,16612277070181,16612277469417,16612278738072,1.836687,0.399236,1.268655,480
live,207,16612286901385,16612287075322,16612287180732,16612288124167,1.222782,0.10541,0.943435,480
live,208,16612296901385,16612297061552,16612297152625,16612297964187,1.062802,0.091073,0.811562,480
live,209,16612306901385,16612307053798,16612307140871,16612307939888,1.038503,0.087073,0.799017,480
live,210,16612316901385,16612317050588,16612317141181,16612317920838,1.019453,0.090593,0.779657,480
live,211,16612326901385,16612327162419,16612327240948,16612328356865,1.45548,0.078529,1.115917,480
live,212,16612336901385,16612337082344,16612337175849,16612338029171,1.127786,0.093505,0.853322,480
live,213,16612346901385,16612347062909,16612347146910,16612347947080,1.045695,0.084001,0.80017,480
live,214,16612356901385,16612357053747,16612357135284,16612357921149,1.019764,0.081537,0.785865,480
live,215,16612366901385,16612367061993,16612367144586,16612367980916,1.079531,0.082593,0.83633,480
live,216,16612376901385,16612377070015,16612377160960,16612377961449,1.060064,0.090945,0.800489,480
live,217,16612386901385,16612387194966,16612387581659,16612388624167,1.722782,0.386693,1.042508,480
live,218,16612396901385,16612397071818,16612397162604,16612398006133,1.104748,0.090786,0.843529,480
live,219,16612406901385,16612407054784,16612407137825,16612407949067,1.047682,0.083041,0.811242,480
live,220,16612416901385,16612417054070,16612417138551,16612419018797,2.117412,0.084481,1.880246,480
live,221,16612426901385,16612427051756,16612427121133,16612428060216,1.158831,0.069377,0.939083,480
live,222,16612436901385,16612437054402,16612437122370,16612438181807,1.280422,0.067968,1.059437,480
live,223,16612446901385,16612447058007,16612447449724,16612449116912,2.215527,0.391717,1.667188,480
live,224,16612456901385,16612457047021,16612457134638,16612458745345,1.84396,0.087617,1.610707,480
live,225,16612466901385,16612467046659,16612467132548,16612468747991,1.846606,0.085889,1.615443,480
live,226,16612476901385,16612477043481,16612477138650,16612478736525,1.83514,0.095169,1.597875,480
live,227,16612486901385,16612487042223,16612487123823,16612488752131,1.850746,0.0816,1.628308,480
live,228,16612496901385,16612497098053,16612497194118,16612498850938,1.949553,0.096065,1.65682,480
live,229,16612506901385,16612507078907,16612507152123,16612508773615,1.87223,0.073216,1.621492,480
live,230,16612516901385,16612517042288,16612517114609,16612518729540,1.828155,0.072321,1.614931,480
live,231,16612526901385,16612527039782,16612527121831,16612528739290,1.837905,0.082049,1.617459,480
live,232,16612536901385,16612537045788,16612537129821,16612538710639,1.809254,0.084033,1.580818,480
live,233,16612546901385,16612547064242,16612547151795,16612548805798,1.904413,0.087553,1.654003,480
live,234,16612556901385,16612557053991,16612557143784,16612558768508,1.867123,0.089793,1.624724,480
live,235,16612566901385,16612567047965,16612567133630,16612568758993,1.857608,0.085665,1.625363,480
live,236,16612576901385,16612577053715,16612577167860,16612578204161,1.302776,0.114145,1.036301,480
live,237,16612586901385,16612587057673,16612587144074,16612588057589,1.156204,0.086401,0.913515,480
live,238,16612596901385,16612597078751,16612597179136,16612598136171,1.234786,0.100385,0.957035,480
live,239,16612606901385,16612607053205,16612607128597,16612607982047,1.080662,0.075392,0.85345,480
live,240,16612616901385,16612617050122,16612617131563,16612618847327,1.945942,0.081441,1.715764,480
live,241,16612626901385,16612627051104,16612627135361,16612628099181,1.197796,0.084257,0.96382,480
live,242,16612636901385,16612637050550,16612637134935,16612637926144,1.024759,0.084385,0.791209,480
live,243,16612646901385,16612647057164,16612647141229,16612647967639,1.066254,0.084065,0.82641,480
live,244,16612656901385,16612657050274,16612657120034,16612657918956,1.017571,0.06976,0.798922,480
live,245,16612666901385,16612667048983,16612667123960,16612667904962,1.003577,0.074977,0.781002,480
live,246,16612676901385,16612677046253,16612677122318,16612677901527,1.000142,0.076065,0.779209,480
live,247,16612686901385,16612687044931,16612687125764,16612687908333,1.006948,0.080833,0.782569,480
live,248,16612696901385,16612697048729,16612697130042,16612697943907,1.042522,0.081313,0.813865,480
live,249,16612706901385,16612707050383,16612707118992,16612707898169,0.996784,0.068609,0.779177,480
live,250,16612716901385,16612717044324,16612717108229,16612717881614,0.980229,0.063905,0.773385,480
live,251,16612726901385,16612727041594,16612727118555,16612727972581,1.071196,0.076961,0.854026,480
live,252,16612736901385,16612737056528,16612737143505,16612737922810,1.021425,0.086977,0.779305,480
live,253,16612746901385,16612747060006,16612747148103,16612747974385,1.073,0.088097,0.826282,480
live,254,16612756901385,16612757052316,16612757121373,16612757905158,1.003773,0.069057,0.783785,480
live,255,16612766901385,16612767048562,16612767123187,16612767886748,0.985363,0.074625,0.763561,480
live,256,16612776901385,16612777047367,16612777125992,16612777907090,1.005705,0.078625,0.781098,480
live,257,16612786901385,16612787044925,16612787120510,16612787880679,0.979294,0.075585,0.760169,480
live,258,16612796901385,16612797056179,16612797137652,16612797941182,1.039797,0.081473,0.80353,480
live,259,16612806901385,16612807055305,16612807147690,16612807946260,1.044875,0.092385,0.79857,480
live,260,16612816901385,16612817064127,16612817153376,16612818730675,1.82929,0.089249,1.577299,480
live,261,16612826901385,16612827061557,16612827131702,16612828051680,1.150295,0.070145,0.919978,480
live,262,16612836901385,16612837058443,16612837141964,16612837926261,1.024876,0.083521,0.784297,480
live,263,16612846901385,16612847062624,16612847149441,16612847999467,1.098082,0.086817,0.850026,480
live,264,16612856901385,16612857052790,16612857140183,16612857931936,1.030551,0.087393,0.791753,480
live,265,16612866901385,16612867050828,16612867131149,16612867900054,0.998669,0.080321,0.768905,480
live,266,16612876901385,16612877045730,16612877111042,16612877875819,0.974434,0.065312,0.764777,480
live,267,16612886901385,16612887041399,16612887107800,16612887863649,0.962264,0.066401,0.755849,480
live,268,16612896901385,16612897304560,16612897460850,16612898584351,1.682966,0.15629,1.123501,480
live,269,16612906901385,16612907054627,16612907134052,16612907906445,1.00506,0.079425,0.772393,480
live,270,16612916901385,16612917047673,16612917126202,16612917899619,0.998234,0.078529,0.773417,480
live,271,16612926901385,16612927048559,16612927113840,16612927872857,0.971472,0.065281,0.759017,480
live,272,16612936901385,16612937047173,16612937115397,16612937869038,0.967653,0.068224,0.753641,480
live,273,16612946901385,16612947045274,16612947118267,16612947877092,0.975707,0.072993,0.758825,480
live,274,16612956901385,16612957048176,16612957129777,16612957928379,1.026994,0.081601,0.798602,480
live,275,16612966901385,16612967048614,16612967127015,16612967905776,1.004391,0.078401,0.778761,480
live,276,16612976901385,16612977042748,16612977120477,16612977891366,0.989981,0.077729,0.770889,480
live,277,16612986901385,16612987044146,16612987109811,16612987872700,0.971315,0.065665,0.762889,480
live,278,16612996901385,16612997041512,16612997106216,16612997861969,0.960584,0.064704,0.755753,480
live,279,16613006901385,16613007048253,16613007125438,16613007911784,1.010399,0.077185,0.786346,480
live,280,16613016901385,16613017046323,16613017122036,16613018682983,1.781598,0.075713,1.560947,480
live,281,16613026901385,16613027049609,16613027130762,16613027927732,1.026347,0.081153,0.79697,480
live,282,16613036901385,16613037050143,16613037132800,16613038062923,1.161538,0.082657,0.930123,480
live,283,16613046901385,16613047055925,16613047129910,16613047971776,1.070391,0.073985,0.841866,480
live,284,16613056901385,16613057059467,16613057150252,16613058084439,1.183054,0.090785,0.934187,480
live,285,16613066901385,16613067047360,16613067124417,16613067934955,1.03357,0.077057,0.810538,480
live,286,16613076901385,16613077016246,16613077053398,16613077428539,0.527154,0.037152,0.375141,480
live,287,16613086901385,16613086990571,16613087019948,16613087358896,0.457511,0.029377,0.338948,480
live,288,16613096901385,16613097023138,16613097096451,16613097874348,0.972963,0.073313,0.777897,480
live,289,16613106901385,16613107049848,16613107128377,16613108031395,1.13001,0.078529,0.903018,480
live,290,16613116901385,16613117046894,16613117127727,16613117925016,1.023631,0.080833,0.797289,480
live,291,16613126901385,16613127045923,16613127134885,16613127923182,1.021797,0.088962,0.788297,480
live,292,16613136901385,16613137064314,16613137151323,16613138263208,1.361823,0.087009,1.111885,480
live,293,16613146901385,16613147048367,16613147114800,16613148234909,1.333524,0.066433,1.120109,480
live,294,16613156901385,16613157054213,16613157142118,16613157989744,1.088359,0.087905,0.847626,480
live,295,16613166901385,16613167054651,16613167131516,16613167910917,1.009532,0.076865,0.779401,480
live,296,16613176901385,16613177047121,16613177129522,16613177920507,1.019122,0.082401,0.790985,480
live,297,16613186901385,16613187041958,16613187106023,16613187878096,0.976711,0.064065,0.772073,480
live,298,16613196901385,16613197041276,16613197106941,16613197876006,0.974621,0.065665,0.769065,480
live,299,16613206901385,16613207709658,16613207918876,16613210491643,3.590258,0.209218,2.572767,480
replay,299,16613206901385,16613207791003,16613208145407,16613224673954,17.772569,0.354404,16.528547,36544
live,300,16613216901385,16613217317547,16613217570638,16613220483665,3.58228,0.253091,2.913027,480
live,301,16613226901385,16613227152991,16613227281761,16613228408622,1.507237,0.12877,1.126861,480
live,302,16613236901385,16613237084884,16613237159413,16613237980095,1.07871,0.074529,0.820682,480
live,303,16613246901385,16613247049482,16613247121930,16613247917300,1.015915,0.072448,0.79537,480
live,304,16613256901385,16613257112736,16613257213569,16613258119212,1.217827,0.100833,0.905643,480
live,305,16613266901385,16613267086262,16613267159703,16613267962400,1.061015,0.073441,0.802697,480
live,306,16613276901385,16613277055915,16613277147340,16613278037303,1.135918,0.091425,0.889963,480
live,307,16613286901385,16613287077121,16613287202659,16613288134254,1.232869,0.125538,0.931595,480
live,308,16613296901385,16613297066615,16613297158584,16613297966850,1.065465,0.091969,0.808266,480
live,309,16613306901385,16613307325168,16613307415569,16613308314587,1.413202,0.090401,0.899018,480
live,310,16613316901385,16613317058307,16613317142148,16613317938477,1.037092,0.083841,0.796329,480
live,311,16613326901385,16613327056408,16613327136601,16613327933891,1.032506,0.080193,0.79729,480
live,312,16613336901385,16613337051726,16613337129199,16613337915288,1.013903,0.077473,0.786089,480
live,313,16613346901385,16613347050148,16613347132357,16613348258866,1.357481,0.082209,1.126509,480
live,314,16613356901385,16613357046938,16613357123739,16613359146994,2.245609,0.076801,2.023255,480
live,315,16613366901385,16613367093296,16613367506325,16613368605858,1.704473,0.413029,1.099533,480
live,316,16613376901385,16613377056326,16613377142215,16613377963248,1.061863,0.085889,0.821033,480
live,317,16613386901385,16613387047259,16613387144092,16613387945926,1.044541,0.096833,0.801834,480
live,318,16613396901385,16613397045233,16613397124786,16613398226911,1.325526,0.079553,1.102125,480
live,319,16613406901385,16613407052071,16613407124552,16613407916561,1.015176,0.072481,0.792009,480
live,320,16613416901385,16613417046877,16613417149086,16613419015764,2.114379,0.102209,1.866678,480
live,321,16613426901385,16613427126740,16613427552121,16613429286605,2.38522,0.425381,1.734484,480
live,322,16613436901385,16613437084649,16613437483822,16613438513178,1.611793,0.399173,1.029356,480
live,323,16613446901385,16613447048446,16613447136671,16613447951017,1.049632,0.088225,0.814346,480
live,324,16613456901385,16613457046932,16613457126549,16613458240930,1.339545,0.079617,1.114381,480
live,325,16613466901385,16613467050634,16613467136683,16613467989685,1.0883,0.086049,0.853002,480
live,326,16613476901385,16613477047552,16613477128321,16613477927530,1.026145,0.080769,0.799209,480
live,327,16613486901385,16613487047510,16613487128183,16613490072953,3.171568,0.080673,2.94477,480
live,328,16613496901385,16613497050347,16613497132364,16613497995895,1.09451,0.082017,0.863531,480
live,329,16613506901385,16613507061281,16613507138850,16613507945036,1.043651,0.077569,0.806186,480
live,330,16613516901385,16613517058167,16613517143896,16613518291302,1.389917,0.085729,1.147406,480
live,331,16613526901385,16613527051149,16613527126030,16613527916567,1.015182,0.074881,0.790537,480
live,332,16613536901385,16613537049891,16613537127876,16613537905293,1.003908,0.077985,0.777417,480
live,333,16613546901385,16613547045497,16613547125722,16613547897187,0.995802,0.080225,0.771465,480
live,334,16613556901385,16613557049839,16613557133327,16613557902841,1.001456,0.083488,0.769514,480
live,335,16613566901385,16613567054628,16613567133445,16613568281203,1.379818,0.078817,1.147758,480
live,336,16613576901385,16613577048090,16613577141723,16613577920900,1.019515,0.093633,0.779177,480
live,337,16613586901385,16613587043408,16613587122417,16613587894842,0.993457,0.079009,0.772425,480
live,338,16613596901385,16613597044550,16613597121415,16613597895280,0.993895,0.076865,0.773865,480
live,339,16613606901385,16613607048604,16613607115196,16613607877189,0.975804,0.066592,0.761993,480
live,340,16613616901385,16613617048498,16613617118674,16613618797574,1.896189,0.070176,1.6789,480
live,341,16613626901385,16613627088968,16613627506157,16613629475588,2.574203,0.417189,1.969431,480
live,342,16613636901385,16613637064413,16613637462818,16613638499662,1.598277,0.398405,1.036844,480
live,343,16613646901385,16613647041843,16613647137716,16613647961086,1.059701,0.095873,0.82337,480
live,344,16613656901385,16613657045417,16613657121578,16613657934291,1.032906,0.076161,0.812713,480
live,345,16613666901385,16613667043999,16613667124032,16613667951689,1.050304,0.080033,0.827657,480
live,346,16613676901385,16613677052341,16613677134422,16613677934783,1.033398,0.082081,0.800361,480
live,347,16613686901385,16613687046474,16613687124555,16613688245432,1.344047,0.078081,1.120877,480
live,348,16613696901385,16613697046112,16613697124225,16613697908266,1.006881,0.078113,0.784041,480
live,349,16613706901385,16613707048438,16613707127895,16613707927392,1.026007,0.079457,0.799497,480
live,350,16613716901385,16613717053068,16613717135181,16613717950455,1.04907,0.082113,0.815274,480
live,351,16613726901385,16613727045922,16613727121219,16613727999917,1.098532,0.075297,0.878698,480
live,352,16613736901385,16613737055704,16613737135577,16613738241126,1.339741,0.079873,1.105549,480
live,353,16613746901385,16613747049261,16613747121966,16613747897335,0.99595,0.072705,0.775369,480
live,354,16613756901385,16613757044355,16613757119908,16613757896045,0.99466,0.075553,0.776137,480
live,355,16613766901385,16613767044057,16613767120986,16613767913827,1.012442,0.076929,0.792841,480
live,356,16613776901385,16613777049103,16613777124176,16613777897849,0.996464,0.075073,0.773673,480
live,357,16613786901385,16613787044741,16613787120390,16613787892399,0.991014,0.075649,0.772009,480
live,358,16613796901385,16613797044667,16613797131836,16613798210440,1.309055,0.087169,1.078604,480
live,359,16613806901385,16613807047472,16613807114609,16613807880730,0.979345,0.067137,0.766121,480
live,360,16613816901385,16613817045606,16613817127271,16613819434466,2.533081,0.081665,2.307195,480
live,361,16613826901385,16613827096221,16613827508642,16613829228438,2.327053,0.412421,1.719796,480
live,362,16613836901385,16613837078674,16613837475255,16613838493635,1.59225,0.396581,1.01838,480
live,363,16613846901385,16613847044584,16613847123273,16613847943858,1.042473,0.078689,0.820585,480
live,364,16613856901385,16613857046270,16613857135007,16613858271276,1.369891,0.088737,1.136269,480
live,365,16613866901385,16613867051251,16613867130292,16613867926878,1.025493,0.079041,0.796586,480
live,366,16613876901385,16613877052937,16613877147210,16613877981972,1.080587,0.094273,0.834762,480
live,367,16613886901385,16613887046303,16613887128768,16613887925577,1.024192,0.082465,0.796809,480
live,368,16613896901385,16613897046133,16613897136502,16613897920479,1.019094,0.090369,0.783977,480
live,369,16613906901385,16613907045291,16613907112908,16613907886005,0.98462,0.067617,0.773097,480
live,370,16613916901385,16613917046113,16613917112801,16613918190798,1.289413,0.066688,1.077997,480
live,371,16613926901385,16613927089079,16613927509084,16613928561896,1.660511,0.420005,1.052812,480
live,372,16613936901385,16613937050732,16613937128301,16613938019224,1.117839,0.077569,0.890923,480
live,373,16613946901385,16613947046306,16613947130083,16613947987309,1.085924,0.083777,0.857226,480
live,374,16613956901385,16613957132633,16613957225626,16613958030916,1.129531,0.092993,0.80529,480
live,375,16613966901385,16613967043310,16613967121135,16613968241852,1.340467,0.077825,1.120717,480
live,376,16613976901385,16613977048964,16613977137861,16613977960814,1.059429,0.088897,0.822953,480
live,377,16613986901385,16613987044601,16613987122362,16613987919812,1.018427,0.077761,0.79745,480
live,378,16613996901385,16613997042575,16613997110576,16613997898905,0.99752,0.068001,0.788329,480
live,379,16614006901385,16614007047333,16614007113510,16614007893551,0.992166,0.066177,0.780041,480
live,380,16614016901385,16614017080699,16614017149756,16614018762127,1.860742,0.069057,1.612371,480
live,381,16614026901385,16614027107442,16614027509110,16614029252395,2.35101,0.401668,1.743285,480
live,382,16614036901385,16614037072967,16614037468748,16614038491704,1.590319,0.395781,1.022956,480
live,383,16614046901385,16614047039644,16614047111965,16614047947079,1.045694,0.072321,0.835114,480
live,384,16614056901385,16614057039954,16614057122195,16614057933053,1.031668,0.082241,0.810858,480
live,385,16614066901385,16614067042024,16614067131017,16614067932883,1.031498,0.088993,0.801866,480
live,386,16614076901385,16614077046462,16614077127391,16614077946025,1.04464,0.080929,0.818634,480
live,387,16614086901385,16614087042484,16614087119477,16614087917790,1.016405,0.076993,0.798313,480
live,388,16614096901385,16614097046954,16614097131051,16614097918260,1.016875,0.084097,0.787209,480
live,389,16614106901385,16614107043840,16614107118849,16614107907562,1.006177,0.075009,0.788713,480
live,390,16614116901385,16614117047350,16614117123702,16614117898368,0.996983,0.076352,0.774666,480
live,391,16614126901385,16614127095276,16614127493233,16614129293894,2.392509,0.397957,1.800661,480
live,392,16614136901385,16614137062049,16614137456710,16614138807158,1.905773,0.394661,1.350448,480
live,393,16614146901385,16614147040919,16614147120632,16614147954306,1.052921,0.079713,0.833674,480
live,394,16614156901385,16614157044941,16614157121454,16614157948696,1.047311,0.076513,0.827242,480
live,395,16614166901385,16614167043299,16614167134756,16614168367346,1.465961,0.091457,1.23259,480
live,396,16614176901385,16614177044537,16614177136506,16614178678412,1.777027,0.091969,1.541906,480
live,397,16614186901385,16614187063919,16614187140944,16614187963769,1.062384,0.077025,0.822825,480
live,398,16614196901385,16614197044452,16614197124069,16614197923663,1.022278,0.079617,0.799594,480
live,399,16614206901385,16614207618721,16614207786819,16614209755706,2.854321,0.168098,1.968887,480
replay,399,16614206901385,16614207681858,16614207913636,16614224150692,17.249307,0.231778,16.237056,36544
live,400,16614216901385,16614217285715,16614217517462,16614220630458,3.729073,0.231747,3.112996,480
live,401,16614226901385,16614227134727,16614227254504,16614228428886,1.527501,0.119777,1.174382,480
live,402,16614236901385,16614237072860,16614237152093,16614238054632,1.153247,0.079233,0.902539,480
live,403,16614246901385,16614247048274,16614247131859,16614247947612,1.046227,0.083585,0.815753,480
live,404,16614256901385,16614257048295,16614257133960,16614257915058,1.013673,0.085665,0.781098,480
live,405,16614266901385,16614267055581,16614267139198,16614267924968,1.023583,0.083617,0.78577,480
live,406,16614276901385,16614277048179,16614277131508,16614277912061,1.010676,0.083329,0.780553,480
live,407,16614286901385,16614287053161,16614287125642,16614287933267,1.031882,0.072481,0.807625,480
live,408,16614296901385,16614297053759,16614297122528,16614297898569,0.997184,0.068769,0.776041,480
live,409,16614306901385,16614307041397,16614307117910,16614307891423,0.990038,0.076513,0.773513,480
live,410,16614316901385,16614317041866,16614317120491,16614317883828,0.982443,0.078625,0.763337,480
live,411,16614326901385,16614327043488,16614327117601,16614327883850,0.982465,0.074113,0.766249,480
live,412,16614336901385,16614337048726,16614337128503,16614337940193,1.038808,0.079777,0.81169,480
live,413,16614346901385,16614347053292,16614347118957,16614347891766,0.990381,0.065665,0.772809,480
live,414,16614356901385,16614357043874,16614357128419,16614357919340,1.017955,0.084545,0.790921,480
live,415,16614366901385,16614367046520,16614367123289,16614367888514,0.987129,0.076769,0.765225,480
live,416,16614376901385,16614377041390,16614377120078,16614377878679,0.977294,0.078688,0.758601,480
live,417,16614386901385,16614387051972,16614387131940,16614387945422,1.044037,0.079968,0.813482,480
live,418,16614396901385,16614397053689,16614397124378,16614397897379,0.995994,0.070689,0.773001,480
live,419,16614406901385,16614407045231,16614407111184,16614407867257,0.965872,0.065953,0.756073,480
live,420,16614416901385,16614417054789,16614417133670,16614418910619,2.009234,0.078881,1.776949,480
live,421,16614426901385,16614427045467,16614427121148,16614427900645,0.99926,0.075681,0.779497,480
live,422,16614436901385,16614437051601,16614437129778,16614437939163,1.037778,0.078177,0.809385,480
live,423,16614446901385,16614447048839,16614447118343,16614447884816,0.983431,0.069504,0.766473,480
live,424,16614456901385,16614457050300,16614457111261,16614457871206,0.969821,0.060961,0.759945,480
live,425,16614466901385,16614467047314,16614467127795,16614467880316,0.978931,0.080481,0.752521,480
live,426,16614476901385,16614477048712,16614477139401,16614477891218,0.989833,0.090689,0.751817,480
live,427,16614486901385,16614487048190,16614487130431,16614487922280,1.020895,0.082241,0.791849,480
live,428,16614496901385,16614497050804,16614497126421,16614497889214,0.987829,0.075617,0.762793,480
live,429,16614506901385,16614507043050,16614507106922,16614507865427,0.964042,0.063872,0.758505,480
live,430,16614516901385,16614517046815,16614517113920,16614517868297,0.966912,0.067105,0.754377,480
live,431,16614526901385,16614527047061,16614527128182,16614527881535,0.98015,0.081121,0.753353,480
live,432,16614536901385,16614537325646,16614537408431,16614538207673,1.306288,0.082785,0.799242,480
live,433,16614546901385,16614547047649,16614547128706,16614547901867,1.000482,0.081057,0.773161,480
live,434,16614556901385,16614557051671,16614557118616,16614557887777,0.986392,0.066945,0.769161,480
live,435,16614566901385,16614567046765,16614567113518,16614567871670,0.970285,0.066753,0.758152,480
live,436,16614576901385,16614577044547,16614577111875,16614577866284,0.964899,0.067328,0.754409,480
live,437,16614586901385,16614587043096,16614587120729,16614588471305,1.56992,0.077633,1.350576,480
live,438,16614596901385,16614597054062,16614597137391,16614597971897,1.070512,0.083329,0.834506,480
live,439,16614606901385,16614607046660,16614607122277,16614607895726,0.994341,0.075617,0.773449,480
live,440,16614616901385,16614617050522,16614617116827,16614618741966,1.840581,0.066305,1.625139,480
live,441,16614626901385,16614627054608,16614627135057,16614627908538,1.007153,0.080449,0.773481,480
live,442,16614636901385,16614637052358,16614637140807,16614638157907,1.256522,0.088449,1.0171,480
live,443,16614646901385,16614647056956,16614647140253,16614647953670,1.052285,0.083297,0.813417,480
live,444,16614656901385,16614657049649,16614657135026,16614657915868,1.014483,0.085377,0.780842,480
live,445,16614666901385,16614667044935,16614667111688,16614667875409,0.974024,0.066753,0.763721,480
live,446,16614676901385,16614677040253,16614677104606,16614677864039,0.962654,0.064353,0.759433,480
live,447,16614686901385,16614687043795,16614687108020,16614687852796,0.951411,0.064225,0.744776,480
live,448,16614696901385,16614697049097,16614697130250,16614697927123,1.025738,0.081153,0.796873,480
live,449,16614706901385,16614707051135,16614707128416,16614707901353,0.999968,0.077281,0.772937,480
live,450,16614716901385,16614717044852,16614717133014,16614717880254,0.978869,0.088162,0.74724,480
live,451,16614726901385,16614727047210,16614727112203,16614727872212,0.970827,0.064993,0.760009,480
live,452,16614736901385,16614737046656,16614737112833,16614737865482,0.964097,0.066177,0.752649,480
live,453,16614746901385,16614747047190,16614747128183,16614747906144,1.004759,0.080993,0.777961,480
live,454,16614756901385,16614757049100,16614757125389,16614757892822,0.991437,0.076289,0.767433,480
live,455,16614766901385,16614767049442,16614767126915,16614767875212,0.973827,0.077473,0.748297,480
live,456,16614776901385,16614777082616,16614777149369,16614777900610,0.999225,0.066753,0.751241,480
live,457,16614786901385,16614787072878,16614787142607,16614787893463,0.992078,0.069729,0.750856,480
live,458,16614796901385,16614797048643,16614797132004,16614797930126,1.028741,0.083361,0.798122,480
live,459,16614806901385,16614807048281,16614807124282,16614807889891,0.988506,0.076001,0.765609,480
live,460,16614816901385,16614817046671,16614817123696,16614818710915,1.80953,0.077025,1.587219,480
live,461,16614826901385,16614827045093,16614827119366,16614827889423,0.988038,0.074273,0.770057,480
live,462,16614836901385,16614837048731,16614837112667,16614837877381,0.975996,0.063936,0.764714,480
live,463,16614846901385,16614847054257,16614847158130,16614848032892,1.131507,0.103873,0.874762,480
live,464,16614856901385,16614857061639,16614857149224,16614857965105,1.06372,0.087585,0.815881,480
live,465,16614866901385,16614867069533,16614867154782,16614867986119,1.084734,0.085249,0.831337,480
live,466,16614876901385,16614877058962,16614877137555,16614877910012,1.008627,0.078593,0.772457,480
live,467,16614886901385,16614887048552,16614887128361,16614887896466,0.995081,0.079809,0.768105,480
live,468,16614896901385,16614897049662,16614897121279,16614897915976,1.014591,0.071617,0.794697,480
live,469,16614906901385,16614907052788,16614907119189,16614907891102,0.989717,0.066401,0.771913,480
live,470,16614916901385,16614917043337,16614917125834,16614917893427,0.992042,0.082497,0.767593,480
live,471,16614926901385,16614927042079,16614927117504,16614927870345,0.96896,0.075425,0.752841,480
live,472,16614936901385,16614937042165,16614937126742,16614937880255,0.97887,0.084577,0.753513,480
live,473,16614946901385,16614947046347,16614947128940,16614947921237,1.019852,0.082593,0.792297,480
live,474,16614956901385,16614957049569,16614957111234,16614957870539,0.969154,0.061665,0.759305,480
live,475,16614966901385,16614967041047,16614967101559,16614967856672,0.955287,0.060512,0.755113,480
live,476,16614976901385,16614977037069,16614977113421,16614977879766,0.978381,0.076352,0.766345,480
live,477,16614986901385,16614987041762,16614987115747,16614987863212,0.961827,0.073985,0.747465,480
live,478,16614996901385,16614997049016,16614997133465,16614997925763,1.024378,0.084449,0.792298,480
live,479,16615006901385,16615007047502,16615007113391,16615007880760,0.979375,0.065889,0.767369,480
live,480,16615016901385,16615017043844,16615017108389,16615018671799,1.770414,0.064545,1.56341,480
live,481,16615026901385,16615027042266,16615027107515,16615027886532,0.985147,0.065249,0.779017,480
live,482,16615036901385,16615037039600,16615037123601,16615037891610,0.990225,0.084001,0.768009,480
live,483,16615046901385,16615047315785,16615047415786,16615048600152,1.698767,0.100001,1.184366,480
live,484,16615056901385,16615057047772,16615057119612,16615058221417,1.320032,0.07184,1.101805,480
live,485,16615066901385,16615067048017,16615067116690,16615068231551,1.330166,0.068673,1.114861,480
live,486,16615076901385,16615077050535,16615077119560,16615077917522,1.016137,0.069025,0.797962,480
live,487,16615086901385,16615087044061,16615087127902,16615088247531,1.346146,0.083841,1.119629,480
live,488,16615096901385,16615097050963,16615097127828,16615097891549,0.990164,0.076865,0.763721,480
live,489,16615106901385,16615107047145,16615107124906,16615107908659,1.007274,0.077761,0.783753,480
live,490,16615116901385,16615117048639,16615117115872,16615117887433,0.986048,0.067233,0.771561,480
live,491,16615126901385,16615127147510,16615127211319,16615127966495,1.06511,0.063809,0.755176,480
live,492,16615136901385,16615137039818,16615137103083,16615138180728,1.279343,0.063265,1.077645,480
live,493,16615146901385,16615147038368,16615147112129,16615147871978,0.970593,0.073761,0.759849,480
live,494,16615156901385,16615157046358,16615157139863,16615157924001,1.022616,0.093505,0.784138,480
live,495,16615166901385,16615167044620,16615167120205,16615167881238,0.979853,0.075585,0.761033,480
live,496,16615176901385,16615177044258,16615177106755,16615177859883,0.958498,0.062497,0.753128,480
live,497,16615186901385,16615187041688,16615187104888,16615187853377,0.951992,0.0632,0.748489,480
live,498,16615196901385,16615197041838,16615197116942,16615197873047,0.971662,0.075104,0.756105,480
live,499,16615206901385,16615207632522,16615207798124,16615209739011,2.837626,0.165602,1.940887,480
replay,499,16615206901385,16615207697099,16615207930702,16615224546194,17.644809,0.233603,16.615492,36544
live,500,16615216901385,16615217305116,16615217555199,16615220580835,3.67945,0.250083,3.025636,480
live,501,16615226901385,16615227171569,16615227302642,16615228448320,1.546935,0.131073,1.145678,480
live,502,16615236901385,16615237072261,16615237146822,16615238011888,1.110503,0.074561,0.865066,480
live,503,16615246901385,16615247048571,16615247120636,16615247913861,1.012476,0.072065,0.793225,480
live,504,16615256901385,16615257051697,16615257137234,16615257974908,1.073523,0.085537,0.837674,480
live,505,16615266901385,16615267049831,16615267127080,16615267905361,1.003976,0.077249,0.778281,480
live,506,16615276901385,16615277047773,16615277125149,16615277899111,0.997726,0.077376,0.773962,480
live,507,16615286901385,16615287047410,16615287123123,16615287888924,0.987539,0.075713,0.765801,480
live,508,16615296901385,16615297048552,16615297112777,16615297877426,0.976041,0.064225,0.764649,480
live,509,16615306901385,16615307045150,16615307113119,16615307900744,0.999359,0.067969,0.787625,480
live,510,16615316901385,16615317056788,16615317125877,16615317915070,1.013685,0.069089,0.789193,480
live,511,16615326901385,16615327044906,16615327121195,16615327876436,0.975051,0.076289,0.755241,480
live,512,16615336901385,16615337043328,16615337108000,16615337870793,0.969408,0.064672,0.762793,480
live,513,16615346901385,16615347042806,16615347105398,16615347861439,0.960054,0.062592,0.756041,480
live,514,16615356901385,16615357045803,16615357126316,16615357920502,1.019117,0.080513,0.794186,480
live,515,16615366901385,16615367047169,16615367119970,16615367887211,0.985826,0.072801,0.767241,480
live,516,16615376901385,16615377046807,16615377129176,16615377892449,0.991064,0.082369,0.763273,480
live,517,16615386901385,16615387046541,16615387130574,16615387884951,0.983566,0.084033,0.754377,480
live,518,16615396901385,16615397042979,16615397118564,16615397877133,0.975748,0.075585,0.758569,480
live,519,16615406901385,16615407051481,16615407119802,16615407904163,1.002778,0.068321,0.784361,480
live,520,16615416901385,16615417054159,16615417118191,16615418840420,1.939035,0.064032,1.722229,480
live,521,16615426901385,16615427048452,16615427115717,16615427882702,0.981317,0.067265,0.766985,480
live,522,16615436901385,16615437047930,16615437122107,16615437878564,0.977179,0.074177,0.756457,480
live,523,16615446901385,16615447046512,16615447120913,16615447886906,0.985521,0.074401,0.765993,480
live,524,16615456901385,16615457057382,16615457138663,16615457938257,1.036872,0.081281,0.799594,480
live,525,16615466901385,16615467050620,16615467114589,16615467881734,0.980349,0.063969,0.767145,480
live,526,16615476901385,16615477044018,16615477122099,16615477874652,0.973267,0.078081,0.752553,480
live,527,16615486901385,16615487052488,16615487129129,16615487883633,0.982248,0.076641,0.754504,480
live,528,16615496901385,16615497048414,16615497139711,16615497886087,0.984702,0.091297,0.746376,480
live,529,16615506901385,16615507192533,16615507326359,16615508504549,1.603164,0.133826,1.17819,480
live,530,16615516901385,16615517053193,16615517124586,16615517891955,0.99057,0.071393,0.767369,480
live,531,16615526901385,16615527050879,16615527132640,16615527992298,1.090913,0.081761,0.859658,480
live,532,16615536901385,16615537088405,16615537173046,16615537993312,1.091927,0.084641,0.820266,480
live,533,16615546901385,16615547110700,16615547203789,16615548075799,1.174414,0.093089,0.87201,480
live,534,16615556901385,16615557080577,16615557161538,16615558298447,1.397062,0.080961,1.136909,480
live,535,16615566901385,16615567059255,16615567136984,16615567944641,1.043256,0.077729,0.807657,480
live,536,16615576901385,16615577051308,16615577129229,16615577914039,1.012654,0.077921,0.78481,480
live,537,16615586901385,16615587048194,16615587112643,16615587864172,0.962787,0.064449,0.751529,480
live,538,16615596901385,16615597042776,16615597119897,16615597871938,0.970553,0.077121,0.752041,480
live,539,16615606901385,16615607043630,16615607136271,16615607896120,0.994735,0.092641,0.759849,480
live,540,16615616901385,16615617049764,16615617131397,16615618825945,1.92456,0.081633,1.694548,480
live,541,16615626901385,16615627050458,16615627120059,16615627890788,0.989403,0.069601,0.770729,480
live,542,16615636901385,16615637050704,16615637118512,16615637876985,0.9756,0.067808,0.758473,480
live,543,16615646901385,16615647045957,16615647122630,16615647881711,0.980326,0.076673,0.759081,480
live,544,16615656901385,16615657044379,16615657121084,16615657866213,0.964828,0.076705,0.745129,480
live,545,16615666901385,16615667049201,16615667128242,16615667926524,1.025139,0.079041,0.798282,480
live,546,16615676901385,16615677049543,16615677114280,16615677871953,0.970568,0.064737,0.757673,480
live,547,16615686901385,16615687040733,16615687106014,16615687859590,0.958205,0.065281,0.753576,480
live,548,16615696901385,16615697053235,16615697116788,16615697855612,0.954227,0.063553,0.738824,480
live,549,16615706901385,16615707042409,16615707132234,16615707886259,0.984874,0.089825,0.754025,480
live,550,16615716901385,16615717051903,16615717132064,16615717917801,1.016416,0.080161,0.785737,480
live,551,16615726901385,16615727049172,16615727129941,16615727896606,0.995221,0.080769,0.766665,480
live,552,16615736901385,16615737048234,16615737112683,16615737864980,0.963595,0.064449,0.752297,480
live,553,16615746901385,16615747046208,16615747117729,16615747878346,0.976961,0.071521,0.760617,480
live,554,16615756901385,16615757047734,16615757123831,16615757896928,0.995543,0.076097,0.773097,480
live,555,16615766901385,16615767049868,16615767144269,16615767944758,1.043373,0.094401,0.800489,480
live,556,16615776901385,16615777053474,16615777128419,16615777896012,0.994627,0.074945,0.767593,480
live,557,16615786901385,16615787044248,16615787111320,16615787881729,0.980344,0.067072,0.770409,480
live,558,16615796901385,16615797045069,16615797109102,16615797857783,0.956398,0.064033,0.748681,480
live,559,16615806901385,16615807046915,16615807111524,16615807858445,0.95706,0.064609,0.746921,480
live,560,16615816901385,16615817049113,16615817131962,16615818762285,1.8609,0.082849,1.630323,480
live,561,16615826901385,16615827079247,16615827182289,16615827986106,1.084721,0.103042,0.803817,480
live,562,16615836901385,16615837051973,16615837126054,16615837886095,0.98471,0.074081,0.760041,480
live,563,16615846901385,16615847051163,16615847116284,16615847884133,0.982748,0.065121,0.767849,480
live,564,16615856901385,16615857049073,16615857117201,16615857877210,0.975825,0.068128,0.760009,480
live,565,16615866901385,16615867052167,16615867118311,16615867895088,0.993703,0.066144,0.776777,480
live,566,16615876901385,16615877049436,16615877126013,16615877889766,0.988381,0.076577,0.763753,480
live,567,16615886901385,16615887043794,16615887119315,16615887872764,0.971379,0.075521,0.753449,480
live,568,16615896901385,16615897047016,16615897122249,16615897880946,0.979561,0.075233,0.758697,480
live,569,16615906901385,16615907047486,16615907125759,16615907881320,0.979935,0.078273,0.755561,480
live,570,16615916901385,16615917047988,16615917126165,16615917918686,1.017301,0.078177,0.792521,480
live,571,16615926901385,16615927092714,16615927198539,16615927985077,1.083692,0.105825,0.786538,480
live,572,16615936901385,16615937054656,16615937131040,16615937885673,0.984288,0.076384,0.754633,480
live,573,16615946901385,16615947042421,16615947129398,16615947874783,0.973398,0.086977,0.745385,480
live,574,16615956901385,16615957046699,16615957121708,16615957873237,0.971852,0.075009,0.751529,480
live,575,16615966901385,16615967431910,16615967550215,16615968377777,1.476392,0.118305,0.827562,480
live,576,16615976901385,16615977074519,16615977163640,16615977925921,1.024536,0.089121,0.762281,480
live,577,16615986901385,16615987058189,16615987142766,16615987893527,0.992142,0.084577,0.750761,480
live,578,16615996901385,16615997049219,16615997142148,16615998219665,1.31828,0.092929,1.077517,480
live,579,16616006901385,16616007045433,16616007121049,16616008212166,1.310781,0.075616,1.091117,480
live,580,16616016901385,16616017134576,16616017223505,16616019170440,2.269055,0.088929,1.946935,480
live,581,16616026901385,16616027053092,16616027123621,16616027905838,1.004453,0.070529,0.782217,480
live,582,16616036901385,16616037044122,16616037123323,16616037906756,1.005371,0.079201,0.783433,480
live,583,16616046901385,16616047039120,16616047112881,16616047875930,0.974545,0.073761,0.763049,480
live,584,16616056901385,16616057040582,16616057115527,16616057867536,0.966151,0.074945,0.752009,480
live,585,16616066901385,16616067039964,16616067113533,16616067870118,0.968733,0.073569,0.756585,480
live,586,16616076901385,16616077044882,16616077129747,16616077926972,1.025587,0.084865,0.797225,480
live,587,16616086901385,16616087045160,16616087110184,16616087871889,0.970504,0.065024,0.761705,480
live,588,16616096901385,16616097038589,16616097115070,16616098199051,1.297666,0.076481,1.083981,480
live,589,16616106901385,16616107041363,16616107113588,16616108209633,1.308248,0.072225,1.096045,480
live,590,16616116901385,16616117037417,16616117116170,16616118186583,1.285198,0.078753,1.070413,480
live,591,16616126901385,16616127132864,16616127210465,16616128372175,1.47079,0.077601,1.16171,480
live,592,16616136901385,16616137048245,16616137107446,16616138188866,1.287481,0.059201,1.08142,480
live,593,16616146901385,16616147036779,16616147099083,16616148228601,1.327216,0.062304,1.129518,480
live,594,16616156901385,16616157166626,16616157246147,16616158315728,1.414343,0.079521,1.069581,480
live,595,16616166901385,16616167053143,16616167133976,16616168235045,1.33366,0.080833,1.101069,480
live,596,16616176901385,16616177052141,16616177140846,16616178249275,1.34789,0.088705,1.108429,480
live,597,16616186901385,16616187049474,16616187112067,16616188214096,1.312711,0.062593,1.102029,480
live,598,16616196901385,16616197040792,16616197106681,16616198155109,1.253724,0.065889,1.048428,480
live,599,16616206901385,16616207632949,16616207856440,16616209757422,2.856037,0.223491,1.900982,480
replay,599,16616206901385,16616207726390,16616208191196,16616225469319,18.567934,0.464806,17.278123,36544
live,600,16616216901385,16616217320551,16616217544330,16616220819344,3.917959,0.223779,3.275014,480
live,601,16616226901385,16616227158011,16616227277949,16616228442378,1.540993,0.119938,1.164429,480
live,602,16616236901385,16616237078672,16616237169361,16616238323103,1.421718,0.090689,1.153742,480
live,603,16616246901385,16616247060262,16616247144519,16616248287572,1.386187,0.084257,1.143053,480
live,604,16616256901385,16616257055356,16616257134653,16616258246154,1.344769,0.079297,1.111501,480
live,605,16616266901385,16616267053457,16616267133522,16616267914076,1.012691,0.080065,0.780554,480
live,606,16616276901385,16616277054983,16616277144328,16616277987698,1.086313,0.089345,0.84337,480
live,607,16616286901385,16616287055261,16616287131934,16616287914887,1.013502,0.076673,0.782953,480
live,608,16616296901385,16616297045811,16616297138484,16616297920317,1.018932,0.092673,0.781833,480
live,609,16616306901385,16616307108810,16616307186603,16616307961044,1.059659,0.077793,0.774441,480
live,610,16616316901385,16616317076159,16616317154880,16616317931849,1.030464,0.078721,0.776969,480
live,611,16616326901385,16616327111701,16616327199798,16616328119713,1.218328,0.088097,0.919915,480
live,612,16616336901385,16616337060395,16616337136012,16616338233464,1.332079,0.075617,1.097452,480
live,613,16616346901385,16616347049696,16616347129249,16616348258511,1.357126,0.079553,1.129262,480
live,614,16616356901385,16616357051862,16616357118839,16616358203332,1.301947,0.066977,1.084493,480
live,615,16616366901385,16616367047020,16616367119885,16616367901334,0.999949,0.072865,0.781449,480
live,616,16616376901385,16616377046018,16616377288389,16616378926616,2.025231,0.242371,1.638227,480
live,617,16616386901385,16616387072376,16616387483037,16616388817197,1.915812,0.410661,1.33416,480
live,618,16616396901385,16616397049390,16616397146767,16616397951288,1.049903,0.097377,0.804521,480
live,619,16616406901385,16616407046212,16616407123237,16616408743960,1.842575,0.077025,1.620723,480
live,620,16616416901385,16616417044953,16616417130267,16616419794458,2.893073,0.085314,2.664191,480
live,621,16616426901385,16616427053071,16616427141329,16616429010599,2.109214,0.088258,1.86927,480
live,622,16616436901385,16616437067846,16616437163271,16616438892347,1.990962,0.095425,1.729076,480
live,623,16616446901385,16616447074395,16616447199549,16616448907985,2.0066,0.125154,1.708436,480
live,624,16616456901385,16616457051121,16616457140178,16616458771781,1.870396,0.089057,1.631603,480
live,625,16616466901385,16616467050919,16616467141000,16616467995762,1.094377,0.090081,0.854762,480
live,626,16616476901385,16616477050717,16616477131230,16616478228235,1.32685,0.080513,1.097005,480
live,627,16616486901385,16616487053875,16616487142228,16616488325410,1.424025,0.088353,1.183182,480
live,628,16616496901385,16616497054793,16616497136778,16616498243447,1.342062,0.081985,1.106669,480
live,629,16616506901385,16616507051870,16616507127839,16616508247981,1.346596,0.075969,1.120142,480
live,630,16616516901385,16616517049204,16616517125557,16616518211842,1.310457,0.076353,1.086285,480
live,631,16616526901385,16616527046314,16616527122923,16616528241112,1.339727,0.076609,1.118189,480
live,632,16616536901385,16616537055008,16616537136929,16616538261070,1.359685,0.081921,1.124141,480
live,633,16616546901385,16616547047606,16616547129207,16616548238500,1.337115,0.081601,1.109293,480
live,634,16616556901385,16616557048428,16616557125837,16616558211450,1.310065,0.077409,1.085613,480
live,635,16616566901385,16616567048386,16616567125795,16616568242544,1.341159,0.077409,1.116749,480
live,636,16616576901385,16616577051640,16616577120632,16616578190533,1.289148,0.068992,1.069901,480
live,637,16616586901385,16616587052845,16616587124526,16616588276668,1.375283,0.071681,1.152142,480
live,638,16616596901385,16616597051203,16616597132868,16616598189585,1.2882,0.081665,1.056717,480
live,639,16616606901385,16616607046361,16616607132218,16616608308584,1.407199,0.085857,1.176366,480
live,640,16616616901385,16616617048047,16616617115728,16616619176136,2.274751,0.067681,2.060408,480
live,641,16616626901385,16616627045349,16616627117958,16616628261843,1.360458,0.072609,1.143885,480
live,642,16616636901385,16616637055003,16616637144732,16616638312554,1.411169,0.089729,1.167822,480
live,643,16616646901385,16616647056209,16616647133362,16616648490114,1.588729,0.077153,1.356752,480
live,644,16616656901385,16616657055015,16616657141096,16616657927921,1.026536,0.086081,0.786825,480
live,645,16616666901385,16616667055965,16616667124573,16616667894886,0.993501,0.068608,0.770313,480
live,646,16616676901385,16616677054290,16616677123731,16616677908956,1.007571,0.069441,0.785225,480
live,647,16616686901385,16616687050952,16616687135817,16616687990451,1.089066,0.084865,0.854634,480
live,648,16616696901385,16616697056190,16616697136319,16616697929256,1.027871,0.080129,0.792937,480
live,649,16616706901385,16616707044436,16616707121813,16616707900670,0.999285,0.077377,0.778857,480
live,650,16616716901385,16616717045130,16616717123211,16616718204503,1.303118,0.078081,1.081292,480
live,651,16616726901385,16616727051872,16616727122785,16616728255918,1.354533,0.070913,1.133133,480
live,652,16616736901385,16616737059286,16616737148439,16616738329317,1.427932,0.089153,1.180878,480
live,653,16616746901385,16616747049995,16616747129708,16616748284250,1.382865,0.079713,1.154542,480
live,654,16616756901385,16616757055233,16616757136162,16616758230063,1.328678,0.080929,1.093901,480
live,655,16616766901385,16616767050391,16616767130168,16616768235109,1.333724,0.079777,1.104941,480
live,656,16616776901385,16616777048717,16616777134158,16616778215291,1.313906,0.085441,1.081133,480
live,657,16616786901385,16616787251685,16616787338150,16616788550037,1.648652,0.086465,1.211887,480
live,658,16616796901385,16616797054361,16616797129882,16616798237255,1.33587,0.075521,1.107373,480
live,659,16616806901385,16616807047087,16616807124080,16616808263805,1.36242,0.076993,1.139725,480
live,660,16616816901385,16616817049317,16616817130022,16616819064828,2.163443,0.080705,1.934806,480
live,661,16616826901385,16616827055643,16616827133499,16616828266217,1.364832,0.077856,1.132718,480
live,662,16616836901385,16616837051696,16616837117105,16616838918054,2.016669,0.065409,1.800949,480
live,663,16616846901385,16616847049702,16616847128327,16616848267957,1.366572,0.078625,1.13963,480
live,664,16616856901385,16616857048156,16616857127741,16616858219242,1.317857,0.079585,1.091501,480
live,665,16616866901385,16616867047218,16616867123603,16616868241088,1.339703,0.076385,1.117485,480
live,666,16616876901385,16616877049384,16616877129065,16616878203701,1.302316,0.079681,1.074636,480
live,667,16616886901385,16616887054302,16616887140639,16616888263372,1.361987,0.086337,1.122733,480
live,668,16616896901385,16616897057300,16616897140885,16616898255170,1.353785,0.083585,1.114285,480
live,669,16616906901385,16616907053898,16616907120266,16616907895795,0.99441,0.066368,0.775529,480
live,670,16616916901385,16616917045183,16616917109344,16616918180909,1.279524,0.064161,1.071565,480
live,671,16616926901385,16616927076534,16616927480026,16616929161614,2.260229,0.403492,1.681588,480
live,672,16616936901385,16616937047051,16616937136300,16616938311578,1.410193,0.089249,1.175278,480
live,673,16616946901385,16616947052097,16616947138306,16616948296944,1.395559,0.086209,1.158638,480
live,674,16616956901385,16616957048919,16616957138232,16616958239621,1.338236,0.089313,1.101389,480
live,675,16616966901385,16616967042573,16616967119374,16616967906263,1.004878,0.076801,0.786889,480
live,676,16616976901385,16616977044195,16616977120835,16616978201200,1.299815,0.07664,1.080365,480
live,677,16616986901385,16616987043256,16616987120505,16616987883554,0.982169,0.077249,0.763049,480
live,678,16616996901385,16616997050254,16616997135855,16616998247677,1.346292,0.085601,1.111822,480
live,679,16617006901385,16617007050468,16617007116389,16617007892878,0.991493,0.065921,0.776489,480
live,680,16617016901385,16617017042138,16617017108379,16617019025425,2.12404,0.066241,1.917046,480
live,681,16617026901385,16617027088881,16617027494293,16617029493965,2.59258,0.405412,1.999672,480
live,682,16617036901385,16617037062182,16617037456139,16617038471927,1.570542,0.393957,1.015788,480
live,683,16617046901385,16617047054492,16617047127741,16617047974599,1.073214,0.073249,0.846858,480
live,684,16617056901385,16617057044146,16617057136563,16617057941404,1.040019,0.092417,0.804841,480
live,685,16617066901385,16617067086920,16617067165993,16617067951506,1.050121,0.079073,0.785513,480
live,686,16617076901385,16617077067198,16617077147711,16617077917288,1.015903,0.080513,0.769577,480
live,687,16617086901385,16617087047667,16617087124756,16617087886141,0.984756,0.077089,0.761385,480
live,688,16617096901385,16617097048073,16617097130346,16617097920052,1.018667,0.082273,0.789706,480
live,689,16617106901385,16617107048191,16617107114784,16617107881769,0.980384,0.066593,0.766985,480
live,690,16617116901385,16617117046421,16617117114230,16617118193507,1.292122,0.067809,1.079277,480
live,691,16617126901385,16617127091339,16617127507376,16617129590985,2.6896,0.416037,2.083609,480
live,692,16617136901385,16617137111874,16617137533991,16617138849398,1.948013,0.422117,1.315407,480
live,693,16617146901385,16617147053623,16617147141432,16617148323910,1.422525,0.087809,1.182478,480
live,694,16617156901385,16617157050125,16617157133614,16617158252987,1.351602,0.083489,1.119373,480
live,695,16617166901385,16617167042178,16617167122499,16617168245521,1.344136,0.080321,1.123022,480
live,696,16617176901385,16617177047480,16617177125497,16617178210374,1.308989,0.078017,1.084877,480
live,697,16617186901385,16617187040878,16617187119055,16617188231036,1.329651,0.078177,1.111981,480
live,698,16617196901385,16617197048772,16617197134085,16617198245746,1.344361,0.085313,1.111661,480
live,699,16617206901385,16617207645025,16617207791939,16617209686905,2.78552,0.146914,1.894966,480
replay,699,16617206901385,16617207698498,16617207934021,16617224563401,17.662016,0.235523,16.62938,36544
live,700,16617216901385,16617217303571,16617217827321,16617223203257,6.301872,0.52375,5.375936,480
live,701,16617226901385,16617227143879,16617227265256,16617228303797,1.402412,0.121377,1.038541,480
live,702,16617236901385,16617237067484,16617237156029,16617239099988,2.198603,0.088545,1.943959,480
live,703,16617246901385,16617247418486,16617247533399,16617249688913,2.787528,0.114913,2.155514,480
live,704,16617256901385,16617257057704,16617257144841,16617259109824,2.208439,0.087137,1.964983,480
live,705,16617266901385,16617267049629,16617267133726,16617269043061,2.141676,0.084097,1.909335,480
live,706,16617276901385,16617277055699,16617277139348,16617279022987,2.121602,0.083649,1.883639,480
live,707,16617286901385,16617287050793,16617287131050,16617288995456,2.094071,0.080257,1.864406,480
live,708,16617296901385,16617297053311,16617297124960,16617299722911,2.821526,0.071649,2.597951,480
live,709,16617306901385,16617307054741,16617307148246,16617309098509,2.197124,0.093505,1.950263,480
live,710,16617316901385,16617317047531,16617317134284,16617319069251,2.167866,0.086753,1.934967,480
live,711,16617326901385,16617327053057,16617327137218,16617329029272,2.127887,0.084161,1.892054,480
live,712,16617336901385,16617337050615,16617337154328,16617339063886,2.162501,0.103713,1.909558,480
live,713,16617346901385,16617347059245,16617347136270,16617349074692,2.173307,0.077025,1.938422,480
live,714,16617356901385,16617357054595,16617357147876,16617359100379,2.198994,0.093281,1.952503,480
live,715,16617366901385,16617367048824,16617367122617,16617368795245,1.89386,0.073793,1.672628,480
live,716,16617376901385,16617377048270,16617377118895,16617379091814,2.190429,0.070625,1.972919,480
live,717,16617386901385,16617387047780,16617387135205,16617388813497,1.912112,0.087425,1.678292,480
live,718,16617396901385,16617397046810,16617397130939,16617399041361,2.139976,0.084129,1.910422,480
live,719,16617406901385,16617407060816,16617407158385,16617408423008,1.521623,0.097569,1.264623,480
live,720,16617416901385,16617417045510,16617417126631,16617419353473,2.452088,0.081121,2.226842,480
live,721,16617426901385,16617427052796,16617427130141,16617427924934,1.023549,0.077345,0.794793,480
live,722,16617436901385,16617437046514,16617437124082,16617437905884,1.004499,0.077568,0.781802,480
live,723,16617446901385,16617447046279,16617447122120,16617448230581,1.329196,0.075841,1.108461,480
live,724,16617456901385,16617457052125,16617457137950,16617458257772,1.356387,0.085825,1.119822,480
live,725,16617466901385,16617467051315,16617467125844,16617468245569,1.344184,0.074529,1.119725,480
live,726,16617476901385,16617477044713,16617477132458,16617478214487,1.313102,0.087745,1.082029,480
live,727,16617486901385,16617487049023,16617487123968,16617487892073,0.990688,0.074945,0.768105,480
live,728,16617496901385,16617497047285,16617497128598,16617498211491,1.310106,0.081313,1.082893,480
live,729,16617506901385,16617507058731,16617507141132,16617507936245,1.03486,0.082401,0.795113,480
live,730,16617516901385,16617517053409,16617517133154,16617517914123,1.012738,0.079745,0.780969,480
live,731,16617526901385,16617527046935,16617527109975,16617527872896,0.971511,0.06304,0.762921,480
live,732,16617536901385,16617537055373,16617537440817,16617539519914,2.618529,0.385444,2.079097,480
live,733,16617546901385,16617547056386,16617547437031,16617549533376,2.631991,0.380645,2.096345,480
live,734,16617556901385,16617557067512,16617557454525,16617559485685,2.5843,0.387013,2.03116,480
live,735,16617566901385,16617567049966,16617567153743,16617569059974,2.158589,0.103777,1.906231,480
live,736,16617576901385,16617577053444,16617577134245,16617578798073,1.896688,0.080801,1.663828,480
live,737,16617586901385,16617587047578,16617587119323,16617588790190,1.888805,0.071745,1.670867,480
live,738,16617596901385,16617597045072,16617597133937,16617598799620,1.898235,0.088865,1.665683,480
live,739,16617606901385,16617607058886,16617607147847,16617608875867,1.974482,0.088961,1.72802,480
live,740,16617616901385,16617617048348,16617617120252,16617619684635,2.78325,0.071904,2.564383,480
live,741,16617626901385,16617627044497,16617627129778,16617628811814,1.910429,0.085281,1.682036,480
live,742,16617636901385,16617637049255,16617637121000,16617639153888,2.252503,0.071745,2.032888,480
live,743,16617646901385,16617647045981,16617647126750,16617649178902,2.277517,0.080769,2.052152,480
live,744,16617656901385,16617657185141,16617657273014,16617659394959,2.493574,0.087873,2.121945,480
live,745,16617666901385,16617667053225,16617667139114,16617669199362,2.297977,0.085889,2.060248,480
live,746,16617676901385,16617677051519,16617677124128,16617679187224,2.285839,0.072609,2.063096,480
live,747,16617686901385,16617687045493,16617687115286,16617689133357,2.231972,0.069793,2.018071,480
live,748,16617696901385,16617697049131,16617697119564,16617699047010,2.145625,0.070433,1.927446,480
live,749,16617706901385,16617707046209,16617707116865,16617709454749,2.553364,0.070656,2.337884,480
live,750,16617716901385,16617717053623,16617717142136,16617719200880,2.299495,0.088513,2.058744,480
live,751,16617726901385,16617727058572,16617727150830,16617729081028,2.179643,0.092258,1.930198,480
live,752,16617736901385,16617737044002,16617737140547,16617739052506,2.151121,0.096545,1.911959,480
live,753,16617746901385,16617747045272,16617747126233,16617749039824,2.138439,0.080961,1.913591,480
live,754,16617756901385,16617757051022,16617757132911,16617759037893,2.136508,0.081889,1.904982,480
live,755,16617766901385,16617767053924,16617767144197,16617769073340,2.171955,0.090273,1.929143,480
live,756,16617776901385,16617777056666,16617777141499,16617779059378,2.157993,0.084833,1.917879,480
live,757,16617786901385,16617787047664,16617787138161,16617789050343,2.148958,0.090497,1.912182,480
live,758,16617796901385,16617797057542,16617797148871,16617799066269,2.164884,0.091329,1.917398,480
live,759,16617806901385,16617807046299,16617807128764,16617809029043,2.127658,0.082465,1.900279,480
live,760,16617816901385,16617817049873,16617817149811,16617819963604,3.062219,0.099938,2.813793,480
live,761,16617826901385,16617827093704,16617827179881,16617829095839,2.194454,0.086177,1.915958,480
live,762,16617836901385,16617837073693,16617837161342,16617839082677,2.181292,0.087649,1.921335,480
live,763,16617846901385,16617847054067,16617847144404,16617849071275,2.16989,0.090337,1.926871,480
live,764,16617856901385,16617857048425,16617857126218,16617859036416,2.135031,0.077793,1.910198,480
live,765,16617866901385,16617867052255,16617867141088,16617869089911,2.188526,0.088833,1.948823,480
live,766,16617876901385,16617877048053,16617877120598,16617879053740,2.152355,0.072545,1.933142,480
live,767,16617886901385,16617887046443,16617887132876,16617888805023,1.903638,0.086433,1.672147,480
live,768,16617896901385,16617897045792,16617897128833,16617899052952,2.151567,0.083041,1.924119,480
live,769,16617906901385,16617907049846,16617907131223,16617908794667,1.893282,0.081377,1.663444,480
live,770,16617916901385,16617917048140,16617917135597,16617919109061,2.207676,0.087457,1.973464,480
live,771,16617926901385,16617927047266,16617927130563,16617929029850,2.128465,0.083297,1.899287,480
live,772,16617936901385,16617937044632,16617937114585,16617939048560,2.147175,0.069953,1.933975,480
live,773,16617946901385,16617947045390,16617947132719,16617948839523,1.938138,0.087329,1.706804,480
live,774,16617956901385,16617957044932,16617957130693,16617959053371,2.151986,0.085761,1.922678,480
live,775,16617966901385,16617967050938,16617967139067,16617969101970,2.200585,0.088129,1.962903,480
live,776,16617976901385,16617977046256,16617977127921,16617978323071,1.421686,0.081665,1.19515,480
live,777,16617986901385,16617987047782,16617987127238,16617987934832,1.033447,0.079456,0.807594,480
live,778,16617996901385,16617997043675,16617997123324,16617998222569,1.321184,0.079649,1.099245,480
live,779,16618006901385,16618007049073,16618007132146,16618007916124,1.014739,0.083073,0.783978,480
live,780,16618016901385,16618017054759,16618017139624,16618019144384,2.242999,0.084865,2.00476,480
live,781,16618026901385,16618027048157,16618027125694,16618027916359,1.014974,0.077537,0.790665,480
live,782,16618036901385,16618037117876,16618037235605,16618038238753,1.337368,0.117729,1.003148,480
live,783,16618046901385,16618047063945,16618047137674,16618048346392,1.445007,0.073729,1.208718,480
live,784,16618056901385,16618057050943,16618057136192,16618058281101,1.379716,0.085249,1.144909,480
live,785,16618066901385,16618067050549,16618067140022,16618068371108,1.469723,0.089473,1.231086,480
live,786,16618076901385,16618077054987,16618077133740,16618078259257,1.357872,0.078753,1.125517,480
live,787,16618086901385,16618087042080,16618087120929,16618087933291,1.031906,0.078849,0.812362,480
live,788,16618096901385,16618097046966,16618097114391,16618097899456,0.998071,0.067425,0.785065,480
live,789,16618106901385,16618107041324,16618107104813,16618107885558,0.984173,0.063489,0.780745,480
live,790,16618116901385,16618117059106,16618117223268,16618118677717,1.776332,0.164162,1.454449,480
live,791,16618126901385,16618127053848,16618127124697,16618127940643,1.039258,0.070849,0.815946,480
live,792,16618136901385,16618137044782,16618137122415,16618137912248,1.010863,0.077633,0.789833,480
live,793,16618146901385,16618147050596,16618147446057,16618149142973,2.241588,0.395461,1.696916,480
live,794,16618156901385,16618157058490,16618157445887,16618159192595,2.29121,0.387397,1.746708,480
live,795,16618166901385,16618167058320,16618167452981,16618169869905,2.96852,0.394661,2.416924,480
live,796,16618176901385,16618177071270,16618177467819,16618179275936,2.374551,0.396549,1.808117,480
live,797,16618186901385,16618187058012,16618187451808,16618189214901,2.313516,0.393796,1.763093,480
live,798,16618196901385,16618197035793,16618197131826,16618198789414,1.888029,0.096033,1.657588,480
live,799,16618206901385,16618207606606,16618207783152,16618210674642,3.773257,0.176546,2.89149,480
replay,799,16618206901385,16618207681775,16618207931058,16618226880433,19.979048,0.249283,18.949375,36544
live,800,16618216901385,16618217413186,16618217731877,16618223100933,6.199548,0.318691,5.369056,480
live,801,16618226901385,16618227393975,16618227567385,16618228775880,1.874495,0.17341,1.208495,480
live,802,16618236901385,16618237074569,16618237192235,16618238200471,1.299086,0.117666,1.008236,480
live,803,16618246901385,16618247070463,16618247160288,16618248066187,1.164802,0.089825,0.905899,480
live,804,16618256901385,16618257080981,16618257478490,16618258447365,1.54598,0.397509,0.968875,480
live,805,16618266901385,16618267093867,16618267506224,16618268572637,1.671252,0.412357,1.066413,480
live,806,16618276901385,16618277086753,16618277196834,16618278084077,1.182692,0.110081,0.887243,480
live,807,16618286901385,16618287060343,16618287149208,16618287980834,1.079449,0.088865,0.831626,480
live,808,16618296901385,16618297047564,16618297134126,16618297941335,1.03995,0.086562,0.807209,480
live,809,16618306901385,16618307051554,16618307146340,16618307952941,1.051556,0.094786,0.806601,480
live,810,16618316901385,16618317050136,16618317129305,16618317920451,1.019066,0.079169,0.791146,480
live,811,16618326901385,16618327239344,16618327444307,16618329078534,2.177149,0.204963,1.634227,480
live,812,16618336901385,16618337050820,16618337129765,16618337918062,1.016677,0.078945,0.788297,480
live,813,16618346901385,16618347047162,16618347117691,16618347902372,1.000987,0.070529,0.784681,480
live,814,16618356901385,16618357048080,16618357126225,16618357917114,1.015729,0.078145,0.790889,480
live,815,16618366901385,16618367048454,16618367129287,16618367928496,1.027111,0.080833,0.799209,480
live,816,16618376901385,16618377047356,16618377124541,16618377904550,1.003165,0.077185,0.780009,480
live,817,16618386901385,16618387051602,16618387142003,16618387928060,1.026675,0.090401,0.786057,480
live,818,16618396901385,16618397052776,16618397133961,16618397904946,1.003561,0.081185,0.770985,480
live,819,16618406901385,16618407048733,16618407123326,16618408268684,1.367299,0.074593,1.145358,480
live,820,16618416901385,16618417045171,16618417124212,16618418998186,2.096801,0.079041,1.873974,480
live,821,16618426901385,16618427048969,16618427128202,16618428033653,1.132268,0.079233,0.905451,480
live,822,16618436901385,16618437054207,16618437139488,16618437935850,1.034465,0.085281,0.796362,480
live,823,16618446901385,16618447053173,16618447137686,16618447973056,1.071671,0.084513,0.83537,480
live,824,16618456901385,16618457054891,16618457144780,16618457988534,1.087149,0.089889,0.843754,480
live,825,16618466901385,16618467057313,16618467124930,16618467921707,1.020322,0.067617,0.796777,480
live,826,16618476901385,16618477046647,16618477114808,16618477888001,0.986616,0.068161,0.773193,480
live,827,16618486901385,16618487049453,16618487118893,16618487899895,0.99851,0.06944,0.781002,480
live,828,16618496901385,16618497048867,16618497448775,16618499170364,2.268979,0.399908,1.721589,480
live,829,16618506901385,16618507040632,16618507124025,16618508811405,1.91002,0.083393,1.68738,480
live,830,16618516901385,16618517046126,16618517129007,16618518775299,1.873914,0.082881,1.646292,480
live,831,16618526901385,16618527051364,16618527120069,16618528804569,1.903184,0.068705,1.6845,480
live,832,16618536901385,16618537053338,16618537128475,16618538832751,1.931366,0.075137,1.704276,480
live,833,16618546901385,16618547045232,16618547117521,16618548071164,1.169779,0.072289,0.953643,480
live,834,16618556901385,16618557044582,16618557123783,16618558748090,1.846705,0.079201,1.624307,480
live,835,16618566901385,16618567048700,16618567128445,16618568811985,1.9106,0.079745,1.68354,480
live,836,16618576901385,16618577047186,16618577133299,16618578777990,1.876605,0.086113,1.644691,480
live,837,16618586901385,16618587107784,16618587196457,16618588919774,2.018389,0.088673,1.723317,480
live,838,16618596901385,16618597142207,16618597260992,16618598285836,1.384451,0.118785,1.024844,480
live,839,16618606901385,16618607075220,16618607164405,16618607978270,1.076885,0.089185,0.813865,480
live,840,16618616901385,16618617058025,16618617139946,16618618875039,1.973654,0.081921,1.735093,480
live,841,16618626901385,16618627053407,16618627134240,16618627925066,1.023681,0.080833,0.790826,480
live,842,16618636901385,16618637057973,16618637133366,16618637945312,1.043927,0.075393,0.811946,480
live,843,16618646901385,16618647055147,16618647122252,16618647899509,0.998124,0.067105,0.777257,480
live,844,16618656901385,16618657045985,16618657124994,16618657897387,0.996002,0.079009,0.772393,480
live,845,16618666901385,16618667050199,16618667117496,16618667872769,0.971384,0.067297,0.755273,480
live,846,16618676901385,16618677051533,16618677143150,16618677924855,1.02347,0.091617,0.781705,480
live,847,16618686901385,16618687054403,16618687139812,16618687934925,1.03354,0.085409,0.795113,480
live,848,16618696901385,16618697064025,16618697132698,16618697921955,1.02057,0.068673,0.789257,480
live,849,16618706901385,16618707047407,16618707109135,16618707868824,0.967439,0.061728,0.759689,480
live,850,16618716901385,16618717042532,16618717110949,16618717865070,0.963685,0.068417,0.754121,480
live,851,16618726901385,16618727045882,16618727120379,16618727893028,0.991643,0.074497,0.772649,480
live,852,16618736901385,16618737264915,16618737341172,16618738137149,1.235764,0.076257,0.795977,480
live,853,16618746901385,16618747046886,16618747121767,16618747891632,0.990247,0.074881,0.769865,480
live,854,16618756901385,16618757044604,16618757116733,16618757877030,0.975645,0.072129,0.760297,480
live,855,16618766901385,16618767055442,16618767137107,16618767887452,0.986067,0.081665,0.750345,480
live,856,16618776901385,16618777049096,16618777113033,16618777855761,0.954376,0.063937,0.742728,480
live,857,16618786901385,16618787044062,16618787119423,16618788819091,1.917706,0.075361,1.699668,480
live,858,16618796901385,16618797057012,16618797137045,16618798241506,1.340121,0.080033,1.104461,480
live,859,16618806901385,16618807048266,16618807115370,16618808243032,1.341647,0.067104,1.127662,480
live,860,16618816901385,16618817050527,16618817114432,16618819059767,2.158382,0.063905,1.945335,480
live,861,16618826901385,16618827046965,16618827113174,16618828252804,1.351419,0.066209,1.13963,480
live,862,16618836901385,16618837049451,16618837127916,16618838224793,1.323408,0.078465,1.096877,480
live,863,16618846901385,16618847053345,16618847136738,16618848281072,1.379687,0.083393,1.144334,480
live,864,16618856901385,16618857050135,16618857132824,16618858233573,1.332188,0.082689,1.100749,480
live,865,16618866901385,16618867044589,16618867110990,16618868232059,1.330674,0.066401,1.121069,480
live,866,16618876901385,16618877043747,16618877106084,16618878172144,1.270759,0.062337,1.06606,480
live,867,16618886901385,16618887037625,16618887102841,16618888209638,1.308253,0.065216,1.106797,480
live,868,16618896901385,16618897055087,16618897140592,16618898316542,1.415157,0.085505,1.17595,480
live,869,16618906901385,16618907050501,16618907127622,16618907903951,1.002566,0.077121,0.776329,480
live,870,16618916901385,16618917048954,16618917130875,16618918144455,1.24307,0.081921,1.01358,480
live,871,16618926901385,16618927047120,16618927107825,16618927857882,0.956497,0.060705,0.750057,480
live,872,16618936901385,16618937038150,16618937104615,16618937859984,0.958599,0.066465,0.755369,480
live,873,16618946901385,16618947050812,16618947118685,16618947891750,0.990365,0.067873,0.773065,480
live,874,16618956901385,16618957043282,16618957119827,16618957891708,0.990323,0.076545,0.771881,480
live,875,16618966901385,16618967040552,16618967116681,16618968222806,1.321421,0.076129,1.106125,480
live,876,16618976901385,16618977040670,16618977107999,16618977872200,0.970815,0.067329,0.764201,480
live,877,16618986901385,16618987043764,16618987109237,16618988250338,1.348953,0.065473,1.141101,480
live,878,16618996901385,16618997051722,16618997131211,16618998246040,1.344655,0.079489,1.114829,480
live,879,16619006901385,16619007048160,16619007119104,16619008241646,1.340261,0.070944,1.122542,480
live,880,16619016901385,16619017044022,16619017118838,16619019022637,2.121252,0.074816,1.903799,480
live,881,16619026901385,16619027042603,16619027120172,16619028227929,1.326544,0.077569,1.107757,480
live,882,16619036901385,16619037045121,16619037119298,16619038200655,1.29927,0.074177,1.081357,480
live,883,16619046901385,16619047051287,16619047130744,16619048281446,1.380061,0.079457,1.150702,480
live,884,16619056901385,16619057047885,16619057112142,16619058196507,1.295122,0.064257,1.084365,480
live,885,16619066901385,16619067041635,16619067117220,16619068227217,1.325832,0.075585,1.109997,480
live,886,16619076901385,16619077045241,16619077119002,16619078202311,1.300926,0.073761,1.083309,480
live,887,16619086901385,16619087044847,16619087119760,16619088223613,1.322228,0.074913,1.103853,480
live,888,16619096901385,16619097054885,16619097125638,16619098242131,1.340746,0.070753,1.116493,480
live,889,16619106901385,16619107045883,16619107109980,16619108234025,1.33264,0.064097,1.124045,480
live,890,16619116901385,16619117046001,16619117122578,16619118201886,1.300501,0.076577,1.079308,480
live,891,16619126901385,16619127041863,16619127115495,16619127869904,0.968519,0.073632,0.754409,480
live,892,16619136901385,16619137048701,16619137141182,16619137936935,1.03555,0.092481,0.795753,480
live,893,16619146901385,16619147051411,16619147141108,16619147948349,1.046964,0.089697,0.807241,480
live,894,16619156901385,16619157046216,16619157111049,16619157892626,0.991241,0.064833,0.781577,480
live,895,16619166901385,16619167044606,16619167112607,16619167867304,0.965919,0.068001,0.754697,480
live,896,16619176901385,16619177048244,16619177131925,16619177879198,0.977813,0.083681,0.747273,480
live,897,16619186901385,16619187047114,16619187128811,16619187879924,0.978539,0.081697,0.751113,480
live,898,16619196901385,16619197043072,16619197125697,16619198244430,1.343045,0.082625,1.118733,480
live,899,16619206901385,16619207647773,16619207804223,16619209759478,2.858093,0.15645,1.955255,480
replay,899,16619206901385,16619207710398,16619207933760,16619224624389,17.723004,0.223362,16.690629,36544
live,900,16619216901385,16619217387280,16619217628947,16619221561281,4.659896,0.241667,3.932334,480
live,901,16619226901385,16619227119267,16619227216260,16619228379218,1.477833,0.096993,1.162958,480
live,902,16619236901385,16619237056408,16619237139033,16619237951170,1.049785,0.082625,0.812137,480
live,903,16619246901385,16619247223888,16619247304593,16619248659745,1.75836,0.080705,1.355152,480
live,904,16619256901385,16619257057860,16619257137861,16619257944174,1.042789,0.080001,0.806313,480
live,905,16619266901385,16619267051642,16619267128890,16619267910308,1.008923,0.077248,0.781418,480
live,906,16619276901385,16619277049263,16619277126896,16619277900697,0.999312,0.077633,0.773801,480
live,907,16619286901385,16619287041573,16619287116422,16619287888399,0.987014,0.074849,0.771977,480
live,908,16619296901385,16619297047547,16619297123772,16619297892037,0.990652,0.076225,0.768265,480
live,909,16619306901385,16619307055377,16619307135666,16619308038045,1.13666,0.080289,0.902379,480
live,910,16619316901385,16619317046087,16619317112040,16619317898001,0.996616,0.065953,0.785961,480
live,911,16619326901385,16619327048189,16619327113662,16619327877831,0.976446,0.065473,0.764169,480
live,912,16619336901385,16619337042323,16619337107124,16619337860764,0.959379,0.064801,0.75364,480
live,913,16619346901385,16619347098441,16619347180874,16619348047701,1.146316,0.082433,0.866827,480
live,914,16619356901385,16619357103071,16619357190784,16619358177388,1.276003,0.087713,0.986604,480
live,915,16619366901385,16619367058453,16619367151158,16619367946559,1.045174,0.092705,0.795401,480
live,916,16619376901385,16619377054827,16619377135916,16619377926165,1.02478,0.081089,0.790249,480
live,917,16619386901385,16619387050848,16619387123297,16619387891850,0.990465,0.072449,0.768553,480
live,918,16619396901385,16619397046262,16619397121879,16619397894080,0.992695,0.075617,0.772201,480
live,919,16619406901385,16619407059788,16619407145101,16619408078392,1.177007,0.085313,0.933291,480
live,920,16619416901385,16619417051426,16619417126403,16619418835863,1.934478,0.074977,1.70946,480
live,921,16619426901385,16619427048088,16619427128377,16619427910530,1.009145,0.080289,0.782153,480
live,922,16619436901385,16619437046254,16619437112239,16619438207004,1.305619,0.065985,1.094765,480
live,923,16619446901385,16619447040964,16619447106661,16619448220178,1.318793,0.065697,1.113517,480
live,924,16619456901385,16619457062970,16619457152347,16619458353865,1.45248,0.089377,1.201518,480
live,925,16619466901385,16619467047600,16619467113233,16619468246462,1.345077,0.065633,1.133229,480
live,926,16619476901385,16619477044870,16619477119047,16619478203347,1.301962,0.074177,1.0843,480
live,927,16619486901385,16619487046716,16619487112508,16619488217193,1.315808,0.065792,1.104685,480
live,928,16619496901385,16619497048946,16619497114226,16619498186303,1.284918,0.06528,1.072077,480
live,929,16619506901385,16619507054504,16619507129096,16619507970162,1.068777,0.074592,0.841066,480
live,930,16619516901385,16619517055549,16619517136958,16619517924328,1.022943,0.081409,0.78737,480
live,931,16619526901385,16619527045907,16619527121876,16619527891389,0.990004,0.075969,0.769513,480
live,932,16619536901385,16619537043081,16619537116522,16619538205655,1.30427,0.073441,1.089133,480
live,933,16619546901385,16619547047711,16619547149440,16619548248301,1.346916,0.101729,1.098861,480
live,934,16619556901385,16619557064341,16619557145462,16619558304068,1.402683,0.081121,1.158606,480
live,935,16619566901385,16619567051179,16619567127660,16619568235257,1.333872,0.076481,1.107597,480
live,936,16619576901385,16619577042561,16619577115618,16619577893963,0.992578,0.073057,0.778345,480
live,937,16619586901385,16619587044567,16619587132312,16619587900481,0.999096,0.087745,0.768169,480
live,938,16619596901385,16619597054509,16619597122702,16619597887511,0.986126,0.068193,0.764809,480
live,939,16619606901385,16619607055555,16619607136324,16619607969997,1.068612,0.080769,0.833673,480
live,940,16619616901385,16619617047929,16619617112313,16619618722508,1.821123,0.064384,1.610195,480
live,941,16619626901385,16619627049230,16619627127855,16619627895096,0.993711,0.078625,0.767241,480
live,942,16619636901385,16619637044996,16619637120261,16619637877326,0.975941,0.075265,0.757065,480
live,943,16619646901385,16619647045466,16619647120187,16619647878692,0.977307,0.074721,0.758505,480
live,944,16619656901385,16619657054224,16619657137585,16619657955739,1.054354,0.083361,0.818154,480
live,945,16619666901385,16619667043910,16619667103111,16619667823503,0.922118,0.059201,0.720392,480
live,946,16619676901385,16619677033276,16619677110493,16619677867110,0.965725,0.077217,0.756617,480
live,947,16619686901385,16619687051026,16619687125331,16619687878780,0.977395,0.074305,0.753449,480
live,948,16619696901385,16619697045992,16619697135145,16619697889906,0.988521,0.089153,0.754761,480
live,949,16619706901385,16619707278144,16619707402178,16619708836627,1.935242,0.124034,1.434449,480
live,950,16619716901385,16619717052788,16619717135061,16619717922206,1.020821,0.082273,0.787145,480
live,951,16619726901385,16619727532527,16619727660177,16619728470522,1.569137,0.12765,0.810345,480
live,952,16619736901385,16619737089920,16619737195009,16619738271598,1.370213,0.105089,1.076589,480
live,953,16619746901385,16619747086390,16619747163319,16619748268388,1.367003,0.076929,1.105069,480
live,954,16619756901385,16619757059691,16619757139916,16619758207065,1.30568,0.080225,1.067149,480
live,955,16619766901385,16619767066529,16619767155555,16619768352689,1.451304,0.089026,1.197134,480
live,956,16619776901385,16619777081336,16619777157848,16619777958402,1.057017,0.076512,0.800554,480
live,957,16619786901385,16619787064781,16619787137902,16619787889047,0.987662,0.073121,0.751145,480
live,958,16619796901385,16619797065923,16619797143844,16619797914317,1.012932,0.077921,0.770473,480
live,959,16619806901385,16619807055673,16619807126810,16619807886883,0.985498,0.071137,0.760073,480
live,960,16619816901385,16619817079279,16619817154576,16619818782275,1.88089,0.075297,1.627699,480
live,961,16619826901385,16619827097573,16619827302984,16619828129074,1.227689,0.205411,0.82609,480
live,962,16619836901385,16619837086203,16619837166972,16619837936133,1.034748,0.080769,0.769161,480
live,963,16619846901385,16619847067985,16619847147474,16619847907259,1.005874,0.079489,0.759785,480
live,964,16619856901385,16619857064391,16619857140936,16619857905553,1.004168,0.076545,0.764617,480
live,965,16619866901385,16619867073757,16619867158750,16619867958215,1.05683,0.084993,0.799465,480
live,966,16619876901385,16619877080307,16619877154964,16619877924349,1.022964,0.074657,0.769385,480
live,967,16619886901385,16619887070473,16619887147497,16619888270903,1.369518,0.077024,1.123406,480
live,968,16619896901385,16619897069918,16619897142975,16619898240588,1.339203,0.073057,1.097613,480
live,969,16619906901385,16619907068180,16619907142133,16619908255810,1.354425,0.073953,1.113677,480
live,970,16619916901385,16619917066058,16619917145771,16619917956661,1.055276,0.079713,0.81089,480
live,971,16619926901385,16619927096160,16619927182274,16619928134733,1.233348,0.086114,0.952459,480
live,972,16619936901385,16619937064758,16619937138583,16619937896160,0.994775,0.073825,0.757577,480
live,973,16619946901385,16619947064524,16619947138157,16619947893590,0.992205,0.073633,0.755433,480
live,974,16619956901385,16619957060834,16619957132483,16619957892428,0.991043,0.071649,0.759945,480
live,975,16619966901385,16619967059384,16619967133593,16619967914178,1.012793,0.074209,0.780585,480
live,976,16619976901385,16619977053294,16619977123726,16619977879639,0.978254,0.070432,0.755913,480
live,977,16619986901385,16619987062660,16619987131012,16619988250866,1.349481,0.068352,1.119854,480
live,978,16619996901385,16619997057369,16619997132602,16619998208423,1.307038,0.075233,1.075821,480
live,979,16620006901385,16620007058159,16620007133136,16620008245949,1.344564,0.074977,1.112813,480
live,980,16620016901385,16620017078214,16620017147398,16620019119454,2.218069,0.069184,1.972056,480
live,981,16620026901385,16620027078460,16620027197949,16620028670158,1.768773,0.119489,1.472209,480
live,982,16620036901385,16620037079377,16620037173683,16620038035677,1.134292,0.094306,0.861994,480
live,983,16620046901385,16620047322314,16620047407051,16620048278966,1.377581,0.084737,0.871915,480
live,984,16620056901385,16620057070173,16620057146206,16620057940807,1.039422,0.076033,0.794601,480
live,985,16620066901385,16620067071379,16620067142804,16620067996926,1.095541,0.071425,0.854122,480
live,986,16620076901385,16620077057801,16620077135434,16620077918131,1.016746,0.077633,0.782697,480
live,987,16620086901385,16620087052767,16620087128032,16620087895785,0.9944,0.075265,0.767753,480
live,988,16620096901385,16620097048565,16620097434041,16620098648360,1.746975,0.385476,1.214319,480
live,989,16620106901385,16620107120523,16620107207052,16620108370650,1.469265,0.086529,1.163598,480
live,990,16620116901385,16620117103745,16620117186178,16620118064237,1.162852,0.082433,0.878059,480
live,991,16620126901385,16620127072343,16620127147960,16620127939137,1.037752,0.075617,0.791177,480
live,992,16620136901385,16620137060653,16620137140589,16620137917719,1.016334,0.079936,0.77713,480
live,993,16620146901385,16620147061154,16620147133027,16620147900524,0.999139,0.071873,0.767497,480
live,994,16620156901385,16620157049656,16620157132601,16620158259079,1.357694,0.082945,1.126478,480
live,995,16620166901385,16620167068558,16620167142831,16620168338525,1.43714,0.074273,1.195694,480
live,996,16620176901385,16620177064324,16620177140005,16620178240754,1.339369,0.075681,1.100749,480
live,997,16620186901385,16620187054970,16620187131419,16620188257800,1.356415,0.076449,1.126381,480
live,998,16620196901385,16620197050544,16620197439765,16620198655875,1.75449,0.389221,1.21611,480
live,999,16620206901385,16620207551404,16620207730894,16620209470786,2.569401,0.17949,1.739892,480
replay,999,16620206901385,16620207611405,16620208085426,16620224626837,17.725452,0.474021,16.541411,36544
live,1000,16620216901385,16620217490305,16620217779588,16620222534237,5.632852,0.289283,4.754649,480
live,1001,16620226901385,16620227141171,16620227272692,16620228404514,1.503129,0.131521,1.131822,480
live,1002,16620236901385,16620237087816,16620237177161,16620237998419,1.097034,0.089345,0.821258,480
live,1003,16620246901385,16620247071070,16620247156767,16620247960552,1.059167,0.085697,0.803785,480
live,1004,16620256901385,16620257071028,16620257155957,16620258009599,1.108214,0.084929,0.853642,480
live,1005,16620266901385,16620267080490,16620267165451,16620267956404,1.055019,0.084961,0.790953,480
live,1006,16620276901385,16620277070976,16620277152769,16620278133260,1.231875,0.081793,0.980491,480
live,1007,16620286901385,16620287087062,16620287162871,16620287962624,1.061239,0.075809,0.799753,480
live,1008,16620296901385,16620297061483,16620297477840,16620298402939,1.501554,0.416357,0.925099,480
live,1009,16620306901385,16620307424518,16620307833066,16620308766773,1.865388,0.408548,0.933707,480
live,1010,16620316901385,16620317077687,16620317160760,16620317976066,1.074681,0.083073,0.815306,480
live,1011,16620326901385,16620327049357,16620327131342,16620328141466,1.240081,0.081985,1.010124,480
live,1012,16620336901385,16620337072419,16620337161668,16620337972718,1.071333,0.089249,0.81105,480
live,1013,16620346901385,16620347070041,16620347160122,16620347968548,1.067163,0.090081,0.808426,480
live,1014,16620356901385,16620357067183,16620357146768,16620358249597,1.348212,0.079585,1.102829,480
live,1015,16620366901385,16620367068901,16620367152870,16620367933487,1.032102,0.083969,0.780617,480
live,1016,16620376901385,16620377077499,16620377155452,16620378091111,1.189726,0.077953,0.935659,480
live,1017,16620386901385,16620387070033,16620387150162,16620387936251,1.034866,0.080129,0.786089,480
live,1018,16620396901385,16620397063943,16620397140808,16620397916593,1.015208,0.076865,0.775785,480
live,1019,16620406901385,16620407064701,16620407452257,16620408948787,2.047402,0.387556,1.49653,480
live,1020,16620416901385,16620417058451,16620417445431,16620419749074,2.847689,0.38698,2.303643,480
live,1021,16620426901385,16620427082793,16620427163562,16620428142453,1.241068,0.080769,0.978891,480
live,1022,16620436901385,16620437064190,16620437149023,16620437956393,1.055008,0.084833,0.80737,480
live,1023,16620446901385,16620447081269,16620447155957,16620447940991,1.039606,0.074688,0.785034,480
live,1024,16620456901385,16620457065930,16620457140267,16620457930581,1.029196,0.074337,0.790314,480
live,1025,16620466901385,16620467071008,16620467156897,16620468275983,1.374598,0.085889,1.119086,480
live,1026,16620476901385,16620477077238,16620477151671,16620478011297,1.109912,0.074433,0.859626,480
live,1027,16620486901385,16620487067884,16620487145869,16620487924854,1.023469,0.077985,0.778985,480
live,1028,16620496901385,16620497059362,16620497131203,16620497908556,1.007171,0.071841,0.777353,480
live,1029,16620506901385,16620507069400,16620507460989,16620508400360,1.498975,0.391589,0.939371,480
live,1030,16620516901385,16620517058734,16620517138511,16620517943608,1.042223,0.079777,0.805097,480
live,1031,16620526901385,16620527069028,16620527145285,16620528400468,1.499083,0.076257,1.255183,480
live,1032,16620536901385,16620537071866,16620537151067,16620537952516,1.051131,0.079201,0.801449,480
live,1033,16620546901385,16620547075088,16620547152721,16620547930138,1.028753,0.077633,0.777417,480
live,1034,16620556901385,16620557056294,16620557129030,16620557903663,1.002278,0.072736,0.774633,480
live,1035,16620566901385,16620567073916,16620567150621,16620567913382,1.011997,0.076705,0.762761,480
live,1036,16620576901385,16620577375829,16620577548343,16620578746565,1.84518,0.172514,1.198222,480
live,1037,16620586901385,16620587081800,16620587155656,16620587956210,1.054825,0.073856,0.800554,480
live,1038,16620596901385,16620597062237,16620597133918,16620597934184,1.032799,0.071681,0.800266,480
live,1039,16620606901385,16620607060243,16620607136372,16620607919037,1.017652,0.076129,0.782665,480
live,1040,16620616901385,16620617056489,16620617137162,16620618827070,1.925685,0.080673,1.689908,480
live,1041,16620626901385,16620627080159,16620627150112,16620627911785,1.0104,0.069953,0.761673,480
live,1042,16620636901385,16620637063637,16620637142582,16620638326180,1.424795,0.078945,1.183598,480
live,1043,16620646901385,16620647069611,16620647142444,16620647912949,1.011564,0.072833,0.770505,480
live,1044,16620656901385,16620657058945,16620657131522,16620657896491,0.995106,0.072577,0.764969,480
live,1045,16620666901385,16620667056183,16620667124408,16620667878688,0.977303,0.068225,0.75428,480
live,1046,16620676901385,16620677054733,16620677125133,16620677877174,0.975789,0.0704,0.752041,480
live,1047,16620686901385,16620687066883,16620687137604,16620687932717,1.031332,0.070721,0.795113,480
live,1048,16620696901385,16620697072953,16620697145178,16620698233862,1.332477,0.072225,1.088684,480
live,1049,16620706901385,16620707063055,16620707135791,16620707895576,0.994191,0.072736,0.759785,480
live,1050,16620716901385,16620717060388,16620717454281,16620718977307,2.075922,0.393893,1.523026,480
live,1051,16620726901385,16620727058714,16620727455071,16620728497867,1.596482,0.396357,1.042796,480
live,1052,16620736901385,16620737059280,16620737135921,16620737983995,1.08261,0.076641,0.848074,480
live,1053,16620746901385,16620747063654,16620747148007,16620748315733,1.414348,0.084353,1.167726,480
live,1054,16620756901385,16620757074460,16620757153629,16620758252170,1.350785,0.079169,1.098541,480
live,1055,16620766901385,16620767071314,16620767142899,16620767910396,1.009011,0.071585,0.767497,480
live,1056,16620776901385,16620777063240,16620777148585,16620777915858,1.014473,0.085345,0.767273,480
live,1057,16620786901385,16620787092766,16620787165855,16620787980137,1.078752,0.073089,0.814282,480
live,1058,16620796901385,16620797062548,16620797137429,16620797905950,1.004565,0.074881,0.768521,480
live,1059,16620806901385,16620807060010,16620807136683,16620808300632,1.399247,0.076673,1.163949,480
live,1060,16620816901385,16620817054272,16620817439108,16620819176633,2.275248,0.384836,1.737525,480
live,1061,16620826901385,16620827067638,16620827455738,16620828423654,1.522269,0.3881,0.967916,480
live,1062,16620836901385,16620837068812,16620837153133,16620838025463,1.124078,0.084321,0.87233,480
live,1063,16620846901385,16620847060833,16620847135650,16620847924748,1.023363,0.074817,0.789098,480
live,1064,16620856901385,16620857048087,16620857118552,16620857886305,0.98492,0.070465,0.767753,480
live,1065,16620866901385,16620867116846,16620867203855,16620868326172,1.424787,0.087009,1.122317,480
live,1066,16620876901385,16620877100612,16620877170245,16620878243217,1.341832,0.069633,1.072972,480
live,1067,16620886901385,16620887068761,16620887148826,16620887956996,1.055611,0.080065,0.80817,480
live,1068,16620896901385,16620897063215,16620897137136,16620897909785,1.0084,0.073921,0.772649,480
live,1069,16620906901385,16620907060645,16620907135174,16620907889583,0.988198,0.074529,0.754409,480
live,1070,16620916901385,16620917047739,16620917121276,16620918196968,1.295583,0.073537,1.075692,480
live,1071,16620926901385,16620927051953,16620927430805,16620928940775,2.03939,0.378852,1.50997,480
live,1072,16620936901385,16620937059783,16620937445675,16620938494872,1.593487,0.385892,1.049197,480
live,1073,16620946901385,16620947057629,16620947137182,16620948298475,1.39709,0.079553,1.161293,480
live,1074,16620956901385,16620957053491,16620957146964,16620957934621,1.033236,0.093473,0.787657,480
live,1075,16620966901385,16620967053993,16620967127881,16620967900371,0.998986,0.073888,0.77249,480
live,1076,16620976901385,16620977052030,16620977119263,16620978237868,1.336483,0.067233,1.118605,480
live,1077,16620986901385,16620987065685,16620987138709,16620988307267,1.405882,0.073024,1.168558,480
live,1078,16620996901385,16620997056938,16620997127595,16620998215736,1.314351,0.070657,1.088141,480
live,1079,16621006901385,16621007095713,16621007198914,16621008307311,1.405926,0.103201,1.108397,480
live,1080,16621016901385,16621017069270,16621017146455,16621019058382,2.156997,0.077185,1.911927,480
live,1081,16621026901385,16621027062220,16621027152269,16621027922518,1.021133,0.090049,0.770249,480
live,1082,16621036901385,16621037065570,16621037462343,16621039048538,2.147153,0.396773,1.586195,480
live,1083,16621046901385,16621047048120,16621047438973,16621048462761,1.561376,0.390853,1.023788,480
live,1084,16621056901385,16621057042318,16621057118767,16621057915480,1.014095,0.076449,0.796713,480
live,1085,16621066901385,16621067047300,16621067117701,16621067896078,0.994693,0.070401,0.778377,480
live,1086,16621076901385,16621077040954,16621077111579,16621077904772,1.003387,0.070625,0.793193,480
live,1087,16621086901385,16621087061040,16621087157201,16621088435456,1.534071,0.096161,1.278255,480
live,1088,16621096901385,16621097074086,16621097148903,16621098246452,1.345067,0.074817,1.097549,480
live,1089,16621106901385,16621107050172,16621107122365,16621107895622,0.994237,0.072193,0.773257,480
live,1090,16621116901385,16621117043442,16621117114418,16621117870043,0.968658,0.070976,0.755625,480
live,1091,16621126901385,16621127078664,16621127150761,16621127906866,1.005481,0.072097,0.756105,480
live,1092,16621136901385,16621137049214,16621137440322,16621139327352,2.425967,0.391108,1.88703,480
live,1093,16621146901385,16621147067604,16621147461112,16621148468004,1.566619,0.393508,1.006892,480
live,1094,16621156901385,16621157051689,16621157125674,16621157952596,1.051211,0.073985,0.826922,480
live,1095,16621166901385,16621167054879,16621167126784,16621167905065,1.00368,0.071905,0.778281,480
live,1096,16621176901385,16621177053237,16621177130230,16621177917344,1.015959,0.076993,0.787114,480
live,1097,16621186901385,16621187054059,16621187125900,16621187892981,0.991596,0.071841,0.767081,480
live,1098,16621196901385,16621197052513,16621197135714,16621197957964,1.056579,0.083201,0.82225,480
replay,1099,16621206901385,16621207633502,16621207751199,16621224427972,17.526587,0.117697,16.676773,36544
live,1099,16621206901385,16621207583485,16621208400487,16621209421875,2.52049,0.817002,1.021388,480
live,1100,16621216901385,16621217274960,16621217500178,16621220427445,3.52606,0.225218,2.927267,480
live,1101,16621226901385,16621227137636,16621227253733,16621228215377,1.313992,0.116097,0.961644,480
live,1102,16621236901385,16621237075193,16621237546911,16621238516554,1.615169,0.471718,0.969643,480
live,1103,16621246901385,16621247074639,16621247167504,16621248197020,1.295635,0.092865,1.029516,480
live,1104,16621256901385,16621257077413,16621257162534,16621257994224,1.092839,0.085121,0.83169,480
live,1105,16621266901385,16621267066363,16621267139452,16621267972006,1.070621,0.073089,0.832554,480
live,1106,16621276901385,16621277056465,16621277131826,16621277950715,1.04933,0.075361,0.818889,480
live,1107,16621286901385,16621287052999,16621287121736,16621287937969,1.036584,0.068737,0.816233,480
live,1108,16621296901385,16621297066013,16621297142462,16621298050760,1.149375,0.076449,0.908298,480
live,1109,16621306901385,16621307067891,16621307150292,16621307963133,1.061748,0.082401,0.812841,480
live,1110,16621316901385,16621317058761,16621317133993,16621317934035,1.03265,0.075232,0.800042,480
live,1111,16621326901385,16621327049470,16621327123743,16621327913385,1.012,0.074273,0.789642,480
live,1112,16621336901385,16621337048020,16621337118325,16621337899486,0.998101,0.070305,0.781161,480
live,1113,16621346901385,16621347077867,16621347468239,16621349163459,2.262074,0.390372,1.69522,480
live,1114,16621356901385,16621357059968,16621357448133,16621358449681,1.548296,0.388165,1.001548,480
live,1115,16621366901385,16621367061014,16621367136183,16621367976001,1.074616,0.075169,0.839818,480
live,1116,16621376901385,16621377060044,16621377134189,16621377985879,1.084494,0.074145,0.85169,480
live,1117,16621386901385,16621387062146,16621387142307,16621387968653,1.067268,0.080161,0.826346,480
live,1118,16621396901385,16621397069496,16621397154713,16621398505001,1.603616,0.085217,1.350288,480
live,1119,16621406901385,16621407084270,16621407160847,16621407983353,1.081968,0.076577,0.822506,480
live,1120,16621416901385,16621417071012,16621417143205,16621418919674,2.018289,0.072193,1.776469,480
live,1121,16621426901385,16621427053306,16621427127931,16621428288296,1.386911,0.074625,1.160365,480
live,1122,16621436901385,16621437051952,16621437125745,16621438216670,1.315285,0.073793,1.090925,480
live,1123,16621446901385,16621447068294,16621447461227,16621448535223,1.633838,0.392933,1.073996,480
live,1124,16621456901385,16621457066204,16621457455296,16621458442540,1.541155,0.389092,0.987244,480
live,1125,16621466901385,16621467070354,16621467158291,16621468034429,1.133044,0.087937,0.876138,480
live,1126,16621476901385,16621477066280,16621477141417,16621477974258,1.072873,0.075137,0.832841,480
live,1127,16621486901385,16621487052958,16621487125502,16621487985417,1.084032,0.072544,0.859915,480
live,1128,16621496901385,16621497071828,16621497148245,16621498049727,1.148342,0.076417,0.901482,480
live,1129,16621506901385,16621507058666,16621507131210,16621507941460,1.040075,0.072544,0.81025,480
live,1130,16621516901385,16621517054495,16621517129664,16621517929706,1.028321,0.075169,0.800042,480
live,1131,16621526901385,16621527046997,16621527119766,16621527934112,1.032727,0.072769,0.814346,480
live,1132,16621536901385,16621537053835,16621537125996,16621537926294,1.024909,0.072161,0.800298,480
live,1133,16621546901385,16621547243235,16621547320804,16621548207311,1.305926,0.077569,0.886507,480
live,1134,16621556901385,16621557060023,16621557129624,16621558578281,1.676896,0.069601,1.448657,480
live,1135,16621566901385,16621567056973,16621567134894,16621568630400,1.729015,0.077921,1.495506,480
live,1136,16621576901385,16621577056291,16621577134468,16621578592341,1.690956,0.078177,1.457873,480
live,1137,16621586901385,16621587052057,16621587129274,16621588624044,1.722659,0.077217,1.49477,480
live,1138,16621596901385,16621597051343,16621597135344,16621598963845,2.06246,0.084001,1.828501,480
live,1139,16621606901385,16621607073989,16621607156774,16621608722905,1.82152,0.082785,1.566131,480
live,1140,16621616901385,16621617062747,16621617149340,16621619513304,2.611919,0.086593,2.363964,480
live,1141,16621626901385,16621627067345,16621627149970,16621628685796,1.784411,0.082625,1.535826,480
live,1142,16621636901385,16621637114439,16621637209673,16621638692666,1.791281,0.095234,1.482993,480
live,1143,16621646901385,16621647092061,16621647175646,16621649025204,2.123819,0.083585,1.849558,480
live,1144,16621656901385,16621657061267,16621657135700,16621658164544,1.263159,0.074433,1.028844,480
live,1145,16621666901385,16621667034856,16621667105577,16621668438329,1.536944,0.070721,1.332752,480
live,1146,16621676901385,16621677059199,16621677139679,16621678586289,1.684904,0.08048,1.44661,480
live,1147,16621686901385,16621687062261,16621687140821,16621688655783,1.754398,0.07856,1.514962,480
live,1148,16621696901385,16621697056906,16621697133771,16621698622077,1.720692,0.076865,1.488306,480
live,1149,16621706901385,16621707082785,16621707166466,16621708776373,1.874988,0.083681,1.609907,480
live,1150,16621716901385,16621717065302,16621717145463,16621718620329,1.718944,0.080161,1.474866,480
live,1151,16621726901385,16621727053868,16621727128493,16621728655135,1.75375,0.074625,1.526642,480
live,1152,16621736901385,16621737058402,16621737137315,16621738617333,1.715948,0.078913,1.480018,480
live,1153,16621746901385,16621747052248,16621747130169,16621748645067,1.743682,0.077921,1.514898,480
live,1154,16621756901385,16621757066926,16621757150607,16621758748866,1.847481,0.083681,1.598259,480
live,1155,16621766901385,16621767063012,16621767142437,16621768680727,1.779342,0.079425,1.53829,480
live,1156,16621776901385,16621777056570,16621777135195,16621778633197,1.731812,0.078625,1.498002,480
live,1157,16621786901385,16621787055440,16621787136497,16621788656099,1.754714,0.081057,1.519602,480
live,1158,16621796901385,16621797060262,16621797147559,16621798635800,1.734415,0.087297,1.488241,480
live,1159,16621806901385,16621807076284,16621807155645,16621808762896,1.861511,0.079361,1.607251,480
live,1160,16621816901385,16621817065074,16621817143315,16621819512815,2.61143,0.078241,2.3695,480
live,1161,16621826901385,16621827058248,16621827138377,16621828677339,1.775954,0.080129,1.538962,480
live,1162,16621836901385,16621837058910,16621837138655,16621838633104,1.731719,0.079745,1.494449,480
live,1163,16621846901385,16621847052211,16621847131764,16621848671559,1.770174,0.079553,1.539795,480
live,1164,16621856901385,16621857074250,16621857174923,16621858785374,1.883989,0.100673,1.610451,480
live,1165,16621866901385,16621867072224,16621867154529,16621868715955,1.81457,0.082305,1.561426,480
live,1166,16621876901385,16621877059765,16621877139414,16621878632456,1.731071,0.079649,1.493042,480
live,1167,16621886901385,16621887059627,16621887140076,16621888690559,1.789174,0.080449,1.550483,480
live,1168,16621896901385,16621897055329,16621897137186,16621898634388,1.733003,0.081857,1.497202,480
live,1169,16621906901385,16621907070871,16621907152088,16621908738123,1.836738,0.081217,1.586035,480
live,1170,16621916901385,16621917057037,16621917136014,16621918644288,1.742903,0.078977,1.508274,480
live,1171,16621926901385,16621927056195,16621927135364,16621928653270,1.751885,0.079169,1.517906,480
live,1172,16621936901385,16621937061593,16621937142874,16621938913327,2.011942,0.081281,1.770453,480
live,1173,16621946901385,16621947057967,16621947138736,16621948664386,1.763001,0.080769,1.52565,480
live,1174,16621956901385,16621957058213,16621957138758,16621958684536,1.783151,0.080545,1.545778,480
live,1175,16621966901385,16621967051483,16621967134044,16621968651502,1.750117,0.082561,1.517458,480
live,1176,16621976901385,16621977051537,16621977130930,16621978619683,1.718298,0.079393,1.488753,480
live,1177,16621986901385,16621987050791,16621987125000,16621988655322,1.753937,0.074209,1.530322,480
live,1178,16621996901385,16621997046845,16621997123197,16621998603311,1.701926,0.076352,1.480114,480
live,1179,16622006901385,16622007074931,16622007157492,16622008732678,1.831293,0.082561,1.575186,480
live,1180,16622016901385,16622017057609,16622017139786,16622019483109,2.581724,0.082177,2.343323,480
live,1181,16622026901385,16622027073471,16622027158400,16622028793235,1.89185,0.084929,1.634835,480
live,1182,16622036901385,16622037059477,16622037138357,16622038637639,1.736254,0.07888,1.499282,480
live,1183,16622046901385,16622047059371,16622047137483,16622048887552,1.986167,0.078112,1.750069,480
live,1184,16622056901385,16622057210018,16622057348900,16622059100025,2.19864,0.138882,1.751125,480
live,1185,16622066901385,16622067161528,16622067300793,16622068839691,1.938306,0.139265,1.538898,480
live,1186,16622076901385,16622077108301,16622077240591,16622078707648,1.806263,0.13229,1.467057,480
live,1187,16622086901385,16622087082019,16622087178660,16622088732342,1.830957,0.096641,1.553682,480
live,1188,16622096901385,16622097072984,16622097164346,16622098656971,1.755586,0.091362,1.492625,480
live,1189,16622106901385,16622107065614,16622107160687,16622108980517,2.079132,0.095073,1.81983,480
live,1190,16622116901385,16622117102981,16622117236998,16622119040604,2.139219,0.134017,1.803606,480
live,1191,16622126901385,16622127204028,16622127642593,16622129024945,2.12356,0.438565,1.382352,480
live,1192,16622136901385,16622137151089,16622137325811,16622138458817,1.557432,0.174722,1.133006,480
live,1193,16622146901385,16622147122279,16622147282409,16622148244244,1.342859,0.16013,0.961835,480
live,1194,16622156901385,16622157091900,16622157227870,16622158299915,1.39853,0.13597,1.072045,480
live,1195,16622166901385,16622167153203,16622167319221,16622168318145,1.41676,0.166018,0.998924,480
live,1196,16622176901385,16622177097288,16622177243018,16622178029299,1.127914,0.14573,0.786281,480
live,1197,16622186901385,16622187050750,16622187135615,16622187663045,0.76166,0.084865,0.52743,480
live,1198,16622196901385,16622197016755,16622197064276,16622197535769,0.634384,0.047521,0.471493,480
live,1199,16622206901385,16622207305133,16622207424046,16622209133218,2.231833,0.118913,1.709172,480
replay,1199,16622206901385,16622207340205,16622207517999,16622216827805,9.92642,0.177794,9.309806,36544
live,1200,16622216901385,16622217529861,16622217697223,16622220356455,3.45507,0.167362,2.659232,480
live,1201,16622226901385,16622227092694,16622227177207,16622228430694,1.529309,0.084513,1.253487,480
live,1202,16622236901385,16622237073548,16622237147277,16622238261722,1.360337,0.073729,1.114445,480
live,1203,16622246901385,16622247054370,16622247128962,16622248232687,1.331302,0.074592,1.103725,480
live,1204,16622256901385,16622257066872,16622257144633,16622258214757,1.313372,0.077761,1.070124,480
live,1205,16622266901385,16622267076174,16622267158639,16622268405469,1.504084,0.082465,1.24683,480
live,1206,16622276901385,16622277060323,16622277139172,16622278227825,1.32644,0.078849,1.088653,480
live,1207,16622286901385,16622287122298,16622287241852,16622288341865,1.44048,0.119554,1.100013,480
live,1208,16622296901385,16622297558741,16622297705975,16622298827044,1.925659,0.147234,1.121069,480
live,1209,16622306901385,16622307103270,16622307233063,16622308346965,1.44558,0.129793,1.113902,480
live,1210,16622316901385,16622317089564,16622317213117,16622318644462,1.743077,0.123553,1.431345,480
live,1211,16622326901385,16622327091506,16622327174771,16622328348288,1.446903,0.083265,1.173517,480
live,1212,16622336901385,16622337064551,16622337148808,16622338223957,1.322572,0.084257,1.075149,480
live,1213,16622346901385,16622347067517,16622347149118,16622348234219,1.332834,0.081601,1.085101,480
live,1214,16622356901385,16622357067347,16622357137812,16622358209313,1.307928,0.070465,1.071501,480
live,1215,16622366901385,16622367070569,16622367148714,16622368367000,1.465615,0.078145,1.218286,480
live,1216,16622376901385,16622377060799,16622377133632,16622378208557,1.307172,0.072833,1.074925,480
live,1217,16622386901385,16622387062741,16622387145046,16622388226307,1.324922,0.082305,1.081261,480
live,1218,16622396901385,16622397158412,16622397236397,16622398299834,1.398449,0.077985,1.063437,480
live,1219,16622406901385,16622407099393,16622407184930,16622408279023,1.377638,0.085537,1.094093,480
live,1220,16622416901385,16622417083287,16622417156248,16622419400722,2.499337,0.072961,2.244474,480
live,1221,16622426901385,16622427077997,16622427157838,16622428284219,1.382834,0.079841,1.126381,480
live,1222,16622436901385,16622437066723,16622437142372,16622438206096,1.304711,0.075649,1.063724,480
live,1223,16622446901385,16622447061625,16622447138138,16622448233511,1.332126,0.076513,1.095373,480
live,1224,16622456901385,16622457063247,16622457139376,16622458196732,1.295347,0.076129,1.057356,480
live,1225,16622466901385,16622467315592,16622467396585,16622468631255,1.72987,0.080993,1.23467,480
live,1226,16622476901385,16622477073435,16622477151740,16622478232072,1.330687,0.078305,1.080332,480
live,1227,16622486901385,16622487060817,16622487135473,16622488226046,1.324661,0.074656,1.090573,480
live,1228,16622496901385,16622497062247,16622497138119,16622498211636,1.310251,0.075872,1.073517,480
live,1229,16622506901385,16622507064444,16622507136221,16622508214954,1.313569,0.071777,1.078733,480
live,1230,16622516901385,16622517058258,16622517151891,16622519205292,2.303907,0.093633,2.053401,480
live,1231,16622526901385,16622527086729,16622527175050,16622528484953,1.583568,0.088321,1.309903,480
live,1232,16622536901385,16622537083455,16622537463171,16622538816179,1.914794,0.379716,1.353008,480
live,1233,16622546901385,16622547083573,16622547158069,16622548656071,1.754686,0.074496,1.498002,480
live,1234,16622556901385,16622557068330,16622557149131,16622558602396,1.701011,0.080801,1.453265,480
live,1235,16622566901385,16622567060256,16622567137441,16622568632915,1.73153,0.077185,1.495474,480
live,1236,16622576901385,16622577065046,16622577147767,16622578718090,1.816705,0.082721,1.570323,480
live,1237,16622586901385,16622587072812,16622587152045,16622588661567,1.760182,0.079233,1.509522,480
live,1238,16622596901385,16622597062690,16622597141251,16622598637941,1.736556,0.078561,1.49669,480
live,1239,16622606901385,16622607072536,16622607156537,16622608647019,1.745634,0.084001,1.490482,480
live,1240,16622616901385,16622617060782,16622617148431,16622619633004,2.731619,0.087649,2.484573,480
live,1241,16622626901385,16622627066116,16622627144933,16622628708823,1.807438,0.078817,1.56389,480
live,1242,16622636901385,16622637000185,16622637062970,16622638336329,1.434944,0.062785,1.273359,480
live,1243,16622646901385,16622647021999,16622647097168,16622648436448,1.535063,0.075169,1.33928,480
live,1244,16622656901385,16622657050726,16622657131175,16622658604728,1.703343,0.080449,1.473553,480
live,1245,16622666901385,16622667059356,16622667142333,16622668660463,1.759078,0.082977,1.51813,480
live,1246,16622676901385,16622677073714,16622677152595,16622678723557,1.822172,0.078881,1.570962,480
live,1247,16622686901385,16622687065960,16622687142665,16622688669499,1.768114,0.076705,1.526834,480
live,1248,16622696901385,16622697054878,16622697130526,16622698617104,1.715719,0.075648,1.486578,480
live,1249,16622706901385,16622707055539,16622707131700,16622708649510,1.748125,0.076161,1.51781,480
live,1250,16622716901385,16622717056457,16622717133162,16622718617724,1.716339,0.076705,1.484562,480
live,1251,16622726901385,16622727064544,16622727145504,16622728745651,1.844266,0.08096,1.600147,480
live,1252,16622736901385,16622737060213,16622737138838,16622738649320,1.747935,0.078625,1.510482,480
live,1253,16622746901385,16622747054251,16622747131756,16622748703391,1.802006,0.077505,1.571635,480
live,1254,16622756901385,16622757069345,16622757147810,16622758657812,1.756427,0.078465,1.510002,480
live,1255,16622766901385,16622767083928,16622767173241,16622768770763,1.869378,0.089313,1.597522,480
live,1256,16622776901385,16622777066445,16622777148846,16622778725889,1.824504,0.082401,1.577043,480
live,1257,16622786901385,16622787066595,16622787148228,16622788709047,1.807662,0.081633,1.560819,480
live,1258,16622796901385,16622797059801,16622797141146,16622798648012,1.746627,0.081345,1.506866,480
live,1259,16622806901385,16622807061231,16622807150640,16622808689282,1.787897,0.089409,1.538642,480
live,1260,16622816901385,16622817077957,16622817153638,16622819516802,2.615417,0.075681,2.363164,480
live,1261,16622826901385,16622827067739,16622827147868,16622828742927,1.841542,0.080129,1.595059,480
live,1262,16622836901385,16622837064305,16622837141938,16622838913703,2.012318,0.077633,1.771765,480
live,1263,16622846901385,16622847065735,16622847140072,16622848669306,1.767921,0.074337,1.529234,480
live,1264,16622856901385,16622857071229,16622857148574,16622858631375,1.72999,0.077345,1.482801,480
live,1265,16622866901385,16622867065619,16622867139956,16622868682694,1.781309,0.074337,1.542738,480
live,1266,16622876901385,16622877064873,16622877143018,16622878700572,1.799187,0.078145,1.557554,480
live,1267,16622886901385,16622887063231,16622887141696,16622888691794,1.790409,0.078465,1.550098,480
live,1268,16622896901385,16622897061685,16622897150678,16622898942123,2.040738,0.088993,1.791445,480
live,1269,16622906901385,16622907074859,16622907153100,16622908694430,1.793045,0.078241,1.54133,480
live,1270,16622916901385,16622917058849,16622917136962,16622918649139,1.747754,0.078113,1.512177,480
live,1271,16622926901385,16622927174456,16622927303641,16622929116623,2.215238,0.129185,1.812982,480
live,1272,16622936901385,16622937085741,16622937165550,16622938674944,1.773559,0.079809,1.509394,480
live,1273,16622946901385,16622947072707,16622947150500,16622948702134,1.800749,0.077793,1.551634,480
live,1274,16622956901385,16622957055160,16622957132409,16622958654283,1.752898,0.077249,1.521874,480
live,1275,16622966901385,16622967065294,16622967148015,16622968799683,1.898298,0.082721,1.651668,480
live,1276,16622976901385,16622977057092,16622977132197,16622979384352,2.482967,0.075105,2.252155,480
live,1277,16622986901385,16622987080283,16622987171356,16622988795919,1.894534,0.091073,1.624563,480
live,1278,16622996901385,16622997075248,16622997169426,16622998720004,1.818619,0.094178,1.550578,480
live,1279,16623006901385,16623007074214,16623007154663,16623008722778,1.821393,0.080449,1.568115,480
live,1280,16623016901385,16623017063036,16623017139261,16623019516025,2.61464,0.076225,2.376764,480
live,1281,16623026901385,16623027057426,16623027131283,16623028688069,1.786684,0.073857,1.556786,480
live,1282,16623036901385,16623037065896,16623037145545,16623038717340,1.815955,0.079649,1.571795,480
live,1283,16623046901385,16623047065790,16623047147455,16623048714994,1.813609,0.081665,1.567539,480
live,1284,16623056901385,16623057073300,16623057149109,16623058666055,1.76467,0.075809,1.516946,480
live,1285,16623066901385,16623067066282,16623067144555,16623068927648,2.026263,0.078273,1.783093,480
live,1286,16623076901385,16623077056320,16623077132673,16623078645171,1.743786,0.076353,1.512498,480
live,1287,16623086901385,16623087064694,16623087144983,16623088748874,1.847489,0.080289,1.603891,480
live,1288,16623096901385,16623097071788,16623097152749,16623098690559,1.789174,0.080961,1.53781,480
live,1289,16623106901385,16623107052162,16623107132035,16623108684277,1.782892,0.079873,1.552242,480
live,1290,16623116901385,16623117058200,16623117148601,16623118942734,2.041349,0.090401,1.794133,480
live,1291,16623126901385,16623127064974,16623127139407,16623128685345,1.78396,0.074433,1.545938,480
live,1292,16623136901385,16623137061156,16623137141669,16623138700663,1.799278,0.080513,1.558994,480
live,1293,16623146901385,16623147068954,16623147145499,16623148710061,1.808676,0.076545,1.564562,480
live,1294,16623156901385,16623157124113,16623157201009,16623158736900,1.835515,0.076896,1.535891,480
live,1295,16623166901385,16623167105222,16623167184551,16623168719513,1.818128,0.079329,1.534962,480
live,1296,16623176901385,16623177059772,16623177138621,16623178919218,2.017833,0.078849,1.780597,480
live,1297,16623186901385,16623187079410,16623187159251,16623188767782,1.866397,0.079841,1.608531,480
live,1298,16623196901385,16623197045255,16623197129896,16623198628122,1.726737,0.084641,1.498226,480
live,1299,16623206901385,16623207577956,16623207802470,16623210242531,3.341146,0.224514,2.440061,480
replay,1299,16623206901385,16623207667525,16623207932328,16623225492695,18.59131,0.264803,17.560367,36544
live,1300,16623216901385,16623217428824,16623217744796,16623223011066,6.109681,0.315972,5.26627,480
live,1301,16623226901385,16623227159531,16623227321549,16623229155522,2.254137,0.162018,1.833973,480
live,1302,16623236901385,16623237079200,16623237214849,16623238925430,2.024045,0.135649,1.710581,480
live,1303,16623246901385,16623247088502,16623247178903,16623248789706,1.888321,0.090401,1.610803,480
live,1304,16623256901385,16623257064428,16623257160045,16623258723071,1.821686,0.095617,1.563026,480
live,1305,16623266901385,16623267076610,16623267157059,16623268739541,1.838156,0.080449,1.582482,480
live,1306,16623276901385,16623277084568,16623277175321,16623278732363,1.830978,0.090753,1.557042,480
live,1307,16623286901385,16623287079278,16623287171407,16623288803490,1.902105,0.092129,1.632083,480
live,1308,16623296901385,16623297078148,16623297159973,16623298713783,1.812398,0.081825,1.55381,480
live,1309,16623306901385,16623307071993,16623307161883,16623308747245,1.84586,0.08989,1.585362,480
live,1310,16623316901385,16623317066415,16623317151568,16623318693347,1.791962,0.085153,1.541779,480
live,1311,16623326901385,16623327063301,16623327145542,16623328725881,1.824496,0.082241,1.580339,480
live,1312,16623336901385,16623337048667,16623337126524,16623338688110,1.786725,0.077857,1.561586,480
live,1313,16623346901385,16623347064689,16623347141202,16623348692228,1.790843,0.076513,1.551026,480
live,1314,16623356901385,16623357046439,16623357119848,16623358717723,1.816338,0.073409,1.597875,480
live,1315,16623366901385,16623367065309,16623367149822,16623368728177,1.826792,0.084513,1.578355,480
live,1316,16623376901385,16623377057075,16623377144948,16623378701222,1.799837,0.087873,1.556274,480
live,1317,16623386901385,16623387113290,16623387267339,16623389263715,2.36233,0.154049,1.996376,480
live,1318,16623396901385,16623397078239,16623397170592,16623398732723,1.831338,0.092353,1.562131,480
live,1319,16623406901385,16623407078453,16623407171318,16623408758505,1.85712,0.092865,1.587187,480
live,1320,16623416901385,16623417082987,16623417164140,16623419844268,2.942883,0.081153,2.680128,480
live,1321,16623426901385,16623427066817,16623427149378,16623428734453,1.833068,0.082561,1.585075,480
live,1322,16623436901385,16623437116312,16623437246425,16623439582165,2.68078,0.130113,2.33574,480
live,1323,16623446901385,16623447130638,16623447266575,16623448879138,1.977753,0.135937,1.612563,480
live,1324,16623456901385,16623457088931,16623457196484,16623458768247,1.866862,0.107553,1.571763,480
live,1325,16623466901385,16623467080761,16623467162906,16623468731117,1.829732,0.082145,1.568211,480
live,1326,16623476901385,16623477065295,16623477151696,16623478716770,1.815385,0.086401,1.565074,480
live,1327,16623486901385,16623487073765,16623487156134,16623488731800,1.830415,0.082369,1.575666,480
live,1328,16623496901385,16623497080187,16623497168988,16623498785135,1.88375,0.088801,1.616147,480
live,1329,16623506901385,16623507080753,16623507160306,16623508743013,1.841628,0.079553,1.582707,480
live,1330,16623516901385,16623517058279,16623517140136,16623518714746,1.813361,0.081857,1.57461,480
live,1331,16623526901385,16623527070685,16623527147582,16623528723088,1.821703,0.076897,1.575506,480
live,1332,16623536901385,16623537058835,16623537134131,16623538689766,1.788381,0.075296,1.555635,480
live,1333,16623546901385,16623547068329,16623547147338,16623548789277,1.887892,0.079009,1.641939,480
live,1334,16623556901385,16623557081823,16623557163488,16623558732818,1.831433,0.081665,1.56933,480
live,1335,16623566901385,16623567065461,16623567143541,16623568737640,1.836255,0.07808,1.594099,480
live,1336,16623576901385,16623577068523,16623577149420,16623578959713,2.058328,0.080897,1.810293,480
live,1337,16623586901385,16623587068929,16623587146497,16623588760276,1.858891,0.077568,1.613779,480
live,1338,16623596901385,16623597067254,16623597149143,16623598793547,1.892162,0.081889,1.644404,480
live,1339,16623606901385,16623607061100,16623607139597,16623608827233,1.925848,0.078497,1.687636,480
live,1340,16623616901385,16623617065218,16623617145539,16623619657761,2.756376,0.080321,2.512222,480
live,1341,16623626901385,16623627079833,16623627160249,16623628997135,2.09575,0.080416,1.836886,480
live,1342,16623636901385,16623637054446,16623637133007,16623638686721,1.785336,0.078561,1.553714,480
live,1343,16623646901385,16623647060836,16623647146181,16623648785337,1.883952,0.085345,1.639156,480
live,1344,16623656901385,16623657438431,16623657574912,16623659130899,2.229514,0.136481,1.555987,480
live,1345,16623666901385,16623667136177,16623667271059,16623668892262,1.990877,0.134882,1.621203,480
live,1346,16623676901385,16623677189416,16623677287465,16623678846555,1.94517,0.098049,1.55909,480
live,1347,16623686901385,16623687080028,16623687163709,16623688069256,1.167871,0.083681,0.905547,480
live,1348,16623696901385,16623697066418,16623697158035,16623698730694,1.829309,0.091617,1.572659,480
live,1349,16623706901385,16623707082504,16623707178313,16623708792028,1.890643,0.095809,1.613715,480
live,1350,16623716901385,16623717082654,16623717165023,16623718748818,1.847433,0.082369,1.583795,480
live,1351,16623726901385,16623727070708,16623727152053,16623728721224,1.819839,0.081345,1.569171,480
live,1352,16623736901385,16623737064138,16623737142219,16623738702461,1.801076,0.078081,1.560242,480
live,1353,16623746901385,16623747072256,16623747170945,16623748812245,1.91086,0.098689,1.6413,480
live,1354,16623756901385,16623757066678,16623757147991,16623758709033,1.807648,0.081313,1.561042,480
live,1355,16623766901385,16623767055436,16623767135789,16623768727136,1.825751,0.080353,1.591347,480
live,1356,16623776901385,16623777054338,16623777134531,16623778682389,1.781004,0.080193,1.547858,480
live,1357,16623786901385,16623787065784,16623787141209,16623788730699,1.829314,0.075425,1.58949,480
live,1358,16623796901385,16623797064334,16623797142703,16623798058586,1.157201,0.078369,0.915883,480
live,1359,16623806901385,16623807059268,16623807134885,16623807944462,1.043077,0.075617,0.809577,480
live,1360,16623816901385,16623817063226,16623817138363,16623819518359,2.616974,0.075137,2.379996,480
live,1361,16623826901385,16623827065776,16623827144625,16623828743940,1.842555,0.078849,1.599315,480
live,1362,16623836901385,16623837070214,16623837146855,16623838712601,1.811216,0.076641,1.565746,480
live,1363,16623846901385,16623847256478,16623847341503,16623848941938,2.040553,0.085025,1.600435,480
live,1364,16623856901385,16623857065234,16623857143443,16623858739845,1.83846,0.078209,1.596402,480
live,1365,16623866901385,16623867063112,16623867139592,16623868732923,1.831538,0.07648,1.593331,480
live,1366,16623876901385,16623877062174,16623877142046,16623878722033,1.820648,0.079872,1.579987,480
live,1367,16623886901385,16623887066452,16623887150549,16623888752807,1.851422,0.084097,1.602258,480
live,1368,16623896901385,16623897065514,16623897145866,16623898977664,2.076279,0.080352,1.831798,480
live,1369,16623906901385,16623907077728,16623907158593,16623908803540,1.902155,0.080865,1.644947,480
live,1370,16623916901385,16623917143382,16623917230903,16623918764873,1.863488,0.087521,1.53397,480
live,1371,16623926901385,16623927102444,16623927182733,16623928744671,1.843286,0.080289,1.561938,480
live,1372,16623936901385,16623937071521,16623937152162,16623938695893,1.794508,0.080641,1.543731,480
live,1373,16623946901385,16623947069111,16623947149944,16623948357671,1.456286,0.080833,1.207727,480
live,1374,16623956901385,16623957069453,16623957147406,16623957971480,1.070095,0.077953,0.824074,480
live,1375,16623966901385,16623967062211,16623967138820,16623967925549,1.024164,0.076609,0.786729,480
live,1376,16623976901385,16623977063257,16623977133466,16623977911011,1.009626,0.070209,0.777545,480
live,1377,16623986901385,16623987058063,16623987130384,16623987902105,1.00072,0.072321,0.771721,480
live,1378,16623996901385,16623997052933,16623997120966,16623997878703,0.977318,0.068033,0.757737,480
live,1379,16624006901385,16624007059771,16624007128636,16624007938310,1.036925,0.068865,0.809674,480
live,1380,16624016901385,16624017060849,16624017140882,16624018744965,1.84358,0.080033,1.604083,480
live,1381,16624026901385,16624027081799,16624027154120,16624028276725,1.37534,0.072321,1.122605,480
live,1382,16624036901385,16624037055389,16624037125278,16624038213771,1.312386,0.069889,1.088493,480
live,1383,16624046901385,16624047050771,16624047126324,16624048236321,1.334936,0.075553,1.109997,480
live,1384,16624056901385,16624057066153,16624057143434,16624057969428,1.068043,0.077281,0.825994,480
live,1385,16624066901385,16624067058655,16624067450212,16624069466395,2.56501,0.391557,2.016183,480
live,1386,16624076901385,16624077066549,16624077453562,16624079465841,2.564456,0.387013,2.012279,480
live,1387,16624086901385,16624087063787,16624087139340,16624089060931,2.159546,0.075553,1.921591,480
live,1388,16624096901385,16624097049345,16624097129346,16624099050360,2.148975,0.080001,1.921014,480
live,1389,16624106901385,16624107061143,16624107142840,16624108745099,1.843714,0.081697,1.602259,480
live,1390,16624116901385,16624117059245,16624117151374,16624118698304,1.796919,0.092129,1.54693,480
live,1391,16624126901385,16624127070691,16624127160612,16624128769431,1.868046,0.089921,1.608819,480
live,1392,16624136901385,16624137056889,16624137138266,16624139003856,2.102471,0.081377,1.86559,480
live,1393,16624146901385,16624147064175,16624147143440,16624148930789,2.029404,0.079265,1.787349,480
live,1394,16624156901385,16624157054117,16624157138726,16624158737625,1.83624,0.084609,1.598899,480
live,1395,16624166901385,16624167067515,16624167147004,16624168751759,1.850374,0.079489,1.604755,480
live,1396,16624176901385,16624177055505,16624177134226,16624178689444,1.788059,0.078721,1.555218,480
live,1397,16624186901385,16624187059559,16624187145512,16624188958557,2.057172,0.085953,1.813045,480
live,1398,16624196901385,16624197055197,16624197135326,16624198952659,2.051274,0.080129,1.817333,480
live,1399,16624206901385,16624207612345,16624207773307,16624210492411,3.591026,0.160962,2.719104,480
replay,1399,16624206901385,16624207662426,16624207885693,16624225615310,18.713925,0.223267,17.729617,36544
live,1400,16624216901385,16624217343436,16624217679216,16624223097648,6.196263,0.33578,5.418432,480
live,1401,16624226901385,16624227168096,16624227320802,16624229324473,2.423088,0.152706,2.003671,480
live,1402,16624236901385,16624237072821,16624237180150,16624238729352,1.827967,0.107329,1.549202,480
live,1403,16624246901385,16624247072811,16624247158124,16624248723454,1.822069,0.085313,1.56533,480
live,1404,16624256901385,16624257068417,16624257165698,16624258814133,1.912748,0.097281,1.648435,480
live,1405,16624266901385,16624267069687,16624267175640,16624268738058,1.836673,0.105953,1.562418,480
live,1406,16624276901385,16624277082797,16624277166030,16624278678624,1.777239,0.083233,1.512594,480
live,1407,16624286901385,16624287076931,16624287164580,16624288709302,1.807917,0.087649,1.544722,480
live,1408,16624296901385,16624297080441,16624297178042,16624298945007,2.043622,0.097601,1.766965,480
live,1409,16624306901385,16624307404403,16624307540148,16624309360362,2.458977,0.135745,1.820214,480
live,1410,16624316901385,16624317077509,16624317163814,16624318953211,2.051826,0.086305,1.789397,480
live,1411,16624326901385,16624327074075,16624327156380,16624328709742,1.808357,0.082305,1.553362,480
live,1412,16624336901385,16624337052624,16624337133617,16624338647363,1.745978,0.080993,1.513746,480
live,1413,16624346901385,16624347067079,16624347149736,16624348705530,1.804145,0.082657,1.555794,480
live,1414,16624356901385,16624357069725,16624357151262,16624359597818,2.696433,0.081537,2.446556,480
live,1415,16624366901385,16624367072115,16624367164340,16624368797511,1.896126,0.092225,1.633171,480
live,1416,16624376901385,16624377074761,16624377154058,16624378676860,1.775475,0.079297,1.522802,480
live,1417,16624386901385,16624387063326,16624387141727,16624388683282,1.781897,0.078401,1.541555,480
live,1418,16624396901385,16624397057076,16624397134869,16624398638311,1.736926,0.077793,1.503442,480
live,1419,16624406901385,16624407056906,16624407131755,16624408698334,1.796949,0.074849,1.566579,480
live,1420,16624416901385,16624417064864,16624417148321,16624420230662,3.329277,0.083457,3.082341,480
live,1421,16624426901385,16624427071223,16624427146807,16624428715946,1.814561,0.075584,1.569139,480
live,1422,16624436901385,16624437055660,16624437136205,16624438649055,1.74767,0.080545,1.51285,480
live,1423,16624446901385,16624447060578,16624447140451,16624448696694,1.795309,0.079873,1.556243,480
live,1424,16624456901385,16624457059832,16624457136505,16624458637259,1.735874,0.076673,1.500754,480
live,1425,16624466901385,16624467061422,16624467141967,16624469072230,2.170845,0.080545,1.930263,480
live,1426,16624476901385,16624477070500,16624477150213,16624478950747,2.049362,0.079713,1.800534,480
live,1427,16624486901385,16624487058682,16624487134747,16624487994341,1.092956,0.076065,0.859594,480
live,1428,16624496901385,16624497061424,16624497143153,16624497934011,1.032626,0.081729,0.790858,480
live,1429,16624506901385,16624507064646,16624507136903,16624507910000,1.008615,0.072257,0.773097,480
live,1430,16624516901385,16624517066332,16624517147613,16624518023592,1.122207,0.081281,0.875979,480
live,1431,16624526901385,16624527057234,16624527131763,16624528252096,1.350711,0.074529,1.120333,480
live,1432,16624536901385,16624537057064,16624537128681,16624538205078,1.303693,0.071617,1.076397,480
live,1433,16624546901385,16624547064766,16624547138175,16624547899432,0.998047,0.073409,0.761257,480
live,1434,16624556901385,16624557062740,16624557146517,16624557910110,1.008725,0.083777,0.763593,480
live,1435,16624566901385,16624567078122,16624567164299,16624567999733,1.098348,0.086177,0.835434,480
live,1436,16624576901385,16624577070400,16624577146817,16624577931530,1.030145,0.076417,0.784713,480
live,1437,16624586901385,16624587067222,16624587154839,16624588282404,1.381019,0.087617,1.127565,480
live,1438,16624596901385,16624597067596,16624597144877,16624597908694,1.007309,0.077281,0.763817,480
live,1439,16624606901385,16624607085826,16624607479463,16624609044281,2.142896,0.393637,1.564818,480
live,1440,16624616901385,16624617072984,16624617467773,16624620128636,3.227251,0.394789,2.660863,480
live,1441,16624626901385,16624627059246,16624627137519,16624628727650,1.826265,0.078273,1.590131,480
live,1442,16624636901385,16624637064100,16624637159333,16624638710583,1.809198,0.095233,1.55125,480
live,1443,16624646901385,16624647080602,16624647166651,16624648721582,1.820197,0.086049,1.554931,480
live,1444,16624656901385,16624657061168,16624657146193,16624658674563,1.773178,0.085025,1.52837,480
live,1445,16624666901385,16624667073126,16624667155367,16624668806363,1.904978,0.082241,1.650996,480
live,1446,16624676901385,16624677164605,16624677278430,16624678997907,2.096522,0.113825,1.719477,480
live,1447,16624686901385,16624687082162,16624687152979,16624688614244,1.712859,0.070817,1.461265,480
live,1448,16624696901385,16624697037992,16624697121225,16624698631162,1.729777,0.083233,1.509937,480
live,1449,16624706901385,16624707081150,16624707159359,16624708720753,1.819368,0.078209,1.561394,480
live,1450,16624716901385,16624717066548,16624717158325,16624718776040,1.874655,0.091777,1.617715,480
live,1451,16624726901385,16624727060522,16624727140459,16624728714429,1.813044,0.079937,1.57397,480
live,1452,16624736901385,16624737063392,16624737141345,16624738684883,1.783498,0.077953,1.543538,480
live,1453,16624746901385,16624747062614,16624747140567,16624748704873,1.803488,0.077953,1.564306,480
live,1454,16624756901385,16624757065164,16624757144973,16624758934306,2.032921,0.079809,1.789333,480
live,1455,16624766901385,16624767124258,16624767276644,16624769456638,2.555253,0.152386,2.179994,480
live,1456,16624776901385,16624777088280,16624777168633,16624779079216,2.177831,0.080353,1.910583,480
live,1457,16624786901385,16624787059278,16624787138031,16624789056389,2.155004,0.078753,1.918358,480
live,1458,16624796901385,16624797069028,16624797149317,16624798655543,1.754158,0.080289,1.506226,480
live,1459,16624806901385,16624807065210,16624807141723,16624808904271,2.002886,0.076513,1.762548,480
live,1460,16624816901385,16624817069296,16624817149745,16624820178964,3.277579,0.080449,3.029219,480
live,1461,16624826901385,16624827059430,16624827139335,16624828717913,1.816528,0.079905,1.578578,480
live,1462,16624836901385,16624837074236,16624837154813,16624838690703,1.789318,0.080577,1.53589,480
live,1463,16624846901385,16624847066738,16624847147987,16624848696613,1.795228,0.081249,1.548626,480
live,1464,16624856901385,16624857058312,16624857139529,16624858924990,2.023605,0.081217,1.785461,480
live,1465,16624866901385,16624867077182,16624867153087,16624868955124,2.053739,0.075905,1.802037,480
live,1466,16624876901385,16624877071092,16624877155221,16624879020331,2.118946,0.084129,1.86511,480
live,1467,16624886901385,16624887078954,16624887158251,16624888956224,2.054839,0.079297,1.797973,480
live,1468,16624896901385,16624897055263,16624897135648,16624898658098,1.756713,0.080385,1.52245,480
live,1469,16624906901385,16624907061109,16624907138198,16624908725801,1.824416,0.077089,1.587603,480
live,1470,16624916901385,16624917075916,16624917155277,16624918942978,2.041593,0.079361,1.787701,480
live,1471,16624926901385,16624927145986,16624927273412,16624928883447,1.982062,0.127426,1.610035,480
live,1472,16624936901385,16624937093240,16624937191097,16624938972430,2.071045,0.097857,1.781333,480
live,1473,16624946901385,16624947079758,16624947174959,16624948983460,2.082075,0.095201,1.808501,480
live,1474,16624956901385,16624957070756,16624957158725,16624958964410,2.063025,0.087969,1.805685,480
live,1475,16624966901385,16624967059673,16624967140314,16624968941456,2.040071,0.080641,1.801142,480
live,1476,16624976901385,16624977050351,16624977144912,16624979060583,2.159198,0.094561,1.915671,480
live,1477,16624986901385,16624987065509,16624987148102,16624988935515,2.03413,0.082593,1.787413,480
live,1478,16624996901385,16624997061979,16624997139580,16624998930513,2.029128,0.077601,1.790933,480
live,1479,16625006901385,16625007116146,16625007234003,16625009056937,2.155552,0.117857,1.822934,480
live,1480,16625016901385,16625017069767,16625017155560,16625019811912,2.910527,0.085793,2.656352,480
live,1481,16625026901385,16625027067677,16625027162751,16625028842866,1.941481,0.095074,1.680115,480
live,1482,16625036901385,16625037073683,16625037163253,16625038956778,2.055393,0.08957,1.793525,480
live,1483,16625046901385,16625047074345,16625047158506,16625048752573,1.851188,0.084161,1.594067,480
live,1484,16625056901385,16625057049919,16625057136480,16625058667538,1.766153,0.086561,1.531058,480
live,1485,16625066901385,16625067062645,16625067141782,16625068698121,1.796736,0.079137,1.556339,480
live,1486,16625076901385,16625077055531,16625077140620,16625078719775,1.81839,0.085089,1.579155,480
live,1487,16625086901385,16625087067137,16625087148674,16625088964184,2.062799,0.081537,1.81551,480
live,1488,16625096901385,16625097063895,16625097147992,16625099005390,2.104005,0.084097,1.857398,480
live,1489,16625106901385,16625107063469,16625107153678,16625108970180,2.068795,0.090209,1.816502,480
live,1490,16625116901385,16625117066083,16625117141252,16625118930649,2.029264,0.075169,1.789397,480
live,1491,16625126901385,16625127077625,16625127162138,16625129017232,2.115847,0.084513,1.855094,480
live,1492,16625136901385,16625137052367,16625137147248,16625138973222,2.071837,0.094881,1.825974,480
live,1493,16625146901385,16625147069157,16625147152486,16625149034781,2.133396,0.083329,1.882295,480
live,1494,16625156901385,16625157057787,16625157136636,16625158945682,2.044297,0.078849,1.809046,480
live,1495,16625166901385,16625167057905,16625167138354,16625168921287,2.019902,0.080449,1.782933,480
live,1496,16625176901385,16625177059559,16625177139016,16625178730235,1.82885,0.079457,1.591219,480
live,1497,16625186901385,16625187058717,16625187140126,16625188739889,1.838504,0.081409,1.599763,480
live,1498,16625196901385,16625197055603,16625197135860,16625198665734,1.764349,0.080257,1.529874,480
live,1499,16625206901385,16625207564527,16625207751185,16625210073325,3.17194,0.186658,2.32214,480
replay,1499,16625206901385,16625207616624,16625208205303,16625225438882,18.537497,0.588679,17.233579,36544
