stage,sequence,release_ns,queued_ns,start_ns,end_ns,age_ms,queue_ms,service_ms,output_samples
live,0,15249496148921,15249496348548,15249496421317,15249500595451,4.44653,0.072769,4.174134,1920
live,1,15249506148921,15249506310982,15249506385223,15249508978440,2.829519,0.074241,2.593217,1920
live,2,15249516148921,15249516277447,15249516349864,15249519409232,3.260311,0.072417,3.059368,1920
live,3,15249526148921,15249526263976,15249526338537,15249529155470,3.006549,0.074561,2.816933,1920
live,4,15249536148921,15249536266058,15249536319979,15249540933575,4.784654,0.053921,4.613596,1920
live,5,15249546148921,15249546280940,15249546350765,15249550580900,4.431979,0.069825,4.230135,1920
live,6,15249556148921,15249556267118,15249556336335,15249560437764,4.288843,0.069217,4.101429,1920
live,7,15249566148921,15249566272272,15249566358001,15249570398117,4.249196,0.085729,4.040116,1920
live,8,15249576148921,15249576269105,15249576342514,15249580511144,4.362223,0.073409,4.16863,1920
live,9,15249586148921,15249586282643,15249586368564,15249591377429,5.228508,0.085921,5.008865,1920
live,10,15249596148921,15249596282933,15249596358550,15249601181108,5.032187,0.075617,4.822558,1920
live,11,15249606148921,15249606272535,15249606354680,15249610941939,4.793018,0.082145,4.587259,1920
live,12,15249616148921,15249616269624,15249616346553,15249620961365,4.812444,0.076929,4.614812,1920
live,13,15249626148921,15249626266618,15249626345275,15249630395216,4.246295,0.078657,4.049941,1920
live,14,15249636148921,15249636271324,15249636347517,15249641501888,5.352967,0.076193,5.154371,1920
live,15,15249646148921,15249646290014,15249646383999,15249650996923,4.848002,0.093985,4.612924,1920
live,16,15249656148921,15249656253407,15249656320736,15249660675224,4.526303,0.067329,4.354488,1920
live,17,15249666148921,15249666265857,15249666325410,15249670337782,4.188861,0.059553,4.012372,1920
live,18,15249676148921,15249676261443,15249676338084,15249680419097,4.270176,0.076641,4.081013,1920
live,19,15249686148921,15249686267204,15249686340613,15249691012834,4.863913,0.073409,4.672221,1920
live,20,15249696148921,15249696287142,15249696369160,15249702461847,6.312926,0.082018,6.092687,1920
live,21,15249706148921,15249706272232,15249706334921,15249710869860,4.720939,0.062689,4.534939,1920
live,22,15249716148921,15249716259562,15249716319626,15249720690531,4.54161,0.060064,4.370905,1920
live,23,15249726148921,15249726259755,15249726312620,15249730816422,4.667501,0.052865,4.503802,1920
live,24,15249736148921,15249736244589,15249736306734,15249740494724,4.345803,0.062145,4.18799,1920
live,25,15249746148921,15249746293327,15249746390641,15249750485414,4.336493,0.097314,4.094773,1920
live,26,15249756148921,15249756275153,15249756351410,15249760577225,4.428304,0.076257,4.225815,1920
live,27,15249766148921,15249766268018,15249766330483,15249771001040,4.852119,0.062465,4.670557,1920
live,28,15249776148921,15249776246996,15249776308213,15249780515275,4.366354,0.061217,4.207062,1920
live,29,15249786148921,15249786266198,15249786347287,15249791210262,5.061341,0.081089,4.862975,1920
live,30,15249796148921,15249796290968,15249796391417,15249800926132,4.777211,0.100449,4.534715,1920
live,31,15249806148921,15249806292570,15249806386619,15249811110808,4.961887,0.094049,4.724189,1920
live,32,15249816148921,15249816254299,15249816308924,15249820541523,4.392602,0.054625,4.232599,1920
live,33,15249826148921,15249826266653,15249826324990,15249832127945,5.979024,0.058337,5.802955,1920
live,34,15249836148921,15249836241182,15249836284063,15249840827802,4.678881,0.042881,4.543739,1920
live,35,15249846148921,15249846286017,15249846382018,15249851173696,5.024775,0.096001,4.791678,1920
live,36,15249856148921,15249856254978,15249856327555,15249860907646,4.758725,0.072577,4.580091,1920
live,37,15249866148921,15249866272580,15249866360645,15249871081058,4.932137,0.088065,4.720413,1920
live,38,15249876148921,15249876264518,15249876323430,15249880815841,4.66692,0.058912,4.492411,1920
live,39,15249886148921,15249886264167,15249886327528,15249891027269,4.878348,0.063361,4.699741,1920
live,40,15249896148921,15249896298250,15249896393003,15249902925088,6.776167,0.094753,6.532085,1920
live,41,15249906148921,15249906277995,15249906356076,15249910870567,4.721646,0.078081,4.514491,1920
live,42,15249916148921,15249916268621,15249916345806,15249920528260,4.379339,0.077185,4.182454,1920
live,43,15249926148921,15249926269230,15249926351119,15249931062093,4.913172,0.081889,4.710974,1920
live,44,15249936148921,15249936248400,15249936300241,15249940511527,4.362606,0.051841,4.211286,1920
live,45,15249946148921,15249946284402,15249946371603,15249950665739,4.516818,0.087201,4.294136,1920
live,46,15249956148921,15249956268276,15249956342165,15249960548363,4.399442,0.073889,4.206198,1920
live,47,15249966148921,15249966269781,15249966346166,15249970427723,4.278802,0.076385,4.081557,1920
live,48,15249976148921,15249976247415,15249976306776,15249980495246,4.346325,0.059361,4.18847,1920
live,49,15249986148921,15249986260601,15249986317722,15249990298893,4.149972,0.057121,3.981171,1920
live,50,15249996148921,15249996514622,15249996621919,15250000728533,4.579612,0.107297,4.106614,1920
live,51,15250006148921,15250006340797,15250006434559,15250011188540,5.039619,0.093762,4.753981,1920
live,52,15250016148921,15250016303775,15250016400128,15250020866010,4.717089,0.096353,4.465882,1920
live,53,15250026148921,15250026289152,15250026403426,15250031192128,5.043207,0.114274,4.788702,1920
live,54,15250036148921,15250036267138,15250036345283,15250040590874,4.441953,0.078145,4.245591,1920
live,55,15250046148921,15250046274051,15250046340516,15250051368294,5.219373,0.066465,5.027778,1920
live,56,15250056148921,15250056266437,15250056326950,15250060287513,4.138592,0.060513,3.960563,1920
live,57,15250066148921,15250066266311,15250066364264,15250070293499,4.144578,0.097953,3.929235,1920
live,58,15250076148921,15250076270313,15250076369546,15250080276605,4.127684,0.099233,3.907059,1920
live,59,15250086148921,15250086275722,15250086381804,15250090824357,4.675436,0.106082,4.442553,1920
live,60,15250096148921,15250096266316,15250096323533,15250102775648,6.626727,0.057217,6.452115,1920
live,61,15250106148921,15250106264686,15250106324943,15250110729512,4.580591,0.060257,4.404569,1920
live,62,15250116148921,15250116259311,15250116311280,15250120640104,4.491183,0.051969,4.328824,1920
live,63,15250126148921,15250126266353,15250126334962,15250130647434,4.498513,0.068609,4.312472,1920
live,64,15250136148921,15250136268403,15250136338004,15250140860559,4.711638,0.069601,4.522555,1920
live,65,15250146148921,15250146265173,15250146326165,15250150831984,4.683063,0.060992,4.505819,1920
live,66,15250156148921,15250156262582,15250156335703,15250160579182,4.430261,0.073121,4.243479,1920
live,67,15250166148921,15250166266776,15250166324473,15250170971477,4.822556,0.057697,4.647004,1920
live,68,15250176148921,15250176264730,15250176533277,15250181258907,5.109986,0.268547,4.72563,1920
live,69,15250186148921,15250186266172,15250186374653,15250190227407,4.078486,0.108481,3.852754,1920
live,70,15250196148921,15250196283870,15250196369119,15250200816408,4.667487,0.085249,4.447289,1920
live,71,15250206148921,15250206274047,15250206383713,15250210730265,4.581344,0.109666,4.346552,1920
live,72,15250216148921,15250216262177,15250216311201,15250220710459,4.561538,0.049024,4.399258,1920
live,73,15250226148921,15250226269699,15250226341444,15250229432012,3.283091,0.071745,3.090568,1920
live,74,15250236148921,15250236271460,15250236359654,15250240809471,4.66055,0.088194,4.449817,1920
live,75,15250246148921,15250246277158,15250246391272,15250250953507,4.804586,0.114114,4.562235,1920
live,76,15250256148921,15250256299496,15250256373065,15250260676001,4.52708,0.073569,4.302936,1920
live,77,15250266148921,15250266291050,15250266355915,15250271038408,4.889487,0.064865,4.682493,1920
live,78,15250276148921,15250276263595,15250276323212,15250280514946,4.366025,0.059617,4.191734,1920
live,79,15250286148921,15250286266797,15250286325806,15250290956618,4.807697,0.059009,4.630812,1920
live,80,15250296148921,15250296282607,15250296366288,15250303344651,7.19573,0.083681,6.978363,1920
live,81,15250306148921,15250306279537,15250306357618,15250311350579,5.201658,0.078081,4.992961,1920
live,82,15250316148921,15250316283859,15250316369236,15250320528618,4.379697,0.085377,4.159382,1920
live,83,15250326148921,15250326266708,15250326321493,15250330717230,4.568309,0.054785,4.395737,1920
live,84,15250336148921,15250336258934,15250336315606,15250340504205,4.355284,0.056672,4.188599,1920
live,85,15250346148921,15250346268664,15250346377689,15250350866899,4.717978,0.109025,4.48921,1920
live,86,15250356148921,15250356276313,15250356349882,15250360582225,4.433304,0.073569,4.232343,1920
live,87,15250366148921,15250366268443,15250366373564,15250370641556,4.492635,0.105121,4.267992,1920
live,88,15250376148921,15250376264669,15250376317885,15250380210928,4.062007,0.053216,3.893043,1920
live,89,15250386148921,15250386262654,15250386322239,15250390242482,4.093561,0.059585,3.920243,1920
live,90,15250396148921,15250396258304,15250396317825,15250400747546,4.598625,0.059521,4.429721,1920
live,91,15250406148921,15250406271106,15250406377283,15250411077536,4.928615,0.106177,4.700253,1920
live,92,15250416148921,15250416266308,15250416333285,15250420633756,4.484835,0.066977,4.300471,1920
live,93,15250426148921,15250426272998,15250426531113,15250430540541,4.39162,0.258115,4.009428,1920
live,94,15250436148921,15250436262919,15250436323336,15250440176378,4.027457,0.060417,3.853042,1920
live,95,15250446148921,15250446260265,15250446320042,15250449517203,3.368282,0.059777,3.197161,1920
live,96,15250456148921,15250456277707,15250456358188,15250460903303,4.754382,0.080481,4.545115,1920
live,97,15250466148921,15250466276685,15250466379566,15250470992938,4.844017,0.102881,4.613372,1920
live,98,15250476148921,15250476268014,15250476333103,15250480635815,4.486894,0.065089,4.302712,1920
live,99,15250486148921,15250486270832,15250486379185,15250490859915,4.710994,0.108353,4.48073,1920
live,100,15250496148921,15250496266610,15250496323794,15250502140286,5.991365,0.057184,5.816492,1920
live,101,15250506148921,15250506478134,15250506887931,15250513412560,7.263639,0.409797,6.524629,1920
live,102,15250516148921,15250516274037,15250516514232,15250520812112,4.663191,0.240195,4.29788,1920
live,103,15250526148921,15250526281463,15250526528282,15250530530158,4.381237,0.246819,4.001876,1920
live,104,15250536148921,15250536268537,15250536325177,15250540178379,4.029458,0.05664,3.853202,1920
live,105,15250546148921,15250546265818,15250546369020,15250551163450,5.014529,0.103202,4.79443,1920
live,106,15250556148921,15250556263772,15250556334269,15250561293085,5.144164,0.070497,4.958816,1920
live,107,15250566148921,15250566267934,15250566373279,15250570368147,4.219226,0.105345,3.994868,1920
live,108,15250576148921,15250576277440,15250576359425,15250580718169,4.569248,0.081985,4.358744,1920
live,109,15250586148921,15250586260001,15250586329890,15250590241045,4.092124,0.069889,3.911155,1920
live,110,15250596148921,15250596300547,15250596430437,15250600419865,4.270944,0.12989,3.989428,1920
live,111,15250606148921,15250606285893,15250606403111,15250611921742,5.772821,0.117218,5.518631,1920
live,112,15250616148921,15250616275783,15250616354088,15250620561310,4.412389,0.078305,4.207222,1920
live,113,15250626148921,15250626277992,15250626392362,15250631212808,5.063887,0.11437,4.820446,1920
live,114,15250636148921,15250636285930,15250636363147,15250640522337,4.373416,0.077217,4.15919,1920
live,115,15250646148921,15250646272972,15250646339661,15250650978409,4.829488,0.066689,4.638748,1920
live,116,15250656148921,15250656279278,15250656356111,15250661618739,5.469818,0.076833,5.262628,1920
live,117,15250666148921,15250666287183,15250666375665,15250670938828,4.789907,0.088482,4.563163,1920
live,118,15250676148921,15250676332210,15250676431795,15250680694602,4.545681,0.099585,4.262807,1920
live,119,15250686148921,15250686297939,15250686396660,15250691203283,5.054362,0.098721,4.806623,1920
live,120,15250696148921,15250696262580,15250696335125,15250702612935,6.464014,0.072545,6.27781,1920
live,121,15250706148921,15250706270774,15250706349399,15250710310251,4.16133,0.078625,3.960852,1920
live,122,15250716148921,15250716260888,15250716330457,15250720584368,4.435447,0.069569,4.253911,1920
live,123,15250726148921,15250726267226,15250726349691,15250730266862,4.117941,0.082465,3.917171,1920
live,124,15250736148921,15250736267323,15250736344316,15250740664564,4.515643,0.076993,4.320248,1920
live,125,15250746148921,15250746266141,15250746346046,15250751049467,4.900546,0.079905,4.703421,1920
live,126,15250756148921,15250756258975,15250756326656,15250760521750,4.372829,0.067681,4.195094,1920
live,127,15250766148921,15250766267745,15250766349026,15250771089503,4.940582,0.081281,4.740477,1920
live,128,15250776148921,15250776266210,15250776340227,15250780896542,4.747621,0.074017,4.556315,1920
live,129,15250786148921,15250786269508,15250786351621,15250791060098,4.911177,0.082113,4.708477,1920
live,130,15250796148921,15250796249158,15250796317511,15250800827809,4.678888,0.068353,4.510298,1920
live,131,15250806148921,15250806268776,15250806350185,15250811073958,4.925037,0.081409,4.723773,1920
live,132,15250816148921,15250816267017,15250816346826,15250820653410,4.504489,0.079809,4.306584,1920
live,133,15250826148921,15250826267691,15250826348620,15250831097162,4.948241,0.080929,4.748542,1920
live,134,15250836148921,15250836262477,15250836334190,15250840841768,4.692847,0.071713,4.507578,1920
live,135,15250846148921,15250846265231,15250846345232,15250851359473,5.210552,0.080001,5.014241,1920
live,136,15250856148921,15250856249360,15250856317585,15250860520999,4.372078,0.068225,4.203414,1920
live,137,15250866148921,15250866265714,15250866348275,15250871095057,4.946136,0.082561,4.746782,1920
live,138,15250876148921,15250876247508,15250876319380,15250880826927,4.678006,0.071872,4.507547,1920
live,139,15250886148921,15250886265589,15250886353367,15250891300311,5.15139,0.087778,4.946944,1920
live,140,15250896148921,15250896268087,15250896355352,15250903272018,7.123097,0.087265,6.916666,1920
live,141,15250906148921,15250906340442,15250906453851,15250912896111,6.74719,0.113409,6.44226,1920
live,142,15250916148921,15250916360796,15250916470141,15250921696129,5.547208,0.109345,5.225988,1920
live,143,15250926148921,15250926367710,15250926485631,15250930968537,4.819616,0.117921,4.482906,1920
live,144,15250936148921,15250936304543,15250936379328,15250939258533,3.109612,0.074785,2.879205,1920
live,145,15250946148921,15250946278336,15250946368129,15250950939101,4.79018,0.089793,4.570972,1920
live,146,15250956148921,15250956302978,15250956392163,15250960669147,4.520226,0.089185,4.276984,1920
live,147,15250966148921,15250966328228,15250966635176,15250970921056,4.772135,0.306948,4.28588,1920
live,148,15250976148921,15250976298534,15250976373895,15250979282540,3.133619,0.075361,2.908645,1920
live,149,15250986148921,15250986275111,15250986578603,15250990865155,4.716234,0.303492,4.286552,1920
live,150,15250996148921,15250996283881,15250996361802,15250999272880,3.123959,0.077921,2.911078,1920
live,151,15251006148921,15251006250602,15251006299819,15251009978651,3.82973,0.049217,3.678832,1920
live,152,15251016148921,15251016358701,15251016452399,15251021484080,5.335159,0.093698,5.031681,1920
live,153,15251026148921,15251026363055,15251026713748,15251030112704,3.963783,0.350693,3.398956,1920
live,154,15251036148921,15251036270000,15251036347281,15251040349061,4.20014,0.077281,4.00178,1920
live,155,15251046148921,15251046301458,15251046401459,15251050566121,4.4172,0.100001,4.164662,1920
live,156,15251056148921,15251056280563,15251056346228,15251059251290,3.102369,0.065665,2.905062,1920
live,157,15251066148921,15251066264053,15251066335222,15251071525433,5.376512,0.071169,5.190211,1920
live,158,15251076148921,15251076304567,15251076406424,15251082958413,6.809492,0.101857,6.551989,1920
live,159,15251086148921,15251086283224,15251086354041,15251089261535,3.112614,0.070817,2.907494,1920
live,160,15251096148921,15251096264890,15251096339035,15251103461079,7.312158,0.074145,7.122044,1920
live,161,15251106148921,15251106296892,15251106370333,15251109315267,3.166346,0.073441,2.944934,1920
live,162,15251116148921,15251116268253,15251116328830,15251119838828,3.689907,0.060577,3.509998,1920
live,163,15251126148921,15251126293280,15251126377057,15251130317140,4.168219,0.083777,3.940083,1920
live,164,15251136148921,15251136322786,15251136409027,15251139333097,3.184176,0.086241,2.92407,1920
live,165,15251146148921,15251146304163,15251146389604,15251149156328,3.007407,0.085441,2.766724,1920
live,166,15251156148921,15251156317701,15251156429734,15251161875117,5.726196,0.112033,5.445383,1920
live,167,15251166148921,15251166358343,15251166457641,15251170943811,4.79489,0.099298,4.48617,1920
live,168,15251176148921,15251176339465,15251176443978,15251180813699,4.664778,0.104513,4.369721,1920
live,169,15251186148921,15251186312106,15251186400907,15251190838085,4.689164,0.088801,4.437178,1920
live,170,15251196148921,15251196282988,15251196342700,15251199285010,3.136089,0.059712,2.94231,1920
live,171,15251206148921,15251206266733,15251206342318,15251211131948,4.983027,0.075585,4.78963,1920
live,172,15251216148921,15251216277231,15251216334608,15251219218005,3.069084,0.057377,2.883397,1920
live,173,15251226148921,15251226290385,15251226356946,15251229289656,3.140735,0.066561,2.93271,1920
live,174,15251236148921,15251236273938,15251236343379,15251240291398,4.142477,0.069441,3.948019,1920
live,175,15251246148921,15251246293556,15251246385301,15251251693114,5.544193,0.091745,5.307813,1920
live,176,15251256148921,15251256275670,15251256329655,15251259159067,3.010146,0.053985,2.829412,1920
live,177,15251266148921,15251266261399,15251266331928,15251270382605,4.233684,0.070529,4.050677,1920
live,178,15251276148921,15251276308634,15251276398107,15251280746995,4.598074,0.089473,4.348888,1920
live,179,15251286148921,15251286282619,15251286341308,15251289240705,3.091784,0.058689,2.899397,1920
live,180,15251296148921,15251296266429,15251296341054,15251303857791,7.70887,0.074625,7.516737,1920
live,181,15251306148921,15251306279007,15251306339807,15251309229893,3.080972,0.0608,2.890086,1920
live,182,15251316148921,15251316264352,15251316336161,15251320067985,3.919064,0.071809,3.731824,1920
live,183,15251326148921,15251326323427,15251326409092,15251330751548,4.602627,0.085665,4.342456,1920
live,184,15251336148921,15251336282564,15251336346821,15251339244970,3.096049,0.064257,2.898149,1920
live,185,15251346148921,15251346259045,15251346319078,15251350128631,3.97971,0.060033,3.809553,1920
live,186,15251356148921,15251356293959,15251356381161,15251360298907,4.149986,0.087202,3.917746,1920
live,187,15251366148921,15251366279753,15251366336938,15251369247311,3.09839,0.057185,2.910373,1920
live,188,15251376148921,15251376285355,15251376361068,15251381085513,4.936592,0.075713,4.724445,1920
live,189,15251386148921,15251386299341,15251386395694,15251390809159,4.660238,0.096353,4.413465,1920
live,190,15251396148921,15251396280782,15251396348911,15251399346390,3.197469,0.068129,2.997479,1920
live,191,15251406148921,15251406251631,15251406297552,15251409804222,3.655301,0.045921,3.50667,1920
live,192,15251416148921,15251416278930,15251416367539,15251420611018,4.462097,0.088609,4.243479,1920
live,193,15251426148921,15251426302068,15251426374229,15251429537502,3.388581,0.072161,3.163273,1920
live,194,15251436148921,15251436284149,15251436372886,15251440683310,4.534389,0.088737,4.310424,1920
live,195,15251446148921,15251446310231,15251446389432,15251450776561,4.62764,0.079201,4.387129,1920
live,196,15251456148921,15251456275896,15251456331545,15251459220255,3.071334,0.055649,2.88871,1920
live,197,15251466148921,15251466249466,15251466310139,15251470588210,4.439289,0.060673,4.278071,1920
live,198,15251476148921,15251476570208,15251476729090,15251484492839,8.343918,0.158882,7.763749,1920
live,199,15251486148921,15251486320350,15251486403775,15251490100271,3.95135,0.083425,3.696496,1920
live,200,15251496148921,15251496274847,15251496359872,15251502732979,6.584058,0.085025,6.373107,1920
live,201,15251506148921,15251506300641,15251506398787,15251510549017,4.400096,0.098146,4.15023,1920
live,202,15251516148921,15251516305443,15251516399012,15251520099956,3.951035,0.093569,3.700944,1920
live,203,15251526148921,15251526270629,15251526344517,15251530652381,4.50346,0.073888,4.307864,1920
live,204,15251536148921,15251536287686,15251536370088,15251539392047,3.243126,0.082402,3.021959,1920
live,205,15251546148921,15251546257032,15251546306152,15251550253404,4.104483,0.04912,3.947252,1920
live,206,15251556148921,15251556294186,15251556428684,15251562462586,6.313665,0.134498,6.033902,1920
live,207,15251566148921,15251566291756,15251566378989,15251570249183,4.100262,0.087233,3.870194,1920
live,208,15251576148921,15251576258029,15251576318958,15251580786312,4.637391,0.060929,4.467354,1920
live,209,15251586148921,15251586294351,15251586382768,15251590765353,4.616432,0.088417,4.382585,1920
live,210,15251596148921,15251596328753,15251596415027,15251601148336,4.999415,0.086274,4.733309,1920
live,211,15251606148921,15251606299635,15251606387444,15251610139941,3.99102,0.087809,3.752497,1920
live,212,15251616148921,15251616271604,15251616347317,15251620777071,4.62815,0.075713,4.429754,1920
live,213,15251626148921,15251626286198,15251626363223,15251629371486,3.222565,0.077025,3.008263,1920
live,214,15251636148921,15251636286776,15251636377945,15251639322399,3.173478,0.091169,2.944454,1920
live,215,15251646148921,15251646270617,15251646355610,15251650899669,4.750748,0.084993,4.544059,1920
live,216,15251656148921,15251656307996,15251656447325,15251661430270,5.281349,0.139329,4.982945,1920
live,217,15251666148921,15251666306301,15251666420735,15251672295979,6.147058,0.114434,5.875244,1920
live,218,15251676148921,15251676316735,15251676384608,15251679437736,3.288815,0.067873,3.053128,1920
live,219,15251686148921,15251686272448,15251686347105,15251690448374,4.299453,0.074657,4.101269,1920
live,220,15251696148921,15251696313667,15251696693543,15251701324996,5.176075,0.379876,4.631453,1920
live,221,15251706148921,15251706249571,15251706295620,15251709252970,3.104049,0.046049,2.95735,1920
live,222,15251716148921,15251716258277,15251716319654,15251720161944,4.013023,0.061377,3.84229,1920
live,223,15251726148921,15251726274631,15251726337704,15251729252142,3.103221,0.063073,2.914438,1920
live,224,15251736148921,15251736261897,15251736340010,15251740310045,4.161124,0.078113,3.970035,1920
live,225,15251746148921,15251746301451,15251746380204,15251750363648,4.214727,0.078753,3.983444,1920
live,226,15251756148921,15251756276556,15251756337997,15251759177714,3.028793,0.061441,2.839717,1920
live,227,15251766148921,15251766260910,15251766335151,15251771074476,4.925555,0.074241,4.739325,1920
live,228,15251776148921,15251776364721,15251776453490,15251780665897,4.516976,0.088769,4.212407,1920
live,229,15251786148921,15251786322290,15251786423988,15251790617994,4.469073,0.101698,4.194006,1920
live,230,15251796148921,15251796284051,15251796336980,15251799214586,3.065665,0.052929,2.877606,1920
live,231,15251806148921,15251806260405,15251806325110,15251810445547,4.296626,0.064705,4.120437,1920
live,232,15251816148921,15251816287575,15251816372760,15251822446183,6.297262,0.085185,6.073423,1920
live,233,15251826148921,15251826287609,15251826358330,15251829296704,3.147783,0.070721,2.938374,1920
live,234,15251836148921,15251836257178,15251836332699,15251840244430,4.095509,0.075521,3.911731,1920
live,235,15251846148921,15251846294620,15251846372637,15251850881720,4.732799,0.078017,4.509083,1920
live,236,15251856148921,15251856276574,15251856348031,15251861845990,5.697069,0.071457,5.497959,1920
live,237,15251866148921,15251866269343,15251866330752,15251869234374,3.085453,0.061409,2.903622,1920
live,238,15251876148921,15251876248225,15251876301154,15251879757806,3.608885,0.052929,3.456652,1920
live,239,15251886148921,15251886274723,15251886356996,15251892460723,6.311802,0.082273,6.103727,1920
live,240,15251896148921,15251896300869,15251896396966,15251902139409,5.990488,0.096097,5.742443,1920
live,241,15251906148921,15251906298183,15251906373448,15251909721459,3.572538,0.075265,3.348011,1920
live,242,15251916148921,15251916269192,15251916319433,15251920823779,4.674858,0.050241,4.504346,1920
live,243,15251926148921,15251926269098,15251926349163,15251930571778,4.422857,0.080065,4.222615,1920
live,244,15251936148921,15251936293260,15251936381965,15251940079549,3.930628,0.088705,3.697584,1920
live,245,15251946148921,15251946268909,15251946329070,15251949945981,3.79706,0.060161,3.616911,1920
live,246,15251956148921,15251956283055,15251956348720,15251959984447,3.835526,0.065665,3.635727,1920
live,247,15251966148921,15251966256593,15251966313809,15251969805951,3.65703,0.057216,3.492142,1920
live,248,15251976148921,15251976257522,15251976319795,15251980177733,4.028812,0.062273,3.857938,1920
live,249,15251986148921,15251986284564,15251986367637,15251990060677,3.911756,0.083073,3.69304,1920
live,250,15251996148921,15251996262998,15251996335735,15252000207977,4.059056,0.072737,3.872242,1920
live,251,15252006148921,15252006274968,15252006333400,15252009252414,3.103493,0.058432,2.919014,1920
live,252,15252016148921,15252016252889,15252016312346,15252020110283,3.961362,0.059457,3.797937,1920
live,253,15252026148921,15252026281531,15252026356604,15252030426385,4.277464,0.075073,4.069781,1920
live,254,15252036148921,15252036326046,15252036397951,15252039523783,3.374862,0.071905,3.125832,1920
live,255,15252046148921,15252046257566,15252046321791,15252050101168,3.952247,0.064225,3.779377,1920
live,256,15252056148921,15252056276672,15252056356577,15252060630329,4.481408,0.079905,4.273752,1920
live,257,15252066148921,15252066287426,15252066375907,15252070337687,4.188766,0.088481,3.96178,1920
live,258,15252076148921,15252076275268,15252076330949,15252079177801,3.02888,0.055681,2.846852,1920
live,259,15252086148921,15252086263621,15252086328230,15252092200914,6.051993,0.064609,5.872684,1920
live,260,15252096148921,15252096296040,15252096397001,15252102124467,5.975546,0.100961,5.727466,1920
live,261,15252106148921,15252106285353,15252106349706,15252109308176,3.159255,0.064353,2.95847,1920
live,262,15252116148921,15252116256074,15252116309323,15252119584662,3.435741,0.053249,3.275339,1920
live,263,15252126148921,15252126261964,15252126320301,15252129896571,3.74765,0.058337,3.57627,1920
live,264,15252136148921,15252136285134,15252136350703,15252142132538,5.983617,0.065569,5.781835,1920
live,265,15252146148921,15252146266224,15252146342737,15252151598325,5.449404,0.076513,5.255588,1920
live,266,15252156148921,15252156283666,15252156370963,15252162452162,6.303241,0.087297,6.081199,1920
live,267,15252166148921,15252166282579,15252166358196,15252169405244,3.256323,0.075617,3.047048,1920
live,268,15252176148921,15252176298101,15252176378550,15252179195707,3.046786,0.080449,2.817157,1920
live,269,15252186148921,15252186272087,15252186330424,15252191567099,5.418178,0.058337,5.236675,1920
live,270,15252196148921,15252196269976,15252196338233,15252199393633,3.244712,0.068257,3.0554,1920
live,271,15252206148921,15252206270394,15252206348379,15252211508798,5.359877,0.077985,5.160419,1920
live,272,15252216148921,15252216289212,15252216365437,15252223674652,7.525731,0.076225,7.309215,1920
live,273,15252226148921,15252226270622,15252226332254,15252229247684,3.098763,0.061632,2.91543,1920
live,274,15252236148921,15252236260127,15252236318304,15252240065137,3.916216,0.058177,3.746833,1920
live,275,15252246148921,15252246286977,15252246380323,15252252264367,6.115446,0.093346,5.884044,1920
live,276,15252256148921,15252256296259,15252256386884,15252262080078,5.931157,0.090625,5.693194,1920
live,277,15252266148921,15252266270373,15252266337285,15252269259115,3.110194,0.066912,2.92183,1920
live,278,15252276148921,15252276258950,15252276329927,15252280558174,4.409253,0.070977,4.228247,1920
live,279,15252286148921,15252286288616,15252286364585,15252290501215,4.352294,0.075969,4.13663,1920
live,280,15252296148921,15252296278602,15252296353931,15252300704483,4.555562,0.075329,4.350552,1920
live,281,15252306148921,15252306265131,15252306319468,15252310245727,4.096806,0.054337,3.926259,1920
live,282,15252316148921,15252316274957,15252316329454,15252319176563,3.027642,0.054497,2.847109,1920
live,283,15252326148921,15252326273647,15252326330288,15252329035731,2.88681,0.056641,2.705443,1920
live,284,15252336148921,15252336259056,15252336315697,15252340430151,4.28123,0.056641,4.114454,1920
live,285,15252346148921,15252346288787,15252346378900,15252350915855,4.766934,0.090113,4.536955,1920
live,286,15252356148921,15252356273364,15252356341365,15252359209274,3.060353,0.068001,2.867909,1920
live,287,15252366148921,15252366269174,15252366339735,15252370668559,4.519638,0.070561,4.328824,1920
live,288,15252376148921,15252376301848,15252376408281,15252382673163,6.524242,0.106433,6.264882,1920
live,289,15252386148921,15252386300538,15252386366938,15252389404834,3.255913,0.0664,3.037896,1920
live,290,15252396148921,15252396280091,15252396352572,15252399467524,3.318603,0.072481,3.114952,1920
live,291,15252406148921,15252406272061,15252406334750,15252410646581,4.49766,0.062689,4.311831,1920
live,292,15252416148921,15252416286751,15252416387328,15252422438318,6.289397,0.100577,6.05099,1920
live,293,15252426148921,15252426393858,15252426477731,15252429647788,3.498867,0.083873,3.170057,1920
live,294,15252436148921,15252436313954,15252436395459,15252440648923,4.500002,0.081505,4.253464,1920
live,295,15252446148921,15252446329700,15252446419782,15252450965409,4.816488,0.090082,4.545627,1920
live,296,15252456148921,15252456286310,15252456339878,15252462283891,6.13497,0.053568,5.944013,1920
live,297,15252466148921,15252466283559,15252466357672,15252469968215,3.819294,0.074113,3.610543,1920
live,298,15252476148921,15252476292233,15252476364522,15252481627982,5.479061,0.072289,5.26346,1920
live,299,15252486148921,15252486296875,15252486406444,15252490429184,4.280263,0.109569,4.02274,1920
live,300,15252496148921,15252496284460,15252496352013,15252500761382,4.612461,0.067553,4.409369,1920
live,301,15252506148921,15252506270414,15252506338639,15252509954814,3.805893,0.068225,3.616175,1920
live,302,15252516148921,15252516289616,15252516362705,15252520302756,4.153835,0.073089,3.940051,1920
live,303,15252526148921,15252526284306,15252526341138,15252529315033,3.166112,0.056832,2.973895,1920
live,304,15252536148921,15252536305300,15252536386517,15252541611352,5.462431,0.081217,5.224835,1920
live,305,15252546148921,15252546557753,15252546680698,15252550945457,4.796536,0.122945,4.264759,1920
live,306,15252556148921,15252556289431,15252556348792,15252559278462,3.129541,0.059361,2.92967,1920
live,307,15252566148921,15252566269016,15252566340537,15252570225964,4.077043,0.071521,3.885427,1920
live,308,15252576148921,15252576293978,15252576372475,15252579483812,3.334891,0.078497,3.111337,1920
live,309,15252586148921,15252586279004,15252586340029,15252589340740,3.191819,0.061025,3.000711,1920
live,310,15252596148921,15252596295070,15252596378623,15252602997205,6.848284,0.083553,6.618582,1920
live,311,15252606148921,15252606292799,15252606362240,15252609370727,3.221806,0.069441,3.008487,1920
live,312,15252616148921,15252616276129,15252616353538,15252621581606,5.432685,0.077409,5.228068,1920
live,313,15252626148921,15252626304739,15252626387044,15252630575322,4.426401,0.082305,4.188278,1920
live,314,15252636148921,15252636305189,15252636377126,15252639363436,3.214515,0.071937,2.98631,1920
live,315,15252646148921,15252646280710,15252646340199,15252650995971,4.84705,0.059489,4.655772,1920
live,316,15252656148921,15252656276488,15252656353577,15252660703713,4.554792,0.077089,4.350136,1920
live,317,15252666148921,15252666312618,15252666432012,15252670726339,4.577418,0.119394,4.294327,1920
live,318,15252676148921,15252676332652,15252676405837,15252679716536,3.567615,0.073185,3.310699,1920
live,319,15252686148921,15252686281357,15252686367182,15252690314113,4.165192,0.085825,3.946931,1920
live,320,15252696148921,15252696298063,15252696377264,15252702006649,5.857728,0.079201,5.629385,1920
live,321,15252706148921,15252706261328,15252706527860,15252710228612,4.079691,0.266532,3.700752,1920
live,322,15252716148921,15252716315859,15252716702072,15252721126865,4.977944,0.386213,4.424793,1920
live,323,15252726148921,15252726313172,15252726669817,15252730624556,4.475635,0.356645,3.954739,1920
live,324,15252736148921,15252736269142,15252736553369,15252740297962,4.149041,0.284227,3.744593,1920
live,325,15252746148921,15252746297944,15252746670109,15252750682001,4.53308,0.372165,4.011892,1920
live,326,15252756148921,15252756304570,15252756633182,15252760419759,4.270838,0.328612,3.786577,1920
live,327,15252766148921,15252766276699,15252766648224,15252770850102,4.701181,0.371525,4.201878,1920
live,328,15252776148921,15252776275453,15252776344926,15252780595381,4.44646,0.069473,4.250455,1920
live,329,15252786148921,15252786276414,15252786566562,15252790320819,4.171898,0.290148,3.754257,1920
live,330,15252796148921,15252796266240,15252796332033,15252799324488,3.175567,0.065793,2.992455,1920
live,331,15252806148921,15252806254562,15252806547269,15252811171521,5.0226,0.292707,4.624252,1920
live,332,15252816148921,15252816301060,15252816393701,15252821971341,5.82242,0.092641,5.57764,1920
live,333,15252826148921,15252826284517,15252826358822,15252829935797,3.786876,0.074305,3.576975,1920
live,334,15252836148921,15252836261127,15252836329928,15252839969111,3.82019,0.068801,3.639183,1920
live,335,15252846148921,15252846279689,15252846340650,15252849224431,3.07551,0.060961,2.883781,1920
live,336,15252856148921,15252856262826,15252856340427,15252860649731,4.50081,0.077601,4.309304,1920
live,337,15252866148921,15252866293132,15252866377389,15252870670853,4.521932,0.084257,4.293464,1920
live,338,15252876148921,15252876274926,15252876333455,15252879233172,3.084251,0.058529,2.899717,1920
live,339,15252886148921,15252886266127,15252886342928,15252890393925,4.245004,0.076801,4.050997,1920
live,340,15252896148921,15252896272049,15252896346642,15252902173150,6.024229,0.074593,5.826508,1920
live,341,15252906148921,15252906342228,15252906457141,15252910570603,4.421682,0.114913,4.113462,1920
live,342,15252916148921,15252916304757,15252916384694,15252920129639,3.980718,0.079937,3.744945,1920
live,343,15252926148921,15252926284599,15252926362072,15252930008647,3.859726,0.077473,3.646575,1920
live,344,15252936148921,15252936311001,15252936396218,15252939354624,3.205703,0.085217,2.958406,1920
live,345,15252946148921,15252946266138,15252946319579,15252949616869,3.467948,0.053441,3.29729,1920
live,346,15252956148921,15252956300764,15252956393693,15252960757494,4.608573,0.092929,4.363801,1920
live,347,15252966148921,15252966305758,15252966405503,15252970446515,4.297594,0.099745,4.041012,1920
live,348,15252976148921,15252976284255,15252976351104,15252979200037,3.051116,0.066849,2.848933,1920
live,349,15252986148921,15252986268961,15252986334050,15252990151315,4.002394,0.065089,3.817265,1920
live,350,15252996148921,15252996283427,15252996347779,15252999210633,3.061712,0.064352,2.862854,1920
live,351,15253006148921,15253006264164,15253006336261,15253011014082,4.865161,0.072097,4.677821,1920
live,352,15253016148921,15253016307142,15253016405320,15253022877852,6.728931,0.098178,6.472532,1920
live,353,15253026148921,15253026291080,15253026354697,15253029278351,3.12943,0.063617,2.923654,1920
live,354,15253036148921,15253036268393,15253036341546,15253041011527,4.862606,0.073153,4.669981,1920
live,355,15253046148921,15253046289099,15253046377644,15253050420865,4.271944,0.088545,4.043221,1920
live,356,15253056148921,15253056271693,15253056340590,15253059476182,3.327261,0.068897,3.135592,1920
live,357,15253066148921,15253066270606,15253066350512,15253070465573,4.316652,0.079906,4.115061,1920
live,358,15253076148921,15253076297937,15253076396306,15253079369912,3.220991,0.098369,2.973606,1920
live,359,15253086148921,15253086287026,15253086354643,15253089317081,3.16816,0.067617,2.962438,1920
live,360,15253096148921,15253096263924,15253096332948,15253102324770,6.175849,0.069024,5.991822,1920
live,361,15253106148921,15253106324758,15253106433783,15253109913989,3.765068,0.109025,3.480206,1920
live,362,15253116148921,15253116273495,15253116351064,15253120404173,4.255252,0.077569,4.053109,1920
live,363,15253126148921,15253126291353,15253126387514,15253132021027,5.872106,0.096161,5.633513,1920
live,364,15253136148921,15253136293563,15253136368604,15253140418704,4.269783,0.075041,4.0501,1920
live,365,15253146148921,15253146279292,15253146351357,15253150588788,4.439867,0.072065,4.237431,1920
live,366,15253156148921,15253156265630,15253156331199,15253162860147,6.711226,0.065569,6.528948,1920
live,367,15253166148921,15253166291200,15253166372129,15253169699084,3.550163,0.080929,3.326955,1920
live,368,15253176148921,15253176289250,15253176369795,15253179282184,3.133263,0.080545,2.912389,1920
live,369,15253186148921,15253186273635,15253186339236,15253190013684,3.864763,0.065601,3.674448,1920
live,370,15253196148921,15253196293637,15253196381158,15253200864352,4.715431,0.087521,4.483194,1920
live,371,15253206148921,15253206293959,15253206390696,15253212253556,6.104635,0.096737,5.86286,1920
live,372,15253216148921,15253216292105,15253216391818,15253221761840,5.612919,0.099713,5.370022,1920
live,373,15253226148921,15253226310699,15253226415436,15253231510926,5.362005,0.104737,5.09549,1920
live,374,15253236148921,15253236294092,15253236367213,15253239312883,3.163962,0.073121,2.94567,1920
live,375,15253246148921,15253246255021,15253246322286,15253250540325,4.391404,0.067265,4.218039,1920
live,376,15253256148921,15253256294735,15253256391665,15253262207772,6.058851,0.09693,5.816107,1920
live,377,15253266148921,15253266288209,15253266369842,15253269561372,3.412451,0.081633,3.19153,1920
live,378,15253276148921,15253276274163,15253276346100,15253280269798,4.120877,0.071937,3.923698,1920
live,379,15253286148921,15253286293205,15253286378326,15253290440234,4.291313,0.085121,4.061908,1920
live,380,15253296148921,15253296338999,15253296406744,15253300706192,4.557271,0.067745,4.299448,1920
live,381,15253306148921,15253306285400,15253306354361,15253310028904,3.879983,0.068961,3.674543,1920
live,382,15253316148921,15253316301178,15253316400411,15253322430473,6.281552,0.099233,6.030062,1920
live,383,15253326148921,15253326288539,15253326370172,15253329442116,3.293195,0.081633,3.071944,1920
live,384,15253336148921,15253336261533,15253336331262,15253340776663,4.627742,0.069729,4.445401,1920
live,385,15253346148921,15253346341088,15253346486849,15253352562288,6.413367,0.145761,6.075439,1920
live,386,15253356148921,15253356382690,15253356741478,15253361207392,5.058471,0.358788,4.465914,1920
live,387,15253366148921,15253366283074,15253366360131,15253370096468,3.947547,0.077057,3.736337,1920
live,388,15253376148921,15253376296740,15253376407622,15253382614742,6.465821,0.110882,6.20712,1920
live,389,15253386148921,15253386331398,15253386414119,15253391017283,4.868362,0.082721,4.603164,1920
live,390,15253396148921,15253396292071,15253396357384,15253399905654,3.756733,0.065313,3.54827,1920
live,391,15253406148921,15253406321578,15253406402571,15253411676623,5.527702,0.080993,5.274052,1920
live,392,15253416148921,15253416309739,15253416373772,15253419580342,3.431421,0.064033,3.20657,1920
live,393,15253426148921,15253426281164,15253426336301,15253429721529,3.572608,0.055137,3.385228,1920
live,394,15253436148921,15253436294158,15253436378063,15253441182318,5.033397,0.083905,4.804255,1920
live,395,15253446148921,15253446305872,15253446394001,15253450704777,4.555856,0.088129,4.310776,1920
live,396,15253456148921,15253456280786,15253456339730,15253459165367,3.016446,0.058944,2.825637,1920
live,397,15253466148921,15253466265587,15253466338900,15253470438377,4.289456,0.073313,4.099477,1920
live,398,15253476148921,15253476293845,15253476375926,15253480272361,4.12344,0.082081,3.896435,1920
live,399,15253486148921,15253486270199,15253486333079,15253489323486,3.174565,0.06288,2.990407,1920
live,400,15253496148921,15253496264248,15253496336281,15253502022403,5.873482,0.072033,5.686122,1920
live,401,15253506148921,15253506292346,15253506372123,15253510060235,3.911314,0.079777,3.688112,1920
live,402,15253516148921,15253516262748,15253516327165,15253519909163,3.760242,0.064417,3.581998,1920
live,403,15253526148921,15253526285502,15253526360319,15253530219825,4.070904,0.074817,3.859506,1920
live,404,15253536148921,15253536268063,15253536324288,15253539195717,3.046796,0.056225,2.871429,1920
live,405,15253546148921,15253546260257,15253546322274,15253550072114,3.923193,0.062017,3.74984,1920
live,406,15253556148921,15253556287875,15253556376964,15253560267223,4.118302,0.089089,3.890259,1920
live,407,15253566148921,15253566280357,15253566348101,15253569430125,3.281204,0.067744,3.082024,1920
live,408,15253576148921,15253576267302,15253576341159,15253580993219,4.844298,0.073857,4.65206,1920
live,409,15253586148921,15253586303272,15253586379497,15253590598368,4.449447,0.076225,4.218871,1920
live,410,15253596148921,15253596272874,15253596329546,15253599178991,3.03007,0.056672,2.849445,1920
live,411,15253606148921,15253606264459,15253606337068,15253610296415,4.147494,0.072609,3.959347,1920
live,412,15253616148921,15253616283181,15253616354958,15253620157183,4.008262,0.071777,3.802225,1920
live,413,15253626148921,15253626319791,15253626414641,15253629250485,3.101564,0.09485,2.835844,1920
live,414,15253636148921,15253636300625,15253636387282,15253640736554,4.587633,0.086657,4.349272,1920
live,415,15253646148921,15253646326387,15253646420244,15253650849198,4.700277,0.093857,4.428954,1920
live,416,15253656148921,15253656316468,15253656380245,15253660735438,4.586517,0.063777,4.355193,1920
live,417,15253666148921,15253666311126,15253666413047,15253671824542,5.675621,0.101921,5.411495,1920
live,418,15253676148921,15253676317912,15253676405241,15253681192535,5.043614,0.087329,4.787294,1920
live,419,15253686148921,15253686305497,15253686393083,15253690603889,4.454968,0.087586,4.210806,1920
live,420,15253696148921,15253696275803,15253696335420,15253700565458,4.416537,0.059617,4.230038,1920
live,421,15253706148921,15253706262908,15253706328829,15253710091982,3.943061,0.065921,3.763153,1920
live,422,15253716148921,15253716292766,15253716365055,15253720236050,4.087129,0.072289,3.870995,1920
live,423,15253726148921,15253726273760,15253726345217,15253729536522,3.387601,0.071457,3.191305,1920
live,424,15253736148921,15253736265986,15253736330754,15253740061715,3.912794,0.064768,3.730961,1920
live,425,15253746148921,15253746279331,15253746347940,15253749222954,3.074033,0.068609,2.875014,1920
live,426,15253756148921,15253756263397,15253756327686,15253760131287,3.982366,0.064289,3.803601,1920
live,427,15253766148921,15253766280999,15253766339848,15253769272046,3.123125,0.058849,2.932198,1920
live,428,15253776148921,15253776276553,15253776350442,15253779193902,3.044981,0.073889,2.84346,1920
live,429,15253786148921,15253786268138,15253786339947,15253790430336,4.281415,0.071809,4.090389,1920
live,430,15253796148921,15253796273772,15253796331885,15253799195794,3.046873,0.058113,2.863909,1920
live,431,15253806148921,15253806249645,15253806292462,15253810034718,3.885797,0.042817,3.742256,1920
live,432,15253816148921,15253816294032,15253816373201,15253823474285,7.325364,0.079169,7.101084,1920
live,433,15253826148921,15253826289681,15253826371666,15253829578140,3.429219,0.081985,3.206474,1920
live,434,15253836148921,15253836265715,15253836339476,15253840363464,4.214543,0.073761,4.023988,1920
live,435,15253846148921,15253846284917,15253846373398,15253850437707,4.288786,0.088481,4.064309,1920
live,436,15253856148921,15253856276950,15253856336055,15253859190460,3.041539,0.059105,2.854405,1920
live,437,15253866148921,15253866300120,15253866384281,15253871183960,5.035039,0.084161,4.799679,1920
live,438,15253876148921,15253876311162,15253876395707,15253882505611,6.35669,0.084545,6.109904,1920
live,439,15253886148921,15253886316092,15253886395581,15253889652199,3.503278,0.079489,3.256618,1920
live,440,15253896148921,15253896282461,15253896353278,15253901668515,5.519594,0.070817,5.315237,1920
live,441,15253906148921,15253906303199,15253906374016,15253909917358,3.768437,0.070817,3.543342,1920
live,442,15253916148921,15253916262976,15253916307873,15253919629548,3.480627,0.044897,3.321675,1920
live,443,15253926148921,15253926291235,15253926366499,15253930084020,3.935099,0.075264,3.717521,1920
live,444,15253936148921,15253936298180,15253936374629,15253939523054,3.374133,0.076449,3.148425,1920
live,445,15253946148921,15253946272678,15253946341159,15253950176888,4.027967,0.068481,3.835729,1920
live,446,15253956148921,15253956293384,15253956370121,15253959252270,3.103349,0.076737,2.882149,1920
live,447,15253966148921,15253966255529,15253966301130,15253970890117,4.741196,0.045601,4.588987,1920
live,448,15253976148921,15253976262155,15253976334444,15253982456347,6.307426,0.072289,6.121903,1920
live,449,15253986148921,15253986280877,15253986340013,15253989264723,3.115802,0.059136,2.92471,1920
live,450,15253996148921,15253996262670,15253996329935,15254000153057,4.004136,0.067265,3.823122,1920
live,451,15254006148921,15254006292368,15254006384081,15254010271492,4.122571,0.091713,3.887411,1920
live,452,15254016148921,15254016280306,15254016340371,15254019209400,3.060479,0.060065,2.869029,1920
live,453,15254026148921,15254026381877,15254026452214,15254030339528,4.190607,0.070337,3.887314,1920
live,454,15254036148921,15254036281077,15254036344982,15254039291548,3.142627,0.063905,2.946566,1920
live,455,15254046148921,15254046249623,15254046287671,15254049883686,3.734765,0.038048,3.596015,1920
live,456,15254056148921,15254056341209,15254056424699,15254062366184,6.217263,0.08349,5.941485,1920
live,457,15254066148921,15254066294395,15254066357563,15254069216064,3.067143,0.063168,2.858501,1920
live,458,15254076148921,15254076266140,15254076331741,15254081872549,5.723628,0.065601,5.540808,1920
live,459,15254086148921,15254086304638,15254086398879,15254090573397,4.424476,0.094241,4.174518,1920
live,460,15254096148921,15254096287232,15254096345216,15254100509046,4.360125,0.057984,4.16383,1920
live,461,15254106148921,15254106262465,15254106342402,15254110369878,4.220957,0.079937,4.027476,1920
live,462,15254116148921,15254116286275,15254116342404,15254119148424,2.999503,0.056129,2.80602,1920
live,463,15254126148921,15254126265828,15254126327493,15254129923476,3.774555,0.061665,3.595983,1920
live,464,15254136148921,15254136264966,15254136335687,15254141717389,5.568468,0.070721,5.381702,1920
live,465,15254146148921,15254146296264,15254146381385,15254150834339,4.685418,0.085121,4.452954,1920
live,466,15254156148921,15254156310474,15254156377035,15254159314865,3.165944,0.066561,2.93783,1920
live,467,15254166148921,15254166295852,15254166377133,15254170467554,4.318633,0.081281,4.090421,1920
live,468,15254176148921,15254176306221,15254176392751,15254183467594,7.318673,0.08653,7.074843,1920
live,469,15254186148921,15254186305871,15254186373712,15254189706971,3.55805,0.067841,3.333259,1920
live,470,15254196148921,15254196272560,15254196343921,15254200671626,4.522705,0.071361,4.327705,1920
live,471,15254206148921,15254206298259,15254206375476,15254210370759,4.221838,0.077217,3.995283,1920
live,472,15254216148921,15254216277204,15254216339509,15254219212826,3.063905,0.062305,2.873317,1920
live,473,15254226148921,15254226260789,15254226335638,15254231095476,4.946555,0.074849,4.759838,1920
live,474,15254236148921,15254236283287,15254236377113,15254240645552,4.496631,0.093826,4.268439,1920
live,475,15254246148921,15254246294681,15254246376186,15254250392302,4.243381,0.081505,4.016116,1920
live,476,15254256148921,15254256270331,15254256314971,15254259126976,2.978055,0.04464,2.812005,1920
live,477,15254266148921,15254266256700,15254266313789,15254270121710,3.972789,0.057089,3.807921,1920
live,478,15254276148921,15254276289598,15254276376192,15254280255986,4.107065,0.086594,3.879794,1920
live,479,15254286148921,15254286284128,15254286353857,15254289443177,3.294256,0.069729,3.08932,1920
live,480,15254296148921,15254296266722,15254296339298,15254302023052,5.874131,0.072576,5.683754,1920
live,481,15254306148921,15254306273507,15254306334756,15254309213385,3.064464,0.061249,2.878629,1920
live,482,15254316148921,15254316257157,15254316308357,15254319776530,3.627609,0.0512,3.468173,1920
live,483,15254326148921,15254326275303,15254326345128,15254330220698,4.071777,0.069825,3.87557,1920
live,484,15254336148921,15254336275336,15254336358858,15254339447826,3.298905,0.083522,3.088968,1920
live,485,15254346148921,15254346267242,15254346336779,15254350121212,3.972291,0.069537,3.784433,1920
live,486,15254356148921,15254356291724,15254356372237,15254360408194,4.259273,0.080513,4.035957,1920
live,487,15254366148921,15254366288110,15254366364911,15254370255201,4.10628,0.076801,3.89029,1920
live,488,15254376148921,15254376290928,15254376369201,15254379232662,3.083741,0.078273,2.863461,1920
live,489,15254386148921,15254386275601,15254386350802,15254390455623,4.306702,0.075201,4.104821,1920
live,490,15254396148921,15254396303347,15254396421717,15254403167020,7.018099,0.11837,6.745303,1920
live,491,15254406148921,15254406286997,15254406358326,15254409469566,3.320645,0.071329,3.11124,1920
live,492,15254416148921,15254416252310,15254416303863,15254419172188,3.023267,0.051553,2.868325,1920
live,493,15254426148921,15254426270808,15254426330489,15254430289164,4.140243,0.059681,3.958675,1920
live,494,15254436148921,15254436340250,15254436440540,15254441151545,5.002624,0.10029,4.711005,1920
live,495,15254446148921,15254446298716,15254446381597,15254449780649,3.631728,0.082881,3.399052,1920
live,496,15254456148921,15254456270141,15254456339230,15254460230640,4.081719,0.069089,3.89141,1920
live,497,15254466148921,15254466290591,15254466370464,15254470619671,4.47075,0.079873,4.249207,1920
live,498,15254476148921,15254476270304,15254476328225,15254479280519,3.131598,0.057921,2.952294,1920
live,499,15254486148921,15254486264898,15254486334883,15254490247030,4.098109,0.069985,3.912147,1920
live,500,15254496148921,15254496278340,15254496347493,15254500553851,4.40493,0.069153,4.206358,1920
live,501,15254506148921,15254506253189,15254506302374,15254510827041,4.67812,0.049185,4.524667,1920
live,502,15254516148921,15254516279751,15254516371497,15254520336444,4.187523,0.091746,3.964947,1920
live,503,15254526148921,15254526277161,15254526343786,15254529238863,3.089942,0.066625,2.895077,1920
live,504,15254536148921,15254536459309,15254536571759,15254540992104,4.843183,0.11245,4.420345,1920
live,505,15254546148921,15254546300461,15254546387822,15254550501475,4.352554,0.087361,4.113653,1920
live,506,15254556148921,15254556271502,15254556327695,15254559192308,3.043387,0.056193,2.864613,1920
live,507,15254566148921,15254566259024,15254566324912,15254570135970,3.987049,0.065888,3.811058,1920
live,508,15254576148921,15254576294930,15254576371315,15254579457211,3.30829,0.076385,3.085896,1920
live,509,15254586148921,15254586285619,15254586353812,15254590053028,3.904107,0.068193,3.699216,1920
live,510,15254596148921,15254596261941,15254596329014,15254602368260,6.219339,0.067073,6.039246,1920
live,511,15254606148921,15254606286007,15254606352920,15254609364575,3.215654,0.066913,3.011655,1920
live,512,15254616148921,15254616265112,15254616339161,15254620334349,4.185428,0.074049,3.995188,1920
live,513,15254626148921,15254626288890,15254626355131,15254630470513,4.321592,0.066241,4.115382,1920
live,514,15254636148921,15254636270204,15254636335069,15254640393457,4.244536,0.064865,4.058388,1920
live,515,15254646148921,15254646261277,15254646331902,15254650484020,4.335099,0.070625,4.152118,1920
live,516,15254656148921,15254656295615,15254656370208,15254660326228,4.177307,0.074593,3.95602,1920
live,517,15254666148921,15254666342274,15254666461507,15254670802044,4.653123,0.119233,4.340537,1920
live,518,15254676148921,15254676328323,15254676404644,15254679433772,3.284851,0.076321,3.029128,1920
live,519,15254686148921,15254686285348,15254686364902,15254692217905,6.068984,0.079554,5.853003,1920
live,520,15254696148921,15254696317127,15254696404264,15254702415030,6.266109,0.087137,6.010766,1920
live,521,15254706148921,15254706284872,15254706349001,15254709240334,3.091413,0.064129,2.891333,1920
live,522,15254716148921,15254716261353,15254716328714,15254719842744,3.693823,0.067361,3.51403,1920
live,523,15254726148921,15254726289163,15254726371820,15254730264543,4.115622,0.082657,3.892723,1920
live,524,15254736148921,15254736276877,15254736342510,15254739141394,2.992473,0.065633,2.798884,1920
live,525,15254746148921,15254746289487,15254746365616,15254750355396,4.206475,0.076129,3.98978,1920
live,526,15254756148921,15254756284912,15254756333969,15254759214390,3.065469,0.049057,2.880421,1920
live,527,15254766148921,15254766245330,15254766291378,15254770033347,3.884426,0.046048,3.741969,1920
live,528,15254776148921,15254776284628,15254776373653,15254780608652,4.459731,0.089025,4.234999,1920
live,529,15254786148921,15254786299382,15254786389271,15254790560653,4.411732,0.089889,4.171382,1920
live,530,15254796148921,15254796300919,15254796357784,15254799485889,3.336968,0.056865,3.128105,1920
live,531,15254806148921,15254806260249,15254806327994,15254811234969,5.086048,0.067745,4.906975,1920
live,532,15254816148921,15254816348956,15254816427197,15254822552780,6.403859,0.078241,6.125583,1920
live,533,15254826148921,15254826302045,15254826370814,15254829300836,3.151915,0.068769,2.930022,1920
live,534,15254836148921,15254836278110,15254836349599,15254840967323,4.818402,0.071489,4.617724,1920
live,535,15254846148921,15254846322688,15254846429346,15254850766682,4.617761,0.106658,4.337336,1920
live,536,15254856148921,15254856280065,15254856333794,15254859172743,3.023822,0.053729,2.838949,1920
live,537,15254866148921,15254866267107,15254866336804,15254870276151,4.12723,0.069697,3.939347,1920
live,538,15254876148921,15254876293189,15254876374950,15254879475054,3.326133,0.081761,3.100104,1920
live,539,15254886148921,15254886279431,15254886359400,15254889250189,3.101268,0.079969,2.890789,1920
live,540,15254896148921,15254896292617,15254896378890,15254903296483,7.147562,0.086273,6.917593,1920
live,541,15254906148921,15254906303946,15254906395660,15254910604674,4.455753,0.091714,4.209014,1920
live,542,15254916148921,15254916312780,15254916385613,15254919458101,3.30918,0.072833,3.072488,1920
live,543,15254926148921,15254926267053,15254926324494,15254929601913,3.452992,0.057441,3.277419,1920
live,544,15254936148921,15254936295631,15254936365040,15254940315044,4.166123,0.069409,3.950004,1920
live,545,15254946148921,15254946298161,15254946368978,15254949529915,3.380994,0.070817,3.160937,1920
live,546,15254956148921,15254956265330,15254956336659,15254960143717,3.994796,0.071329,3.807058,1920
live,547,15254966148921,15254966288948,15254966357749,15254969290939,3.142018,0.068801,2.93319,1920
live,548,15254976148921,15254976252086,15254976298870,15254979979078,3.830157,0.046784,3.680208,1920
live,549,15254986148921,15254986287000,15254986375737,15254990622128,4.473207,0.088737,4.246391,1920
live,550,15254996148921,15254996289818,15254996362554,15254999434562,3.285641,0.072736,3.072008,1920
live,551,15255006148921,15255006270107,15255006347228,15255010337072,4.188151,0.077121,3.989844,1920
live,552,15255016148921,15255016277469,15255016338878,15255019215651,3.06673,0.061409,2.876773,1920
live,553,15255026148921,15255026275678,15255026337567,15255029004546,2.855625,0.061889,2.666979,1920
live,554,15255036148921,15255036262368,15255036327073,15255041680550,5.531629,0.064705,5.353477,1920
live,555,15255046148921,15255046324131,15255046426116,15255052196751,6.04783,0.101985,5.770635,1920
live,556,15255056148921,15255056292356,15255056346405,15255059266218,3.117297,0.054049,2.919813,1920
live,557,15255066148921,15255066273797,15255066350086,15255070629854,4.480933,0.076289,4.279768,1920
live,558,15255076148921,15255076295655,15255076391176,15255079300910,3.151989,0.095521,2.909734,1920
live,559,15255086148921,15255086251720,15255086298345,15255089736246,3.587325,0.046625,3.437901,1920
live,560,15255096148921,15255096496109,15255096648527,15255103804812,7.655891,0.152418,7.156285,1920
live,561,15255106148921,15255106333005,15255106433006,15255110799431,4.65051,0.100001,4.366425,1920
live,562,15255116148921,15255116289326,15255116342287,15255119236852,3.087931,0.052961,2.894565,1920
live,563,15255126148921,15255126310960,15255126370897,15255130119169,3.970248,0.059937,3.748272,1920
live,564,15255136148921,15255136300754,15255136387667,15255141371347,5.222426,0.086913,4.98368,1920
live,565,15255146148921,15255146323316,15255146421109,15255152851848,6.702927,0.097793,6.430739,1920
live,566,15255156148921,15255156350166,15255156484695,15255162464389,6.315468,0.134529,5.979694,1920
live,567,15255166148921,15255166334903,15255166401720,15255169529537,3.380616,0.066817,3.127817,1920
live,568,15255176148921,15255176308728,15255176383257,15255180147626,3.998705,0.074529,3.764369,1920
live,569,15255186148921,15255186300346,15255186377371,15255190409487,4.260566,0.077025,4.032116,1920
live,570,15255196148921,15255196281820,15255196338524,15255199359587,3.210666,0.056704,3.021063,1920
live,571,15255206148921,15255206281373,15255206355102,15255210205840,4.056919,0.073729,3.850738,1920
live,572,15255216148921,15255216293311,15255216426209,15255222372590,6.223669,0.132898,5.946381,1920
live,573,15255226148921,15255226286465,15255226335393,15255229210887,3.061966,0.048928,2.875494,1920
live,574,15255236148921,15255236270210,15255236349283,15255240300502,4.151581,0.079073,3.951219,1920
live,575,15255246148921,15255246300548,15255246407622,15255250448122,4.299201,0.107074,4.0405,1920
live,576,15255256148921,15255256284742,15255256340486,15255259452527,3.303606,0.055744,3.112041,1920
live,577,15255266148921,15255266270087,15255266339720,15255270196890,4.047969,0.069633,3.85717,1920
live,578,15255276148921,15255276293353,15255276352138,15255279225359,3.076438,0.058785,2.873221,1920
live,579,15255286148921,15255286253930,15255286301771,15255289983227,3.834306,0.047841,3.681456,1920
live,580,15255296148921,15255296287693,15255296365134,15255305093343,8.944422,0.077441,8.728209,1920
live,581,15255306148921,15255306292910,15255306363567,15255309544121,3.3952,0.070657,3.180554,1920
live,582,15255316148921,15255316258000,15255316309840,15255319694588,3.545667,0.05184,3.384748,1920
live,583,15255326148921,15255326267409,15255326318706,15255330180804,4.031883,0.051297,3.862098,1920
live,584,15255336148921,15255336271379,15255336327092,15255339222329,3.073408,0.055713,2.895237,1920
live,585,15255346148921,15255346268693,15255346345846,15255350368042,4.219121,0.077153,4.022196,1920
live,586,15255356148921,15255356295639,15255356384920,15255363178160,7.029239,0.089281,6.79324,1920
live,587,15255366148921,15255366310777,15255366377306,15255369737765,3.588844,0.066529,3.360459,1920
live,588,15255376148921,15255376296858,15255376612862,15255379819784,3.670863,0.316004,3.206922,1920
live,589,15255386148921,15255386287804,15255386589760,15255391521408,5.372487,0.301956,4.931648,1920
live,590,15255396148921,15255396336222,15255396731779,15255401684484,5.535563,0.395557,4.952705,1920
live,591,15255406148921,15255406312736,15255406665444,15255412265101,6.11618,0.352708,5.599657,1920
live,592,15255416148921,15255416310305,15255416386914,15255419979889,3.830968,0.076609,3.592975,1920
live,593,15255426148921,15255426294659,15255426372388,15255430371064,4.222143,0.077729,3.998676,1920
live,594,15255436148921,15255436277220,15255436336773,15255439231723,3.082802,0.059553,2.89495,1920
live,595,15255446148921,15255446271846,15255446557994,15255450324155,4.175234,0.286148,3.766161,1920
live,596,15255456148921,15255456287496,15255456363145,15255459522066,3.373145,0.075649,3.158921,1920
live,597,15255466148921,15255466267305,15255466536269,15255470258429,4.109508,0.268964,3.72216,1920
live,598,15255476148921,15255476288107,15255476365292,15255480303103,4.154182,0.077185,3.937811,1920
live,599,15255486148921,15255486277293,15255486336686,15255489275060,3.126139,0.059393,2.938374,1920
live,600,15255496148921,15255496275375,15255496567410,15255502203291,6.05437,0.292035,5.635881,1920
live,601,15255506148921,15255506457139,15255506552500,15255510045793,3.896872,0.095361,3.493293,1920
live,602,15255516148921,15255516271282,15255516344115,15255519860416,3.711495,0.072833,3.516301,1920
live,603,15255526148921,15255526321524,15255526705017,15255530739758,4.590837,0.383493,4.034741,1920
live,604,15255536148921,15255536275957,15255536348886,15255539806531,3.65761,0.072929,3.457645,1920
live,605,15255546148921,15255546275895,15255546572571,15255550656688,4.507767,0.296676,4.084117,1920
live,606,15255556148921,15255556277465,15255556345850,15255560898453,4.749532,0.068385,4.552603,1920
live,607,15255566148921,15255566265594,15255566334779,15255570231342,4.082421,0.069185,3.896563,1920
live,608,15255576148921,15255576307389,15255576648545,15255580924472,4.775551,0.341156,4.275927,1920
live,609,15255586148921,15255586294814,15255586366879,15255590239665,4.090744,0.072065,3.872786,1920
live,610,15255596148921,15255596313152,15255596380641,15255599291079,3.142158,0.067489,2.910438,1920
live,611,15255606148921,15255606259297,15255606523076,15255611402212,5.253291,0.263779,4.879136,1920
live,612,15255616148921,15255616327908,15255616431461,15255620828446,4.679525,0.103553,4.396985,1920
live,613,15255626148921,15255626336997,15255626443207,15255630636029,4.487108,0.10621,4.192822,1920
live,614,15255636148921,15255636322759,15255636403336,15255639567953,3.419032,0.080577,3.164617,1920
live,615,15255646148921,15255646287624,15255646356905,15255649981656,3.832735,0.069281,3.624751,1920
live,616,15255656148921,15255656322090,15255656420844,15255661894163,5.745242,0.098754,5.473319,1920
live,617,15255666148921,15255666308236,15255666373677,15255669819609,3.670688,0.065441,3.445932,1920
live,618,15255676148921,15255676258765,15255676309550,15255679562136,3.413215,0.050785,3.252586,1920
live,619,15255686148921,15255686287535,15255686365744,15255690559046,4.410125,0.078209,4.193302,1920
live,620,15255696148921,15255696273489,15255696329041,15255700531944,4.383023,0.055552,4.202903,1920
live,621,15255706148921,15255706262482,15255706330099,15255710239430,4.090509,0.067617,3.909331,1920
live,622,15255716148921,15255716302548,15255716699129,15255721248725,5.099804,0.396581,4.549596,1920
live,623,15255726148921,15255726276790,15255726334134,15255729376638,3.227717,0.057344,3.042504,1920
live,624,15255736148921,15255736277847,15255736580763,15255740606000,4.457079,0.302916,4.025237,1920
live,625,15255746148921,15255746284665,15255746362650,15255750040522,3.891601,0.077985,3.677872,1920
live,626,15255756148921,15255756280251,15255756577727,15255760298639,4.149718,0.297476,3.720912,1920
live,627,15255766148921,15255766299741,15255766397502,15255772544846,6.395925,0.097761,6.147344,1920
live,628,15255776148921,15255776290174,15255776372767,15255780648119,4.499198,0.082593,4.275352,1920
live,629,15255786148921,15255786322369,15255786673157,15255789877487,3.728566,0.350788,3.20433,1920
live,630,15255796148921,15255796264929,15255796336066,15255800333622,4.184701,0.071137,3.997556,1920
live,631,15255806148921,15255806282147,15255806364036,15255810320344,4.171423,0.081889,3.956308,1920
live,632,15255816148921,15255816278853,15255816359526,15255819521423,3.372502,0.080673,3.161897,1920
live,633,15255826148921,15255826263591,15255826328903,15255830133529,3.984608,0.065312,3.804626,1920
live,634,15255836148921,15255836272392,15255836330537,15255839272591,3.12367,0.058145,2.942054,1920
live,635,15255846148921,15255846254954,15255846302314,15255849812856,3.663935,0.04736,3.510542,1920
live,636,15255856148921,15255856285196,15255856364685,15255861004425,4.855504,0.079489,4.63974,1920
live,637,15255866148921,15255866289166,15255866393295,15255872753890,6.604969,0.104129,6.360595,1920
live,638,15255876148921,15255876288623,15255876353360,15255880058208,3.909287,0.064737,3.704848,1920
live,639,15255886148921,15255886325874,15255886411443,15255889431290,3.282369,0.085569,3.019847,1920
live,640,15255896148921,15255896292979,15255896375508,15255902307393,6.158472,0.082529,5.931885,1920
live,641,15255906148921,15255906394934,15255906911709,15255911273301,5.12438,0.516775,4.361592,1920
live,642,15255916148921,15255916294358,15255916371607,15255919865573,3.716652,0.077249,3.493966,1920
live,643,15255926148921,15255926254007,15255926305176,15255929390592,3.241671,0.051169,3.085416,1920
live,644,15255936148921,15255936285018,15255936357915,15255940302574,4.153653,0.072897,3.944659,1920
live,645,15255946148921,15255946277019,15255946337820,15255949273314,3.124393,0.060801,2.935494,1920
live,646,15255956148921,15255956269629,15255956339294,15255960920377,4.771456,0.069665,4.581083,1920
live,647,15255966148921,15255966485697,15255966581955,15255971278399,5.129478,0.096258,4.696444,1920
live,648,15255976148921,15255976283168,15255976346977,15255979228391,3.07947,0.063809,2.881414,1920
live,649,15255986148921,15255986256066,15255986321091,15255990565210,4.416289,0.065025,4.244119,1920
live,650,15255996148921,15255996292452,15255996384037,15256001730954,5.582033,0.091585,5.346917,1920
live,651,15256006148921,15256006287718,15256006388615,15256010540253,4.391332,0.100897,4.151638,1920
live,652,15256016148921,15256016279527,15256016339400,15256020045016,3.896095,0.059873,3.705616,1920
live,653,15256026148921,15256026270057,15256026351242,15256031570285,5.421364,0.081185,5.219043,1920
live,654,15256036148921,15256036298027,15256036378252,15256040609283,4.460362,0.080225,4.231031,1920
live,655,15256046148921,15256046296844,15256046358381,15256050272192,4.123271,0.061537,3.913811,1920
live,656,15256056148921,15256056262670,15256056324046,15256059135155,2.986234,0.061376,2.811109,1920
live,657,15256066148921,15256066255599,15256066314576,15256070848779,4.699858,0.058977,4.534203,1920
live,658,15256076148921,15256076303762,15256076390195,15256079494715,3.345794,0.086433,3.10452,1920
live,659,15256086148921,15256086281747,15256086337108,15256089219801,3.07088,0.055361,2.882693,1920
live,660,15256096148921,15256096256596,15256096311509,15256102079008,5.930087,0.054913,5.767499,1920
live,661,15256106148921,15256106280726,15256106340279,15256109211484,3.062563,0.059553,2.871205,1920
live,662,15256116148921,15256116252376,15256116312696,15256120362605,4.213684,0.06032,4.049909,1920
live,663,15256126148921,15256126272282,15256126569854,15256134405123,8.256202,0.297572,7.835269,1920
live,664,15256136148921,15256136302940,15256136677889,15256140128397,3.979476,0.374949,3.450508,1920
live,665,15256146148921,15256146307710,15256146374462,15256149422822,3.273901,0.066752,3.04836,1920
live,666,15256156148921,15256156288191,15256156364896,15256160082608,3.933687,0.076705,3.717712,1920
live,667,15256166148921,15256166296385,15256166357122,15256169327848,3.178927,0.060737,2.970726,1920
live,668,15256176148921,15256176281794,15256176576166,15256181455493,5.306572,0.294372,4.879327,1920
live,669,15256186148921,15256186326245,15256186422822,15256190769726,4.620805,0.096577,4.346904,1920
live,670,15256196148921,15256196319942,15256196405287,15256202075985,5.927064,0.085345,5.670698,1920
live,671,15256206148921,15256206293288,15256206370089,15256210347388,4.198467,0.076801,3.977299,1920
live,672,15256216148921,15256216278441,15256216345706,15256220153499,4.004578,0.067265,3.807793,1920
live,673,15256226148921,15256226301195,15256226397900,15256230712612,4.563691,0.096705,4.314712,1920
live,674,15256236148921,15256236286861,15256236344877,15256239255763,3.106842,0.058016,2.910886,1920
live,675,15256246148921,15256246256750,15256246316367,15256249825596,3.676675,0.059617,3.509229,1920
live,676,15256256148921,15256256280784,15256256353649,15256260336548,4.187627,0.072865,3.982899,1920
live,677,15256266148921,15256266268465,15256266348626,15256270263877,4.114956,0.080161,3.915251,1920
live,678,15256276148921,15256276292851,15256276383253,15256280708813,4.559892,0.090402,4.32556,1920
live,679,15256286148921,15256286330038,15256286726203,15256291168084,5.019163,0.396165,4.441881,1920
live,680,15256296148921,15256296274231,15256296331063,15256300543214,4.394293,0.056832,4.212151,1920
live,681,15256306148921,15256306262360,15256306329081,15256310091274,3.942353,0.066721,3.762193,1920
live,682,15256316148921,15256316296410,15256316375035,15256320469584,4.320663,0.078625,4.094549,1920
live,683,15256326148921,15256326283484,15256326356637,15256329490821,3.3419,0.073153,3.134184,1920
live,684,15256336148921,15256336267357,15256336339614,15256342663600,6.514679,0.072257,6.323986,1920
live,685,15256346148921,15256346355616,15256346450113,15256351592516,5.443595,0.094497,5.142403,1920
live,686,15256356148921,15256356313761,15256356392674,15256360597593,4.448672,0.078913,4.204919,1920
live,687,15256366148921,15256366295395,15256366385252,15256370350935,4.202014,0.089857,3.965683,1920
live,688,15256376148921,15256376279396,15256376363269,15256379521614,3.372693,0.083873,3.158345,1920
live,689,15256386148921,15256386257766,15256386314502,15256390146584,3.997663,0.056736,3.832082,1920
live,690,15256396148921,15256396285672,15256396368937,15256402041202,5.892281,0.083265,5.672265,1920
live,691,15256406148921,15256406298889,15256406394475,15256410798916,4.649995,0.095586,4.404441,1920
live,692,15256416148921,15256416283563,15256416354476,15256419406676,3.257755,0.070913,3.0522,1920
live,693,15256426148921,15256426273485,15256426351246,15256429470806,3.321885,0.077761,3.11956,1920
live,694,15256436148921,15256436294223,15256436374672,15256440765161,4.61624,0.080449,4.390489,1920
live,695,15256446148921,15256446334257,15256446442834,15256450833931,4.68501,0.108577,4.391097,1920
live,696,15256456148921,15256456299442,15256456371155,15256459518268,3.369347,0.071713,3.147113,1920
live,697,15256466148921,15256466262099,15256466329172,15256470395625,4.246704,0.067073,4.066453,1920
live,698,15256476148921,15256476305397,15256476441463,15256481194869,5.045948,0.136066,4.753406,1920
live,699,15256486148921,15256486298583,15256486391608,15256490415308,4.266387,0.093025,4.0237,1920
live,700,15256496148921,15256496275384,15256496330585,15256500504527,4.355606,0.055201,4.173942,1920
live,701,15256506148921,15256506257338,15256506321275,15256509938474,3.789553,0.063937,3.617199,1920
live,702,15256516148921,15256516282876,15256516356765,15256520273808,4.124887,0.073889,3.917043,1920
live,703,15256526148921,15256526270557,15256526329662,15256529859020,3.710099,0.059105,3.529358,1920
live,704,15256536148921,15256536263007,15256536334784,15256540128305,3.979384,0.071777,3.793521,1920
live,705,15256546148921,15256546280161,15256546337570,15256549240231,3.09131,0.057409,2.902661,1920
live,706,15256556148921,15256556259074,15256556326851,15256560153813,4.004892,0.067777,3.826962,1920
live,707,15256566148921,15256566297989,15256566386086,15256570295960,4.147039,0.088097,3.909874,1920
live,708,15256576148921,15256576273894,15256576331463,15256579749075,3.600154,0.057569,3.417612,1920
live,709,15256586148921,15256586262632,15256586335913,15256590114618,3.965697,0.073281,3.778705,1920
live,710,15256596148921,15256596298538,15256596416587,15256602893695,6.744774,0.118049,6.477108,1920
live,711,15256606148921,15256606283275,15256606340012,15256609229905,3.080984,0.056737,2.889893,1920
live,712,15256616148921,15256616257869,15256616322285,15256620074174,3.925253,0.064416,3.751889,1920
live,713,15256626148921,15256626269518,15256626329839,15256629240309,3.091388,0.060321,2.91047,1920
live,714,15256636148921,15256636270960,15256636338257,15256639421401,3.27248,0.067297,3.083144,1920
live,715,15256646148921,15256646262546,15256646328403,15256650497289,4.348368,0.065857,4.168886,1920
live,716,15256656148921,15256656266547,15256656341876,15256659288795,3.139874,0.075329,2.946919,1920
live,717,15256666148921,15256666261877,15256666339542,15256670665198,4.516277,0.077665,4.325656,1920
live,718,15256676148921,15256676300023,15256676390904,15256682395142,6.246221,0.090881,6.004238,1920
live,719,15256686148921,15256686367162,15256686497212,15256691023990,4.875069,0.13005,4.526778,1920
live,720,15256696148921,15256696306267,15256696560318,15256701137337,4.988416,0.254051,4.577019,1920
live,721,15256706148921,15256706298140,15256706376509,15256709983372,3.834451,0.078369,3.606863,1920
live,722,15256716148921,15256716313566,15256716413408,15256720053999,3.905078,0.099842,3.640591,1920
live,723,15256726148921,15256726293280,15256726372769,15256729683148,3.534227,0.079489,3.310379,1920
live,724,15256736148921,15256736264769,15256736333730,15256739938385,3.789464,0.068961,3.604655,1920
live,725,15256746148921,15256746285411,15256746367716,15256749266186,3.117265,0.082305,2.89847,1920
live,726,15256756148921,15256756261860,15256756325573,15256759806930,3.658009,0.063713,3.481357,1920
live,727,15256766148921,15256766289510,15256766382888,15256770057559,3.908638,0.093378,3.674671,1920
live,728,15256776148921,15256776284008,15256776365993,15256779793046,3.644125,0.081985,3.427053,1920
live,729,15256786148921,15256786263721,15256786331850,15256791216330,5.067409,0.068129,4.88448,1920
live,730,15256796148921,15256796297164,15256796387885,15256801716114,5.567193,0.090721,5.328229,1920
live,731,15256806148921,15256806298925,15256806403279,15256810542212,4.393291,0.104354,4.138933,1920
live,732,15256816148921,15256816284143,15256816349584,15256819436696,3.287775,0.065441,3.087112,1920
live,733,15256826148921,15256826253232,15256826301873,15256830254788,4.105867,0.048641,3.952915,1920
live,734,15256836148921,15256836289010,15256836396212,15256842575108,6.426187,0.107202,6.178896,1920
live,735,15256846148921,15256846288564,15256846364693,15256849296987,3.148066,0.076129,2.932294,1920
live,736,15256856148921,15256856266613,15256856361175,15256861571962,5.423041,0.094562,5.210787,1920
live,737,15256866148921,15256866293559,15256866383033,15256870717585,4.568664,0.089474,4.334552,1920
live,738,15256876148921,15256876274649,15256876338362,15256879131678,2.982757,0.063713,2.793316,1920
live,739,15256886148921,15256886268123,15256886350940,15256890787733,4.638812,0.082817,4.436793,1920
live,740,15256896148921,15256896280156,15256896351389,15256900588852,4.439931,0.071233,4.237463,1920
live,741,15256906148921,15256906257118,15256906308734,15256909093347,2.944426,0.051616,2.784613,1920
live,742,15256916148921,15256916261023,15256916333632,15256920254003,4.105082,0.072609,3.920371,1920
live,743,15256926148921,15256926297442,15256926384995,15256930445975,4.297054,0.087553,4.06098,1920
live,744,15256936148921,15256936284547,15256936367588,15256939465708,3.316787,0.083041,3.09812,1920
live,745,15256946148921,15256946275685,15256946360838,15256950435515,4.286594,0.085153,4.074677,1920
live,746,15256956148921,15256956303239,15256956394920,15256959265421,3.1165,0.091681,2.870501,1920
live,747,15256966148921,15256966255496,15256966303657,15256969794998,3.646077,0.048161,3.491341,1920
live,748,15256976148921,15256976263754,15256976337963,15256980545025,4.396104,0.074209,4.207062,1920
live,749,15256986148921,15256986295532,15256986407789,15256990732229,4.583308,0.112257,4.32444,1920
live,750,15256996148921,15256996283853,15256996351022,15256999242708,3.093787,0.067169,2.891686,1920
live,751,15257006148921,15257006268143,15257006343120,15257010376900,4.227979,0.074977,4.03378,1920
live,752,15257016148921,15257016283313,15257016355314,15257019238775,3.089854,0.072001,2.883461,1920
live,753,15257026148921,15257026280370,15257026356371,15257029088695,2.939774,0.076001,2.732324,1920
live,754,15257036148921,15257036367509,15257036511127,15257043170125,7.021204,0.143618,6.658998,1920
live,755,15257046148921,15257046305078,15257046400279,15257052165666,6.016745,0.095201,5.765387,1920
live,756,15257056148921,15257056285720,15257056348664,15257059391360,3.242439,0.062944,3.042696,1920
live,757,15257066148921,15257066258937,15257066325370,15257071465340,5.316419,0.066433,5.13997,1920
live,758,15257076148921,15257076301179,15257076394812,15257080962808,4.813887,0.093633,4.567996,1920
live,759,15257086148921,15257086281373,15257086361310,15257090009901,3.86098,0.079937,3.648591,1920
live,760,15257096148921,15257096263998,15257096337791,15257101790054,5.641133,0.073793,5.452263,1920
live,761,15257106148921,15257106358977,15257106465378,15257110492118,4.343197,0.106401,4.02674,1920
live,762,15257116148921,15257116296162,15257116356707,15257120274197,4.125276,0.060545,3.91749,1920
live,763,15257126148921,15257126298723,15257126377413,15257130387929,4.239008,0.07869,4.010516,1920
live,764,15257136148921,15257136298085,15257136394150,15257142422421,6.2735,0.096065,6.028271,1920
live,765,15257146148921,15257146313415,15257146429321,15257152513591,6.36467,0.115906,6.08427,1920
live,766,15257156148921,15257156307273,15257156408394,15257163597735,7.448814,0.101121,7.189341,1920
live,767,15257166148921,15257166324939,15257166437516,15257170972967,4.824046,0.112577,4.535451,1920
live,768,15257176148921,15257176276204,15257176342957,15257179987580,3.838659,0.066753,3.644623,1920
live,769,15257186148921,15257186272013,15257186348462,15257191500369,5.351448,0.076449,5.151907,1920
live,770,15257196148921,15257196295087,15257196389168,15257202421407,6.272486,0.094081,6.032239,1920
live,771,15257206148921,15257206298577,15257206379282,15257210161251,4.01233,0.080705,3.781969,1920
live,772,15257216148921,15257216265490,15257216344307,15257219963650,3.814729,0.078817,3.619343,1920
live,773,15257226148921,15257226289044,15257226373909,15257230417962,4.269041,0.084865,4.044053,1920
live,774,15257236148921,15257236285110,15257236362807,15257240469772,4.320851,0.077697,4.106965,1920
live,775,15257246148921,15257246259319,15257246332248,15257251208407,5.059486,0.072929,4.876159,1920
live,776,15257256148921,15257256300793,15257256403259,15257264257921,8.109,0.102466,7.854662,1920
live,777,15257266148921,15257266281339,15257266358748,15257269398947,3.250026,0.077409,3.040199,1920
live,778,15257276148921,15257276250812,15257276299837,15257280190863,4.041942,0.049025,3.891026,1920
live,779,15257286148921,15257286295262,15257286388704,15257291469346,5.320425,0.093442,5.080642,1920
live,780,15257296148921,15257296291200,15257296358625,15257300832475,4.683554,0.067425,4.47385,1920
live,781,15257306148921,15257306263105,15257306339010,15257310099251,3.95033,0.075905,3.760241,1920
live,782,15257316148921,15257316295524,15257316402917,15257320374744,4.225823,0.107393,3.971827,1920
live,783,15257326148921,15257326292741,15257326371238,15257329963605,3.814684,0.078497,3.592367,1920
live,784,15257336148921,15257336264583,15257336339911,15257340914339,4.765418,0.075328,4.574428,1920
live,785,15257346148921,15257346284584,15257346364137,15257349596147,3.447226,0.079553,3.23201,1920
live,786,15257356148921,15257356271850,15257356355947,15257360204061,4.05514,0.084097,3.848114,1920
live,787,15257366148921,15257366296460,15257366386317,15257370541059,4.392138,0.089857,4.154742,1920
live,788,15257376148921,15257376281677,15257376359662,15257380033694,3.884773,0.077985,3.674032,1920
live,789,15257386148921,15257386263695,15257386329904,15257391086573,4.937652,0.066209,4.756669,1920
live,790,15257396148921,15257396265393,15257396337106,15257401813401,5.66448,0.071713,5.476295,1920
live,791,15257406148921,15257406350291,15257406463349,15257410415592,4.266671,0.113058,3.952243,1920
live,792,15257416148921,15257416277652,15257416352757,15257419968356,3.819435,0.075105,3.615599,1920
live,793,15257426148921,15257426310038,15257426398967,15257430374987,4.226066,0.088929,3.97602,1920
live,794,15257436148921,15257436264823,15257436330616,15257440239627,4.090706,0.065793,3.909011,1920
live,795,15257446148921,15257446295641,15257446392795,15257455152012,9.003091,0.097154,8.759217,1920
live,796,15257456148921,15257456317563,15257456397596,15257459609894,3.460973,0.080033,3.212298,1920
live,797,15257466148921,15257466307389,15257466381502,15257469411621,3.2627,0.074113,3.030119,1920
live,798,15257476148921,15257476286494,15257476583714,15257481775430,5.626509,0.29722,5.191716,1920
live,799,15257486148921,15257486293568,15257486384481,15257490633176,4.484255,0.090913,4.248695,1920
live,800,15257496148921,15257496281922,15257496353891,15257500808572,4.659651,0.071969,4.454681,1920
live,801,15257506148921,15257506262819,15257506320772,15257510107669,3.958748,0.057953,3.786897,1920
live,802,15257516148921,15257516283717,15257516363974,15257520174296,4.025375,0.080257,3.810322,1920
live,803,15257526148921,15257526273031,15257526337800,15257529300398,3.151477,0.064769,2.962598,1920
live,804,15257536148921,15257536263560,15257536336233,15257540324989,4.176068,0.072673,3.988756,1920
live,805,15257546148921,15257546419500,15257546530541,15257551183466,5.034545,0.111041,4.652925,1920
live,806,15257556148921,15257556288460,15257556355405,15257559239698,3.090777,0.066945,2.884293,1920
live,807,15257566148921,15257566246445,15257566292622,15257570119487,3.970566,0.046177,3.826865,1920
live,808,15257576148921,15257576287855,15257576361840,15257580357476,4.208555,0.073985,3.995636,1920
live,809,15257586148921,15257586271505,15257586333234,15257589216599,3.067678,0.061729,2.883365,1920
live,810,15257596148921,15257596260818,15257596322643,15257600980880,4.831959,0.061825,4.658237,1920
live,811,15257606148921,15257606289748,15257606383286,15257610416298,4.267377,0.093538,4.033012,1920
live,812,15257616148921,15257616272182,15257616326135,15257619160923,3.012002,0.053953,2.834788,1920
live,813,15257626148921,15257626263895,15257626319256,15257630153450,4.004529,0.055361,3.834194,1920
live,814,15257636148921,15257636272985,15257636327226,15257639134590,2.985669,0.054241,2.807364,1920
live,815,15257646148921,15257646247003,15257646291835,15257649651015,3.502094,0.044832,3.35918,1920
live,816,15257656148921,15257656293213,15257656385054,15257661426719,5.277798,0.091841,5.041665,1920
live,817,15257666148921,15257666663843,15257666789125,15257671132125,4.983204,0.125282,4.343,1920
live,818,15257676148921,15257676331105,15257676443650,15257682367887,6.218966,0.112545,5.924237,1920
live,819,15257686148921,15257686286018,15257686346051,15257689309737,3.160816,0.060033,2.963686,1920
live,820,15257696148921,15257696268867,15257696350660,15257704669040,8.520119,0.081793,8.31838,1920
live,821,15257706148921,15257706343718,15257706444487,15257710566077,4.417156,0.100769,4.12159,1920
live,822,15257716148921,15257716280487,15257716337640,15257719227565,3.078644,0.057153,2.889925,1920
live,823,15257726148921,15257726258600,15257726323241,15257729866903,3.717982,0.064641,3.543662,1920
live,824,15257736148921,15257736291722,15257736369579,15257739252401,3.10348,0.077857,2.882822,1920
live,825,15257746148921,15257746249580,15257746297452,15257749467701,3.31878,0.047872,3.170249,1920
live,826,15257756148921,15257756304014,15257756397391,15257760822121,4.6732,0.093377,4.42473,1920
live,827,15257766148921,15257766294543,15257766387345,15257770553127,4.404206,0.092802,4.165782,1920
live,828,15257776148921,15257776271409,15257776319058,15257779172695,3.023774,0.047649,2.853637,1920
live,829,15257786148921,15257786250674,15257786301395,15257790205926,4.057005,0.050721,3.904531,1920
live,830,15257796148921,15257796288597,15257796369110,15257802855402,6.706481,0.080513,6.486292,1920
live,831,15257806148921,15257806294582,15257806363959,15257809571137,3.422216,0.069377,3.207178,1920
live,832,15257816148921,15257816271256,15257816348025,15257823633847,7.484926,0.076769,7.285822,1920
live,833,15257826148921,15257826305754,15257826390075,15257830785684,4.636763,0.084321,4.395609,1920
live,834,15257836148921,15257836296987,15257836373596,15257842458699,6.309778,0.076609,6.085103,1920
live,835,15257846148921,15257846273949,15257846331069,15257849243587,3.094666,0.05712,2.912518,1920
live,836,15257856148921,15257856283359,15257856368064,15257860690712,4.541791,0.084705,4.322648,1920
live,837,15257866148921,15257866358337,15257866443234,15257870750298,4.601377,0.084897,4.307064,1920
live,838,15257876148921,15257876293410,15257876351971,15257879205544,3.056623,0.058561,2.853573,1920
live,839,15257886148921,15257886269699,15257886344100,15257891129154,4.980233,0.074401,4.785054,1920
live,840,15257896148921,15257896291717,15257896393127,15257902394389,6.245468,0.10141,6.001262,1920
live,841,15257906148921,15257906306279,15257906375720,15257909524593,3.375672,0.069441,3.148873,1920
live,842,15257916148921,15257916255336,15257916301449,15257919794390,3.645469,0.046113,3.492941,1920
live,843,15257926148921,15257926262026,15257926330795,15257930489089,4.340168,0.068769,4.158294,1920
live,844,15257936148921,15257936293324,15257936379309,15257941548752,5.399831,0.085985,5.169443,1920
live,845,15257946148921,15257946315630,15257946389615,15257949500919,3.351998,0.073985,3.111304,1920
live,846,15257956148921,15257956288080,15257956372721,15257961373041,5.22412,0.084641,5.00032,1920
live,847,15257966148921,15257966299601,15257966359506,15257970264709,4.115788,0.059905,3.905203,1920
live,848,15257976148921,15257976274483,15257976335507,15257979217689,3.068768,0.061024,2.882182,1920
live,849,15257986148921,15257986262900,15257986336021,15257990306857,4.157936,0.073121,3.970836,1920
live,850,15257996148921,15257996271318,15257996325495,15257999157115,3.008194,0.054177,2.83162,1920
live,851,15258006148921,15258006392025,15258006648861,15258011929793,5.780872,0.256836,5.280932,1920
live,852,15258016148921,15258016316186,15258016482492,15258020746867,4.597946,0.166306,4.264375,1920
live,853,15258026148921,15258026367484,15258026434653,15258030290703,4.141782,0.067169,3.85605,1920
live,854,15258036148921,15258036279901,15258036342366,15258039194915,3.045994,0.062465,2.852549,1920
live,855,15258046148921,15258046274750,15258046341343,15258050105552,3.956631,0.066593,3.764209,1920
live,856,15258056148921,15258056291392,15258056364769,15258061302401,5.15348,0.073377,4.937632,1920
live,857,15258066148921,15258066292834,15258066351811,15258069312265,3.163344,0.058977,2.960454,1920
live,858,15258076148921,15258076264963,15258076324804,15258080078965,3.930044,0.059841,3.754161,1920
live,859,15258086148921,15258086288261,15258086429127,15258090451163,4.302242,0.140866,4.022036,1920
live,860,15258096148921,15258096276423,15258096330280,15258100403676,4.254755,0.053857,4.073396,1920
live,861,15258106148921,15258106269192,15258106348138,15258111488268,5.339347,0.078946,5.14013,1920
live,862,15258116148921,15258116300779,15258116389548,15258122420922,6.272001,0.088769,6.031374,1920
live,863,15258126148921,15258126294892,15258126361389,15258130060541,3.91162,0.066497,3.699152,1920
live,864,15258136148921,15258136267310,15258136317038,15258139814748,3.665827,0.049728,3.49771,1920
live,865,15258146148921,15258146285039,15258146354384,15258152064730,5.915809,0.069345,5.710346,1920
live,866,15258156148921,15258156284305,15258156340114,15258159365177,3.216256,0.055809,3.025063,1920
live,867,15258166148921,15258166287795,15258166358644,15258169104951,2.95603,0.070849,2.746307,1920
live,868,15258176148921,15258176276404,15258176353141,15258182236994,6.088073,0.076737,5.883853,1920
live,869,15258186148921,15258186327415,15258186457048,15258192687273,6.538352,0.129633,6.230225,1920
live,870,15258196148921,15258196508955,15258196596764,15258202755788,6.606867,0.087809,6.159024,1920
live,871,15258206148921,15258206288858,15258206346522,15258209236608,3.087687,0.057664,2.890086,1920
live,872,15258216148921,15258216275611,15258216359228,15258220547378,4.398457,0.083617,4.18815,1920
live,873,15258226148921,15258226305501,15258226388894,15258230779831,4.63091,0.083393,4.390937,1920
live,874,15258236148921,15258236284863,15258236332799,15258239218053,3.069132,0.047936,2.885254,1920
live,875,15258246148921,15258246277792,15258246333313,15258250648985,4.500064,0.055521,4.315672,1920
live,876,15258256148921,15258256289314,15258256365347,15258260783164,4.634243,0.076033,4.417817,1920
live,877,15258266148921,15258266295812,15258266379877,15258272719543,6.570622,0.084065,6.339666,1920
live,878,15258276148921,15258276290949,15258276359142,15258279321453,3.172532,0.068193,2.962311,1920
live,879,15258286148921,15258286273607,15258286349928,15258291304936,5.156015,0.076321,4.955008,1920
live,880,15258296148921,15258296291721,15258296375498,15258302357239,6.208318,0.083777,5.981741,1920
live,881,15258306148921,15258306280618,15258306329771,15258309181744,3.032823,0.049153,2.851973,1920
live,882,15258316148921,15258316266796,15258316344589,15258320607588,4.458667,0.077793,4.262999,1920
live,883,15258326148921,15258326320014,15258326386095,15258330642950,4.494029,0.066081,4.256855,1920
live,884,15258336148921,15258336276431,15258336330768,15258339257910,3.108989,0.054337,2.927142,1920
live,885,15258346148921,15258346271473,15258346342738,15258350137891,3.98897,0.071265,3.795153,1920
live,886,15258356148921,15258356293203,15258356362036,15258360286535,4.137614,0.068833,3.924499,1920
live,887,15258366148921,15258366279828,15258366339765,15258369499838,3.350917,0.059937,3.160073,1920
live,888,15258376148921,15258376273622,15258376347863,15258380595886,4.446965,0.074241,4.248023,1920
live,889,15258386148921,15258386299320,15258386391065,15258390433230,4.284309,0.091745,4.042165,1920
live,890,15258396148921,15258396284601,15258396339386,15258399280064,3.131143,0.054785,2.940678,1920
live,891,15258406148921,15258406271963,15258406331708,15258410223854,4.074933,0.059745,3.892146,1920
live,892,15258416148921,15258416270685,15258416332637,15258420403186,4.254265,0.061952,4.070549,1920
live,893,15258426148921,15258426294527,15258426373120,15258430106640,3.957719,0.078593,3.73352,1920
live,894,15258436148921,15258436263968,15258436330881,15258439826318,3.677397,0.066913,3.495437,1920
live,895,15258446148921,15258446333954,15258446431268,15258450776092,4.627171,0.097314,4.344824,1920
live,896,15258456148921,15258456302404,15258456382981,15258460753021,4.6041,0.080577,4.37004,1920
live,897,15258466148921,15258466276037,15258466350726,15258470376154,4.227233,0.074689,4.025428,1920
live,898,15258476148921,15258476307623,15258476420777,15258480403452,4.254531,0.113154,3.982675,1920
live,899,15258486148921,15258486310569,15258486404426,15258490403902,4.254981,0.093857,3.999476,1920
live,900,15258496148921,15258496285802,15258496347915,15258500571394,4.422473,0.062113,4.223479,1920
live,901,15258506148921,15258506269580,15258506333869,15258509880059,3.731138,0.064289,3.54619,1920
live,902,15258516148921,15258516441392,15258516556721,15258523536204,7.387283,0.115329,6.979483,1920
live,903,15258526148921,15258526305648,15258526381137,15258529502297,3.353376,0.075489,3.12116,1920
live,904,15258536148921,15258536272017,15258536352946,15258541218129,5.069208,0.080929,4.865183,1920
live,905,15258546148921,15258546294163,15258546364788,15258549593470,3.444549,0.070625,3.228682,1920
live,906,15258556148921,15258556247892,15258556297493,15258559867587,3.718666,0.049601,3.570094,1920
live,907,15258566148921,15258566288662,15258566384279,15258572593896,6.444975,0.095617,6.209617,1920
live,908,15258576148921,15258576308920,15258576401721,15258580787666,4.638745,0.092801,4.385945,1920
live,909,15258586148921,15258586290073,15258586381147,15258592497514,6.348593,0.091074,6.116367,1920
live,910,15258596148921,15258596336380,15258596466525,15258603423960,7.275039,0.130145,6.957435,1920
live,911,15258606148921,15258606298461,15258606376478,15258610566164,4.417243,0.078017,4.189686,1920
live,912,15258616148921,15258616268414,15258616339839,15258621502658,5.353737,0.071425,5.162819,1920
live,913,15258626148921,15258626382401,15258626480291,15258630843707,4.694786,0.09789,4.363416,1920
live,914,15258636148921,15258636314978,15258636386499,15258639356298,3.207377,0.071521,2.969799,1920
live,915,15258646148921,15258646271043,15258646345924,15258650320152,4.171231,0.074881,3.974228,1920
live,916,15258656148921,15258656287237,15258656350534,15258660073846,3.924925,0.063297,3.723312,1920
live,917,15258666148921,15258666287815,15258666364488,15258669466480,3.317559,0.076673,3.101992,1920
live,918,15258676148921,15258676270056,15258676345737,15258680335869,4.186948,0.075681,3.990132,1920
live,919,15258686148921,15258686303274,15258686417484,15258694336979,8.188058,0.11421,7.919495,1920
live,920,15258696148921,15258696314508,15258696382157,15258702400987,6.252066,0.067649,6.01883,1920
live,921,15258706148921,15258706322638,15258706380271,15258709512439,3.363518,0.057633,3.132168,1920
live,922,15258716148921,15258716330384,15258716734133,15258721128142,4.979221,0.403749,4.394009,1920
live,923,15258726148921,15258726298257,15258726631157,15258730041890,3.892969,0.3329,3.410733,1920
live,924,15258736148921,15258736262194,15258736334835,15258740190565,4.041644,0.072641,3.85573,1920
live,925,15258746148921,15258746288180,15258746368341,15258750311753,4.162832,0.080161,3.943412,1920
live,926,15258756148921,15258756276118,15258756336727,15258759171611,3.02269,0.060609,2.834884,1920
live,927,15258766148921,15258766263767,15258766335864,15258770083689,3.934768,0.072097,3.747825,1920
live,928,15258776148921,15258776300474,15258776402843,15258780649074,4.500153,0.102369,4.246231,1920
live,929,15258786148921,15258786311547,15258786639776,15258789831561,3.68264,0.328229,3.191785,1920
live,930,15258796148921,15258796269532,15258796565088,15258800603061,4.45414,0.295556,4.037973,1920
live,931,15258806148921,15258806289598,15258806382368,15258810434868,4.285947,0.09277,4.0525,1920
live,932,15258816148921,15258816279456,15258816342465,15258820355413,4.206492,0.063009,4.012948,1920
live,933,15258826148921,15258826267618,15258826341250,15258830379063,4.230142,0.073632,4.037813,1920
live,934,15258836148921,15258836300676,15258836399013,15258843539233,7.390312,0.098337,7.14022,1920
live,935,15258846148921,15258846304421,15258846377094,15258849598832,3.449911,0.072673,3.221738,1920
live,936,15258856148921,15258856298631,15258856607115,15258860528702,4.379781,0.308484,3.921587,1920
live,937,15258866148921,15258866303017,15258866388714,15258870120122,3.971201,0.085697,3.731408,1920
live,938,15258876148921,15258876293610,15258876383979,15258880076091,3.92717,0.090369,3.692112,1920
live,939,15258886148921,15258886268908,15258886336460,15258890292160,4.143239,0.067552,3.9557,1920
live,940,15258896148921,15258896278413,15258896338414,15258900608262,4.459341,0.060001,4.269848,1920
live,941,15258906148921,15258906261871,15258906332688,15258910212386,4.063465,0.070817,3.879698,1920
live,942,15258916148921,15258916267473,15258916338834,15258920173603,4.024682,0.071361,3.834769,1920
live,943,15258926148921,15258926312755,15258926405972,15258930317383,4.168462,0.093217,3.911411,1920
live,944,15258936148921,15258936284628,15258936350933,15258939879427,3.730506,0.066305,3.528494,1920
live,945,15258946148921,15258946335063,15258946447640,15258950473228,4.324307,0.112577,4.025588,1920
live,946,15258956148921,15258956316824,15258956381913,15258959361599,3.212678,0.065089,2.979686,1920
live,947,15258966148921,15258966283161,15258966361402,15258970325230,4.176309,0.078241,3.963828,1920
live,948,15258976148921,15258976304667,15258976406173,15258980866870,4.717949,0.101506,4.460697,1920
live,949,15258986148921,15258986300861,15258986384158,15258990015821,3.8669,0.083297,3.631663,1920
live,950,15258996148921,15258996263614,15258996337023,15259000089968,3.941047,0.073409,3.752945,1920
live,951,15259006148921,15259006278464,15259006347681,15259009235078,3.086157,0.069217,2.887397,1920
live,952,15259016148921,15259016254465,15259016314210,15259020095251,3.94633,0.059745,3.781041,1920
live,953,15259026148921,15259026394469,15259026571271,15259031713162,5.564241,0.176802,5.141891,1920
live,954,15259036148921,15259036305605,15259036378982,15259039328012,3.179091,0.073377,2.94903,1920
live,955,15259046148921,15259046286951,15259046372008,15259050408604,4.259683,0.085057,4.036596,1920
live,956,15259056148921,15259056291048,15259056367497,15259059257967,3.109046,0.076449,2.89047,1920
live,957,15259066148921,15259066254282,15259066308298,15259069935321,3.7864,0.054016,3.627023,1920
live,958,15259076148921,15259076262731,15259076330060,15259083585514,7.436593,0.067329,7.255454,1920
live,959,15259086148921,15259086288813,15259086373262,15259089652249,3.503328,0.084449,3.278987,1920
live,960,15259096148921,15259096269103,15259096344176,15259114539452,18.390531,0.075073,18.195276,1920
live,961,15259106148921,15259106317937,15259114630397,15259120278278,14.129357,8.31246,5.647881,1920
live,962,15259116148921,15259118651345,15259120354087,15259122934505,6.785584,1.702742,2.580418,1920
live,963,15259126148921,15259126276564,15259126339509,15259129228570,3.079649,0.062945,2.889061,1920
live,964,15259136148921,15259136263253,15259136323190,15259139459295,3.310374,0.059937,3.136105,1920
live,965,15259146148921,15259146260247,15259146322936,15259149197565,3.048644,0.062689,2.874629,1920
live,966,15259156148921,15259156259929,15259156328218,15259159819719,3.670798,0.068289,3.491501,1920
live,967,15259166148921,15259166298971,15259166395900,15259170279887,4.130966,0.096929,3.883987,1920
live,968,15259176148921,15259176290876,15259176379230,15259179825450,3.676529,0.088354,3.44622,1920
live,969,15259186148921,15259186289598,15259186375423,15259189865837,3.716916,0.085825,3.490414,1920
live,970,15259196148921,15259196278848,15259196572451,15259200860475,4.711554,0.293603,4.288024,1920
live,971,15259206148921,15259206296674,15259206399267,15259211672231,5.52331,0.102593,5.272964,1920
live,972,15259216148921,15259216292835,15259216370500,15259219515373,3.366452,0.077665,3.144873,1920
live,973,15259226148921,15259226253476,15259226300933,15259229739890,3.590969,0.047457,3.438957,1920
live,974,15259236148921,15259236295751,15259236391176,15259240852866,4.703945,0.095425,4.46169,1920
live,975,15259246148921,15259246296712,15259246396010,15259250551647,4.402726,0.099298,4.155637,1920
live,976,15259256148921,15259256275946,15259256338891,15259259234864,3.085943,0.062945,2.895973,1920
live,977,15259266148921,15259266254091,15259266317996,15259270275039,4.126118,0.063905,3.957043,1920
live,978,15259276148921,15259276283053,15259276373230,15259281671891,5.52297,0.090177,5.298661,1920
live,979,15259286148921,15259286281327,15259286353360,15259289323062,3.174141,0.072033,2.969702,1920
live,980,15259296148921,15259296266416,15259296338545,15259303156522,7.007601,0.072129,6.817977,1920
live,981,15259306148921,15259306280210,15259306356723,15259309258361,3.10944,0.076513,2.901638,1920
live,982,15259316148921,15259316262868,15259316339349,15259320115590,3.966669,0.076481,3.776241,1920
live,983,15259326148921,15259326286518,15259326371351,15259330404011,4.25509,0.084833,4.03266,1920
live,984,15259336148921,15259336268439,15259336345208,15259339341695,3.192774,0.076769,2.996487,1920
live,985,15259346148921,15259346261689,15259346331353,15259350152107,4.003186,0.069664,3.820754,1920
live,986,15259356148921,15259356276890,15259356344315,15259359235809,3.086888,0.067425,2.891494,1920
live,987,15259366148921,15259366243772,15259366291804,15259370066893,3.917972,0.048032,3.775089,1920
live,988,15259376148921,15259376284190,15259376371167,15259380405075,4.256154,0.086977,4.033908,1920
live,989,15259386148921,15259386324896,15259386400737,15259389511977,3.363056,0.075841,3.11124,1920
live,990,15259396148921,15259396288353,15259396363618,15259401275330,5.126409,0.075265,4.911712,1920
live,991,15259406148921,15259406292355,15259406383588,15259410425017,4.276096,0.091233,4.041429,1920
live,992,15259416148921,15259416279205,15259416352965,15259419223435,3.074514,0.07376,2.87047,1920
live,993,15259426148921,15259426249062,15259426297702,15259430062231,3.91331,0.04864,3.764529,1920
live,994,15259436148921,15259436261960,15259436336009,15259440163066,4.014145,0.074049,3.827057,1920
live,995,15259446148921,15259446295018,15259446393067,15259450481664,4.332743,0.098049,4.088597,1920
live,996,15259456148921,15259456279179,15259456366092,15259459486645,3.337724,0.086913,3.120553,1920
live,997,15259466148921,15259466267405,15259466331342,15259470085534,3.936613,0.063937,3.754192,1920
live,998,15259476148921,15259476286319,15259476375632,15259480377124,4.228203,0.089313,4.001492,1920
live,999,15259486148921,15259486311313,15259486381490,15259489367384,3.218463,0.070177,2.985894,1920
live,1000,15259496148921,15259496265810,15259496348179,15259502087357,5.938436,0.082369,5.739178,1920
live,1001,15259506148921,15259506282228,15259506347284,15259509303899,3.154978,0.065056,2.956615,1920
live,1002,15259516148921,15259516261653,15259516333942,15259520102119,3.953198,0.072289,3.768177,1920
live,1003,15259526148921,15259526285591,15259526367128,15259530129289,3.980368,0.081537,3.762161,1920
live,1004,15259536148921,15259536289049,15259536470043,15259540586064,4.437143,0.180994,4.116021,1920
live,1005,15259546148921,15259546262074,15259546328507,15259550108524,3.959603,0.066433,3.780017,1920
live,1006,15259556148921,15259556306396,15259556647969,15259559773289,3.624368,0.341573,3.12532,1920
live,1007,15259566148921,15259566251421,15259566316638,15259570142928,3.994007,0.065217,3.82629,1920
live,1008,15259576148921,15259576283871,15259576370752,15259580696057,4.547136,0.086881,4.325305,1920
live,1009,15259586148921,15259586300513,15259586402307,15259594413994,8.265073,0.101794,8.011687,1920
live,1010,15259596148921,15259596279779,15259596357476,15259602674070,6.525149,0.077697,6.316594,1920
live,1011,15259606148921,15259606254436,15259606323429,15259611362886,5.213965,0.068993,5.039457,1920
live,1012,15259616148921,15259616291078,15259616383527,15259620450204,4.301283,0.092449,4.066677,1920
live,1013,15259626148921,15259626280712,15259626362313,15259630208475,4.059554,0.081601,3.846162,1920
live,1014,15259636148921,15259636263209,15259636325962,15259639786647,3.637726,0.062753,3.460685,1920
live,1015,15259646148921,15259646269419,15259646333036,15259649312722,3.163801,0.063617,2.979686,1920
live,1016,15259656148921,15259656265517,15259656332813,15259660134079,3.985158,0.067296,3.801266,1920
live,1017,15259666148921,15259666288654,15259666384432,15259670652871,4.50395,0.095778,4.268439,1920
live,1018,15259676148921,15259676284080,15259676354353,15259679291959,3.143038,0.070273,2.937606,1920
live,1019,15259686148921,15259686277810,15259686345171,15259689067414,2.918493,0.067361,2.722243,1920
live,1020,15259696148921,15259696265619,15259696343636,15259704924003,8.775082,0.078017,8.580367,1920
live,1021,15259706148921,15259706294645,15259706391767,15259710764367,4.615446,0.097122,4.3726,1920
live,1022,15259716148921,15259716299575,15259716637307,15259719874693,3.725772,0.337732,3.237386,1920
live,1023,15259726148921,15259726258328,15259726525916,15259730154923,4.006002,0.267588,3.629007,1920
live,1024,15259736148921,15259736283514,15259736371483,15259743381142,7.232221,0.087969,7.009659,1920
live,1025,15259746148921,15259746298492,15259746390429,15259753471737,7.322816,0.091937,7.081308,1920
live,1026,15259756148921,15259756285886,15259756354846,15259759266084,3.117163,0.06896,2.911238,1920
live,1027,15259766148921,15259766259583,15259766323264,15259770140497,3.991576,0.063681,3.817233,1920
live,1028,15259776148921,15259776288545,15259776371778,15259780521400,4.372479,0.083233,4.149622,1920
live,1029,15259786148921,15259786290499,15259786386852,15259790275894,4.126973,0.096353,3.889042,1920
live,1030,15259796148921,15259796277764,15259796344101,15259799285419,3.136498,0.066337,2.941318,1920
live,1031,15259806148921,15259806266854,15259806335719,15259810577022,4.428101,0.068865,4.241303,1920
live,1032,15259816148921,15259816297832,15259816387785,15259824228751,8.07983,0.089953,7.840966,1920
live,1033,15259826148921,15259826285097,15259826357770,15259829303536,3.154615,0.072673,2.945766,1920
live,1034,15259836148921,15259836257867,15259836329355,15259840114653,3.965732,0.071488,3.785298,1920
live,1035,15259846148921,15259846294349,15259846383566,15259850741542,4.592621,0.089217,4.357976,1920
live,1036,15259856148921,15259856281294,15259856348495,15259859172788,3.023867,0.067201,2.824293,1920
live,1037,15259866148921,15259866264080,15259866334929,15259870303108,4.154187,0.070849,3.968179,1920
live,1038,15259876148921,15259876297138,15259876381875,15259879503931,3.35501,0.084737,3.122056,1920
live,1039,15259886148921,15259886284851,15259886350708,15259889369723,3.220802,0.065857,3.019015,1920
live,1040,15259896148921,15259896295477,15259896385302,15259903732886,7.583965,0.089825,7.347584,1920
live,1041,15259906148921,15259906303863,15259906398520,15259910723824,4.574903,0.094657,4.325304,1920
live,1042,15259916148921,15259916285592,15259916355673,15259919223454,3.074533,0.070081,2.867781,1920
live,1043,15259926148921,15259926250490,15259926295642,15259929794887,3.645966,0.045152,3.499245,1920
live,1044,15259936148921,15259936261179,15259936334716,15259940071053,3.922132,0.073537,3.736337,1920
live,1045,15259946148921,15259946390943,15259946497376,15259950807768,4.658847,0.106433,4.310392,1920
live,1046,15259956148921,15259956297439,15259956371552,15259959525961,3.37704,0.074113,3.154409,1920
live,1047,15259966148921,15259966284609,15259966587813,15259970607609,4.458688,0.303204,4.019796,1920
live,1048,15259976148921,15259976300643,15259976395300,15259983680066,7.531145,0.094657,7.284766,1920
live,1049,15259986148921,15259986281636,15259986359557,15259989468045,3.319124,0.077921,3.108488,1920
live,1050,15259996148921,15259996262021,15259996335302,15260001004035,4.855114,0.073281,4.668733,1920
live,1051,15260006148921,15260006321352,15260006420329,15260010995940,4.847019,0.098977,4.575611,1920
live,1052,15260016148921,15260016291017,15260016382154,15260020773955,4.625034,0.091137,4.391801,1920
live,1053,15260026148921,15260026284555,15260026356364,15260030576866,4.427945,0.071809,4.220502,1920
live,1054,15260036148921,15260036264588,15260036345485,15260040909672,4.760751,0.080897,4.564187,1920
live,1055,15260046148921,15260046302734,15260046393583,15260051281615,5.132694,0.090849,4.888032,1920
live,1056,15260056148921,15260056282864,15260056352017,15260059231670,3.082749,0.069153,2.879653,1920
live,1057,15260066148921,15260066261457,15260066327346,15260070153891,4.00497,0.065889,3.826545,1920
live,1058,15260076148921,15260076292051,15260076353876,15260079236377,3.087456,0.061825,2.882501,1920
live,1059,15260086148921,15260086246836,15260086286293,15260089664768,3.515847,0.039457,3.378475,1920
live,1060,15260096148921,15260096289334,15260096666555,15260105361772,9.212851,0.377221,8.695217,1920
live,1061,15260106148921,15260106306232,15260106395321,15260110611056,4.462135,0.089089,4.215735,1920
live,1062,15260116148921,15260116291898,15260116362267,15260119257888,3.108967,0.070369,2.895621,1920
live,1063,15260126148921,15260126259739,15260126329212,15260130449329,4.300408,0.069473,4.120117,1920
live,1064,15260136148921,15260136283165,15260136348606,15260139234787,3.085866,0.065441,2.886181,1920
live,1065,15260146148921,15260146276511,15260146327039,15260149723051,3.57413,0.050528,3.396012,1920
live,1066,15260156148921,15260156316001,15260156412098,15260160816411,4.66749,0.096097,4.404313,1920
live,1067,15260166148921,15260166290978,15260166373923,15260169343754,3.194833,0.082945,2.969831,1920
live,1068,15260176148921,15260176290852,15260176366693,15260179233514,3.084593,0.075841,2.866821,1920
live,1069,15260186148921,15260186263557,15260186343814,15260190648990,4.500069,0.080257,4.305176,1920
live,1070,15260196148921,15260196291815,15260196390760,15260202070482,5.921561,0.098945,5.679722,1920
live,1071,15260206148921,15260206284681,15260206366538,15260209645204,3.496283,0.081857,3.278666,1920
live,1072,15260216148921,15260216274218,15260216346155,15260220616450,4.467529,0.071937,4.270295,1920
live,1073,15260226148921,15260226299276,15260226384909,15260231690450,5.541529,0.085633,5.305541,1920
live,1074,15260236148921,15260236281870,15260236347726,15260239148659,2.999738,0.065856,2.800933,1920
live,1075,15260246148921,15260246253583,15260246316976,15260250304611,4.15569,0.063393,3.987635,1920
live,1076,15260256148921,15260256306289,15260256402963,15260260327813,4.178892,0.096674,3.92485,1920
live,1077,15260266148921,15260266299635,15260266391860,15260270467593,4.318672,0.092225,4.075733,1920
live,1078,15260276148921,15260276276756,15260276341749,15260279169882,3.020961,0.064993,2.828133,1920
live,1079,15260286148921,15260286261846,15260286333879,15260290248201,4.09928,0.072033,3.914322,1920
live,1080,15260296148921,15260296279480,15260296346136,15260300537519,4.388598,0.066656,4.191383,1920
live,1081,15260306148921,15260306261177,15260306334042,15260310366382,4.217461,0.072865,4.03234,1920
live,1082,15260316148921,15260316296091,15260316387836,15260319399779,3.250858,0.091745,3.011943,1920
live,1083,15260326148921,15260326275901,15260326338557,15260329024224,2.875303,0.062656,2.685667,1920
live,1084,15260336148921,15260336261086,15260336333983,15260342124906,5.975985,0.072897,5.790923,1920
live,1085,15260346148921,15260346300000,15260346375809,15260349327559,3.178638,0.075809,2.95175,1920
live,1086,15260356148921,15260356275202,15260356351555,15260361504101,5.35518,0.076353,5.152546,1920
live,1087,15260366148921,15260366290563,15260366378949,15260370560891,4.41197,0.088386,4.181942,1920
live,1088,15260376148921,15260376273797,15260376337318,15260379178379,3.029458,0.063521,2.841061,1920
live,1089,15260386148921,15260386248902,15260386313831,15260390229370,4.080449,0.064929,3.915539,1920
live,1090,15260396148921,15260396293768,15260396376074,15260400513631,4.36471,0.082306,4.137557,1920
live,1091,15260406148921,15260406276970,15260406347755,15260409384914,3.235993,0.070785,3.037159,1920
live,1092,15260416148921,15260416264971,15260416342572,15260420619236,4.470315,0.077601,4.276664,1920
live,1093,15260426148921,15260426264557,15260426340718,15260430494148,4.345227,0.076161,4.15343,1920
live,1094,15260436148921,15260436285615,15260436347248,15260439200469,3.051548,0.061633,2.853221,1920
live,1095,15260446148921,15260446256816,15260446325873,15260450048321,3.8994,0.069057,3.722448,1920
live,1096,15260456148921,15260456431764,15260456638615,15260461470870,5.321949,0.206851,4.832255,1920
live,1097,15260466148921,15260466304948,15260466404022,15260472675143,6.526222,0.099074,6.271121,1920
live,1098,15260476148921,15260476285686,15260476356439,15260479262108,3.113187,0.070753,2.905669,1920
live,1099,15260486148921,15260486255159,15260486315480,15260490064008,3.915087,0.060321,3.748528,1920
live,1100,15260496148921,15260496294777,15260496384570,15260501982371,5.83345,0.089793,5.597801,1920
live,1101,15260506148921,15260506280475,15260506344347,15260510254286,4.105365,0.063872,3.909939,1920
live,1102,15260516148921,15260516261788,15260516335485,15260520126414,3.977493,0.073697,3.790929,1920
live,1103,15260526148921,15260526292734,15260526388383,15260530354355,4.205434,0.095649,3.965972,1920
live,1104,15260536148921,15260536279648,15260536342880,15260539170821,3.0219,0.063232,2.827941,1920
live,1105,15260546148921,15260546255041,15260546322402,15260550062994,3.914073,0.067361,3.740592,1920
live,1106,15260556148921,15260556289987,15260556361860,15260561738986,5.590065,0.071873,5.377126,1920
live,1107,15260566148921,15260566290181,15260566393158,15260570616413,4.467492,0.102977,4.223255,1920
live,1108,15260576148921,15260576280710,15260576338343,15260579190380,3.041459,0.057633,2.852037,1920
live,1109,15260586148921,15260586252968,15260586308488,15260590224411,4.07549,0.05552,3.915923,1920
live,1110,15260596148921,15260596347242,15260596455340,15260600773348,4.624427,0.108098,4.318008,1920
live,1111,15260606148921,15260606293003,15260606361132,15260609283122,3.134201,0.068129,2.92199,1920
live,1112,15260616148921,15260616270157,15260616347342,15260621539697,5.390776,0.077185,5.192355,1920
live,1113,15260626148921,15260626299375,15260626379888,15260630500229,4.351308,0.080513,4.120341,1920
live,1114,15260636148921,15260636275664,15260636332369,15260639166262,3.017341,0.056705,2.833893,1920
live,1115,15260646148921,15260646259698,15260646330803,15260650335847,4.186926,0.071105,4.005044,1920
live,1116,15260656148921,15260656292660,15260656373685,15260659208090,3.059169,0.081025,2.834405,1920
live,1117,15260666148921,15260666251541,15260666304566,15260669862500,3.713579,0.053025,3.557934,1920
live,1118,15260676148921,15260676260759,15260676326776,15260680398988,4.250067,0.066017,4.072212,1920
live,1119,15260686148921,15260686290969,15260686380122,15260690487695,4.338774,0.089153,4.107573,1920
live,1120,15260696148921,15260696323771,15260696415772,15260700983671,4.83475,0.092001,4.567899,1920
live,1121,15260706148921,15260706280572,15260706349117,15260709939947,3.791026,0.068545,3.59083,1920
live,1122,15260716148921,15260716292510,15260716386271,15260720632118,4.483197,0.093761,4.245847,1920
live,1123,15260726148921,15260726289727,15260726356224,15260729545034,3.396113,0.066497,3.18881,1920
live,1124,15260736148921,15260736303777,15260736608901,15260740615129,4.466208,0.305124,4.006228,1920
live,1125,15260746148921,15260746310627,15260746396964,15260750492889,4.343968,0.086337,4.095925,1920
live,1126,15260756148921,15260756289380,15260756361125,15260759210858,3.061937,0.071745,2.849733,1920
live,1127,15260766148921,15260766269318,15260766343335,15260770231129,4.082208,0.074017,3.887794,1920
live,1128,15260776148921,15260776288360,15260776358377,15260779234926,3.086005,0.070017,2.876549,1920
live,1129,15260786148921,15260786249513,15260786297609,15260789847064,3.698143,0.048096,3.549455,1920
live,1130,15260796148921,15260796295339,15260796386732,15260800748677,4.599756,0.091393,4.361945,1920
live,1131,15260806148921,15260806299213,15260806394958,15260810538724,4.389803,0.095745,4.143766,1920
live,1132,15260816148921,15260816291310,15260816365871,15260819562617,3.413696,0.074561,3.196746,1920
live,1133,15260826148921,15260826266160,15260826342769,15260830320324,4.171403,0.076609,3.977555,1920
live,1134,15260836148921,15260836302770,15260836395603,15260839269016,3.120095,0.092833,2.873413,1920
live,1135,15260846148921,15260846295635,15260846373588,15260850296039,4.147118,0.077953,3.922451,1920
live,1136,15260856148921,15260856382582,15260856505464,15260862826250,6.677329,0.122882,6.320786,1920
live,1137,15260866148921,15260866328535,15260866408600,15260869755364,3.606443,0.080065,3.346764,1920
live,1138,15260876148921,15260876274584,15260876351929,15260880182155,4.033234,0.077345,3.830226,1920
live,1139,15260886148921,15260886308250,15260886400987,15260890600146,4.451225,0.092737,4.199159,1920
live,1140,15260896148921,15260896278460,15260896349788,15260900587827,4.438906,0.071328,4.238039,1920
live,1141,15260906148921,15260906257149,15260906323326,15260909850092,3.701171,0.066177,3.526766,1920
live,1142,15260916148921,15260916369600,15260916474273,15260920635383,4.486462,0.104673,4.16111,1920
live,1143,15260926148921,15260926301633,15260926367522,15260929297448,3.148527,0.065889,2.929926,1920
live,1144,15260936148921,15260936303395,15260936384964,15260941008704,4.859783,0.081569,4.62374,1920
live,1145,15260946148921,15260946307300,15260946391749,15260952293170,6.144249,0.084449,5.901421,1920
live,1146,15260956148921,15260956309574,15260956394183,15260960046166,3.897245,0.084609,3.651983,1920
live,1147,15260966148921,15260966591883,15260966827278,15260970714497,4.565576,0.235395,3.887219,1920
live,1148,15260976148921,15260976336714,15260976450155,15260980631873,4.482952,0.113441,4.181718,1920
live,1149,15260986148921,15260986286027,15260986354252,15260989436532,3.287611,0.068225,3.08228,1920
live,1150,15260996148921,15260996291884,15260996374093,15261000391554,4.242633,0.082209,4.017461,1920
live,1151,15261006148921,15261006305934,15261006383151,15261010681735,4.532814,0.077217,4.298584,1920
live,1152,15261016148921,15261016277488,15261016338320,15261020035584,3.886663,0.060832,3.697264,1920
live,1153,15261026148921,15261026269361,15261026339442,15261030345446,4.196525,0.070081,4.006004,1920
live,1154,15261036148921,15261036287379,15261036373268,15261039420668,3.271747,0.085889,3.0474,1920
live,1155,15261046148921,15261046247508,15261046296021,15261049530207,3.381286,0.048513,3.234186,1920
live,1156,15261056148921,15261056281398,15261056368279,15261060884626,4.735705,0.086881,4.516347,1920
live,1157,15261066148921,15261066291128,15261066381497,15261071583965,5.435044,0.090369,5.202468,1920
live,1158,15261076148921,15261076279354,15261076349818,15261079284416,3.135495,0.070464,2.934598,1920
live,1159,15261086148921,15261086269595,15261086341980,15261090373264,4.224343,0.072385,4.031284,1920
live,1160,15261096148921,15261096282557,15261096351006,15261100585237,4.436316,0.068449,4.234231,1920
live,1161,15261106148921,15261106254526,15261106301631,15261109965422,3.816501,0.047105,3.663791,1920
live,1162,15261116148921,15261116283872,15261116366945,15261120280788,4.131867,0.083073,3.913843,1920
live,1163,15261126148921,15261126314530,15261126401987,15261129464363,3.315442,0.087457,3.062376,1920
live,1164,15261136148921,15261136273443,15261136340292,15261140142774,3.993853,0.066849,3.802482,1920
live,1165,15261146148921,15261146272325,15261146324454,15261149185963,3.037042,0.052129,2.861509,1920
live,1166,15261156148921,15261156262503,15261156331495,15261160124665,3.975744,0.068992,3.79317,1920
live,1167,15261166148921,15261166299913,15261166377898,15261172271382,6.122461,0.077985,5.893484,1920
live,1168,15261176148921,15261176291306,15261176387531,15261181988660,5.839739,0.096225,5.601129,1920
live,1169,15261186148921,15261186294988,15261186388941,15261190960488,4.811567,0.093953,4.571547,1920
live,1170,15261196148921,15261196302798,15261196413935,15261200660166,4.511245,0.111137,4.246231,1920
live,1171,15261206148921,15261206291855,15261206359504,15261209312982,3.164061,0.067649,2.953478,1920
live,1172,15261216148921,15261216269233,15261216342770,15261220515368,4.366447,0.073537,4.172598,1920
live,1173,15261226148921,15261226302419,15261226401012,15261230892302,4.743381,0.098593,4.49129,1920
live,1174,15261236148921,15261236302452,15261236376341,15261240131014,3.982093,0.073889,3.754673,1920
live,1175,15261246148921,15261246286358,15261246368631,15261250947922,4.799001,0.082273,4.579291,1920
live,1176,15261256148921,15261256302040,15261256382297,15261261922913,5.773992,0.080257,5.540616,1920
live,1177,15261266148921,15261266273049,15261266331770,15261269201311,3.05239,0.058721,2.869541,1920
live,1178,15261276148921,15261276265339,15261276346396,15261281495870,5.346949,0.081057,5.149474,1920
live,1179,15261286148921,15261286301373,15261286380542,15261290780055,4.631134,0.079169,4.399513,1920
live,1180,15261296148921,15261296270942,15261296324703,15261300604918,4.455997,0.053761,4.280215,1920
live,1181,15261306148921,15261306262911,15261306328480,15261310155218,4.006297,0.065569,3.826738,1920
live,1182,15261316148921,15261316280129,15261316342402,15261319196519,3.047598,0.062273,2.854117,1920
live,1183,15261326148921,15261326282019,15261326354404,15261329183273,3.034352,0.072385,2.828869,1920
live,1184,15261336148921,15261336271653,15261336341925,15261341669611,5.52069,0.070272,5.327686,1920
live,1185,15261346148921,15261346279910,15261346345895,15261349213964,3.065043,0.065985,2.868069,1920
live,1186,15261356148921,15261356265608,15261356347529,15261360621504,4.472583,0.081921,4.273975,1920
live,1187,15261366148921,15261366301322,15261366394859,15261370723907,4.574986,0.093537,4.329048,1920
live,1188,15261376148921,15261376285835,15261376353036,15261379350067,3.201146,0.067201,2.997031,1920
live,1189,15261386148921,15261386263885,15261386338158,15261390349154,4.200233,0.074273,4.010996,1920
live,1190,15261396148921,15261396289327,15261396356848,15261399202645,3.053724,0.067521,2.845797,1920
live,1191,15261406148921,15261406247472,15261406296592,15261410018497,3.869576,0.04912,3.721905,1920
live,1192,15261416148921,15261416295090,15261416391603,15261422933448,6.784527,0.096513,6.541845,1920
live,1193,15261426148921,15261426282548,15261426358773,15261429348187,3.199266,0.076225,2.989414,1920
live,1194,15261436148921,15261436267189,15261436336886,15261440608717,4.459796,0.069697,4.271831,1920
live,1195,15261446148921,15261446309207,15261446408953,15261450873522,4.724601,0.099746,4.464569,1920
live,1196,15261456148921,15261456285017,15261456388762,15261459330816,3.181895,0.103745,2.942054,1920
live,1197,15261466148921,15261466261818,15261466310939,15261469682534,3.533613,0.049121,3.371595,1920
live,1198,15261476148921,15261476355869,15261476433406,15261481045082,4.896161,0.077537,4.611676,1920
live,1199,15261486148921,15261486306878,15261486423583,15261490687095,4.538174,0.116705,4.263512,1920
live,1200,15261496148921,15261496338528,15261496451105,15261502635826,6.486905,0.112577,6.184721,1920
live,1201,15261506148921,15261506290049,15261506357698,15261509310472,3.161551,0.067649,2.952774,1920
live,1202,15261516148921,15261516265122,15261516335651,15261520176181,4.02726,0.070529,3.84053,1920
live,1203,15261526148921,15261526294724,15261526388326,15261531667658,5.518737,0.093602,5.279332,1920
live,1204,15261536148921,15261536283110,15261536354119,15261539261324,3.112403,0.071009,2.907205,1920
live,1205,15261546148921,15261546253031,15261546316552,15261550234779,4.085858,0.063521,3.918227,1920
live,1206,15261556148921,15261556296425,15261556388203,15261560631042,4.482121,0.091778,4.242839,1920
live,1207,15261566148921,15261566282379,15261566345484,15261569255985,3.107064,0.063105,2.910501,1920
live,1208,15261576148921,15261576276268,15261576579600,15261581784692,5.635771,0.303332,5.205092,1920
live,1209,15261586148921,15261586295502,15261586378543,15261590464100,4.315179,0.083041,4.085557,1920
live,1210,15261596148921,15261596274736,15261596337105,15261599195126,3.046205,0.062369,2.858021,1920
live,1211,15261606148921,15261606258065,15261606326642,15261610102723,3.953802,0.068577,3.776081,1920
live,1212,15261616148921,15261616288915,15261616379380,15261620416745,4.267824,0.090465,4.037365,1920
live,1213,15261626148921,15261626295861,15261626389622,15261630221672,4.072751,0.093761,3.83205,1920
live,1214,15261636148921,15261636282614,15261636355703,15261639301630,3.152709,0.073089,2.945927,1920
live,1215,15261646148921,15261646276536,15261646574364,15261651009429,4.860508,0.297828,4.435065,1920
live,1216,15261656148921,15261656292922,15261656375003,15261660510033,4.361112,0.082081,4.13503,1920
live,1217,15261666148921,15261666295708,15261666393437,15261670693333,4.544412,0.097729,4.299896,1920
live,1218,15261676148921,15261676329310,15261676394943,15261679258564,3.109643,0.065633,2.863621,1920
live,1219,15261686148921,15261686289951,15261686371136,15261690374900,4.225979,0.081185,4.003764,1920
live,1220,15261696148921,15261696282944,15261696362017,15261700604312,4.455391,0.079073,4.242295,1920
live,1221,15261706148921,15261706257026,15261706309506,15261709222088,3.073167,0.05248,2.912582,1920
live,1222,15261716148921,15261716264196,15261716337796,15261720472922,4.324001,0.0736,4.135126,1920
live,1223,15261726148921,15261726295110,15261726390503,15261730631390,4.482469,0.095393,4.240887,1920
live,1224,15261736148921,15261736289351,15261736368232,15261739573042,3.424121,0.078881,3.20481,1920
live,1225,15261746148921,15261746283049,15261746353386,15261750125979,3.977058,0.070337,3.772593,1920
live,1226,15261756148921,15261756302603,15261756783953,15261761255659,5.106738,0.48135,4.471706,1920
live,1227,15261766148921,15261766312844,15261766683729,15261770851975,4.703054,0.370885,4.168246,1920
live,1228,15261776148921,15261776280974,15261776344686,15261779273172,3.124251,0.063712,2.928486,1920
live,1229,15261786148921,15261786268079,15261786556467,15261790546695,4.397774,0.288388,3.990228,1920
live,1230,15261796148921,15261796279345,15261796348114,15261799279352,3.130431,0.068769,2.931238,1920
live,1231,15261806148921,15261806256402,15261806324787,15261810079652,3.930731,0.068385,3.754865,1920
live,1232,15261816148921,15261816316181,15261816805435,15261821487768,5.338847,0.489254,4.682333,1920
live,1233,15261826148921,15261826275030,15261826345559,15261829242908,3.093987,0.070529,2.897349,1920
live,1234,15261836148921,15261836262807,15261836338872,15261841862624,5.713703,0.076065,5.523752,1920
live,1235,15261846148921,15261846306426,15261846387867,15261850619250,4.470329,0.081441,4.231383,1920
live,1236,15261856148921,15261856279323,15261856347516,15261859174144,3.025223,0.068193,2.826628,1920
live,1237,15261866148921,15261866260636,15261866336029,15261870582676,4.433755,0.075393,4.246647,1920
live,1238,15261876148921,15261876291038,15261876382112,15261879570217,3.421296,0.091074,3.188105,1920
live,1239,15261886148921,15261886279616,15261886358177,15261889775949,3.627028,0.078561,3.417772,1920
live,1240,15261896148921,15261896300770,15261896396579,15261903797667,7.648746,0.095809,7.401088,1920
live,1241,15261906148921,15261906307748,15261906398565,15261910696509,4.547588,0.090817,4.297944,1920
live,1242,15261916148921,15261916273925,15261916335846,15261919144810,2.995889,0.061921,2.808964,1920
live,1243,15261926148921,15261926250534,15261926311271,15261930241850,4.092929,0.060737,3.930579,1920
live,1244,15261936148921,15261936297832,15261936390442,15261940788931,4.64001,0.09261,4.398489,1920
live,1245,15261946148921,15261946305354,15261946409260,15261950675395,4.526474,0.103906,4.266135,1920
live,1246,15261956148921,15261956279564,15261956352524,15261959289619,3.140698,0.07296,2.937095,1920
live,1247,15261966148921,15261966280109,15261966591345,15261973515947,7.367026,0.311236,6.924602,1920
live,1248,15261976148921,15261976298607,15261976402672,15261980836554,4.687633,0.104065,4.433882,1920
live,1249,15261986148921,15261986525044,15261986643733,15261992508545,6.359624,0.118689,5.864812,1920
live,1250,15261996148921,15261996312723,15261996422868,15262000798605,4.649684,0.110145,4.375737,1920
live,1251,15262006148921,15262006298644,15262006364565,15262009278939,3.130018,0.065921,2.914374,1920
live,1252,15262016148921,15262016269973,15262016346806,15262020308650,4.159729,0.076833,3.961844,1920
live,1253,15262026148921,15262026292823,15262026373560,15262032265445,6.116524,0.080737,5.891885,1920
live,1254,15262036148921,15262036300793,15262036395354,15262041731583,5.582662,0.094561,5.336229,1920
live,1255,15262046148921,15262046285146,15262046362331,15262049280545,3.131624,0.077185,2.918214,1920
live,1256,15262056148921,15262056266524,15262056343773,15262062134856,5.985935,0.077249,5.791083,1920
live,1257,15262066148921,15262066281918,15262066378943,15262071984104,5.835183,0.097025,5.605161,1920
live,1258,15262076148921,15262076288479,15262076382657,15262081803751,5.65483,0.094178,5.421094,1920
live,1259,15262086148921,15262086286817,15262086382978,15262092674804,6.525883,0.096161,6.291826,1920
live,1260,15262096148921,15262096279267,15262096350372,15262100599067,4.450146,0.071105,4.248695,1920
live,1261,15262106148921,15262106263492,15262106333445,15262110124054,3.975133,0.069953,3.790609,1920
live,1262,15262116148921,15262116290694,15262116376071,15262120822017,4.673096,0.085377,4.445946,1920
live,1263,15262126148921,15262126291048,15262126390025,15262130372669,4.223748,0.098977,3.982644,1920
live,1264,15262136148921,15262136271081,15262136333674,15262139160559,3.011638,0.062593,2.826885,1920
live,1265,15262146148921,15262146262923,15262146333132,15262150216286,4.067365,0.070209,3.883154,1920
live,1266,15262156148921,15262156285805,15262156354510,15262159135890,2.986969,0.068705,2.78138,1920
live,1267,15262166148921,15262166252846,15262166313039,15262170274018,4.125097,0.060193,3.960979,1920
live,1268,15262176148921,15262176289008,15262176379025,15262180659369,4.510448,0.090017,4.280344,1920
live,1269,15262186148921,15262186272849,15262186330546,15262189167575,3.018654,0.057697,2.837029,1920
live,1270,15262196148921,15262196261651,15262196339156,15262200380296,4.231375,0.077505,4.04114,1920
live,1271,15262206148921,15262206297813,15262206392598,15262210406346,4.257425,0.094785,4.013748,1920
live,1272,15262216148921,15262216296247,15262216404728,15262221838559,5.689638,0.108481,5.433831,1920
live,1273,15262226148921,15262226274136,15262226333145,15262229317728,3.168807,0.059009,2.984583,1920
live,1274,15262236148921,15262236273722,15262236341371,15262241197850,5.048929,0.067649,4.856479,1920
live,1275,15262246148921,15262246298972,15262246400093,15262250757590,4.608669,0.101121,4.357497,1920
live,1276,15262256148921,15262256278173,15262256337758,15262259184803,3.035882,0.059585,2.847045,1920
live,1277,15262266148921,15262266250206,15262266306783,15262270344531,4.19561,0.056577,4.037748,1920
live,1278,15262276148921,15262276287585,15262276362689,15262280585528,4.436607,0.075104,4.222839,1920
live,1279,15262286148921,15262286269634,15262286327811,15262289147399,2.998478,0.058177,2.819588,1920
live,1280,15262296148921,15262296262979,15262296338276,15262302009838,5.860917,0.075297,5.671562,1920
live,1281,15262306148921,15262306289765,15262306382951,15262310109239,3.960318,0.093186,3.726288,1920
live,1282,15262316148921,15262316258663,15262316314631,15262319607250,3.458329,0.055968,3.292619,1920
live,1283,15262326148921,15262326257896,15262326316457,15262329852183,3.703262,0.058561,3.535726,1920
live,1284,15262336148921,15262336314059,15262336705296,15262342011733,5.862812,0.391237,5.306437,1920
live,1285,15262346148921,15262346269708,15262346347149,15262349428789,3.279868,0.077441,3.08164,1920
live,1286,15262356148921,15262356265485,15262356335342,15262360104927,3.956006,0.069857,3.769585,1920
live,1287,15262366148921,15262366273839,15262366328560,15262369201301,3.05238,0.054721,2.872741,1920
live,1288,15262376148921,15262376270737,15262376329106,15262379263256,3.114335,0.058369,2.93415,1920
live,1289,15262386148921,15262386284819,15262386366228,15262390620203,4.471282,0.081409,4.253975,1920
live,1290,15262396148921,15262396284276,15262396361237,15262399308476,3.159555,0.076961,2.947239,1920
live,1291,15262406148921,15262406264374,15262406333975,15262410166056,4.017135,0.069601,3.832081,1920
live,1292,15262416148921,15262416278168,15262416332792,15262419176093,3.027172,0.054624,2.843301,1920
live,1293,15262426148921,15262426269881,15262426325018,15262428957276,2.808355,0.055137,2.632258,1920
live,1294,15262436148921,15262436290011,15262436363260,15262440427281,4.27836,0.073249,4.064021,1920
live,1295,15262446148921,15262446325725,15262446420190,15262449677609,3.528688,0.094465,3.257419,1920
live,1296,15262456148921,15262456283230,15262456361567,15262459248261,3.09934,0.078337,2.886694,1920
live,1297,15262466148921,15262466267328,15262466343137,15262470873179,4.724258,0.075809,4.530042,1920
live,1298,15262476148921,15262476297954,15262476402403,15262480607002,4.458081,0.104449,4.204599,1920
live,1299,15262486148921,15262486291395,15262486383812,15262491763082,5.614161,0.092417,5.37927,1920
live,1300,15262496148921,15262496315685,15262496401670,15262503385345,7.236424,0.085985,6.983675,1920
live,1301,15262506148921,15262506296199,15262506383944,15262510556478,4.407557,0.087745,4.172534,1920
live,1302,15262516148921,15262516272744,15262516330249,15262519178350,3.029429,0.057505,2.848101,1920
live,1303,15262526148921,15262526252457,15262526309546,15262530034362,3.885441,0.057089,3.724816,1920
live,1304,15262536148921,15262536289995,15262536371085,15262541887380,5.738459,0.08109,5.516295,1920
live,1305,15262546148921,15262546356782,15262546481936,15262549822907,3.673986,0.125154,3.340971,1920
live,1306,15262556148921,15262556265230,15262556343055,15262560294467,4.145546,0.077825,3.951412,1920
live,1307,15262566148921,15262566287856,15262566373522,15262570473415,4.324494,0.085666,4.099893,1920
live,1308,15262576148921,15262576276114,15262576339955,15262579157015,3.008094,0.063841,2.81706,1920
live,1309,15262586148921,15262586264147,15262586334484,15262590240263,4.091342,0.070337,3.905779,1920
live,1310,15262596148921,15262596290293,15262596405527,15262601571290,5.422369,0.115234,5.165763,1920
live,1311,15262606148921,15262606302295,15262606401401,15262610577455,4.428534,0.099106,4.176054,1920
live,1312,15262616148921,15262616273112,15262616326617,15262619116477,2.967556,0.053505,2.78986,1920
live,1313,15262626148921,15262626260922,15262626332475,15262630361967,4.213046,0.071553,4.029492,1920
live,1314,15262636148921,15262636283932,15262636336829,15262639155713,3.006792,0.052897,2.818884,1920
live,1315,15262646148921,15262646241149,15262646286302,15262650231409,4.082488,0.045153,3.945107,1920
live,1316,15262656148921,15262656296223,15262656392737,15262660744249,4.595328,0.096514,4.351512,1920
live,1317,15262666148921,15262666270817,15262666331714,15262669215271,3.06635,0.060897,2.883557,1920
live,1318,15262676148921,15262676264706,15262676345379,15262680827677,4.678756,0.080673,4.482298,1920
live,1319,15262686148921,15262686284996,15262686369989,15262692148720,5.999799,0.084993,5.778731,1920
live,1320,15262696148921,15262696268454,15262696341831,15262701275975,5.127054,0.073377,4.934144,1920
live,1321,15262706148921,15262706265255,15262706339976,15262710676288,4.527367,0.074721,4.336312,1920
live,1322,15262716148921,15262716265961,15262716345130,15262720489088,4.340167,0.079169,4.143958,1920
live,1323,15262726148921,15262726282859,15262726350700,15262729989083,3.840162,0.067841,3.638383,1920
live,1324,15262736148921,15262736260524,15262736328109,15262739793242,3.644321,0.067585,3.465133,1920
live,1325,15262746148921,15262746277102,15262746354671,15262750235265,4.086344,0.077569,3.880594,1920
live,1326,15262756148921,15262756307504,15262756376657,15262759563898,3.414977,0.069153,3.187241,1920
live,1327,15262766148921,15262766276241,15262766348850,15262770200772,4.051851,0.072609,3.851922,1920
live,1328,15262776148921,15262776292659,15262776371572,15262779539741,3.39082,0.078913,3.168169,1920
live,1329,15262786148921,15262786287989,15262786607385,15262789835235,3.686314,0.319396,3.22785,1920
live,1330,15262796148921,15262796303767,15262796692732,15262801095125,4.946204,0.388965,4.402393,1920
live,1331,15262806148921,15262806293720,15262806355641,15262809684068,3.535147,0.061921,3.328427,1920
live,1332,15262816148921,15262816269209,15262816344346,15262822259399,6.110478,0.075137,5.915053,1920
live,1333,15262826148921,15262826289883,15262826369276,15262830979000,4.830079,0.079393,4.609724,1920
live,1334,15262836148921,15262836252829,15262836305053,15262839138178,2.989257,0.052224,2.833125,1920
live,1335,15262846148921,15262846259134,15262846335007,15262850476661,4.32774,0.075873,4.141654,1920
live,1336,15262856148921,15262856293088,15262856365857,15262859448265,3.299344,0.072769,3.082408,1920
live,1337,15262866148921,15262866269154,15262866348291,15262870383607,4.234686,0.079137,4.035316,1920
live,1338,15262876148921,15262876286756,15262876368901,15262882140496,5.991575,0.082145,5.771595,1920
live,1339,15262886148921,15262886272773,15262886342310,15262889216651,3.06773,0.069537,2.874341,1920
live,1340,15262896148921,15262896263431,15262896341768,15262904406192,8.257271,0.078337,8.064424,1920
live,1341,15262906148921,15262906308009,15262906372810,15262909561331,3.41241,0.064801,3.188521,1920
live,1342,15262916148921,15262916252938,15262916301130,15262920065883,3.916962,0.048192,3.764753,1920
live,1343,15262926148921,15262926289900,15262926373517,15262930533955,4.385034,0.083617,4.160438,1920
live,1344,15262936148921,15262936278733,15262936337102,15262939147955,2.999034,0.058369,2.810853,1920
live,1345,15262946148921,15262946251215,15262946305295,15262949993919,3.844998,0.05408,3.688624,1920
live,1346,15262956148921,15262956313233,15262956409330,15262962916935,6.768014,0.096097,6.507605,1920
live,1347,15262966148921,15262966285170,15262966349747,15262969341370,3.192449,0.064577,2.991623,1920
live,1348,15262976148921,15262976281172,15262976347317,15262979281147,3.132226,0.066145,2.93383,1920
live,1349,15262986148921,15262986259925,15262986327190,15262990419819,4.270898,0.067265,4.092629,1920
live,1350,15262996148921,15262996283799,15262996367768,15263000662608,4.513687,0.083969,4.29484,1920
live,1351,15263006148921,15263006316601,15263006386362,15263009592964,3.444043,0.069761,3.206602,1920
live,1352,15263016148921,15263016282395,15263016365820,15263021552447,5.403526,0.083425,5.186627,1920
live,1353,15263026148921,15263026310749,15263026394750,15263030692405,4.543484,0.084001,4.297655,1920
live,1354,15263036148921,15263036280638,15263036346815,15263039166179,3.017258,0.066177,2.819364,1920
live,1355,15263046148921,15263046252607,15263046312832,15263050176946,4.028025,0.060225,3.864114,1920
live,1356,15263056148921,15263056432451,15263056593317,15263063333949,7.185028,0.160866,6.740632,1920
live,1357,15263066148921,15263066299523,15263066368260,15263069433388,3.284467,0.068737,3.065128,1920
live,1358,15263076148921,15263076255780,15263076308805,15263080288856,4.139935,0.053025,3.980051,1920
live,1359,15263086148921,15263086288038,15263086385288,15263091370952,5.222031,0.09725,4.985664,1920
live,1360,15263096148921,15263096284104,15263096341417,15263100602560,4.453639,0.057313,4.261143,1920
live,1361,15263106148921,15263106256521,15263106323626,15263110617346,4.468425,0.067105,4.29372,1920
live,1362,15263116148921,15263116277643,15263116357804,15263119372051,3.22313,0.080161,3.014247,1920
live,1363,15263126148921,15263126251852,15263126298413,15263130028381,3.87946,0.046561,3.729968,1920
live,1364,15263136148921,15263136281582,15263136373776,15263141688244,5.539323,0.092194,5.314468,1920
live,1365,15263146148921,15263146286032,15263146358385,15263149388152,3.239231,0.072353,3.029767,1920
live,1366,15263156148921,15263156258385,15263156328434,15263160956078,4.807157,0.070049,4.627644,1920
live,1367,15263166148921,15263166281363,15263166354452,15263169445948,3.297027,0.073089,3.091496,1920
live,1368,15263176148921,15263176248661,15263176290677,15263180017317,3.868396,0.042016,3.72664,1920
live,1369,15263186148921,15263186277175,15263186349111,15263190530030,4.381109,0.071936,4.180919,1920
live,1370,15263196148921,15263196340729,15263196418682,15263199506626,3.357705,0.077953,3.087944,1920
live,1371,15263206148921,15263206269658,15263206330619,15263212451978,6.303057,0.060961,6.121359,1920
live,1372,15263216148921,15263216298332,15263216390973,15263221179387,5.030466,0.092641,4.788414,1920
live,1373,15263226148921,15263226289629,15263226377694,15263230889881,4.74096,0.088065,4.512187,1920
live,1374,15263236148921,15263236286879,15263236371104,15263239961903,3.812982,0.084225,3.590799,1920
live,1375,15263246148921,15263246264288,15263246334785,15263249994289,3.845368,0.070497,3.659504,1920
live,1376,15263256148921,15263256284930,15263256372835,15263260760316,4.611395,0.087905,4.387481,1920
live,1377,15263266148921,15263266264004,15263266330436,15263270054165,3.905244,0.066432,3.723729,1920
live,1378,15263276148921,15263276295590,15263276396935,15263281269222,5.120301,0.101345,4.872287,1920
live,1379,15263286148921,15263286289863,15263286387048,15263290801250,4.652329,0.097185,4.414202,1920
live,1380,15263296148921,15263296289353,15263296360746,15263302940991,6.79207,0.071393,6.580245,1920
live,1381,15263306148921,15263306320619,15263306697552,15263309920378,3.771457,0.376933,3.222826,1920
live,1382,15263316148921,15263316250668,15263316299948,15263319530518,3.381597,0.04928,3.23057,1920
live,1383,15263326148921,15263326265741,15263326322510,15263330410403,4.261482,0.056769,4.087893,1920
live,1384,15263336148921,15263336269679,15263336324944,15263339146868,2.997947,0.055265,2.821924,1920
live,1385,15263346148921,15263346261777,15263346330322,15263350025537,3.876616,0.068545,3.695215,1920
live,1386,15263356148921,15263356288243,15263356365844,15263360620491,4.47157,0.077601,4.254647,1920
live,1387,15263366148921,15263366284244,15263366373141,15263372188961,6.04004,0.088897,5.81582,1920
live,1388,15263376148921,15263376281206,15263376344503,15263379206588,3.057667,0.063297,2.862085,1920
live,1389,15263386148921,15263386260247,15263386327480,15263390335500,4.186579,0.067233,4.00802,1920
live,1390,15263396148921,15263396273561,15263396330714,15263399164351,3.01543,0.057153,2.833637,1920
live,1391,15263406148921,15263406247482,15263406284059,15263410704820,4.555899,0.036577,4.420761,1920
live,1392,15263416148921,15263416289981,15263416397342,15263420878552,4.729631,0.107361,4.48121,1920
live,1393,15263426148921,15263426297534,15263426383327,15263430566198,4.417277,0.085793,4.182871,1920
live,1394,15263436148921,15263436275872,15263436327680,15263439207494,3.058573,0.051808,2.879814,1920
live,1395,15263446148921,15263446252641,15263446303586,15263451052447,4.903526,0.050945,4.748861,1920
live,1396,15263456148921,15263456288259,15263456363844,15263460514618,4.365697,0.075585,4.150774,1920
live,1397,15263466148921,15263466282309,15263466346854,15263469430061,3.28114,0.064545,3.083207,1920
live,1398,15263476148921,15263476263334,15263476334279,15263480281530,4.132609,0.070945,3.947251,1920
live,1399,15263486148921,15263486284840,15263486361161,15263490602208,4.453287,0.076321,4.241047,1920
live,1400,15263496148921,15263496277194,15263496340266,15263500564193,4.415272,0.063072,4.223927,1920
live,1401,15263506148921,15263506264555,15263506331500,15263510275903,4.126982,0.066945,3.944403,1920
live,1402,15263516148921,15263516264589,15263516336718,15263522154681,6.00576,0.072129,5.817963,1920
live,1403,15263526148921,15263526345679,15263526470321,15263530803657,4.654736,0.124642,4.333336,1920
live,1404,15263536148921,15263536314929,15263536411826,15263541503508,5.354587,0.096897,5.091682,1920
live,1405,15263546148921,15263546276914,15263546344275,15263549846496,3.697575,0.067361,3.502221,1920
live,1406,15263556148921,15263556287476,15263556368981,15263561170771,5.02185,0.081505,4.80179,1920
live,1407,15263566148921,15263566475288,15263566679962,15263573218959,7.070038,0.204674,6.538997,1920
live,1408,15263576148921,15263576271095,15263576345496,15263579305470,3.156549,0.074401,2.959974,1920
live,1409,15263586148921,15263586263224,15263586326937,15263590095594,3.946673,0.063713,3.768657,1920
live,1410,15263596148921,15263596284666,15263596364507,15263600407376,4.258455,0.079841,4.042869,1920
live,1411,15263606148921,15263606272732,15263606328796,15263609187553,3.038632,0.056064,2.858757,1920
live,1412,15263616148921,15263616267421,15263616341502,15263621122460,4.973539,0.074081,4.780958,1920
live,1413,15263626148921,15263626286527,15263626355232,15263629379911,3.23099,0.068705,3.024679,1920
live,1414,15263636148921,15263636257568,15263636315521,15263640082866,3.933945,0.057953,3.767345,1920
live,1415,15263646148921,15263646277890,15263646356771,15263650557626,4.408705,0.078881,4.200855,1920
live,1416,15263656148921,15263656276196,15263656340325,15263659168713,3.019792,0.064129,2.828388,1920
live,1417,15263666148921,15263666252069,15263666308166,15263670224441,4.07552,0.056097,3.916275,1920
live,1418,15263676148921,15263676261223,15263676329736,15263680369436,4.220515,0.068513,4.0397,1920
live,1419,15263686148921,15263686272777,15263686325385,15263689181422,3.032501,0.052608,2.856037,1920
live,1420,15263696148921,15263696257130,15263696324811,15263701965716,5.816795,0.067681,5.640905,1920
live,1421,15263706148921,15263706294476,15263706370413,15263712161112,6.012191,0.075937,5.790699,1920
live,1422,15263716148921,15263716280174,15263716354831,15263719949597,3.800676,0.074657,3.594766,1920
live,1423,15263726148921,15263726263695,15263726338544,15263730674152,4.525231,0.074849,4.335608,1920
live,1424,15263736148921,15263736293841,15263736363634,15263739270200,3.121279,0.069793,2.906566,1920
live,1425,15263746148921,15263746274835,15263746337395,15263749047095,2.898174,0.06256,2.7097,1920
live,1426,15263756148921,15263756262068,15263756338869,15263760925105,4.776184,0.076801,4.586236,1920
live,1427,15263766148921,15263766294358,15263766381111,15263770741744,4.592823,0.086753,4.360633,1920
live,1428,15263776148921,15263776288696,15263776372857,15263779569122,3.420201,0.084161,3.196265,1920
live,1429,15263786148921,15263786275481,15263786344634,15263790404751,4.25583,0.069153,4.060117,1920
live,1430,15263796148921,15263796293531,15263796363644,15263799487109,3.338188,0.070113,3.123465,1920
live,1431,15263806148921,15263806274172,15263806325565,15263809420997,3.272076,0.051393,3.095432,1920
live,1432,15263816148921,15263816283998,15263816358975,15263820749080,4.600159,0.074977,4.390105,1920
live,1433,15263826148921,15263826285664,15263826364225,15263829516394,3.367473,0.078561,3.152169,1920
live,1434,15263836148921,15263836265857,15263836334050,15263840339382,4.190461,0.068193,4.005332,1920
live,1435,15263846148921,15263846297827,15263846364100,15263850580603,4.431682,0.066273,4.216503,1920
live,1436,15263856148921,15263856263749,15263856325445,15263859174890,3.025969,0.061696,2.849445,1920
live,1437,15263866148921,15263866261894,15263866325191,15263870331867,4.182946,0.063297,4.006676,1920
live,1438,15263876148921,15263876335273,15263876467147,15263880888484,4.739563,0.131874,4.421337,1920
live,1439,15263886148921,15263886292874,15263886352747,15263889252976,3.104055,0.059873,2.900229,1920
live,1440,15263896148921,15263896260043,15263896337484,15263903578250,7.429329,0.077441,7.240766,1920
live,1441,15263906148921,15263906272781,15263906337582,15263909187155,3.038234,0.064801,2.849573,1920
live,1442,15263916148921,15263916257166,15263916316047,15263919790780,3.641859,0.058881,3.474733,1920
live,1443,15263926148921,15263926293168,15263926387474,15263930490887,4.341966,0.094306,4.103413,1920
live,1444,15263936148921,15263936282802,15263936342035,15263939203480,3.054559,0.059233,2.861445,1920
live,1445,15263946148921,15263946256115,15263946315348,15263950077445,3.928524,0.059233,3.762097,1920
live,1446,15263956148921,15263956336086,15263956414615,15263960276713,4.127792,0.078529,3.862098,1920
live,1447,15263966148921,15263966289847,15263966349368,15263969252989,3.104068,0.059521,2.903621,1920
live,1448,15263976148921,15263976263160,15263976335577,15263980550480,4.401559,0.072417,4.214903,1920
live,1449,15263986148921,15263986296378,15263986389180,15263990512465,4.363544,0.092802,4.123285,1920
live,1450,15263996148921,15263996285756,15263996622528,15263999777001,3.62808,0.336772,3.154473,1920
live,1451,15264006148921,15264006252061,15264006301278,15264009943149,3.794228,0.049217,3.641871,1920
live,1452,15264016148921,15264016284351,15264016376768,15264020621431,4.47251,0.092417,4.244663,1920
live,1453,15264026148921,15264026294529,15264026398818,15264030875740,4.726819,0.104289,4.476922,1920
live,1454,15264036148921,15264036292450,15264036372260,15264041301731,5.15281,0.07981,4.929471,1920
live,1455,15264046148921,15264046268132,15264046336357,15264050183543,4.034622,0.068225,3.847186,1920
live,1456,15264056148921,15264056282918,15264056347526,15264060221689,4.072768,0.064608,3.874163,1920
live,1457,15264066148921,15264066269447,15264066323336,15264069212269,3.063348,0.053889,2.888933,1920
live,1458,15264076148921,15264076259081,15264076334506,15264081126920,4.977999,0.075425,4.792414,1920
live,1459,15264086148921,15264086298251,15264086402316,15264091726321,5.5774,0.104065,5.324005,1920
live,1460,15264096148921,15264096275372,15264096331085,15264100556900,4.407979,0.055713,4.225815,1920
live,1461,15264106148921,15264106259470,15264106329294,15264109996126,3.847205,0.069824,3.666832,1920
live,1462,15264116148921,15264116285455,15264116367185,15264121980473,5.831552,0.08173,5.613288,1920
live,1463,15264126148921,15264126281713,15264126357298,15264130031394,3.882473,0.075585,3.674096,1920
live,1464,15264136148921,15264136262834,15264136333875,15264140239974,4.091053,0.071041,3.906099,1920
live,1465,15264146148921,15264146299477,15264146409654,15264150505675,4.356754,0.110177,4.096021,1920
live,1466,15264156148921,15264156279830,15264156351671,15264159373566,3.224645,0.071841,3.021895,1920
live,1467,15264166148921,15264166256215,15264166320728,15264171244120,5.095199,0.064513,4.923392,1920
live,1468,15264176148921,15264176286201,15264176377051,15264183064433,6.915512,0.09085,6.687382,1920
live,1469,15264186148921,15264186288283,15264186368476,15264190069676,3.920755,0.080193,3.7012,1920
live,1470,15264196148921,15264196266652,15264196332573,15264199917740,3.768819,0.065921,3.585167,1920
live,1471,15264206148921,15264206282046,15264206367103,15264210084527,3.935606,0.085057,3.717424,1920
live,1472,15264216148921,15264216261088,15264216328384,15264220377205,4.228284,0.067296,4.048821,1920
live,1473,15264226148921,15264226263361,15264226336866,15264232024940,5.876019,0.073505,5.688074,1920
live,1474,15264236148921,15264236299523,15264236372932,15264239449612,3.300691,0.073409,3.07668,1920
live,1475,15264246148921,15264246266021,15264246337253,15264250928577,4.779656,0.071232,4.591324,1920
live,1476,15264256148921,15264256269190,15264256338503,15264261101829,4.952908,0.069313,4.763326,1920
live,1477,15264266148921,15264266298216,15264266379337,15264269986296,3.837375,0.081121,3.606959,1920
live,1478,15264276148921,15264276259625,15264276328426,15264279913689,3.764768,0.068801,3.585263,1920
live,1479,15264286148921,15264286299884,15264286418189,15264290762981,4.61406,0.118305,4.344792,1920
live,1480,15264296148921,15264296300493,15264296379566,15264301207277,5.058356,0.079073,4.827711,1920
live,1481,15264306148921,15264306257966,15264306315375,15264311641172,5.492251,0.057409,5.325797,1920
live,1482,15264316148921,15264316278576,15264316349073,15264319287351,3.13843,0.070497,2.938278,1920
live,1483,15264326148921,15264326300402,15264326364947,15264329377274,3.228353,0.064545,3.012327,1920
live,1484,15264336148921,15264336264019,15264336329748,15264343719700,7.570779,0.065729,7.389952,1920
live,1485,15264346148921,15264346282901,15264346335766,15264349297980,3.149059,0.052865,2.962214,1920
live,1486,15264356148921,15264356261334,15264356320375,15264360255978,4.107057,0.059041,3.935603,1920
live,1487,15264366148921,15264366285624,15264366364377,15264370627953,4.479032,0.078753,4.263576,1920
live,1488,15264376148921,15264376275290,15264376341179,15264379134655,2.985734,0.065889,2.793476,1920
live,1489,15264386148921,15264386266459,15264386335740,15264390387537,4.238616,0.069281,4.051797,1920
live,1490,15264396148921,15264396281309,15264396339486,15264399215619,3.066698,0.058177,2.876133,1920
live,1491,15264406148921,15264406259551,15264406312767,15264410218322,4.069401,0.053216,3.905555,1920
live,1492,15264416148921,15264416284993,15264416367810,15264420536760,4.387839,0.082817,4.16895,1920
live,1493,15264426148921,15264426273538,15264426336323,15264429204392,3.055471,0.062785,2.868069,1920
live,1494,15264436148921,15264436262532,15264436333285,15264440599932,4.451011,0.070753,4.266647,1920
live,1495,15264446148921,15264446297670,15264446387815,15264450669246,4.520325,0.090145,4.281431,1920
live,1496,15264456148921,15264456273703,15264456335368,15264459439792,3.290871,0.061665,3.104424,1920
live,1497,15264466148921,15264466265193,15264466325481,15264470743395,4.594474,0.060288,4.417914,1920
live,1498,15264476148921,15264476285002,15264476372652,15264482396954,6.248033,0.08765,6.024302,1920
live,1499,15264486148921,15264486276172,15264486453134,15264489608535,3.459614,0.176962,3.155401,1920
