stage,sequence,release_ns,queued_ns,start_ns,end_ns,age_ms,queue_ms,service_ms,output_samples
live,0,13637962228775,13637962680637,13637962770590,13637964606933,2.378158,0.089953,1.836343,480
live,1,13637972228775,13637972399670,13637972685050,13637973412739,1.183964,0.28538,0.727689,480
live,2,13637982228775,13637982364371,13637982431667,13637983223517,0.994742,0.067296,0.79185,480
live,3,13637992228775,13637992377488,13637992451857,13637993358268,1.129493,0.074369,0.906411,480
live,4,13638002228775,13638002380365,13638002450701,13638003426618,1.197843,0.070336,0.975917,480
live,5,13638012228775,13638012375337,13638012448810,13638013422070,1.193295,0.073473,0.97326,480
live,6,13638022228775,13638022378470,13638022448391,13638023389747,1.160972,0.069921,0.941356,480
live,7,13638032228775,13638032343299,13638032389731,13638033192589,0.963814,0.046432,0.802858,480
live,8,13638042228775,13638042353728,13638042433953,13638043644048,1.415273,0.080225,1.210095,480
live,9,13638052228775,13638052374141,13638052444382,13638053394985,1.16621,0.070241,0.950603,480
live,10,13638062228775,13638062371354,13638062440410,13638063381190,1.152415,0.069056,0.94078,480
live,11,13638072228775,13638072375030,13638072442071,13638073375171,1.146396,0.067041,0.9331,480
live,12,13638082228775,13638082379763,13638082465844,13638083452097,1.223322,0.086081,0.986253,480
live,13,13638092228775,13638092377648,13638092455985,13638093390973,1.162198,0.078337,0.934988,480
live,14,13638102228775,13638102382861,13638102460462,13638103398426,1.169651,0.077601,0.937964,480
live,15,13638112228775,13638112375498,13638112446027,13638113387190,1.158415,0.070529,0.941163,480
live,16,13638122228775,13638122352454,13638122388903,13638123178449,0.949674,0.036449,0.789546,480
live,17,13638132228775,13638132347203,13638132387748,13638133180398,0.951623,0.040545,0.79265,480
live,18,13638142228775,13638142347488,13638142433665,13638143550735,1.32196,0.086177,1.11707,480
live,19,13638152228775,13638152372669,13638152466494,13638153508395,1.27962,0.093825,1.041901,480
live,20,13638162228775,13638162380090,13638162467131,13638165653859,3.425084,0.087041,3.186728,480
live,21,13638172228775,13638172382455,13638172442872,13638172954622,0.725847,0.060417,0.51175,480
live,22,13638182228775,13638182364948,13638182445493,13638183417121,1.188346,0.080545,0.971628,480
live,23,13638192228775,13638192381937,13638192476754,13638193458078,1.229303,0.094817,0.981324,480
live,24,13638202228775,13638202381262,13638202469807,13638203415611,1.186836,0.088545,0.945804,480
live,25,13638212228775,13638212378058,13638212458155,13638213397271,1.168496,0.080097,0.939116,480
live,26,13638222228775,13638222378183,13638222457160,13638223426804,1.198029,0.078977,0.969644,480
live,27,13638232228775,13638232386244,13638232460549,13638233440657,1.211882,0.074305,0.980108,480
live,28,13638242228775,13638242380961,13638242451810,13638243391534,1.162759,0.070849,0.939724,480
live,29,13638252228775,13638252374174,13638252459423,13638253401291,1.172516,0.085249,0.941868,480
live,30,13638262228775,13638262373755,13638262468284,13638263394023,1.165248,0.094529,0.925739,480
live,31,13638272228775,13638272378072,13638272455929,13638273385540,1.156765,0.077857,0.929611,480
live,32,13638282228775,13638282377588,13638282468406,13638283434594,1.205819,0.090818,0.966188,480
live,33,13638292228775,13638292376881,13638292440690,13638293374366,1.145591,0.063809,0.933676,480
live,34,13638302228775,13638302371726,13638302441039,13638303362042,1.133267,0.069313,0.921003,480
live,35,13638312228775,13638312373675,13638312450956,13638313385272,1.156497,0.077281,0.934316,480
live,36,13638322228775,13638322375112,13638322456553,13638323389076,1.160301,0.081441,0.932523,480
live,37,13638332228775,13638332682120,13638333440242,13638334678657,2.449882,0.758122,1.238415,480
live,38,13638342228775,13638342408578,13638342488611,13638343453327,1.224552,0.080033,0.964716,480
live,39,13638352228775,13638352381534,13638352452479,13638353397067,1.168292,0.070945,0.944588,480
live,40,13638362228775,13638362372891,13638362459452,13638365582755,3.35398,0.086561,3.123303,480
live,41,13638372228775,13638372385912,13638372474329,13638373436165,1.20739,0.088417,0.961836,480
live,42,13638382228775,13638382379157,13638382465782,13638383423490,1.194715,0.086625,0.957708,480
live,43,13638392228775,13638392390930,13638392485299,13638393495584,1.266809,0.094369,1.010285,480
live,44,13638402228775,13638402362382,13638402400271,13638402857333,0.628558,0.037889,0.457062,480
live,45,13638412228775,13638412358987,13638412429324,13638413367928,1.139153,0.070337,0.938604,480
live,46,13638422228775,13638422380232,13638422470089,13638423434102,1.205327,0.089857,0.964013,480
live,47,13638432228775,13638432374469,13638432464678,13638433401106,1.172331,0.090209,0.936428,480
live,48,13638442228775,13638442378690,13638442470403,13638443439247,1.210472,0.091713,0.968844,480
live,49,13638452228775,13638452379871,13638452447456,13638453393260,1.164485,0.067585,0.945804,480
live,50,13638462228775,13638462375068,13638462442557,13638463392776,1.164001,0.067489,0.950219,480
live,51,13638472228775,13638472379609,13638472465818,13638473421958,1.193183,0.086209,0.95614,480
live,52,13638482228775,13638482379445,13638482460150,13638483390850,1.162075,0.080705,0.9307,480
live,53,13638492228775,13638492374834,13638492450451,13638493425247,1.196472,0.075617,0.974796,480
live,54,13638502228775,13638502372399,13638502440848,13638503370620,1.141845,0.068449,0.929772,480
live,55,13638512228775,13638512374412,13638512440525,13638513368728,1.139953,0.066113,0.928203,480
live,56,13638522228775,13638522389993,13638522461066,13638523387637,1.158862,0.071073,0.926571,480
live,57,13638532228775,13638532373222,13638532458471,13638533397938,1.169163,0.085249,0.939467,480
live,58,13638542228775,13638542376131,13638542454468,13638543410127,1.181352,0.078337,0.955659,480
live,59,13638552228775,13638552374527,13638552451552,13638553388940,1.160165,0.077025,0.937388,480
live,60,13638562228775,13638562375452,13638562444349,13638565483907,3.255132,0.068897,3.039558,480
live,61,13638572228775,13638572380601,13638572450682,13638573389670,1.160895,0.070081,0.938988,480
live,62,13638582228775,13638582378646,13638582455479,13638583417507,1.188732,0.076833,0.962028,480
live,63,13638592228775,13638592382579,13638592473588,13638593474977,1.246202,0.091009,1.001389,480
live,64,13638602228775,13638602389776,13638602490513,13638603492830,1.264055,0.100737,1.002317,480
live,65,13638612228775,13638612380493,13638612448589,13638613397081,1.168306,0.068096,0.948492,480
live,66,13638622228775,13638622379561,13638622470987,13638623446615,1.21784,0.091426,0.975628,480
live,67,13638632228775,13638632394694,13638632464679,13638633075631,0.846856,0.069985,0.610952,480
live,68,13638642228775,13638642369955,13638642445220,13638643152461,0.923686,0.075265,0.707241,480
live,69,13638652228775,13638652418368,13638652525538,13638653865779,1.637004,0.10717,1.340241,480
live,70,13638662228775,13638662424221,13638662521311,13638663798895,1.57012,0.09709,1.277584,480
live,71,13638672228775,13638672392410,13638672480123,13638673749195,1.52042,0.087713,1.269072,480
live,72,13638682228775,13638682388375,13638682469528,13638683425924,1.197149,0.081153,0.956396,480
live,73,13638692228775,13638692409492,13638692501461,13638693440257,1.211482,0.091969,0.938796,480
live,74,13638702228775,13638702392816,13638702478417,13638703419805,1.19103,0.085601,0.941388,480
live,75,13638712228775,13638712386733,13638712468558,13638713408666,1.179891,0.081825,0.940108,480
live,76,13638722228775,13638722431947,13638722513036,13638723444151,1.215376,0.081089,0.931115,480
live,77,13638732228775,13638732415527,13638732486344,13638733729880,1.501105,0.070817,1.243536,480
live,78,13638742228775,13638742404260,13638742498757,13638743756917,1.528142,0.094497,1.25816,480
live,79,13638752228775,13638752389441,13638752481154,13638753757522,1.528747,0.091713,1.276368,480
live,80,13638762228775,13638762390301,13638762475711,13638765576549,3.347774,0.08541,3.100838,480
live,81,13638772228775,13638772383738,13638772467323,13638773410919,1.182144,0.083585,0.943596,480
live,82,13638782228775,13638782378199,13638782459160,13638783398244,1.169469,0.080961,0.939084,480
live,83,13638792228775,13638792761113,13638792884826,13638793878759,1.649984,0.123713,0.993933,480
live,84,13638802228775,13638802404753,13638802500338,13638803449886,1.221111,0.095585,0.949548,480
live,85,13638812228775,13638812382414,13638812464175,13638813414843,1.186068,0.081761,0.950668,480
live,86,13638822228775,13638822369162,13638822447851,13638823417047,1.188272,0.078689,0.969196,480
live,87,13638832228775,13638832377223,13638832458536,13638833447445,1.21867,0.081313,0.988909,480
live,88,13638842228775,13638842378500,13638842469861,13638844262140,2.033365,0.091361,1.792279,480
live,89,13638852228775,13638852361409,13638852420322,13638853056681,0.827906,0.058913,0.636359,480
live,90,13638862228775,13638862332861,13638862374878,13638863024934,0.796159,0.042017,0.650056,480
live,91,13638872228775,13638872367867,13638872446780,13638873413160,1.184385,0.078913,0.96638,480
live,92,13638882228775,13638882370583,13638882463257,13638883386116,1.157341,0.092674,0.922859,480
live,93,13638892228775,13638892372948,13638892458421,13638893709669,1.480894,0.085473,1.251248,480
live,94,13638902228775,13638902381937,13638902456818,13638903444863,1.216088,0.074881,0.988045,480
live,95,13638912228775,13638912374830,13638912469711,13638913734175,1.5054,0.094881,1.264464,480
live,96,13638922228775,13638922368299,13638922444140,13638923381495,1.15272,0.075841,0.937355,480
live,97,13638932228775,13638932373992,13638932449897,13638933386420,1.157645,0.075905,0.936523,480
live,98,13638942228775,13638942371749,13638942447366,13638943368625,1.13985,0.075617,0.921259,480
live,99,13638952228775,13638952375233,13638952443202,13638953719250,1.490475,0.067969,1.276048,480
live,100,13638962228775,13638962373118,13638962441375,13638965828969,3.600194,0.068257,3.387594,480
live,101,13638972228775,13638972379547,13638972472828,13638973739692,1.510917,0.093281,1.266864,480
live,102,13638982228775,13638982376088,13638982446297,13638983697609,1.468834,0.070209,1.251312,480
live,103,13638992228775,13638992375189,13638992459830,13638993436514,1.207739,0.084641,0.976684,480
live,104,13639002228775,13639002373810,13639002467891,13639003449439,1.220664,0.094081,0.981548,480
live,105,13639012228775,13639012378351,13639012447920,13639013384827,1.156052,0.069569,0.936907,480
live,106,13639022228775,13639022372491,13639022439212,13639023372888,1.144113,0.066721,0.933676,480
live,107,13639032228775,13639032368232,13639032447561,13639033371925,1.14315,0.079329,0.924364,480
live,108,13639042228775,13639042370149,13639042463846,13639043391186,1.162411,0.093697,0.92734,480
live,109,13639052228775,13639052380898,13639052483107,13639053501616,1.272841,0.102209,1.018509,480
live,110,13639062228775,13639062378303,13639062454176,13639063440268,1.211493,0.075873,0.986092,480
live,111,13639072228775,13639072376060,13639072474237,13639073753805,1.52503,0.098177,1.279568,480
live,112,13639082228775,13639082409593,13639082509466,13639083815499,1.586724,0.099873,1.306033,480
live,113,13639092228775,13639092377813,13639092458646,13639093728134,1.499359,0.080833,1.269488,480
live,114,13639102228775,13639102375090,13639102457779,13639103742435,1.51366,0.082689,1.284656,480
live,115,13639112228775,13639112376335,13639112446672,13639113703808,1.475033,0.070337,1.257136,480
live,116,13639122228775,13639122372460,13639122440877,13639123700188,1.471413,0.068417,1.259311,480
live,117,13639132228775,13639132372745,13639132441098,13639133673817,1.445042,0.068353,1.232719,480
live,118,13639142228775,13639142373158,13639142441446,13639143687990,1.459215,0.068288,1.246544,480
live,119,13639152228775,13639152377346,13639152463044,13639153724755,1.49598,0.085698,1.261711,480
live,120,13639162228775,13639162381791,13639162455648,13639165524199,3.295424,0.073857,3.068551,480
live,121,13639172228775,13639172380028,13639172449725,13639173719949,1.491174,0.069697,1.270224,480
live,122,13639182228775,13639182376857,13639182448890,13639183713354,1.484579,0.072033,1.264464,480
live,123,13639192228775,13639192377462,13639192443255,13639193679366,1.450591,0.065793,1.236111,480
live,124,13639202228775,13639202378643,13639202469780,13639203757348,1.528573,0.091137,1.287568,480
live,125,13639212228775,13639212380944,13639212461745,13639213714496,1.485721,0.080801,1.252751,480
live,126,13639222228775,13639222373484,13639222440717,13639223679229,1.450454,0.067233,1.238512,480
live,127,13639232228775,13639232373865,13639232441866,13639233690970,1.462195,0.068001,1.249104,480
live,128,13639242228775,13639242370758,13639242442215,13639243683478,1.454703,0.071457,1.241263,480
live,129,13639252228775,13639252462468,13639252533445,13639253841205,1.61243,0.070977,1.30776,480
live,130,13639262228775,13639262376608,13639262469281,13639263726513,1.497738,0.092673,1.257232,480
live,131,13639272228775,13639272373981,13639272459966,13639273695341,1.466566,0.085985,1.235375,480
live,132,13639282228775,13639282373369,13639282460859,13639283709866,1.481091,0.08749,1.249007,480
live,133,13639292228775,13639292383638,13639292460439,13639293708743,1.479968,0.076801,1.248304,480
live,134,13639302228775,13639302377651,13639302453300,13639303764581,1.535806,0.075649,1.311281,480
live,135,13639312228775,13639312378256,13639312455121,13639313721537,1.492762,0.076865,1.266416,480
live,136,13639322228775,13639322376493,13639322455982,13639323692317,1.463542,0.079489,1.236335,480
live,137,13639332228775,13639332373354,13639332464651,13639333718427,1.489652,0.091297,1.253776,480
live,138,13639342228775,13639342372999,13639342438279,13639343690103,1.461328,0.06528,1.251824,480
live,139,13639352228775,13639352377507,13639352444580,13639353677748,1.448973,0.067073,1.233168,480
live,140,13639362228775,13639362382272,13639362464929,13639365830763,3.601988,0.082657,3.365834,480
live,141,13639372228775,13639372378045,13639372462558,13639373746638,1.517863,0.084513,1.28408,480
live,142,13639382228775,13639382370202,13639382436059,13639383681002,1.452227,0.065857,1.244943,480
live,143,13639392228775,13639392364279,13639392428344,13639393682343,1.453568,0.064065,1.253999,480
live,144,13639402228775,13639402371220,13639402438805,13639403679012,1.450237,0.067585,1.240207,480
live,145,13639412228775,13639412367824,13639412435665,13639413706209,1.477434,0.067841,1.270544,480
live,146,13639422228775,13639422372301,13639422435022,13639423676958,1.448183,0.062721,1.241936,480
live,147,13639432228775,13639432363050,13639432449451,13639433683579,1.454804,0.086401,1.234128,480
live,148,13639442228775,13639442368071,13639442445704,13639443682647,1.453872,0.077633,1.236943,480
live,149,13639452228775,13639452370148,13639452436805,13639453674388,1.445613,0.066657,1.237583,480
live,150,13639462228775,13639462369505,13639462440514,13639463706033,1.477258,0.071009,1.265519,480
live,151,13639472228775,13639472372126,13639472440126,13639473670798,1.442023,0.068,1.230672,480
live,152,13639482228775,13639482421851,13639482502652,13639483745068,1.516293,0.080801,1.242416,480
live,153,13639492228775,13639492391352,13639492469561,13639493699496,1.470721,0.078209,1.229935,480
live,154,13639502228775,13639502372116,13639502451061,13639503689797,1.461022,0.078945,1.238736,480
live,155,13639512228775,13639512379729,13639512489170,13639513924228,1.695453,0.109441,1.435058,480
live,156,13639522228775,13639522389486,13639522483023,13639524026403,1.797628,0.093537,1.54338,480
live,157,13639532228775,13639532371147,13639532451116,13639533427864,1.199089,0.079969,0.976748,480
live,158,13639542228775,13639542367464,13639542448809,13639543417429,1.188654,0.081345,0.96862,480
live,159,13639552228775,13639552372996,13639552440549,13639553710709,1.481934,0.067553,1.27016,480
live,160,13639562228775,13639562371585,13639562457762,13639565938510,3.709735,0.086177,3.480748,480
live,161,13639572228775,13639572375678,13639572461631,13639573447500,1.218725,0.085953,0.985869,480
live,162,13639582228775,13639582377403,13639582446748,13639583404744,1.175969,0.069345,0.957996,480
live,163,13639592228775,13639592365752,13639592444697,13639593730505,1.50173,0.078945,1.285808,480
live,164,13639602228775,13639602371125,13639602442006,13639603703045,1.47427,0.070881,1.261039,480
live,165,13639612228775,13639612376754,13639612468659,13639613805987,1.577212,0.091905,1.337328,480
live,166,13639622228775,13639622375470,13639622453775,13639623722719,1.493944,0.078305,1.268944,480
live,167,13639632228775,13639632375563,13639632443020,13639633715420,1.486645,0.067457,1.2724,480
live,168,13639642228775,13639642370696,13639642436137,13639643689817,1.461042,0.065441,1.25368,480
live,169,13639652228775,13639652368325,13639652439942,13639653711222,1.482447,0.071617,1.27128,480
live,170,13639662228775,13639662373954,13639662464867,13639663823092,1.594317,0.090913,1.358225,480
live,171,13639672228775,13639672383199,13639672462688,13639673754864,1.526089,0.079489,1.292176,480
live,172,13639682228775,13639682373051,13639682442812,13639683719436,1.490661,0.069761,1.276624,480
live,173,13639692228775,13639692370808,13639692437241,13639693709385,1.48061,0.066433,1.272144,480
live,174,13639702228775,13639702370741,13639702438454,13639703695142,1.466367,0.067713,1.256688,480
live,175,13639712228775,13639712574261,13639713096251,13639714535117,2.306342,0.52199,1.438866,480
live,176,13639722228775,13639722400399,13639722793748,13639724788269,2.559494,0.393349,1.994521,480
live,177,13639732228775,13639732395244,13639732876562,13639734850891,2.622116,0.481318,1.974329,480
live,178,13639742228775,13639742411401,13639742818670,13639744850247,2.621472,0.407269,2.031577,480
live,179,13639752228775,13639752398886,13639752535847,13639754530016,2.301241,0.136961,1.994169,480
live,180,13639762228775,13639762388802,13639762476132,13639766513398,4.284623,0.08733,4.037266,480
live,181,13639772228775,13639772386783,13639772485793,13639774336120,2.107345,0.09901,1.850327,480
live,182,13639782228775,13639782373084,13639782459293,13639784334708,2.105933,0.086209,1.875415,480
live,183,13639792228775,13639792374809,13639792457946,13639794315665,2.08689,0.083137,1.857719,480
live,184,13639802228775,13639802368662,13639802442455,13639804350638,2.121863,0.073793,1.908183,480
live,185,13639812228775,13639812366162,13639812448083,13639814582798,2.354023,0.081921,2.134715,480
live,186,13639822228775,13639822373199,13639822462448,13639824382440,2.153665,0.089249,1.919992,480
live,187,13639832228775,13639832371884,13639832457197,13639834315620,2.086845,0.085313,1.858423,480
live,188,13639842228775,13639842369577,13639842444426,13639844361890,2.133115,0.074849,1.917464,480
live,189,13639852228775,13639852366598,13639852452295,13639854318110,2.089335,0.085697,1.865815,480
live,190,13639862228775,13639862367427,13639862465572,13639864351675,2.1229,0.098145,1.886103,480
live,191,13639872228775,13639872380160,13639872475297,13639874358584,2.129809,0.095137,1.883287,480
live,192,13639882228775,13639882372188,13639882458398,13639884339093,2.110318,0.08621,1.880695,480
live,193,13639892228775,13639892369305,13639892441722,13639894282385,2.05361,0.072417,1.840663,480
live,194,13639902228775,13639902365686,13639902439127,13639904340271,2.111496,0.073441,1.901144,480
live,195,13639912228775,13639912368371,13639912453844,13639914317003,2.088228,0.085473,1.863159,480
live,196,13639922228775,13639922376304,13639922467537,13639924406537,2.177762,0.091233,1.939,480
live,197,13639932228775,13639932375853,13639932448590,13639934305829,2.077054,0.072737,1.857239,480
live,198,13639942228775,13639942367657,13639942440938,13639943475255,1.24648,0.073281,1.034317,480
live,199,13639952228775,13639952368294,13639952448615,13639953431348,1.202573,0.080321,0.982733,480
live,200,13639962228775,13639962373155,13639962457636,13639965561579,3.332804,0.084481,3.103943,480
live,201,13639972228775,13639972378336,13639972474465,13639973472846,1.244071,0.096129,0.998381,480
live,202,13639982228775,13639982384765,13639982475230,13639983470091,1.241316,0.090465,0.994861,480
live,203,13639992228775,13639992379258,13639992460443,13639993426823,1.198048,0.081185,0.96638,480
live,204,13640002228775,13640002368759,13640002471096,13640003421924,1.193149,0.102337,0.950828,480
live,205,13640012228775,13640012369715,13640012446836,13640013393728,1.164953,0.077121,0.946892,480
live,206,13640022228775,13640022372240,13640022453809,13640023440158,1.211383,0.081569,0.986349,480
live,207,13640032228775,13640032369933,13640032461166,13640033411450,1.182675,0.091233,0.950284,480
live,208,13640042228775,13640042369322,13640042437035,13640043383831,1.155056,0.067713,0.946796,480
live,209,13640052228775,13640052373031,13640052438888,13640053376211,1.147436,0.065857,0.937323,480
live,210,13640062228775,13640062370084,13640062439269,13640063384912,1.156137,0.069185,0.945643,480
live,211,13640072228775,13640072380833,13640072818598,13640074790943,2.562168,0.437765,1.972345,480
live,212,13640082228775,13640082406846,13640082820131,13640084854812,2.626037,0.413285,2.034681,480
live,213,13640092228775,13640092414779,13640092822784,13640094834745,2.60597,0.408005,2.011961,480
live,214,13640102228775,13640102418808,13640102822685,13640104878710,2.649935,0.403877,2.056025,480
live,215,13640112228775,13640112373492,13640112456981,13640114314028,2.085253,0.083489,1.857047,480
live,216,13640122228775,13640122375025,13640122473266,13640124366666,2.137891,0.098241,1.8934,480
live,217,13640132228775,13640132375374,13640132461935,13640134316646,2.087871,0.086561,1.854711,480
live,218,13640142228775,13640142370762,13640142444331,13640144329123,2.100348,0.073569,1.884792,480
live,219,13640152228775,13640152364327,13640152437896,13640154265631,2.036856,0.073569,1.827735,480
live,220,13640162228775,13640162366020,13640162440677,13640166418295,4.18952,0.074657,3.977618,480
live,221,13640172228775,13640172376161,13640172469986,13640174367290,2.138515,0.093825,1.897304,480
live,222,13640182228775,13640182373086,13640182451647,13640184314806,2.086031,0.078561,1.863159,480
live,223,13640192228775,13640192378491,13640192481596,13640194354515,2.12574,0.103105,1.872919,480
live,224,13640202228775,13640202374520,13640202461657,13640204381649,2.152874,0.087137,1.919992,480
live,225,13640212228775,13640212371380,13640212455989,13640214297132,2.068357,0.084609,1.841143,480
live,226,13640222228775,13640222508435,13640222598708,13640224656782,2.428007,0.090273,2.058074,480
live,227,13640232228775,13640232374222,13640232449711,13640234723851,2.495076,0.075489,2.27414,480
live,228,13640242228775,13640242405643,13640242496140,13640244781897,2.553122,0.090497,2.285757,480
live,229,13640252228775,13640252384744,13640252459017,13640254537187,2.308412,0.074273,2.07817,480
live,230,13640262228775,13640262370501,13640262474918,13640264319869,2.091094,0.104417,1.844951,480
live,231,13640272228775,13640272369345,13640272451746,13640274898561,2.669786,0.082401,2.446815,480
live,232,13640282228775,13640282375998,13640282462047,13640284392984,2.164209,0.086049,1.930937,480
live,233,13640292228775,13640292371771,13640292474236,13640294331124,2.102349,0.102465,1.856888,480
live,234,13640302228775,13640302369304,13640302452505,13640304382385,2.15361,0.083201,1.92988,480
live,235,13640312228775,13640312368181,13640312441974,13640314702578,2.473803,0.073793,2.260604,480
live,236,13640322228775,13640322366898,13640322440275,13640324744591,2.515816,0.073377,2.304316,480
live,237,13640332228775,13640332366446,13640332459216,13640334751020,2.522245,0.09277,2.291804,480
live,238,13640342228775,13640342369995,13640342454636,13640344596455,2.36768,0.084641,2.141819,480
live,239,13640352228775,13640352368424,13640352449321,13640354284224,2.055449,0.080897,1.834903,480
live,240,13640362228775,13640362366949,13640362466630,13640366459768,4.230993,0.099681,3.993138,480
live,241,13640372228775,13640372370018,13640372453379,13640374294522,2.065747,0.083361,1.841143,480
live,242,13640382228775,13640382372671,13640382460224,13640384386584,2.157809,0.087553,1.92636,480
live,243,13640392228775,13640392373820,13640392470461,13640394331796,2.103021,0.096641,1.861335,480
live,244,13640402228775,13640402368536,13640402451001,13640404772246,2.543471,0.082465,2.321245,480
live,245,13640412228775,13640412375413,13640412455414,13640414312238,2.083463,0.080001,1.856824,480
live,246,13640422228775,13640422370226,13640422465555,13640424380939,2.152164,0.095329,1.915384,480
live,247,13640432228775,13640432373039,13640432469040,13640434389512,2.160737,0.096001,1.920472,480
live,248,13640442228775,13640442377772,13640442466669,13640444358885,2.13011,0.088897,1.892216,480
live,249,13640452228775,13640452372745,13640452457034,13640454303937,2.075162,0.084289,1.846903,480
live,250,13640462228775,13640462371846,13640462460551,13640464344990,2.116215,0.088705,1.884439,480
live,251,13640472228775,13640472370434,13640472453091,13640474295674,2.066899,0.082657,1.842583,480
live,252,13640482228775,13640482370783,13640482466432,13640484367000,2.138225,0.095649,1.900568,480
live,253,13640492228775,13640492370140,13640492444573,13640494310740,2.081965,0.074433,1.866167,480
live,254,13640502228775,13640502367545,13640502444570,13640504760343,2.531568,0.077025,2.315773,480
live,255,13640512228775,13640512370710,13640512455607,13640514758196,2.529421,0.084897,2.302589,480
live,256,13640522228775,13640522375891,13640522468980,13640524638767,2.409992,0.093089,2.169787,480
live,257,13640532228775,13640532372591,13640532459505,13640534348104,2.119329,0.086914,1.888599,480
live,258,13640542228775,13640542371468,13640542447117,13640544354277,2.125502,0.075649,1.90716,480
live,259,13640552228775,13640552367817,13640552460586,13640554319905,2.09113,0.092769,1.859319,480
live,260,13640562228775,13640562369126,13640562442279,13640566424409,4.195634,0.073153,3.98213,480
live,261,13640572228775,13640572371619,13640572461860,13640574277435,2.04866,0.090241,1.815575,480
live,262,13640582228775,13640582369088,13640582458465,13640584368921,2.140146,0.089377,1.910456,480
live,263,13640592228775,13640592377405,13640592449790,13640594302581,2.073806,0.072385,1.852791,480
live,264,13640602228775,13640602367065,13640602453594,13640604343730,2.114955,0.086529,1.890136,480
live,265,13640612228775,13640612371926,13640612444567,13640614283054,2.054279,0.072641,1.838487,480
live,266,13640622228775,13640622368691,13640622446644,13640624325899,2.097124,0.077953,1.879255,480
live,267,13640632228775,13640632369328,13640632471985,13640633608383,1.379608,0.102657,1.136398,480
live,268,13640642228775,13640642380845,13640642474158,13640643472987,1.244212,0.093313,0.998829,480
live,269,13640652228775,13640652372938,13640652461771,13640654321826,2.093051,0.088833,1.860055,480
live,270,13640662228775,13640662370566,13640662459112,13640664400224,2.171449,0.088546,1.941112,480
live,271,13640672228775,13640672369315,13640672442788,13640674299419,2.070644,0.073473,1.856631,480
live,272,13640682228775,13640682609891,13640682717380,13640684945664,2.716889,0.107489,2.228284,480
live,273,13640692228775,13640692376349,13640692469214,13640694351702,2.122927,0.092865,1.882488,480
live,274,13640702228775,13640702370394,13640702456155,13640704328594,2.099819,0.085761,1.872439,480
live,275,13640712228775,13640712371415,13640712456792,13640714704596,2.475821,0.085377,2.247804,480
live,276,13640722228775,13640722366387,13640722440820,13640724597231,2.368456,0.074433,2.156411,480
live,277,13640732228775,13640732366800,13640732442065,13640735377078,3.148303,0.075265,2.935013,480
live,278,13640742228775,13640742370509,13640742456046,13640744388774,2.159999,0.085537,1.932728,480
live,279,13640752228775,13640752370026,13640752453131,13640754318338,2.089563,0.083105,1.865207,480
live,280,13640762228775,13640762369191,13640762454088,13640766443482,4.214707,0.084897,3.989394,480
live,281,13640772228775,13640772381892,13640772475045,13640774330844,2.102069,0.093153,1.855799,480
live,282,13640782228775,13640782379265,13640782466978,13640784350681,2.121906,0.087713,1.883703,480
live,283,13640792228775,13640792642529,13640792811811,13640794547449,2.318674,0.169282,1.735638,480
live,284,13640802228775,13640802422555,13640802518972,13640804642423,2.413648,0.096417,2.123451,480
live,285,13640812228775,13640812376983,13640812469688,13640814336016,2.107241,0.092705,1.866328,480
live,286,13640822228775,13640822384372,13640822477493,13640824758770,2.529995,0.093121,2.281277,480
live,287,13640832228775,13640832381105,13640832471506,13640834731374,2.502599,0.090401,2.259868,480
live,288,13640842228775,13640842381806,13640842476591,13640844786092,2.557317,0.094785,2.309501,480
live,289,13640852228775,13640852384107,13640852479340,13640854713960,2.485185,0.095233,2.23462,480
live,290,13640862228775,13640862384424,13640862485225,13640864811302,2.582527,0.100801,2.326077,480
live,291,13640872228775,13640872382148,13640872474790,13640874564864,2.336089,0.092642,2.090074,480
live,292,13640882228775,13640882379713,13640882476674,13640884437403,2.208628,0.096961,1.960729,480
live,293,13640892228775,13640892425343,13640892543264,13640894843933,2.615158,0.117921,2.300669,480
live,294,13640902228775,13640902397371,13640902499292,13640904661559,2.432784,0.101921,2.162267,480
live,295,13640912228775,13640912382936,13640912474713,13640914602259,2.373484,0.091777,2.127546,480
live,296,13640922228775,13640922374964,13640922452821,13640924610672,2.381897,0.077857,2.157851,480
live,297,13640932228775,13640932371281,13640932458002,13640934577485,2.34871,0.086721,2.119483,480
live,298,13640942228775,13640942374062,13640942453871,13640944608618,2.379843,0.079809,2.154747,480
live,299,13640952228775,13640952373419,13640952459052,13640954591975,2.3632,0.085633,2.132923,480
live,300,13640962228775,13640962370536,13640962457001,13640966703390,4.474615,0.086465,4.246389,480
live,301,13640972228775,13640972374501,13640972467174,13640974578688,2.349913,0.092673,2.111514,480
live,302,13640982228775,13640982371682,13640982451203,13640984607613,2.378838,0.079521,2.15641,480
live,303,13640992228775,13640992401183,13640992510560,13640994644539,2.415764,0.109377,2.133979,480
live,304,13641002228775,13641002462972,13641002574814,13641003934127,1.705352,0.111842,1.359313,480
live,305,13641012228775,13641012415417,13641012525338,13641013825642,1.596867,0.109921,1.300304,480
live,306,13641022228775,13641022381493,13641022464470,13641023734950,1.506175,0.082977,1.27048,480
live,307,13641032228775,13641032371346,13641032451283,13641033720835,1.49206,0.079937,1.269552,480
live,308,13641042228775,13641042373775,13641042462960,13641043764960,1.536185,0.089185,1.302,480
live,309,13641052228775,13641052372843,13641052458829,13641053729852,1.501077,0.085986,1.271023,480
live,310,13641062228775,13641062365832,13641062436393,13641063698041,1.469266,0.070561,1.261648,480
live,311,13641072228775,13641072379173,13641072466694,13641073725334,1.496559,0.087521,1.25864,480
live,312,13641082228775,13641082377378,13641082462403,13641083736755,1.50798,0.085025,1.274352,480
live,313,13641092228775,13641092562465,13641092999079,13641094432505,2.20373,0.436614,1.433426,480
live,314,13641102228775,13641102404188,13641102509149,13641103595307,1.366532,0.104961,1.086158,480
live,315,13641112228775,13641112437881,13641112850110,13641114792439,2.563664,0.412229,1.942329,480
live,316,13641122228775,13641122417526,13641122824571,13641124824852,2.596077,0.407045,2.000281,480
live,317,13641132228775,13641132428179,13641132848184,13641134841745,2.61297,0.420005,1.993561,480
live,318,13641142228775,13641142407567,13641142824949,13641145416917,3.188142,0.417382,2.591968,480
live,319,13641152228775,13641152393356,13641152800817,13641154815882,2.587107,0.407461,2.015065,480
live,320,13641162228775,13641162398857,13641162797358,13641166936994,4.708219,0.398501,4.139636,480
live,321,13641172228775,13641172423302,13641172856108,13641174885925,2.65715,0.432806,2.029817,480
live,322,13641182228775,13641182427267,13641182567781,13641184559326,2.330551,0.140514,1.991545,480
live,323,13641192228775,13641192383551,13641192463680,13641194315671,2.086896,0.080129,1.851991,480
live,324,13641202228775,13641202374908,13641202468189,13641204394805,2.16603,0.093281,1.926616,480
live,325,13641212228775,13641212375641,13641212460634,13641214311729,2.082954,0.084993,1.851095,480
live,326,13641222228775,13641222370998,13641222447319,13641224309966,2.081191,0.076321,1.862647,480
live,327,13641232228775,13641232368403,13641232452628,13641234294411,2.065636,0.084225,1.841783,480
live,328,13641242228775,13641242369295,13641242442896,13641244346248,2.117473,0.073601,1.903352,480
live,329,13641252228775,13641252370444,13641252457069,13641254340613,2.111838,0.086625,1.883544,480
live,330,13641262228775,13641262371433,13641262455402,13641264355554,2.126779,0.083969,1.900152,480
live,331,13641272228775,13641272366726,13641272466535,13641274311614,2.082839,0.099809,1.845079,480
live,332,13641282228775,13641282367075,13641282451876,13641284317755,2.08898,0.084801,1.865879,480
live,333,13641292228775,13641292373856,13641292457601,13641294295672,2.066897,0.083745,1.838071,480
live,334,13641302228775,13641302376029,13641302466846,13641304379158,2.150383,0.090817,1.912312,480
live,335,13641312228775,13641312374489,13641312468507,13641314347186,2.118411,0.094018,1.878679,480
live,336,13641322228775,13641322375478,13641322491288,13641324589650,2.360875,0.11581,2.098362,480
live,337,13641332228775,13641332402355,13641332498741,13641334370700,2.141925,0.096386,1.871959,480
live,338,13641342228775,13641342385072,13641342472497,13641344354217,2.125442,0.087425,1.88172,480
live,339,13641352228775,13641352380653,13641352475854,13641354337413,2.108638,0.095201,1.861559,480
live,340,13641362228775,13641362377770,13641362465483,13641366448316,4.219541,0.087713,3.982833,480
live,341,13641372228775,13641372373414,13641372468136,13641374317919,2.089144,0.094722,1.849783,480
live,342,13641382228775,13641382370755,13641382482245,13641384418749,2.189974,0.11149,1.936504,480
live,343,13641392228775,13641392369984,13641392442337,13641394289240,2.060465,0.072353,1.846903,480
live,344,13641402228775,13641402372157,13641402473566,13641404361846,2.133071,0.101409,1.88828,480
live,345,13641412228775,13641412370714,13641412456187,13641414310834,2.082059,0.085473,1.854647,480
live,346,13641422228775,13641422369815,13641422442615,13641424309583,2.080808,0.0728,1.866968,480
live,347,13641432228775,13641432366611,13641432449844,13641434308972,2.080197,0.083233,1.859128,480
live,348,13641442228775,13641442384016,13641442505490,13641444382217,2.153442,0.121474,1.876727,480
live,349,13641452228775,13641452376077,13641452459726,13641454337350,2.108575,0.083649,1.877624,480
live,350,13641462228775,13641462373066,13641462457611,13641464337955,2.10918,0.084545,1.880344,480
live,351,13641472228775,13641472368839,13641472457928,13641474319103,2.090328,0.089089,1.861175,480
live,352,13641482228775,13641482370372,13641482477573,13641484377885,2.14911,0.107201,1.900312,480
live,353,13641492228775,13641492368448,13641492443777,13641494309625,2.08085,0.075329,1.865848,480
live,354,13641502228775,13641502611488,13641502744802,13641504919197,2.690422,0.133314,2.174395,480
live,355,13641512228775,13641512371802,13641512456987,13641514284914,2.056139,0.085185,1.827927,480
live,356,13641522228775,13641522370263,13641522458520,13641524322479,2.093704,0.088257,1.863959,480
live,357,13641532228775,13641532372692,13641532468437,13641533527394,1.298619,0.095745,1.058957,480
live,358,13641542228775,13641542377009,13641542482386,13641543453150,1.224375,0.105377,0.970764,480
live,359,13641552228775,13641552388270,13641552479375,13641553816800,1.588025,0.091105,1.337425,480
live,360,13641562228775,13641562380939,13641562462892,13641565580274,3.351499,0.081953,3.117382,480
live,361,13641572228775,13641572377383,13641572471368,13641573433044,1.204269,0.093985,0.961676,480
live,362,13641582228775,13641582377700,13641582460485,13641583407153,1.178378,0.082785,0.946668,480
live,363,13641592228775,13641592370145,13641592447586,13641593395758,1.166983,0.077441,0.948172,480
live,364,13641602228775,13641602369054,13641602457535,13641603398059,1.169284,0.088481,0.940524,480
live,365,13641612228775,13641612370235,13641612461692,13641613438024,1.209249,0.091457,0.976332,480
live,366,13641622228775,13641622369143,13641622446328,13641623389956,1.161181,0.077185,0.943628,480
live,367,13641632228775,13641632369812,13641632437653,13641633389889,1.161114,0.067841,0.952236,480
live,368,13641642228775,13641642370865,13641642438994,13641643374974,1.146199,0.068129,0.93598,480
live,369,13641652228775,13641652372302,13641652439567,13641653399675,1.1709,0.067265,0.960108,480
live,370,13641662228775,13641662441964,13641662828497,13641664201282,1.972507,0.386533,1.372785,480
live,371,13641672228775,13641672381320,13641672456969,13641673236658,1.007883,0.075649,0.779689,480
live,372,13641682228775,13641682377029,13641682446885,13641683187247,0.958472,0.069856,0.740362,480
live,373,13641692228775,13641692383298,13641692471971,13641693767763,1.538988,0.088673,1.295792,480
live,374,13641702228775,13641702389566,13641702479680,13641703436651,1.207876,0.090114,0.956971,480
live,375,13641712228775,13641712399867,13641712506301,13641713490409,1.261634,0.106434,0.984108,480
live,376,13641722228775,13641722389624,13641722477369,13641723423941,1.195166,0.087745,0.946572,480
live,377,13641732228775,13641732381685,13641732462582,13641733407330,1.178555,0.080897,0.944748,480
live,378,13641742228775,13641742376498,13641742459379,13641743404062,1.175287,0.082881,0.944683,480
live,379,13641752228775,13641752374702,13641752456527,13641753725887,1.497112,0.081825,1.26936,480
live,380,13641762228775,13641762445292,13641762543597,13641766051065,3.82229,0.098305,3.507468,480
live,381,13641772228775,13641772417801,13641772531882,13641773835962,1.607187,0.114081,1.30408,480
live,382,13641782228775,13641782399685,13641782491942,13641783805463,1.576688,0.092257,1.313521,480
live,383,13641792228775,13641792426370,13641792833160,13641795187941,2.959166,0.40679,2.354781,480
live,384,13641802228775,13641802420479,13641802840196,13641805266435,3.03766,0.419717,2.426239,480
live,385,13641812228775,13641812415484,13641812828065,13641815227807,2.999032,0.412581,2.399742,480
live,386,13641822228775,13641822385944,13641822482522,13641824796759,2.567984,0.096578,2.314237,480
live,387,13641832228775,13641832385877,13641832481239,13641834720018,2.491243,0.095362,2.238779,480
live,388,13641842228775,13641842380594,13641842472275,13641844754960,2.526185,0.091681,2.282685,480
live,389,13641852228775,13641852375375,13641852452976,13641854591371,2.362596,0.077601,2.138395,480
live,390,13641862228775,13641862396300,13641862499821,13641864458246,2.229471,0.103521,1.958425,480
live,391,13641872228775,13641872384009,13641872478538,13641874753286,2.524511,0.094529,2.274748,480
live,392,13641882228775,13641882376869,13641882471815,13641884783939,2.555164,0.094946,2.312124,480
live,393,13641892228775,13641892379650,13641892469123,13641894736512,2.507737,0.089473,2.267389,480
live,394,13641902228775,13641902376191,13641902471488,13641904766749,2.537974,0.095297,2.295261,480
live,395,13641912228775,13641912398012,13641912502494,13641914804826,2.576051,0.104482,2.302332,480
live,396,13641922228775,13641922398681,13641922496506,13641924836632,2.607857,0.097825,2.340126,480
live,397,13641932228775,13641932385430,13641932476439,13641934630418,2.401643,0.091009,2.153979,480
live,398,13641942228775,13641942380947,13641942470004,13641944386764,2.157989,0.089057,1.91676,480
live,399,13641952228775,13641952383695,13641952479825,13641954602379,2.373604,0.09613,2.122554,480
live,400,13641962228775,13641962625071,13641962753681,13641967074727,4.845952,0.12861,4.321046,480
live,401,13641972228775,13641972402953,13641972511115,13641974599973,2.371198,0.108162,2.088858,480
live,402,13641982228775,13641982426086,13641982547688,13641984482368,2.253593,0.121602,1.93468,480
live,403,13641992228775,13641992424995,13641992569285,13641994737760,2.508985,0.14429,2.168475,480
live,404,13642002228775,13642002415136,13642002532481,13642004785150,2.556375,0.117345,2.252669,480
live,405,13642012228775,13642012386461,13642012488894,13642014742842,2.514067,0.102433,2.253948,480
live,406,13642022228775,13642022389593,13642022489499,13642024668854,2.440079,0.099906,2.179355,480
live,407,13642032228775,13642032383126,13642032476279,13642034621586,2.392811,0.093153,2.145307,480
live,408,13642042228775,13642042372211,13642042467572,13642044603695,2.37492,0.095361,2.136123,480
live,409,13642052228775,13642052371408,13642052446993,13642054569771,2.340996,0.075585,2.122778,480
live,410,13642062228775,13642062367148,13642062450446,13642064964653,2.735878,0.083298,2.514207,480
live,411,13642072228775,13642072370697,13642072455690,13642074582469,2.353694,0.084993,2.126779,480
live,412,13642082228775,13642082372006,13642082457895,13642084619554,2.390779,0.085889,2.161659,480
live,413,13642092228775,13642092370307,13642092455908,13642094581407,2.352632,0.085601,2.125499,480
live,414,13642102228775,13642102372192,13642102456321,13642104602204,2.373429,0.084129,2.145883,480
live,415,13642112228775,13642112369725,13642112467134,13642114575768,2.346993,0.097409,2.108634,480
live,416,13642122228775,13642122375514,13642122466107,13642124655478,2.426703,0.090593,2.189371,480
live,417,13642132228775,13642132376246,13642132466712,13642134587122,2.358347,0.090466,2.12041,480
live,418,13642142228775,13642142374515,13642142447380,13642144589039,2.360264,0.072865,2.141659,480
live,419,13642152228775,13642152372944,13642152454961,13642154576716,2.347941,0.082017,2.121755,480
live,420,13642162228775,13642162371821,13642162471790,13642166733507,4.504732,0.099969,4.261717,480
live,421,13642172228775,13642172380746,13642172478635,13642174640454,2.411679,0.097889,2.161819,480
live,422,13642182228775,13642182373319,13642182461352,13642184598594,2.369819,0.088033,2.137242,480
live,423,13642192228775,13642192372899,13642192444644,13642194579679,2.350904,0.071745,2.135035,480
live,424,13642202228775,13642202372288,13642202481538,13642204626204,2.397429,0.10925,2.144666,480
live,425,13642212228775,13642212379741,13642212468478,13642214615065,2.38629,0.088737,2.146587,480
live,426,13642222228775,13642222393690,13642222493787,13642224607222,2.378447,0.100097,2.113435,480
live,427,13642232228775,13642232401399,13642232499320,13642234369936,2.141161,0.097921,1.870616,480
live,428,13642242228775,13642242380788,13642242458005,13642244369965,2.14119,0.077217,1.91196,480
live,429,13642252228775,13642252376913,13642252462706,13642254335113,2.106338,0.085793,1.872407,480
live,430,13642262228775,13642262368493,13642262457678,13642264355430,2.126655,0.089185,1.897752,480
live,431,13642272228775,13642272378218,13642272472587,13642274346883,2.118108,0.094369,1.874296,480
live,432,13642282228775,13642282375495,13642282462728,13642284369248,2.140473,0.087233,1.90652,480
live,433,13642292228775,13642292372164,13642292455557,13642294338908,2.110133,0.083393,1.883351,480
live,434,13642302228775,13642302369921,13642302453058,13642304348249,2.119474,0.083137,1.895191,480
live,435,13642312228775,13642312371069,13642312452991,13642314294678,2.065903,0.081922,1.841687,480
live,436,13642322228775,13642322372698,13642322459131,13642324362643,2.133868,0.086433,1.903512,480
live,437,13642332228775,13642332376023,13642332448344,13642334297295,2.06852,0.072321,1.848951,480
live,438,13642342228775,13642342369172,13642342462197,13642344383149,2.154374,0.093025,1.920952,480
live,439,13642352228775,13642352369905,13642352458002,13642354319465,2.09069,0.088097,1.861463,480
live,440,13642362228775,13642362372494,13642362454799,13642366451681,4.222906,0.082305,3.996882,480
live,441,13642372228775,13642372376971,13642372476908,13642374419684,2.190909,0.099937,1.942776,480
live,442,13642382228775,13642382376647,13642382462025,13642384379712,2.150937,0.085378,1.917687,480
live,443,13642392228775,13642392374500,13642392461509,13642394336253,2.107478,0.087009,1.874744,480
live,444,13642402228775,13642402371425,13642402444450,13642404366586,2.137811,0.073025,1.922136,480
live,445,13642412228775,13642412365278,13642412438047,13642414274230,2.045455,0.072769,1.836183,480
live,446,13642422228775,13642422539293,13642422659678,13642424865178,2.636403,0.120385,2.2055,480
live,447,13642432228775,13642432445464,13642432575290,13642434566451,2.337676,0.129826,1.991161,480
live,448,13642442228775,13642442434901,13642442557175,13642444463983,2.235208,0.122274,1.906808,480
live,449,13642452228775,13642452437586,13642452565396,13642454450443,2.221668,0.12781,1.885047,480
live,450,13642462228775,13642462391374,13642462489840,13642464379559,2.150784,0.098466,1.889719,480
live,451,13642472228775,13642472373099,13642472466860,13642474985004,2.756229,0.093761,2.518144,480
live,452,13642482228775,13642482376168,13642482476425,13642484371521,2.142746,0.100257,1.895096,480
live,453,13642492228775,13642492372613,13642492463558,13642494323229,2.094454,0.090945,1.859671,480
live,454,13642502228775,13642502366657,13642502450370,13642504343514,2.114739,0.083713,1.893144,480
live,455,13642512228775,13642512361918,13642512447551,13642514303062,2.074287,0.085633,1.855511,480
live,456,13642522228775,13642522410940,13642522501053,13642524396340,2.167565,0.090113,1.895287,480
live,457,13642532228775,13642532400216,13642532499258,13642534388241,2.159466,0.099042,1.888983,480
live,458,13642542228775,13642542370389,13642542456054,13642544355726,2.126951,0.085665,1.899672,480
live,459,13642552228775,13642552366610,13642552448883,13642554291306,2.062531,0.082273,1.842423,480
live,460,13642562228775,13642562359950,13642562445167,13642566460770,4.231995,0.085217,4.015603,480
live,461,13642572228775,13642572365131,13642572444204,13642574296291,2.067516,0.079073,1.852087,480
live,462,13642582228775,13642582372456,13642582479306,13642584461410,2.232635,0.10685,1.982104,480
live,463,13642592228775,13642592371781,13642592445446,13642594320893,2.092118,0.073665,1.875447,480
live,464,13642602228775,13642602366690,13642602457251,13642604376795,2.14802,0.090561,1.919544,480
live,465,13642612228775,13642612362559,13642612446464,13642614298231,2.069456,0.083905,1.851767,480
live,466,13642622228775,13642622362555,13642622445244,13642624335828,2.107053,0.082689,1.890584,480
live,467,13642632228775,13642632366264,13642632471226,13642634777814,2.549039,0.104962,2.306588,480
live,468,13642642228775,13642642371221,13642642457110,13642644751059,2.522284,0.085889,2.293949,480
live,469,13642652228775,13642652408563,13642652521652,13642654831121,2.602346,0.113089,2.309469,480
live,470,13642662228775,13642662412815,13642662526737,13642664411272,2.182497,0.113922,1.884535,480
live,471,13642672228775,13642672413772,13642672538318,13642674425925,2.19715,0.124546,1.887607,480
live,472,13642682228775,13642682434537,13642682561259,13642684543652,2.314877,0.126722,1.982393,480
live,473,13642692228775,13642692385478,13642692487495,13642693560820,1.332045,0.102017,1.073325,480
live,474,13642702228775,13642702373154,13642702458979,13642703446000,1.217225,0.085825,0.987021,480
live,475,13642712228775,13642712364031,13642712444704,13642713407660,1.178885,0.080673,0.962956,480
live,476,13642722228775,13642722364668,13642722446493,13642723403305,1.17453,0.081825,0.956812,480
live,477,13642732228775,13642732367609,13642732463130,13642733453510,1.224735,0.095521,0.99038,480
live,478,13642742228775,13642742360149,13642742428694,13642743372866,1.144091,0.068545,0.944172,480
live,479,13642752228775,13642752360082,13642752447763,13642753394367,1.165592,0.087681,0.946604,480
live,480,13642762228775,13642762362255,13642762450832,13642765532663,3.303888,0.088577,3.081831,480
live,481,13642772228775,13642772365580,13642772447821,13642773403961,1.175186,0.082241,0.95614,480
live,482,13642782228775,13642782369481,13642782469450,13642783814203,1.585428,0.099969,1.344753,480
live,483,13642792228775,13642792373798,13642792441223,13642793732215,1.50344,0.067425,1.290992,480
live,484,13642802228775,13642802363523,13642802436291,13642803713171,1.484396,0.072768,1.27688,480
live,485,13642812228775,13642812382528,13642812771812,13642814683708,2.454933,0.389284,1.911896,480
live,486,13642822228775,13642822397405,13642822794914,13642824855387,2.626612,0.397509,2.060473,480
live,487,13642832228775,13642832372121,13642832469914,13642834365650,2.136875,0.097793,1.895736,480
live,488,13642842228775,13642842368054,13642842442967,13642844336463,2.107688,0.074913,1.893496,480
live,489,13642852228775,13642852358355,13642852428212,13642854281227,2.052452,0.069857,1.853015,480
live,490,13642862228775,13642862362736,13642862436912,13642864342248,2.113473,0.074176,1.905336,480
live,491,13642872228775,13642872361068,13642872435629,13642874304357,2.075582,0.074561,1.868728,480
live,492,13642882228775,13642882412970,13642882534539,13642884987146,2.758371,0.121569,2.452607,480
live,493,13642892228775,13642892427847,13642892543976,13642894890214,2.661439,0.116129,2.346238,480
live,494,13642902228775,13642902416644,13642902532901,13642904427261,2.198486,0.116257,1.89436,480
live,495,13642912228775,13642912424833,13642912544450,13642914426874,2.198099,0.119617,1.882424,480
live,496,13642922228775,13642922379485,13642922481694,13642924377430,2.148655,0.102209,1.895736,480
live,497,13642932228775,13642932378906,13642932515387,13642934686486,2.457711,0.136481,2.171099,480
live,498,13642942228775,13642942378582,13642942474520,13642944370415,2.14164,0.095938,1.895895,480
live,499,13642952228775,13642952369235,13642952458612,13642954578415,2.34964,0.089377,2.119803,480
live,500,13642962228775,13642962364944,13642962441073,13642966761191,4.532416,0.076129,4.320118,480
live,501,13642972228775,13642972367469,13642972465614,13642974608489,2.379714,0.098145,2.142875,480
live,502,13642982228775,13642982363370,13642982436171,13642984797512,2.568737,0.072801,2.361341,480
live,503,13642992228775,13642992367911,13642992456456,13642994600514,2.371739,0.088545,2.144058,480
live,504,13643002228775,13643002364355,13643002451556,13643004600447,2.371672,0.087201,2.148891,480
live,505,13643012228775,13643012357888,13643012439393,13643014568892,2.340117,0.081505,2.129499,480
live,506,13643022228775,13643022360029,13643022447678,13643024561016,2.332241,0.087649,2.113338,480
live,507,13643032228775,13643032369978,13643032462811,13643034892505,2.66373,0.092833,2.429694,480
live,508,13643042228775,13643042371575,13643042465400,13643044646259,2.417484,0.093825,2.180859,480
live,509,13643052228775,13643052364051,13643052444693,13643054569455,2.34068,0.080642,2.124762,480
live,510,13643062228775,13643062363216,13643062451537,13643064567692,2.338917,0.088321,2.116155,480
live,511,13643072228775,13643072364717,13643072445678,13643074533128,2.304353,0.080961,2.08745,480
live,512,13643082228775,13643082359946,13643082458955,13643084598566,2.369791,0.099009,2.139611,480
live,513,13643092228775,13643092368967,13643092469960,13643094630499,2.401724,0.100993,2.160539,480
live,514,13643102228775,13643102368036,13643102455781,13643104619520,2.390745,0.087745,2.163739,480
live,515,13643112228775,13643112406209,13643112511874,13643114387098,2.158323,0.105665,1.875224,480
live,516,13643122228775,13643122385374,13643122485375,13643124420247,2.191472,0.100001,1.934872,480
live,517,13643132228775,13643132415131,13643132527644,13643134417716,2.188941,0.112513,1.890072,480
live,518,13643142228775,13643142405016,13643142508217,13643144446673,2.217898,0.103201,1.938456,480
live,519,13643152228775,13643152383668,13643152477461,13643154374381,2.145606,0.093793,1.89692,480
live,520,13643162228775,13643162372273,13643162465202,13643166480004,4.251229,0.092929,4.014802,480
live,521,13643172228775,13643172374254,13643172462927,13643174372903,2.144128,0.088673,1.909976,480
live,522,13643182228775,13643182369994,13643182457420,13643184341123,2.112348,0.087426,1.883703,480
live,523,13643192228775,13643192377095,13643192476713,13643194373504,2.144729,0.099618,1.896791,480
live,524,13643202228775,13643202376548,13643202463013,13643204342621,2.113846,0.086465,1.879608,480
live,525,13643212228775,13643212369793,13643212455970,13643214279321,2.050546,0.086177,1.823351,480
live,526,13643222228775,13643222370078,13643222446239,13643224315158,2.086383,0.076161,1.868919,480
live,527,13643232228775,13643232368475,13643232453500,13643234295731,2.066956,0.085025,1.842231,480
live,528,13643242228775,13643242374936,13643242468889,13643244395345,2.16657,0.093953,1.926456,480
live,529,13643252228775,13643252374644,13643252457621,13643254286060,2.057285,0.082977,1.828439,480
live,530,13643262228775,13643262369393,13643262454130,13643264327178,2.098403,0.084737,1.873048,480
live,531,13643272228775,13643272372430,13643272468175,13643274342983,2.114208,0.095745,1.874808,480
live,532,13643282228775,13643282405259,13643282491468,13643284362948,2.134173,0.086209,1.87148,480
live,533,13643292228775,13643292405928,13643292503689,13643294421057,2.192282,0.097761,1.917368,480
live,534,13643302228775,13643302395077,13643302483142,13643304365085,2.13631,0.088065,1.881943,480
live,535,13643312228775,13643312375809,13643312462850,13643314314618,2.085843,0.087041,1.851768,480
live,536,13643322228775,13643322369950,13643322455903,13643324316534,2.087759,0.085953,1.860631,480
live,537,13643332228775,13643332371867,13643332458396,13643334304083,2.075308,0.086529,1.845687,480
live,538,13643342228775,13643342374776,13643342474649,13643344413649,2.184874,0.099873,1.939,480
live,539,13643352228775,13643352386645,13643352489174,13643354371086,2.142311,0.102529,1.881912,480
live,540,13643362228775,13643362397554,13643362497843,13643366540710,4.311935,0.100289,4.042867,480
live,541,13643372228775,13643372386127,13643372479792,13643374316871,2.088096,0.093665,1.837079,480
live,542,13643382228775,13643382377579,13643382464876,13643384316931,2.088156,0.087297,1.852055,480
live,543,13643392228775,13643392380584,13643392477417,13643394403361,2.174586,0.096833,1.925944,480
live,544,13643402228775,13643402375493,13643402469990,13643404316765,2.08799,0.094497,1.846775,480
live,545,13643412228775,13643412374690,13643412445891,13643414268857,2.040082,0.071201,1.822966,480
live,546,13643422228775,13643422375711,13643422450144,13643424315031,2.086256,0.074433,1.864887,480
live,547,13643432228775,13643432369179,13643432463389,13643434291923,2.063148,0.09421,1.828534,480
live,548,13643442228775,13643442617211,13643442768317,13643444966361,2.737586,0.151106,2.198044,480
live,549,13643452228775,13643452375797,13643452461526,13643454336078,2.107303,0.085729,1.874552,480
live,550,13643462228775,13643462368754,13643462454227,13643464717423,2.488648,0.085473,2.263196,480
live,551,13643472228775,13643472373231,13643472447280,13643474695596,2.466821,0.074049,2.248316,480
live,552,13643482228775,13643482372780,13643482458285,13643484747497,2.518722,0.085505,2.289212,480
live,553,13643492228775,13643492370920,13643492455625,13643495158859,2.930084,0.084705,2.703234,480
live,554,13643502228775,13643502378341,13643502463814,13643504355102,2.126327,0.085473,1.891288,480
live,555,13643512228775,13643512369986,13643512452611,13643514292058,2.063283,0.082625,1.839447,480
live,556,13643522228775,13643522368639,13643522439168,13643524303159,2.074384,0.070529,1.863991,480
live,557,13643532228775,13643532370300,13643532458045,13643534293460,2.064685,0.087745,1.835415,480
live,558,13643542228775,13643542376569,13643542451706,13643544344849,2.116074,0.075137,1.893143,480
live,559,13643552228775,13643552372405,13643552477335,13643554370030,2.141255,0.10493,1.892695,480
live,560,13643562228775,13643562374194,13643562460691,13643566435909,4.207134,0.086497,3.975218,480
live,561,13643572228775,13643572379599,13643572463856,13643574325447,2.096672,0.084257,1.861591,480
live,562,13643582228775,13643582420589,13643582536270,13643584400677,2.171902,0.115681,1.864407,480
live,563,13643592228775,13643592401033,13643592503786,13643594384354,2.155579,0.102753,1.880568,480
live,564,13643602228775,13643602391366,13643602488967,13643604430047,2.201272,0.097601,1.94108,480
live,565,13643612228775,13643612379715,13643612469284,13643614309531,2.080756,0.089569,1.840247,480
live,566,13643622228775,13643622374879,13643622473313,13643624341976,2.113201,0.098434,1.868663,480
live,567,13643632228775,13643632378588,13643632462589,13643634326356,2.097581,0.084001,1.863767,480
live,568,13643642228775,13643642373177,13643642448442,13643644355986,2.127211,0.075265,1.907544,480
live,569,13643652228775,13643652375926,13643652472599,13643654373103,2.144328,0.096673,1.900504,480
live,570,13643662228775,13643662375635,13643662471700,13643664341483,2.112708,0.096065,1.869783,480
live,571,13643672228775,13643672372783,13643672456272,13643674299207,2.070432,0.083489,1.842935,480
live,572,13643682228775,13643682370252,13643682455981,13643684335077,2.106302,0.085729,1.879096,480
live,573,13643692228775,13643692370345,13643692471082,13643694342658,2.113883,0.100737,1.871576,480
live,574,13643702228775,13643702373254,13643702464167,13643704410943,2.182168,0.090913,1.946776,480
live,575,13643712228775,13643712379427,13643712475844,13643713511089,1.282314,0.096417,1.035245,480
live,576,13643722228775,13643722370400,13643722448769,13643723425709,1.196934,0.078369,0.97694,480
live,577,13643732228775,13643732370300,13643732466654,13643733423114,1.194339,0.096354,0.95646,480
live,578,13643742228775,13643742368249,13643742444826,13643743386918,1.158143,0.076577,0.942092,480
live,579,13643752228775,13643752370134,13643752456791,13643753438723,1.209948,0.086657,0.981932,480
live,580,13643762228775,13643762376595,13643762460692,13643765572411,3.343636,0.084097,3.111719,480
live,581,13643772228775,13643772372048,13643772455377,13643773401597,1.172822,0.083329,0.94622,480
live,582,13643782228775,13643782368397,13643782449710,13643783397497,1.168722,0.081313,0.947787,480
live,583,13643792228775,13643792376586,13643792467083,13643793423223,1.194448,0.090497,0.95614,480
live,584,13643802228775,13643802380006,13643802474120,13643803480276,1.251501,0.094114,1.006156,480
live,585,13643812228775,13643812397411,13643812491301,13643813459601,1.230826,0.09389,0.9683,480
live,586,13643822228775,13643822380512,13643822454817,13643823399693,1.170918,0.074305,0.944876,480
live,587,13643832228775,13643832371965,13643832444446,13643833384073,1.155298,0.072481,0.939627,480
live,588,13643842228775,13643842393498,13643842803295,13643844763768,2.534993,0.409797,1.960473,480
live,589,13643852228775,13643852390327,13643852795868,13643854811829,2.583054,0.405541,2.015961,480
live,590,13643862228775,13643862410580,13643862807897,13643864823826,2.595051,0.397317,2.015929,480
live,591,13643872228775,13643872372816,13643872464785,13643874314440,2.085665,0.091969,1.849655,480
live,592,13643882228775,13643882377293,13643882464782,13643884361190,2.132415,0.087489,1.896408,480
live,593,13643892228775,13643892374186,13643892459563,13643894303522,2.074747,0.085377,1.843959,480
live,594,13643902228775,13643902375783,13643902470824,13643904399008,2.170233,0.095041,1.928184,480
live,595,13643912228775,13643912371652,13643912443940,13643914308828,2.080053,0.072288,1.864888,480
live,596,13643922228775,13643922366272,13643922442433,13643924324057,2.095282,0.076161,1.881624,480
live,597,13643932228775,13643932370429,13643932458942,13643934297365,2.06859,0.088513,1.838423,480
live,598,13643942228775,13643942373050,13643942448475,13643944351123,2.122348,0.075425,1.902648,480
live,599,13643952228775,13643952635706,13643952796668,13643954991256,2.762481,0.160962,2.194588,480
live,600,13643962228775,13643962370100,13643962444565,13643966443335,4.21456,0.074465,3.99877,480
live,601,13643972228775,13643972371217,13643972444049,13643973469406,1.240631,0.072832,1.025357,480
live,602,13643982228775,13643982369357,13643982447150,13643983406618,1.177843,0.077793,0.959468,480
live,603,13643992228775,13643992374506,13643992454283,13643993399607,1.170832,0.079777,0.945324,480
live,604,13644002228775,13644002368103,13644002447592,13644003592566,1.363791,0.079489,1.144974,480
live,605,13644012228775,13644012370084,13644012458277,13644013513778,1.285003,0.088193,1.055501,480
live,606,13644022228775,13644022379745,13644022465890,13644023436718,1.207943,0.086145,0.970828,480
live,607,13644032228775,13644032419934,13644032529439,13644033503212,1.274437,0.109505,0.973773,480
live,608,13644042228775,13644042406907,13644042508156,13644043459752,1.230977,0.101249,0.951596,480
live,609,13644052228775,13644052424120,13644052520601,13644053475205,1.24643,0.096481,0.954604,480
live,610,13644062228775,13644062407956,13644062496758,13644063470146,1.241371,0.088802,0.973388,480
live,611,13644072228775,13644072384465,13644072468114,13644073422814,1.194039,0.083649,0.9547,480
live,612,13644082228775,13644082375086,13644082444911,13644083388186,1.159411,0.069825,0.943275,480
live,613,13644092228775,13644092412107,13644092818864,13644094736360,2.507585,0.406757,1.917496,480
live,614,13644102228775,13644102425832,13644102832269,13644104846918,2.618143,0.406437,2.014649,480
live,615,13644112228775,13644112384068,13644112486886,13644114371005,2.14223,0.102818,1.884119,480
live,616,13644122228775,13644122375329,13644122462690,13644124360154,2.131379,0.087361,1.897464,480
live,617,13644132228775,13644132367198,13644132452159,13644134327446,2.098671,0.084961,1.875287,480
live,618,13644142228775,13644142370075,13644142454428,13644144326291,2.097516,0.084353,1.871863,480
live,619,13644152228775,13644152368407,13644152454937,13644154307472,2.078697,0.08653,1.852535,480
live,620,13644162228775,13644162381684,13644162473526,13644166539368,4.310593,0.091842,4.065842,480
live,621,13644172228775,13644172374961,13644172467666,13644174347274,2.118499,0.092705,1.879608,480
live,622,13644182228775,13644182367790,13644182452335,13644184316326,2.087551,0.084545,1.863991,480
live,623,13644192228775,13644192367595,13644192452812,13644194297603,2.068828,0.085217,1.844791,480
live,624,13644202228775,13644202366952,13644202463593,13644204347680,2.118905,0.096641,1.884087,480
live,625,13644212228775,13644212374597,13644212474342,13644214371421,2.142646,0.099745,1.897079,480
live,626,13644222228775,13644222377537,13644222456002,13644224324698,2.095923,0.078465,1.868696,480
live,627,13644232228775,13644232366750,13644232458367,13644234314870,2.086095,0.091617,1.856503,480
live,628,13644242228775,13644242371803,13644242460092,13644244355156,2.126381,0.088289,1.895064,480
live,629,13644252228775,13644252377912,13644252452889,13644254329296,2.100521,0.074977,1.876407,480
live,630,13644262228775,13644262391445,13644262495638,13644264479599,2.250824,0.104193,1.983961,480
live,631,13644272228775,13644272383762,13644272478867,13644274332874,2.104099,0.095105,1.854007,480
live,632,13644282228775,13644282376782,13644282467120,13644284363303,2.134528,0.090338,1.896183,480
live,633,13644292228775,13644292372523,13644292455724,13644294302755,2.07398,0.083201,1.847031,480
live,634,13644302228775,13644302370696,13644302466633,13644304358561,2.129786,0.095937,1.891928,480
live,635,13644312228775,13644312376517,13644312471846,13644314357534,2.128759,0.095329,1.885688,480
live,636,13644322228775,13644322375234,13644322449923,13644324331002,2.102227,0.074689,1.881079,480
live,637,13644332228775,13644332372351,13644332469568,13644334334359,2.105584,0.097217,1.864791,480
live,638,13644342228775,13644342370331,13644342442524,13644344329268,2.100493,0.072193,1.886744,480
live,639,13644352228775,13644352367128,13644352450265,13644354305872,2.077097,0.083137,1.855607,480
live,640,13644362228775,13644362372021,13644362470742,13644366493224,4.264449,0.098721,4.022482,480
live,641,13644372228775,13644372373138,13644372465075,13644374340298,2.111523,0.091937,1.875223,480
live,642,13644382228775,13644382368655,13644382450832,13644384339815,2.11104,0.082177,1.888983,480
live,643,13644392228775,13644392369867,13644392457133,13644394303044,2.074269,0.087266,1.845911,480
live,644,13644402228775,13644402371016,13644402443433,13644404356577,2.127802,0.072417,1.913144,480
live,645,13644412228775,13644412374853,13644412470630,13644414374398,2.145623,0.095777,1.903768,480
live,646,13644422228775,13644422376258,13644422450179,13644424335547,2.106772,0.073921,1.885368,480
live,647,13644432228775,13644432367871,13644432450912,13644434299351,2.070576,0.083041,1.848439,480
live,648,13644442228775,13644442369052,13644442452157,13644444353204,2.124429,0.083105,1.901047,480
live,649,13644452228775,13644452372825,13644452445849,13644454287696,2.058921,0.073024,1.841847,480
live,650,13644462228775,13644462460982,13644462765754,13644464680562,2.451787,0.304772,1.914808,480
live,651,13644472228775,13644472379378,13644472486388,13644474373035,2.14426,0.10701,1.886647,480
live,652,13644482228775,13644482522129,13644482639602,13644484545418,2.316643,0.117473,1.905816,480
live,653,13644492228775,13644492385932,13644492480909,13644494328900,2.100125,0.094977,1.847991,480
live,654,13644502228775,13644502379177,13644502473482,13644504751110,2.522335,0.094305,2.277628,480
live,655,13644512228775,13644512383974,13644512477319,13644515294186,3.065411,0.093345,2.816867,480
live,656,13644522228775,13644522378786,13644522468644,13644524643775,2.415,0.089858,2.175131,480
live,657,13644532228775,13644532373983,13644532459616,13644534298071,2.069296,0.085633,1.838455,480
live,658,13644542228775,13644542368604,13644542469117,13644544352885,2.12411,0.100513,1.883768,480
live,659,13644552228775,13644552372409,13644552464442,13644554313777,2.085002,0.092033,1.849335,480
live,660,13644562228775,13644562368214,13644562461751,13644566567274,4.338499,0.093537,4.105523,480
live,661,13644572228775,13644572375603,13644572470260,13644574345067,2.116292,0.094657,1.874807,480
live,662,13644582228775,13644582366575,13644582438960,13644584286791,2.058016,0.072385,1.847831,480
live,663,13644592228775,13644592366540,13644592439053,13644594259172,2.030397,0.072513,1.820119,480
live,664,13644602228775,13644602371689,13644602469418,13644604355554,2.126779,0.097729,1.886136,480
live,665,13644612228775,13644612375110,13644612452743,13644614267005,2.03823,0.077633,1.814262,480
live,666,13644622228775,13644622374275,13644622465252,13644624391068,2.162293,0.090977,1.925816,480
live,667,13644632228775,13644632367007,13644632451456,13644634292023,2.063248,0.084449,1.840567,480
live,668,13644642228775,13644642368124,13644642448765,13644644321365,2.09259,0.080641,1.8726,480
live,669,13644652228775,13644652366969,13644652448122,13644654305393,2.076618,0.081153,1.857271,480
live,670,13644662228775,13644662366614,13644662442231,13644664326510,2.097735,0.075617,1.884279,480
live,671,13644672228775,13644672373587,13644672469268,13644674325835,2.09706,0.095681,1.856567,480
live,672,13644682228775,13644682398704,13644682521970,13644684342760,2.113985,0.123266,1.82079,480
live,673,13644692228775,13644692415725,13644692534159,13644694168227,1.939452,0.118434,1.634068,480
live,674,13644702228775,13644702393162,13644702472107,13644704068319,1.839544,0.078945,1.596212,480
live,675,13644712228775,13644712477511,13644712639946,13644713848665,1.61989,0.162435,1.208719,480
live,676,13644722228775,13644722408515,13644722782472,13644723831413,1.602638,0.373957,1.048941,480
live,677,13644732228775,13644732413184,13644732990952,13644734933376,2.704601,0.577768,1.942424,480
live,678,13644742228775,13644742436509,13644742843427,13644744861020,2.632245,0.406918,2.017593,480
live,679,13644752228775,13644752387866,13644752475611,13644754304562,2.075787,0.087745,1.828951,480
live,680,13644762228775,13644762376726,13644762462135,13644765716704,3.487929,0.085409,3.254569,480
live,681,13644772228775,13644772377235,13644772468724,13644773499553,1.270778,0.091489,1.030829,480
live,682,13644782228775,13644782376208,13644782458641,13644783437053,1.208278,0.082433,0.978412,480
live,683,13644792228775,13644792371533,13644792456686,13644793412346,1.183571,0.085153,0.95566,480
live,684,13644802228775,13644802368426,13644802446443,13644803398166,1.169391,0.078017,0.951723,480
live,685,13644812228775,13644812443975,13644812544009,13644813528533,1.299758,0.100034,0.984524,480
live,686,13644822228775,13644822419716,13644822512581,13644823500305,1.27153,0.092865,0.987724,480
live,687,13644832228775,13644832382176,13644832475649,13644833452014,1.223239,0.093473,0.976365,480
live,688,13644842228775,13644842376509,13644842465438,13644843415466,1.186691,0.088929,0.950028,480
live,689,13644852228775,13644852368602,13644852468187,13644853403911,1.175136,0.099585,0.935724,480
live,690,13644862228775,13644862371607,13644862457688,13644863431172,1.202397,0.086081,0.973484,480
live,691,13644872228775,13644872386964,13644872470165,13644873452929,1.224154,0.083201,0.982764,480
live,692,13644882228775,13644882374672,13644882457329,13644883400189,1.171414,0.082657,0.94286,480
live,693,13644892228775,13644892405710,13644892814707,13644894729323,2.500548,0.408997,1.914616,480
live,694,13644902228775,13644902439467,13644902843088,13644904859273,2.630498,0.403621,2.016185,480
live,695,13644912228775,13644912378151,13644912464264,13644914304351,2.075576,0.086113,1.840087,480
live,696,13644922228775,13644922444005,13644922586438,13644924825570,2.596795,0.142433,2.239132,480
live,697,13644932228775,13644932384833,13644932486594,13644934483611,2.254836,0.101761,1.997017,480
live,698,13644942228775,13644942374781,13644942661345,13644943843376,1.614601,0.286564,1.182031,480
live,699,13644952228775,13644952376826,13644952468923,13644953486568,1.257793,0.092097,1.017645,480
live,700,13644962228775,13644962377335,13644962448600,13644965582079,3.353304,0.071265,3.133479,480
live,701,13644972228775,13644972375988,13644972449557,13644974246443,2.017668,0.073569,1.796886,480
live,702,13644982228775,13644982389745,13644982800438,13644984797231,2.568456,0.410693,1.996793,480
live,703,13644992228775,13644992414830,13644992815027,13644994823564,2.594789,0.400197,2.008537,480
live,704,13645002228775,13645002476460,13645002910641,13645004938026,2.709251,0.434181,2.027385,480
live,705,13645012228775,13645012452488,13645012871917,13645014830214,2.601439,0.419429,1.958297,480
live,706,13645022228775,13645022380708,13645022473957,13645024330204,2.101429,0.093249,1.856247,480
live,707,13645032228775,13645032383777,13645032483938,13645034363770,2.134995,0.100161,1.879832,480
live,708,13645042228775,13645042384862,13645042471199,13645044341878,2.113103,0.086337,1.870679,480
live,709,13645052228775,13645052372730,13645052445019,13645054282674,2.053899,0.072289,1.837655,480
live,710,13645062228775,13645062372215,13645062459768,13645064311439,2.082664,0.087553,1.851671,480
live,711,13645072228775,13645072371796,13645072456565,13645074281548,2.052773,0.084769,1.824983,480
live,712,13645082228775,13645082374289,13645082475826,13645084411850,2.183075,0.101537,1.936024,480
live,713,13645092228775,13645092388334,13645092476719,13645094311750,2.082975,0.088385,1.835031,480
live,714,13645102228775,13645102373643,13645102457068,13645104315331,2.086556,0.083425,1.858263,480
live,715,13645112228775,13645112369319,13645112455816,13645114301824,2.073049,0.086497,1.846008,480
live,716,13645122228775,13645122371748,13645122471749,13645124343165,2.11439,0.100001,1.871416,480
live,717,13645132228775,13645132377569,13645132469442,13645134339802,2.111027,0.091873,1.87036,480
live,718,13645142228775,13645142372510,13645142446655,13645144735771,2.506996,0.074145,2.289116,480
live,719,13645152228775,13645152368891,13645152460188,13645154756601,2.527826,0.091297,2.296413,480
live,720,13645162228775,13645162371000,13645162459513,13645166426442,4.197667,0.088513,3.966929,480
live,721,13645172228775,13645172384309,13645172489014,13645174396334,2.167559,0.104705,1.90732,480
live,722,13645182228775,13645182380753,13645182470130,13645184399467,2.170692,0.089377,1.929337,480
live,723,13645192228775,13645192380654,13645192465807,13645194305798,2.077023,0.085153,1.839991,480
live,724,13645202228775,13645202367019,13645202456460,13645204328131,2.099356,0.089441,1.871671,480
live,725,13645212228775,13645212365064,13645212446121,13645214294432,2.065657,0.081057,1.848311,480
live,726,13645222228775,13645222367972,13645222465958,13645224608480,2.379705,0.097986,2.142522,480
live,727,13645232228775,13645232381922,13645232482179,13645234631422,2.402647,0.100257,2.149243,480
live,728,13645242228775,13645242373790,13645242459071,13645244622458,2.393683,0.085281,2.163387,480
live,729,13645252228775,13645252369339,13645252468796,13645254581367,2.352592,0.099457,2.112571,480
live,730,13645262228775,13645262370392,13645262442585,13645264562035,2.33326,0.072193,2.11945,480
live,731,13645272228775,13645272367573,13645272452406,13645274566768,2.337993,0.084833,2.114362,480
live,732,13645282228775,13645282377362,13645282474003,13645284656494,2.427719,0.096641,2.182491,480
live,733,13645292228775,13645292372526,13645292449999,13645294554346,2.325571,0.077473,2.104347,480
live,734,13645302228775,13645302367467,13645302454572,13645304582055,2.35328,0.087105,2.127483,480
live,735,13645312228775,13645312368040,13645312440713,13645314557667,2.328892,0.072673,2.116954,480
live,736,13645322228775,13645322369989,13645322444966,13645324609089,2.380314,0.074977,2.164123,480
live,737,13645332228775,13645332371490,13645332465667,13645334585693,2.356918,0.094177,2.120026,480
live,738,13645342228775,13645342375519,13645342453952,13645344588794,2.360019,0.078433,2.134842,480
live,739,13645352228775,13645352375291,13645352472349,13645354578423,2.349648,0.097058,2.106074,480
live,740,13645362228775,13645362370744,13645362446521,13645366676718,4.447943,0.075777,4.230197,480
live,741,13645372228775,13645372371509,13645372467158,13645374616945,2.38817,0.095649,2.149787,480
live,742,13645382228775,13645382477075,13645382625909,13645384583501,2.354726,0.148834,1.957592,480
live,743,13645392228775,13645392382895,13645392473200,13645394332999,2.104224,0.090305,1.859799,480
live,744,13645402228775,13645402393292,13645402485261,13645404376997,2.148222,0.091969,1.891736,480
live,745,13645412228775,13645412383112,13645412469290,13645414318561,2.089786,0.086178,1.849271,480
live,746,13645422228775,13645422370725,13645422454374,13645424311357,2.082582,0.083649,1.856983,480
live,747,13645432228775,13645432371874,13645432459075,13645435034723,2.805948,0.087201,2.575648,480
live,748,13645442228775,13645442376447,13645442463808,13645444345399,2.116624,0.087361,1.881591,480
live,749,13645452228775,13645452374428,13645452462941,13645454312788,2.084013,0.088513,1.849847,480
live,750,13645462228775,13645462370328,13645462455866,13645464316817,2.088042,0.085538,1.860951,480
live,751,13645472228775,13645472369365,13645472452182,13645474258893,2.030118,0.082817,1.806711,480
live,752,13645482228775,13645482365266,13645482449747,13645484305162,2.076387,0.084481,1.855415,480
live,753,13645492228775,13645492372047,13645492460848,13645494346120,2.117345,0.088801,1.885272,480
live,754,13645502228775,13645502372140,13645502457581,13645504345828,2.117053,0.085441,1.888247,480
live,755,13645512228775,13645512372297,13645512459146,13645514286657,2.057882,0.086849,1.827511,480
live,756,13645522228775,13645522370917,13645522460103,13645524305726,2.076951,0.089186,1.845623,480
live,757,13645532228775,13645532373026,13645532463843,13645534316283,2.087508,0.090817,1.85244,480
live,758,13645542228775,13645542372895,13645542471680,13645544351320,2.122545,0.098785,1.87964,480
live,759,13645552228775,13645552374844,13645552461661,13645554291028,2.062253,0.086817,1.829367,480
live,760,13645562228775,13645562367033,13645562442682,13645566421483,4.192708,0.075649,3.978801,480
live,761,13645572228775,13645572412630,13645572510999,13645574344430,2.115655,0.098369,1.833431,480
live,762,13645582228775,13645582392403,13645582466996,13645584325995,2.09722,0.074593,1.858999,480
live,763,13645592228775,13645592377615,13645592469424,13645594367976,2.139201,0.091809,1.898552,480
live,764,13645602228775,13645602380044,13645602473389,13645604351429,2.122654,0.093345,1.87804,480
live,765,13645612228775,13645612374985,13645612465642,13645614286657,2.057882,0.090657,1.821015,480
live,766,13645622228775,13645622393318,13645622497639,13645624375839,2.147064,0.104321,1.8782,480
live,767,13645632228775,13645632386883,13645632476740,13645634334427,2.105652,0.089857,1.857687,480
live,768,13645642228775,13645642374079,13645642473729,13645644370936,2.142161,0.09965,1.897207,480
live,769,13645652228775,13645652372636,13645652458109,13645654312052,2.083277,0.085473,1.853943,480
live,770,13645662228775,13645662371545,13645662468986,13645664353650,2.124875,0.097441,1.884664,480
live,771,13645672228775,13645672368406,13645672458135,13645674281422,2.052647,0.089729,1.823287,480
live,772,13645682228775,13645682375859,13645682461652,13645684303755,2.07498,0.085793,1.842103,480
live,773,13645692228775,13645692373648,13645692469841,13645694345640,2.116865,0.096193,1.875799,480
live,774,13645702228775,13645702373484,13645702462862,13645704360709,2.131934,0.089378,1.897847,480
live,775,13645712228775,13645712372553,13645712461162,13645714270913,2.042138,0.088609,1.809751,480
live,776,13645722228775,13645722368326,13645722454247,13645724329022,2.100247,0.085921,1.874775,480
live,777,13645732228775,13645732367971,13645732443428,13645734285915,2.05714,0.075457,1.842487,480
live,778,13645742228775,13645742375456,13645742457089,13645744367225,2.13845,0.081633,1.910136,480
live,779,13645752228775,13645752373373,13645752447741,13645754310005,2.08123,0.074368,1.862264,480
live,780,13645762228775,13645762369017,13645762441530,13645766419468,4.190693,0.072513,3.977938,480
live,781,13645772228775,13645772371030,13645772448183,13645774291086,2.062311,0.077153,1.842903,480
live,782,13645782228775,13645782367123,13645782453044,13645784299563,2.070788,0.085921,1.846519,480
live,783,13645792228775,13645792377296,13645792469585,13645794334792,2.106017,0.092289,1.865207,480
live,784,13645802228775,13645802375341,13645802450542,13645804324645,2.09587,0.075201,1.874103,480
live,785,13645812228775,13645812368009,13645812450890,13645814262817,2.034042,0.082881,1.811927,480
live,786,13645822228775,13645822370086,13645822460583,13645824336479,2.107704,0.090497,1.875896,480
live,787,13645832228775,13645832371203,13645832446852,13645834327548,2.098773,0.075649,1.880696,480
live,788,13645842228775,13645842802949,13645843129801,13645844463962,2.235187,0.326852,1.334161,480
live,789,13645852228775,13645852413373,13645852520703,13645853612396,1.383621,0.10733,1.091693,480
live,790,13645862228775,13645862383194,13645862469307,13645863472327,1.243552,0.086113,1.00302,480
live,791,13645872228775,13645872371702,13645872456184,13645873765320,1.536545,0.084482,1.309136,480
live,792,13645882228775,13645882369875,13645882440340,13645883719204,1.490429,0.070465,1.278864,480
live,793,13645892228775,13645892363056,13645892435377,13645893726881,1.498106,0.072321,1.291504,480
live,794,13645902228775,13645902373581,13645902467214,13645903511931,1.283156,0.093633,1.044717,480
live,795,13645912228775,13645912367594,13645912457259,13645913749339,1.520564,0.089665,1.29208,480
live,796,13645922228775,13645922356934,13645922433063,13645923394707,1.165932,0.076129,0.961644,480
live,797,13645932228775,13645932358787,13645932427108,13645933372912,1.144137,0.068321,0.945804,480
live,798,13645942228775,13645942358656,13645942425313,13645943378413,1.149638,0.066657,0.9531,480
live,799,13645952228775,13645952367549,13645952474078,13645953880112,1.651337,0.106529,1.406034,480
live,800,13645962228775,13645962367098,13645962446843,13645965902662,3.673887,0.079745,3.455819,480
live,801,13645972228775,13645972365943,13645972437176,13645973725672,1.496897,0.071233,1.288496,480
live,802,13645982228775,13645982366740,13645982437268,13645983387520,1.158745,0.070528,0.950252,480
live,803,13645992228775,13645992357968,13645992424497,13645993372925,1.14415,0.066529,0.948428,480
live,804,13646002228775,13646002368973,13646002458766,13646003484987,1.256212,0.089793,1.026221,480
live,805,13646012228775,13646012367434,13646012465131,13646013756731,1.527956,0.097697,1.2916,480
live,806,13646022228775,13646022358151,13646022441960,13646023404916,1.176141,0.083809,0.962956,480
live,807,13646032228775,13646032361668,13646032431748,13646033381200,1.152425,0.07008,0.949452,480
live,808,13646042228775,13646042357408,13646042427041,13646043733778,1.505003,0.069633,1.306737,480
live,809,13646052228775,13646052373533,13646052478495,13646053873136,1.644361,0.104962,1.394641,480
live,810,13646062228775,13646062374394,13646062461467,13646063460104,1.231329,0.087073,0.998637,480
live,811,13646072228775,13646072391543,13646072485528,13646073495237,1.266462,0.093985,1.009709,480
live,812,13646082228775,13646082366292,13646082441589,13646083397505,1.16873,0.075297,0.955916,480
live,813,13646092228775,13646092359441,13646092442194,13646093389565,1.16079,0.082753,0.947371,480
live,814,13646102228775,13646102366317,13646102457103,13646103496124,1.267349,0.090786,1.039021,480
live,815,13646112228775,13646112371466,13646112451051,13646113432824,1.204049,0.079585,0.981773,480
live,816,13646122228775,13646122361575,13646122441096,13646123732792,1.504017,0.079521,1.291696,480
live,817,13646132228775,13646132363332,13646132431461,13646133711477,1.482702,0.068129,1.280016,480
live,818,13646142228775,13646142361633,13646142436322,13646143720562,1.491787,0.074689,1.28424,480
live,819,13646152228775,13646152365374,13646152469695,13646153832720,1.603945,0.104321,1.363025,480
live,820,13646162228775,13646162369914,13646162450747,13646165898566,3.669791,0.080833,3.447819,480
live,821,13646172228775,13646172365367,13646172452952,13646173738376,1.509601,0.087585,1.285424,480
live,822,13646182228775,13646182361940,13646182435381,13646183747333,1.518558,0.073441,1.311952,480
live,823,13646192228775,13646192363441,13646192444562,13646193705890,1.477115,0.081121,1.261328,480
live,824,13646202228775,13646202368718,13646202461007,13646203808096,1.579321,0.092289,1.347089,480
live,825,13646212228775,13646212367403,13646212446732,13646213725467,1.496692,0.079329,1.278735,480
live,826,13646222228775,13646222356199,13646222424264,13646223685272,1.456497,0.068065,1.261008,480
live,827,13646232228775,13646232354340,13646232422917,13646233694645,1.46587,0.068577,1.271728,480
live,828,13646242228775,13646242356193,13646242424930,13646243692530,1.463755,0.068737,1.2676,480
live,829,13646252228775,13646252368894,13646252465887,13646253527340,1.298565,0.096993,1.061453,480
live,830,13646262228775,13646262364827,13646262442076,13646263396808,1.168033,0.077249,0.954732,480
live,831,13646272228775,13646272361751,13646272444856,13646273414437,1.185662,0.083105,0.969581,480
live,832,13646282228775,13646282361812,13646282448693,13646283440642,1.211867,0.086881,0.991949,480
live,833,13646292228775,13646292369201,13646292469522,13646293467551,1.238776,0.100321,0.998029,480
live,834,13646302228775,13646302435055,13646302578001,13646304285702,2.056927,0.142946,1.707701,480
live,835,13646312228775,13646312408299,13646312811120,13646313965791,1.737016,0.402821,1.154671,480
live,836,13646322228775,13646322400968,13646322799853,13646323945947,1.717172,0.398885,1.146094,480
live,837,13646332228775,13646332457990,13646332845898,13646334727554,2.498779,0.387908,1.881656,480
live,838,13646342228775,13646342449506,13646342839015,13646344818048,2.589273,0.389509,1.979033,480
live,839,13646352228775,13646352418399,13646352825284,13646355342115,3.11334,0.406885,2.516831,480
live,840,13646362228775,13646362386619,13646362781728,13646366908820,4.680045,0.395109,4.127092,480
live,841,13646372228775,13646372365656,13646372459065,13646374330672,2.101897,0.093409,1.871607,480
live,842,13646382228775,13646382370357,13646382445398,13646384302253,2.073478,0.075041,1.856855,480
live,843,13646392228775,13646392366577,13646392465043,13646394317034,2.088259,0.098466,1.851991,480
live,844,13646402228775,13646402374830,13646402450703,13646404312199,2.083424,0.075873,1.861496,480
live,845,13646412228775,13646412369579,13646412459404,13646414628743,2.399968,0.089825,2.169339,480
live,846,13646422228775,13646422369992,13646422461321,13646424348385,2.11961,0.091329,1.887064,480
live,847,13646432228775,13646432366021,13646432451622,13646434292637,2.063862,0.085601,1.841015,480
live,848,13646442228775,13646442368066,13646442440866,13646444305114,2.076339,0.0728,1.864248,480
live,849,13646452228775,13646452365886,13646452454015,13646454293622,2.064847,0.088129,1.839607,480
live,850,13646462228775,13646462370491,13646462469852,13646464393525,2.16475,0.099361,1.923673,480
live,851,13646472228775,13646472367928,13646472453017,13646473490790,1.262015,0.085089,1.037773,480
live,852,13646482228775,13646482366869,13646482445878,13646483413410,1.184635,0.079009,0.967532,480
live,853,13646492228775,13646492363218,13646492438867,13646493387838,1.159063,0.075649,0.948971,480
live,854,13646502228775,13646502365454,13646502449936,13646505595127,3.366352,0.084482,3.145191,480
live,855,13646512228775,13646512370347,13646512471213,13646513573722,1.344947,0.100866,1.102509,480
live,856,13646522228775,13646522383304,13646522475690,13646523513942,1.285167,0.092386,1.038252,480
live,857,13646532228775,13646532374213,13646532454950,13646533421682,1.192907,0.080737,0.966732,480
live,858,13646542228775,13646542365794,13646542448771,13646543387183,1.158408,0.082977,0.938412,480
live,859,13646552228775,13646552397855,13646552481088,13646553427564,1.198789,0.083233,0.946476,480
live,860,13646562228775,13646562370812,13646562458205,13646565601444,3.372669,0.087393,3.143239,480
live,861,13646572228775,13646572368184,13646572450233,13646573409765,1.18099,0.082049,0.959532,480
live,862,13646582228775,13646582364309,13646582453558,13646583408674,1.179899,0.089249,0.955116,480
live,863,13646592228775,13646592366290,13646592432851,13646593370782,1.142007,0.066561,0.937931,480
live,864,13646602228775,13646602364943,13646602450096,13646603464828,1.236053,0.085153,1.014732,480
live,865,13646612228775,13646612365452,13646612445965,13646613430393,1.201618,0.080513,0.984428,480
live,866,13646622228775,13646622366696,13646622453194,13646623414742,1.185967,0.086498,0.961548,480
live,867,13646632228775,13646632363429,13646632433126,13646633711862,1.483087,0.069697,1.278736,480
live,868,13646642228775,13646642364162,13646642433699,13646643393359,1.164584,0.069537,0.95966,480
live,869,13646652228775,13646652396127,13646652792068,13646654694812,2.466037,0.395941,1.902744,480
live,870,13646662228775,13646662373084,13646662464637,13646664353685,2.12491,0.091553,1.889048,480
live,871,13646672228775,13646672363513,13646672438809,13646674307441,2.078666,0.075296,1.868632,480
live,872,13646682228775,13646682362773,13646682436630,13646684311310,2.082535,0.073857,1.87468,480
live,873,13646692228775,13646692361042,13646692435091,13646694279210,2.050435,0.074049,1.844119,480
live,874,13646702228775,13646702365679,13646702439376,13646704325863,2.097088,0.073697,1.886487,480
live,875,13646712228775,13646712367628,13646712455053,13646713543579,1.314804,0.087425,1.088526,480
live,876,13646722228775,13646722365993,13646722447018,13646724392738,2.163963,0.081025,1.94572,480
live,877,13646732228775,13646732372454,13646732462567,13646734450496,2.221721,0.090113,1.987929,480
live,878,13646742228775,13646742364258,13646742456003,13646743737107,1.508332,0.091745,1.281104,480
live,879,13646752228775,13646752380159,13646752470272,13646753461261,1.232486,0.090113,0.990989,480
live,880,13646762228775,13646762486301,13646762652192,13646766000073,3.771298,0.165891,3.347881,480
live,881,13646772228775,13646772376921,13646772467546,13646773460614,1.231839,0.090625,0.993068,480
live,882,13646782228775,13646782369750,13646782451383,13646783434659,1.205884,0.081633,0.983276,480
live,883,13646792228775,13646792365010,13646792443891,13646793406655,1.17788,0.078881,0.962764,480
live,884,13646802228775,13646802366511,13646802444496,13646803395868,1.167093,0.077985,0.951372,480
live,885,13646812228775,13646812363372,13646812443565,13646813385849,1.157074,0.080193,0.942284,480
live,886,13646822228775,13646822372329,13646822456106,13646823453591,1.224816,0.083777,0.997485,480
live,887,13646832228775,13646832367366,13646832438663,13646833390195,1.16142,0.071297,0.951532,480
live,888,13646842228775,13646842363651,13646842447748,13646843389935,1.16116,0.084097,0.942187,480
live,889,13646852228775,13646852368287,13646852448288,13646853398220,1.169445,0.080001,0.949932,480
live,890,13646862228775,13646862364028,13646862442301,13646863382281,1.153506,0.078273,0.93998,480
live,891,13646872228775,13646872369753,13646872458778,13646873432838,1.204063,0.089025,0.97406,480
live,892,13646882228775,13646882369526,13646882437111,13646883398691,1.169916,0.067585,0.96158,480
live,893,13646892228775,13646892367859,13646892434452,13646893372543,1.143768,0.066593,0.938091,480
live,894,13646902228775,13646902366960,13646902431984,13646903364412,1.135637,0.065024,0.932428,480
live,895,13646912228775,13646912416525,13646912824338,13646914738090,2.509315,0.407813,1.913752,480
live,896,13646922228775,13646922374697,13646922464458,13646923569304,1.340529,0.089761,1.104846,480
live,897,13646932228775,13646932398182,13646932791691,13646934710627,2.481852,0.393509,1.918936,480
live,898,13646942228775,13646942437636,13646942845513,13646944917667,2.688892,0.407877,2.072154,480
live,899,13646952228775,13646952375872,13646952477633,13646953684048,1.455273,0.101761,1.206415,480
live,900,13646962228775,13646962420061,13646962539519,13646965750599,3.521824,0.119458,3.21108,480
live,901,13646972228775,13646972411930,13646972530683,13646973615017,1.386242,0.118753,1.084334,480
live,902,13646982228775,13646982393719,13646982494264,13646983849289,1.620514,0.100545,1.355025,480
live,903,13646992228775,13646992381875,13646992475956,13646993812677,1.583902,0.094081,1.336721,480
live,904,13647002228775,13647002379280,13647002452721,13647003746145,1.51737,0.073441,1.293424,480
live,905,13647012228775,13647012378701,13647012454830,13647013758110,1.529335,0.076129,1.30328,480
live,906,13647022228775,13647022389450,13647022491083,13647023509432,1.280657,0.101633,1.018349,480
live,907,13647032228775,13647032386919,13647032492264,13647033803832,1.575057,0.105345,1.311568,480
live,908,13647042228775,13647042377731,13647042462404,13647043747572,1.518797,0.084673,1.285168,480
live,909,13647052228775,13647052376224,13647052464737,13647053766289,1.537514,0.088513,1.301552,480
live,910,13647062228775,13647062374973,13647062446366,13647063717038,1.488263,0.071393,1.270672,480
live,911,13647072228775,13647072390874,13647072482587,13647073479271,1.250496,0.091713,0.996684,480
live,912,13647082228775,13647082379863,13647082468120,13647083752360,1.523585,0.088257,1.28424,480
live,913,13647092228775,13647092416852,13647092505813,13647093786725,1.55795,0.088961,1.280912,480
live,914,13647102228775,13647102403184,13647102499538,13647103764033,1.535258,0.096354,1.264495,480
live,915,13647112228775,13647112383949,13647112458766,13647113720670,1.491895,0.074817,1.261904,480
live,916,13647122228775,13647122397962,13647122497291,13647123506488,1.277713,0.099329,1.009197,480
live,917,13647132228775,13647132382407,13647132468872,13647133428244,1.199469,0.086465,0.959372,480
live,918,13647142228775,13647142373603,13647142467237,13647143422545,1.19377,0.093634,0.955308,480
live,919,13647152228775,13647152374944,13647152459329,13647153722001,1.493226,0.084385,1.262672,480
live,920,13647162228775,13647162370493,13647162446590,13647165842664,3.613889,0.076097,3.396074,480
live,921,13647172228775,13647172397850,13647172494843,13647173509928,1.281153,0.096993,1.015085,480
live,922,13647182228775,13647182384215,13647182473496,13647183425860,1.197085,0.089281,0.952364,480
live,923,13647192228775,13647192381684,13647192469813,13647193652355,1.42358,0.088129,1.182542,480
live,924,13647202228775,13647202399633,13647202497490,13647203450686,1.221911,0.097857,0.953196,480
live,925,13647212228775,13647212382669,13647212468366,13647213426074,1.197299,0.085697,0.957708,480
live,926,13647222228775,13647222743279,13647222870384,13647223869437,1.640662,0.127105,0.999053,480
live,927,13647232228775,13647232400103,13647232491624,13647233460628,1.231853,0.091521,0.969004,480
live,928,13647242228775,13647242369924,13647242453413,13647243391440,1.162665,0.083489,0.938027,480
live,929,13647252228775,13647252363744,13647252440833,13647253379661,1.150886,0.077089,0.938828,480
live,930,13647262228775,13647262358813,13647262444958,13647263378826,1.150051,0.086145,0.933868,480
live,931,13647272228775,13647272359482,13647272436635,13647274441652,2.212877,0.077153,2.005017,480
live,932,13647282228775,13647282392087,13647282494584,13647283841769,1.612994,0.102497,1.347185,480
live,933,13647292228775,13647292377364,13647292483669,13647293800486,1.571711,0.106305,1.316817,480
live,934,13647302228775,13647302362768,13647302440913,13647303739746,1.510971,0.078145,1.298833,480
live,935,13647312228775,13647312358637,13647312440910,13647313753279,1.524504,0.082273,1.312369,480
live,936,13647322228775,13647322359306,13647322428811,13647323744059,1.515284,0.069505,1.315248,480
live,937,13647332228775,13647332365735,13647332469000,13647333824601,1.595826,0.103265,1.355601,480
live,938,13647342228775,13647342365796,13647342444869,13647343430225,1.20145,0.079073,0.985356,480
live,939,13647352228775,13647352356960,13647352427841,13647353750898,1.522123,0.070881,1.323057,480
live,940,13647362228775,13647362356477,13647362442270,13647365890153,3.661378,0.085793,3.447883,480
live,941,13647372228775,13647372366458,13647372439931,13647373766252,1.537477,0.073473,1.326321,480
live,942,13647382228775,13647382365847,13647382459608,13647383798409,1.569634,0.093761,1.338801,480
live,943,13647392228775,13647392367892,13647392445877,13647393728933,1.500158,0.077985,1.283056,480
live,944,13647402228775,13647402407793,13647402520499,13647403522975,1.2942,0.112706,1.002476,480
live,945,13647412228775,13647412386254,13647412484911,13647413470075,1.2413,0.098657,0.985164,480
live,946,13647422228775,13647422380267,13647422473452,13647423460280,1.231505,0.093185,0.986828,480
live,947,13647432228775,13647432377191,13647432469928,13647433470069,1.241294,0.092737,1.000141,480
live,948,13647442228775,13647442370756,13647442453381,13647443415921,1.187146,0.082625,0.96254,480
live,949,13647452228775,13647452365121,13647452432930,13647453383278,1.154503,0.067809,0.950348,480
live,950,13647462228775,13647462363902,13647462428414,13647463382762,1.153987,0.064512,0.954348,480
live,951,13647472228775,13647472357274,13647472440635,13647473407527,1.178752,0.083361,0.966892,480
live,952,13647482228775,13647482364119,13647482448792,13647483464997,1.236222,0.084673,1.016205,480
live,953,13647492228775,13647492369460,13647492446901,13647493413537,1.184762,0.077441,0.966636,480
live,954,13647502228775,13647502361521,13647502429810,13647503394462,1.165687,0.068289,0.964652,480
live,955,13647512228775,13647512361390,13647512428751,13647513690686,1.461911,0.067361,1.261935,480
live,956,13647522228775,13647522362859,13647522457932,13647523712411,1.483636,0.095073,1.254479,480
live,957,13647532228775,13647532391080,13647532476905,13647533530934,1.302159,0.085825,1.054029,480
live,958,13647542228775,13647542368324,13647542449093,13647543416273,1.187498,0.080769,0.96718,480
live,959,13647552228775,13647552362305,13647552454082,13647553424590,1.195815,0.091777,0.970508,480
live,960,13647562228775,13647562361950,13647562428095,13647565806473,3.577698,0.066145,3.378378,480
live,961,13647572228775,13647572369659,13647572445980,13647573732364,1.503589,0.076321,1.286384,480
live,962,13647582228775,13647582370712,13647582465497,13647583529574,1.300799,0.094785,1.064077,480
live,963,13647592228775,13647592371188,13647592448277,13647593424290,1.195515,0.077089,0.976013,480
live,964,13647602228775,13647602361617,13647602443026,13647603400990,1.172215,0.081409,0.957964,480
live,965,13647612228775,13647612369966,13647612437231,13647613697119,1.468344,0.067265,1.259888,480
live,966,13647622228775,13647622363979,13647622434508,13647623391320,1.162545,0.070529,0.956812,480
live,967,13647632228775,13647632371112,13647632457577,13647633473621,1.244846,0.086465,1.016044,480
live,968,13647642228775,13647642366564,13647642461798,13647643456402,1.227627,0.095234,0.994604,480
live,969,13647652228775,13647652370369,13647652450978,13647653420206,1.191431,0.080609,0.969228,480
live,970,13647662228775,13647662366494,13647662450399,13647663424395,1.19562,0.083905,0.973996,480
live,971,13647672228775,13647672367227,13647672433212,13647673375240,1.146465,0.065985,0.942028,480
live,972,13647682228775,13647682447385,13647682530810,13647683539110,1.310335,0.083425,1.0083,480
live,973,13647692228775,13647692368277,13647692442934,13647693403906,1.175131,0.074657,0.960972,480
live,974,13647702228775,13647702364881,13647702446834,13647703408958,1.180183,0.081953,0.962124,480
live,975,13647712228775,13647712368462,13647712435215,13647713383899,1.155124,0.066753,0.948684,480
live,976,13647722228775,13647722710799,13647722809169,13647723596794,1.368019,0.09837,0.787625,480
live,977,13647732228775,13647732376328,13647732464713,13647734055741,1.826966,0.088385,1.591028,480
live,978,13647742228775,13647742398661,13647742486086,13647743324465,1.09569,0.087425,0.838379,480
live,979,13647752228775,13647752387138,13647752481123,13647753501680,1.272905,0.093985,1.020557,480
live,980,13647762228775,13647762388735,13647762477984,13647765659207,3.430432,0.089249,3.181223,480
live,981,13647772228775,13647772376667,13647772460956,13647773442057,1.213282,0.084289,0.981101,480
live,982,13647782228775,13647782375032,13647782488954,13647783470406,1.241631,0.113922,0.981452,480
live,983,13647792228775,13647792395669,13647792497878,13647793515907,1.287132,0.102209,1.018029,480
live,984,13647802228775,13647802388882,13647802483507,13647803453503,1.224728,0.094625,0.969996,480
live,985,13647812228775,13647812382767,13647812470192,13647813752480,1.523705,0.087425,1.282288,480
live,986,13647822228775,13647822375339,13647822454348,13647823412024,1.183249,0.079009,0.957676,480
live,987,13647832228775,13647832373800,13647832444425,13647833385685,1.15691,0.070625,0.94126,480
live,988,13647842228775,13647842434534,13647842937708,13647845355434,3.126659,0.503174,2.417726,480
live,989,13647852228775,13647852454883,13647852595141,13647854069911,1.841136,0.140258,1.47477,480
live,990,13647862228775,13647862498048,13647862896165,13647864107316,1.878541,0.398117,1.211151,480
live,991,13647872228775,13647872397052,13647872497949,13647873530026,1.301251,0.100897,1.032077,480
live,992,13647882228775,13647882388697,13647882479162,13647883484646,1.255871,0.090465,1.005484,480
live,993,13647892228775,13647892397333,13647892495927,13647893521187,1.292412,0.098594,1.02526,480
live,994,13647902228775,13647902387250,13647902475347,13647903462208,1.233433,0.088097,0.986861,480
live,995,13647912228775,13647912381775,13647912465424,13647913426524,1.197749,0.083649,0.9611,480
live,996,13647922228775,13647922373356,13647922458893,13647923420825,1.19205,0.085537,0.961932,480
live,997,13647932228775,13647932376680,13647932467882,13647933420918,1.192143,0.091202,0.953036,480
live,998,13647942228775,13647942395558,13647942489799,13647943471603,1.242828,0.094241,0.981804,480
live,999,13647952228775,13647952383938,13647952471747,13647953431567,1.202792,0.087809,0.95982,480
live,1000,13647962228775,13647962372447,13647962449280,13647965919627,3.690852,0.076833,3.470347,480
live,1001,13647972228775,13647972377500,13647972467997,13647973747853,1.519078,0.090497,1.279856,480
live,1002,13647982228775,13647982372441,13647982456954,13647983729257,1.500482,0.084513,1.272303,480
live,1003,13647992228775,13647992396726,13647992493559,13647993789607,1.560832,0.096833,1.296048,480
live,1004,13648002228775,13648002383122,13648002470131,13648003440544,1.211769,0.087009,0.970413,480
live,1005,13648012228775,13648012380591,13648012452368,13648013398492,1.169717,0.071777,0.946124,480
live,1006,13648022228775,13648022375148,13648022446829,13648023405753,1.176978,0.071681,0.958924,480
live,1007,13648032228775,13648032373289,13648032464970,13648033407926,1.179151,0.091681,0.942956,480
live,1008,13648042228775,13648042392038,13648042487463,13648043470739,1.241964,0.095425,0.983276,480
live,1009,13648052228775,13648052383106,13648052474372,13648053446320,1.217545,0.091266,0.971948,480
live,1010,13648062228775,13648062379103,13648062466432,13648063417196,1.188421,0.087329,0.950764,480
live,1011,13648072228775,13648072382812,13648072466237,13648073729453,1.500678,0.083425,1.263216,480
live,1012,13648082228775,13648082375129,13648082453306,13648083716394,1.487619,0.078177,1.263088,480
live,1013,13648092228775,13648092403606,13648092504503,13648093935401,1.706626,0.100897,1.430898,480
live,1014,13648102228775,13648102384115,13648102473460,13648103780100,1.551325,0.089345,1.30664,480
live,1015,13648112228775,13648112376303,13648112460592,13648113750496,1.521721,0.084289,1.289904,480
live,1016,13648122228775,13648122456461,13648122578447,13648123852639,1.623864,0.121986,1.274192,480
live,1017,13648132228775,13648132397545,13648132484746,13648133669561,1.440786,0.087201,1.184815,480
live,1018,13648142228775,13648142372486,13648142463399,13648143661782,1.433007,0.090913,1.198383,480
live,1019,13648152228775,13648152376227,13648152468260,13648153729299,1.500524,0.092033,1.261039,480
live,1020,13648162228775,13648162365023,13648162447456,13648165853835,3.62506,0.082433,3.406379,480
live,1021,13648172228775,13648172364668,13648172435997,13648173706733,1.477958,0.071329,1.270736,480
live,1022,13648182228775,13648182365977,13648182438490,13648183694921,1.466146,0.072513,1.256431,480
live,1023,13648192228775,13648192567224,13648192719322,13648194019850,1.791075,0.152098,1.300528,480
live,1024,13648202228775,13648202376563,13648202468212,13648203753636,1.524861,0.091649,1.285424,480
live,1025,13648212228775,13648212374415,13648212451920,13648213724480,1.495705,0.077505,1.27256,480
live,1026,13648222228775,13648222366220,13648222447309,13648223698269,1.469494,0.081089,1.25096,480
live,1027,13648232228775,13648232371305,13648232441258,13648233688057,1.459282,0.069953,1.246799,480
live,1028,13648242228775,13648242368326,13648242436263,13648243636022,1.407247,0.067937,1.199759,480
live,1029,13648252228775,13648252374243,13648252459236,13648253755572,1.526797,0.084993,1.296336,480
live,1030,13648262228775,13648262372096,13648262443936,13648263705520,1.476745,0.07184,1.261584,480
live,1031,13648272228775,13648272371164,13648272440797,13648273691277,1.462502,0.069633,1.25048,480
live,1032,13648282228775,13648282371769,13648282440794,13648283685546,1.456771,0.069025,1.244752,480
live,1033,13648292228775,13648292680666,13648292884284,13648294162796,1.934021,0.203618,1.278512,480
live,1034,13648302228775,13648302452500,13648302553877,13648303638947,1.410172,0.101377,1.08507,480
live,1035,13648312228775,13648312401744,13648312495729,13648313533342,1.304567,0.093985,1.037613,480
live,1036,13648322228775,13648322387597,13648322479214,13648323490266,1.261491,0.091617,1.011052,480
live,1037,13648332228775,13648332375785,13648332457418,13648333409398,1.180623,0.081633,0.95198,480
live,1038,13648342228775,13648342378118,13648342457799,13648343395123,1.166348,0.079681,0.937324,480
live,1039,13648352228775,13648352376707,13648352462596,13648353424368,1.195593,0.085889,0.961772,480
live,1040,13648362228775,13648362377600,13648362447329,13648365635816,3.407041,0.069729,3.188487,480
live,1041,13648372228775,13648372375101,13648372460542,13648373401321,1.172546,0.085441,0.940779,480
live,1042,13648382228775,13648382386394,13648382472763,13648383424390,1.195615,0.086369,0.951627,480
live,1043,13648392228775,13648392382262,13648392460471,13648393403907,1.175132,0.078209,0.943436,480
live,1044,13648402228775,13648402380499,13648402465044,13648403452576,1.223801,0.084545,0.987532,480
live,1045,13648412228775,13648412382064,13648412453393,13648413400829,1.172054,0.071329,0.947436,480
live,1046,13648422228775,13648422371373,13648422451790,13648423382841,1.154066,0.080417,0.931051,480
live,1047,13648432228775,13648432372425,13648432463595,13648433410454,1.181679,0.09117,0.946859,480
live,1048,13648442228775,13648442367142,13648442444551,13648443368499,1.139724,0.077409,0.923948,480
live,1049,13648452228775,13648452373539,13648452461668,13648453424880,1.196105,0.088129,0.963212,480
live,1050,13648462228775,13648462377120,13648462446241,13648463385485,1.15671,0.069121,0.939244,480
live,1051,13648472228775,13648472376797,13648472446686,13648473373737,1.144962,0.069889,0.927051,480
live,1052,13648482228775,13648482368889,13648482446746,13648483391110,1.162335,0.077857,0.944364,480
live,1053,13648492228775,13648492367478,13648492443383,13648493381059,1.152284,0.075905,0.937676,480
live,1054,13648502228775,13648502375443,13648502460468,13648503419168,1.190393,0.085025,0.9587,480
live,1055,13648512228775,13648512373808,13648512445649,13648513387421,1.158646,0.071841,0.941772,480
live,1056,13648522228775,13648522373581,13648522443470,13648523377977,1.149202,0.069889,0.934507,480
live,1057,13648532228775,13648532373642,13648532457099,13648533397782,1.169007,0.083457,0.940683,480
live,1058,13648542228775,13648542369350,13648542460488,13648543410355,1.18158,0.091138,0.949867,480
live,1059,13648552228775,13648552385347,13648552476805,13648553479473,1.250698,0.091458,1.002668,480
live,1060,13648562228775,13648562376864,13648562458433,13648565564776,3.336001,0.081569,3.106343,480
live,1061,13648572228775,13648572376253,13648572458366,13648573405770,1.176995,0.082113,0.947404,480
live,1062,13648582228775,13648582374714,13648582448155,13648583387078,1.158303,0.073441,0.938923,480
live,1063,13648592228775,13648592367318,13648592446615,13648593395747,1.166972,0.079297,0.949132,480
live,1064,13648602228775,13648602420852,13648602537749,13648603556034,1.327259,0.116897,1.018285,480
live,1065,13648612228775,13648612427729,13648612519986,13648613477246,1.248471,0.092257,0.95726,480
live,1066,13648622228775,13648622404333,13648622491503,13648623434266,1.205491,0.08717,0.942763,480
live,1067,13648632228775,13648632381258,13648632462379,13648633400151,1.171376,0.081121,0.937772,480
live,1068,13648642228775,13648642377415,13648642446824,13648643375667,1.146892,0.069409,0.928843,480
live,1069,13648652228775,13648652375524,13648652461509,13648653431729,1.202954,0.085985,0.97022,480
live,1070,13648662228775,13648662378144,13648662459841,13648663398797,1.170022,0.081697,0.938956,480
live,1071,13648672228775,13648672377725,13648672469566,13648673413130,1.184355,0.091841,0.943564,480
live,1072,13648682228775,13648682381818,13648682463163,13648683394951,1.166176,0.081345,0.931788,480
live,1073,13648692228775,13648692375063,13648692465464,13648693391747,1.162972,0.090401,0.926283,480
live,1074,13648702228775,13648702475797,13648702606006,13648704163114,1.934339,0.130209,1.557108,480
live,1075,13648712228775,13648712382097,13648712466130,13648713726913,1.498138,0.084033,1.260783,480
live,1076,13648722228775,13648722370765,13648722447118,13648723386202,1.157427,0.076353,0.939084,480
live,1077,13648732228775,13648732369386,13648732461163,13648733385815,1.15704,0.091777,0.924652,480
live,1078,13648742228775,13648742373927,13648742442344,13648743363827,1.135052,0.068417,0.921483,480
live,1079,13648752228775,13648752390020,13648752470725,13648753460913,1.232138,0.080705,0.990188,480
live,1080,13648762228775,13648762380801,13648762478946,13648765642345,3.41357,0.098145,3.163399,480
live,1081,13648772228775,13648772391550,13648772489855,13648773541068,1.312293,0.098305,1.051213,480
live,1082,13648782228775,13648782377434,13648782447099,13648783410023,1.181248,0.069665,0.962924,480
live,1083,13648792228775,13648792372631,13648792443512,13648793721032,1.492257,0.070881,1.27752,480
live,1084,13648802228775,13648802373844,13648802441717,13648803724453,1.495678,0.067873,1.282736,480
live,1085,13648812228775,13648812377201,13648812464018,13648813757666,1.528891,0.086817,1.293648,480
live,1086,13648822228775,13648822378317,13648822458510,13648823395514,1.166739,0.080193,0.937004,480
live,1087,13648832228775,13648832372266,13648832455211,13648833695195,1.46642,0.082945,1.239984,480
live,1088,13648842228775,13648842376871,13648842459688,13648843397684,1.168909,0.082817,0.937996,480
live,1089,13648852228775,13648852374692,13648852442629,13648853361552,1.132777,0.067937,0.918923,480
live,1090,13648862228775,13648862372097,13648862456482,13648863405870,1.177095,0.084385,0.949388,480
live,1091,13648872228775,13648872381246,13648872464607,13648873728270,1.499495,0.083361,1.263663,480
live,1092,13648882228775,13648882370490,13648882448443,13648883724171,1.495396,0.077953,1.275728,480
live,1093,13648892228775,13648892373239,13648892448984,13648893702152,1.473377,0.075745,1.253168,480
live,1094,13648902228775,13648902379156,13648902450933,13648903692900,1.464125,0.071777,1.241967,480
live,1095,13648912228775,13648912376369,13648912449714,13648913392670,1.163895,0.073345,0.942956,480
live,1096,13648922228775,13648922375662,13648922446959,13648923373946,1.145171,0.071297,0.926987,480
live,1097,13648932228775,13648932368490,13648932448619,13648933364887,1.136112,0.080129,0.916268,480
live,1098,13648942228775,13648942375623,13648942456424,13648943380308,1.151533,0.080801,0.923884,480
live,1099,13648952228775,13648952372932,13648952452709,13648953368753,1.139978,0.079777,0.916044,480
live,1100,13648962228775,13648962384961,13648962473058,13648965567081,3.338306,0.088097,3.094023,480
live,1101,13648972228775,13648972378206,13648972472447,13648973438283,1.209508,0.094241,0.965836,480
live,1102,13648982228775,13648982414363,13648982528988,13648983494601,1.265826,0.114625,0.965613,480
live,1103,13648992228775,13648992401240,13648992491033,13648993479749,1.250974,0.089793,0.988716,480
live,1104,13649002228775,13649002384948,13649002482838,13649003486402,1.257627,0.09789,1.003564,480
live,1105,13649012228775,13649012383185,13649012481202,13649013443070,1.214295,0.098017,0.961868,480
live,1106,13649022228775,13649022376366,13649022459631,13649023730175,1.5014,0.083265,1.270544,480
live,1107,13649032228775,13649032375115,13649032445836,13649033703611,1.474836,0.070721,1.257775,480
live,1108,13649042228775,13649042368743,13649042447912,13649043719416,1.490641,0.079169,1.271504,480
live,1109,13649052228775,13649052367844,13649052444389,13649053740341,1.511566,0.076545,1.295952,480
live,1110,13649062228775,13649062378785,13649062467234,13649063775635,1.54686,0.088449,1.308401,480
live,1111,13649072228775,13649072387422,13649072472383,13649073756687,1.527912,0.084961,1.284304,480
live,1112,13649082228775,13649082373019,13649082442876,13649083686027,1.457252,0.069857,1.243151,480
live,1113,13649092228775,13649092368727,13649092449656,13649093400004,1.171229,0.080929,0.950348,480
live,1114,13649102228775,13649102372212,13649102451733,13649103693829,1.465054,0.079521,1.242096,480
live,1115,13649112228775,13649112371025,13649112458194,13649113770467,1.541692,0.087169,1.312273,480
live,1116,13649122228775,13649122378478,13649122460847,13649123801760,1.572985,0.082369,1.340913,480
live,1117,13649132228775,13649132373323,13649132447980,13649133704027,1.475252,0.074657,1.256047,480
live,1118,13649142228775,13649142374696,13649142446377,13649143708760,1.479985,0.071681,1.262383,480
live,1119,13649152228775,13649152369028,13649152446533,13649153714741,1.485966,0.077505,1.268208,480
live,1120,13649162228775,13649162453602,13649162539779,13649165967598,3.738823,0.086177,3.427819,480
live,1121,13649172228775,13649172376894,13649172462911,13649173745167,1.516392,0.086017,1.282256,480
live,1122,13649182228775,13649182371195,13649182452156,13649183729388,1.500613,0.080961,1.277232,480
live,1123,13649192228775,13649192371768,13649192438936,13649193707656,1.478881,0.067168,1.26872,480
live,1124,13649202228775,13649202399221,13649202787898,13649204678193,2.449418,0.388677,1.890295,480
live,1125,13649212228775,13649212454770,13649212961529,13649215150516,2.921741,0.506759,2.188987,480
live,1126,13649222228775,13649222458031,13649222884021,13649224958094,2.729319,0.42599,2.074073,480
live,1127,13649232228775,13649232393483,13649232490572,13649234327139,2.098364,0.097089,1.836567,480
live,1128,13649242228775,13649242381224,13649242471945,13649244361185,2.13241,0.090721,1.88924,480
live,1129,13649252228775,13649252376901,13649252462342,13649254275964,2.047189,0.085441,1.813622,480
live,1130,13649262228775,13649262376897,13649262468291,13649264624254,2.395479,0.091394,2.155963,480
live,1131,13649272228775,13649272373790,13649272463519,13649274341911,2.113136,0.089729,1.878392,480
live,1132,13649282228775,13649282372539,13649282447004,13649284306067,2.077292,0.074465,1.859063,480
live,1133,13649292228775,13649292368216,13649292466233,13649294313520,2.084745,0.098017,1.847287,480
live,1134,13649302228775,13649302369429,13649302443126,13649304292717,2.063942,0.073697,1.849591,480
live,1135,13649312228775,13649312367377,13649312450354,13649314283561,2.054786,0.082977,1.833207,480
live,1136,13649322228775,13649322378958,13649322478928,13649324396904,2.168129,0.09997,1.917976,480
live,1137,13649332228775,13649332374635,13649332457292,13649334706536,2.477761,0.082657,2.249244,480
live,1138,13649342228775,13649342376552,13649342463753,13649344742694,2.513919,0.087201,2.278941,480
live,1139,13649352228775,13649352372933,13649352457830,13649354707266,2.478491,0.084897,2.249436,480
live,1140,13649362228775,13649362378018,13649362452515,13649366988827,4.760052,0.074497,4.536312,480
live,1141,13649372228775,13649372379614,13649372475904,13649374385400,2.156625,0.09629,1.909496,480
live,1142,13649382228775,13649382407228,13649382499389,13649384381428,2.152653,0.092161,1.882039,480
live,1143,13649392228775,13649392395448,13649392491866,13649394366129,2.137354,0.096418,1.874263,480
live,1144,13649402228775,13649402376693,13649402462486,13649404314797,2.086022,0.085793,1.852311,480
live,1145,13649412228775,13649412370354,13649412443219,13649414281353,2.052578,0.072865,1.838134,480
live,1146,13649422228775,13649422423151,13649422546961,13649424512905,2.28413,0.12381,1.965944,480
live,1147,13649432228775,13649432423084,13649432548525,13649433990591,1.761816,0.125441,1.442066,480
live,1148,13649442228775,13649442397992,13649442499338,13649443640376,1.411601,0.101346,1.141038,480
live,1149,13649452228775,13649452401349,13649452500519,13649453507955,1.27918,0.09917,1.007436,480
live,1150,13649462228775,13649462384322,13649462475683,13649463782163,1.553388,0.091361,1.30648,480
live,1151,13649472228775,13649472401375,13649472513696,13649473884689,1.655914,0.112321,1.370993,480
live,1152,13649482228775,13649482388028,13649482481981,13649483799565,1.57079,0.093953,1.317584,480
live,1153,13649492228775,13649492379320,13649492465113,13649493754185,1.52541,0.085793,1.289072,480
live,1154,13649502228775,13649502379541,13649502453590,13649503731494,1.502719,0.074049,1.277904,480
live,1155,13649512228775,13649512371954,13649512442675,13649513724643,1.495868,0.070721,1.281968,480
live,1156,13649522228775,13649522375759,13649522480656,13649523826561,1.597786,0.104897,1.345905,480
live,1157,13649532228775,13649532376972,13649532456813,13649533742013,1.513238,0.079841,1.2852,480
live,1158,13649542228775,13649542367112,13649542470826,13649543730105,1.50133,0.103714,1.259279,480
live,1159,13649552228775,13649552398469,13649552470790,13649553744566,1.515791,0.072321,1.273776,480
live,1160,13649562228775,13649562372738,13649562457763,13649565890222,3.661447,0.085025,3.432459,480
live,1161,13649572228775,13649572530433,13649572627490,13649573713071,1.484296,0.097057,1.085581,480
live,1162,13649582228775,13649582376316,13649582456349,13649583409224,1.180449,0.080033,0.952875,480
live,1163,13649592228775,13649592370584,13649592449337,13649593398821,1.170046,0.078753,0.949484,480
live,1164,13649602228775,13649602370101,13649602441430,13649603378434,1.149659,0.071329,0.937004,480
live,1165,13649612228775,13649612373138,13649612450195,13649613728355,1.49958,0.077057,1.27816,480
live,1166,13649622228775,13649622370735,13649622448560,13649625009744,2.780969,0.077825,2.561184,480
live,1167,13649632228775,13649632367532,13649632457997,13649634290372,2.061597,0.090465,1.832375,480
live,1168,13649642228775,13649642369896,13649642442761,13649644293184,2.064409,0.072865,1.850423,480
live,1169,13649652228775,13649652372069,13649652467270,13649654287901,2.059126,0.095201,1.820631,480
live,1170,13649662228775,13649662380130,13649662480387,13649663554225,1.32545,0.100257,1.073838,480
live,1171,13649672228775,13649672401503,13649672502977,13649673506829,1.278054,0.101474,1.003852,480
live,1172,13649682228775,13649682387932,13649682476061,13649683471529,1.242754,0.088129,0.995468,480
live,1173,13649692228775,13649692378393,13649692461658,13649694654613,2.425838,0.083265,2.192955,480
live,1174,13649702228775,13649702377301,13649702476023,13649704745491,2.516716,0.098722,2.269468,480
live,1175,13649712228775,13649712374258,13649712452019,13649714699375,2.4706,0.077761,2.247356,480
live,1176,13649722228775,13649722368783,13649722452560,13649724719596,2.490821,0.083777,2.267036,480
live,1177,13649732228775,13649732372844,13649732474317,13649733877791,1.649016,0.101473,1.403474,480
live,1178,13649742228775,13649742380425,13649742461930,13649744710662,2.481887,0.081505,2.248732,480
live,1179,13649752228775,13649752371685,13649752446150,13649754693474,2.464699,0.074465,2.247324,480
live,1180,13649762228775,13649762367874,13649762451875,13649766684440,4.455665,0.084001,4.232565,480
live,1181,13649772228775,13649772374079,13649772467104,13649774330168,2.101393,0.093025,1.863064,480
live,1182,13649782228775,13649782383580,13649782481341,13649783876079,1.647304,0.097761,1.394738,480
live,1183,13649792228775,13649792375321,13649792458810,13649794661589,2.432814,0.083489,2.202779,480
live,1184,13649802228775,13649802370069,13649802463671,13649804761203,2.532428,0.093602,2.297532,480
live,1185,13649812228775,13649812368530,13649812453843,13649814701967,2.473192,0.085313,2.248124,480
live,1186,13649822228775,13649822369871,13649822470608,13649824731533,2.502758,0.100737,2.260925,480
live,1187,13649832228775,13649832377196,13649832453645,13649833853054,1.624279,0.076449,1.399409,480
live,1188,13649842228775,13649842371177,13649842462186,13649844591652,2.362877,0.091009,2.129466,480
live,1189,13649852228775,13649852370758,13649852454695,13649854541665,2.31289,0.083937,2.08697,480
live,1190,13649862228775,13649862371618,13649862473252,13649863802644,1.573869,0.101634,1.329392,480
live,1191,13649872228775,13649872366047,13649872450176,13649873751280,1.522505,0.084129,1.301104,480
live,1192,13649882228775,13649882379516,13649882477405,13649883858191,1.629416,0.097889,1.380786,480
live,1193,13649892228775,13649892378457,13649892460762,13649893759082,1.530307,0.082305,1.29832,480
live,1194,13649902228775,13649902394742,13649902486327,13649903769991,1.541216,0.091585,1.283664,480
live,1195,13649912228775,13649912378771,13649912454868,13649913718851,1.490076,0.076097,1.263983,480
live,1196,13649922228775,13649922369711,13649922439344,13649923696704,1.467929,0.069633,1.25736,480
live,1197,13649932228775,13649932380428,13649932468941,13649933808030,1.579255,0.088513,1.339089,480
live,1198,13649942228775,13649942378121,13649942460042,13649943734810,1.506035,0.081921,1.274768,480
live,1199,13649952228775,13649952373606,13649952446823,13649953704150,1.475375,0.073217,1.257327,480
live,1200,13649962228775,13649962366851,13649962436483,13649965848686,3.619911,0.069632,3.412203,480
live,1201,13649972228775,13649972374303,13649972451584,13649973714352,1.485577,0.077281,1.262768,480
live,1202,13649982228775,13649982378940,13649982473341,13649983839631,1.610856,0.094401,1.36629,480
live,1203,13649992228775,13649992378297,13649992455578,13649993739818,1.511043,0.077281,1.28424,480
live,1204,13650002228775,13650002369334,13650002453079,13650003729703,1.500928,0.083745,1.276624,480
live,1205,13650012228775,13650012373011,13650012449652,13650013731492,1.502717,0.076641,1.28184,480
live,1206,13650022228775,13650022372015,13650022443632,13650023699904,1.471129,0.071617,1.256272,480
live,1207,13650032228775,13650032507886,13650032967572,13650034393350,2.164575,0.459686,1.425778,480
live,1208,13650042228775,13650042424810,13650042846703,13650045080843,2.852068,0.421893,2.23414,480
live,1209,13650052228775,13650052371878,13650052465639,13650053815096,1.586321,0.093761,1.349457,480
live,1210,13650062228775,13650062372099,13650062453732,13650063736692,1.507917,0.081633,1.28296,480
live,1211,13650072228775,13650072375264,13650072448480,13650073723376,1.494601,0.073216,1.274896,480
live,1212,13650082228775,13650082369404,13650082439421,13650083914448,1.685673,0.070017,1.475027,480
live,1213,13650092228775,13650092378233,13650092463962,13650093773259,1.544484,0.085729,1.309297,480
live,1214,13650102228775,13650102373782,13650102469047,13650103968074,1.739299,0.095265,1.499027,480
live,1215,13650112228775,13650112403475,13650112516373,13650113611042,1.382267,0.112898,1.094669,480
live,1216,13650122228775,13650122410192,13650122534002,13650123602911,1.374136,0.12381,1.068909,480
live,1217,13650132228775,13650132387085,13650132474030,13650133450362,1.221587,0.086945,0.976332,480
live,1218,13650142228775,13650142438154,13650142839823,13650144802248,2.573473,0.401669,1.962425,480
live,1219,13650152228775,13650152398982,13650152504328,13650154622594,2.393819,0.105346,2.118266,480
live,1220,13650162228775,13650162376995,13650162466500,13650166707673,4.478898,0.089505,4.241173,480
live,1221,13650172228775,13650172380192,13650172478625,13650174571547,2.342772,0.098433,2.092922,480
live,1222,13650182228775,13650182370108,13650182447421,13650184561880,2.333105,0.077313,2.114459,480
live,1223,13650192228775,13650192372345,13650192470747,13650194625973,2.397198,0.098402,2.155226,480
live,1224,13650202228775,13650202376854,13650202454903,13650203811176,1.582401,0.078049,1.356273,480
live,1225,13650212228775,13650212365203,13650212447412,13650213719940,1.491165,0.082209,1.272528,480
live,1226,13650222228775,13650222384880,13650222484241,13650223752321,1.523546,0.099361,1.26808,480
live,1227,13650232228775,13650232382637,13650232470382,13650233729085,1.50031,0.087745,1.258703,480
live,1228,13650242228775,13650242375721,13650242464491,13650243761211,1.532436,0.08877,1.29672,480
live,1229,13650252228775,13650252376422,13650252458951,13650253721687,1.492912,0.082529,1.262736,480
live,1230,13650262228775,13650262368323,13650262449764,13650263704884,1.476109,0.081441,1.25512,480
live,1231,13650272228775,13650272372096,13650272441729,13650273700176,1.471401,0.069633,1.258447,480
live,1232,13650282228775,13650282367581,13650282456286,13650283708077,1.479302,0.088705,1.251791,480
live,1233,13650292228775,13650292371673,13650292447162,13650293757227,1.528452,0.075489,1.310065,480
live,1234,13650302228775,13650302369718,13650302436759,13650303690503,1.461728,0.067041,1.253744,480
live,1235,13650312228775,13650312365587,13650312435924,13650313693156,1.464381,0.070337,1.257232,480
live,1236,13650322228775,13650322375952,13650322479281,13650323894883,1.666108,0.103329,1.415602,480
live,1237,13650332228775,13650332399533,13650332518799,13650333914368,1.685593,0.119266,1.395569,480
live,1238,13650342228775,13650342421002,13650342820207,13650343979742,1.750967,0.399205,1.159535,480
live,1239,13650352228775,13650352416327,13650352838252,13650354742948,2.514173,0.421925,1.904696,480
live,1240,13650362228775,13650362385699,13650362479972,13650366486838,4.258063,0.094273,4.006866,480
live,1241,13650372228775,13650372386848,13650372485761,13650374342329,2.113554,0.098913,1.856568,480
live,1242,13650382228775,13650382381021,13650382470782,13650384335093,2.106318,0.089761,1.864311,480
live,1243,13650392228775,13650392376698,13650392484731,13650394364594,2.135819,0.108033,1.879863,480
live,1244,13650402228775,13650402380598,13650402469784,13650404340335,2.11156,0.089186,1.870551,480
live,1245,13650412228775,13650412376051,13650412451924,13650414290667,2.061892,0.075873,1.838743,480
live,1246,13650422228775,13650422369232,13650422445297,13650424318280,2.089505,0.076065,1.872983,480
live,1247,13650432228775,13650432367085,13650432469198,13650434300677,2.071902,0.102113,1.831479,480
live,1248,13650442228775,13650442372106,13650442475083,13650444353378,2.124603,0.102977,1.878295,480
live,1249,13650452228775,13650452376487,13650452466568,13650454305247,2.076472,0.090081,1.838679,480
live,1250,13650462228775,13650462372483,13650462458020,13650464313436,2.084661,0.085537,1.855416,480
live,1251,13650472228775,13650472367616,13650472454689,13650474296120,2.067345,0.087073,1.841431,480
live,1252,13650482228775,13650482369917,13650482457854,13650484317365,2.08859,0.087937,1.859511,480
live,1253,13650492228775,13650492375226,13650492468027,13650494327730,2.098955,0.092801,1.859703,480
live,1254,13650502228775,13650502373879,13650502451448,13650504319663,2.090888,0.077569,1.868215,480
live,1255,13650512228775,13650512372819,13650512448500,13650514288715,2.05994,0.075681,1.840215,480
live,1256,13650522228775,13650522366000,13650522441617,13650524288904,2.060129,0.075617,1.847287,480
live,1257,13650532228775,13650532366445,13650532441070,13650534277573,2.048798,0.074625,1.836503,480
live,1258,13650542228775,13650542531532,13650542690414,13650544842505,2.61373,0.158882,2.152091,480
live,1259,13650552228775,13650552375719,13650552492648,13650554307071,2.078296,0.116929,1.814423,480
live,1260,13650562228775,13650562379459,13650562481285,13650566410422,4.181647,0.101826,3.929137,480
live,1261,13650572228775,13650572393376,13650572499650,13650574349241,2.120466,0.106274,1.849591,480
live,1262,13650582228775,13650582377981,13650582468030,13650584310165,2.08139,0.090049,1.842135,480
live,1263,13650592228775,13650592376442,13650592468923,13650595020187,2.791412,0.092481,2.551264,480
live,1264,13650602228775,13650602376887,13650602466264,13650604375600,2.146825,0.089377,1.909336,480
live,1265,13650612228775,13650612375284,13650612475029,13650614321164,2.092389,0.099745,1.846135,480
live,1266,13650622228775,13650622371824,13650622460305,13650623487454,1.258679,0.088481,1.027149,480
live,1267,13650632228775,13650632374221,13650632460718,13650633417050,1.188275,0.086497,0.956332,480
live,1268,13650642228775,13650642372874,13650642467627,13650643409207,1.180432,0.094753,0.94158,480
live,1269,13650652228775,13650652372199,13650652458344,13650653444468,1.215693,0.086145,0.986124,480
live,1270,13650662228775,13650662369924,13650662455813,13650663390640,1.161865,0.085889,0.934827,480
live,1271,13650672228775,13650672372608,13650672467170,13650673412621,1.183846,0.094562,0.945451,480
live,1272,13650682228775,13650682372541,13650682452574,13650683386602,1.157827,0.080033,0.934028,480
live,1273,13650692228775,13650692371994,13650692451419,13650693381031,1.152256,0.079425,0.929612,480
live,1274,13650702228775,13650702378423,13650702468344,13650703447428,1.218653,0.089921,0.979084,480
live,1275,13650712228775,13650712375060,13650712455829,13650713394368,1.165593,0.080769,0.938539,480
live,1276,13650722228775,13650722370864,13650722451825,13650723394045,1.16527,0.080961,0.94222,480
live,1277,13650732228775,13650732376589,13650732448302,13650733374330,1.145555,0.071713,0.926028,480
live,1278,13650742228775,13650742376810,13650742446763,13650743373911,1.145136,0.069953,0.927148,480
live,1279,13650752228775,13650752380103,13650752482824,13650753417108,1.188333,0.102721,0.934284,480
live,1280,13650762228775,13650762372100,13650762443173,13650764748417,2.519642,0.071073,2.305244,480
live,1281,13650772228775,13650772374400,13650772470626,13650773287500,1.058725,0.096226,0.816874,480
live,1282,13650782228775,13650782380221,13650782457726,13650783393066,1.164291,0.077505,0.93534,480
live,1283,13650792228775,13650792383034,13650792484444,13650793478536,1.249761,0.10141,0.994092,480
live,1284,13650802228775,13650802431320,13650802546329,13650803625127,1.396352,0.115009,1.078798,480
live,1285,13650812228775,13650812389172,13650812478805,13650813445889,1.217114,0.089633,0.967084,480
live,1286,13650822228775,13650822390577,13650822485362,13650823787490,1.558715,0.094785,1.302128,480
live,1287,13650832228775,13650832382510,13650832463151,13650833740702,1.511927,0.080641,1.277551,480
live,1288,13650842228775,13650842381578,13650842452843,13650843715963,1.487188,0.071265,1.26312,480
live,1289,13650852228775,13650852381799,13650852471080,13650853825625,1.59685,0.089281,1.354545,480
live,1290,13650862228775,13650862377700,13650862460837,13650863430801,1.202026,0.083137,0.969964,480
live,1291,13650872228775,13650872371681,13650872447394,13650873400781,1.172006,0.075713,0.953387,480
live,1292,13650882228775,13650882370365,13650882441310,13650883378858,1.150083,0.070945,0.937548,480
live,1293,13650892228775,13650892378874,13650892493020,13650893435176,1.206401,0.114146,0.942156,480
live,1294,13650902228775,13650902431736,13650902521913,13650903539174,1.310399,0.090177,1.017261,480
live,1295,13650912228775,13650912402164,13650912482037,13650913765637,1.536862,0.079873,1.2836,480
live,1296,13650922228775,13650922376881,13650922459154,13650923421054,1.192279,0.082273,0.9619,480
live,1297,13650932228775,13650932379662,13650932455311,13650933398202,1.169427,0.075649,0.942891,480
live,1298,13650942228775,13650942375146,13650942443947,13650943703227,1.474452,0.068801,1.25928,480
live,1299,13650952228775,13650952385095,13650952481416,13650953865210,1.636435,0.096321,1.383794,480
live,1300,13650962228775,13650962374180,13650962455749,13650965868272,3.639497,0.081569,3.412523,480
live,1301,13650972228775,13650972373217,13650972457794,13650973758162,1.529387,0.084577,1.300368,480
live,1302,13650982228775,13650982371358,13650982443998,13650983718222,1.489447,0.07264,1.274224,480
live,1303,13650992228775,13650992371866,13650992441627,13650993717451,1.488676,0.069761,1.275824,480
live,1304,13651002228775,13651002486969,13651003040768,13651005371389,3.142614,0.553799,2.330621,480
live,1305,13651012228775,13651012823962,13651013034364,13651014373581,2.144806,0.210402,1.339217,480
live,1306,13651022228775,13651022423409,13651022529395,13651023725346,1.496571,0.105986,1.195951,480
live,1307,13651032228775,13651032398158,13651032518607,13651034328198,2.099423,0.120449,1.809591,480
live,1308,13651042228775,13651042389963,13651042487500,13651044363971,2.135196,0.097537,1.876471,480
live,1309,13651052228775,13651052373415,13651052477033,13651054644228,2.415453,0.103618,2.167195,480
live,1310,13651062228775,13651062378116,13651062466661,13651064381757,2.152982,0.088545,1.915096,480
live,1311,13651072228775,13651072376609,13651072468802,13651074326265,2.09749,0.092193,1.857463,480
live,1312,13651082228775,13651082372094,13651082450975,13651084320438,2.091663,0.078881,1.869463,480
live,1313,13651092228775,13651092367258,13651092442107,13651094273682,2.044907,0.074849,1.831575,480
live,1314,13651102228775,13651102370039,13651102447416,13651104329008,2.100233,0.077377,1.881592,480
live,1315,13651112228775,13651112369876,13651112466421,13651114341517,2.112742,0.096545,1.875096,480
live,1316,13651122228775,13651122373937,13651122459890,13651124326217,2.097442,0.085953,1.866327,480
live,1317,13651132228775,13651132366734,13651132451535,13651134253189,2.024414,0.084801,1.801654,480
live,1318,13651142228775,13651142367754,13651142454124,13651144312963,2.084188,0.08637,1.858839,480
live,1319,13651152228775,13651152367943,13651152462088,13651154277215,2.04844,0.094145,1.815127,480
live,1320,13651162228775,13651162372036,13651162466341,13651166508984,4.280209,0.094305,4.042643,480
live,1321,13651172228775,13651172373473,13651172460386,13651174322873,2.094098,0.086913,1.862487,480
live,1322,13651182228775,13651182367486,13651182443679,13651184301366,2.072591,0.076193,1.857687,480
live,1323,13651192228775,13651192369403,13651192455420,13651194294899,2.066124,0.086017,1.839479,480
live,1324,13651202228775,13651202370135,13651202445048,13651204303951,2.075176,0.074913,1.858903,480
live,1325,13651212228775,13651212376468,13651212474709,13651214343885,2.11511,0.098241,1.869176,480
live,1326,13651222228775,13651222370449,13651222447026,13651224412522,2.183747,0.076577,1.965496,480
live,1327,13651232228775,13651232370830,13651232490607,13651233680606,1.451831,0.119777,1.189999,480
live,1328,13651242228775,13651242407307,13651242529485,13651243821917,1.593142,0.122178,1.292432,480
live,1329,13651252228775,13651252389608,13651252499561,13651253564310,1.335535,0.109953,1.064749,480
live,1330,13651262228775,13651262383428,13651262478310,13651263485714,1.256939,0.094882,1.007404,480
live,1331,13651272228775,13651272373793,13651272454274,13651273416750,1.187975,0.080481,0.962476,480
live,1332,13651282228775,13651282390142,13651282796643,13651284772188,2.543413,0.406501,1.975545,480
live,1333,13651292228775,13651292402043,13651292818816,13651294775865,2.54709,0.416773,1.957049,480
live,1334,13651302228775,13651302378360,13651302776605,13651304805142,2.576367,0.398245,2.028537,480
live,1335,13651312228775,13651312364084,13651312463381,13651314337069,2.108294,0.099297,1.873688,480
live,1336,13651322228775,13651322368977,13651322445458,13651324325609,2.096834,0.076481,1.880151,480
live,1337,13651332228775,13651332357998,13651332467215,13651334272422,2.043647,0.109217,1.805207,480
live,1338,13651342228775,13651342368363,13651342457068,13651344320739,2.091964,0.088705,1.863671,480
live,1339,13651352228775,13651352369415,13651352457769,13651354309408,2.080633,0.088354,1.851639,480
live,1340,13651362228775,13651362372004,13651362476710,13651366531864,4.303089,0.104706,4.055154,480
live,1341,13651372228775,13651372374465,13651372468802,13651374296313,2.067538,0.094337,1.827511,480
live,1342,13651382228775,13651382363710,13651382439007,13651384312182,2.083407,0.075297,1.873175,480
live,1343,13651392228775,13651392359227,13651392442428,13651394262738,2.033963,0.083201,1.82031,480
live,1344,13651402228775,13651402362775,13651402450617,13651404322416,2.093641,0.087842,1.871799,480
live,1345,13651412228775,13651412374228,13651412471606,13651414342477,2.113702,0.097378,1.870871,480
live,1346,13651422228775,13651422371345,13651422450482,13651424321130,2.092355,0.079137,1.870648,480
live,1347,13651432228775,13651432362350,13651432435119,13651434258310,2.029535,0.072769,1.823191,480
live,1348,13651442228775,13651442356779,13651442467724,13651444320003,2.091228,0.110945,1.852279,480
live,1349,13651452228775,13651452364264,13651452457481,13651454263903,2.035128,0.093217,1.806422,480
live,1350,13651462228775,13651462570087,13651462713641,13651464709730,2.480955,0.143554,1.996089,480
live,1351,13651472228775,13651472397058,13651472495715,13651473827155,1.59838,0.098657,1.33144,480
live,1352,13651482228775,13651482381470,13651482478015,13651483555053,1.326278,0.096545,1.077038,480
live,1353,13651492228775,13651492376507,13651492452444,13651493750380,1.521605,0.075937,1.297936,480
live,1354,13651502228775,13651502372888,13651502447353,13651503731753,1.502978,0.074465,1.2844,480
live,1355,13651512228775,13651512375669,13651512462518,13651514042857,1.814082,0.086849,1.580339,480
live,1356,13651522228775,13651522381233,13651522777622,13651524770127,2.541352,0.396389,1.992505,480
live,1357,13651532228775,13651532366126,13651532463535,13651534328679,2.099904,0.097409,1.865144,480
live,1358,13651542228775,13651542365419,13651542494092,13651544336771,2.107996,0.128673,1.842679,480
live,1359,13651552228775,13651552367304,13651552453801,13651554281056,2.052281,0.086497,1.827255,480
live,1360,13651562228775,13651562368196,13651562456134,13651567096768,4.867993,0.087938,4.640634,480
live,1361,13651572228775,13651572379009,13651572491523,13651574338362,2.109587,0.112514,1.846839,480
live,1362,13651582228775,13651582374462,13651582468479,13651584318934,2.090159,0.094017,1.850455,480
live,1363,13651592228775,13651592375899,13651592464380,13651594306131,2.077356,0.088481,1.841751,480
live,1364,13651602228775,13651602338583,13651602381240,13651603553991,1.325216,0.042657,1.172751,480
live,1365,13651612228775,13651612320308,13651612361396,13651614074570,1.845795,0.041088,1.713174,480
live,1366,13651622228775,13651622362449,13651622472115,13651624366154,2.137379,0.109666,1.894039,480
live,1367,13651632228775,13651632386830,13651632475343,13651634309254,2.080479,0.088513,1.833911,480
live,1368,13651642228775,13651642368235,13651642457740,13651644308995,2.08022,0.089505,1.851255,480
live,1369,13651652228775,13651652366216,13651652472137,13651654312384,2.083609,0.105921,1.840247,480
live,1370,13651662228775,13651662418789,13651662512422,13651664350557,2.121782,0.093633,1.838135,480
live,1371,13651672228775,13651672397858,13651672492611,13651674359834,2.131059,0.094753,1.867223,480
live,1372,13651682228775,13651682383518,13651682474976,13651684361783,2.133008,0.091458,1.886807,480
live,1373,13651692228775,13651692374203,13651692471068,13651694297811,2.069036,0.096865,1.826743,480
live,1374,13651702228775,13651702376024,13651702474553,13651704377073,2.148298,0.098529,1.90252,480
live,1375,13651712228775,13651712370677,13651712461014,13651714322349,2.093574,0.090337,1.861335,480
live,1376,13651722228775,13651722371729,13651722469427,13651724370282,2.141507,0.097698,1.900855,480
live,1377,13651732228775,13651732373198,13651732460111,13651734713612,2.484837,0.086913,2.253501,480
live,1378,13651742228775,13651742370411,13651742463660,13651744606663,2.377888,0.093249,2.143003,480
live,1379,13651752228775,13651752364936,13651752441161,13651754566947,2.338172,0.076225,2.125786,480
live,1380,13651762228775,13651762366469,13651762472038,13651766721819,4.493044,0.105569,4.249781,480
live,1381,13651772228775,13651772369954,13651772469539,13651774361690,2.132915,0.099585,1.892151,480
live,1382,13651782228775,13651782368638,13651782456511,13651784321559,2.092784,0.087873,1.865048,480
live,1383,13651792228775,13651792367259,13651792442204,13651794274547,2.045772,0.074945,1.832343,480
live,1384,13651802228775,13651802365560,13651802440729,13651804355249,2.126474,0.075169,1.91452,480
live,1385,13651812228775,13651812369653,13651812454934,13651814694386,2.465611,0.085281,2.239452,480
live,1386,13651822228775,13651822370610,13651822463475,13651824781680,2.552905,0.092865,2.318205,480
live,1387,13651832228775,13651832367982,13651832444399,13651834548074,2.319299,0.076417,2.103675,480
live,1388,13651842228775,13651842368075,13651842445996,13651844276035,2.04726,0.077921,1.830039,480
live,1389,13651852228775,13651852366600,13651852455561,13651854283712,2.054937,0.088961,1.828151,480
live,1390,13651862228775,13651862365349,13651862470726,13651864358238,2.129463,0.105377,1.887512,480
live,1391,13651872228775,13651872545252,13651872632613,13651874473276,2.244501,0.087361,1.840663,480
live,1392,13651882228775,13651882368030,13651882453375,13651884308951,2.080176,0.085345,1.855576,480
live,1393,13651892228775,13651892366971,13651892457884,13651894286995,2.05822,0.090913,1.829111,480
live,1394,13651902228775,13651902370936,13651902465593,13651904411346,2.182571,0.094657,1.945753,480
live,1395,13651912228775,13651912369141,13651912449238,13651913496131,1.267356,0.080097,1.046893,480
live,1396,13651922228775,13651922367634,13651922460019,13651924324042,2.095267,0.092385,1.864023,480
live,1397,13651932228775,13651932402319,13651932527632,13651933601630,1.372855,0.125313,1.073998,480
live,1398,13651942228775,13651942389708,13651942480077,13651943468665,1.23989,0.090369,0.988588,480
live,1399,13651952228775,13651952376392,13651952461193,13651953428437,1.199662,0.084801,0.967244,480
live,1400,13651962228775,13651962376485,13651962462566,13651965906545,3.67777,0.086081,3.443979,480
live,1401,13651972228775,13651972381762,13651972468675,13651973766355,1.53758,0.086913,1.29768,480
live,1402,13651982228775,13651982377823,13651982469088,13651983763248,1.534473,0.091265,1.29416,480
live,1403,13651992228775,13651992373979,13651992463005,13651993734092,1.505317,0.089026,1.271087,480
live,1404,13652002228775,13652002366072,13652002445849,13652003387685,1.15891,0.079777,0.941836,480
live,1405,13652012228775,13652012370133,13652012442550,13652013383906,1.155131,0.072417,0.941356,480
live,1406,13652022228775,13652022371346,13652022442867,13652023379230,1.150455,0.071521,0.936363,480
live,1407,13652032228775,13652032380175,13652032778228,13652033927618,1.698843,0.398053,1.14939,480
live,1408,13652042228775,13652042372491,13652042457612,13652043444953,1.216178,0.085121,0.987341,480
live,1409,13652052228775,13652052373000,13652052451497,13652053403253,1.174478,0.078497,0.951756,480
live,1410,13652062228775,13652062367845,13652062461670,13652063421618,1.192843,0.093825,0.959948,480
live,1411,13652072228775,13652072379074,13652072451747,13652073738099,1.509324,0.072673,1.286352,480
live,1412,13652082228775,13652082374399,13652082446400,13652083736912,1.508137,0.072001,1.290512,480
live,1413,13652092228775,13652092368251,13652092445244,13652093710892,1.482117,0.076993,1.265648,480
live,1414,13652102228775,13652102366008,13652102437305,13652103710121,1.481346,0.071297,1.272816,480
live,1415,13652112228775,13652112373365,13652112445462,13652113714950,1.486175,0.072097,1.269488,480
live,1416,13652122228775,13652122374962,13652122447699,13652123702978,1.474203,0.072737,1.255279,480
live,1417,13652132228775,13652132383247,13652132501616,13652133978147,1.749372,0.118369,1.476531,480
live,1418,13652142228775,13652142381100,13652142477517,13652143794717,1.565942,0.096417,1.3172,480
live,1419,13652152228775,13652152411689,13652152515370,13652153854843,1.626068,0.103681,1.339473,480
live,1420,13652162228775,13652162379205,13652162466438,13652166831229,4.602454,0.087233,4.364791,480
live,1421,13652172228775,13652172377218,13652172470659,13652174752128,2.523353,0.093441,2.281469,480
live,1422,13652182228775,13652182372607,13652182467584,13652184767037,2.538262,0.094977,2.299453,480
live,1423,13652192228775,13652192374300,13652192462749,13652194714969,2.486194,0.088449,2.25222,480
live,1424,13652202228775,13652202371128,13652202479642,13652204646517,2.417742,0.108514,2.166875,480
live,1425,13652212228775,13652212374165,13652212453366,13652214527280,2.298505,0.079201,2.073914,480
live,1426,13652222228775,13652222366290,13652222439539,13652224583278,2.354503,0.073249,2.143739,480
live,1427,13652232228775,13652232372047,13652232460880,13652234601003,2.372228,0.088833,2.140123,480
live,1428,13652242228775,13652242373868,13652242457357,13652244608519,2.379744,0.083489,2.151162,480
live,1429,13652252228775,13652252372008,13652252459721,13652254559748,2.330973,0.087713,2.100027,480
live,1430,13652262228775,13652262368645,13652262454118,13652264574081,2.345306,0.085473,2.119963,480
live,1431,13652272228775,13652272367938,13652272455363,13652274554493,2.325718,0.087425,2.09913,480
live,1432,13652282228775,13652282374943,13652282469568,13652284615771,2.386996,0.094625,2.146203,480
live,1433,13652292228775,13652292370556,13652292450909,13652294564855,2.33608,0.080353,2.113946,480
live,1434,13652302228775,13652302371288,13652302462042,13652304598004,2.369229,0.090754,2.135962,480
live,1435,13652312228775,13652312365429,13652312454582,13652314556528,2.327753,0.089153,2.101946,480
live,1436,13652322228775,13652322368082,13652322445011,13652324569101,2.340326,0.076929,2.12409,480
live,1437,13652332228775,13652332369391,13652332451888,13652334575914,2.347139,0.082497,2.124026,480
live,1438,13652342228775,13652342371308,13652342448173,13652344586887,2.358112,0.076865,2.138714,480
live,1439,13652352228775,13652352368584,13652352443433,13652354543492,2.314717,0.074849,2.100059,480
live,1440,13652362228775,13652362376229,13652362474023,13652366763388,4.534613,0.097794,4.289365,480
live,1441,13652372228775,13652372386082,13652372481795,13652374577438,2.348663,0.095713,2.095643,480
live,1442,13652382228775,13652382500960,13652382718307,13652384855486,2.626711,0.217347,2.137179,480
live,1443,13652392228775,13652392374364,13652392466013,13652394594071,2.365296,0.091649,2.128058,480
live,1444,13652402228775,13652402373560,13652402452121,13652404599572,2.370797,0.078561,2.147451,480
live,1445,13652412228775,13652412374677,13652412462198,13652414297837,2.069062,0.087521,1.835639,480
live,1446,13652422228775,13652422408563,13652422504308,13652424601678,2.372903,0.095745,2.09737,480
live,1447,13652432228775,13652432394287,13652432483248,13652435234899,3.006124,0.088961,2.751651,480
live,1448,13652442228775,13652442377932,13652442467949,13652444669832,2.441057,0.090017,2.201883,480
live,1449,13652452228775,13652452376489,13652452469770,13652454546372,2.317597,0.093281,2.076602,480
live,1450,13652462228775,13652462372389,13652462452390,13652464558913,2.330138,0.080001,2.106523,480
live,1451,13652472228775,13652472371266,13652472445379,13652474518813,2.290038,0.074113,2.073434,480
live,1452,13652482228775,13652482367167,13652482446656,13652484580250,2.351475,0.079489,2.133594,480
live,1453,13652492228775,13652492373500,13652492465053,13652494577975,2.3492,0.091553,2.112922,480
live,1454,13652502228775,13652502374937,13652502465786,13652504586548,2.357773,0.090849,2.120762,480
live,1455,13652512228775,13652512374229,13652512449430,13652514562097,2.333322,0.075201,2.112667,480
live,1456,13652522228775,13652522374162,13652522457747,13652524582030,2.353255,0.083585,2.124283,480
live,1457,13652532228775,13652532372783,13652532457008,13652534543402,2.314627,0.084225,2.086394,480
live,1458,13652542228775,13652542372972,13652542452717,13652544612872,2.384097,0.079745,2.160155,480
live,1459,13652552228775,13652552373129,13652552451018,13652554553284,2.324509,0.077889,2.102266,480
live,1460,13652562228775,13652562369605,13652562455622,13652566704795,4.47602,0.086017,4.249173,480
live,1461,13652572228775,13652572379810,13652572483556,13652574589086,2.360311,0.103746,2.10553,480
live,1462,13652582228775,13652582376063,13652582489856,13652584688636,2.459861,0.113793,2.19878,480
live,1463,13652592228775,13652592423964,13652592543550,13652594693785,2.46501,0.119586,2.150235,480
live,1464,13652602228775,13652602436537,13652602571803,13652604522003,2.293228,0.135266,1.9502,480
live,1465,13652612228775,13652612403574,13652612505111,13652614351694,2.122919,0.101537,1.846583,480
live,1466,13652622228775,13652622383442,13652622481940,13652624369547,2.140772,0.098498,1.887607,480
live,1467,13652632228775,13652632377263,13652632473616,13652634581835,2.35306,0.096353,2.108219,480
live,1468,13652642228775,13652642380492,13652642477165,13652644626376,2.397601,0.096673,2.149211,480
live,1469,13652652228775,13652652374729,13652652450954,13652654532740,2.303965,0.076225,2.081786,480
live,1470,13652662228775,13652662368997,13652662457191,13652664595937,2.367162,0.088194,2.138746,480
live,1471,13652672228775,13652672370338,13652672459203,13652674576734,2.347959,0.088865,2.117531,480
live,1472,13652682228775,13652682370559,13652682460384,13652684602939,2.374164,0.089825,2.142555,480
live,1473,13652692228775,13652692379612,13652692473597,13652694602936,2.374161,0.093985,2.129339,480
live,1474,13652702228775,13652702372057,13652702448282,13652704592628,2.363853,0.076225,2.144346,480
live,1475,13652712228775,13652712366997,13652712452342,13652714566705,2.33793,0.085345,2.114363,480
live,1476,13652722228775,13652722365458,13652722454259,13652724326987,2.098212,0.088801,1.872728,480
live,1477,13652732228775,13652732367951,13652732466544,13652734564618,2.335843,0.098593,2.098074,480
live,1478,13652742228775,13652742371852,13652742464877,13652744337988,2.109213,0.093025,1.873111,480
live,1479,13652752228775,13652752371977,13652752461706,13652754580452,2.351677,0.089729,2.118746,480
live,1480,13652762228775,13652762366149,13652762438246,13652766663195,4.43442,0.072097,4.224949,480
live,1481,13652772228775,13652772372354,13652772461731,13652774577566,2.348791,0.089377,2.115835,480
live,1482,13652782228775,13652782369663,13652782439776,13652784556282,2.327507,0.070113,2.116506,480
live,1483,13652792228775,13652792414396,13652792556542,13652794750970,2.522195,0.142146,2.194428,480
live,1484,13652802228775,13652802416793,13652802539003,13652804704598,2.475823,0.12221,2.165595,480
live,1485,13652812228775,13652812426006,13652812544760,13652814654674,2.425899,0.118754,2.109914,480
live,1486,13652822228775,13652822450195,13652822577749,13652823894597,1.665822,0.127554,1.316848,480
live,1487,13652832228775,13652832412752,13652832520113,13652833855362,1.626587,0.107361,1.335249,480
live,1488,13652842228775,13652842392556,13652842483789,13652844523367,2.294592,0.091233,2.039578,480
live,1489,13652852228775,13652852382409,13652852468714,13652853790842,1.562067,0.086305,1.322128,480
live,1490,13652862228775,13652862373958,13652862457031,13652863725910,1.497135,0.083073,1.268879,480
live,1491,13652872228775,13652872370082,13652872453891,13652873739379,1.510604,0.083809,1.285488,480
live,1492,13652882228775,13652882368191,13652882450880,13652883394700,1.165925,0.082689,0.94382,480
live,1493,13652892228775,13652892370812,13652892448925,13652893703533,1.474758,0.078113,1.254608,480
live,1494,13652902228775,13652902369529,13652902459610,13652903428966,1.200191,0.090081,0.969356,480
live,1495,13652912228775,13652912366294,13652912444119,13652913710246,1.481471,0.077825,1.266127,480
live,1496,13652922228775,13652922365234,13652922440979,13652923388383,1.159608,0.075745,0.947404,480
live,1497,13652932228775,13652932365679,13652932433104,13652933358268,1.129493,0.067425,0.925164,480
live,1498,13652942228775,13652942364460,13652942433709,13652943368312,1.139537,0.069249,0.934603,480
live,1499,13652952228775,13652952369289,13652952565419,13652953899644,1.670869,0.19613,1.334225,480
