stage,sequence,release_ns,queued_ns,start_ns,end_ns,age_ms,queue_ms,service_ms,output_samples
live,0,15467236567345,15467236802006,15467236909848,15467243193096,6.625751,0.107842,6.283248,3840
live,1,15467246567345,15467246739542,15467246970361,15467250060257,3.492912,0.230819,3.089896,3840
live,2,15467256567345,15467256683222,15467256912473,15467259635420,3.068075,0.229251,2.722947,3840
live,3,15467266567345,15467266674390,15467266900473,15467269610172,3.042827,0.226083,2.709699,3840
live,4,15467276567345,15467276673974,15467276744727,15467279596956,3.029611,0.070753,2.852229,3840
live,5,15467286567345,15467286680407,15467286740408,15467290734795,4.16745,0.060001,3.994387,3840
live,6,15467296567345,15467296677815,15467296742584,15467300597514,4.030169,0.064769,3.85493,3840
live,7,15467306567345,15467306676344,15467306745241,15467310469672,3.902327,0.068897,3.724431,3840
live,8,15467316567345,15467316676152,15467316738617,15467320825549,4.258204,0.062465,4.086932,3840
live,9,15467326567345,15467326684281,15467326754106,15467331234291,4.666946,0.069825,4.480185,3840
live,10,15467336567345,15467336680537,15467336739194,15467341262324,4.694979,0.058657,4.52313,3840
live,11,15467346567345,15467346680953,15467346759322,15467351335349,4.768004,0.078369,4.576027,3840
live,12,15467356567345,15467356706522,15467356786587,15467360387369,3.820024,0.080065,3.600782,3840
live,13,15467366567345,15467366721531,15467366811836,15467371727227,5.159882,0.090305,4.915391,3840
live,14,15467376567345,15467376727995,15467376838237,15467381749820,5.182475,0.110242,4.911583,3840
live,15,15467386567345,15467386702363,15467386780476,15467391139636,4.572291,0.078113,4.35916,3840
live,16,15467396567345,15467396689788,15467396768989,15467400993875,4.42653,0.079201,4.224886,3840
live,17,15467406567345,15467406685756,15467406764381,15467411426617,4.859272,0.078625,4.662236,3840
live,18,15467416567345,15467416680732,15467416748413,15467421334936,4.767591,0.067681,4.586523,3840
live,19,15467426567345,15467426688253,15467426768190,15467431234007,4.666662,0.079937,4.465817,3840
live,20,15467436567345,15467436687485,15467436752510,15467442743243,6.175898,0.065025,5.990733,3840
live,21,15467446567345,15467446680990,15467446747199,15467450762226,4.194881,0.066209,4.015027,3840
live,22,15467456567345,15467456673886,15467456727167,15467460755058,4.187713,0.053281,4.027891,3840
live,23,15467466567345,15467466673438,15467466731327,15467471176152,4.608807,0.057889,4.444825,3840
live,24,15467476567345,15467476677119,15467476742560,15467481620574,5.053229,0.065441,4.878014,3840
live,25,15467486567345,15467486678975,15467486755872,15467491368604,4.801259,0.076897,4.612732,3840
live,26,15467496567345,15467496664128,15467496714272,15467500930006,4.362661,0.050144,4.215734,3840
live,27,15467506567345,15467506678528,15467506758433,15467510786741,4.219396,0.079905,4.028308,3840
live,28,15467516567345,15467516681249,15467516756514,15467520820918,4.253573,0.075265,4.064404,3840
live,29,15467526567345,15467526684961,15467526769730,15467531181563,4.614218,0.084769,4.411833,3840
live,30,15467536567345,15467536682625,15467536744706,15467541043354,4.476009,0.062081,4.298648,3840
live,31,15467546567345,15467546684930,15467546748291,15467551290205,4.72286,0.063361,4.541914,3840
live,32,15467556567345,15467556681698,15467556760035,15467560906105,4.33876,0.078337,4.14607,3840
live,33,15467566567345,15467566686371,15467566769028,15467571573698,5.006353,0.082657,4.80467,3840
live,34,15467576567345,15467576663427,15467576704931,15467582057768,5.490423,0.041504,5.352837,3840
live,35,15467586567345,15467586713924,15467586807429,15467591159133,4.591788,0.093505,4.351704,3840
live,36,15467596567345,15467596719525,15467596819526,15467601025916,4.458571,0.100001,4.20639,3840
live,37,15467606567345,15467606731557,15467606823622,15467611582371,5.015026,0.092065,4.758749,3840
live,38,15467616567345,15467616704965,15467616974697,15467621512579,4.945234,0.269732,4.537882,3840
live,39,15467626567345,15467626688645,15467626776583,15467631814087,5.246742,0.087938,5.037504,3840
live,40,15467636567345,15467636688454,15467636769351,15467643760609,7.193264,0.080897,6.991258,3840
live,41,15467646567345,15467646690182,15467646762471,15467651164480,4.597135,0.072289,4.402009,3840
live,42,15467656567345,15467656679527,15467656747655,15467660758971,4.191626,0.068128,4.011316,3840
live,43,15467666567345,15467666681767,15467666749032,15467670946206,4.378861,0.067265,4.197174,3840
live,44,15467676567345,15467676682279,15467676751912,15467681074944,4.507599,0.069633,4.323032,3840
live,45,15467686567345,15467686681928,15467686756297,15467691880491,5.313146,0.074369,5.124194,3840
live,46,15467696567345,15467696682696,15467696745929,15467701199810,4.632465,0.063233,4.453881,3840
live,47,15467706567345,15467706680041,15467706757930,15467711340101,4.772756,0.077889,4.582171,3840
live,48,15467716567345,15467716666249,15467716716682,15467720942848,4.375503,0.050433,4.226166,3840
live,49,15467726567345,15467726684682,15467726748490,15467731250436,4.683091,0.063808,4.501946,3840
live,50,15467736567345,15467736679882,15467736750283,15467741113731,4.546386,0.070401,4.363448,3840
live,51,15467746567345,15467746685930,15467746744043,15467752482229,5.914884,0.058113,5.738186,3840
live,52,15467756567345,15467756674763,15467756743468,15467762569750,6.002405,0.068705,5.826282,3840
live,53,15467766567345,15467766665003,15467766718188,15467771125636,4.558291,0.053185,4.407448,3840
live,54,15467776567345,15467776678892,15467776737196,15467781053988,4.486643,0.058304,4.316792,3840
live,55,15467786567345,15467786683532,15467786763309,15467790825953,4.258608,0.079777,4.062644,3840
live,56,15467796567345,15467796682669,15467796758541,15467800990628,4.423283,0.075872,4.232087,3840
live,57,15467806567345,15467806724685,15467806821199,15467811326921,4.759576,0.096514,4.505722,3840
live,58,15467816567345,15467816704238,15467816961329,15467821074342,4.506997,0.257091,4.113013,3840
live,59,15467826567345,15467826681454,15467826761039,15467831217576,4.650231,0.079585,4.456537,3840
live,60,15467836567345,15467836685358,15467836766191,15467842176277,5.608932,0.080833,5.410086,3840
live,61,15467846567345,15467846687439,15467846744271,15467850726691,4.159346,0.056832,3.98242,3840
live,62,15467856567345,15467856677295,15467856733296,15467860783876,4.216531,0.056001,4.05058,3840
live,63,15467866567345,15467866682255,15467866741200,15467871047240,4.479895,0.058945,4.30604,3840
live,64,15467876567345,15467876676976,15467876753137,15467880579714,4.012369,0.076161,3.826577,3840
live,65,15467886567345,15467886685968,15467886766417,15467890891494,4.324149,0.080449,4.125077,3840
live,66,15467896567345,15467896686417,15467896938900,15467901142666,4.575321,0.252483,4.203766,3840
live,67,15467906567345,15467906682481,15467906741746,15467911018889,4.451544,0.059265,4.277143,3840
live,68,15467916567345,15467916677426,15467916738962,15467920955624,4.388279,0.061536,4.216662,3840
live,69,15467926567345,15467926684594,15467926748499,15467931265933,4.698588,0.063905,4.517434,3840
live,70,15467936567345,15467936680338,15467936935478,15467941193964,4.626619,0.25514,4.258486,3840
live,71,15467946567345,15467946685971,15467946749268,15467951336591,4.769246,0.063297,4.587323,3840
live,72,15467956567345,15467956681107,15467956743348,15467961046475,4.47913,0.062241,4.303127,3840
live,73,15467966567345,15467966687572,15467966748629,15467971302063,4.734718,0.061057,4.553434,3840
live,74,15467976567345,15467976679636,15467976740725,15467981007660,4.440315,0.061089,4.266935,3840
live,75,15467986567345,15467986683925,15467986767382,15467991220079,4.652734,0.083457,4.452697,3840
live,76,15467996567345,15467996706197,15467996777334,15468000775946,4.208601,0.071137,3.998612,3840
live,77,15468006567345,15468006701686,15468006767799,15468011082990,4.515645,0.066113,4.315191,3840
live,78,15468016567345,15468016684182,15468016753815,15468021506132,4.938787,0.069633,4.752317,3840
live,79,15468026567345,15468026683318,15468026761783,15468030924205,4.35686,0.078465,4.162422,3840
live,80,15468036567345,15468036816440,15468036909498,15468043347372,6.780027,0.093058,6.437874,3840
live,81,15468046567345,15468046694007,15468046760056,15468051602518,5.035173,0.066049,4.842462,3840
live,82,15468056567345,15468056679799,15468056736152,15468060685931,4.118586,0.056353,3.949779,3840
live,83,15468066567345,15468066685880,15468066940187,15468072078365,5.51102,0.254307,5.138178,3840
live,84,15468076567345,15468076678968,15468076742873,15468081150578,4.583233,0.063905,4.407705,3840
live,85,15468086567345,15468086678681,15468086754362,15468091691705,5.12436,0.075681,4.937343,3840
live,86,15468096567345,15468096680889,15468096747578,15468100750477,4.183132,0.066689,4.002899,3840
live,87,15468106567345,15468106722906,15468106984605,15468111082002,4.514657,0.261699,4.097397,3840
live,88,15468116567345,15468116688506,15468116772059,15468120835983,4.268638,0.083553,4.063924,3840
live,89,15468126567345,15468126689147,15468126759515,15468132087872,5.520527,0.070368,5.328357,3840
live,90,15468136567345,15468136681083,15468136754204,15468142475333,5.907988,0.073121,5.721129,3840
live,91,15468146567345,15468146682811,15468146760796,15468151326583,4.759238,0.077985,4.565787,3840
live,92,15468156567345,15468156683228,15468156755581,15468161586331,5.018986,0.072353,4.83075,3840
live,93,15468166567345,15468166681372,15468166757853,15468171192342,4.624997,0.076481,4.434489,3840
live,94,15468176567345,15468176667420,15468176739229,15468181498682,4.931337,0.071809,4.759453,3840
live,95,15468186567345,15468186685501,15468186767422,15468190849970,4.282625,0.081921,4.082548,3840
live,96,15468196567345,15468196681309,15468196754558,15468201122454,4.555109,0.073249,4.367896,3840
live,97,15468206567345,15468206683390,15468206743103,15468211522332,4.954987,0.059713,4.779229,3840
live,98,15468216567345,15468216679614,15468216735839,15468220955669,4.388324,0.056225,4.21983,3840
live,99,15468226567345,15468226675743,15468226751936,15468231244217,4.676872,0.076193,4.492281,3840
live,100,15468236567345,15468236682271,15468236764288,15468243533655,6.96631,0.082017,6.769367,3840
live,101,15468246567345,15468246680063,15468246754816,15468250641554,4.074209,0.074753,3.886738,3840
live,102,15468256567345,15468256711488,15468256809634,15468261213466,4.646121,0.098146,4.403832,3840
live,103,15468266567345,15468266691008,15468266773441,15468271400509,4.833164,0.082433,4.627068,3840
live,104,15468276567345,15468276683585,15468276755810,15468280740565,4.17322,0.072225,3.984755,3840
live,105,15468286567345,15468286685409,15468286765442,15468291295932,4.728587,0.080033,4.53049,3840
live,106,15468296567345,15468296684258,15468296758659,15468301352830,4.785485,0.074401,4.594171,3840
live,107,15468306567345,15468306686210,15468306746659,15468311476128,4.908783,0.060449,4.729469,3840
live,108,15468316567345,15468316682146,15468316754115,15468321040570,4.473225,0.071969,4.286455,3840
live,109,15468326567345,15468326683075,15468326759300,15468330790488,4.223143,0.076225,4.031188,3840
live,110,15468336567345,15468336683043,15468336758788,15468340828984,4.261639,0.075745,4.070196,3840
live,111,15468346567345,15468346689508,15468346774405,15468351212574,4.645229,0.084897,4.438169,3840
live,112,15468356567345,15468356683844,15468356744869,15468361127741,4.560396,0.061025,4.382872,3840
live,113,15468366567345,15468366685861,15468366746565,15468371316928,4.749583,0.060704,4.570363,3840
live,114,15468376567345,15468376681733,15468376738150,15468380948668,4.381323,0.056417,4.210518,3840
live,115,15468386567345,15468386682629,15468386936425,15468391818055,5.25071,0.253796,4.88163,3840
live,116,15468396567345,15468396678214,15468396757639,15468401175007,4.607662,0.079425,4.417368,3840
live,117,15468406567345,15468406684422,15468406764807,15468411115871,4.548526,0.080385,4.351064,3840
live,118,15468416567345,15468416678791,15468416738119,15468420694778,4.127433,0.059328,3.956659,3840
live,119,15468426567345,15468426677671,15468426755048,15468430497272,3.929927,0.077377,3.742224,3840
live,120,15468436567345,15468436680359,15468436929131,15468442496786,5.929441,0.248772,5.567655,3840
live,121,15468446567345,15468446674984,15468446747337,15468450851421,4.284076,0.072353,4.104084,3840
live,122,15468456567345,15468456677192,15468456743337,15468460695100,4.127755,0.066145,3.951763,3840
live,123,15468466567345,15468466679177,15468466757034,15468471398053,4.830708,0.077857,4.641019,3840
live,124,15468476567345,15468476686441,15468476768234,15468480913439,4.346094,0.081793,4.145205,3840
live,125,15468486567345,15468486681482,15468486741578,15468490938784,4.371439,0.060096,4.197206,3840
live,126,15468496567345,15468496842700,15468496922253,15468501557257,4.989912,0.079553,4.635004,3840
live,127,15468506567345,15468506685418,15468506768203,15468512552438,5.985093,0.082785,5.784235,3840
live,128,15468516567345,15468516689227,15468516766796,15468521143364,4.576019,0.077569,4.376568,3840
live,129,15468526567345,15468526686667,15468526949807,15468531316615,4.74927,0.26314,4.366808,3840
live,130,15468536567345,15468536673644,15468536738956,15468541716428,5.149083,0.065312,4.977472,3840
live,131,15468546567345,15468546678092,15468546738093,15468551580747,5.013402,0.060001,4.842654,3840
live,132,15468556567345,15468556674412,15468556729517,15468562550584,5.983239,0.055105,5.821067,3840
live,133,15468566567345,15468566699341,15468566756398,15468569789781,3.222436,0.057057,3.033383,3840
live,134,15468576567345,15468576668717,15468576714190,15468581913808,5.346463,0.045473,5.199618,3840
live,135,15468586567345,15468586707406,15468586801679,15468591739631,5.172286,0.094273,4.937952,3840
live,136,15468596567345,15468596714191,15468596812816,15468603411525,6.84418,0.098625,6.598709,3840
live,137,15468606567345,15468606704111,15468606783408,15468609883352,3.316007,0.079297,3.099944,3840
live,138,15468616567345,15468616678927,15468616743824,15468620616386,4.049041,0.064897,3.872562,3840
live,139,15468626567345,15468626706960,15468626786225,15468631058600,4.491255,0.079265,4.272375,3840
live,140,15468636567345,15468636696176,15468636750865,15468641187818,4.620473,0.054689,4.436953,3840
live,141,15468646567345,15468646683568,15468646757201,15468652117814,5.550469,0.073633,5.360613,3840
live,142,15468656567345,15468656719921,15468656809010,15468662506331,5.938986,0.089089,5.697321,3840
live,143,15468666567345,15468666684401,15468666744978,15468670354784,3.787439,0.060577,3.609806,3840
live,144,15468676567345,15468676690226,15468676779699,15468682316186,5.748841,0.089473,5.536487,3840
live,145,15468686567345,15468686708402,15468686783603,15468691578897,5.011552,0.075201,4.795294,3840
live,146,15468696567345,15468696712179,15468696790644,15468700550596,3.983251,0.078465,3.759952,3840
live,147,15468706567345,15468706713715,15468706790196,15468712598559,6.031214,0.076481,5.808363,3840
live,148,15468716567345,15468716755540,15468716850805,15468723593612,7.026267,0.095265,6.742807,3840
live,149,15468726567345,15468726721652,15468726782101,15468730251681,3.684336,0.060449,3.46958,3840
live,150,15468736567345,15468736681204,15468736730325,15468740105248,3.537903,0.049121,3.374923,3840
live,151,15468746567345,15468746713461,15468746797974,15468751482354,4.915009,0.084513,4.68438,3840
live,152,15468756567345,15468756764470,15468756849079,15468760097089,3.529744,0.084609,3.24801,3840
live,153,15468766567345,15468766711126,15468766782583,15468770712393,4.145048,0.071457,3.92981,3840
live,154,15468776567345,15468776708342,15468776768439,15468779817374,3.250029,0.060097,3.048935,3840
live,155,15468786567345,15468786667734,15468786708598,15468790279428,3.712083,0.040864,3.57083,3840
live,156,15468796567345,15468796715319,15468796795576,15468802462561,5.895216,0.080257,5.666985,3840
live,157,15468806567345,15468806712471,15468806785496,15468810045954,3.478609,0.073025,3.260458,3840
live,158,15468816567345,15468816684567,15468816757016,15468820669067,4.101722,0.072449,3.912051,3840
live,159,15468826567345,15468826716568,15468826800665,15468830925550,4.358205,0.084097,4.124885,3840
live,160,15468836567345,15468836693784,15468836750841,15468841401749,4.834404,0.057057,4.650908,3840
live,161,15468846567345,15468846677913,15468846745145,15468850407912,3.840567,0.067232,3.662767,3840
live,162,15468856567345,15468856716345,15468856806523,15468862838952,6.271607,0.090178,6.032429,3840
live,163,15468866567345,15468866709946,15468866774939,15468869848002,3.280657,0.064993,3.073063,3840
live,164,15468876567345,15468876669882,15468876720090,15468880229383,3.662038,0.050208,3.509293,3840
live,165,15468886567345,15468886705115,15468886781724,15468892643623,6.076278,0.076609,5.861899,3840
live,166,15468896567345,15468896704443,15468896781564,15468902011199,5.443854,0.077121,5.229635,3840
live,167,15468906567345,15468906724060,15468906819805,15468912575207,6.007862,0.095745,5.755402,3840
live,168,15468916567345,15468916717948,15468916800829,15468921494681,4.927336,0.082881,4.693852,3840
live,169,15468926567345,15468926717340,15468926798749,15468932707017,6.139672,0.081409,5.908268,3840
live,170,15468936567345,15468936791486,15468936913311,15468942887692,6.320347,0.121825,5.974381,3840
live,171,15468946567345,15468946723005,15468946797438,15468949938791,3.371446,0.074433,3.141353,3840
live,172,15468956567345,15468956692861,15468956766430,15468961033589,4.466244,0.073569,4.267159,3840
live,173,15468966567345,15468966727422,15468966814335,15468972799276,6.231931,0.086913,5.984941,3840
live,174,15468976567345,15468976721247,15468976798432,15468980927701,4.360356,0.077185,4.129269,3840
live,175,15468986567345,15468986701919,15468986774624,15468990364078,3.796733,0.072705,3.589454,3840
live,176,15468996567345,15468996714559,15468996779872,15469000741139,4.173794,0.065313,3.961267,3840
live,177,15469006567345,15469006971939,15469007103589,15469013908156,7.340811,0.13165,6.804567,3840
live,178,15469016567345,15469016721184,15469016811585,15469022001668,5.434323,0.090401,5.190083,3840
live,179,15469026567345,15469026723233,15469026828354,15469032740878,6.173533,0.105121,5.912524,3840
live,180,15469036567345,15469036704801,15469036766914,15469041406589,4.839244,0.062113,4.639675,3840
live,181,15469046567345,15469046690433,15469046771714,15469050993560,4.426215,0.081281,4.221846,3840
live,182,15469056567345,15469056712706,15469056786339,15469060560211,3.992866,0.073633,3.773872,3840
live,183,15469066567345,15469066672738,15469066725282,15469071073242,4.505897,0.052544,4.34796,3840
live,184,15469076567345,15469076725251,15469076818468,15469081468800,4.901455,0.093217,4.650332,3840
live,185,15469086567345,15469086723619,15469086804132,15469090605493,4.038148,0.080513,3.801361,3840
live,186,15469096567345,15469096678723,15469096739268,15469100625622,4.058277,0.060545,3.886354,3840
live,187,15469106567345,15469106709860,15469106802437,15469112969716,6.402371,0.092577,6.167279,3840
live,188,15469116567345,15469116723140,15469116812806,15469120543861,3.976516,0.089666,3.731055,3840
live,189,15469126567345,15469126682052,15469126736229,15469130602967,4.035622,0.054177,3.866738,3840
live,190,15469136567345,15469136699365,15469136773030,15469140528246,3.960901,0.073665,3.755216,3840
live,191,15469146567345,15469146683013,15469146747942,15469150324436,3.757091,0.064929,3.576494,3840
live,192,15469156567345,15469156703334,15469156762599,15469159679244,3.111899,0.059265,2.916645,3840
live,193,15469166567345,15469166677254,15469166743431,15469170739098,4.171753,0.066177,3.995667,3840
live,194,15469176567345,15469176715975,15469176784936,15469182645459,6.078114,0.068961,5.860523,3840
live,195,15469186567345,15469186732871,15469186806024,15469190061490,3.494145,0.073153,3.255466,3840
live,196,15469196567345,15469196725608,15469196793161,15469199779343,3.211998,0.067553,2.986182,3840
live,197,15469206567345,15469206717512,15469206804905,15469214178856,7.611511,0.087393,7.373951,3840
live,198,15469216567345,15469216713800,15469216774569,15469220029971,3.462626,0.060769,3.255402,3840
live,199,15469226567345,15469226674536,15469226721673,15469230144629,3.577284,0.047137,3.422956,3840
live,200,15469236567345,15469236721865,15469236799274,15469244601615,8.03427,0.077409,7.802341,3840
live,201,15469246567345,15469246751274,15469246864012,15469253472032,6.904687,0.112738,6.60802,3840
live,202,15469256567345,15469256734890,15469256815883,15469260625884,4.058539,0.080993,3.810001,3840
live,203,15469266567345,15469266689226,15469266758699,15469270665821,4.098476,0.069473,3.907122,3840
live,204,15469276567345,15469276714891,15469276799532,15469282368372,5.801027,0.084641,5.56884,3840
live,205,15469286567345,15469286711467,15469286782700,15469290483580,3.916235,0.071233,3.70088,3840
live,206,15469296567345,15469296680107,15469296744780,15469300631390,4.064045,0.064673,3.88661,3840
live,207,15469306567345,15469306717100,15469306854350,15469311058116,4.490771,0.13725,4.203766,3840
live,208,15469316567345,15469316725997,15469316811406,15469321128421,4.561076,0.085409,4.317015,3840
live,209,15469326567345,15469326688973,15469326754958,15469332452375,5.88503,0.065985,5.697417,3840
live,210,15469336567345,15469336711085,15469336785870,15469340491166,3.923821,0.074785,3.705296,3840
live,211,15469346567345,15469346687693,15469346749070,15469350887619,4.320274,0.061377,4.138549,3840
live,212,15469356567345,15469356722702,15469356817648,15469361121287,4.553942,0.094946,4.303639,3840
live,213,15469366567345,15469366717711,15469366787504,15469370738402,4.171057,0.069793,3.950898,3840
live,214,15469376567345,15469376684751,15469376767152,15469382241334,5.673989,0.082401,5.474182,3840
live,215,15469386567345,15469386721584,15469386813233,15469390347774,3.780429,0.091649,3.534541,3840
live,216,15469396567345,15469396700816,15469396752048,15469399760247,3.192902,0.051232,3.008199,3840
live,217,15469406567345,15469406709264,15469406784145,15469410899174,4.331829,0.074881,4.115029,3840
live,218,15469416567345,15469416702321,15469416769425,15469419946362,3.379017,0.067104,3.176937,3840
live,219,15469426567345,15469426687249,15469426753970,15469430651748,4.084403,0.066721,3.897778,3840
live,220,15469436567345,15469436701713,15469436759602,15469441216651,4.649306,0.057889,4.457049,3840
live,221,15469446567345,15469446678257,15469446727538,15469450126750,3.559405,0.049281,3.399212,3840
live,222,15469456567345,15469456702610,15469456797779,15469462182265,5.61492,0.095169,5.384486,3840
live,223,15469466567345,15469466740243,15469466812020,15469470156319,3.588974,0.071777,3.344299,3840
live,224,15469476567345,15469476713011,15469476775732,15469479591416,3.024071,0.062721,2.815684,3840
live,225,15469486567345,15469486719060,15469486815477,15469492219354,5.652009,0.096417,5.403877,3840
live,226,15469496567345,15469496724564,15469496810293,15469502388829,5.821484,0.085729,5.578536,3840
live,227,15469506567345,15469506861462,15469506943991,15469510167169,3.599824,0.082529,3.223178,3840
live,228,15469516567345,15469516996408,15469517126778,15469521403249,4.835904,0.13037,4.276471,3840
live,229,15469526567345,15469526745366,15469526835543,15469531166414,4.599069,0.090177,4.330871,3840
live,230,15469536567345,15469536702902,15469536760054,15469539786813,3.219468,0.057152,3.026759,3840
live,231,15469546567345,15469546693878,15469546762551,15469550618504,4.051159,0.068673,3.855953,3840
live,232,15469556567345,15469556700022,15469556756855,15469559731933,3.164588,0.056833,2.975078,3840
live,233,15469566567345,15469566689975,15469566746135,15469571277202,4.709857,0.05616,4.531067,3840
live,234,15469576567345,15469576717463,15469576797144,15469582017563,5.450218,0.079681,5.220419,3840
live,235,15469586567345,15469586716824,15469586826969,15469590885581,4.318236,0.110145,4.058612,3840
live,236,15469596567345,15469596701912,15469596754649,15469599755295,3.18795,0.052737,3.000646,3840
live,237,15469606567345,15469606685528,15469606758585,15469610902318,4.334973,0.073057,4.143733,3840
live,238,15469616567345,15469616713369,15469616856251,15469621839867,5.272522,0.142882,4.983616,3840
live,239,15469626567345,15469626716249,15469626793850,15469630623500,4.056155,0.077601,3.82965,3840
live,240,15469636567345,15469636687833,15469636756122,15469642439939,5.872594,0.068289,5.683817,3840
live,241,15469646567345,15469646702650,15469646765819,15469649842754,3.275409,0.063169,3.076935,3840
live,242,15469656567345,15469656689242,15469656768091,15469660913649,4.346304,0.078849,4.145558,3840
live,243,15469666567345,15469666712987,15469666787868,15469674281532,7.714187,0.074881,7.493664,3840
live,244,15469676567345,15469676712699,15469676781468,15469679898084,3.330739,0.068769,3.116616,3840
live,245,15469686567345,15469686701244,15469686782237,15469691518746,4.951401,0.080993,4.736509,3840
live,246,15469696567345,15469696714108,15469696790685,15469700883154,4.315809,0.076577,4.092469,3840
live,247,15469706567345,15469706699965,15469706758973,15469709825893,3.258548,0.059008,3.06692,3840
live,248,15469716567345,15469716690941,15469716775486,15469721178326,4.610981,0.084545,4.40284,3840
live,249,15469726567345,15469726702749,15469726777182,15469731198999,4.631654,0.074433,4.421817,3840
live,250,15469736567345,15469736705822,15469736763423,15469739782373,3.215028,0.057601,3.01895,3840
live,251,15469746567345,15469746682270,15469746747839,15469750419150,3.851805,0.065569,3.671311,3840
live,252,15469756567345,15469756740479,15469756848481,15469761249785,4.68244,0.108002,4.401304,3840
live,253,15469766567345,15469766747072,15469766829857,15469770845684,4.278339,0.082785,4.015827,3840
live,254,15469776567345,15469776700895,15469776987331,15469781000407,4.433062,0.286436,4.013076,3840
live,255,15469786567345,15469786736128,15469787116325,15469794401827,7.834482,0.380197,7.285502,3840
live,256,15469796567345,15469796739265,15469797075109,15469800441648,3.874303,0.335844,3.366539,3840
live,257,15469806567345,15469806686561,15469806978660,15469811030328,4.462983,0.292099,4.051668,3840
live,258,15469816567345,15469816732066,15469817116646,15469821232923,4.665578,0.38458,4.116277,3840
live,259,15469826567345,15469826708706,15469827033510,15469830302928,3.735583,0.324804,3.269418,3840
live,260,15469836567345,15469836685602,15469836970117,15469842534381,5.967036,0.284515,5.564264,3840
live,261,15469846567345,15469846743235,15469847135336,15469850507347,3.940002,0.392101,3.372011,3840
live,262,15469856567345,15469856695171,15469856761348,15469859673289,3.105944,0.066177,2.911941,3840
live,263,15469866567345,15469866678819,15469866738820,15469870318866,3.751521,0.060001,3.580046,3840
live,264,15469876567345,15469876727620,15469877096105,15469882614064,6.046719,0.368485,5.517959,3840
live,265,15469886567345,15469886707748,15469886787909,15469890417908,3.850563,0.080161,3.629999,3840
live,266,15469896567345,15469896681604,15469896744101,15469900623031,4.055686,0.062497,3.87893,3840
live,267,15469906567345,15469906688709,15469906747621,15469909703947,3.136602,0.058912,2.956326,3840
live,268,15469916567345,15469916684069,15469916760710,15469920845498,4.278153,0.076641,4.084788,3840
live,269,15469926567345,15469926718214,15469926831207,15469932774708,6.207363,0.112993,5.943501,3840
live,270,15469936567345,15469936708518,15469936774279,15469939754221,3.186876,0.065761,2.979942,3840
live,271,15469946567345,15469946670438,15469946736263,15469950627321,4.059976,0.065825,3.891058,3840
live,272,15469956567345,15469956706823,15469956796296,15469961120320,4.552975,0.089473,4.324024,3840
live,273,15469966567345,15469966705895,15469966794665,15469971859466,5.292121,0.08877,5.064801,3840
live,274,15469976567345,15469976738984,15469976973675,15469982202894,5.635549,0.234691,5.229219,3840
live,275,15469986567345,15469986712616,15469986780361,15469991143649,4.576304,0.067745,4.363288,3840
live,276,15469996567345,15469996701417,15469996784490,15470001044736,4.477391,0.083073,4.260246,3840
live,277,15470006567345,15470006711881,15470006776234,15470010876959,4.309614,0.064353,4.100725,3840
live,278,15470016567345,15470016680169,15470016746218,15470020407577,3.840232,0.066049,3.661359,3840
live,279,15470026567345,15470026710602,15470026776491,15470031715178,5.147833,0.065889,4.938687,3840
live,280,15470036567345,15470036714698,15470037074383,15470042323698,5.756353,0.359685,5.249315,3840
live,281,15470046567345,15470046683626,15470046967950,15470051041570,4.474225,0.284324,4.07362,3840
live,282,15470056567345,15470056727339,15470057073392,15470060949410,4.382065,0.346053,3.876018,3840
live,283,15470066567345,15470066695883,15470066990863,15470071041027,4.473682,0.29498,4.050164,3840
live,284,15470076567345,15470076812813,15470077220787,15470086482633,9.915288,0.407974,9.261846,3840
live,285,15470086567345,15470086724589,15470086805646,15470091847182,5.279837,0.081057,5.041536,3840
live,286,15470096567345,15470096677004,15470096739309,15470100226426,3.659081,0.062305,3.487117,3840
live,287,15470106567345,15470106685613,15470106750478,15470110320764,3.753419,0.064865,3.570286,3840
live,288,15470116567345,15470116707022,15470116785967,15470119881110,3.313765,0.078945,3.095143,3840
live,289,15470126567345,15470126698030,15470126756207,15470129615411,3.048066,0.058177,2.859204,3840
live,290,15470136567345,15470136683822,15470136759343,15470145275836,8.708491,0.075521,8.516493,3840
live,291,15470146567345,15470146711663,15470146808624,15470150089946,3.522601,0.096961,3.281322,3840
live,292,15470156567345,15470156678063,15470156727535,15470161503277,4.935932,0.049472,4.775742,3840
live,293,15470166567345,15470166715472,15470166790993,15470170891493,4.324148,0.075521,4.1005,3840
live,294,15470176567345,15470176695792,15470176758321,15470179786328,3.218983,0.062529,3.028007,3840
live,295,15470186567345,15470186685744,15470186765777,15470190865222,4.297877,0.080033,4.099445,3840
live,296,15470196567345,15470196715921,15470196786994,15470199846361,3.279016,0.071073,3.059367,3840
live,297,15470206567345,15470206665649,15470206708561,15470210436097,3.868752,0.042912,3.727536,3840
live,298,15470216567345,15470216704082,15470216786259,15470220861959,4.294614,0.082177,4.0757,3840
live,299,15470226567345,15470226703698,15470226765107,15470229717209,3.149864,0.061409,2.952102,3840
live,300,15470236567345,15470236685362,15470236985558,15470242768000,6.200655,0.300196,5.782442,3840
live,301,15470246567345,15470246735187,15470247079704,15470250326977,3.759632,0.344517,3.247273,3840
live,302,15470256567345,15470256691347,15470256955158,15470260546725,3.97938,0.263811,3.591567,3840
live,303,15470266567345,15470266683667,15470266964183,15470270981643,4.414298,0.280516,4.01746,3840
live,304,15470276567345,15470276777429,15470276889110,15470280841033,4.273688,0.111681,3.951923,3840
live,305,15470286567345,15470286760373,15470287129466,15470291428465,4.86112,0.369093,4.298999,3840
live,306,15470296567345,15470296687157,15470296747989,15470300378372,3.811027,0.060832,3.630383,3840
live,307,15470306567345,15470306700821,15470306778614,15470310928012,4.360667,0.077793,4.149398,3840
live,308,15470316567345,15470316742646,15470316851544,15470319971008,3.403663,0.108898,3.119464,3840
live,309,15470326567345,15470326686614,15470326759991,15470330876812,4.309467,0.073377,4.116821,3840
live,310,15470336567345,15470336718999,15470336828920,15470343375852,6.808507,0.109921,6.546932,3840
live,311,15470346567345,15470346714519,15470346784568,15470350370630,3.803285,0.070049,3.586062,3840
live,312,15470356567345,15470356725528,15470356823289,15470361127088,4.559743,0.097761,4.303799,3840
live,313,15470366567345,15470366724920,15470366818233,15470371032015,4.46467,0.093313,4.213782,3840
live,314,15470376567345,15470376704248,15470376756569,15470379798784,3.231439,0.052321,3.042215,3840
live,315,15470386567345,15470386684152,15470386761529,15470390881038,4.313693,0.077377,4.119509,3840
live,316,15470396567345,15470396712665,15470396801562,15470401121522,4.554177,0.088897,4.31996,3840
live,317,15470406567345,15470406711609,15470406806779,15470410804558,4.237213,0.09517,3.997779,3840
live,318,15470416567345,15470416702074,15470416758971,15470419736161,3.168816,0.056897,2.97719,3840
live,319,15470426567345,15470426682394,15470426750363,15470430586764,4.019419,0.067969,3.836401,3840
live,320,15470436567345,15470436743995,15470436814908,15470441657498,5.090153,0.070913,4.84259,3840
live,321,15470446567345,15470446681019,15470446734747,15470450187656,3.620311,0.053728,3.452909,3840
live,322,15470456567345,15470456712412,15470456784412,15470460781360,4.214015,0.072,3.996948,3840
live,323,15470466567345,15470466695612,15470466761405,15470469822276,3.254931,0.065793,3.060871,3840
live,324,15470476567345,15470476677820,15470476748157,15470480669295,4.10195,0.070337,3.921138,3840
live,325,15470486567345,15470486711677,15470486800478,15470491638972,5.071627,0.088801,4.838494,3840
live,326,15470496567345,15470496707229,15470496781054,15470499812613,3.245268,0.073825,3.031559,3840
live,327,15470506567345,15470506675581,15470506735390,15470510587247,4.019902,0.059809,3.851857,3840
live,328,15470516567345,15470516712510,15470516798207,15470520815443,4.248098,0.085697,4.017236,3840
live,329,15470526567345,15470526698974,15470526755871,15470529697541,3.130196,0.056897,2.94167,3840
live,330,15470536567345,15470536681022,15470536755391,15470541718975,5.15163,0.074369,4.963584,3840
live,331,15470546567345,15470546721439,15470546827713,15470550978102,4.410757,0.106274,4.150389,3840
live,332,15470556567345,15470556705248,15470556769856,15470559808455,3.24111,0.064608,3.038599,3840
live,333,15470566567345,15470566679008,15470566745184,15470570533425,3.96608,0.066176,3.788241,3840
live,334,15470576567345,15470576682176,15470576744641,15470581908675,5.34133,0.062465,5.164034,3840
live,335,15470586567345,15470586707105,15470586792834,15470590790453,4.223108,0.085729,3.997619,3840
live,336,15470596567345,15470596725441,15470596826819,15470601082969,4.515624,0.101378,4.25615,3840
live,337,15470606567345,15470606703586,15470606765538,15470610554195,3.98685,0.061952,3.788657,3840
live,338,15470616567345,15470616701730,15470616755427,15470619736361,3.169016,0.053697,2.980934,3840
live,339,15470626567345,15470626685410,15470626752387,15470630560788,3.993443,0.066977,3.808401,3840
live,340,15470636567345,15470636698211,15470636746243,15470641205693,4.638348,0.048032,4.45945,3840
live,341,15470646567345,15470646673507,15470646725891,15470650467604,3.900259,0.052384,3.741713,3840
live,342,15470656567345,15470656681827,15470656766052,15470660765624,4.198279,0.084225,3.999572,3840
live,343,15470666567345,15470666708804,15470666782661,15470670379923,3.812578,0.073857,3.597262,3840
live,344,15470676567345,15470676673220,15470676727941,15470680584246,4.016901,0.054721,3.856305,3840
live,345,15470686567345,15470686709093,15470686787686,15470690628631,4.061286,0.078593,3.840945,3840
live,346,15470696567345,15470696716325,15470696802215,15470700489814,3.922469,0.08589,3.687599,3840
live,347,15470706567345,15470706684709,15470706751942,15470710744218,4.176873,0.067233,3.992276,3840
live,348,15470716567345,15470716695622,15470716759719,15470719784142,3.216797,0.064097,3.024423,3840
live,349,15470726567345,15470726671878,15470726720135,15470730531384,3.964039,0.048257,3.811249,3840
live,350,15470736567345,15470736725063,15470737118220,15470742328559,5.761214,0.393157,5.210339,3840
live,351,15470746567345,15470746712167,15470747045132,15470750552761,3.985416,0.332965,3.507629,3840
live,352,15470756567345,15470756688424,15470756979211,15470761081568,4.514223,0.290787,4.102357,3840
live,353,15470766567345,15470766713352,15470766799401,15470770761212,4.193867,0.086049,3.961811,3840
live,354,15470776567345,15470776706025,15470776780362,15470780960511,4.393166,0.074337,4.180149,3840
live,355,15470786567345,15470786684137,15470786756746,15470791122722,4.555377,0.072609,4.365976,3840
live,356,15470796567345,15470796714825,15470796807403,15470801082146,4.514801,0.092578,4.274743,3840
live,357,15470806567345,15470806709994,15470806773003,15470809906899,3.339554,0.063009,3.133896,3840
live,358,15470816567345,15470816696618,15470816758763,15470819545199,2.977854,0.062145,2.786436,3840
live,359,15470826567345,15470826677962,15470826746155,15470830709822,4.142477,0.068193,3.963667,3840
live,360,15470836567345,15470836697291,15470836755084,15470841162948,4.595603,0.057793,4.407864,3840
live,361,15470846567345,15470846685099,15470846756492,15470850802240,4.234895,0.071393,4.045748,3840
live,362,15470856567345,15470856736844,15470856865166,15470862472278,5.904933,0.128322,5.607112,3840
live,363,15470866567345,15470866718540,15470866799181,15470870754432,4.187087,0.080641,3.955251,3840
live,364,15470876567345,15470876692684,15470876757517,15470880994916,4.427571,0.064833,4.237399,3840
live,365,15470886567345,15470886720589,15470886809262,15470890967076,4.399731,0.088673,4.157814,3840
live,366,15470896567345,15470896710382,15470896790639,15470900063385,3.49604,0.080257,3.272746,3840
live,367,15470906567345,15470906690286,15470906761423,15470910693825,4.12648,0.071137,3.932402,3840
live,368,15470916567345,15470916700270,15470916765007,15470919735221,3.167876,0.064737,2.970214,3840
live,369,15470926567345,15470926724207,15470927060723,15470930264636,3.697291,0.336516,3.203913,3840
live,370,15470936567345,15470936677391,15470936737040,15470942765501,6.198156,0.059649,6.028461,3840
live,371,15470946567345,15470946703599,15470946784945,15470950224829,3.657484,0.081346,3.439884,3840
live,372,15470956567345,15470956683952,15470956757169,15470961732720,5.165375,0.073217,4.975551,3840
live,373,15470966567345,15470966718833,15470966804562,15470970876294,4.308949,0.085729,4.071732,3840
live,374,15470976567345,15470976694897,15470976752145,15470980689700,4.122355,0.057248,3.937555,3840
live,375,15470986567345,15470986686769,15470986762386,15470992233944,5.666599,0.075617,5.471558,3840
live,376,15470996567345,15470996856019,15470996985973,15471001433806,4.866461,0.129954,4.447833,3840
live,377,15471006567345,15471006685298,15471006750931,15471010364993,3.797648,0.065633,3.614062,3840
live,378,15471016567345,15471016707570,15471016786419,15471022586462,6.019117,0.078849,5.800043,3840
live,379,15471026567345,15471026701523,15471026763091,15471029771834,3.204489,0.061568,3.008743,3840
live,380,15471036567345,15471036720883,15471036803956,15471042513438,5.946093,0.083073,5.709482,3840
live,381,15471046567345,15471046722516,15471046793013,15471050472196,3.904851,0.070497,3.679183,3840
live,382,15471056567345,15471056672788,15471056723668,15471060028127,3.460782,0.05088,3.304459,3840
live,383,15471066567345,15471066708948,15471066789013,15471071153805,4.58646,0.080065,4.364792,3840
live,384,15471076567345,15471076706581,15471076788150,15471080593799,4.026454,0.081569,3.805649,3840
live,385,15471086567345,15471086681013,15471086743894,15471090323044,3.755699,0.062881,3.57915,3840
live,386,15471096567345,15471096682805,15471096750422,15471102487456,5.920111,0.067617,5.737034,3840
live,387,15471106567345,15471106747063,15471106836376,15471111729302,5.161957,0.089313,4.892926,3840
live,388,15471116567345,15471116696566,15471116786999,15471121719991,5.152646,0.090433,4.932992,3840
live,389,15471126567345,15471126698711,15471126795448,15471132133116,5.565771,0.096737,5.337668,3840
live,390,15471136567345,15471136713335,15471136792888,15471141782520,5.215175,0.079553,4.989632,3840
live,391,15471146567345,15471146686199,15471146757688,15471150550281,3.982936,0.071489,3.792593,3840
live,392,15471156567345,15471156707064,15471156779865,15471159996674,3.429329,0.072801,3.216809,3840
live,393,15471166567345,15471166687544,15471166758521,15471170709836,4.142491,0.070977,3.951315,3840
live,394,15471176567345,15471176707641,15471176794170,15471181169042,4.601697,0.086529,4.374872,3840
live,395,15471186567345,15471186703929,15471186785754,15471190700557,4.133212,0.081825,3.914803,3840
live,396,15471196567345,15471196675993,15471196739130,15471200618476,4.051131,0.063137,3.879346,3840
live,397,15471206567345,15471206717946,15471206817723,15471210928368,4.361023,0.099777,4.110645,3840
live,398,15471216567345,15471216708058,15471216787739,15471221674554,5.107209,0.079681,4.886815,3840
live,399,15471226567345,15471226682459,15471226748667,15471233480562,6.913217,0.066208,6.731895,3840
live,400,15471236567345,15471236727900,15471236790716,15471241432792,4.865447,0.062816,4.642076,3840
live,401,15471246567345,15471246686907,15471246743324,15471250395595,3.82825,0.056417,3.652271,3840
live,402,15471256567345,15471256714844,15471256805053,15471262641320,6.073975,0.090209,5.836267,3840
live,403,15471266567345,15471266714173,15471266783933,15471270621551,4.054206,0.06976,3.837618,3840
live,404,15471276567345,15471276678973,15471276729245,15471280358156,3.790811,0.050272,3.628911,3840
live,405,15471286567345,15471286705437,15471286786206,15471290576975,4.00963,0.080769,3.790769,3840
live,406,15471296567345,15471296705822,15471296760798,15471300250827,3.683482,0.054976,3.490029,3840
live,407,15471306567345,15471306712382,15471306805375,15471310910260,4.342915,0.092993,4.104885,3840
live,408,15471316567345,15471316710943,15471316777055,15471319879335,3.31199,0.066112,3.10228,3840
live,409,15471326567345,15471326674270,15471326720767,15471329822823,3.255478,0.046497,3.102056,3840
live,410,15471336567345,15471336680991,15471336742880,15471340999574,4.432229,0.061889,4.256694,3840
live,411,15471346567345,15471346714048,15471346795841,15471351212442,4.645097,0.081793,4.416601,3840
live,412,15471356567345,15471356710336,15471356780833,15471361314683,4.747338,0.070497,4.53385,3840
live,413,15471366567345,15471366705441,15471366786626,15471370961847,4.394502,0.081185,4.175221,3840
live,414,15471376567345,15471376718049,15471376794850,15471380937047,4.369702,0.076801,4.142197,3840
live,415,15471386567345,15471386706529,15471386763746,15471390046316,3.478971,0.057217,3.28257,3840
live,416,15471396567345,15471396725730,15471396825987,15471401731810,5.164465,0.100257,4.905823,3840
live,417,15471406567345,15471406717666,15471406790467,15471410250768,3.683423,0.072801,3.460301,3840
live,418,15471416567345,15471416691458,15471416760771,15471421586913,5.019568,0.069313,4.826142,3840
live,419,15471426567345,15471426711779,15471426795012,15471430806840,4.239495,0.083233,4.011828,3840
live,420,15471436567345,15471436700131,15471436764868,15471441246750,4.679405,0.064737,4.481882,3840
live,421,15471446567345,15471446675331,15471446729796,15471450326610,3.759265,0.054465,3.596814,3840
live,422,15471456567345,15471456706084,15471456787077,15471459924173,3.356828,0.080993,3.137096,3840
live,423,15471466567345,15471466693892,15471466760357,15471470450357,3.883012,0.066465,3.69,3840
live,424,15471476567345,15471476709189,15471476787206,15471480833050,4.265705,0.078017,4.045844,3840
live,425,15471486567345,15471486699461,15471486756710,15471489704268,3.136923,0.057249,2.947558,3840
live,426,15471496567345,15471496678277,15471496750342,15471500958140,4.390795,0.072065,4.207798,3840
live,427,15471506567345,15471506885448,15471507044043,15471513487101,6.919756,0.158595,6.443058,3840
live,428,15471516567345,15471516715399,15471516816936,15471521118815,4.55147,0.101537,4.301879,3840
live,429,15471526567345,15471526717831,15471526805960,15471530827196,4.259851,0.088129,4.021236,3840
live,430,15471536567345,15471536695495,15471536750248,15471539679150,3.111805,0.054753,2.928902,3840
live,431,15471546567345,15471546680519,15471546737736,15471550615258,4.047913,0.057217,3.877522,3840
live,432,15471556567345,15471556705000,15471556758953,15471560460792,3.893447,0.053953,3.701839,3840
live,433,15471566567345,15471566740041,15471566828138,15471569804048,3.236703,0.088097,2.97591,3840
live,434,15471576567345,15471576718857,15471576804330,15471581692041,5.124696,0.085473,4.887711,3840
live,435,15471586567345,15471586741674,15471586853963,15471592916665,6.34932,0.112289,6.062702,3840
live,436,15471596567345,15471596754794,15471596849804,15471603244574,6.677229,0.09501,6.39477,3840
live,437,15471606567345,15471606764939,15471606861388,15471613716388,7.149043,0.096449,6.855,3840
live,438,15471616567345,15471616727211,15471616817676,15471622266578,5.699233,0.090465,5.448902,3840
live,439,15471626567345,15471626704299,15471626768748,15471629779026,3.211681,0.064449,3.010278,3840
live,440,15471636567345,15471636684779,15471636753932,15471642216946,5.649601,0.069153,5.463014,3840
live,441,15471646567345,15471646715564,15471646805869,15471650039639,3.472294,0.090305,3.23377,3840
live,442,15471656567345,15471656683212,15471656958479,15471662322964,5.755619,0.275267,5.364485,3840
live,443,15471666567345,15471666716237,15471666811022,15471672815931,6.248586,0.094785,6.004909,3840
live,444,15471676567345,15471676719373,15471676793678,15471680635808,4.068463,0.074305,3.84213,3840
live,445,15471686567345,15471686683789,15471686756622,15471690910915,4.34357,0.072833,4.154293,3840
live,446,15471696567345,15471696704174,15471696790767,15471700840387,4.273042,0.086593,4.04962,3840
live,447,15471706567345,15471706704334,15471706764015,15471709791734,3.224389,0.059681,3.027719,3840
live,448,15471716567345,15471716681806,15471716759087,15471721029638,4.462293,0.077281,4.270551,3840
live,449,15471726567345,15471726718543,15471726792496,15471732901151,6.333806,0.073953,6.108655,3840
live,450,15471736567345,15471736701711,15471736767920,15471739759447,3.192102,0.066209,2.991527,3840
live,451,15471746567345,15471746684752,15471746753873,15471750681635,4.11429,0.069121,3.927762,3840
live,452,15471756567345,15471756704048,15471756772593,15471759764600,3.197255,0.068545,2.992007,3840
live,453,15471766567345,15471766674896,15471766731953,15471770426432,3.859087,0.057057,3.694479,3840
live,454,15471776567345,15471776683249,15471776754770,15471782054774,5.487429,0.071521,5.300004,3840
live,455,15471786567345,15471786711314,15471786791347,15471790984488,4.417143,0.080033,4.193141,3840
live,456,15471796567345,15471796753555,15471796817747,15471799789626,3.222281,0.064192,2.971879,3840
live,457,15471806567345,15471806739443,15471806830580,15471811850068,5.282723,0.091137,5.019488,3840
live,458,15471816567345,15471816722227,15471816811284,15471821370319,4.802974,0.089057,4.559035,3840
live,459,15471826567345,15471826750036,15471826854741,15471832860898,6.293553,0.104705,6.006157,3840
live,460,15471836567345,15471836788501,15471836891574,15471844617625,8.05028,0.103073,7.726051,3840
live,461,15471846567345,15471846760149,15471846846870,15471852278619,5.711274,0.086721,5.431749,3840
live,462,15471856567345,15471856709940,15471856784309,15471860653575,4.08623,0.074369,3.869266,3840
live,463,15471866567345,15471866693365,15471866764053,15471870416868,3.849523,0.070688,3.652815,3840
live,464,15471876567345,15471876732021,15471876801014,15471879896350,3.329005,0.068993,3.095336,3840
live,465,15471886567345,15471886675413,15471886725878,15471890384421,3.817076,0.050465,3.658543,3840
live,466,15471896567345,15471896718582,15471896797271,15471902046459,5.479114,0.078689,5.249188,3840
live,467,15471906567345,15471906721367,15471906829912,15471912161020,5.593675,0.108545,5.331108,3840
live,468,15471916567345,15471916702263,15471916758839,15471919880032,3.312687,0.056576,3.121193,3840
live,469,15471926567345,15471926691415,15471926771768,15471931163664,4.596319,0.080353,4.391896,3840
live,470,15471936567345,15471936721016,15471936811417,15471942762917,6.195572,0.090401,5.9515,3840
live,471,15471946567345,15471946717432,15471946823993,15471952280640,5.713295,0.106561,5.456647,3840
live,472,15471956567345,15471956723193,15471956809466,15471962623588,6.056243,0.086273,5.814122,3840
live,473,15471966567345,15471966703385,15471966765946,15471969943650,3.376305,0.062561,3.177704,3840
live,474,15471976567345,15471976692889,15471976770298,15471981616696,5.049351,0.077409,4.846398,3840
live,475,15471986567345,15471986723738,15471986834427,15471990871119,4.303774,0.110689,4.036692,3840
live,476,15471996567345,15471996703514,15471996755963,15471999768001,3.200656,0.052449,3.012038,3840
live,477,15472006567345,15472006690906,15472006764763,15472010736334,4.168989,0.073857,3.971571,3840
live,478,15472016567345,15472016706555,15472016771708,15472019967461,3.400116,0.065153,3.195753,3840
live,479,15472026567345,15472026694171,15472026751708,15472029647233,3.079888,0.057537,2.895525,3840
live,480,15472036567345,15472036685307,15472036755708,15472043052589,6.485244,0.070401,6.296881,3840
live,481,15472046567345,15472046716540,15472046909471,15472050943090,4.375745,0.192931,4.033619,3840
live,482,15472056567345,15472056712092,15472056768893,15472061377688,4.810343,0.056801,4.608795,3840
live,483,15472066567345,15472066692317,15472066985984,15472071206839,4.639494,0.293667,4.220855,3840
live,484,15472076567345,15472076747710,15472077128035,15472083428084,6.860739,0.380325,6.300049,3840
live,485,15472086567345,15472086704542,15472086777407,15472090182762,3.615417,0.072865,3.405355,3840
live,486,15472096567345,15472096695422,15472096759743,15472100951669,4.384324,0.064321,4.191926,3840
live,487,15472106567345,15472106716831,15472106824800,15472111036886,4.469541,0.107969,4.212086,3840
live,488,15472116567345,15472116787712,15472116855905,15472120157771,3.590426,0.068193,3.301866,3840
live,489,15472126567345,15472126700063,15472126772832,15472131660639,5.093294,0.072769,4.887807,3840
live,490,15472136567345,15472136714560,15472136788545,15472140778452,4.211107,0.073985,3.989907,3840
live,491,15472146567345,15472146700960,15472146756609,15472149797928,3.230583,0.055649,3.041319,3840
live,492,15472156567345,15472156688416,15472156761793,15472161023480,4.456135,0.073377,4.261687,3840
live,493,15472166567345,15472166707809,15472166765698,15472170440113,3.872768,0.057889,3.674415,3840
live,494,15472176567345,15472176674497,15472176726241,15472180897655,4.33031,0.051744,4.171414,3840
live,495,15472186567345,15472186714594,15472186789795,15472193402392,6.835047,0.075201,6.612597,3840
live,496,15472196567345,15472196703554,15472196755651,15472199795050,3.227705,0.052097,3.039399,3840
live,497,15472206567345,15472206690658,15472206771011,15472210926105,4.35876,0.080353,4.155094,3840
live,498,15472216567345,15472216704259,15472216764932,15472221120539,4.553194,0.060673,4.355607,3840
live,499,15472226567345,15472226713091,15472226788804,15472229759050,3.191705,0.075713,2.970246,3840
live,500,15472236567345,15472236690499,15472236760996,15472242929108,6.361763,0.070497,6.168112,3840
live,501,15472246567345,15472246702692,15472246758981,15472251045788,4.478443,0.056289,4.286807,3840
live,502,15472256567345,15472256679364,15472256741093,15472260622007,4.054662,0.061729,3.880914,3840
live,503,15472266567345,15472266725605,15472266838150,15472272903700,6.336355,0.112545,6.06555,3840
live,504,15472276567345,15472276711365,15472276783750,15472279881742,3.314397,0.072385,3.097992,3840
live,505,15472286567345,15472286695077,15472286774470,15472290991741,4.424396,0.079393,4.217271,3840
live,506,15472296567345,15472296724166,15472296812039,15472302584977,6.017632,0.087873,5.772938,3840
live,507,15472306567345,15472306706630,15472306772103,15472309937040,3.369695,0.065473,3.164937,3840
live,508,15472316567345,15472316673254,15472316723719,15472320147667,3.580322,0.050465,3.423948,3840
live,509,15472326567345,15472326683079,15472326750408,15472332703892,6.136547,0.067329,5.953484,3840
live,510,15472336567345,15472336724424,15472336840681,15472342778038,6.210693,0.116257,5.937357,3840
live,511,15472346567345,15472346702536,15472346770505,15472350016082,3.448737,0.067969,3.245577,3840
live,512,15472356567345,15472356678952,15472356730057,15472361483014,4.915669,0.051105,4.752957,3840
live,513,15472366567345,15472366712329,15472366824266,15472370971104,4.403759,0.111937,4.146838,3840
live,514,15472376567345,15472376741770,15472376801322,15472380037524,3.470179,0.059552,3.236202,3840
live,515,15472386567345,15472386693449,15472386763626,15472390711901,4.144556,0.070177,3.948275,3840
live,516,15472396567345,15472396703658,15472396769707,15472399769169,3.201824,0.066049,2.999462,3840
live,517,15472406567345,15472406669066,15472406712618,15472410259448,3.692103,0.043552,3.54683,3840
live,518,15472416567345,15472416707755,15472416782988,15472421012322,4.444977,0.075233,4.229334,3840
live,519,15472426567345,15472426704939,15472426770572,15472429981877,3.414532,0.065633,3.211305,3840
live,520,15472436567345,15472436690731,15472436768556,15472442413525,5.84618,0.077825,5.644969,3840
live,521,15472446567345,15472446722156,15472446805709,15472449922389,3.355044,0.083553,3.11668,3840
live,522,15472456567345,15472456677388,15472456725101,15472459873941,3.306596,0.047713,3.14884,3840
live,523,15472466567345,15472466682892,15472466750157,15472470593375,4.02603,0.067265,3.843218,3840
live,524,15472476567345,15472476715213,15472476796622,15472482294773,5.727428,0.081409,5.498151,3840
live,525,15472486567345,15472486702062,15472486754318,15472489832662,3.265317,0.052256,3.078344,3840
live,526,15472496567345,15472496688174,15472496761807,15472500971365,4.40402,0.073633,4.209558,3840
live,527,15472506567345,15472506708750,15472506767215,15472509776470,3.209125,0.058465,3.009255,3840
live,528,15472516567345,15472516686063,15472516751887,15472520863140,4.295795,0.065824,4.111253,3840
live,529,15472526567345,15472526719983,15472526813329,15472532283735,5.71639,0.093346,5.470406,3840
live,530,15472536567345,15472536703216,15472536758384,15472539756567,3.189222,0.055168,2.998183,3840
live,531,15472546567345,15472546690160,15472546757009,15472550398751,3.831406,0.066849,3.641742,3840
live,532,15472556567345,15472556775889,15472556854898,15472560920423,4.353078,0.079009,4.065525,3840
live,533,15472566567345,15472566718097,15472566773458,15472569878074,3.310729,0.055361,3.104616,3840
live,534,15472576567345,15472576707505,15472576773682,15472579771097,3.203752,0.066177,2.997415,3840
live,535,15472586567345,15472586695441,15472586772914,15472591749266,5.181921,0.077473,4.976352,3840
live,536,15472596567345,15472596791475,15472596910773,15472602901890,6.334545,0.119298,5.991117,3840
live,537,15472606567345,15472606723859,15472607012342,15472610562788,3.995443,0.288483,3.550446,3840
live,538,15472616567345,15472616697075,15472616991062,15472621115563,4.548218,0.293987,4.124501,3840
live,539,15472626567345,15472626757364,15472627132729,15472633126246,6.558901,0.375365,5.993517,3840
live,540,15472636567345,15472636705428,15472636776756,15472642107289,5.539944,0.071328,5.330533,3840
live,541,15472646567345,15472646686004,15472646749301,15472650544421,3.977076,0.063297,3.79512,3840
live,542,15472656567345,15472656698548,15472656763605,15472659715099,3.147754,0.065057,2.951494,3840
live,543,15472666567345,15472666672500,15472666733077,15472670322019,3.754674,0.060577,3.588942,3840
live,544,15472676567345,15472677203996,15472677310077,15472681887544,5.320199,0.106081,4.577467,3840
live,545,15472686567345,15472686725366,15472686815703,15472691032333,4.464988,0.090337,4.21663,3840
live,546,15472696567345,15472696699510,15472696753015,15472699722205,3.15486,0.053505,2.96919,3840
live,547,15472706567345,15472706675798,15472706738871,15472710542760,3.975415,0.063073,3.803889,3840
live,548,15472716567345,15472716707319,15472716790584,15472720788171,4.220826,0.083265,3.997587,3840
live,549,15472726567345,15472726696983,15472726760600,15472730360358,3.793013,0.063617,3.599758,3840
live,550,15472736567345,15472736682999,15472736976443,15472743725266,7.157921,0.293444,6.748823,3840
live,551,15472746567345,15472746735768,15472747076125,15472750391335,3.82399,0.340357,3.31521,3840
live,552,15472756567345,15472756666840,15472756720985,15472759963138,3.395793,0.054145,3.242153,3840
live,553,15472766567345,15472766705145,15472766776570,15472772880488,6.313143,0.071425,6.103918,3840
live,554,15472776567345,15472776697145,15472776764602,15472781999069,5.431724,0.067457,5.234467,3840
live,555,15472786567345,15472786679065,15472786743386,15472790644684,4.077339,0.064321,3.901298,3840
live,556,15472796567345,15472796713498,15472796791387,15472800852623,4.285278,0.077889,4.061236,3840
live,557,15472806567345,15472806708954,15472806778939,15472810621293,4.053948,0.069985,3.842354,3840
live,558,15472816567345,15472816680922,15472816750459,15472820400586,3.833241,0.069537,3.650127,3840
live,559,15472826567345,15472826680475,15472826755420,15472831286550,4.719205,0.074945,4.53113,3840
live,560,15472836567345,15472836720604,15472836831229,15472844907429,8.340084,0.110625,8.0762,3840
live,561,15472846567345,15472846729020,15472846808829,15472851005907,4.438562,0.079809,4.197078,3840
live,562,15472856567345,15472856703772,15472856770781,15472860358987,3.791642,0.067009,3.588206,3840
live,563,15472866567345,15472866711613,15472866786558,15472872560104,5.992759,0.074945,5.773546,3840
live,564,15472876567345,15472876710493,15472876796638,15472882613833,6.046488,0.086145,5.817195,3840
live,565,15472886567345,15472886727006,15472886826847,15472891362617,4.795272,0.099841,4.53577,3840
live,566,15472896567345,15472896710558,15472896769343,15472899746437,3.179092,0.058785,2.977094,3840
live,567,15472906567345,15472906681662,15472906757439,15472910844340,4.276995,0.075777,4.086901,3840
live,568,15472916567345,15472916703359,15472916763616,15472919689797,3.122452,0.060257,2.926181,3840
live,569,15472926567345,15472926693567,15472926755488,15472929610948,3.043603,0.061921,2.85546,3840
live,570,15472936567345,15472936688863,15472936763328,15472942844398,6.277053,0.074465,6.08107,3840
live,571,15472946567345,15472946701952,15472946756961,15472949774023,3.206678,0.055009,3.017062,3840
live,572,15472956567345,15472956683584,15472956761185,15472961115545,4.5482,0.077601,4.35436,3840
live,573,15472966567345,15472966707873,15472966788386,15472971140730,4.573385,0.080513,4.352344,3840
live,574,15472976567345,15472976700833,15472976759330,15472979692808,3.125463,0.058497,2.933478,3840
live,575,15472986567345,15472986683425,15472986759138,15472990980184,4.412839,0.075713,4.221046,3840
live,576,15472996567345,15472996699522,15472996766723,15472999751273,3.183928,0.067201,2.98455,3840
live,577,15473006567345,15473006670114,15473006717475,15473010349073,3.781728,0.047361,3.631598,3840
live,578,15473016567345,15473016703619,15473016786340,15473022633743,6.066398,0.082721,5.847403,3840
live,579,15473026567345,15473026698371,15473026761348,15473029708330,3.140985,0.062977,2.946982,3840
live,580,15473036567345,15473036686627,15473036768068,15473042552847,5.985502,0.081441,5.784779,3840
live,581,15473046567345,15473046715172,15473046788037,15473049818060,3.250715,0.072865,3.030023,3840
live,582,15473056567345,15473056701508,15473056770053,15473059600682,3.033337,0.068545,2.830629,3840
live,583,15473066567345,15473066686212,15473066761445,15473070630327,4.062982,0.075233,3.868882,3840
live,584,15473076567345,15473076712069,15473076804646,15473080883163,4.315818,0.092577,4.078517,3840
live,585,15473086567345,15473086736358,15473086828007,15473090188882,3.621537,0.091649,3.360875,3840
live,586,15473096567345,15473096705606,15473096781607,15473100433206,3.865861,0.076001,3.651599,3840
live,587,15473106567345,15473106720871,15473106819720,15473110859644,4.292299,0.098849,4.039924,3840
live,588,15473116567345,15473116709447,15473116774952,15473119774990,3.207645,0.065505,3.000038,3840
live,589,15473126567345,15473126685863,15473126757160,15473131036735,4.46939,0.071297,4.279575,3840
live,590,15473136567345,15473136728072,15473136822217,15473141344611,4.777266,0.094145,4.522394,3840
live,591,15473146567345,15473146726056,15473146807625,15473150795996,4.228651,0.081569,3.988371,3840
live,592,15473156567345,15473156700424,15473156760457,15473159652910,3.085565,0.060033,2.892453,3840
live,593,15473166567345,15473166680648,15473166749033,15473170555610,3.988265,0.068385,3.806577,3840
live,594,15473176567345,15473176713321,15473176796010,15473179882322,3.314977,0.082689,3.086312,3840
live,595,15473186567345,15473186675721,15473186729098,15473190079989,3.512644,0.053377,3.350891,3840
live,596,15473196567345,15473196715722,15473196805067,15473202661622,6.094277,0.089345,5.856555,3840
live,597,15473206567345,15473206698698,15473206760075,15473209672368,3.105023,0.061377,2.912293,3840
live,598,15473216567345,15473216680618,15473216749963,15473221076259,4.508914,0.069345,4.326296,3840
live,599,15473226567345,15473226725035,15473226809676,15473232340307,5.772962,0.084641,5.530631,3840
live,600,15473236567345,15473236926542,15473237033456,15473247278323,10.710978,0.106914,10.244867,3840
live,601,15473246567345,15473246726636,15473247398133,15473252936476,6.369131,0.671497,5.538343,3840
live,602,15473256567345,15473256719916,15473256807854,15473260625631,4.058286,0.087938,3.817777,3840
live,603,15473266567345,15473266687980,15473266757069,15473270569918,4.002573,0.069089,3.812849,3840
live,604,15473276567345,15473276700429,15473276783662,15473280768737,4.201392,0.083233,3.985075,3840
live,605,15473286567345,15473286699245,15473286766030,15473290330044,3.762699,0.066785,3.564014,3840
live,606,15473296567345,15473296679565,15473296750542,15473300621664,4.054319,0.070977,3.871122,3840
live,607,15473306567345,15473306687470,15473306758095,15473312113684,5.546339,0.070625,5.355589,3840
live,608,15473316567345,15473316717487,15473316810832,15473322596698,6.029353,0.093345,5.785866,3840
live,609,15473326567345,15473326785392,15473326862417,15473330132443,3.565098,0.077025,3.270026,3840
live,610,15473336567345,15473336689871,15473336742736,15473341349259,4.781914,0.052865,4.606523,3840
live,611,15473346567345,15473346705200,15473346800593,15473351062984,4.495639,0.095393,4.262391,3840
live,612,15473356567345,15473356699600,15473356767505,15473359768024,3.200679,0.067905,3.000519,3840
live,613,15473366567345,15473366674416,15473366732017,15473370740036,4.172691,0.057601,4.008019,3840
live,614,15473376567345,15473376706545,15473376798034,15473382803519,6.236174,0.091489,6.005485,3840
live,615,15473386567345,15473386707217,15473386772306,15473389852954,3.285609,0.065089,3.080648,3840
live,616,15473396567345,15473396684785,15473396765331,15473401317101,4.749756,0.080546,4.55177,3840
live,617,15473406567345,15473406727602,15473406819956,15473410950921,4.383576,0.092354,4.130965,3840
live,618,15473416567345,15473416700626,15473416769171,15473419731993,3.164648,0.068545,2.962822,3840
live,619,15473426567345,15473426670354,15473426729075,15473430547620,3.980275,0.058721,3.818545,3840
live,620,15473436567345,15473436707027,15473436777812,15473444750043,8.182698,0.070785,7.972231,3840
live,621,15473446567345,15473446710516,15473446780885,15473449914173,3.346828,0.070369,3.133288,3840
live,622,15473456567345,15473456680756,15473456746869,15473460375011,3.807666,0.066113,3.628142,3840
live,623,15473466567345,15473466706741,15473466784758,15473470609767,4.042422,0.078017,3.825009,3840
live,624,15473476567345,15473476708661,15473476780822,15473480381604,3.814259,0.072161,3.600782,3840
live,625,15473486567345,15473486679317,15473486739190,15473490312356,3.745011,0.059873,3.573166,3840
live,626,15473496567345,15473496716502,15473496817943,15473502103227,5.535882,0.101441,5.285284,3840
live,627,15473506567345,15473506704406,15473506766455,15473509743677,3.176332,0.062049,2.977222,3840
live,628,15473516567345,15473516677238,15473516740055,15473520552936,3.985591,0.062817,3.812881,3840
live,629,15473526567345,15473526714039,15473526806200,15473531056559,4.489214,0.092161,4.250359,3840
live,630,15473536567345,15473536719095,15473536798104,15473539812895,3.24555,0.079009,3.014791,3840
live,631,15473546567345,15473546712504,15473546783385,15473549815584,3.248239,0.070881,3.032199,3840
live,632,15473556567345,15473556687928,15473556751801,15473563336525,6.76918,0.063873,6.584724,3840
live,633,15473566567345,15473566706168,15473566785370,15473569967362,3.400017,0.079202,3.181992,3840
live,634,15473576567345,15473576676536,15473576726745,15473580977584,4.410239,0.050209,4.250839,3840
live,635,15473586567345,15473586712665,15473586793018,15473592662374,6.095029,0.080353,5.869356,3840
live,636,15473596567345,15473596751066,15473596857916,15473603905750,7.338405,0.10685,7.047834,3840
live,637,15473606567345,15473606719514,15473606786107,15473609984036,3.416691,0.066593,3.197929,3840
live,638,15473616567345,15473616690490,15473616760411,15473620980561,4.413216,0.069921,4.22015,3840
live,639,15473626567345,15473626717403,15473626803900,15473631954526,5.387181,0.086497,5.150626,3840
live,640,15473636567345,15473636702907,15473636766748,15473641227541,4.660196,0.063841,4.460793,3840
live,641,15473646567345,15473646701820,15473646776637,15473650562669,3.995324,0.074817,3.786032,3840
live,642,15473656567345,15473656696252,15473656757181,15473659717027,3.149682,0.060929,2.959846,3840
live,643,15473666567345,15473666684476,15473666752573,15473670332683,3.765338,0.068097,3.58011,3840
live,644,15473676567345,15473676709693,15473676783038,15473680724592,4.157247,0.073345,3.941554,3840
live,645,15473686567345,15473686696701,15473686756734,15473689718116,3.150771,0.060033,2.961382,3840
live,646,15473696567345,15473696704830,15473696779807,15473701027669,4.460324,0.074977,4.247862,3840
live,647,15473706567345,15473706741470,15473706829440,15473710937780,4.370435,0.08797,4.10834,3840
live,648,15473716567345,15473716699646,15473716758495,15473719720613,3.153268,0.058849,2.962118,3840
live,649,15473726567345,15473726686015,15473726743519,15473730567504,4.000159,0.057504,3.823985,3840
live,650,15473736567345,15473736721759,15473737062724,15473740245869,3.678524,0.340965,3.183145,3840
live,651,15473746567345,15473746690591,15473747044772,15473751393884,4.826539,0.354181,4.349112,3840
live,652,15473756567345,15473756701792,15473756787809,15473763329845,6.7625,0.086017,6.542036,3840
live,653,15473766567345,15473766697344,15473766759137,15473769800808,3.233463,0.061793,3.041671,3840
live,654,15473776567345,15473776676672,15473776740705,15473780576690,4.009345,0.064033,3.835985,3840
live,655,15473786567345,15473786709057,15473786793474,15473790959768,4.392423,0.084417,4.166294,3840
live,656,15473796567345,15473796702594,15473796758242,15473800437873,3.870528,0.055648,3.679631,3840
live,657,15473806567345,15473806680578,15473806752259,15473810772694,4.205349,0.071681,4.020435,3840
live,658,15473816567345,15473816699874,15473816762115,15473819844331,3.276986,0.062241,3.082216,3840
live,659,15473826567345,15473826708035,15473826785348,15473831088731,4.521386,0.077313,4.303383,3840
live,660,15473836567345,15473836673187,15473836710531,15473843304216,6.736871,0.037344,6.593685,3840
live,661,15473846567345,15473846710372,15473846809317,15473853146326,6.578981,0.098945,6.337009,3840
live,662,15473856567345,15473856761605,15473856882918,15473862525167,5.957822,0.121313,5.642249,3840
live,663,15473866567345,15473866726277,15473866805446,15473871069276,4.501931,0.079169,4.26383,3840
live,664,15473876567345,15473876696197,15473876761989,15473880355572,3.788227,0.065792,3.593583,3840
live,665,15473886567345,15473886688357,15473886760646,15473890458741,3.891396,0.072289,3.698095,3840
live,666,15473896567345,15473896715366,15473896788647,15473899811021,3.243676,0.073281,3.022374,3840
live,667,15473906567345,15473906673766,15473906731014,15473910706073,4.138728,0.057248,3.975059,3840
live,668,15473916567345,15473916719494,15473916807848,15473922144332,5.576987,0.088354,5.336484,3840
live,669,15473926567345,15473926705383,15473926781576,15473929893360,3.326015,0.076193,3.111784,3840
live,670,15473936567345,15473936684647,15473936767592,15473941674343,5.106998,0.082945,4.906751,3840
live,671,15473946567345,15473946719112,15473946811113,15473950957502,4.390157,0.092001,4.146389,3840
live,672,15473956567345,15473956703784,15473956777225,15473960044371,3.477026,0.073441,3.267146,3840
live,673,15473966567345,15473966689704,15473966771273,15473971138369,4.571024,0.081569,4.367096,3840
live,674,15473976567345,15473976714985,15473976796810,15473980720732,4.153387,0.081825,3.923922,3840
live,675,15473986567345,15473986710473,15473986780682,15473990450201,3.882856,0.070209,3.669519,3840
live,676,15473996567345,15473996681769,15473996740522,15474002467955,5.90061,0.058753,5.727433,3840
live,677,15474006567345,15474006702186,15474006782411,15474009919955,3.35261,0.080225,3.137544,3840
live,678,15474016567345,15474016683146,15474016755211,15474020656637,4.089292,0.072065,3.901426,3840
live,679,15474026567345,15474026706091,15474026768235,15474030694622,4.127277,0.062144,3.926387,3840
live,680,15474036567345,15474036693611,15474036751532,15474041164324,4.596979,0.057921,4.412792,3840
live,681,15474046567345,15474046675499,15474046729356,15474050543325,3.97598,0.053857,3.813969,3840
live,682,15474056567345,15474056707692,15474056797389,15474061154949,4.587604,0.089697,4.35756,3840
live,683,15474066567345,15474066720332,15474066801005,15474070778208,4.210863,0.080673,3.977203,3840
live,684,15474076567345,15474076682156,15474076735085,15474080390844,3.823499,0.052929,3.655759,3840
live,685,15474086567345,15474086713613,15474086780110,15474090622303,4.054958,0.066497,3.842193,3840
live,686,15474096567345,15474096712877,15474096773262,15474099805781,3.238436,0.060385,3.032519,3840
live,687,15474106567345,15474106688366,15474106754702,15474110861603,4.294258,0.066336,4.106901,3840
live,688,15474116567345,15474116715342,15474116809135,15474122864509,6.297164,0.093793,6.055374,3840
live,689,15474126567345,15474126701198,15474126766415,15474129868215,3.30087,0.065217,3.1018,3840
live,690,15474136567345,15474136684879,15474136737615,15474141009798,4.442453,0.052736,4.272183,3840
live,691,15474146567345,15474146710767,15474146783856,15474150952166,4.384821,0.073089,4.16831,3840
live,692,15474156567345,15474156699760,15474156770673,15474159896025,3.32868,0.070913,3.125352,3840
live,693,15474166567345,15474166694192,15474166755921,15474170441056,3.873711,0.061729,3.685135,3840
live,694,15474176567345,15474176696816,15474176760625,15474179703767,3.136422,0.063809,2.943142,3840
live,695,15474186567345,15474186667440,15474186705073,15474190621699,4.054354,0.037633,3.916626,3840
live,696,15474196567345,15474196713681,15474196778386,15474200876071,4.308726,0.064705,4.097685,3840
live,697,15474206567345,15474206698194,15474206766866,15474210013660,3.446315,0.068672,3.246794,3840
live,698,15474216567345,15474216685842,15474216754579,15474221496112,4.928767,0.068737,4.741533,3840
live,699,15474226567345,15474226705714,15474226801908,15474230891528,4.324183,0.096194,4.08962,3840
live,700,15474236567345,15474236701395,15474236759668,15474241168588,4.601243,0.058273,4.40892,3840
live,701,15474246567345,15474246687987,15474246755444,15474250709287,4.141942,0.067457,3.953843,3840
live,702,15474256567345,15474256848309,15474257238618,15474260535749,3.968404,0.390309,3.297131,3840
live,703,15474266567345,15474266693812,15474266770485,15474270643399,4.076054,0.076673,3.872914,3840
live,704,15474276567345,15474276722037,15474276804758,15474280894026,4.326681,0.082721,4.089268,3840
live,705,15474286567345,15474286693749,15474286747413,15474289727164,3.159819,0.053664,2.979751,3840
live,706,15474296567345,15474296680117,15474296747542,15474300584711,4.017366,0.067425,3.837169,3840
live,707,15474306567345,15474306692437,15474306747350,15474310341764,3.774419,0.054913,3.594414,3840
live,708,15474316567345,15474316680278,15474316740982,15474320658249,4.090904,0.060704,3.917267,3840
live,709,15474326567345,15474326709078,15474326784759,15474330965357,4.398012,0.075681,4.180598,3840
live,710,15474336567345,15474336769784,15474337115132,15474340517832,3.950487,0.345348,3.4027,3840
live,711,15474346567345,15474346715639,15474346788344,15474350694762,4.127417,0.072705,3.906418,3840
live,712,15474356567345,15474356717144,15474356799929,15474363537103,6.969758,0.082785,6.737174,3840
live,713,15474366567345,15474366742552,15474366844794,15474371039920,4.472575,0.102242,4.195126,3840
live,714,15474376567345,15474376724377,15474376789433,15474380401512,3.834167,0.065056,3.612079,3840
live,715,15474386567345,15474386701721,15474386757337,15474390274374,3.707029,0.055616,3.517037,3840
live,716,15474396567345,15474396714745,15474396789434,15474400959280,4.391935,0.074689,4.169846,3840
live,717,15474406567345,15474406704985,15474406765050,15474409749249,3.181904,0.060065,2.984199,3840
live,718,15474416567345,15474416685402,15474416765915,15474421554520,4.987175,0.080513,4.788605,3840
live,719,15474426567345,15474426718938,15474426801115,15474430984241,4.416896,0.082177,4.183126,3840
live,720,15474436567345,15474436697083,15474436756859,15474441129299,4.561954,0.059776,4.37244,3840
live,721,15474446567345,15474446676795,15474446737979,15474450314825,3.74748,0.061184,3.576846,3840
live,722,15474456567345,15474456695739,15474456757820,15474459696194,3.128849,0.062081,2.938374,3840
live,723,15474466567345,15474466687676,15474466761757,15474470767344,4.199999,0.074081,4.005587,3840
live,724,15474476567345,15474476708732,15474476781373,15474480802865,4.23552,0.072641,4.021492,3840
live,725,15474486567345,15474486688860,15474486752157,15474489782180,3.214835,0.063297,3.030023,3840
live,726,15474496567345,15474496675517,15474496746941,15474500594991,4.027646,0.071424,3.84805,3840
live,727,15474506567345,15474506694493,15474506753054,15474509689412,3.122067,0.058561,2.936358,3840
live,728,15474516567345,15474516679165,15474516749918,15474521028245,4.4609,0.070753,4.278327,3840
live,729,15474526567345,15474526711422,15474526793631,15474531062678,4.495333,0.082209,4.269047,3840
live,730,15474536567345,15474536693086,15474536753311,15474539691685,3.12434,0.060225,2.938374,3840
live,731,15474546567345,15474546676287,15474546743679,15474550554704,3.987359,0.067392,3.811025,3840
live,732,15474556567345,15474556700159,15474556764928,15474559662853,3.095508,0.064769,2.897925,3840
live,733,15474566567345,15474566675039,15474566746752,15474571344859,4.777514,0.071713,4.598107,3840
live,734,15474576567345,15474576721248,15474576816578,15474581228730,4.661385,0.09533,4.412152,3840
live,735,15474586567345,15474586778945,15474586908579,15474591081721,4.514376,0.129634,4.173142,3840
live,736,15474596567345,15474596722401,15474596787394,15474599908298,3.340953,0.064993,3.120904,3840
live,737,15474606567345,15474606697249,15474606771042,15474610791894,4.224549,0.073793,4.020852,3840
live,738,15474616567345,15474616721890,15474616834915,15474622989202,6.421857,0.113025,6.154287,3840
live,739,15474626567345,15474626716290,15474626783427,15474630147310,3.579965,0.067137,3.363883,3840
live,740,15474636567345,15474636685218,15474636735171,15474642070343,5.502998,0.049953,5.335172,3840
live,741,15474646567345,15474646716579,15474646799204,15474650864024,4.296679,0.082625,4.06482,3840
live,742,15474656567345,15474656704387,15474656768580,15474660320338,3.752993,0.064193,3.551758,3840
live,743,15474666567345,15474666699620,15474666773540,15474670729879,4.162534,0.07392,3.956339,3840
live,744,15474676567345,15474676709700,15474676785733,15474682896499,6.329154,0.076033,6.110766,3840
live,745,15474686567345,15474686697604,15474686758181,15474689983726,3.416381,0.060577,3.225545,3840
live,746,15474696567345,15474696684933,15474696757765,15474701017468,4.450123,0.072832,4.259703,3840
live,747,15474706567345,15474706695109,15474706750886,15474709822317,3.254972,0.055777,3.071431,3840
live,748,15474716567345,15474716689061,15474716769478,15474721557860,4.990515,0.080417,4.788382,3840
live,749,15474726567345,15474726718694,15474726801991,15474730961309,4.393964,0.083297,4.159318,3840
live,750,15474736567345,15474736698438,15474736755207,15474739772910,3.205565,0.056769,3.017703,3840
live,751,15474746567345,15474746688678,15474746758599,15474750589081,4.021736,0.069921,3.830482,3840
live,752,15474756567345,15474756714599,15474756795560,15474760769499,4.202154,0.080961,3.973939,3840
live,753,15474766567345,15474766708328,15474766766632,15474770004050,3.436705,0.058304,3.237418,3840
live,754,15474776567345,15474776691016,15474776765449,15474780961887,4.394542,0.074433,4.196438,3840
live,755,15474786567345,15474786714600,15474786805770,15474791017984,4.450639,0.09117,4.212214,3840
live,756,15474796567345,15474796699561,15474796762313,15474799746000,3.178655,0.062752,2.983687,3840
live,757,15474806567345,15474806690665,15474806760298,15474810601339,4.033994,0.069633,3.841041,3840
live,758,15474816567345,15474816835947,15474816918444,15474822974170,6.406825,0.082497,6.055726,3840
live,759,15474826567345,15474826716842,15474826796523,15474831048834,4.481489,0.079681,4.252311,3840
live,760,15474836567345,15474836700266,15474836762635,15474841288581,4.721236,0.062369,4.525946,3840
live,761,15474846567345,15474846753931,15474846826124,15474850998338,4.430993,0.072193,4.172214,3840
live,762,15474856567345,15474856711019,15474856788172,15474861148420,4.581075,0.077153,4.360248,3840
live,763,15474866567345,15474866717292,15474866791533,15474871456776,4.889431,0.074241,4.665243,3840
live,764,15474876567345,15474876755532,15474876844014,15474880452700,3.885355,0.088482,3.608686,3840
live,765,15474886567345,15474886699852,15474886768749,15474893157343,6.589998,0.068897,6.388594,3840
live,766,15474896567345,15474896716013,15474896780558,15474899948598,3.381253,0.064545,3.16804,3840
live,767,15474906567345,15474906689325,15474906758126,15474910648480,4.081135,0.068801,3.890354,3840
live,768,15474916567345,15474916699565,15474916759630,15474920400605,3.83326,0.060065,3.640975,3840
live,769,15474926567345,15474926712622,15474926790383,15474929734389,3.167044,0.077761,2.944006,3840
live,770,15474936567345,15474936689486,15474936758511,15474940798339,4.230994,0.069025,4.039828,3840
live,771,15474946567345,15474946701134,15474946752271,15474949778742,3.211397,0.051137,3.026471,3840
live,772,15474956567345,15474956687855,15474956761616,15474960853668,4.286323,0.073761,4.092052,3840
live,773,15474966567345,15474966717647,15474966824785,15474973599656,7.032311,0.107138,6.774871,3840
live,774,15474976567345,15474976710288,15474976776817,15474979896377,3.329032,0.066529,3.11956,3840
live,775,15474986567345,15474986693712,15474986765361,15474990616418,4.049073,0.071649,3.851057,3840
live,776,15474996567345,15474996706928,15474996782833,15475002683325,6.11598,0.075905,5.900492,3840
live,777,15475006567345,15475006722225,15475006814802,15475012830623,6.263278,0.092577,6.015821,3840
live,778,15475016567345,15475016727602,15475016813139,15475023608778,7.041433,0.085537,6.795639,3840
live,779,15475026567345,15475026703122,15475026760754,15475030024188,3.456843,0.057632,3.263434,3840
live,780,15475036567345,15475036697330,15475036779955,15475042475356,5.908011,0.082625,5.695401,3840
live,781,15475046567345,15475046712178,15475046777075,15475049849307,3.281962,0.064897,3.072232,3840
live,782,15475056567345,15475056698483,15475056754291,15475060257696,3.690351,0.055808,3.503405,3840
live,783,15475066567345,15475066713555,15475066803892,15475070812072,4.244727,0.090337,4.00818,3840
live,784,15475076567345,15475076723444,15475076808437,15475080746855,4.17951,0.084993,3.938418,3840
live,785,15475086567345,15475086693780,15475086762645,15475090390499,3.823154,0.068865,3.627854,3840
live,786,15475096567345,15475096701076,15475096770165,15475099859997,3.292652,0.069089,3.089832,3840
live,787,15475106567345,15475106672020,15475106719253,15475110584294,4.016949,0.047233,3.865041,3840
live,788,15475116567345,15475116686293,15475116768086,15475120981740,4.414395,0.081793,4.213654,3840
live,789,15475126567345,15475126739990,15475126827863,15475130836363,4.269018,0.087873,4.0085,3840
live,790,15475136567345,15475136686774,15475136755639,15475140629096,4.061751,0.068865,3.873457,3840
live,791,15475146567345,15475146752183,15475147236861,15475152893830,6.326485,0.484678,5.656969,3840
live,792,15475156567345,15475156711255,15475156800088,15475164130070,7.562725,0.088833,7.329982,3840
live,793,15475166567345,15475166729367,15475166800568,15475170152323,3.584978,0.071201,3.351755,3840
live,794,15475176567345,15475176684855,15475176738520,15475180375783,3.808438,0.053665,3.637263,3840
live,795,15475186567345,15475186710712,15475186786713,15475192599171,6.031826,0.076001,5.812458,3840
live,796,15475196567345,15475196715320,15475196782905,15475202582692,6.015347,0.067585,5.799787,3840
live,797,15475206567345,15475206698616,15475206751001,15475209785984,3.218639,0.052385,3.034983,3840
live,798,15475216567345,15475216683993,15475216758426,15475221053329,4.485984,0.074433,4.294903,3840
live,799,15475226567345,15475226741722,15475226843611,15475231117618,4.550273,0.101889,4.274007,3840
live,800,15475236567345,15475236701402,15475236752890,15475241178195,4.61085,0.051488,4.425305,3840
live,801,15475246567345,15475246686842,15475246757723,15475250617516,4.050171,0.070881,3.859793,3840
live,802,15475256567345,15475256702522,15475256765371,15475259727425,3.16008,0.062849,2.962054,3840
live,803,15475266567345,15475266682779,15475266746587,15475270535308,3.967963,0.063808,3.788721,3840
live,804,15475276567345,15475276733884,15475276813949,15475282785577,6.218232,0.080065,5.971628,3840
live,805,15475286567345,15475286697468,15475286758844,15475289839972,3.272627,0.061376,3.081128,3840
live,806,15475296567345,15475296688060,15475296759485,15475300936530,4.369185,0.071425,4.177045,3840
live,807,15475306567345,15475306727549,15475306804606,15475311012276,4.444931,0.077057,4.20767,3840
live,808,15475316567345,15475316699933,15475316754109,15475319677763,3.110418,0.054176,2.923654,3840
live,809,15475326567345,15475326699261,15475326771838,15475330838066,4.270721,0.072577,4.066228,3840
live,810,15475336567345,15475336719678,15475336797183,15475341315705,4.74836,0.077505,4.518522,3840
live,811,15475346567345,15475346710462,15475346804447,15475350808947,4.241602,0.093985,4.0045,3840
live,812,15475356567345,15475356692158,15475356753151,15475359689189,3.121844,0.060993,2.936038,3840
live,813,15475366567345,15475366685118,15475366759391,15475370685298,4.117953,0.074273,3.925907,3840
live,814,15475376567345,15475376980995,15475377279494,15475382223782,5.656437,0.298499,4.944288,3840
live,815,15475386567345,15475386750304,15475386869602,15475390282765,3.71542,0.119298,3.413163,3840
live,816,15475396567345,15475396711616,15475396772641,15475399796168,3.228823,0.061025,3.023527,3840
live,817,15475406567345,15475406689824,15475406757121,15475413381078,6.813733,0.067297,6.623957,3840
live,818,15475416567345,15475416729217,15475417071301,15475420376240,3.808895,0.342084,3.304939,3840
live,819,15475426567345,15475426687425,15475426955876,15475431922756,5.355411,0.268451,4.96688,3840
live,820,15475436567345,15475436688353,15475436972357,15475443306262,6.738917,0.284004,6.333905,3840
live,821,15475446567345,15475446732514,15475447055238,15475450316144,3.748799,0.322724,3.260906,3840
live,822,15475456567345,15475456686978,15475456977094,15475460781047,4.213702,0.290116,3.803953,3840
live,823,15475466567345,15475466719555,15475467092680,15475471145500,4.578155,0.373125,4.05282,3840
live,824,15475476567345,15475476714851,15475477063272,15475481599074,5.031729,0.348421,4.535802,3840
live,825,15475486567345,15475486688899,15475486972871,15475491059579,4.492234,0.283972,4.086708,3840
live,826,15475496567345,15475496695716,15475496753764,15475499735787,3.168442,0.058048,2.982023,3840
live,827,15475506567345,15475506677156,15475506739205,15475510327923,3.760578,0.062049,3.588718,3840
live,828,15475516567345,15475516697636,15475516748869,15475519674315,3.10697,0.051233,2.925446,3840
live,829,15475526567345,15475526693317,15475526764166,15475529569418,3.002073,0.070849,2.805252,3840
live,830,15475536567345,15475536679941,15475536746598,15475540884955,4.31761,0.066657,4.138357,3840
live,831,15475546567345,15475546713286,15475546802375,15475551021021,4.453676,0.089089,4.218646,3840
live,832,15475556567345,15475556719494,15475557067979,15475560228467,3.661122,0.348485,3.160488,3840
live,833,15475566567345,15475566687494,15475566756519,15475570814011,4.246666,0.069025,4.057492,3840
live,834,15475576567345,15475576710695,15475576770280,15475579767246,3.199901,0.059585,2.996966,3840
live,835,15475586567345,15475586679079,15475586945898,15475590615705,4.04836,0.266819,3.669807,3840
live,836,15475596567345,15475596708296,15475596794121,15475601195393,4.628048,0.085825,4.401272,3840
live,837,15475606567345,15475606826922,15475607230831,15475611741609,5.174264,0.403909,4.510778,3840
live,838,15475616567345,15475616708808,15475616768137,15475619770672,3.203327,0.059329,3.002535,3840
live,839,15475626567345,15475626692425,15475626770410,15475630912703,4.345358,0.077985,4.142293,3840
live,840,15475636567345,15475636727305,15475636831211,15475643195260,6.627915,0.103906,6.364049,3840
live,841,15475646567345,15475646717322,15475646790827,15475650003348,3.436003,0.073505,3.212521,3840
live,842,15475656567345,15475656700842,15475656766955,15475659539790,2.972445,0.066113,2.772835,3840
live,843,15475666567345,15475666687690,15475666758891,15475670959201,4.391856,0.071201,4.20031,3840
live,844,15475676567345,15475676729931,15475676824780,15475681233829,4.666484,0.094849,4.409049,3840
live,845,15475686567345,15475686718347,15475686793132,15475690161559,3.594214,0.074785,3.368427,3840
live,846,15475696567345,15475696693163,15475696755340,15475701620491,5.053146,0.062177,4.865151,3840
live,847,15475706567345,15475706726060,15475706806573,15475710984995,4.41765,0.080513,4.178422,3840
live,848,15475716567345,15475716692940,15475716746797,15475719658770,3.091425,0.053857,2.911973,3840
live,849,15475726567345,15475726683980,15475726740077,15475730651551,4.084206,0.056097,3.911474,3840
live,850,15475736567345,15475736712365,15475736799790,15475741365321,4.797976,0.087425,4.565531,3840
live,851,15475746567345,15475746723438,15475746804495,15475750895683,4.328338,0.081057,4.091188,3840
live,852,15475756567345,15475756698862,15475756759790,15475759708180,3.140835,0.060928,2.94839,3840
live,853,15475766567345,15475766682830,15475766745487,15475770561120,3.993775,0.062657,3.815633,3840
live,854,15475776567345,15475776725199,15475777083667,15475780360349,3.793004,0.358468,3.276682,3840
live,855,15475786567345,15475786680175,15475786932850,15475792742460,6.175115,0.252675,5.80961,3840
live,856,15475796567345,15475796713295,15475796804753,15475801451404,4.884059,0.091458,4.646651,3840
live,857,15475806567345,15475806711280,15475806801105,15475810953126,4.385781,0.089825,4.152021,3840
live,858,15475816567345,15475816702064,15475816763633,15475819749943,3.182598,0.061569,2.98631,3840
live,859,15475826567345,15475826680304,15475826739633,15475830581570,4.014225,0.059329,3.841937,3840
live,860,15475836567345,15475836720273,15475836816210,15475844214225,7.64688,0.095937,7.398015,3840
live,861,15475846567345,15475846717425,15475846790098,15475850655652,4.088307,0.072673,3.865554,3840
live,862,15475856567345,15475856676081,15475856735250,15475860376321,3.808976,0.059169,3.641071,3840
live,863,15475866567345,15475866701810,15475866782419,15475870650821,4.083476,0.080609,3.868402,3840
live,864,15475876567345,15475876701042,15475876767571,15475880402498,3.835153,0.066529,3.634927,3840
live,865,15475886567345,15475886806036,15475886904693,15475891763764,5.196419,0.098657,4.859071,3840
live,866,15475896567345,15475896717491,15475896817941,15475902084504,5.517159,0.10045,5.266563,3840
live,867,15475906567345,15475906723988,15475906810997,15475910789160,4.221815,0.087009,3.978163,3840
live,868,15475916567345,15475916682388,15475916746964,15475920436644,3.869299,0.064576,3.68968,3840
live,869,15475926567345,15475926717972,15475926804182,15475935010303,8.442958,0.08621,8.206121,3840
live,870,15475936567345,15475936720085,15475936805558,15475942979845,6.4125,0.085473,6.174287,3840
live,871,15475946567345,15475946705557,15475946774230,15475950691688,4.124343,0.068673,3.917458,3840
live,872,15475956567345,15475956716118,15475956805047,15475962437919,5.870574,0.088929,5.632872,3840
live,873,15475966567345,15475966707350,15475966776535,15475969924447,3.357102,0.069185,3.147912,3840
live,874,15475976567345,15475976682326,15475976748759,15475981736503,5.169158,0.066433,4.987744,3840
live,875,15475986567345,15475986716567,15475986815128,15475993006600,6.439255,0.098561,6.191472,3840
live,876,15475996567345,15475996716279,15475996795512,15476000713322,4.145977,0.079233,3.91781,3840
live,877,15476006567345,15476006679991,15476006740888,15476010556873,3.989528,0.060897,3.815985,3840
live,878,15476016567345,15476016710520,15476016798777,15476022891463,6.324118,0.088257,6.092686,3840
live,879,15476026567345,15476026709112,15476026795833,15476030648171,4.080826,0.086721,3.852338,3840
live,880,15476036567345,15476036681048,15476036742521,15476042649701,6.082356,0.061473,5.90718,3840
live,881,15476046567345,15476046720121,15476046863483,15476051061585,4.49424,0.143362,4.198102,3840
live,882,15476056567345,15476056718137,15476056800826,15476061127218,4.559873,0.082689,4.326392,3840
live,883,15476066567345,15476066690873,15476066759386,15476070653036,4.085691,0.068513,3.89365,3840
live,884,15476076567345,15476076712314,15476076799579,15476082117504,5.550159,0.087265,5.317925,3840
live,885,15476086567345,15476086707514,15476086789755,15476090655309,4.087964,0.082241,3.865554,3840
live,886,15476096567345,15476096680026,15476096749403,15476101132596,4.565251,0.069377,4.383193,3840
live,887,15476106567345,15476106723419,15476106826461,15476110751119,4.183774,0.103042,3.924658,3840
live,888,15476116567345,15476116687195,15476116749084,15476120721839,4.154494,0.061889,3.972755,3840
live,889,15476126567345,15476126687292,15476126754173,15476130965747,4.398402,0.066881,4.211574,3840
live,890,15476136567345,15476136709980,15476136785053,15476139785252,3.217907,0.075073,3.000199,3840
live,891,15476146567345,15476146689628,15476146767997,15476150889234,4.321889,0.078369,4.121237,3840
live,892,15476156567345,15476156722141,15476156812990,15476162453383,5.886038,0.090849,5.640393,3840
live,893,15476166567345,15476166702333,15476166774974,15476169982920,3.415575,0.072641,3.207946,3840
live,894,15476176567345,15476176702494,15476176768799,15476180826291,4.258946,0.066305,4.057492,3840
live,895,15476186567345,15476186684126,15476186754431,15476194666084,8.098739,0.070305,7.911653,3840
live,896,15476196567345,15476196714943,15476196789760,15476202168837,5.601492,0.074817,5.379077,3840
live,897,15476206567345,15476206698815,15476206780736,15476210593681,4.026336,0.081921,3.812945,3840
live,898,15476216567345,15476216721056,15476216806657,15476220979734,4.412389,0.085601,4.173077,3840
live,899,15476226567345,15476226702976,15476226767521,15476229872456,3.305111,0.064545,3.104935,3840
live,900,15476236567345,15476236684000,15476236758529,15476242242279,5.674934,0.074529,5.48375,3840
live,901,15476246567345,15476246709441,15476246800962,15476250773749,4.206404,0.091521,3.972787,3840
live,902,15476256567345,15476256683553,15476256759170,15476261025528,4.458183,0.075617,4.266358,3840
live,903,15476266567345,15476266683041,15476266748354,15476270473042,3.905697,0.065313,3.724688,3840
live,904,15476276567345,15476276717986,15476276813283,15476282883505,6.31616,0.095297,6.070222,3840
live,905,15476286567345,15476286707970,15476286783619,15476290705589,4.138244,0.075649,3.92197,3840
live,906,15476296567345,15476296679970,15476296746979,15476300613909,4.046564,0.067009,3.86693,3840
live,907,15476306567345,15476306716899,15476306812548,15476311787044,5.219699,0.095649,4.974496,3840
live,908,15476316567345,15476316707331,15476316782948,15476320881081,4.313736,0.075617,4.098133,3840
live,909,15476326567345,15476326683939,15476326749092,15476333392985,6.82564,0.065153,6.643893,3840
live,910,15476336567345,15476336712932,15476336785253,15476340124432,3.557087,0.072321,3.339179,3840
live,911,15476346567345,15476346918119,15476346993224,15476351999016,5.431671,0.075105,5.005792,3840
live,912,15476356567345,15476356726277,15476356813798,15476360686968,4.119623,0.087521,3.87317,3840
live,913,15476366567345,15476366716357,15476366801446,15476370674040,4.106695,0.085089,3.872594,3840
live,914,15476376567345,15476376698821,15476376763366,15476382096779,5.529434,0.064545,5.333413,3840
live,915,15476386567345,15476386697926,15476386768871,15476390515447,3.948102,0.070945,3.746576,3840
live,916,15476396567345,15476396680166,15476396752871,15476401432291,4.864946,0.072705,4.67942,3840
live,917,15476406567345,15476406718119,15476406814632,15476412037003,5.469658,0.096513,5.222371,3840
live,918,15476416567345,15476416713095,15476416785576,15476421236321,4.668976,0.072481,4.450745,3840
live,919,15476426567345,15476426704231,15476426774856,15476430806460,4.239115,0.070625,4.031604,3840
live,920,15476436567345,15476436683175,15476436750856,15476447049005,10.48166,0.067681,10.298149,3840
live,921,15476446567345,15476446781289,15476447149614,15476452532851,5.965506,0.368325,5.383237,3840
live,922,15476456567345,15476456737769,15476456831658,15476461447109,4.879764,0.093889,4.615451,3840
live,923,15476466567345,15476466749833,15476466839659,15476471224867,4.657522,0.089826,4.385208,3840
live,924,15476476567345,15476476720745,15476476798250,15476480589467,4.022122,0.077505,3.791217,3840
live,925,15476486567345,15476486684937,15476486755850,15476490465210,3.897865,0.070913,3.70936,3840
live,926,15476496567345,15476496716810,15476496782827,15476500541435,3.97409,0.066017,3.758608,3840
live,927,15476506567345,15476506686314,15476506752619,15476510703326,4.135981,0.066305,3.950707,3840
live,928,15476516567345,15476516728299,15476516811340,15476520190072,3.622727,0.083041,3.378732,3840
live,929,15476526567345,15476526706443,15476526776300,15476529855412,3.288067,0.069857,3.079112,3840
live,930,15476536567345,15476536685547,15476536760716,15476541850990,5.283645,0.075169,5.090274,3840
live,931,15476546567345,15476546708268,15476546773165,15476550546749,3.979404,0.064897,3.773584,3840
live,932,15476556567345,15476556689196,15476556763309,15476561630508,5.063163,0.074113,4.867199,3840
live,933,15476566567345,15476566720685,15476566806190,15476571829038,5.261693,0.085505,5.022848,3840
live,934,15476576567345,15476576708365,15476576776910,15476579818229,3.250884,0.068545,3.041319,3840
live,935,15476586567345,15476586676045,15476586743662,15476590887395,4.32005,0.067617,4.143733,3840
live,936,15476596567345,15476596722414,15476596824751,15476601300553,4.733208,0.102337,4.475802,3840
live,937,15476606567345,15476606708590,15476606774575,15476610010585,3.44324,0.065985,3.23601,3840
live,938,15476616567345,15476616685902,15476616750031,15476621641070,5.073725,0.064129,4.891039,3840
live,939,15476626567345,15476626724431,15476626822352,15476631056839,4.489494,0.097921,4.234487,3840
live,940,15476636567345,15476636712175,15476636777520,15476641360075,4.79273,0.065345,4.582555,3840
live,941,15476646567345,15476646684303,15476646758672,15476650688675,4.12133,0.074369,3.930003,3840
live,942,15476656567345,15476656717104,15476656816242,15476662252951,5.685606,0.099138,5.436709,3840
live,943,15476666567345,15476666715025,15476666790514,15476671210506,4.643161,0.075489,4.419992,3840
live,944,15476676567345,15476676682033,15476676767250,15476681093161,4.525816,0.085217,4.325911,3840
live,945,15476686567345,15476686713905,15476686799762,15476691682257,5.114912,0.085857,4.882495,3840
live,946,15476696567345,15476696712562,15476696796339,15476701483791,4.916446,0.083777,4.687452,3840
live,947,15476706567345,15476706683826,15476706747315,15476713516649,6.949304,0.063489,6.769334,3840
live,948,15476716567345,15476716706290,15476716775731,15476720199615,3.63227,0.069441,3.423884,3840
live,949,15476726567345,15476726727763,15476726806676,15476729856667,3.289322,0.078913,3.049991,3840
live,950,15476736567345,15476736688435,15476736755092,15476740499044,3.931699,0.066657,3.743952,3840
live,951,15476746567345,15476746724820,15476746814229,15476752339708,5.772363,0.089409,5.525479,3840
live,952,15476756567345,15476756706164,15476756781877,15476759947806,3.380461,0.075713,3.165929,3840
live,953,15476766567345,15476766691060,15476766761557,15476770699912,4.132567,0.070497,3.938355,3840
live,954,15476776567345,15476776720021,15476776806806,15476779969503,3.402158,0.086785,3.162697,3840
live,955,15476786567345,15476786707893,15476786773270,15476791224079,4.656734,0.065377,4.450809,3840
live,956,15476796567345,15476796716086,15476796802359,15476801479475,4.91213,0.086273,4.677116,3840
live,957,15476806567345,15476806705558,15476806778551,15476810007136,3.439791,0.072993,3.228585,3840
live,958,15476816567345,15476816685654,15476816757559,15476821628117,5.060772,0.071905,4.870558,3840
live,959,15476826567345,15476826724919,15476826818808,15476831227153,4.659808,0.093889,4.408345,3840
live,960,15476836567345,15476836711255,15476836777688,15476841386835,4.81949,0.066433,4.609147,3840
live,961,15476846567345,15476846684439,15476846753208,15476850464872,3.897527,0.068769,3.711664,3840
live,962,15476856567345,15476856900314,15476856972603,15476860193508,3.626163,0.072289,3.220905,3840
live,963,15476866567345,15476866685208,15476866759929,15476870758412,4.191067,0.074721,3.998483,3840
live,964,15476876567345,15476876717945,15476876811130,15476882455714,5.888369,0.093185,5.644584,3840
live,965,15476886567345,15476886695609,15476886764474,15476889904738,3.337393,0.068865,3.140264,3840
live,966,15476896567345,15476896678169,15476896751770,15476900728973,4.161628,0.073601,3.977203,3840
live,967,15476906567345,15476906697722,15476906761018,15476910477386,3.910041,0.063296,3.716368,3840
live,968,15476916567345,15476916675866,15476916738426,15476921110067,4.542722,0.06256,4.371641,3840
live,969,15476926567345,15476926683674,15476926751067,15476931427287,4.859942,0.067393,4.67622,3840
live,970,15476936567345,15476936705691,15476936799676,15476941565017,4.997672,0.093985,4.765341,3840
live,971,15476946567345,15476946710715,15476946790844,15476952216130,5.648785,0.080129,5.425286,3840
live,972,15476956567345,15476956689403,15476956755036,15476962359204,5.791859,0.065633,5.604168,3840
live,973,15476966567345,15476966733052,15476966822589,15476971875934,5.308589,0.089537,5.053345,3840
live,974,15476976567345,15476976702044,15476976767517,15476981067508,4.500163,0.065473,4.299991,3840
live,975,15476986567345,15476986678556,15476986741149,15476990476397,3.909052,0.062593,3.735248,3840
live,976,15476996567345,15476996716957,15476996794622,15477000053160,3.485815,0.077665,3.258538,3840
live,977,15477006567345,15477006704061,15477006765822,15477011208727,4.641382,0.061761,4.442905,3840
live,978,15477016567345,15477016711806,15477016800543,15477022796076,6.228731,0.088737,5.995533,3840
live,979,15477026567345,15477026716670,15477026802047,15477030500431,3.933086,0.085377,3.698384,3840
live,980,15477036567345,15477036678558,15477036731295,15477042634891,6.067546,0.052737,5.903596,3840
live,981,15477046567345,15477046714271,15477046799680,15477051177080,4.609735,0.085409,4.3774,3840
live,982,15477056567345,15477056715327,15477056795328,15477060641490,4.074145,0.080001,3.846162,3840
live,983,15477066567345,15477066686015,15477066756416,15477070569873,4.002528,0.070401,3.813457,3840
live,984,15477076567345,15477076718528,15477076815041,15477079942186,3.374841,0.096513,3.127145,3840
live,985,15477086567345,15477086693696,15477086958180,15477090794805,4.22746,0.264484,3.836625,3840
live,986,15477096567345,15477096712225,15477096798946,15477103138099,6.570754,0.086721,6.339153,3840
live,987,15477106567345,15477106697537,15477106768706,15477110067916,3.500571,0.071169,3.29921,3840
live,988,15477116567345,15477116680001,15477116750626,15477121671393,5.104048,0.070625,4.920767,3840
live,989,15477126567345,15477126770627,15477126869668,15477132330858,5.763513,0.099041,5.46119,3840
live,990,15477136567345,15477136726307,15477136805828,15477140485395,3.91805,0.079521,3.679567,3840
live,991,15477146567345,15477146679042,15477146740547,15477150590261,4.022916,0.061505,3.849714,3840
live,992,15477156567345,15477156708611,15477156817828,15477161629186,5.061841,0.109217,4.811358,3840
live,993,15477166567345,15477166705987,15477166778308,15477170080303,3.512958,0.072321,3.301995,3840
live,994,15477176567345,15477176676099,15477176727652,15477181065948,4.498603,0.051553,4.338296,3840
live,995,15477186567345,15477186687908,15477186767845,15477191072860,4.505515,0.079937,4.305015,3840
live,996,15477196567345,15477196711685,15477196791878,15477201959592,5.392247,0.080193,5.167714,3840
live,997,15477206567345,15477206688325,15477206757254,15477210453781,3.886436,0.068929,3.696527,3840
live,998,15477216567345,15477216722022,15477216839239,15477223762656,7.195311,0.117217,6.923417,3840
live,999,15477226567345,15477226730022,15477226797543,15477230086929,3.519584,0.067521,3.289386,3840
live,1000,15477236567345,15477236699174,15477236757479,15477241734087,5.166742,0.058305,4.976608,3840
live,1001,15477246567345,15477246717735,15477246806696,15477250871772,4.304427,0.088961,4.065076,3840
live,1002,15477256567345,15477256697159,15477256759303,15477259701197,3.133852,0.062144,2.941894,3840
live,1003,15477266567345,15477266680935,15477266750408,15477270545208,3.977863,0.069473,3.7948,3840
live,1004,15477276567345,15477276706792,15477276780745,15477280598202,4.030857,0.073953,3.817457,3840
live,1005,15477286567345,15477286696744,15477286759433,15477290299190,3.731845,0.062689,3.539757,3840
live,1006,15477296567345,15477296696584,15477296768425,15477300980703,4.413358,0.071841,4.212278,3840
live,1007,15477306567345,15477306705993,15477306800650,15477311019840,4.452495,0.094657,4.21919,3840
live,1008,15477316567345,15477316701929,15477316779370,15477320057940,3.490595,0.077441,3.27857,3840
live,1009,15477326567345,15477326691177,15477326760906,15477331002561,4.435216,0.069729,4.241655,3840
live,1010,15477336567345,15477336720106,15477336806891,15477339999988,3.432643,0.086785,3.193097,3840
live,1011,15477346567345,15477346679210,15477346723690,15477350171319,3.603974,0.04448,3.447629,3840
live,1012,15477356567345,15477356708715,15477356795180,15477362043855,5.47651,0.086465,5.248675,3840
live,1013,15477366567345,15477366870221,15477366944526,15477370470171,3.902826,0.074305,3.525645,3840
live,1014,15477376567345,15477376685611,15477376740012,15477380915457,4.348112,0.054401,4.175445,3840
live,1015,15477386567345,15477386714124,15477386796141,15477392853723,6.286378,0.082017,6.057582,3840
live,1016,15477396567345,15477396713580,15477396787277,15477401402440,4.835095,0.073697,4.615163,3840
live,1017,15477406567345,15477406715149,15477406797774,15477411117669,4.550324,0.082625,4.319895,3840
live,1018,15477416567345,15477416695181,15477416755437,15477420340059,3.772714,0.060256,3.584622,3840
live,1019,15477426567345,15477426686317,15477426764334,15477431096774,4.529429,0.078017,4.33244,3840
live,1020,15477436567345,15477436766734,15477436885808,15477443163232,6.595887,0.119074,6.277424,3840
live,1021,15477446567345,15477446768623,15477446862480,15477450872739,4.305394,0.093857,4.010259,3840
live,1022,15477456567345,15477456718830,15477456797808,15477460363645,3.7963,0.078978,3.565837,3840
live,1023,15477466567345,15477466698031,15477466769456,15477472930367,6.363022,0.071425,6.160911,3840
live,1024,15477476567345,15477476727055,15477476812624,15477480027322,3.459977,0.085569,3.214698,3840
live,1025,15477486567345,15477486702287,15477486762800,15477490425951,3.858606,0.060513,3.663151,3840
live,1026,15477496567345,15477496716496,15477496782513,15477502452250,5.884905,0.066017,5.669737,3840
live,1027,15477506567345,15477506693392,15477506741777,15477509765431,3.198086,0.048385,3.023654,3840
live,1028,15477516567345,15477516682384,15477516737041,15477520595619,4.028274,0.054657,3.858578,3840
live,1029,15477526567345,15477526716849,15477526822738,15477531152906,4.585561,0.105889,4.330168,3840
live,1030,15477536567345,15477536702961,15477536766386,15477539794169,3.226824,0.063425,3.027783,3840
live,1031,15477546567345,15477546684305,15477546754706,15477550653028,4.085683,0.070401,3.898322,3840
live,1032,15477556567345,15477556697586,15477556740563,15477559634808,3.067463,0.042977,2.894245,3840
live,1033,15477566567345,15477566669778,15477566720755,15477570491299,3.923954,0.050977,3.770544,3840
live,1034,15477576567345,15477576723379,15477576828116,15477581390319,4.822974,0.104737,4.562203,3840
live,1035,15477586567345,15477586725299,15477586816853,15477590836040,4.268695,0.091554,4.019187,3840
live,1036,15477596567345,15477596699060,15477596759732,15477599681306,3.113961,0.060672,2.921574,3840
live,1037,15477606567345,15477606674420,15477606726004,15477610731880,4.164535,0.051584,4.005876,3840
live,1038,15477616567345,15477616714164,15477616793685,15477620764744,4.197399,0.079521,3.971059,3840
live,1039,15477626567345,15477626701109,15477626776022,15477629917534,3.350189,0.074913,3.141512,3840
live,1040,15477636567345,15477636690709,15477636761494,15477642097530,5.530185,0.070785,5.336036,3840
live,1041,15477646567345,15477646708533,15477646776470,15477649766877,3.199532,0.067937,2.990407,3840
live,1042,15477656567345,15477656665653,15477656716662,15477660051233,3.483888,0.051009,3.334571,3840
live,1043,15477666567345,15477666711670,15477666790423,15477670721034,4.153689,0.078753,3.930611,3840
live,1044,15477676567345,15477676697174,15477676778264,15477679990625,3.42328,0.08109,3.212361,3840
live,1045,15477686567345,15477686714167,15477686788120,15477690828556,4.261211,0.073953,4.040436,3840
live,1046,15477696567345,15477696719928,15477696808313,15477702474945,5.9076,0.088385,5.666632,3840
live,1047,15477706567345,15477706721528,15477706793561,15477710560105,3.99276,0.072033,3.766544,3840
live,1048,15477716567345,15477716689720,15477716756377,15477720317830,3.750485,0.066657,3.561453,3840
live,1049,15477726567345,15477726743353,15477726849754,15477732278400,5.711055,0.106401,5.428646,3840
live,1050,15477736567345,15477736725753,15477736816666,15477742338561,5.771216,0.090913,5.521895,3840
live,1051,15477746567345,15477746710809,15477746779482,15477749924515,3.35717,0.068673,3.145033,3840
live,1052,15477756567345,15477756682265,15477756751866,15477761544408,4.977063,0.069601,4.792542,3840
live,1053,15477766567345,15477766712314,15477766803739,15477770764366,4.197021,0.091425,3.960627,3840
live,1054,15477776567345,15477776697754,15477776772219,15477779845475,3.27813,0.074465,3.073256,3840
live,1055,15477786567345,15477786679930,15477786727995,15477790475275,3.90793,0.048065,3.74728,3840
live,1056,15477796567345,15477796704091,15477796767644,15477800793712,4.226367,0.063553,4.026068,3840
live,1057,15477806567345,15477806696091,15477806756828,15477809709474,3.142129,0.060737,2.952646,3840
live,1058,15477816567345,15477816681916,15477816755932,15477820656015,4.08867,0.074016,3.900083,3840
live,1059,15477826567345,15477826935935,15477827083777,15477833260656,6.693311,0.147842,6.176879,3840
live,1060,15477836567345,15477836722205,15477836805630,15477842886028,6.318683,0.083425,6.080398,3840
live,1061,15477846567345,15477846700413,15477846774462,15477849800613,3.233268,0.074049,3.026151,3840
live,1062,15477856567345,15477856679005,15477856737662,15477860887187,4.319842,0.058657,4.149525,3840
live,1063,15477866567345,15477866713246,15477866802271,15477870784306,4.216961,0.089025,3.982035,3840
live,1064,15477876567345,15477876709726,15477876771775,15477880604656,4.037311,0.062049,3.832881,3840
live,1065,15477886567345,15477886718015,15477886798560,15477891133687,4.566342,0.080545,4.335127,3840
live,1066,15477896567345,15477896740031,15477896819840,15477900854708,4.287363,0.079809,4.034868,3840
live,1067,15477906567345,15477906700031,15477906759040,15477909721606,3.154261,0.059009,2.962566,3840
live,1068,15477916567345,15477916673663,15477916738048,15477920595954,4.028609,0.064385,3.857906,3840
live,1069,15477926567345,15477926710688,15477926792001,15477931930467,5.363122,0.081313,5.138466,3840
live,1070,15477936567345,15477936698976,15477936775713,15477939842569,3.275224,0.076737,3.066856,3840
live,1071,15477946567345,15477946675904,15477946726625,15477950921495,4.35415,0.050721,4.19487,3840
live,1072,15477956567345,15477956727361,15477956827555,15477962098950,5.531605,0.100194,5.271395,3840
live,1073,15477966567345,15477966721602,15477966786019,15477970804310,4.236965,0.064417,4.018291,3840
live,1074,15477976567345,15477976699490,15477976774467,15477980613076,4.045731,0.074977,3.838609,3840
live,1075,15477986567345,15477986759619,15477986877348,15477992466028,5.898683,0.117729,5.58868,3840
live,1076,15477996567345,15477996767683,15477996868005,15478002929170,6.361825,0.100322,6.061165,3840
live,1077,15478006567345,15478006735139,15478006818468,15478010164175,3.59683,0.083329,3.345707,3840
live,1078,15478016567345,15478016691171,15478016752132,15478020287249,3.719904,0.060961,3.535117,3840
live,1079,15478026567345,15478026704804,15478026774085,15478032121609,5.554264,0.069281,5.347524,3840
live,1080,15478036567345,15478036724708,15478036820422,15478043172471,6.605126,0.095714,6.352049,3840
live,1081,15478046567345,15478046714373,15478046774149,15478049756300,3.188955,0.059776,2.982151,3840
live,1082,15478056567345,15478056681893,15478056738437,15478060564598,3.997253,0.056544,3.826161,3840
live,1083,15478066567345,15478066710117,15478066793670,15478070953436,4.386091,0.083553,4.159766,3840
live,1084,15478076567345,15478076690661,15478076742982,15478079644619,3.077274,0.052321,2.901637,3840
live,1085,15478086567345,15478086681830,15478086746950,15478090672345,4.105,0.06512,3.925395,3840
live,1086,15478096567345,15478096702598,15478096765319,15478099776590,3.209245,0.062721,3.011271,3840
live,1087,15478106567345,15478106669222,15478106716711,15478110362678,3.795333,0.047489,3.645967,3840
live,1088,15478116567345,15478116706855,15478116772584,15478120800572,4.233227,0.065729,4.027988,3840
live,1089,15478126567345,15478126694503,15478126759464,15478129694318,3.126973,0.064961,2.934854,3840
live,1090,15478136567345,15478136679495,15478136751976,15478141021439,4.454094,0.072481,4.269463,3840
live,1091,15478146567345,15478146709800,15478146792649,15478151032800,4.465455,0.082849,4.240151,3840
live,1092,15478156567345,15478156686376,15478156741641,15478159665455,3.09811,0.055265,2.923814,3840
live,1093,15478166567345,15478166677609,15478166741705,15478170533594,3.966249,0.064096,3.791889,3840
live,1094,15478176567345,15478176709609,15478176792010,15478179912082,3.344737,0.082401,3.120072,3840
live,1095,15478186567345,15478186671113,15478186720618,15478190131286,3.563941,0.049505,3.410668,3840
live,1096,15478196567345,15478196712746,15478196789131,15478202321938,5.754593,0.076385,5.532807,3840
live,1097,15478206567345,15478206702954,15478206765963,15478209915252,3.347907,0.063009,3.149289,3840
live,1098,15478216567345,15478216683786,15478216751083,15478221923182,5.355837,0.067297,5.172099,3840
live,1099,15478226567345,15478226725195,15478226814669,15478232891163,6.323818,0.089474,6.076494,3840
live,1100,15478236567345,15478236734380,15478236811053,15478242432789,5.865444,0.076673,5.621736,3840
live,1101,15478246567345,15478246694796,15478246754540,15478250394139,3.826794,0.059744,3.639599,3840
live,1102,15478256567345,15478256742637,15478256838286,15478260902274,4.334929,0.095649,4.063988,3840
live,1103,15478266567345,15478267011633,15478267082481,15478270166905,3.59956,0.070848,3.084424,3840
live,1104,15478276567345,15478276701805,15478276760558,15478280221114,3.653769,0.058753,3.460556,3840
live,1105,15478286567345,15478286725294,15478286809135,15478292773595,6.20625,0.083841,5.96446,3840
live,1106,15478296567345,15478296717198,15478296801135,15478301038693,4.471348,0.083937,4.237558,3840
live,1107,15478306567345,15478306699630,15478306753167,15478309736693,3.169348,0.053537,2.983526,3840
live,1108,15478316567345,15478316686062,15478316765167,15478321076967,4.509622,0.079105,4.3118,3840
live,1109,15478326567345,15478326717615,15478326789840,15478330984134,4.416789,0.072225,4.194294,3840
live,1110,15478336567345,15478336910546,15478336997427,15478340401023,3.833678,0.086881,3.403596,3840
live,1111,15478346567345,15478346718608,15478346800273,15478350671874,4.104529,0.081665,3.871601,3840
live,1112,15478356567345,15478356799089,15478356902834,15478364053198,7.485853,0.103745,7.150364,3840
live,1113,15478366567345,15478366720176,15478366777041,15478369901337,3.333992,0.056865,3.124296,3840
live,1114,15478376567345,15478376673680,15478376722385,15478380545346,3.978001,0.048705,3.822961,3840
live,1115,15478386567345,15478386742066,15478386833555,15478392202680,5.635335,0.091489,5.369125,3840
live,1116,15478396567345,15478396707121,15478396773074,15478399828602,3.261257,0.065953,3.055528,3840
live,1117,15478406567345,15478406694098,15478406776435,15478410588036,4.020691,0.082337,3.811601,3840
live,1118,15478416567345,15478416714866,15478416789299,15478422310650,5.743305,0.074433,5.521351,3840
live,1119,15478426567345,15478426700754,15478426756563,15478429745978,3.178633,0.055809,2.989415,3840
live,1120,15478436567345,15478436698739,15478436781908,15478444497431,7.930086,0.083169,7.715523,3840
live,1121,15478446567345,15478446739764,15478446843573,15478450721895,4.15455,0.103809,3.878322,3840
live,1122,15478456567345,15478456684819,15478456745332,15478460293986,3.726641,0.060513,3.548654,3840
live,1123,15478466567345,15478466708820,15478466766965,15478470661127,4.093782,0.058145,3.894162,3840
live,1124,15478476567345,15478476708244,15478476780245,15478480574726,4.007381,0.072001,3.794481,3840
live,1125,15478486567345,15478486698165,15478486800374,15478490676040,4.108695,0.102209,3.875666,3840
live,1126,15478496567345,15478496692405,15478496764278,15478502782595,6.21525,0.071873,6.018317,3840
live,1127,15478506567345,15478506707510,15478506770230,15478509918399,3.351054,0.06272,3.148169,3840
live,1128,15478516567345,15478516681078,15478516733334,15478521008365,4.44102,0.052256,4.275031,3840
live,1129,15478526567345,15478526689462,15478526746519,15478531012270,4.444925,0.057057,4.265751,3840
live,1130,15478536567345,15478536705111,15478536764407,15478539688093,3.120748,0.059296,2.923686,3840
live,1131,15478546567345,15478546687607,15478546759512,15478550730603,4.163258,0.071905,3.971091,3840
live,1132,15478556567345,15478556717208,15478556782488,15478559795487,3.228142,0.06528,3.012999,3840
live,1133,15478566567345,15478566680055,15478566739608,15478570657706,4.090361,0.059553,3.918098,3840
live,1134,15478576567345,15478576709784,15478576787033,15478582555491,5.988146,0.077249,5.768458,3840
live,1135,15478586567345,15478586695864,15478586752473,15478589774528,3.207183,0.056609,3.022055,3840
live,1136,15478596567345,15478596691961,15478596772378,15478601098193,4.530848,0.080417,4.325815,3840
live,1137,15478606567345,15478606731610,15478606815387,15478611051441,4.484096,0.083777,4.236054,3840
live,1138,15478616567345,15478616709690,15478616762746,15478619668800,3.101455,0.053056,2.906054,3840
live,1139,15478626567345,15478626695866,15478626767355,15478630493579,3.926234,0.071489,3.726224,3840
live,1140,15478636567345,15478636740443,15478636838364,15478642864169,6.296824,0.097921,6.025805,3840
live,1141,15478646567345,15478646704187,15478646770844,15478650028357,3.461012,0.066657,3.257513,3840
live,1142,15478656567345,15478656720763,15478656800540,15478661010002,4.442657,0.079777,4.209462,3840
live,1143,15478666567345,15478666736860,15478666822493,15478670989778,4.422433,0.085633,4.167285,3840
live,1144,15478676567345,15478676704796,15478676755420,15478679713890,3.146545,0.050624,2.95847,3840
live,1145,15478686567345,15478686691772,15478686745053,15478690514093,3.946748,0.053281,3.76904,3840
live,1146,15478696567345,15478696713501,15478696793630,15478701096725,4.52938,0.080129,4.303095,3840
live,1147,15478706567345,15478706710909,15478706820926,15478710903155,4.33581,0.110017,4.082229,3840
live,1148,15478716567345,15478716698589,15478716757470,15478719819557,3.252212,0.058881,3.062087,3840
live,1149,15478726567345,15478726669725,15478726747070,15478731249592,4.682247,0.077345,4.502522,3840
live,1150,15478736567345,15478736727006,15478736834048,15478743260498,6.693153,0.107042,6.42645,3840
live,1151,15478746567345,15478746873857,15478746964770,15478750390478,3.823133,0.090913,3.425708,3840
live,1152,15478756567345,15478756693375,15478756762528,15478760419406,3.852061,0.069153,3.656878,3840
live,1153,15478766567345,15478766743424,15478766852321,15478771095608,4.528263,0.108897,4.243287,3840
live,1154,15478776567345,15478776734400,15478776815169,15478780817716,4.250371,0.080769,4.002547,3840
live,1155,15478786567345,15478786715712,15478786819393,15478791674240,5.106895,0.103681,4.854847,3840
live,1156,15478796567345,15478796722112,15478796782465,15478801594143,5.026798,0.060353,4.811678,3840
live,1157,15478806567345,15478806685472,15478806751777,15478810338415,3.77107,0.066305,3.586638,3840
live,1158,15478816567345,15478816722785,15478817079750,15478821268764,4.701419,0.356965,4.189014,3840
live,1159,15478826567345,15478826719330,15478827035942,15478830251023,3.683678,0.316612,3.215081,3840
live,1160,15478836567345,15478836684577,15478836984453,15478842556589,5.989244,0.299876,5.572136,3840
live,1161,15478846567345,15478846716898,15478846810211,15478852532301,5.964956,0.093313,5.72209,3840
live,1162,15478856567345,15478856686050,15478856749603,15478860319729,3.752384,0.063553,3.570126,3840
live,1163,15478866567345,15478866721923,15478866798980,15478870735895,4.16855,0.077057,3.936915,3840
live,1164,15478876567345,15478876710755,15478876783940,15478880533844,3.966499,0.073185,3.749904,3840
live,1165,15478886567345,15478886684995,15478886746788,15478890307410,3.740065,0.061793,3.560622,3840
live,1166,15478896567345,15478896704036,15478896790917,15478900848569,4.281224,0.086881,4.057652,3840
live,1167,15478906567345,15478906719237,15478906810054,15478913104215,6.53687,0.090817,6.294161,3840
live,1168,15478916567345,15478916707429,15478916769510,15478919955502,3.388157,0.062081,3.185992,3840
live,1169,15478926567345,15478926690181,15478926758374,15478930621943,4.054598,0.068193,3.863569,3840
live,1170,15478936567345,15478936713766,15478936789639,15478939827470,3.260125,0.075873,3.037831,3840
live,1171,15478946567345,15478946675877,15478946724422,15478949900303,3.332958,0.048545,3.175881,3840
live,1172,15478956567345,15478956685254,15478956759559,15478962842613,6.275268,0.074305,6.083054,3840
live,1173,15478966567345,15478966702663,15478966762279,15478969776238,3.208893,0.059616,3.013959,3840
live,1174,15478976567345,15478976681479,15478976749960,15478981342146,4.774801,0.068481,4.592186,3840
live,1175,15478986567345,15478986724840,15478986820841,15478993015160,6.447815,0.096001,6.194319,3840
live,1176,15478996567345,15478996726856,15478996816041,15479000986463,4.419118,0.089185,4.170422,3840
live,1177,15479006567345,15479006740392,15479006846250,15479013096250,6.528905,0.105858,6.25,3840
live,1178,15479016567345,15479016723561,15479016785609,15479020135380,3.568035,0.062048,3.349771,3840
live,1179,15479026567345,15479026710889,15479026768810,15479029624686,3.057341,0.057921,2.855876,3840
live,1180,15479036567345,15479036689641,15479036764202,15479042882968,6.315623,0.074561,6.118766,3840
live,1181,15479046567345,15479046707466,15479046775050,15479049757873,3.190528,0.067584,2.982823,3840
live,1182,15479056567345,15479056690506,15479056772971,15479060981249,4.413904,0.082465,4.208278,3840
live,1183,15479066567345,15479066717258,15479066792811,15479070927424,4.360079,0.075553,4.134613,3840
live,1184,15479076567345,15479076693130,15479076745451,15479079695441,3.128096,0.052321,2.94999,3840
live,1185,15479086567345,15479086681963,15479086754828,15479090802368,4.235023,0.072865,4.04754,3840
live,1186,15479096567345,15479096693707,15479096750892,15479099707570,3.140225,0.057185,2.956678,3840
live,1187,15479106567345,15479106669547,15479106724012,15479110527741,3.960396,0.054465,3.803729,3840
live,1188,15479116567345,15479116716140,15479116788077,15479122804378,6.237033,0.071937,6.016301,3840
live,1189,15479126567345,15479126693804,15479126754925,15479130223898,3.656553,0.061121,3.468973,3840
live,1190,15479136567345,15479136680044,15479136743853,15479141214343,4.646998,0.063809,4.47049,3840
live,1191,15479146567345,15479146714957,15479146808783,15479150984388,4.417043,0.093826,4.175605,3840
live,1192,15479156567345,15479156713582,15479156780558,15479160115833,3.548488,0.066976,3.335275,3840
live,1193,15479166567345,15479166692206,15479166760879,15479170776482,4.209137,0.068673,4.015603,3840
live,1194,15479176567345,15479176725263,15479176804656,15479182055635,5.48829,0.079393,5.250979,3840
live,1195,15479186567345,15479186702095,15479186762095,15479189838391,3.271046,0.06,3.076296,3840
live,1196,15479196567345,15479196680975,15479196754896,15479200671298,4.103953,0.073921,3.916402,3840
live,1197,15479206567345,15479206726512,15479206822897,15479211267562,4.700217,0.096385,4.444665,3840
live,1198,15479216567345,15479216707376,15479216753200,15479219989242,3.421897,0.045824,3.236042,3840
live,1199,15479226567345,15479226671792,15479226720016,15479232176662,5.609317,0.048224,5.456646,3840
live,1200,15479236567345,15479236711889,15479236795058,15479244459572,7.892227,0.083169,7.664514,3840
live,1201,15479246567345,15479246714897,15479246788530,15479251153258,4.585913,0.073633,4.364728,3840
live,1202,15479256567345,15479256788754,15479256945140,15479261531759,4.964414,0.156386,4.586619,3840
live,1203,15479266567345,15479266689841,15479266774546,15479270953160,4.385815,0.084705,4.178614,3840
live,1204,15479276567345,15479276697202,15479276764243,15479280179455,3.61211,0.067041,3.415212,3840
live,1205,15479286567345,15479286691858,15479286752755,15479290327073,3.759728,0.060897,3.574318,3840
live,1206,15479296567345,15479296688402,15479296752051,15479300959113,4.391768,0.063649,4.207062,3840
live,1207,15479306567345,15479306685491,15479306756276,15479311332622,4.765277,0.070785,4.576346,3840
live,1208,15479316567345,15479316717076,15479316801685,15479319910301,3.342956,0.084609,3.108616,3840
live,1209,15479326567345,15479326704436,15479326778261,15479331178925,4.61158,0.073825,4.400664,3840
live,1210,15479336567345,15479336682324,15479336755093,15479342350429,5.783084,0.072769,5.595336,3840
live,1211,15479346567345,15479346716149,15479346789718,15479349884637,3.317292,0.073569,3.094919,3840
live,1212,15479356567345,15479356676724,15479356739541,15479362393726,5.826381,0.062817,5.654185,3840
live,1213,15479366567345,15479366722005,15479366812119,15479372403934,5.836589,0.090114,5.591815,3840
live,1214,15479376567345,15479376764726,15479377140219,15479381252720,4.685375,0.375493,4.112501,3840
live,1215,15479386567345,15479386688054,15479386763127,15479390666121,4.098776,0.075073,3.902994,3840
live,1216,15479396567345,15479396715894,15479396792087,15479399948256,3.380911,0.076193,3.156169,3840
live,1217,15479406567345,15479406680886,15479406733079,15479410579528,4.012183,0.052193,3.846449,3840
live,1218,15479416567345,15479416789144,15479416884569,15479422752229,6.184884,0.095425,5.86766,3840
live,1219,15479426567345,15479426733464,15479426809689,15479429879008,3.311663,0.076225,3.069319,3840
live,1220,15479436567345,15479436685624,15479436761369,15479442235199,5.667854,0.075745,5.47383,3840
live,1221,15479446567345,15479446722712,15479446817818,15479450669675,4.10233,0.095106,3.851857,3840
live,1222,15479456567345,15479456686008,15479456750905,15479460728940,4.161595,0.064897,3.978035,3840
live,1223,15479466567345,15479466719993,15479466822362,15479471175698,4.608353,0.102369,4.353336,3840
live,1224,15479476567345,15479476730778,15479476827803,15479480705997,4.138652,0.097025,3.878194,3840
live,1225,15479486567345,15479486696314,15479486787931,15479490754606,4.187261,0.091617,3.966675,3840
live,1226,15479496567345,15479496683642,15479496753947,15479503659059,7.091714,0.070305,6.905112,3840
live,1227,15479506567345,15479506718011,15479506787707,15479510129126,3.561781,0.069696,3.341419,3840
live,1228,15479516567345,15479516692987,15479516768380,15479520683694,4.116349,0.075393,3.915314,3840
live,1229,15479526567345,15479526727611,15479526816221,15479531760796,5.193451,0.08861,4.944575,3840
live,1230,15479536567345,15479536711548,15479536781340,15479539890564,3.323219,0.069792,3.109224,3840
live,1231,15479546567345,15479546678107,15479546741436,15479550618382,4.051037,0.063329,3.876946,3840
live,1232,15479556567345,15479556721852,15479556837502,15479562216995,5.64965,0.11565,5.379493,3840
live,1233,15479566567345,15479566708893,15479566782718,15479570058024,3.490679,0.073825,3.275306,3840
live,1234,15479576567345,15479576690077,15479576766782,15479580710864,4.143519,0.076705,3.944082,3840
live,1235,15479586567345,15479586721950,15479586812319,15479590607759,4.040414,0.090369,3.79544,3840
live,1236,15479596567345,15479596683581,15479596984833,15479601003541,4.436196,0.301252,4.018708,3840
live,1237,15479606567345,15479606714910,15479606786815,15479610821523,4.254178,0.071905,4.034708,3840
live,1238,15479616567345,15479616701630,15479616787647,15479620568720,4.001375,0.086017,3.781073,3840
live,1239,15479626567345,15479626687359,15479626747551,15479630317677,3.750332,0.060192,3.570126,3840
live,1240,15479636567345,15479636708671,15479636785504,15479642519786,5.952441,0.076833,5.734282,3840
live,1241,15479646567345,15479646697343,15479646761312,15479649818247,3.250902,0.063969,3.056935,3840
live,1242,15479656567345,15479656683104,15479656747872,15479660298990,3.731645,0.064768,3.551118,3840
live,1243,15479666567345,15479666875746,15479666961892,15479670932790,4.365445,0.086146,3.970898,3840
live,1244,15479676567345,15479676712577,15479676786018,15479680303375,3.73603,0.073441,3.517357,3840
live,1245,15479686567345,15479686680289,15479686743905,15479690689812,4.122467,0.063616,3.945907,3840
live,1246,15479696567345,15479696703201,15479696759042,15479699685800,3.118455,0.055841,2.926758,3840
live,1247,15479706567345,15479706672289,15479706728834,15479710585620,4.018275,0.056545,3.856786,3840
live,1248,15479716567345,15479716730754,15479716842084,15479724076865,7.50952,0.11133,7.234781,3840
live,1249,15479726567345,15479726781891,15479726882981,15479732931890,6.364545,0.10109,6.048909,3840
live,1250,15479736567345,15479736732099,15479736825412,15479742955155,6.38781,0.093313,6.129743,3840
live,1251,15479746567345,15479746730499,15479746816165,15479750272145,3.7048,0.085666,3.45598,3840
live,1252,15479756567345,15479756700227,15479756772004,15479761494689,4.927344,0.071777,4.722685,3840
live,1253,15479766567345,15479766721188,15479766810405,15479775663575,9.09623,0.089217,8.85317,3840
live,1254,15479776567345,15479776762789,15479777116586,15479783141815,6.57447,0.353797,6.025229,3840
live,1255,15479786567345,15479786688292,15479786979016,15479790935739,4.368394,0.290724,3.956723,3840
live,1256,15479796567345,15479796719237,15479796796390,15479799930222,3.362877,0.077153,3.133832,3840
live,1257,15479806567345,15479806668965,15479806717862,15479809741612,3.174267,0.048897,3.02375,3840
live,1258,15479816567345,15479816681029,15479816750502,15479820327860,3.760515,0.069473,3.577358,3840
live,1259,15479826567345,15479826710726,15479826797063,15479830804091,4.236746,0.086337,4.007028,3840
live,1260,15479836567345,15479836687942,15479836752135,15479841718087,5.150742,0.064193,4.965952,3840
live,1261,15479846567345,15479846713319,15479846793032,15479850654330,4.086985,0.079713,3.861298,3840
live,1262,15479856567345,15479856714631,15479856786856,15479860285173,3.717828,0.072225,3.498317,3840
live,1263,15479866567345,15479866678727,15479866731688,15479870786012,4.218667,0.052961,4.054324,3840
live,1264,15479876567345,15479876715464,15479877049708,15479880563481,3.996136,0.334244,3.513773,3840
live,1265,15479886567345,15479886702984,15479887006924,15479891051488,4.484143,0.30394,4.044564,3840
live,1266,15479896567345,15479896731337,15479897112910,15479901371749,4.804404,0.381573,4.258839,3840
live,1267,15479906567345,15479906745514,15479907111790,15479910940191,4.372846,0.366276,3.828401,3840
live,1268,15479916567345,15479916683177,15479916967021,15479920808798,4.241453,0.283844,3.841777,3840
live,1269,15479926567345,15479926717514,15479926811019,15479931061090,4.493745,0.093505,4.250071,3840
live,1270,15479936567345,15479936762379,15479937132208,15479940871744,4.304399,0.369829,3.739536,3840
live,1271,15479946567345,15479946681866,15479946754987,15479950459931,3.892586,0.073121,3.704944,3840
live,1272,15479956567345,15479956705835,15479956785004,15479959955125,3.38778,0.079169,3.170121,3840
live,1273,15479966567345,15479966733100,15479967091920,15479970430171,3.862826,0.35882,3.338251,3840
live,1274,15479976567345,15479976667819,15479976719116,15479980092535,3.52519,0.051297,3.373419,3840
live,1275,15479986567345,15479986712908,15479986797069,15479990890626,4.323281,0.084161,4.093557,3840
live,1276,15479996567345,15479996710700,15479996784813,15479999799668,3.232323,0.074113,3.014855,3840
live,1277,15480006567345,15480006704109,15480006779758,15480010667936,4.100591,0.075649,3.888178,3840
live,1278,15480016567345,15480016709645,15480016775278,15480020707520,4.140175,0.065633,3.932242,3840
live,1279,15480026567345,15480026695405,15480026766670,15480029927863,3.360518,0.071265,3.161193,3840
live,1280,15480036567345,15480036688462,15480036766031,15480042439575,5.87223,0.077569,5.673544,3840
live,1281,15480046567345,15480046713326,15480046789711,15480050685665,4.11832,0.076385,3.895954,3840
live,1282,15480056567345,15480056708815,15480056782991,15480060316957,3.749612,0.074176,3.533966,3840
live,1283,15480066567345,15480066683599,15480066745583,15480070594305,4.02696,0.061984,3.848722,3840
live,1284,15480076567345,15480076717871,15480076816689,15480080819748,4.252403,0.098818,4.003059,3840
live,1285,15480086567345,15480086692111,15480086760624,15480090573633,4.006288,0.068513,3.813009,3840
live,1286,15480096567345,15480096716048,15480097061588,15480100237405,3.67006,0.34554,3.175817,3840
live,1287,15480106567345,15480106681136,15480106946131,15480110907206,4.339861,0.264995,3.961075,3840
live,1288,15480116567345,15480116735793,15480117131446,15480121419533,4.852188,0.395653,4.288087,3840
live,1289,15480126567345,15480126700049,15480126780274,15480130010139,3.442794,0.080225,3.229865,3840
live,1290,15480136567345,15480136693393,15480136991253,15480141051593,4.484248,0.29786,4.06034,3840
live,1291,15480146567345,15480146706450,15480146790547,15480150622756,4.055411,0.084097,3.832209,3840
live,1292,15480156567345,15480156702962,15480156771155,15480160375777,3.808432,0.068193,3.604622,3840
live,1293,15480166567345,15480166708978,15480166786291,15480170896424,4.329079,0.077313,4.110133,3840
live,1294,15480176567345,15480176760148,15480176835380,15480179972253,3.404908,0.075232,3.136873,3840
live,1295,15480186567345,15480186708659,15480186785620,15480190835528,4.268183,0.076961,4.049908,3840
live,1296,15480196567345,15480196714804,15480196795477,15480200957066,4.389721,0.080673,4.161589,3840
live,1297,15480206567345,15480206716052,15480206820661,15480210953386,4.386041,0.104609,4.132725,3840
live,1298,15480216567345,15480216728757,15480216826422,15480221019052,4.451707,0.097665,4.19263,3840
live,1299,15480226567345,15480226899383,15480227020889,15480234029843,7.462498,0.121506,7.008954,3840
live,1300,15480236567345,15480236752502,15480237076794,15480241873463,5.306118,0.324292,4.796669,3840
live,1301,15480246567345,15480246700821,15480247003001,15480251240432,4.673087,0.30218,4.237431,3840
live,1302,15480256567345,15480256702646,15480256769015,15480259780477,3.213132,0.066369,3.011462,3840
live,1303,15480266567345,15480266667958,15480266714102,15480269831582,3.264237,0.046144,3.11748,3840
live,1304,15480276567345,15480276679190,15480276746615,15480281466004,4.898659,0.067425,4.719389,3840
live,1305,15480286567345,15480286695639,15480286767864,15480289858175,3.29083,0.072225,3.090311,3840
live,1306,15480296567345,15480296688759,15480296977627,15480301096271,4.528926,0.288868,4.118644,3840
live,1307,15480306567345,15480306707544,15480306783289,15480311004111,4.436766,0.075745,4.220822,3840
live,1308,15480316567345,15480316695896,15480316754296,15480319703902,3.136557,0.0584,2.949606,3840
live,1309,15480326567345,15480326667608,15480326731769,15480330530729,3.963384,0.064161,3.79896,3840
live,1310,15480336567345,15480336709721,15480336805690,15480341254419,4.687074,0.095969,4.448729,3840
live,1311,15480346567345,15480346709241,15480346799898,15480350884015,4.31667,0.090657,4.084117,3840
live,1312,15480356567345,15480356725370,15480357061054,15480360277895,3.71055,0.335684,3.216841,3840
live,1313,15480366567345,15480366681401,15480366747898,15480370341288,3.773943,0.066497,3.59339,3840
live,1314,15480376567345,15480376725050,15480376811579,15480383396208,6.828863,0.086529,6.584629,3840
live,1315,15480386567345,15480386719099,15480386790331,15480389983876,3.416531,0.071232,3.193545,3840
live,1316,15480396567345,15480396679258,15480396743099,15480400633165,4.06582,0.063841,3.890066,3840
live,1317,15480406567345,15480406707227,15480406786172,15480411022163,4.454818,0.078945,4.235991,3840
live,1318,15480416567345,15480416690683,15480416745948,15480419700962,3.133617,0.055265,2.955014,3840
live,1319,15480426567345,15480426671867,15480426731516,15480430563405,3.99606,0.059649,3.831889,3840
live,1320,15480436567345,15480436715324,15480436812030,15480443169167,6.601822,0.096706,6.357137,3840
live,1321,15480446567345,15480446763485,15480446859167,15480450209578,3.642233,0.095682,3.350411,3840
live,1322,15480456567345,15480456706941,15480456772798,15480459765220,3.197875,0.065857,2.992422,3840
live,1323,15480466567345,15480466737118,15480466824831,15480471133686,4.566341,0.087713,4.308855,3840
live,1324,15480476567345,15480476707870,15480476784127,15480479824742,3.257397,0.076257,3.040615,3840
live,1325,15480486567345,15480486698846,15480486957057,15480490978101,4.410756,0.258211,4.021044,3840
live,1326,15480496567345,15480496716575,15480496805024,15480501049622,4.482277,0.088449,4.244598,3840
live,1327,15480506567345,15480506706591,15480506765920,15480509828519,3.261174,0.059329,3.062599,3840
live,1328,15480516567345,15480516685183,15480516755872,15480520915701,4.348356,0.070689,4.159829,3840
live,1329,15480526567345,15480526723104,15480526809921,15480531034903,4.467558,0.086817,4.224982,3840
live,1330,15480536567345,15480536701632,15480536774977,15480539952586,3.385241,0.073345,3.177609,3840
live,1331,15480546567345,15480546696288,15480546763233,15480550594802,4.027457,0.066945,3.831569,3840
live,1332,15480556567345,15480556702561,15480556762497,15480559763336,3.195991,0.059936,3.000839,3840
live,1333,15480566567345,15480566686401,15480566763330,15480570639315,4.07197,0.076929,3.875985,3840
live,1334,15480576567345,15480576709889,15480576772834,15480583289014,6.721669,0.062945,6.51618,3840
live,1335,15480586567345,15480586699106,15480586764994,15480589917707,3.350362,0.065888,3.152713,3840
live,1336,15480596567345,15480596684898,15480596761987,15480600969049,4.401704,0.077089,4.207062,3840
live,1337,15480606567345,15480606713570,15480606808036,15480610953689,4.386344,0.094466,4.145653,3840
live,1338,15480616567345,15480616756419,15480617122152,15480620357618,3.790273,0.365733,3.235466,3840
live,1339,15480626567345,15480626685411,15480626751236,15480630558421,3.991076,0.065825,3.807185,3840
live,1340,15480636567345,15480636714916,15480636810277,15480642872531,6.305186,0.095361,6.062254,3840
live,1341,15480646567345,15480646712228,15480646774437,15480649861356,3.294011,0.062209,3.086919,3840
live,1342,15480656567345,15480656674852,15480656743461,15480660345651,3.778306,0.068609,3.60219,3840
live,1343,15480666567345,15480666711237,15480666792646,15480670790457,4.223112,0.081409,3.997811,3840
live,1344,15480676567345,15480676701381,15480676764934,15480679736268,3.168923,0.063553,2.971334,3840
live,1345,15480686567345,15480686694277,15480686794118,15480691210367,4.643022,0.099841,4.416249,3840
live,1346,15480696567345,15480696758310,15480696860584,15480702935414,6.368069,0.102274,6.07483,3840
live,1347,15480706567345,15480706741350,15480706818823,15480709997904,3.430559,0.077473,3.179081,3840
live,1348,15480716567345,15480716695174,15480716751783,15480719868815,3.30147,0.056609,3.117032,3840
live,1349,15480726567345,15480726687334,15480726757767,15480730689882,4.122537,0.070433,3.932115,3840
live,1350,15480736567345,15480736750536,15480736854537,15480742444113,5.876768,0.104001,5.589576,3840
live,1351,15480746567345,15480746750280,15480746822665,15480750210580,3.643235,0.072385,3.387915,3840
live,1352,15480756567345,15480756702632,15480756779625,15480760996735,4.42939,0.076993,4.21711,3840
live,1353,15480766567345,15480766727336,15480766817610,15480771044224,4.476879,0.090274,4.226614,3840
live,1354,15480776567345,15480776690440,15480776746377,15480779665710,3.098365,0.055937,2.919333,3840
live,1355,15480786567345,15480786680361,15480786749609,15480791369125,4.80178,0.069248,4.619516,3840
live,1356,15480796567345,15480796717993,15480796776202,15480799960467,3.393122,0.058209,3.184265,3840
live,1357,15480806567345,15480806672233,15480806719530,15480811199491,4.632146,0.047297,4.479961,3840
live,1358,15480816567345,15480816711818,15480816799819,15480821140419,4.573074,0.088001,4.3406,3840
live,1359,15480826567345,15480826711114,15480826804524,15480830845663,4.278318,0.09341,4.041139,3840
live,1360,15480836567345,15480836705963,15480836766091,15480841236549,4.669204,0.060128,4.470458,3840
live,1361,15480846567345,15480846708299,15480846787948,15480850898753,4.331408,0.079649,4.110805,3840
live,1362,15480856567345,15480856698795,15480856756396,15480859712498,3.145153,0.057601,2.956102,3840
live,1363,15480866567345,15480866676011,15480866725356,15480870328762,3.761417,0.049345,3.603406,3840
live,1364,15480876567345,15480876705420,15480876778925,15480880773472,4.206127,0.073505,3.994547,3840
live,1365,15480886567345,15480886693932,15480886751533,15480889750676,3.183331,0.057601,2.999143,3840
live,1366,15480896567345,15480896701965,15480896988528,15480901152390,4.585045,0.286563,4.163862,3840
live,1367,15480906567345,15480906729165,15480907099890,15480913147008,6.579663,0.370725,6.047118,3840
live,1368,15480916567345,15480916707534,15480916778158,15480920554015,3.98667,0.070624,3.775857,3840
live,1369,15480926567345,15480926683502,15480926747662,15480930335229,3.767884,0.06416,3.587567,3840
live,1370,15480936567345,15480936752559,15480936820144,15480939813622,3.246277,0.067585,2.993478,3840
live,1371,15480946567345,15480946696527,15480946749935,15480950525024,3.957679,0.053408,3.775089,3840
live,1372,15480956567345,15480956699119,15480956778416,15480960909093,4.341748,0.079297,4.130677,3840
live,1373,15480966567345,15480966715023,15480966806065,15480970930790,4.363445,0.091042,4.124725,3840
live,1374,15480976567345,15480976714736,15480976786545,15480979847096,3.279751,0.071809,3.060551,3840
live,1375,15480986567345,15480986682000,15480986730832,15480990259486,3.692141,0.048832,3.528654,3840
live,1376,15480996567345,15480996730097,15480996822354,15481004210705,7.64336,0.092257,7.388351,3840
live,1377,15481006567345,15481006703153,15481006769490,15481009864761,3.297416,0.066337,3.095271,3840
live,1378,15481016567345,15481016685329,15481016760722,15481020617155,4.04981,0.075393,3.856433,3840
live,1379,15481026567345,15481026714994,15481026793971,15481030896039,4.328694,0.078977,4.102068,3840
live,1380,15481036567345,15481036698290,15481036759283,15481041201868,4.634523,0.060993,4.442585,3840
live,1381,15481046567345,15481046708658,15481046787411,15481050747526,4.180181,0.078753,3.960115,3840
live,1382,15481056567345,15481056706515,15481056762899,15481059783418,3.216073,0.056384,3.020519,3840
live,1383,15481066567345,15481066682259,15481066749139,15481070556100,3.988755,0.06688,3.806961,3840
live,1384,15481076567345,15481076707795,15481076783764,15481080799880,4.232535,0.075969,4.016116,3840
live,1385,15481086567345,15481086699444,15481086761844,15481089727322,3.159977,0.0624,2.965478,3840
live,1386,15481096567345,15481096701204,15481096786645,15481100958379,4.391034,0.085441,4.171734,3840
live,1387,15481106567345,15481106718869,15481106806614,15481110880650,4.313305,0.087745,4.074036,3840
live,1388,15481116567345,15481116688468,15481116748981,15481119777564,3.210219,0.060513,3.028583,3840
live,1389,15481126567345,15481126673077,15481126737269,15481130563815,3.99647,0.064192,3.826546,3840
live,1390,15481136567345,15481136706549,15481136793015,15481141003117,4.435772,0.086466,4.210102,3840
live,1391,15481146567345,15481146739510,15481146852056,15481151098670,4.531325,0.112546,4.246614,3840
live,1392,15481156567345,15481156698710,15481156755223,15481159710397,3.143052,0.056513,2.955174,3840
live,1393,15481166567345,15481166681494,15481166753143,15481170659625,4.09228,0.071649,3.906482,3840
live,1394,15481176567345,15481176713431,15481176792056,15481182198493,5.631148,0.078625,5.406437,3840
live,1395,15481186567345,15481186719447,15481186810745,15481191092784,4.525439,0.091298,4.282039,3840
live,1396,15481196567345,15481196722936,15481196798585,15481199987842,3.420497,0.075649,3.189257,3840
live,1397,15481206567345,15481206690552,15481206763257,15481210663627,4.096282,0.072705,3.90037,3840
live,1398,15481216567345,15481216710008,15481216787769,15481220913230,4.345885,0.077761,4.125461,3840
live,1399,15481226567345,15481226712793,15481226786650,15481229940738,3.373393,0.073857,3.154088,3840
live,1400,15481236567345,15481236693305,15481236962268,15481242524324,5.956979,0.268963,5.562056,3840
live,1401,15481246567345,15481247244512,15481247431939,15481253442128,6.874783,0.187427,6.010189,3840
live,1402,15481256567345,15481256733018,15481256824027,15481260456522,3.889177,0.091009,3.632495,3840
live,1403,15481266567345,15481266686874,15481266754395,15481270266312,3.698967,0.067521,3.511917,3840
live,1404,15481276567345,15481276677658,15481276739291,15481280399914,3.832569,0.061633,3.660623,3840
live,1405,15481286567345,15481286680154,15481286752059,15481290434379,3.867034,0.071905,3.68232,3840
live,1406,15481296567345,15481296714523,15481296804988,15481302936139,6.368794,0.090465,6.131151,3840
live,1407,15481306567345,15481306712540,15481306789053,15481309953669,3.386324,0.076513,3.164616,3840
live,1408,15481316567345,15481316687068,15481316762749,15481320752592,4.185247,0.075681,3.989843,3840
live,1409,15481326567345,15481326712668,15481326795965,15481330964979,4.397634,0.083297,4.169014,3840
live,1410,15481336567345,15481336703101,15481336775293,15481339798052,3.230707,0.072192,3.022759,3840
live,1411,15481346567345,15481346681085,15481346748637,15481351753278,5.185933,0.067552,5.004641,3840
live,1412,15481356567345,15481356706237,15481356786046,15481359900838,3.333493,0.079809,3.114792,3840
live,1413,15481366567345,15481366677245,15481366736094,15481370547439,3.980094,0.058849,3.811345,3840
live,1414,15481376567345,15481376719518,15481377094563,15481381562396,4.995051,0.375045,4.467833,3840
live,1415,15481386567345,15481386697950,15481386768255,15481390658577,4.091232,0.070305,3.890322,3840
live,1416,15481396567345,15481396683230,15481396751839,15481400462735,3.89539,0.068609,3.710896,3840
live,1417,15481406567345,15481406712927,15481406808640,15481412288743,5.721398,0.095713,5.480103,3840
live,1418,15481416567345,15481416706943,15481416778464,15481419865320,3.297975,0.071521,3.086856,3840
live,1419,15481426567345,15481426677311,15481426737536,15481431445181,4.877836,0.060225,4.707645,3840
live,1420,15481436567345,15481436713728,15481436818274,15481444051902,7.484557,0.104546,7.233628,3840
live,1421,15481446567345,15481446708545,15481446785826,15481450896534,4.329189,0.077281,4.110708,3840
live,1422,15481456567345,15481456702529,15481456779810,15481461983301,5.415956,0.077281,5.203491,3840
live,1423,15481466567345,15481466714273,15481466781474,15481469800617,3.233272,0.067201,3.019143,3840
live,1424,15481476567345,15481476697249,15481476757538,15481479505414,2.938069,0.060289,2.747876,3840
live,1425,15481486567345,15481486681634,15481486737730,15481490232655,3.66531,0.056096,3.494925,3840
live,1426,15481496567345,15481496680898,15481496744355,15481501522240,4.954895,0.063457,4.777885,3840
live,1427,15481506567345,15481506684962,15481506758339,15481512358827,5.791482,0.073377,5.600488,3840
live,1428,15481516567345,15481516718979,15481516796516,15481519885900,3.318555,0.077537,3.089384,3840
live,1429,15481526567345,15481526678179,15481526742500,15481530791576,4.224231,0.064321,4.049076,3840
live,1430,15481536567345,15481536717060,15481536804741,15481541229854,4.662509,0.087681,4.425113,3840
live,1431,15481546567345,15481546721892,15481546824166,15481551016315,4.44897,0.102274,4.192149,3840
live,1432,15481556567345,15481556710308,15481556786597,15481559948206,3.380861,0.076289,3.161609,3840
live,1433,15481566567345,15481566690533,15481566770214,15481571028988,4.461643,0.079681,4.258774,3840
live,1434,15481576567345,15481576720901,15481576808582,15481580509910,3.942565,0.087681,3.701328,3840
live,1435,15481586567345,15481586705317,15481586772934,15481590299540,3.732195,0.067617,3.526606,3840
live,1436,15481596567345,15481596681862,15481596756679,15481602064363,5.497018,0.074817,5.307684,3840
live,1437,15481606567345,15481606712134,15481606784519,15481610716986,4.149641,0.072385,3.932467,3840
live,1438,15481616567345,15481616682182,15481616757319,15481621522756,4.955411,0.075137,4.765437,3840
live,1439,15481626567345,15481626700455,15481626802504,15481630884637,4.317292,0.102049,4.082133,3840
live,1440,15481636567345,15481636704711,15481636783208,15481642246318,5.678973,0.078497,5.46311,3840
live,1441,15481646567345,15481646681575,15481646746120,15481650928606,4.361261,0.064545,4.182486,3840
live,1442,15481656567345,15481656708776,15481656791977,15481660727260,4.159915,0.083201,3.935283,3840
live,1443,15481666567345,15481666685928,15481666751561,15481670545850,3.978505,0.065633,3.794289,3840
live,1444,15481676567345,15481676699305,15481676781066,15481679964179,3.396834,0.081761,3.183113,3840
live,1445,15481686567345,15481686673289,15481686723945,15481690163797,3.596452,0.050656,3.439852,3840
live,1446,15481696567345,15481696719434,15481696800619,15481701034625,4.46728,0.081185,4.234006,3840
live,1447,15481706567345,15481706773771,15481706878412,15481713021851,6.454506,0.104641,6.143439,3840
live,1448,15481716567345,15481716721386,15481716808811,15481721991918,5.424573,0.087425,5.183107,3840
live,1449,15481726567345,15481726696138,15481726761163,15481730847360,4.280015,0.065025,4.086197,3840
live,1450,15481736567345,15481736722283,15481736822732,15481743564099,6.996754,0.100449,6.741367,3840
live,1451,15481746567345,15481746717547,15481746805676,15481750619773,4.052428,0.088129,3.814097,3840
live,1452,15481756567345,15481756703916,15481756784429,15481760607870,4.040525,0.080513,3.823441,3840
live,1453,15481766567345,15481766721580,15481766825261,15481770896354,4.329009,0.103681,4.071093,3840
live,1454,15481776567345,15481776711340,15481776793261,15481780554590,3.987245,0.081921,3.761329,3840
live,1455,15481786567345,15481786686508,15481786766189,15481790849890,4.282545,0.079681,4.083701,3840
live,1456,15481796567345,15481796703277,15481796774190,15481799796245,3.2289,0.070913,3.022055,3840
live,1457,15481806567345,15481807080850,15481807210196,15481811199591,4.632246,0.129346,3.989395,3840
live,1458,15481816567345,15481816731982,15481816864528,15481821137607,4.570262,0.132546,4.273079,3840
live,1459,15481826567345,15481826712174,15481826796495,15481830578656,4.011311,0.084321,3.782161,3840
live,1460,15481836567345,15481836681262,15481836745647,15481842048147,5.480802,0.064385,5.3025,3840
live,1461,15481846567345,15481846732463,15481846829008,15481850874084,4.306739,0.096545,4.045076,3840
live,1462,15481856567345,15481856731631,15481856814289,15481861336555,4.76921,0.082658,4.522266,3840
live,1463,15481866567345,15481866684751,15481866760432,15481872585435,6.01809,0.075681,5.825003,3840
live,1464,15481876567345,15481876735184,15481877086197,15481881264394,4.697049,0.351013,4.178197,3840
live,1465,15481886567345,15481886679184,15481886752273,15481890436160,3.868815,0.073089,3.683887,3840
live,1466,15481896567345,15481896706865,15481896786354,15481899821177,3.253832,0.079489,3.034823,3840
live,1467,15481906567345,15481906677041,15481906730321,15481911250443,4.683098,0.05328,4.520122,3840
live,1468,15481916567345,15481916720081,15481916850419,15481923149316,6.581971,0.130338,6.298897,3840
live,1469,15481926567345,15481926722898,15481926798483,15481930162526,3.595181,0.075585,3.364043,3840
live,1470,15481936567345,15481936670386,15481936720818,15481940257184,3.689839,0.050432,3.536366,3840
live,1471,15481946567345,15481946676338,15481946745747,15481950507715,3.94037,0.069409,3.761968,3840
live,1472,15481956567345,15481956723123,15481956829972,15481962270170,5.702825,0.106849,5.440198,3840
live,1473,15481966567345,15481966716819,15481966820885,15481971667091,5.099746,0.104066,4.846206,3840
live,1474,15481976567345,15481976687859,15481976764084,15481980663750,4.096405,0.076225,3.899666,3840
live,1475,15481986567345,15481986716468,15481986801301,15481992855907,6.288562,0.084833,6.054606,3840
live,1476,15481996567345,15481996712308,15481996792917,15482000676103,4.108758,0.080609,3.883186,3840
live,1477,15482006567345,15482006686836,15482006754133,15482010427652,3.860307,0.067297,3.673519,3840
live,1478,15482016567345,15482016712085,15482016794390,15482019974559,3.407214,0.082305,3.180169,3840
live,1479,15482026567345,15482026713333,15482026775350,15482030928043,4.360698,0.062017,4.152693,3840
live,1480,15482036567345,15482036683477,15482036756086,15482044372728,7.805383,0.072609,7.616642,3840
live,1481,15482046567345,15482046719318,15482046796343,15482050634856,4.067511,0.077025,3.838513,3840
live,1482,15482056567345,15482056682806,15482056746519,15482060619912,4.052567,0.063713,3.873393,3840
live,1483,15482066567345,15482066726615,15482066829176,15482071047886,4.480541,0.102561,4.21871,3840
live,1484,15482076567345,15482076725495,15482076814296,15482080636233,4.068888,0.088801,3.821937,3840
live,1485,15482086567345,15482086691191,15482086765144,15482090788620,4.221275,0.073953,4.023476,3840
live,1486,15482096567345,15482096698040,15482096771704,15482099859264,3.291919,0.073664,3.08756,3840
live,1487,15482106567345,15482106677400,15482106737784,15482110533417,3.966072,0.060384,3.795633,3840
live,1488,15482116567345,15482116720761,15482116849978,15482121463765,4.89642,0.129217,4.613787,3840
live,1489,15482126567345,15482126721241,15482126809434,15482130639467,4.072122,0.088193,3.830033,3840
live,1490,15482136567345,15482136680345,15482136741978,15482140594731,4.027386,0.061633,3.852753,3840
live,1491,15482146567345,15482146717818,15482146858715,15482150849519,4.282174,0.140897,3.990804,3840
live,1492,15482156567345,15482156713658,15482156790107,15482160727917,4.160572,0.076449,3.93781,3840
live,1493,15482166567345,15482166720858,15482167088703,15482173823541,7.256196,0.367845,6.734838,3840
live,1494,15482176567345,15482176759483,15482177087071,15482180829679,4.262334,0.327588,3.742608,3840
live,1495,15482186567345,15482186727899,15482186807484,15482190000741,3.433396,0.079585,3.193257,3840
live,1496,15482196567345,15482196695163,15482196769340,15482201636858,5.069513,0.074177,4.867518,3840
live,1497,15482206567345,15482206716828,15482206841309,15482213121966,6.554621,0.124481,6.280657,3840
live,1498,15482216567345,15482216759261,15482216863614,15482222915948,6.348603,0.104353,6.052334,3840
live,1499,15482226567345,15482226766493,15482226986656,15482231137397,4.570052,0.220163,4.150741,3840
