stage,sequence,release_ns,queued_ns,start_ns,end_ns,age_ms,queue_ms,service_ms,output_samples
live,0,13671791270065,13671791476995,13671791775335,13671793227897,1.957832,0.29834,1.452562,960
live,1,13671801270065,13671801425567,13671801689955,13671802316938,1.046873,0.264388,0.626983,960
live,2,13671811270065,13671811380572,13671811430524,13671812161061,0.890996,0.049952,0.730537,960
live,3,13671821270065,13671821374456,13671821430649,13671821966528,0.696463,0.056193,0.535879,960
live,4,13671831270065,13671831378165,13671831434102,13671832069630,0.799565,0.055937,0.635528,960
live,5,13671841270065,13671841398770,13671841456499,13671842117435,0.84737,0.057729,0.660936,960
live,6,13671851270065,13671851740531,13671851839796,13671852420379,1.150314,0.099265,0.580583,960
live,7,13671861270065,13671861393355,13671861446284,13671861917426,0.647361,0.052929,0.471142,960
live,8,13671871270065,13671871419944,13671871505802,13671872445109,1.175044,0.085858,0.939307,960
live,9,13671881270065,13671881424005,13671881507718,13671882421394,1.151329,0.083713,0.913676,960
live,10,13671891270065,13671891419234,13671891489347,13671892414926,1.144861,0.070113,0.925579,960
live,11,13671901270065,13671901419679,13671901500448,13671902741231,1.471166,0.080769,1.240783,960
live,12,13671911270065,13671911423644,13671911505917,13671912779884,1.509819,0.082273,1.273967,960
live,13,13671921270065,13671921423800,13671921502937,13671922722888,1.452823,0.079137,1.219951,960
live,14,13671931270065,13671931416565,13671931487254,13671932428482,1.158417,0.070689,0.941228,960
live,15,13671941270065,13671941412946,13671941480594,13671942385598,1.115533,0.067648,0.905004,960
live,16,13671951270065,13671951445359,13671951520400,13671952256057,0.985992,0.075041,0.735657,960
live,17,13671961270065,13671961439211,13671961529389,13671962333175,1.06311,0.090178,0.803786,960
live,18,13671971270065,13671971422120,13671971497097,13671972354132,1.084067,0.074977,0.857035,960
live,19,13671981270065,13671981445733,13671981570919,13671982539347,1.269282,0.125186,0.968428,960
live,20,13671991270065,13671991416257,13671991468226,13671992794739,1.524674,0.051969,1.326513,960
live,21,13672001270065,13672001423486,13672001759298,13672003468088,2.198023,0.335812,1.70879,960
live,22,13672011270065,13672011475868,13672011884161,13672014331679,3.061614,0.408293,2.447518,960
live,23,13672021270065,13672021492537,13672021934430,13672023465681,2.195616,0.441893,1.531251,960
live,24,13672031270065,13672031444437,13672031538806,13672032852390,1.582325,0.094369,1.313584,960
live,25,13672041270065,13672041430769,13672041526514,13672042768322,1.498257,0.095745,1.241808,960
live,26,13672051270065,13672051428302,13672051515951,13672052782719,1.512654,0.087649,1.266768,960
live,27,13672061270065,13672061452843,13672061557932,13672062835996,1.565931,0.105089,1.278064,960
live,28,13672071270065,13672071436264,13672071525993,13672072803385,1.53332,0.089729,1.277392,960
live,29,13672081270065,13672081430820,13672081518277,13672082751381,1.481316,0.087457,1.233104,960
live,30,13672091270065,13672091426817,13672091513442,13672092866323,1.596258,0.086625,1.352881,960
live,31,13672101270065,13672101422270,13672101495039,13672102426442,1.156377,0.072769,0.931403,960
live,32,13672111270065,13672111449627,13672111546812,13672112854892,1.584827,0.097185,1.30808,960
live,33,13672121270065,13672121438455,13672122226177,13672123493137,2.223072,0.787722,1.26696,960
live,34,13672131270065,13672131452212,13672131542741,13672132828069,1.558004,0.090529,1.285328,960
live,35,13672141270065,13672141429041,13672141539538,13672142785698,1.515633,0.110497,1.24616,960
live,36,13672151270065,13672151426637,13672151512526,13672152763678,1.493613,0.085889,1.251152,960
live,37,13672161270065,13672161444234,13672161541196,13672162786107,1.516042,0.096962,1.244911,960
live,38,13672171270065,13672171439111,13672171527432,13672172795960,1.525895,0.088321,1.268528,960
live,39,13672181270065,13672181432580,13672181521317,13672182770324,1.500259,0.088737,1.249007,960
live,40,13672191270065,13672191463809,13672191570242,13672194192707,2.922642,0.106433,2.622465,960
live,41,13672201270065,13672201474814,13672201592959,13672202824719,1.554654,0.118145,1.23176,960
live,42,13672211270065,13672211427642,13672211473882,13672212274660,1.004595,0.04624,0.800778,960
live,43,13672221270065,13672221372182,13672221414774,13672222243201,0.973136,0.042592,0.828427,960
live,44,13672231270065,13672231414899,13672231493076,13672232785348,1.515283,0.078177,1.292272,960
live,45,13672241270065,13672241424752,13672241509937,13672242739392,1.469327,0.085185,1.229455,960
live,46,13672251270065,13672251424109,13672251507982,13672252773406,1.503341,0.083873,1.265424,960
live,47,13672261270065,13672261447978,13672261543947,13672262799067,1.529002,0.095969,1.25512,960
live,48,13672271270065,13672271434342,13672271528360,13672272782551,1.512486,0.094018,1.254191,960
live,49,13672281270065,13672281429731,13672281506628,13672282718739,1.448674,0.076897,1.212111,960
live,50,13672291270065,13672291423968,13672291510913,13672292472397,1.202332,0.086945,0.961484,960
live,51,13672301270065,13672301423997,13672301506622,13672302725357,1.455292,0.082625,1.218735,960
live,52,13672311270065,13672311448378,13672311545307,13672312834091,1.564026,0.096929,1.288784,960
live,53,13672321270065,13672321442262,13672321530711,13672322428739,1.158674,0.088449,0.898028,960
live,54,13672331270065,13672331430995,13672331513396,13672332450112,1.180047,0.082401,0.936716,960
live,55,13672341270065,13672341421936,13672341493200,13672342708896,1.438831,0.071264,1.215696,960
live,56,13672351270065,13672351414860,13672351496301,13672352408729,1.138664,0.081441,0.912428,960
live,57,13672361270065,13672361782765,13672361904271,13672362839195,1.56913,0.121506,0.934924,960
live,58,13672371270065,13672371457062,13672371552583,13672372501427,1.231362,0.095521,0.948844,960
live,59,13672381270065,13672381434659,13672381520356,13672382415791,1.145726,0.085697,0.895435,960
live,60,13672391270065,13672391429471,13672391502496,13672393719292,2.449227,0.073025,2.216796,960
live,61,13672401270065,13672401417212,13672401501565,13672402404424,1.134359,0.084353,0.902859,960
live,62,13672411270065,13672411423321,13672411509338,13672413441618,2.171553,0.086017,1.93228,960
live,63,13672421270065,13672421449846,13672421567479,13672422565668,1.295603,0.117633,0.998189,960
live,64,13672431270065,13672431437810,13672431539700,13672432542048,1.271983,0.10189,1.002348,960
live,65,13672441270065,13672441404655,13672441459823,13672442026806,0.756741,0.055168,0.566983,960
live,66,13672451270065,13672451376779,13672451426732,13672451968211,0.698146,0.049953,0.541479,960
live,67,13672461270065,13672461397192,13672461482409,13672462375988,1.105923,0.085217,0.893579,960
live,68,13672471270065,13672471426277,13672471510246,13672472474610,1.204545,0.083969,0.964364,960
live,69,13672481270065,13672481420162,13672481507651,13672482410958,1.140893,0.087489,0.903307,960
live,70,13672491270065,13672491416255,13672491494912,13672492415115,1.14505,0.078657,0.920203,960
live,71,13672501270065,13672501424923,13672501504572,13672502395624,1.125559,0.079649,0.891052,960
live,72,13672511270065,13672511427608,13672511506041,13672512470629,1.200564,0.078433,0.964588,960
live,73,13672521270065,13672521426037,13672521512534,13672522427009,1.156944,0.086497,0.914475,960
live,74,13672531270065,13672531424306,13672531503955,13672532429982,1.159917,0.079649,0.926027,960
live,75,13672541270065,13672541421358,13672541497967,13672542388570,1.118505,0.076609,0.890603,960
live,76,13672551270065,13672551470444,13672551541005,13672552467352,1.197287,0.070561,0.926347,960
live,77,13672561270065,13672561444616,13672561523785,13672562414516,1.144451,0.079169,0.890731,960
live,78,13672571270065,13672571420773,13672571506214,13672572490226,1.220161,0.085441,0.984012,960
live,79,13672581270065,13672581422817,13672581517571,13672582418222,1.148157,0.094754,0.900651,960
live,80,13672591270065,13672591414558,13672591495839,13672593731355,2.46129,0.081281,2.235516,960
live,81,13672601270065,13672601421755,13672601530012,13672602508232,1.238167,0.108257,0.97822,960
live,82,13672611270065,13672611425880,13672611505913,13672612459045,1.18898,0.080033,0.953132,960
live,83,13672621270065,13672621423476,13672621506997,13672622460097,1.190032,0.083521,0.9531,960
live,84,13672631270065,13672631419473,13672631504882,13672632469886,1.199821,0.085409,0.965004,960
live,85,13672641270065,13672641420686,13672641502383,13672642403482,1.133417,0.081697,0.901099,960
live,86,13672651270065,13672651418603,13672651502572,13672652450103,1.180038,0.083969,0.947531,960
live,87,13672661270065,13672661419879,13672661487528,13672662387539,1.117474,0.067649,0.900011,960
live,88,13672671270065,13672671421860,13672671526021,13672672537394,1.267329,0.104161,1.011373,960
live,89,13672681270065,13672681421921,13672681505346,13672682437613,1.167548,0.083425,0.932267,960
live,90,13672691270065,13672691416445,13672691494782,13672692412746,1.142681,0.078337,0.917964,960
live,91,13672701270065,13672701415162,13672701492667,13672702392838,1.122773,0.077505,0.900171,960
live,92,13672711270065,13672711414615,13672711482296,13672712398499,1.128434,0.067681,0.916203,960
live,93,13672721270065,13672721413748,13672721493813,13672722413632,1.143567,0.080065,0.919819,960
live,94,13672731270065,13672731416784,13672731478321,13672732399005,1.12894,0.061537,0.920684,960
live,95,13672741270065,13672741404941,13672741491886,13672742395769,1.125704,0.086945,0.903883,960
live,96,13672751270065,13672751414954,13672751494219,13672752399126,1.129061,0.079265,0.904907,960
live,97,13672761270065,13672761410055,13672761487176,13672762371987,1.101922,0.077121,0.884811,960
live,98,13672771270065,13672771411715,13672771493956,13672772455856,1.185791,0.082241,0.9619,960
live,99,13672781270065,13672781422880,13672781489953,13672782378540,1.108475,0.067073,0.888587,960
live,100,13672791270065,13672791417533,13672791492030,13672793709914,2.439849,0.074497,2.217884,960
live,101,13672801270065,13672801419610,13672801508091,13672802398086,1.128021,0.088481,0.889995,960
live,102,13672811270065,13672811410966,13672811492151,13672812416387,1.146322,0.081185,0.924236,960
live,103,13672821270065,13672821414803,13672821495668,13672822435712,1.165647,0.080865,0.940044,960
live,104,13672831270065,13672831415952,13672831484881,13672832419964,1.149899,0.068929,0.935083,960
live,105,13672841270065,13672841421549,13672841488206,13672842377465,1.1074,0.066657,0.889259,960
live,106,13672851270065,13672851412553,13672851490442,13672852407382,1.137317,0.077889,0.91694,960
live,107,13672861270065,13672861412742,13672861491239,13672862371122,1.101057,0.078497,0.879883,960
live,108,13672871270065,13672871422979,13672871510020,13672872528913,1.258848,0.087041,1.018893,960
live,109,13672881270065,13672881418592,13672881518337,13672882432012,1.161947,0.099745,0.913675,960
live,110,13672891270065,13672891419868,13672891512382,13672892595755,1.32569,0.092514,1.083373,960
live,111,13672901270065,13672901417369,13672901495898,13672902429222,1.159157,0.078529,0.933324,960
live,112,13672911270065,13672911410870,13672911493527,13672912452323,1.182258,0.082657,0.958796,960
live,113,13672921270065,13672921486835,13672921593525,13672923121704,1.851639,0.10669,1.528179,960
live,114,13672931270065,13672931416975,13672931504272,13672932782784,1.512719,0.087297,1.278512,960
live,115,13672941270065,13672941415532,13672941485261,13672942721692,1.451627,0.069729,1.236431,960
live,116,13672951270065,13672951413641,13672951481386,13672952425141,1.155076,0.067745,0.943755,960
live,117,13672961270065,13672961412038,13672961487046,13672962697718,1.427653,0.075008,1.210672,960
live,118,13672971270065,13672971413986,13672971489155,13672972407375,1.13731,0.075169,0.91822,960
live,119,13672981270065,13672981413311,13672981499360,13672982726959,1.456894,0.086049,1.227599,960
live,120,13672991270065,13672991422876,13672991495133,13672994023676,2.753611,0.072257,2.528543,960
live,121,13673001270065,13673001417465,13673001510362,13673002552199,1.282134,0.092897,1.041837,960
live,122,13673011270065,13673011415253,13673011484758,13673012452546,1.182481,0.069505,0.967788,960
live,123,13673021270065,13673021411378,13673021479667,13673022722722,1.452657,0.068289,1.243055,960
live,124,13673031270065,13673031422223,13673031504336,13673032527261,1.257196,0.082113,1.022925,960
live,125,13673041270065,13673041414891,13673041495436,13673042409752,1.139687,0.080545,0.914316,960
live,126,13673051270065,13673051413000,13673051481449,13673052410965,1.1409,0.068449,0.929516,960
live,127,13673061270065,13673061409413,13673061480742,13673062384945,1.11488,0.071329,0.904203,960
live,128,13673071270065,13673071412386,13673071481763,13673072407758,1.137693,0.069377,0.925995,960
live,129,13673081270065,13673081415070,13673081509888,13673082464044,1.193979,0.094818,0.954156,960
live,130,13673091270065,13673091411611,13673091494044,13673092442696,1.172631,0.082433,0.948652,960
live,131,13673101270065,13673101412760,13673101485337,13673102387332,1.117267,0.072577,0.901995,960
live,132,13673111270065,13673111411445,13673111500502,13673112450210,1.180145,0.089057,0.949708,960
live,133,13673121270065,13673121420817,13673121510291,13673122762274,1.492209,0.089474,1.251983,960
live,134,13673131270065,13673131422638,13673131515535,13673132896481,1.626416,0.092897,1.380946,960
live,135,13673141270065,13673141415307,13673141496684,13673142757884,1.487819,0.081377,1.2612,960
live,136,13673151270065,13673151414120,13673151482728,13673152749592,1.479527,0.068608,1.266864,960
live,137,13673161270065,13673161413380,13673161480997,13673162709557,1.439492,0.067617,1.22856,960
live,138,13673171270065,13673171414721,13673171484930,13673172747538,1.477473,0.070209,1.262608,960
live,139,13673181270065,13673181420190,13673181512767,13673182604109,1.334044,0.092577,1.091342,960
live,140,13673191270065,13673191415675,13673191497852,13673194169277,2.899212,0.082177,2.671425,960
live,141,13673201270065,13673201418583,13673201490328,13673202411556,1.141491,0.071745,0.921228,960
live,142,13673211270065,13673211409364,13673211480821,13673212416865,1.1468,0.071457,0.936044,960
live,143,13673221270065,13673221416049,13673221485618,13673222380029,1.109964,0.069569,0.894411,960
live,144,13673231270065,13673231416974,13673231502447,13673232495963,1.225898,0.085473,0.993516,960
live,145,13673241270065,13673241417386,13673241500779,13673242733659,1.463594,0.083393,1.23288,960
live,146,13673251270065,13673251413703,13673251492488,13673252738808,1.468743,0.078785,1.24632,960
live,147,13673261270065,13673261419044,13673261492677,13673262731540,1.461475,0.073633,1.238863,960
live,148,13673271270065,13673271415137,13673271482529,13673272711793,1.441728,0.067392,1.229264,960
live,149,13673281270065,13673281417885,13673281505502,13673282790158,1.520093,0.087617,1.284656,960
live,150,13673291270065,13673291423738,13673291506715,13673292783147,1.513082,0.082977,1.276432,960
live,151,13673301270065,13673301414551,13673301483736,13673302692007,1.421942,0.069185,1.208271,960
live,152,13673311270065,13673311459124,13673311532021,13673312937830,1.667765,0.072897,1.405809,960
live,153,13673321270065,13673321435440,13673321543506,13673322560159,1.290094,0.108066,1.016653,960
live,154,13673331270065,13673331426957,13673331522638,13673332568059,1.297994,0.095681,1.045421,960
live,155,13673341270065,13673341422986,13673341508523,13673342482295,1.21223,0.085537,0.973772,960
live,156,13673351270065,13673351421255,13673351494471,13673352492564,1.222499,0.073216,0.998093,960
live,157,13673361270065,13673361414627,13673361493188,13673362412432,1.142367,0.078561,0.919244,960
live,158,13673371270065,13673371413920,13673371495553,13673372440269,1.170204,0.081633,0.944716,960
live,159,13673381270065,13673381478205,13673381563071,13673382687277,1.417212,0.084866,1.124206,960
live,160,13673391270065,13673391418937,13673391487578,13673393673174,2.403109,0.068641,2.185596,960
live,161,13673401270065,13673401412278,13673401484887,13673402384674,1.114609,0.072609,0.899787,960
live,162,13673411270065,13673411412083,13673411489268,13673412420351,1.150286,0.077185,0.931083,960
live,163,13673421270065,13673421410160,13673421487921,13673422386396,1.116331,0.077761,0.898475,960
live,164,13673431270065,13673431413164,13673431496845,13673433007936,1.737871,0.083681,1.511091,960
live,165,13673441270065,13673441414697,13673441492810,13673442421654,1.151589,0.078113,0.928844,960
live,166,13673451270065,13673451415846,13673451484455,13673452418930,1.148865,0.068609,0.934475,960
live,167,13673461270065,13673461410787,13673461477347,13673462367662,1.097597,0.06656,0.890315,960
live,168,13673471270065,13673471409087,13673471485024,13673472410956,1.140891,0.075937,0.925932,960
live,169,13673481270065,13673481410012,13673481488125,13673482389832,1.119767,0.078113,0.901707,960
live,170,13673491270065,13673491415737,13673491498138,13673492452646,1.182581,0.082401,0.954508,960
live,171,13673501270065,13673501413526,13673501482454,13673502384898,1.114833,0.068928,0.902444,960
live,172,13673511270065,13673511407634,13673511475443,13673512420479,1.150414,0.067809,0.945036,960
live,173,13673521270065,13673521412271,13673521486864,13673522379931,1.109866,0.074593,0.893067,960
live,174,13673531270065,13673531410700,13673531493037,13673532410520,1.140455,0.082337,0.917483,960
live,175,13673541270065,13673541445033,13673541548170,13673542535159,1.265094,0.103137,0.986989,960
live,176,13673551270065,13673551433958,13673551517511,13673552515475,1.24541,0.083553,0.997964,960
live,177,13673561270065,13673561419746,13673561517059,13673562442575,1.17251,0.097313,0.925516,960
live,178,13673571270065,13673571414815,13673571484576,13673572462988,1.192923,0.069761,0.978412,960
live,179,13673581270065,13673581416028,13673581497501,13673582732172,1.462107,0.081473,1.234671,960
live,180,13673591270065,13673591413016,13673591495065,13673594018873,2.748808,0.082049,2.523808,960
live,181,13673601270065,13673601414229,13673601499478,13673602410753,1.140688,0.085249,0.911275,960
live,182,13673611270065,13673611413906,13673611479987,13673612402814,1.132749,0.066081,0.922827,960
live,183,13673621270065,13673621411822,13673621480399,13673622709599,1.439534,0.068577,1.2292,960
live,184,13673631270065,13673631412363,13673631481420,13673632442072,1.172007,0.069057,0.960652,960
live,185,13673641270065,13673641418056,13673641504777,13673642755961,1.485896,0.086721,1.251184,960
live,186,13673651270065,13673651418277,13673651484294,13673652418033,1.147968,0.066017,0.933739,960
live,187,13673661270065,13673661413729,13673661480002,13673662374861,1.104796,0.066273,0.894859,960
live,188,13673671270065,13673671415230,13673671483487,13673672738959,1.468894,0.068257,1.255472,960
live,189,13673681270065,13673681411579,13673681479004,13673682713195,1.44313,0.067425,1.234191,960
live,190,13673691270065,13673691414072,13673691500409,13673692805833,1.535768,0.086337,1.305424,960
live,191,13673701270065,13673701415348,13673701502837,13673702410081,1.140016,0.087489,0.907244,960
live,192,13673711270065,13673711412337,13673711489234,13673712428094,1.158029,0.076897,0.93886,960
live,193,13673721270065,13673721412270,13673721479439,13673722385722,1.115657,0.067169,0.906283,960
live,194,13673731270065,13673731408843,13673731475883,13673732395351,1.125286,0.06704,0.919468,960
live,195,13673741270065,13673741412999,13673741481064,13673742379059,1.108994,0.068065,0.897995,960
live,196,13673751270065,13673751416516,13673751494021,13673752413297,1.143232,0.077505,0.919276,960
live,197,13673761270065,13673761409985,13673761486018,13673762375053,1.104988,0.076033,0.889035,960
live,198,13673771270065,13673771413118,13673771503039,13673772481931,1.211866,0.089921,0.978892,960
live,199,13673781270065,13673781416186,13673781486171,13673782397831,1.127766,0.069985,0.91166,960
live,200,13673791270065,13673791420983,13673791496376,13673793702484,2.432419,0.075393,2.206108,960
live,201,13673801270065,13673801416948,13673801506165,13673802434401,1.164336,0.089217,0.928236,960
live,202,13673811270065,13673811414129,13673811506162,13673812443005,1.17294,0.092033,0.936843,960
live,203,13673821270065,13673821411885,13673821491150,13673822394682,1.124617,0.079265,0.903532,960
live,204,13673831270065,13673831407882,13673831491691,13673832425847,1.155782,0.083809,0.934156,960
live,205,13673841270065,13673841417159,13673841488584,13673842436148,1.166083,0.071425,0.947564,960
live,206,13673851270065,13673851413828,13673851483364,13673852421232,1.151167,0.069536,0.937868,960
live,207,13673861270065,13673861408640,13673861489953,13673862388524,1.118459,0.081313,0.898571,960
live,208,13673871270065,13673871411325,13673871499774,13673872422698,1.152633,0.088449,0.922924,960
live,209,13673881270065,13673881409178,13673881496603,13673882390886,1.120821,0.087425,0.894283,960
live,210,13673891270065,13673891700922,13673891785787,13673893123884,1.853819,0.084865,1.338097,960
live,211,13673901270065,13673901421139,13673901497268,13673902756164,1.486099,0.076129,1.258896,960
live,212,13673911270065,13673911414352,13673911483505,13673912765537,1.495472,0.069153,1.282032,960
live,213,13673921270065,13673921409677,13673921496814,13673922700989,1.430924,0.087137,1.204175,960
live,214,13673931270065,13673931412809,13673931489706,13673932412470,1.142405,0.076897,0.922764,960
live,215,13673941270065,13673941409894,13673941476647,13673942638517,1.368452,0.066753,1.16187,960
live,216,13673951270065,13673951413091,13673951489028,13673952431632,1.161567,0.075937,0.942604,960
live,217,13673961270065,13673961412992,13673961478720,13673962370732,1.100667,0.065728,0.892012,960
live,218,13673971270065,13673971412028,13673971489373,13673972407561,1.137496,0.077345,0.918188,960
live,219,13673981270065,13673981409785,13673981503258,13673982391237,1.121172,0.093473,0.887979,960
live,220,13673991270065,13673991411030,13673991490711,13673993897141,2.627076,0.079681,2.40643,960
live,221,13674001270065,13674001420915,13674001510548,13674002465184,1.195119,0.089633,0.954636,960
live,222,13674011270065,13674011416367,13674011513265,13674012486813,1.216748,0.096898,0.973548,960
live,223,13674021270065,13674021417324,13674021486765,13674022441689,1.171624,0.069441,0.954924,960
live,224,13674031270065,13674031409769,13674031489802,13674032453014,1.182949,0.080033,0.963212,960
live,225,13674041270065,13674041413638,13674041494567,13674042722678,1.452613,0.080929,1.228111,960
live,226,13674051270065,13674051418306,13674051505091,13674052794228,1.524163,0.086785,1.289137,960
live,227,13674061270065,13674061418303,13674061484672,13674062392011,1.121946,0.066369,0.907339,960
live,228,13674071270065,13674071456732,13674071524285,13674072455401,1.185336,0.067553,0.931116,960
live,229,13674081270065,13674081427449,13674081504090,13674082391109,1.121044,0.076641,0.887019,960
live,230,13674091270065,13674091416053,13674091493462,13674092406722,1.136657,0.077409,0.91326,960
live,231,13674101270065,13674101415570,13674101496467,13674102389470,1.119405,0.080897,0.893003,960
live,232,13674111270065,13674111415439,13674111480336,13674112396091,1.126026,0.064897,0.915755,960
live,233,13674121270065,13674121409803,13674121476620,13674122698715,1.42865,0.066817,1.222095,960
live,234,13674131270065,13674131410696,13674131479817,13674132719896,1.449831,0.069121,1.240079,960
live,235,13674141270065,13674141411141,13674141489222,13674142703605,1.43354,0.078081,1.214383,960
live,236,13674151270065,13674151415074,13674151500195,13674152772403,1.502338,0.085121,1.272208,960
live,237,13674161270065,13674161416190,13674161494111,13674162394283,1.124218,0.077921,0.900172,960
live,238,13674171270065,13674171409563,13674171479100,13674172398599,1.128534,0.069537,0.919499,960
live,239,13674181270065,13674181411096,13674181480025,13674182363012,1.092947,0.068929,0.882987,960
live,240,13674191270065,13674191410517,13674191479093,13674193623696,2.353631,0.068576,2.144603,960
live,241,13674201270065,13674201413041,13674201500370,13674202417630,1.147565,0.087329,0.91726,960
live,242,13674211270065,13674211417102,13674211494959,13674212421691,1.151626,0.077857,0.926732,960
live,243,13674221270065,13674221415819,13674221498252,13674222437752,1.167687,0.082433,0.9395,960
live,244,13674231270065,13674231411720,13674231481352,13674232424596,1.154531,0.069632,0.943244,960
live,245,13674241270065,13674241415716,13674241485445,13674242457361,1.187296,0.069729,0.971916,960
live,246,13674251270065,13674251415201,13674251497186,13674252462862,1.192797,0.081985,0.965676,960
live,247,13674261270065,13674261415166,13674261492511,13674262392778,1.122713,0.077345,0.900267,960
live,248,13674271270065,13674271410555,13674271486907,13674272726507,1.456442,0.076352,1.2396,960
live,249,13674281270065,13674281410519,13674281479704,13674282692487,1.422422,0.069185,1.212783,960
live,250,13674291270065,13674291404372,13674291469621,13674292386080,1.116015,0.065249,0.916459,960
live,251,13674301270065,13674301409457,13674301478898,13674302715649,1.445584,0.069441,1.236751,960
live,252,13674311270065,13674311410381,13674311475566,13674312409114,1.139049,0.065185,0.933548,960
live,253,13674321270065,13674321408170,13674321483947,13674322690458,1.420393,0.075777,1.206511,960
live,254,13674331270065,13674331407943,13674331484008,13674332399347,1.129282,0.076065,0.915339,960
live,255,13674341270065,13674341408932,13674341480613,13674342692116,1.422051,0.071681,1.211503,960
live,256,13674351270065,13674351686116,13674351766373,13674353008852,1.738787,0.080257,1.242479,960
live,257,13674361270065,13674361416989,13674361494718,13674362719917,1.449852,0.077729,1.225199,960
live,258,13674371270065,13674371413050,13674371490907,13674372403078,1.133013,0.077857,0.912171,960
live,259,13674381270065,13674381408887,13674381504888,13674382387203,1.117138,0.096001,0.882315,960
live,260,13674391270065,13674391411507,13674391479380,13674393597391,2.327326,0.067873,2.118011,960
live,261,13674401270065,13674401408816,13674401474609,13674402998084,1.728019,0.065793,1.523475,960
live,262,13674411270065,13674411414317,13674411487374,13674412422969,1.152904,0.073057,0.935595,960
live,263,13674421270065,13674421416010,13674421492299,13674422396950,1.126885,0.076289,0.904651,960
live,264,13674431270065,13674431411846,13674431486727,13674432398867,1.128802,0.074881,0.91214,960
live,265,13674441270065,13674441410243,13674441485796,13674442401615,1.13155,0.075553,0.915819,960
live,266,13674451270065,13674451410688,13674451490305,13674452448781,1.178716,0.079617,0.958476,960
live,267,13674461270065,13674461417245,13674461489310,13674462439881,1.169816,0.072065,0.950571,960
live,268,13674471270065,13674471415385,13674471486298,13674472474087,1.204022,0.070913,0.987789,960
live,269,13674481270065,13674481410358,13674481478935,13674482712198,1.442133,0.068577,1.233263,960
live,270,13674491270065,13674491407123,13674491488980,13674492721475,1.45141,0.081857,1.232495,960
live,271,13674501270065,13674501411471,13674501481072,13674502361755,1.09169,0.069601,0.880683,960
live,272,13674511270065,13674511412908,13674511493613,13674512424889,1.154824,0.080705,0.931276,960
live,273,13674521270065,13674521416937,13674521484842,13674522697689,1.427624,0.067905,1.212847,960
live,274,13674531270065,13674531410022,13674531488103,13674532388082,1.118017,0.078081,0.899979,960
live,275,13674541270065,13674541411682,13674541506372,13674542714419,1.444354,0.09469,1.208047,960
live,276,13674551270065,13674551409855,13674551484576,13674552396235,1.12617,0.074721,0.911659,960
live,277,13674561270065,13674561415484,13674561496541,13674562410312,1.140247,0.081057,0.913771,960
live,278,13674571270065,13674571415993,13674571484154,13674572732425,1.46236,0.068161,1.248271,960
live,279,13674581270065,13674581412949,13674581481846,13674582703141,1.433076,0.068897,1.221295,960
live,280,13674591270065,13674591414162,13674591505587,13674593947730,2.677665,0.091425,2.442143,960
live,281,13674601270065,13674601411727,13674601514096,13674602495100,1.225035,0.102369,0.981004,960
live,282,13674611270065,13674611413548,13674611499085,13674612484153,1.214088,0.085537,0.985068,960
live,283,13674621270065,13674621413448,13674621481641,13674622397493,1.127428,0.068193,0.915852,960
live,284,13674631270065,13674631409029,13674631475270,13674632401905,1.13184,0.066241,0.926635,960
live,285,13674641270065,13674641408578,13674641486211,13674642378126,1.108061,0.077633,0.891915,960
live,286,13674651270065,13674651409471,13674651486816,13674652398891,1.128826,0.077345,0.912075,960
live,287,13674661270065,13674661415547,13674661499676,13674662413288,1.143223,0.084129,0.913612,960
live,288,13674671270065,13674671423288,13674671504857,13674672495046,1.224981,0.081569,0.990189,960
live,289,13674681270065,13674681413717,13674681483510,13674682816934,1.546869,0.069793,1.333424,960
live,290,13674691270065,13674691454226,13674691578420,13674692645441,1.375376,0.124194,1.067021,960
live,291,13674701270065,13674701432047,13674701518576,13674702462075,1.19201,0.086529,0.943499,960
live,292,13674711270065,13674711427787,13674711520684,13674712569497,1.299432,0.092897,1.048813,960
live,293,13674721270065,13674721421448,13674721507465,13674722426100,1.156035,0.086017,0.918635,960
live,294,13674731270065,13674731411492,13674731482309,13674732430161,1.160096,0.070817,0.947852,960
live,295,13674741270065,13674741411489,13674741481282,13674742382061,1.111996,0.069793,0.900779,960
live,296,13674751270065,13674751415198,13674751486751,13674752445899,1.175834,0.071553,0.959148,960
live,297,13674761270065,13674761413819,13674761503100,13674762457928,1.187863,0.089281,0.954828,960
live,298,13674771270065,13674771415991,13674771510297,13674772449284,1.179219,0.094306,0.938987,960
live,299,13674781270065,13674781414996,13674781485269,13674782384416,1.114351,0.070273,0.899147,960
live,300,13674791270065,13674791416369,13674791484274,13674793635981,2.365916,0.067905,2.151707,960
live,301,13674801270065,13674801413710,13674801484399,13674802375290,1.105225,0.070689,0.890891,960
live,302,13674811270065,13674811650029,13674811733262,13674812712795,1.44273,0.083233,0.979533,960
live,303,13674821270065,13674821416103,13674821494312,13674822397939,1.127874,0.078209,0.903627,960
live,304,13674831270065,13674831453188,13674831534885,13674832462449,1.192384,0.081697,0.927564,960
live,305,13674841270065,13674841430945,13674841500546,13674842378893,1.108828,0.069601,0.878347,960
live,306,13674851270065,13674851416669,13674851485630,13674852410250,1.140185,0.068961,0.92462,960
live,307,13674861270065,13674861415002,13674861484603,13674862916461,1.646396,0.069601,1.431858,960
live,308,13674871270065,13674871420727,13674871501592,13674872448356,1.178291,0.080865,0.946764,960
live,309,13674881270065,13674881414420,13674881486388,13674882380288,1.110223,0.071968,0.8939,960
live,310,13674891270065,13674891410192,13674891501809,13674892488030,1.217965,0.091617,0.986221,960
live,311,13674901270065,13674901414413,13674901496334,13674902402489,1.132424,0.081921,0.906155,960
live,312,13674911270065,13674911414346,13674911482699,13674912412502,1.142437,0.068353,0.929803,960
live,313,13674921270065,13674921417255,13674921505800,13674922465876,1.195811,0.088545,0.960076,960
live,314,13674931270065,13674931411523,13674931498660,13674932432400,1.162335,0.087137,0.93374,960
live,315,13674941270065,13674941410304,13674941487361,13674942379148,1.109083,0.077057,0.891787,960
live,316,13674951270065,13674951410845,13674951509662,13674952453450,1.183385,0.098817,0.943788,960
live,317,13674961270065,13674961424730,13674961493466,13674962383430,1.113365,0.068736,0.889964,960
live,318,13674971270065,13674971410550,13674971480663,13674972430275,1.16021,0.070113,0.949612,960
live,319,13674981270065,13674981467444,13674981559669,13674982249309,0.979244,0.092225,0.68964,960
live,320,13674991270065,13674991418000,13674991486097,13674993045572,1.775507,0.068097,1.559475,960
live,321,13675001270065,13675001408812,13675001482541,13675002142677,0.872612,0.073729,0.660136,960
live,322,13675011270065,13675011424745,13675011508202,13675012417366,1.147301,0.083457,0.909164,960
live,323,13675021270065,13675021423942,13675021510567,13675022433395,1.16333,0.086625,0.922828,960
live,324,13675031270065,13675031423747,13675031493988,13675032487664,1.217599,0.070241,0.993676,960
live,325,13675041270065,13675041417919,13675041498688,13675042398956,1.128891,0.080769,0.900268,960
live,326,13675051270065,13675051415132,13675051494141,13675052414953,1.144888,0.079009,0.920812,960
live,327,13675061270065,13675061414105,13675061493562,13675062386341,1.116276,0.079457,0.892779,960
live,328,13675071270065,13675071417718,13675071500119,13675072458083,1.188018,0.082401,0.957964,960
live,329,13675081270065,13675081416978,13675081487539,13675082383454,1.113389,0.070561,0.895915,960
live,330,13675091270065,13675091411503,13675091494672,13675092429724,1.159659,0.083169,0.935052,960
live,331,13675101270065,13675101408844,13675101499309,13675102383512,1.113447,0.090465,0.884203,960
live,332,13675111270065,13675111409640,13675111489001,13675112405237,1.135172,0.079361,0.916236,960
live,333,13675121270065,13675121488870,13675121588391,13675123039962,1.769897,0.099521,1.451571,960
live,334,13675131270065,13675131547620,13675132038346,13675133936481,2.666416,0.490726,1.898135,960
live,335,13675141270065,13675141489376,13675141927205,13675143861629,2.591564,0.437829,1.934424,960
live,336,13675151270065,13675151464636,13675151880001,13675153861690,2.591625,0.415365,1.981689,960
live,337,13675161270065,13675161480281,13675161890078,13675163824502,2.554437,0.409797,1.934424,960
live,338,13675171270065,13675171436725,13675171834874,13675173816563,2.546498,0.398149,1.981689,960
live,339,13675181270065,13675181418546,13675181510707,13675183350282,2.080217,0.092161,1.839575,960
live,340,13675191270065,13675191416846,13675191507984,13675194599254,3.329189,0.091138,3.09127,960
live,341,13675201270065,13675201416651,13675201497100,13675203307075,2.03701,0.080449,1.809975,960
live,342,13675211270065,13675211409000,13675211494665,13675213334592,2.064527,0.085665,1.839927,960
live,343,13675221270065,13675221415269,13675221511622,13675223380477,2.110412,0.096353,1.868855,960
live,344,13675231270065,13675231427105,13675231503298,13675233303641,2.033576,0.076193,1.800343,960
live,345,13675241270065,13675241407838,13675241493823,13675243331382,2.061317,0.085985,1.837559,960
live,346,13675251270065,13675251413147,13675251499676,13675253313586,2.043521,0.086529,1.81391,960
live,347,13675261270065,13675261414168,13675261491512,13675263323759,2.053694,0.077344,1.832247,960
live,348,13675271270065,13675271411860,13675271504149,13675273439822,2.169757,0.092289,1.935673,960
live,349,13675281270065,13675281427409,13675281501906,13675283313705,2.04364,0.074497,1.811799,960
live,350,13675291270065,13675291412558,13675291501775,13675293331910,2.061845,0.089217,1.830135,960
live,351,13675301270065,13675301411786,13675301484491,13675303317762,2.047697,0.072705,1.833271,960
live,352,13675311270065,13675311410215,13675311514856,13675313329343,2.059278,0.104641,1.814487,960
live,353,13675321270065,13675321672743,13675321814985,13675323727489,2.457424,0.142242,1.912504,960
live,354,13675331270065,13675331418401,13675331502498,13675333317848,2.047783,0.084097,1.81535,960
live,355,13675341270065,13675341417437,13675341506591,13675343313557,2.043492,0.089154,1.806966,960
live,356,13675351270065,13675351418362,13675351507707,13675353368819,2.098754,0.089345,1.861112,960
live,357,13675361270065,13675361422039,13675361516216,13675363366287,2.096222,0.094177,1.850071,960
live,358,13675371270065,13675371420852,13675371507477,13675374139414,2.869349,0.086625,2.631937,960
live,359,13675381270065,13675381419248,13675381501969,13675383339400,2.069335,0.082721,1.837431,960
live,360,13675391270065,13675391412589,13675391497614,13675394617877,3.347812,0.085025,3.120263,960
live,361,13675401270065,13675401420010,13675401513707,13675403346242,2.076177,0.093697,1.832535,960
live,362,13675411270065,13675411417927,13675411506792,13675413332062,2.061997,0.088865,1.82527,960
live,363,13675421270065,13675421416963,13675421501316,13675423320283,2.050218,0.084353,1.818967,960
live,364,13675431270065,13675431425408,13675431532609,13675433404441,2.134376,0.107201,1.871832,960
live,365,13675441270065,13675441415229,13675441489470,13675443325877,2.055812,0.074241,1.836407,960
live,366,13675451270065,13675451413145,13675451488890,13675453320369,2.050304,0.075745,1.831479,960
live,367,13675461270065,13675461411670,13675461484631,13675462474883,1.204818,0.072961,0.990252,960
live,368,13675471270065,13675471407059,13675471477140,13675472425792,1.155727,0.070081,0.948652,960
live,369,13675481270065,13675481414032,13675481499857,13675482477021,1.206956,0.085825,0.977164,960
live,370,13675491270065,13675491414060,13675491497837,13675492451129,1.181064,0.083777,0.953292,960
live,371,13675501270065,13675501411913,13675501488554,13675502401557,1.131492,0.076641,0.913003,960
live,372,13675511270065,13675511411430,13675511488231,13675512416306,1.146241,0.076801,0.928075,960
live,373,13675521270065,13675521408643,13675521492676,13675522397103,1.127038,0.084033,0.904427,960
live,374,13675531270065,13675531411583,13675531498304,13675532481165,1.2111,0.086721,0.982861,960
live,375,13675541270065,13675541411964,13675541497405,13675542412745,1.14268,0.085441,0.91534,960
live,376,13675551270065,13675551410873,13675551497146,13675552442566,1.172501,0.086273,0.94542,960
live,377,13675561270065,13675561414806,13675561482518,13675562382690,1.112625,0.067712,0.900172,960
live,378,13675571270065,13675571487155,13675571611957,13675572856196,1.586131,0.124802,1.244239,960
live,379,13675581270065,13675581458768,13675581575697,13675582976931,1.706866,0.116929,1.401234,960
live,380,13675591270065,13675591502573,13675591609326,13675593873066,2.603001,0.106753,2.26374,960
live,381,13675601270065,13675601469097,13675601566826,13675602532310,1.262245,0.097729,0.965484,960
live,382,13675611270065,13675611425957,13675611514822,13675612805751,1.535686,0.088865,1.290929,960
live,383,13675621270065,13675621414466,13675621487235,13675622736242,1.466177,0.072769,1.249007,960
live,384,13675631270065,13675631421279,13675631513504,13675632845617,1.575552,0.092225,1.332113,960
live,385,13675641270065,13675641411547,13675641493692,13675642422728,1.152663,0.082145,0.929036,960
live,386,13675651270065,13675651406904,13675651484089,13675652406597,1.136532,0.077185,0.922508,960
live,387,13675661270065,13675661413045,13675661492822,13675662391265,1.1212,0.079777,0.898443,960
live,388,13675671270065,13675671409170,13675671477106,13675672398398,1.128333,0.067936,0.921292,960
live,389,13675681270065,13675681411438,13675681508592,13675682470332,1.200267,0.097154,0.96174,960
live,390,13675691270065,13675691412875,13675691486956,13675692422552,1.152487,0.074081,0.935596,960
live,391,13675701270065,13675701404520,13675701487785,13675702713944,1.443879,0.083265,1.226159,960
live,392,13675711270065,13675711408485,13675711477893,13675712758965,1.4889,0.069408,1.281072,960
live,393,13675721270065,13675721412353,13675721496770,13675722760562,1.490497,0.084417,1.263792,960
live,394,13675731270065,13675731415582,13675731519263,13675732876048,1.605983,0.103681,1.356785,960
live,395,13675741270065,13675741416827,13675741499420,13675742421191,1.151126,0.082593,0.921771,960
live,396,13675751270065,13675751402295,13675751479832,13675752403204,1.133139,0.077537,0.923372,960
live,397,13675761270065,13675761404148,13675761484341,13675762709860,1.439795,0.080193,1.225519,960
live,398,13675771270065,13675771405457,13675771473586,13675772396349,1.126284,0.068129,0.922763,960
live,399,13675781270065,13675781719186,13675782101014,13675783188292,1.918227,0.381828,1.087278,960
live,400,13675791270065,13675791444331,13675792054098,13675795265275,3.99521,0.609767,3.211177,960
live,401,13675801270065,13675801457960,13675801621802,13675802843641,1.573576,0.163842,1.221839,960
live,402,13675811270065,13675811466405,13675811582342,13675812614067,1.344002,0.115937,1.031725,960
live,403,13675821270065,13675821456417,13675821564419,13675822565551,1.295486,0.108002,1.001132,960
live,404,13675831270065,13675831452798,13675831551167,13675833235636,1.965571,0.098369,1.684469,960
live,405,13675841270065,13675841426394,13675841518331,13675843311538,2.041473,0.091937,1.793207,960
live,406,13675851270065,13675851419895,13675851506936,13675853314063,2.043998,0.087041,1.807127,960
live,407,13675861270065,13675861408244,13675861492757,13675863320875,2.05081,0.084513,1.828118,960
live,408,13675871270065,13675871406576,13675871489393,13675873322120,2.052055,0.082817,1.832727,960
live,409,13675881270065,13675881404717,13675881489294,13675883301989,2.031924,0.084577,1.812695,960
live,410,13675891270065,13675891406250,13675891505995,13675893381698,2.111633,0.099745,1.875703,960
live,411,13675901270065,13675901407942,13675901480007,13675903314494,2.044429,0.072065,1.834487,960
live,412,13675911270065,13675911403235,13675911476932,13675913300283,2.030218,0.073697,1.823351,960
live,413,13675921270065,13675921411680,13675921501345,13675923306424,2.036359,0.089665,1.805079,960
live,414,13675931270065,13675931410301,13675931481182,13675933310708,2.040643,0.070881,1.829526,960
live,415,13675941270065,13675941406905,13675941503803,13675943643509,2.373444,0.096898,2.139706,960
live,416,13675951270065,13675951415286,13675951489751,13675953303982,2.033917,0.074465,1.814231,960
live,417,13675961270065,13675961402163,13675961472084,13675963314155,2.04409,0.069921,1.842071,960
live,418,13675971270065,13675971405520,13675971490001,13675972538398,1.268333,0.084481,1.048397,960
live,419,13675981270065,13675981403852,13675981472301,13675982383385,1.11332,0.068449,0.911084,960
live,420,13675991270065,13675991415593,13675991503402,13675993728390,2.458325,0.087809,2.224988,960
live,421,13676001270065,13676001416902,13676001496327,13676002407506,1.137441,0.079425,0.911179,960
live,422,13676011270065,13676011405667,13676011487300,13676012417935,1.14787,0.081633,0.930635,960
live,423,13676021270065,13676021411743,13676021503136,13676022420300,1.150235,0.091393,0.917164,960
live,424,13676031270065,13676031413436,13676031500093,13676032465865,1.1958,0.086657,0.965772,960
live,425,13676041270065,13676041417721,13676041518234,13676042459526,1.189461,0.100513,0.941292,960
live,426,13676051270065,13676051434070,13676051521431,13676052487875,1.21781,0.087361,0.966444,960
live,427,13676061270065,13676061423922,13676061505811,13676062415615,1.14555,0.081889,0.909804,960
live,428,13676071270065,13676071415503,13676071495600,13676072407195,1.13713,0.080097,0.911595,960
live,429,13676081270065,13676081412908,13676081481805,13676082363640,1.093575,0.068897,0.881835,960
live,430,13676091270065,13676091409960,13676091482345,13676092498998,1.228933,0.072385,1.016653,960
live,431,13676101270065,13676101447718,13676101863883,13676103742498,2.472433,0.416165,1.878615,960
live,432,13676111270065,13676111408610,13676111494211,13676113318970,2.048905,0.085601,1.824759,960
live,433,13676121270065,13676121415999,13676121513280,13676123364439,2.094374,0.097281,1.851159,960
live,434,13676131270065,13676131411931,13676131497372,13676133307571,2.037506,0.085441,1.810199,960
live,435,13676141270065,13676141411576,13676141499737,13676143356272,2.086207,0.088161,1.856535,960
live,436,13676151270065,13676151412757,13676151488918,13676153404590,2.134525,0.076161,1.915672,960
live,437,13676161270065,13676161411282,13676161498035,13676163349226,2.079161,0.086753,1.851191,960
live,438,13676171270065,13676171409998,13676171497935,13676173321798,2.051733,0.087937,1.823863,960
live,439,13676181270065,13676181411435,13676181489900,13676183337219,2.067154,0.078465,1.847319,960
live,440,13676191270065,13676191421480,13676191516777,13676194630320,3.360255,0.095297,3.113543,960
live,441,13676201270065,13676201422821,13676201503526,13676203361181,2.091116,0.080705,1.857655,960
live,442,13676211270065,13676211410497,13676211498722,13676213390970,2.120905,0.088225,1.892248,960
live,443,13676221270065,13676221407774,13676221508127,13676223364886,2.094821,0.100353,1.856759,960
live,444,13676231270065,13676231418075,13676231510172,13676233312210,2.042145,0.092097,1.802038,960
live,445,13676241270065,13676241533401,13676241625306,13676243468913,2.198848,0.091905,1.843607,960
live,446,13676251270065,13676251412852,13676251502773,13676253381293,2.111228,0.089921,1.87852,960
live,447,13676261270065,13676261417841,13676261519794,13676263382985,2.11292,0.101953,1.863191,960
live,448,13676271270065,13676271430510,13676271527375,13676273406695,2.13663,0.096865,1.87932,960
live,449,13676281270065,13676281418154,13676281507372,13676283303042,2.032977,0.089218,1.79567,960
live,450,13676291270065,13676291415367,13676291501224,13676293646531,2.376466,0.085857,2.145307,960
live,451,13676301270065,13676301416292,13676301510117,13676303373116,2.103051,0.093825,1.862999,960
live,452,13676311270065,13676311413665,13676311489730,13676313306072,2.036007,0.076065,1.816342,960
live,453,13676321270065,13676321408669,13676321484254,13676323300341,2.030276,0.075585,1.816087,960
live,454,13676331270065,13676331412250,13676331505339,13676333629398,2.359333,0.093089,2.124059,960
live,455,13676341270065,13676341406519,13676341487992,13676343611570,2.341505,0.081473,2.123578,960
live,456,13676351270065,13676351455252,13676351544213,13676353379276,2.109211,0.088961,1.835063,960
live,457,13676361270065,13676361435249,13676361522898,13676363341128,2.071063,0.087649,1.81823,960
live,458,13676371270065,13676371411309,13676371497518,13676373319461,2.049396,0.086209,1.821943,960
live,459,13676381270065,13676381408202,13676381494411,13676383609061,2.338996,0.086209,2.11465,960
live,460,13676391270065,13676391408262,13676391495911,13676394770032,3.499967,0.087649,3.274121,960
live,461,13676401270065,13676401417443,13676401508068,13676403351131,2.081066,0.090625,1.843063,960
live,462,13676411270065,13676411410624,13676411506785,13676413324440,2.054375,0.096161,1.817655,960
live,463,13676421270065,13676421413501,13676421502750,13676423314420,2.044355,0.089249,1.81167,960
live,464,13676431270065,13676431406169,13676431513659,13676433339217,2.069152,0.10749,1.825558,960
live,465,13676441270065,13676441415254,13676441507191,13676443337390,2.067325,0.091937,1.830199,960
live,466,13676451270065,13676451412403,13676451499572,13676453330347,2.060282,0.087169,1.830775,960
live,467,13676461270065,13676461408624,13676461509393,13676463323655,2.05359,0.100769,1.814262,960
live,468,13676471270065,13676471411788,13676471486189,13676473277604,2.007539,0.074401,1.791415,960
live,469,13676481270065,13676481409353,13676481494282,13676482499639,1.229574,0.084929,1.005357,960
live,470,13676491270065,13676491422278,13676491511719,13676492487763,1.217698,0.089441,0.976044,960
live,471,13676501270065,13676501418755,13676501505764,13676502444175,1.17411,0.087009,0.938411,960
live,472,13676511270065,13676511411935,13676511491200,13676512435852,1.165787,0.079265,0.944652,960
live,473,13676521270065,13676521410876,13676521489661,13676522386120,1.116055,0.078785,0.896459,960
live,474,13676531270065,13676531413689,13676531496282,13676532427973,1.157908,0.082593,0.931691,960
live,475,13676541270065,13676541417365,13676541501207,13676542396354,1.126289,0.083842,0.895147,960
live,476,13676551270065,13676551414098,13676551496979,13676552462815,1.19275,0.082881,0.965836,960
live,477,13676561270065,13676561416143,13676561497424,13676562387739,1.117674,0.081281,0.890315,960
live,478,13676571270065,13676571410476,13676571491341,13676572416792,1.146727,0.080865,0.925451,960
live,479,13676581270065,13676581413480,13676581482537,13676582372788,1.102723,0.069057,0.890251,960
live,480,13676591270065,13676591415013,13676591482502,13676593639265,2.3692,0.067489,2.156763,960
live,481,13676601270065,13676601419010,13676601501731,13676602428238,1.158173,0.082721,0.926507,960
live,482,13676611270065,13676611413759,13676611485471,13676612410571,1.140506,0.071712,0.9251,960
live,483,13676621270065,13676621415483,13676621483100,13676622364423,1.094358,0.067617,0.881323,960
live,484,13676631270065,13676631405464,13676631457177,13676631879070,0.609005,0.051713,0.421893,960
live,485,13676641270065,13676641419413,13676641750233,13676643236683,1.966618,0.33082,1.48645,960
live,486,13676651270065,13676651432146,13676651813750,13676653766735,2.49667,0.381604,1.952985,960
live,487,13676661270065,13676661411054,13676661491887,13676662979394,1.709329,0.080833,1.487507,960
live,488,13676671270065,13676671403147,13676671503564,13676673022495,1.75243,0.100417,1.518931,960
live,489,13676681270065,13676681413192,13676681503465,13676683349024,2.078959,0.090273,1.845559,960
live,490,13676691270065,13676691410340,13676691483205,13676693309916,2.039851,0.072865,1.826711,960
live,491,13676701270065,13676701451778,13676701563107,13676702952532,1.682467,0.111329,1.389425,960
live,492,13676711270065,13676711432222,13676711525471,13676713438519,2.168454,0.093249,1.913048,960
live,493,13676721270065,13676721434427,13676721535708,13676723402163,2.132098,0.101281,1.866455,960
live,494,13676731270065,13676731425559,13676731516825,13676733364144,2.094079,0.091266,1.847319,960
live,495,13676741270065,13676741416084,13676741507413,13676743333068,2.063003,0.091329,1.825655,960
live,496,13676751270065,13676751558227,13676751673620,13676753863535,2.59347,0.115393,2.189915,960
live,497,13676761270065,13676761440078,13676761537679,13676763644041,2.373976,0.097601,2.106362,960
live,498,13676771270065,13676771423210,13676771513996,13676773342594,2.072529,0.090786,1.828598,960
live,499,13676781270065,13676781413991,13676781518984,13676783602562,2.332497,0.104993,2.083578,960
live,500,13676791270065,13676791411684,13676791500421,13676795061937,3.791872,0.088737,3.561516,960
live,501,13676801270065,13676801415488,13676801497761,13676803878879,2.608814,0.082273,2.381118,960
live,502,13676811270065,13676811416637,13676811503774,13676813344309,2.074244,0.087137,1.840535,960
live,503,13676821270065,13676821421498,13676821503867,13676823329106,2.059041,0.082369,1.825239,960
live,504,13676831270065,13676831409879,13676831493784,13676833313678,2.043613,0.083905,1.819894,960
live,505,13676841270065,13676841409011,13676841490356,13676843308075,2.03801,0.081345,1.817719,960
live,506,13676851270065,13676851417808,13676851507793,13676853339752,2.069687,0.089985,1.831959,960
live,507,13676861270065,13676861412845,13676861505134,13676863320261,2.050196,0.092289,1.815127,960
live,508,13676871270065,13676871412298,13676871494347,13676873305601,2.035536,0.082049,1.811254,960
live,509,13676881270065,13676881412198,13676881514920,13676883328222,2.058157,0.102722,1.813302,960
live,510,13676891270065,13676891411203,13676891494404,13676893316507,2.046442,0.083201,1.822103,960
live,511,13676901270065,13676901410176,13676901485473,13676903275895,2.00583,0.075297,1.790422,960
live,512,13676911270065,13676911410204,13676911499614,13676913334676,2.064611,0.08941,1.835062,960
live,513,13676921270065,13676921414457,13676921508346,13676922777738,1.507673,0.093889,1.269392,960
live,514,13676931270065,13676931418326,13676931495383,13676932567588,1.297523,0.077057,1.072205,960
live,515,13676941270065,13676941415891,13676941519028,13676942819940,1.549875,0.103137,1.300912,960
live,516,13676951270065,13676951434192,13676951525265,13676952836545,1.56648,0.091073,1.31128,960
live,517,13676961270065,13676961433548,13676961520461,13676962844798,1.574733,0.086913,1.324337,960
live,518,13676971270065,13676971419881,13676971505066,13676972791194,1.521129,0.085185,1.286128,960
live,519,13676981270065,13676981418886,13676981489799,13676982730262,1.460197,0.070913,1.240463,960
live,520,13676991270065,13676991409378,13676991483875,13676994036131,2.766066,0.074497,2.552256,960
live,521,13677001270065,13677001410527,13677001500160,13677002788240,1.518175,0.089633,1.28808,960
live,522,13677011270065,13677011415580,13677011507453,13677012915023,1.644958,0.091873,1.40757,960
live,523,13677021270065,13677021422009,13677021503866,13677022767497,1.497432,0.081857,1.263631,960
live,524,13677031270065,13677031409013,13677031488694,13677032456770,1.186705,0.079681,0.968076,960
live,525,13677041270065,13677041414034,13677041486739,13677042736546,1.466481,0.072705,1.249807,960
live,526,13677051270065,13677051415855,13677051486896,13677052748863,1.478798,0.071041,1.261967,960
live,527,13677061270065,13677061419564,13677061507725,13677062828509,1.558444,0.088161,1.320784,960
live,528,13677071270065,13677071416232,13677071498249,13677072770585,1.50052,0.082017,1.272336,960
live,529,13677081270065,13677081414917,13677081487750,13677082726325,1.45626,0.072833,1.238575,960
live,530,13677091270065,13677091408514,13677091486627,13677092745586,1.475521,0.078113,1.258959,960
live,531,13677101270065,13677101409054,13677101476991,13677102713615,1.44355,0.067937,1.236624,960
live,532,13677111270065,13677111456060,13677111542877,13677112860397,1.590332,0.086817,1.31752,960
live,533,13677121270065,13677121438264,13677121517017,13677122767497,1.497432,0.078753,1.25048,960
live,534,13677131270065,13677131429941,13677131512246,13677132787494,1.517429,0.082305,1.275248,960
live,535,13677141270065,13677141412913,13677141482162,13677142711457,1.441392,0.069249,1.229295,960
live,536,13677151270065,13677151411630,13677151482703,13677152732734,1.462669,0.071073,1.250031,960
live,537,13677161270065,13677161814800,13677161934545,13677162955454,1.685389,0.119745,1.020909,960
live,538,13677171270065,13677171457192,13677171557673,13677172577526,1.307461,0.100481,1.019853,960
live,539,13677181270065,13677181433956,13677181521350,13677182433841,1.163776,0.087394,0.912491,960
live,540,13677191270065,13677191420929,13677191506690,13677194049762,2.779697,0.085761,2.543072,960
live,541,13677201270065,13677201417662,13677201493983,13677202416298,1.146233,0.076321,0.922315,960
live,542,13677211270065,13677211416538,13677211500795,13677213270962,2.000897,0.084257,1.770167,960
live,543,13677221270065,13677221420439,13677221500600,13677222444228,1.174163,0.080161,0.943628,960
live,544,13677231270065,13677231415444,13677231495637,13677232448673,1.178608,0.080193,0.953036,960
live,545,13677241270065,13677241411601,13677241491570,13677242389789,1.119724,0.079969,0.898219,960
live,546,13677251270065,13677251414445,13677251511759,13677252452474,1.182409,0.097314,0.940715,960
live,547,13677261270065,13677261417226,13677261485515,13677262373462,1.103397,0.068289,0.887947,960
live,548,13677271270065,13677271413991,13677271493960,13677272461588,1.191523,0.079969,0.967628,960
live,549,13677281270065,13677281416772,13677281493348,13677282390736,1.120671,0.076576,0.897388,960
live,550,13677291270065,13677291408064,13677291484289,13677292421517,1.151452,0.076225,0.937228,960
live,551,13677301270065,13677301410269,13677301485694,13677302377993,1.107928,0.075425,0.892299,960
live,552,13677311270065,13677311411930,13677311479163,13677312411430,1.141365,0.067233,0.932267,960
live,553,13677321270065,13677321413430,13677321497463,13677322413539,1.143474,0.084033,0.916076,960
live,554,13677331270065,13677331418227,13677331482708,13677332413632,1.143567,0.064481,0.930924,960
live,555,13677341270065,13677341404016,13677341482033,13677342393244,1.123179,0.078017,0.911211,960
live,556,13677351270065,13677351407853,13677351485358,13677352408473,1.138408,0.077505,0.923115,960
live,557,13677361270065,13677361409097,13677361493674,13677362396822,1.126757,0.084577,0.903148,960
live,558,13677371270065,13677371426278,13677371520071,13677372543540,1.273475,0.093793,1.023469,960
live,559,13677381270065,13677381423043,13677381492420,13677382442032,1.171967,0.069377,0.949612,960
live,560,13677391270065,13677391414624,13677391487360,13677393704092,2.434027,0.072736,2.216732,960
live,561,13677401270065,13677401462749,13677401588190,13677402534506,1.264441,0.125441,0.946316,960
live,562,13677411270065,13677411437945,13677411534522,13677412488934,1.218869,0.096577,0.954412,960
live,563,13677421270065,13677421433078,13677421522199,13677422462531,1.192466,0.089121,0.940332,960
live,564,13677431270065,13677431424499,13677431494867,13677432433119,1.163054,0.070368,0.938252,960
live,565,13677441270065,13677441412591,13677441484912,13677442385851,1.115786,0.072321,0.900939,960
live,566,13677451270065,13677451413580,13677451492461,13677452414680,1.144615,0.078881,0.922219,960
live,567,13677461270065,13677461411049,13677461494378,13677462376533,1.106468,0.083329,0.882155,960
live,568,13677471270065,13677471417733,13677471499142,13677472454482,1.184417,0.081409,0.95534,960
live,569,13677481270065,13677481421794,13677481496995,13677482402126,1.132061,0.075201,0.905131,960
live,570,13677491270065,13677491413983,13677491483424,13677492409003,1.138938,0.069441,0.925579,960
live,571,13677501270065,13677501411803,13677501487260,13677502376392,1.106327,0.075457,0.889132,960
live,572,13677511270065,13677511407800,13677511488889,13677512422853,1.152788,0.081089,0.933964,960
live,573,13677521270065,13677521411221,13677521499382,13677522422306,1.152241,0.088161,0.922924,960
live,574,13677531270065,13677531421778,13677531503859,13677532431870,1.161805,0.082081,0.928011,960
live,575,13677541270065,13677541411118,13677541476943,13677542364762,1.094697,0.065825,0.887819,960
live,576,13677551270065,13677551412779,13677551481036,13677552397559,1.127494,0.068257,0.916523,960
live,577,13677561270065,13677561407912,13677561484425,13677562383572,1.113507,0.076513,0.899147,960
live,578,13677571270065,13677571409989,13677571496678,13677572444370,1.174305,0.086689,0.947692,960
live,579,13677581270065,13677581417121,13677581499522,13677582390926,1.120861,0.082401,0.891404,960
live,580,13677591270065,13677591412990,13677591494463,13677593606361,2.336296,0.081473,2.111898,960
live,581,13677601270065,13677601415867,13677601486396,13677602382695,1.11263,0.070529,0.896299,960
live,582,13677611270065,13677611413016,13677611485496,13677612432068,1.162003,0.07248,0.946572,960
live,583,13677621270065,13677621438357,13677621536182,13677622481986,1.211921,0.097825,0.945804,960
live,584,13677631270065,13677631437553,13677631531250,13677632483678,1.213613,0.093697,0.952428,960
live,585,13677641270065,13677641425006,13677641510383,13677642406074,1.136009,0.085377,0.895691,960
live,586,13677651270065,13677651419563,13677651501996,13677652428567,1.158502,0.082433,0.926571,960
live,587,13677661270065,13677661417255,13677661494568,13677662380403,1.110338,0.077313,0.885835,960
live,588,13677671270065,13677671499429,13677671597190,13677673159546,1.889481,0.097761,1.562356,960
live,589,13677681270065,13677681425473,13677681513250,13677682743601,1.473536,0.087777,1.230351,960
live,590,13677691270065,13677691418077,13677691500446,13677692752302,1.482237,0.082369,1.251856,960
live,591,13677701270065,13677701413338,13677701491611,13677702379974,1.109909,0.078273,0.888363,960
live,592,13677711270065,13677711415127,13677711498360,13677712416387,1.146322,0.083233,0.918027,960
live,593,13677721270065,13677721415732,13677721492405,13677722369663,1.099598,0.076673,0.877258,960
live,594,13677731270065,13677731416592,13677731493873,13677732435613,1.165548,0.077281,0.94174,960
live,595,13677741270065,13677741407949,13677741492622,13677742377273,1.107208,0.084673,0.884651,960
live,596,13677751270065,13677751408586,13677751488875,13677752399414,1.129349,0.080289,0.910539,960
live,597,13677761270065,13677761409446,13677761488775,13677762379283,1.109218,0.079329,0.890508,960
live,598,13677771270065,13677771413315,13677771480580,13677772399728,1.129663,0.067265,0.919148,960
live,599,13677781270065,13677781411808,13677781489985,13677782378636,1.108571,0.078177,0.888651,960
live,600,13677791270065,13677791410397,13677791493694,13677793636632,2.366567,0.083297,2.142938,960
live,601,13677801270065,13677801412761,13677801493626,13677802397862,1.127797,0.080865,0.904236,960
live,602,13677811270065,13677811410390,13677811486455,13677812414435,1.14437,0.076065,0.92798,960
live,603,13677821270065,13677821415059,13677821495508,13677822387359,1.117294,0.080449,0.891851,960
live,604,13677831270065,13677831416656,13677831492433,13677832539902,1.269837,0.075777,1.047469,960
live,605,13677841270065,13677841409676,13677841490413,13677842798014,1.527949,0.080737,1.307601,960
live,606,13677851270065,13677851414569,13677851500426,13677852483094,1.213029,0.085857,0.982668,960
live,607,13677861270065,13677861443430,13677861537447,13677862465043,1.194978,0.094017,0.927596,960
live,608,13677871270065,13677871423907,13677871496516,13677872422639,1.152574,0.072609,0.926123,960
live,609,13677881270065,13677881459168,13677881551201,13677882475436,1.205371,0.092033,0.924235,960
live,610,13677891270065,13677891448380,13677891523581,13677892452713,1.182648,0.075201,0.929132,960
live,611,13677901270065,13677901416057,13677901497370,13677902715113,1.445048,0.081313,1.217743,960
live,612,13677911270065,13677911412949,13677911497750,13677912759718,1.489653,0.084801,1.261968,960
live,613,13677921270065,13677921412530,13677921493427,13677922709826,1.439761,0.080897,1.216399,960
live,614,13677931270065,13677931421583,13677931500208,13677932764640,1.494575,0.078625,1.264432,960
live,615,13677941270065,13677941415660,13677941483852,13677942712988,1.442923,0.068192,1.229136,960
live,616,13677951270065,13677951414920,13677951483753,13677952743801,1.473736,0.068833,1.260048,960
live,617,13677961270065,13677961410917,13677961494246,13677962700885,1.43082,0.083329,1.206639,960
live,618,13677971270065,13677971410658,13677971493347,13677972719858,1.449793,0.082689,1.226511,960
live,619,13677981270065,13677981415871,13677981498528,13677982751631,1.481566,0.082657,1.253103,960
live,620,13677991270065,13677991420027,13677991489180,13677993961659,2.691594,0.069153,2.472479,960
live,621,13678001270065,13678001417080,13678001491769,13678002709352,1.439287,0.074689,1.217583,960
live,622,13678011270065,13678011476629,13678011570839,13678012275967,1.005902,0.09421,0.705128,960
live,623,13678021270065,13678021427474,13678021498290,13678022152123,0.882058,0.070816,0.653833,960
live,624,13678031270065,13678031422734,13678031496975,13678032279641,1.009576,0.074241,0.782666,960
live,625,13678041270065,13678041425643,13678041509516,13678042445208,1.175143,0.083873,0.935692,960
live,626,13678051270065,13678051420648,13678051499369,13678052443028,1.172963,0.078721,0.943659,960
live,627,13678061270065,13678061432133,13678061503781,13678062424625,1.15456,0.071648,0.920844,960
live,628,13678071270065,13678071419489,13678071509282,13678072447758,1.177693,0.089793,0.938476,960
live,629,13678081270065,13678081422590,13678081512031,13678082472843,1.202778,0.089441,0.960812,960
live,630,13678091270065,13678091421339,13678091510620,13678092462248,1.192183,0.089281,0.951628,960
live,631,13678101270065,13678101417623,13678101487128,13678102394147,1.124082,0.069505,0.907019,960
live,632,13678111270065,13678111422644,13678111493237,13678112416096,1.146031,0.070593,0.922859,960
live,633,13678121270065,13678121412721,13678121491730,13678122381341,1.111276,0.079009,0.889611,960
live,634,13678131270065,13678131415053,13678131497134,13678132427002,1.156937,0.082081,0.929868,960
live,635,13678141270065,13678141415658,13678141498251,13678142387510,1.117445,0.082593,0.889259,960
live,636,13678151270065,13678151412007,13678151490408,13678152414579,1.144514,0.078401,0.924171,960
live,637,13678161270065,13678161415428,13678161483396,13678162374864,1.104799,0.067968,0.891468,960
live,638,13678171270065,13678171412992,13678171480353,13678172401901,1.131836,0.067361,0.921548,960
live,639,13678181270065,13678181523102,13678181628960,13678183093618,1.823553,0.105858,1.464658,960
live,640,13678191270065,13678191418906,13678191497211,13678193686550,2.416485,0.078305,2.189339,960
live,641,13678201270065,13678201411062,13678201503800,13678202395011,1.124946,0.092738,0.891211,960
live,642,13678211270065,13678211417107,13678211485364,13678212715523,1.445458,0.068257,1.230159,960
live,643,13678221270065,13678221416304,13678221485521,13678222702784,1.432719,0.069217,1.217263,960
live,644,13678231270065,13678231417773,13678231486670,13678232957440,1.687375,0.068897,1.47077,960
live,645,13678241270065,13678241415881,13678241490826,13678242402230,1.132165,0.074945,0.911404,960
live,646,13678251270065,13678251414502,13678251494055,13678252416371,1.146306,0.079553,0.922316,960
live,647,13678261270065,13678261415939,13678261493860,13678262383599,1.113534,0.077921,0.889739,960
live,648,13678271270065,13678271415616,13678271482656,13678272382284,1.112219,0.06704,0.899628,960
live,649,13678281270065,13678281417116,13678281483933,13678282366472,1.096407,0.066817,0.882539,960
live,650,13678291270065,13678291587611,13678291792158,13678293070510,1.800445,0.204547,1.278352,960
live,651,13678301270065,13678301462358,13678301568920,13678302584676,1.314611,0.106562,1.015756,960
live,652,13678311270065,13678311444147,13678311542484,13678312531936,1.261871,0.098337,0.989452,960
live,653,13678321270065,13678321431759,13678321514352,13678322438204,1.168139,0.082593,0.923852,960
live,654,13678331270065,13678331425708,13678331497165,13678332742012,1.471947,0.071457,1.244847,960
live,655,13678341270065,13678341419209,13678341499946,13678342743577,1.473512,0.080737,1.243631,960
live,656,13678351270065,13678351421573,13678351502822,13678352446130,1.176065,0.081249,0.943308,960
live,657,13678361270065,13678361421122,13678361499171,13678362401678,1.131613,0.078049,0.902507,960
live,658,13678371270065,13678371414687,13678371507968,13678372439756,1.169691,0.093281,0.931788,960
live,659,13678381270065,13678381417308,13678381484636,13678382374408,1.104343,0.067328,0.889772,960
live,660,13678391270065,13678391417400,13678391485977,13678393769046,2.498981,0.068577,2.283069,960
live,661,13678401270065,13678401413301,13678401495254,13678402413921,1.143856,0.081953,0.918667,960
live,662,13678411270065,13678411414738,13678411493331,13678412433470,1.163405,0.078593,0.940139,960
live,663,13678421270065,13678421415502,13678421506960,13678422719519,1.449454,0.091458,1.212559,960
live,664,13678431270065,13678431415307,13678431494956,13678432764252,1.494187,0.079649,1.269296,960
live,665,13678441270065,13678441416200,13678441510185,13678442776985,1.50692,0.093985,1.2668,960
live,666,13678451270065,13678451416805,13678451490278,13678452729941,1.459876,0.073473,1.239663,960
live,667,13678461270065,13678461416193,13678461496994,13678462406414,1.136349,0.080801,0.90942,960
live,668,13678471270065,13678471416734,13678471496767,13678472411915,1.14185,0.080033,0.915148,960
live,669,13678481270065,13678481411099,13678481496348,13678482394343,1.124278,0.085249,0.897995,960
live,670,13678491270065,13678491418744,13678491494233,13678492442628,1.172563,0.075489,0.948395,960
live,671,13678501270065,13678501412724,13678501477141,13678502377248,1.107183,0.064417,0.900107,960
live,672,13678511270065,13678511412337,13678511483634,13678512450942,1.180877,0.071297,0.967308,960
live,673,13678521270065,13678521418158,13678521502287,13678522392250,1.122185,0.084129,0.889963,960
live,674,13678531270065,13678531421035,13678531518572,13678532741659,1.471594,0.097537,1.223087,960
live,675,13678541270065,13678541435975,13678541518376,13678542764024,1.493959,0.082401,1.245648,960
live,676,13678551270065,13678551423428,13678551493989,13678552425073,1.155008,0.070561,0.931084,960
live,677,13678561270065,13678561416481,13678561486530,13678562369645,1.09958,0.070049,0.883115,960
live,678,13678571270065,13678571417245,13678571493118,13678572418218,1.148153,0.075873,0.9251,960
live,679,13678581270065,13678581417882,13678581485211,13678582369958,1.099893,0.067329,0.884747,960
live,680,13678591270065,13678591586521,13678591672794,13678593882550,2.612485,0.086273,2.209756,960
live,681,13678601270065,13678601424116,13678601508789,13678602482049,1.211984,0.084673,0.97326,960
live,682,13678611270065,13678611424112,13678611505521,13678612477438,1.207373,0.081409,0.971917,960
live,683,13678621270065,13678621421901,13678621490670,13678622387705,1.11764,0.068769,0.897035,960
live,684,13678631270065,13678631414122,13678631494667,13678632458199,1.188134,0.080545,0.963532,960
live,685,13678641270065,13678641460071,13678641556328,13678643289790,2.019725,0.096257,1.733462,960
live,686,13678651270065,13678651447044,13678651527301,13678652462512,1.192447,0.080257,0.935211,960
live,687,13678661270065,13678661421248,13678661490337,13678662720016,1.449951,0.069089,1.229679,960
live,688,13678671270065,13678671415645,13678671484189,13678672713229,1.443164,0.068544,1.22904,960
live,689,13678681270065,13678681410425,13678681492794,13678682390118,1.120053,0.082369,0.897324,960
live,690,13678691270065,13678691414198,13678691492727,13678692430115,1.16005,0.078529,0.937388,960
live,691,13678701270065,13678701420947,13678701503572,13678702414591,1.144526,0.082625,0.911019,960
live,692,13678711270065,13678711424944,13678711492849,13678712430332,1.160267,0.067905,0.937483,960
live,693,13678721270065,13678721415564,13678721483213,13678722378296,1.108231,0.067649,0.895083,960
live,694,13678731270065,13678731415081,13678731481194,13678732401269,1.131204,0.066113,0.920075,960
live,695,13678741270065,13678741444358,13678741570600,13678742938073,1.668008,0.126242,1.367473,960
live,696,13678751270065,13678751471875,13678751603173,13678753097847,1.827782,0.131298,1.494674,960
live,697,13678761270065,13678761487808,13678761615778,13678762987827,1.717762,0.12797,1.372049,960
live,698,13678771270065,13678771433500,13678771528061,13678772519434,1.249369,0.094561,0.991373,960
live,699,13678781270065,13678781468665,13678781887775,13678782981004,1.710939,0.41911,1.093229,960
live,700,13678791270065,13678791472406,13678791901211,13678794275961,3.005896,0.428805,2.37475,960
live,701,13678801270065,13678801446706,13678801850423,13678803770447,2.500382,0.403717,1.920024,960
live,702,13678811270065,13678811447471,13678811842420,13678813824941,2.554876,0.394949,1.982521,960
live,703,13678821270065,13678821449004,13678821854033,13678823770089,2.500024,0.405029,1.916056,960
live,704,13678831270065,13678831441385,13678831834573,13678833755365,2.4853,0.393188,1.920792,960
live,705,13678841270065,13678841416197,13678841492518,13678843303325,2.03326,0.076321,1.810807,960
live,706,13678851270065,13678851423490,13678851521219,13678853377466,2.107401,0.097729,1.856247,960
live,707,13678861270065,13678861420958,13678861513856,13678863354199,2.084134,0.092898,1.840343,960
live,708,13678871270065,13678871416123,13678871490268,13678873306355,2.03629,0.074145,1.816087,960
live,709,13678881270065,13678881411832,13678881494937,13678883317872,2.047807,0.083105,1.822935,960
live,710,13678891270065,13678891414197,13678891492342,13678893298540,2.028475,0.078145,1.806198,960
live,711,13678901270065,13678901416945,13678901508978,13678903349769,2.079704,0.092033,1.840791,960
live,712,13678911270065,13678911419950,13678911521487,13678913347750,2.077685,0.101537,1.826263,960
live,713,13678921270065,13678921420043,13678921505836,13678923350435,2.08037,0.085793,1.844599,960
live,714,13678931270065,13678931414727,13678931500745,13678933327455,2.05739,0.086018,1.82671,960
live,715,13678941270065,13678941417316,13678941505765,13678943319644,2.049579,0.088449,1.813879,960
live,716,13678951270065,13678951420097,13678951510178,13678953409050,2.138985,0.090081,1.898872,960
live,717,13678961270065,13678961419902,13678961501631,13678963479703,2.209638,0.081729,1.978072,960
live,718,13678971270065,13678971414458,13678971504188,13678973428468,2.158403,0.08973,1.92428,960
live,719,13678981270065,13678981423255,13678981524696,13678982916138,1.646073,0.101441,1.391442,960
live,720,13678991270065,13678991421108,13678991507541,13678993744753,2.474688,0.086433,2.237212,960
live,721,13679001270065,13679001423953,13679001514130,13679002504446,1.234381,0.090177,0.990316,960
live,722,13679011270065,13679011418221,13679011497166,13679012455322,1.185257,0.078945,0.958156,960
live,723,13679021270065,13679021415818,13679021506315,13679022438423,1.168358,0.090497,0.932108,960
live,724,13679031270065,13679031412007,13679031489800,13679032432115,1.16205,0.077793,0.942315,960
live,725,13679041270065,13679041411715,13679041490756,13679042407344,1.137279,0.079041,0.916588,960
live,726,13679051270065,13679051416224,13679051501473,13679052471853,1.201788,0.085249,0.97038,960
live,727,13679061270065,13679061417597,13679061496094,13679062398441,1.128376,0.078497,0.902347,960
live,728,13679071270065,13679071413626,13679071496251,13679072419526,1.149461,0.082625,0.923275,960
live,729,13679081270065,13679081411222,13679081498583,13679082398115,1.12805,0.087361,0.899532,960
live,730,13679091270065,13679091416531,13679091497140,13679092422976,1.152911,0.080609,0.925836,960
live,731,13679101270065,13679101501169,13679101625458,13679103129701,1.859636,0.124289,1.504243,960
live,732,13679111270065,13679111413260,13679111494125,13679112434041,1.163976,0.080865,0.939916,960
live,733,13679121270065,13679121419561,13679121498442,13679122397109,1.127044,0.078881,0.898667,960
live,734,13679131270065,13679131411654,13679131498151,13679132420883,1.150818,0.086497,0.922732,960
live,735,13679141270065,13679141417059,13679141487428,13679142388015,1.11795,0.070369,0.900587,960
live,736,13679151270065,13679151415199,13679151485376,13679153231158,1.961093,0.070177,1.745782,960
live,737,13679161270065,13679161412860,13679161486653,13679162735405,1.46534,0.073793,1.248752,960
live,738,13679171270065,13679171431417,13679171836158,13679174106490,2.836425,0.404741,2.270332,960
live,739,13679181270065,13679181445174,13679181842715,13679183913877,2.643812,0.397541,2.071162,960
live,740,13679191270065,13679191472947,13679191963481,13679197300700,6.030635,0.490534,5.337219,960
live,741,13679201270065,13679201419183,13679201526800,13679203495017,2.224952,0.107617,1.968217,960
live,742,13679211270065,13679211431756,13679211538861,13679212771773,1.501708,0.107105,1.232912,960
live,743,13679221270065,13679221422217,13679221502314,13679222484918,1.214853,0.080097,0.982604,960
live,744,13679231270065,13679231409413,13679231478854,13679232452210,1.182145,0.069441,0.973356,960
live,745,13679241270065,13679241413506,13679241497603,13679242416622,1.146557,0.084097,0.919019,960
live,746,13679251270065,13679251414911,13679251492576,13679252750287,1.480222,0.077665,1.257711,960
live,747,13679261270065,13679261414139,13679261497596,13679262756204,1.486139,0.083457,1.258608,960
live,748,13679271270065,13679271414264,13679271498105,13679272770505,1.50044,0.083841,1.2724,960
live,749,13679281270065,13679281412181,13679281481046,13679282701221,1.431156,0.068865,1.220175,960
live,750,13679291270065,13679291408881,13679291488882,13679292421662,1.151597,0.080001,0.93278,960
live,751,13679301270065,13679301412014,13679301495791,13679302389242,1.119177,0.083777,0.893451,960
live,752,13679311270065,13679311418859,13679311504588,13679312461304,1.191239,0.085729,0.956716,960
live,753,13679321270065,13679321415368,13679321500105,13679322401204,1.131139,0.084737,0.901099,960
live,754,13679331270065,13679331412100,13679331489765,13679332658580,1.388515,0.077665,1.168815,960
live,755,13679341270065,13679341407809,13679341497570,13679342394989,1.124924,0.089761,0.897419,960
live,756,13679351270065,13679351414014,13679351491615,13679352412362,1.142297,0.077601,0.920747,960
live,757,13679361270065,13679361419355,13679361500476,13679362756107,1.486042,0.081121,1.255631,960
live,758,13679371270065,13679371416535,13679371484728,13679372762024,1.491959,0.068193,1.277296,960
live,759,13679381270065,13679381415316,13679381484085,13679382722692,1.452627,0.068769,1.238607,960
live,760,13679391270065,13679391416945,13679391485458,13679394017393,2.747328,0.068513,2.531935,960
live,761,13679401270065,13679401460590,13679401550063,13679402453530,1.183465,0.089473,0.903467,960
live,762,13679411270065,13679411450891,13679411557036,13679412744123,1.474058,0.106145,1.187087,960
live,763,13679421270065,13679421451239,13679421559305,13679422644374,1.374309,0.108066,1.085069,960
live,764,13679431270065,13679431428836,13679431534469,13679432550738,1.280673,0.105633,1.016269,960
live,765,13679441270065,13679441424001,13679441505282,13679442461133,1.191068,0.081281,0.955851,960
live,766,13679451270065,13679451424157,13679451513278,13679452483434,1.213369,0.089121,0.970156,960
live,767,13679461270065,13679461429658,13679461521147,13679462863564,1.593499,0.091489,1.342417,960
live,768,13679471270065,13679471425431,13679471512120,13679472813064,1.542999,0.086689,1.300944,960
live,769,13679481270065,13679481416691,13679481491092,13679482737956,1.467891,0.074401,1.246864,960
live,770,13679491270065,13679491413424,13679491483761,13679492441693,1.171628,0.070337,0.957932,960
live,771,13679501270065,13679501412877,13679501481646,13679502389273,1.119208,0.068769,0.907627,960
live,772,13679511270065,13679511415657,13679511507147,13679512554456,1.284391,0.09149,1.047309,960
live,773,13679521270065,13679521414310,13679521503847,13679522439123,1.169058,0.089537,0.935276,960
live,774,13679531270065,13679531414275,13679531493572,13679532446640,1.176575,0.079297,0.953068,960
live,775,13679541270065,13679541412640,13679541507425,13679542422988,1.152923,0.094785,0.915563,960
live,776,13679551270065,13679551413596,13679551481149,13679552406825,1.13676,0.067553,0.925676,960
live,777,13679561270065,13679561691548,13679561769117,13679563071886,1.801821,0.077569,1.302769,960
live,778,13679571270065,13679571413526,13679571497111,13679572783335,1.51327,0.083585,1.286224,960
live,779,13679581270065,13679581414610,13679581499860,13679582736131,1.466066,0.08525,1.236271,960
live,780,13679591270065,13679591413583,13679591495088,13679594031408,2.761343,0.081505,2.53632,960
live,781,13679601270065,13679601414092,13679601492141,13679602403928,1.133863,0.078049,0.911787,960
live,782,13679611270065,13679611414473,13679611483882,13679613153886,1.883821,0.069409,1.670004,960
live,783,13679621270065,13679621414757,13679621494342,13679623237308,1.967243,0.079585,1.742966,960
live,784,13679631270065,13679631411682,13679631494275,13679633255865,1.9858,0.082593,1.76159,960
live,785,13679641270065,13679641414175,13679641498400,13679643280342,2.010277,0.084225,1.781942,960
live,786,13679651270065,13679651415580,13679651509821,13679653300179,2.030114,0.094241,1.790358,960
live,787,13679661270065,13679661418904,13679661511353,13679663345648,2.075583,0.092449,1.834295,960
live,788,13679671270065,13679671423477,13679671521462,13679672613828,1.343763,0.097985,1.092366,960
live,789,13679681270065,13679681419282,13679681501651,13679682423006,1.152941,0.082369,0.921355,960
live,790,13679691270065,13679691416622,13679691497871,13679692445915,1.17585,0.081249,0.948044,960
live,791,13679701270065,13679701415179,13679701497580,13679702402935,1.13287,0.082401,0.905355,960
live,792,13679711270065,13679711409832,13679711501993,13679712436597,1.166532,0.092161,0.934604,960
live,793,13679721270065,13679721410021,13679721497990,13679722452626,1.182561,0.087969,0.954636,960
live,794,13679731270065,13679731413537,13679731489986,13679732411182,1.141117,0.076449,0.921196,960
live,795,13679741270065,13679741409918,13679741478527,13679742384650,1.114585,0.068609,0.906123,960
live,796,13679751270065,13679751412539,13679751494844,13679752417511,1.147446,0.082305,0.922667,960
live,797,13679761270065,13679761416728,13679761484344,13679762370147,1.100082,0.067616,0.885803,960
live,798,13679771270065,13679771418452,13679771808121,13679773793970,2.523905,0.389669,1.985849,960
live,799,13679781270065,13679781450449,13679781862327,13679782991333,1.721268,0.411878,1.129006,960
live,800,13679791270065,13679791411246,13679791494063,13679793681098,2.411033,0.082817,2.187035,960
live,801,13679801270065,13679801415882,13679801502187,13679802430039,1.159974,0.086305,0.927852,960
live,802,13679811270065,13679811411047,13679811492776,13679812444820,1.174755,0.081729,0.952044,960
live,803,13679821270065,13679821413444,13679821506629,13679822465393,1.195328,0.093185,0.958764,960
live,804,13679831270065,13679831418081,13679831498210,13679832437357,1.167292,0.080129,0.939147,960
live,805,13679841270065,13679841408701,13679841499934,13679842400586,1.130521,0.091233,0.900652,960
live,806,13679851270065,13679851413434,13679851487675,13679852419143,1.149078,0.074241,0.931468,960
live,807,13679861270065,13679861418263,13679861489496,13679862391619,1.121554,0.071233,0.902123,960
live,808,13679871270065,13679871429076,13679871516341,13679872513825,1.24376,0.087265,0.997484,960
live,809,13679881270065,13679881474417,13679881894230,13679883880463,2.610398,0.419813,1.986233,960
live,810,13679891270065,13679891423981,13679891515438,13679893317317,2.047252,0.091457,1.801879,960
live,811,13679901270065,13679901415338,13679901491467,13679903285953,2.015888,0.076129,1.794486,960
live,812,13679911270065,13679911410950,13679911497927,13679913314686,2.044621,0.086977,1.816759,960
live,813,13679921270065,13679921419299,13679921513508,13679923361979,2.091914,0.094209,1.848471,960
live,814,13679931270065,13679931418208,13679931494657,13679933293687,2.023622,0.076449,1.79903,960
live,815,13679941270065,13679941410908,13679941484349,13679943275380,2.005315,0.073441,1.791031,960
live,816,13679951270065,13679951410713,13679951512090,13679952539463,1.269398,0.101377,1.027373,960
live,817,13679961270065,13679961407382,13679961492727,13679962431619,1.161554,0.085345,0.938892,960
live,818,13679971270065,13679971418131,13679971505556,13679972510336,1.240271,0.087425,1.00478,960
live,819,13679981270065,13679981417071,13679981497712,13679982407036,1.136971,0.080641,0.909324,960
live,820,13679991270065,13679991414892,13679991494669,13679993654408,2.384343,0.079777,2.159739,960
live,821,13680001270065,13680001414345,13680001500618,13680002405397,1.135332,0.086273,0.904779,960
live,822,13680011270065,13680011414278,13680011503303,13680012433970,1.163905,0.089025,0.930667,960
live,823,13680021270065,13680021417474,13680021503875,13680022441551,1.171486,0.086401,0.937676,960
live,824,13680031270065,13680031418687,13680031504128,13680032451820,1.181755,0.085441,0.947692,960
live,825,13680041270065,13680041410076,13680041497725,13680042392488,1.122423,0.087649,0.894763,960
live,826,13680051270065,13680051417016,13680051509626,13680052427589,1.157524,0.09261,0.917963,960
live,827,13680061270065,13680061417237,13680061486006,13680062373825,1.10376,0.068769,0.887819,960
live,828,13680071270065,13680071509171,13680071906040,13680073808016,2.537951,0.396869,1.901976,960
live,829,13680081270065,13680081435215,13680081831476,13680083724139,2.454074,0.396261,1.892663,960
live,830,13680091270065,13680091442956,13680091850097,13680093782633,2.512568,0.407141,1.932536,960
live,831,13680101270065,13680101417416,13680101523273,13680103297663,2.027598,0.105857,1.77439,960
live,832,13680111270065,13680111421157,13680111510854,13680113309916,2.039851,0.089697,1.799062,960
live,833,13680121270065,13680121414689,13680121500963,13680123931521,2.661456,0.086274,2.430558,960
live,834,13680131270065,13680131416542,13680131504511,13680133338070,2.068005,0.087969,1.833559,960
live,835,13680141270065,13680141419419,13680141515452,13680143316243,2.046178,0.096033,1.800791,960
live,836,13680151270065,13680151417112,13680151499257,13680153291471,2.021406,0.082145,1.792214,960
live,837,13680161270065,13680161453397,13680161530294,13680163336428,2.066363,0.076897,1.806134,960
live,838,13680171270065,13680171435057,13680171519954,13680173303177,2.033112,0.084897,1.783223,960
live,839,13680181270065,13680181422158,13680181516943,13680183360934,2.090869,0.094785,1.843991,960
live,840,13680191270065,13680191414794,13680191503820,13680194589074,3.319009,0.089026,3.085254,960
live,841,13680201270065,13680201413895,13680201502664,13680203317951,2.047886,0.088769,1.815287,960
live,842,13680211270065,13680211411908,13680211498309,13680213319228,2.049163,0.086401,1.820919,960
live,843,13680221270065,13680221410593,13680221495970,13680223298648,2.028583,0.085377,1.802678,960
live,844,13680231270065,13680231413853,13680231490846,13680233370166,2.100101,0.076993,1.87932,960
live,845,13680241270065,13680241409882,13680241495483,13680243297746,2.027681,0.085601,1.802263,960
live,846,13680251270065,13680251414807,13680251508856,13680253306574,2.036509,0.094049,1.797718,960
live,847,13680261270065,13680261415444,13680261519541,13680263327467,2.057402,0.104097,1.807926,960
live,848,13680271270065,13680271415792,13680271503025,13680273311848,2.041783,0.087233,1.808823,960
live,849,13680281270065,13680281414893,13680281512430,13680283347397,2.077332,0.097537,1.834967,960
live,850,13680291270065,13680291416298,13680291492331,13680293270017,1.999952,0.076033,1.777686,960
live,851,13680301270065,13680301410438,13680301495367,13680303299646,2.029581,0.084929,1.804279,960
live,852,13680311270065,13680311415139,13680311507812,13680313394684,2.124619,0.092673,1.886872,960
live,853,13680321270065,13680321418176,13680321508289,13680323343800,2.073735,0.090113,1.835511,960
live,854,13680331270065,13680331418653,13680331517150,13680333411317,2.141252,0.098497,1.894167,960
live,855,13680341270065,13680341412121,13680341504762,13680343322833,2.052768,0.092641,1.818071,960
live,856,13680351270065,13680351413110,13680351487703,13680353293325,2.02326,0.074593,1.805622,960
live,857,13680361270065,13680361418131,13680361504628,13680363321067,2.051002,0.086497,1.816439,960
live,858,13680371270065,13680371411055,13680371514161,13680373315527,2.045462,0.103106,1.801366,960
live,859,13680381270065,13680381412620,13680381507821,13680383338596,2.068531,0.095201,1.830775,960
live,860,13680391270065,13680391411913,13680391487594,13680394545392,3.275327,0.075681,3.057798,960
live,861,13680401270065,13680401407366,13680401485254,13680403290429,2.020364,0.077888,1.805175,960
live,862,13680411270065,13680411410978,13680411499331,13680413309018,2.038953,0.088353,1.809687,960
live,863,13680421270065,13680421410495,13680421501184,13680423288278,2.018213,0.090689,1.787094,960
live,864,13680431270065,13680431415452,13680431514461,13680433411413,2.141348,0.099009,1.896952,960
live,865,13680441270065,13680441418489,13680441515482,13680443308784,2.038719,0.096993,1.793302,960
live,866,13680451270065,13680451414197,13680451489366,13680453300365,2.0303,0.075169,1.810999,960
live,867,13680461270065,13680461406546,13680461491187,13680463299273,2.029208,0.084641,1.808086,960
live,868,13680471270065,13680471411695,13680471526928,13680473333319,2.063254,0.115233,1.806391,960
live,869,13680481270065,13680481414411,13680481507149,13680483352740,2.082675,0.092738,1.845591,960
live,870,13680491270065,13680491417768,13680491491209,13680493278207,2.008142,0.073441,1.786998,960
live,871,13680501270065,13680501412293,13680501489926,13680503318333,2.048268,0.077633,1.828407,960
live,872,13680511270065,13680511410529,13680511496419,13680513316985,2.04692,0.08589,1.820566,960
live,873,13680521270065,13680521414014,13680521498975,13680523306998,2.036933,0.084961,1.808023,960
live,874,13680531270065,13680531681310,13680531775359,13680533918874,2.648809,0.094049,2.143515,960
live,875,13680541270065,13680541453080,13680541572570,13680543721364,2.451299,0.11949,2.148794,960
live,876,13680551270065,13680551459509,13680551579510,13680553389805,2.11974,0.120001,1.810295,960
live,877,13680561270065,13680561472530,13680561590387,13680563421290,2.151225,0.117857,1.830903,960
live,878,13680571270065,13680571423790,13680571507439,13680573316262,2.046197,0.083649,1.808823,960
live,879,13680581270065,13680581411563,13680581499564,13680584174125,2.90406,0.088001,2.674561,960
live,880,13680591270065,13680591409383,13680591505576,13680594611919,3.341854,0.096193,3.106343,960
live,881,13680601270065,13680601463141,13680601587238,13680603411229,2.141164,0.124097,1.823991,960
live,882,13680611270065,13680611420993,13680611513122,13680613349049,2.078984,0.092129,1.835927,960
live,883,13680621270065,13680621411645,13680621485278,13680623278869,2.008804,0.073633,1.793591,960
live,884,13680631270065,13680631407866,13680631508571,13680633320274,2.050209,0.100705,1.811703,960
live,885,13680641270065,13680641406743,13680641509624,13680643330543,2.060478,0.102881,1.820919,960
live,886,13680651270065,13680651418068,13680651511701,13680653581711,2.311646,0.093633,2.07001,960
live,887,13680661270065,13680661406480,13680661509042,13680663625388,2.355323,0.102562,2.116346,960
live,888,13680671270065,13680671401901,13680671476590,13680673513063,2.242998,0.074689,2.036473,960
live,889,13680681270065,13680681401674,13680681488107,13680683564197,2.294132,0.086433,2.07609,960
live,890,13680691270065,13680691417511,13680691511080,13680693635362,2.365297,0.093569,2.124282,960
live,891,13680701270065,13680701411715,13680701502820,13680703602687,2.332622,0.091105,2.099867,960
live,892,13680711270065,13680711404512,13680711478433,13680713544186,2.274121,0.073921,2.065753,960
live,893,13680721270065,13680721400508,13680721491966,13680723619480,2.349415,0.091458,2.127514,960
live,894,13680731270065,13680731403225,13680731477210,13680733527604,2.257539,0.073985,2.050394,960
live,895,13680741270065,13680741407062,13680741503415,13680742852104,1.582039,0.096353,1.348689,960
live,896,13680751270065,13680751412531,13680751501524,13680752777540,1.507475,0.088993,1.276016,960
live,897,13680761270065,13680761441168,13680761551345,13680762706976,1.436911,0.110177,1.155631,960
live,898,13680771270065,13680771458957,13680771566254,13680772535706,1.265641,0.107297,0.969452,960
live,899,13680781270065,13680781460906,13680781567723,13680782556759,1.286694,0.106817,0.989036,960
live,900,13680791270065,13680791469158,13680791584104,13680793843492,2.573427,0.114946,2.259388,960
live,901,13680801270065,13680801423587,13680801513700,13680802425647,1.155582,0.090113,0.911947,960
live,902,13680811270065,13680811412255,13680811496864,13680812424300,1.154235,0.084609,0.927436,960
live,903,13680821270065,13680821407484,13680821487357,13680822383944,1.113879,0.079873,0.896587,960
live,904,13680831270065,13680831405496,13680831491802,13680832417701,1.147636,0.086306,0.925899,960
live,905,13680841270065,13680841413621,13680841501878,13680842422786,1.152721,0.088257,0.920908,960
live,906,13680851270065,13680851410674,13680851472083,13680852399166,1.129101,0.061409,0.927083,960
live,907,13680861270065,13680861413359,13680861810356,13680863964687,2.694622,0.396997,2.154331,960
live,908,13680871270065,13680871423628,13680871794448,13680873559014,2.288949,0.37082,1.764566,960
live,909,13680881270065,13680881389864,13680881459017,13680882947483,1.677418,0.069153,1.488466,960
live,910,13680891270065,13680891393349,13680891463333,13680892965112,1.695047,0.069984,1.501779,960
live,911,13680901270065,13680901389473,13680901465762,13680903036022,1.765957,0.076289,1.57026,960
live,912,13680911270065,13680911390590,13680911468575,13680912942385,1.67232,0.077985,1.47381,960
live,913,13680921270065,13680921446651,13680921534301,13680923357107,2.087042,0.08765,1.822806,960
live,914,13680931270065,13680931428632,13680931516569,13680933349168,2.079103,0.087937,1.832599,960
live,915,13680941270065,13680941418389,13680941515990,13680943330700,2.060635,0.097601,1.81471,960
live,916,13680951270065,13680951417649,13680951501074,13680953298825,2.02876,0.083425,1.797751,960
live,917,13680961270065,13680961405934,13680961478863,13680963268837,1.998772,0.072929,1.789974,960
live,918,13680971270065,13680971398890,13680971471051,13680973278466,2.008401,0.072161,1.807415,960
live,919,13680981270065,13680981403847,13680981507945,13680983330783,2.060718,0.104098,1.822838,960
live,920,13680991270065,13680991450821,13680991569830,13680994711789,3.441724,0.119009,3.141959,960
live,921,13681001270065,13681001436801,13681001550658,13681003392409,2.122344,0.113857,1.841751,960
live,922,13681011270065,13681011473502,13681011594400,13681013448471,2.178406,0.120898,1.854071,960
live,923,13681021270065,13681021430490,13681021528892,13681023334514,2.064449,0.098402,1.805622,960
live,924,13681031270065,13681031421079,13681031521688,13681033329839,2.059774,0.100609,1.808151,960
live,925,13681041270065,13681041624086,13681041750968,13681043147369,1.877304,0.126882,1.396401,960
live,926,13681051270065,13681051416176,13681051485169,13681052947716,1.677651,0.068993,1.462547,960
live,927,13681061270065,13681061417005,13681061490926,13681063004193,1.734128,0.073921,1.513267,960
live,928,13681071270065,13681071407978,13681071479595,13681073265313,1.995248,0.071617,1.785718,960
live,929,13681081270065,13681081414311,13681081490055,13681083317534,2.047469,0.075744,1.827479,960
live,930,13681091270065,13681091416419,13681091502468,13681093628607,2.358542,0.086049,2.126139,960
live,931,13681101270065,13681101414688,13681101499233,13681103319960,2.049895,0.084545,1.820727,960
live,932,13681111270065,13681111414941,13681111503454,13681113304372,2.034307,0.088513,1.800918,960
live,933,13681121270065,13681121410777,13681121485050,13681123283249,2.013184,0.074273,1.798199,960
live,934,13681131270065,13681131410198,13681131495447,13681133322190,2.052125,0.085249,1.826743,960
live,935,13681141270065,13681141416947,13681141488788,13681143293066,2.023001,0.071841,1.804278,960
live,936,13681151270065,13681151423248,13681151504465,13681153309959,2.039894,0.081217,1.805494,960
live,937,13681161270065,13681161418764,13681161505645,13681163331204,2.061139,0.086881,1.825559,960
live,938,13681171270065,13681171412169,13681171486154,13681173264608,1.994543,0.073985,1.778454,960
live,939,13681181270065,13681181409350,13681181497351,13681183308541,2.038476,0.088001,1.81119,960
live,940,13681191270065,13681191412770,13681191499011,13681194634059,3.363994,0.086241,3.135048,960
live,941,13681201270065,13681201415615,13681201516448,13681203363639,2.093574,0.100833,1.847191,960
live,942,13681211270065,13681211464060,13681211579902,13681213381876,2.111811,0.115842,1.801974,960
live,943,13681221270065,13681221467801,13681221584347,13681223380689,2.110624,0.116546,1.796342,960
live,944,13681231270065,13681231460886,13681231574359,13681233348909,2.078844,0.113473,1.77455,960
live,945,13681241270065,13681241431122,13681241534611,13681242564192,1.294127,0.103489,1.029581,960
live,946,13681251270065,13681251420879,13681251512464,13681252508732,1.238667,0.091585,0.996268,960
live,947,13681261270065,13681261424364,13681261509837,13681262762236,1.492171,0.085473,1.252399,960
live,948,13681271270065,13681271420840,13681271513449,13681272792697,1.522632,0.092609,1.279248,960
live,949,13681281270065,13681281421221,13681281493702,13681282736757,1.466692,0.072481,1.243055,960
live,950,13681291270065,13681291415650,13681291499427,13681292773363,1.503298,0.083777,1.273936,960
live,951,13681301270065,13681301419710,13681301513760,13681302473644,1.203579,0.09405,0.959884,960
live,952,13681311270065,13681311418267,13681311496316,13681312430024,1.159959,0.078049,0.933708,960
live,953,13681321270065,13681321417560,13681321500057,13681322721864,1.451799,0.082497,1.221807,960
live,954,13681331270065,13681331417908,13681331489365,13681332737637,1.467572,0.071457,1.248272,960
live,955,13681341270065,13681341415857,13681341803190,13681343174247,1.904182,0.387333,1.371057,960
live,956,13681351270065,13681351427438,13681351829651,13681353026562,1.756497,0.402213,1.196911,960
live,957,13681361270065,13681361411819,13681361502636,13681362456984,1.186919,0.090817,0.954348,960
live,958,13681371270065,13681371416039,13681371499144,13681372452820,1.182755,0.083105,0.953676,960
live,959,13681381270065,13681381416004,13681381496709,13681382406480,1.136415,0.080705,0.909771,960
live,960,13681391270065,13681391413441,13681391491938,13681393695293,2.425228,0.078497,2.203355,960
live,961,13681401270065,13681401416701,13681401520767,13681402449418,1.179353,0.104066,0.928651,960
live,962,13681411270065,13681411427386,13681411515675,13681412480039,1.209974,0.088289,0.964364,960
live,963,13681421270065,13681421415671,13681421498040,13681422404931,1.134866,0.082369,0.906891,960
live,964,13681431270065,13681431421140,13681431491541,13681432422112,1.152047,0.070401,0.930571,960
live,965,13681441270065,13681441415408,13681441484977,13681442418397,1.148332,0.069569,0.93342,960
live,966,13681451270065,13681451494126,13681451941620,13681453888332,2.618267,0.447494,1.946712,960
live,967,13681461270065,13681461462986,13681461871663,13681463106687,1.836622,0.408677,1.235024,960
live,968,13681471270065,13681471428327,13681471520776,13681472532948,1.262883,0.092449,1.012172,960
live,969,13681481270065,13681481421347,13681481511972,13681482433872,1.163807,0.090625,0.9219,960
live,970,13681491270065,13681491419936,13681491503329,13681492449037,1.178972,0.083393,0.945708,960
live,971,13681501270065,13681501412733,13681501501534,13681503003472,1.733407,0.088801,1.501938,960
live,972,13681511270065,13681511415929,13681511499258,13681512452038,1.181973,0.083329,0.95278,960
live,973,13681521270065,13681521418326,13681521487415,13681522384386,1.114321,0.069089,0.896971,960
live,974,13681531270065,13681531409907,13681531476212,13681532403391,1.133326,0.066305,0.927179,960
live,975,13681541270065,13681541410223,13681541491600,13681542393116,1.123051,0.081377,0.901516,960
live,976,13681551270065,13681551420428,13681551801201,13681553616008,2.345943,0.380773,1.814807,960
live,977,13681561270065,13681561427753,13681561816654,13681563285024,2.014959,0.388901,1.46837,960
live,978,13681571270065,13681571410310,13681571496871,13681572803255,1.53319,0.086561,1.306384,960
live,979,13681581270065,13681581415714,13681581489187,13681582766035,1.49597,0.073473,1.276848,960
live,980,13681591270065,13681591414815,13681591496960,13681593980191,2.710126,0.082145,2.483231,960
live,981,13681601270065,13681601386491,13681601461852,13681601874466,0.604401,0.075361,0.412614,960
live,982,13681611270065,13681611362040,13681611399832,13681611802461,0.532396,0.037792,0.402629,960
live,983,13681621270065,13681621404373,13681621481686,13681622376641,1.106576,0.077313,0.894955,960
live,984,13681631270065,13681631414098,13681631503187,13681632440159,1.170094,0.089089,0.936972,960
live,985,13681641270065,13681641416783,13681641484880,13681642384571,1.114506,0.068097,0.899691,960
live,986,13681651270065,13681651412715,13681651481196,13681652409176,1.139111,0.068481,0.92798,960
live,987,13681661270065,13681661430536,13681661834253,13681663722437,2.452372,0.403717,1.888184,960
live,988,13681671270065,13681671457605,13681671864362,13681673838115,2.56805,0.406757,1.973753,960
live,989,13681681270065,13681681467490,13681681563299,13681683544956,2.274891,0.095809,1.981657,960
live,990,13681691270065,13681691449567,13681691538432,13681693346102,2.076037,0.088865,1.80767,960
live,991,13681701270065,13681701421851,13681701509788,13681703299538,2.029473,0.087937,1.78975,960
live,992,13681711270065,13681711418200,13681711512569,13681713346480,2.076415,0.094369,1.833911,960
live,993,13681721270065,13681721417236,13681721504022,13681723296460,2.026395,0.086786,1.792438,960
live,994,13681731270065,13681731411761,13681731495346,13681733300681,2.030616,0.083585,1.805335,960
live,995,13681741270065,13681741409006,13681741497903,13681743302469,2.032404,0.088897,1.804566,960
live,996,13681751270065,13681751417483,13681751509292,13681753326178,2.056113,0.091809,1.816886,960
live,997,13681761270065,13681761412839,13681761500712,13681763317631,2.047566,0.087873,1.816919,960
live,998,13681771270065,13681771411364,13681771485573,13681773287035,2.01697,0.074209,1.801462,960
live,999,13681781270065,13681781408129,13681781506594,13681783318424,2.048359,0.098465,1.81183,960
live,1000,13681791270065,13681791408701,13681791494846,13681794546564,3.276499,0.086145,3.051718,960
live,1001,13681801270065,13681801409466,13681801501819,13681803333810,2.063745,0.092353,1.831991,960
live,1002,13681811270065,13681811413335,13681811489688,13681813303438,2.033373,0.076353,1.81375,960
live,1003,13681821270065,13681821412372,13681821498805,13681823337260,2.067195,0.086433,1.838455,960
live,1004,13681831270065,13681831415248,13681831491601,13681833269799,1.999734,0.076353,1.778198,960
live,1005,13681841270065,13681841408461,13681841490830,13681843300773,2.030708,0.082369,1.809943,960
live,1006,13681851270065,13681851409418,13681851486347,13681853277153,2.007088,0.076929,1.790806,960
live,1007,13681861270065,13681861419206,13681861507176,13681863346687,2.076622,0.08797,1.839511,960
live,1008,13681871270065,13681871411331,13681871498948,13681873311579,2.041514,0.087617,1.812631,960
live,1009,13681881270065,13681881413600,13681881500961,13681883349368,2.079303,0.087361,1.848407,960
live,1010,13681891270065,13681891414973,13681891508478,13681893284084,2.014019,0.093505,1.775606,960
live,1011,13681901270065,13681901416185,13681901514267,13681903352721,2.082656,0.098082,1.838454,960
live,1012,13681911270065,13681911423702,13681911525879,13681913394575,2.12451,0.102177,1.868696,960
live,1013,13681921270065,13681921416819,13681921508596,13681923366411,2.096346,0.091777,1.857815,960
live,1014,13681931270065,13681931413071,13681931503377,13681933292135,2.02207,0.090306,1.788758,960
live,1015,13681941270065,13681941415148,13681941490061,13681943278179,2.008114,0.074913,1.788118,960
live,1016,13681951270065,13681951413513,13681951487658,13681953267136,1.997071,0.074145,1.779478,960
live,1017,13681961270065,13681961469926,13681961560455,13681963455999,2.185934,0.090529,1.895544,960
live,1018,13681971270065,13681971420674,13681971499907,13681973717951,2.447886,0.079233,2.218044,960
live,1019,13681981270065,13681981414687,13681981492256,13681983683163,2.413098,0.077569,2.190907,960
live,1020,13681991270065,13681991413564,13681991490749,13681994956904,3.686839,0.077185,3.466155,960
live,1021,13682001270065,13682001416120,13682001510746,13682003578451,2.308386,0.094626,2.067705,960
live,1022,13682011270065,13682011415957,13682011489654,13682014031126,2.761061,0.073697,2.541472,960
live,1023,13682021270065,13682021417106,13682021507827,13682023318346,2.048281,0.090721,1.810519,960
live,1024,13682031270065,13682031415663,13682031491248,13682033276614,2.006549,0.075585,1.785366,960
live,1025,13682041270065,13682041409035,13682041502924,13682043340195,2.07013,0.093889,1.837271,960
live,1026,13682051270065,13682051416744,13682051508265,13682053300608,2.030543,0.091521,1.792343,960
live,1027,13682061270065,13682061416805,13682061502150,13682063261628,1.991563,0.085345,1.759478,960
live,1028,13682071270065,13682071414145,13682071503907,13682073308153,2.038088,0.089762,1.804246,960
live,1029,13682081270065,13682081418174,13682081491167,13682083297238,2.027173,0.072993,1.806071,960
live,1030,13682091270065,13682091409147,13682091482684,13682093269426,1.999361,0.073537,1.786742,960
live,1031,13682101270065,13682101408472,13682101486648,13682103263695,1.99363,0.078176,1.777047,960
live,1032,13682111270065,13682111417204,13682111513622,13682113281228,2.011163,0.096418,1.767606,960
live,1033,13682121270065,13682121420209,13682121512338,13682123377129,2.107064,0.092129,1.864791,960
live,1034,13682131270065,13682131418254,13682131536559,13682133531624,2.261559,0.118305,1.995065,960
live,1035,13682141270065,13682141423403,13682141510508,13682143315362,2.045297,0.087105,1.804854,960
live,1036,13682151270065,13682151411047,13682151484296,13682153247870,1.977805,0.073249,1.763574,960
live,1037,13682161270065,13682161411844,13682161512933,13682163309468,2.039403,0.101089,1.796535,960
live,1038,13682171270065,13682171412385,13682171501058,13682173289720,2.019655,0.088673,1.788662,960
live,1039,13682181270065,13682181415517,13682181507870,13682183681818,2.411753,0.092353,2.173948,960
live,1040,13682191270065,13682191412250,13682191498235,13682194847141,3.577076,0.085985,3.348906,960
live,1041,13682201270065,13682201410615,13682201489304,13682203267150,1.997085,0.078689,1.777846,960
live,1042,13682211270065,13682211411123,13682211484788,13682213247082,1.977017,0.073665,1.762294,960
live,1043,13682221270065,13682221413776,13682221505489,13682223316200,2.046135,0.091713,1.810711,960
live,1044,13682231270065,13682231416653,13682231501774,13682233305924,2.035859,0.085121,1.80415,960
live,1045,13682241270065,13682241413706,13682241511659,13682243339074,2.069009,0.097953,1.827415,960
live,1046,13682251270065,13682251412422,13682251499111,13682253281022,2.010957,0.086689,1.781911,960
live,1047,13682261270065,13682261409155,13682261481252,13682263264698,1.994633,0.072097,1.783446,960
live,1048,13682271270065,13682271415488,13682271504769,13682273299575,2.02951,0.089281,1.794806,960
live,1049,13682281270065,13682281411804,13682281498653,13682283561271,2.291206,0.086849,2.062618,960
live,1050,13682291270065,13682291413081,13682291489242,13682293262736,1.992671,0.076161,1.773494,960
live,1051,13682301270065,13682301408566,13682301493911,13682303306637,2.036572,0.085345,1.812726,960
live,1052,13682311270065,13682311411763,13682311485363,13682313291050,2.020985,0.0736,1.805687,960
live,1053,13682321270065,13682321502768,13682321591986,13682323578090,2.308025,0.089218,1.986104,960
live,1054,13682331270065,13682331419500,13682331512045,13682333295843,2.025778,0.092545,1.783798,960
live,1055,13682341270065,13682341417769,13682341513994,13682343366497,2.096432,0.096225,1.852503,960
live,1056,13682351270065,13682351413125,13682351511751,13682353298653,2.028588,0.098626,1.786902,960
live,1057,13682361270065,13682361416898,13682361506243,13682363349786,2.079721,0.089345,1.843543,960
live,1058,13682371270065,13682371437631,13682371527584,13682374019711,2.749646,0.089953,2.492127,960
live,1059,13682381270065,13682381414492,13682381500829,13682383333204,2.063139,0.086337,1.832375,960
live,1060,13682391270065,13682391415448,13682391513178,13682394566624,3.296559,0.09773,3.053446,960
live,1061,13682401270065,13682401416821,13682401507222,13682403306029,2.035964,0.090401,1.798807,960
live,1062,13682411270065,13682411412946,13682411488467,13682413285417,2.015352,0.075521,1.79695,960
live,1063,13682421270065,13682421409262,13682421480527,13682423283270,2.013205,0.071265,1.802743,960
live,1064,13682431270065,13682431410091,13682431507372,13682433316035,2.04597,0.097281,1.808663,960
live,1065,13682441270065,13682441449864,13682441528105,13682443313152,2.043087,0.078241,1.785047,960
live,1066,13682451270065,13682451431045,13682451506694,13682453292444,2.022379,0.075649,1.78575,960
live,1067,13682461270065,13682461413953,13682461491586,13682463296825,2.02676,0.077633,1.805239,960
live,1068,13682471270065,13682471410686,13682471485503,13682473296341,2.026276,0.074817,1.810838,960
live,1069,13682481270065,13682481408283,13682481496284,13682483332499,2.062434,0.088001,1.836215,960
live,1070,13682491270065,13682491415479,13682491495448,13682492549030,1.278965,0.079969,1.053582,960
live,1071,13682501270065,13682501411764,13682501495957,13682502414625,1.14456,0.084193,0.918668,960
live,1072,13682511270065,13682511412593,13682511494162,13682512442910,1.172845,0.081569,0.948748,960
live,1073,13682521270065,13682521409357,13682521488142,13682522395450,1.125385,0.078785,0.907308,960
live,1074,13682531270065,13682531413034,13682531492875,13682532457335,1.18727,0.079841,0.96446,960
live,1075,13682541270065,13682541406535,13682541481800,13682542369523,1.099458,0.075265,0.887723,960
live,1076,13682551270065,13682551411716,13682551488389,13682552415056,1.144991,0.076673,0.926667,960
live,1077,13682561270065,13682561411168,13682561494337,13682562408845,1.13878,0.083169,0.914508,960
live,1078,13682571270065,13682571413821,13682571482654,13682572408042,1.137977,0.068833,0.925388,960
live,1079,13682581270065,13682581417658,13682581483547,13682582415174,1.145109,0.065889,0.931627,960
live,1080,13682591270065,13682591414327,13682591798363,13682594901282,3.631217,0.384036,3.102919,960
live,1081,13682601270065,13682601536693,13682601996539,13682603161289,1.891224,0.459846,1.16475,960
live,1082,13682611270065,13682611444624,13682611539730,13682612528350,1.258285,0.095106,0.98862,960
live,1083,13682621270065,13682621425741,13682621510062,13682622421081,1.151016,0.084321,0.911019,960
live,1084,13682631270065,13682631427114,13682631512587,13682632471479,1.201414,0.085473,0.958892,960
live,1085,13682641270065,13682641417286,13682641497543,13682642400274,1.130209,0.080257,0.902731,960
live,1086,13682651270065,13682651414115,13682651495044,13682652422415,1.15235,0.080929,0.927371,960
live,1087,13682661270065,13682661413600,13682661496449,13682662387404,1.117339,0.082849,0.890955,960
live,1088,13682671270065,13682671417532,13682671485501,13682672398121,1.128056,0.067969,0.91262,960
live,1089,13682681270065,13682681407993,13682681477946,13682682387493,1.117428,0.069953,0.909547,960
live,1090,13682691270065,13682691419222,13682691482423,13682692412770,1.142705,0.063201,0.930347,960
live,1091,13682701270065,13682701450291,13682701873464,13682703729583,2.459518,0.423173,1.856119,960
live,1092,13682711270065,13682711411599,13682711498224,13682713291655,2.02159,0.086625,1.793431,960
live,1093,13682721270065,13682721416748,13682721506893,13682723301443,2.031378,0.090145,1.79455,960
live,1094,13682731270065,13682731412009,13682731502346,13682733302112,2.032047,0.090337,1.799766,960
live,1095,13682741270065,13682741410949,13682741494374,13682743263292,1.993227,0.083425,1.768918,960
live,1096,13682751270065,13682751410274,13682751487939,13682753260953,1.990888,0.077665,1.773014,960
live,1097,13682761270065,13682761408959,13682761484736,13682763274262,2.004197,0.075777,1.789526,960
live,1098,13682771270065,13682771412251,13682771490556,13682773284851,2.014786,0.078305,1.794295,960
live,1099,13682781270065,13682781525209,13682781616155,13682783704053,2.433988,0.090946,2.087898,960
live,1100,13682791270065,13682791421333,13682791510774,13682794591900,3.321835,0.089441,3.081126,960
live,1101,13682801270065,13682801423442,13682801521779,13682803471179,2.201114,0.098337,1.9494,960
live,1102,13682811270065,13682811433391,13682811524208,13682813325638,2.055573,0.090817,1.80143,960
live,1103,13682821270065,13682821422123,13682821510668,13682823324355,2.05429,0.088545,1.813687,960
live,1104,13682831270065,13682831421288,13682831509289,13682834762609,3.492544,0.088001,3.25332,960
live,1105,13682841270065,13682841417252,13682841500517,13682843598336,2.328271,0.083265,2.097819,960
live,1106,13682851270065,13682851414017,13682851501346,13682853274712,2.004647,0.087329,1.773366,960
live,1107,13682861270065,13682861410206,13682861482943,13682863302997,2.032932,0.072737,1.820054,960
live,1108,13682871270065,13682871409914,13682871483419,13682873270642,2.000577,0.073505,1.787223,960
live,1109,13682881270065,13682881409591,13682881483640,13682883287663,2.017598,0.074049,1.804023,960
live,1110,13682891270065,13682891411284,13682891506965,13682893336684,2.066619,0.095681,1.829719,960
live,1111,13682901270065,13682901419441,13682901507218,13682903705773,2.435708,0.087777,2.198555,960
live,1112,13682911270065,13682911412109,13682911484590,13682913695018,2.424953,0.072481,2.210428,960
live,1113,13682921270065,13682921409610,13682921492011,13682923679942,2.409877,0.082401,2.187931,960
live,1114,13682931270065,13682931413671,13682931485736,13682933700931,2.430866,0.072065,2.215195,960
live,1115,13682941270065,13682941414980,13682941503333,13682943601279,2.331214,0.088353,2.097946,960
live,1116,13682951270065,13682951415456,13682951502785,13682953268631,1.998566,0.087329,1.765846,960
live,1117,13682961270065,13682961410141,13682961508350,13682963294196,2.024131,0.098209,1.785846,960
live,1118,13682971270065,13682971411610,13682971486619,13682973269361,1.999296,0.075009,1.782742,960
live,1119,13682981270065,13682981409910,13682981484311,13682983245709,1.975644,0.074401,1.761398,960
live,1120,13682991270065,13682991411923,13682991502420,13682994562394,3.292329,0.090497,3.059974,960
live,1121,13683001270065,13683001416976,13683001503953,13683003312199,2.042134,0.086977,1.808246,960
live,1122,13683011270065,13683011417325,13683011533262,13683013741546,2.471481,0.115937,2.208284,960
live,1123,13683021270065,13683021418505,13683021520811,13683023730086,2.460021,0.102306,2.209275,960
live,1124,13683031270065,13683031433638,13683031519527,13683033739619,2.469554,0.085889,2.220092,960
live,1125,13683041270065,13683041425667,13683041506916,13683043607614,2.337549,0.081249,2.100698,960
live,1126,13683051270065,13683051414335,13683051503680,13683053266774,1.996709,0.089345,1.763094,960
live,1127,13683061270065,13683061415388,13683061526109,13683063319028,2.048963,0.110721,1.792919,960
live,1128,13683071270065,13683071416057,13683071488602,13683073248848,1.978783,0.072545,1.760246,960
live,1129,13683081270065,13683081408981,13683081482518,13683083274541,2.004476,0.073537,1.792023,960
live,1130,13683091270065,13683091414322,13683091508787,13683093311626,2.041561,0.094465,1.802839,960
live,1131,13683101270065,13683101417231,13683101494832,13683103275654,2.005589,0.077601,1.780822,960
live,1132,13683111270065,13683111409900,13683111497197,13683113290883,2.020818,0.087297,1.793686,960
live,1133,13683121270065,13683121411144,13683121495817,13683123685061,2.414996,0.084673,2.189244,960
live,1134,13683131270065,13683131409445,13683131484646,13683133673537,2.403472,0.075201,2.188891,960
live,1135,13683141270065,13683141409698,13683141494051,13683143584701,2.314636,0.084353,2.09065,960
live,1136,13683151270065,13683151412894,13683151498688,13683153567129,2.297064,0.085794,2.068441,960
live,1137,13683161270065,13683161412763,13683161496252,13683163243922,1.973857,0.083489,1.74767,960
live,1138,13683171270065,13683171411704,13683171483801,13683173260303,1.990238,0.072097,1.776502,960
live,1139,13683181270065,13683181410325,13683181485109,13683183242571,1.972506,0.074784,1.757462,960
live,1140,13683191270065,13683191634484,13683191720949,13683194814940,3.544875,0.086465,3.093991,960
live,1141,13683201270065,13683201411886,13683201495215,13683203312262,2.042197,0.083329,1.817047,960
live,1142,13683211270065,13683211445099,13683211532236,13683213317154,2.047089,0.087137,1.784918,960
live,1143,13683221270065,13683221435112,13683221521865,13683223728772,2.458707,0.086753,2.206907,960
live,1144,13683231270065,13683231414212,13683231503333,13683233688961,2.418896,0.089121,2.185628,960
live,1145,13683241270065,13683241419361,13683241509282,13683243710782,2.440717,0.089921,2.2015,960
live,1146,13683251270065,13683251520063,13683251639744,13683253736891,2.466826,0.119681,2.097147,960
live,1147,13683261270065,13683261435675,13683261533212,13683263320402,2.050337,0.097537,1.78719,960
live,1148,13683271270065,13683271423479,13683271515992,13683273281230,2.011165,0.092513,1.765238,960
live,1149,13683281270065,13683281420116,13683281519893,13683283303627,2.033562,0.099777,1.783734,960
live,1150,13683291270065,13683291440625,13683291536274,13683293684525,2.41446,0.095649,2.148251,960
live,1151,13683301270065,13683301426093,13683301515374,13683303338533,2.068468,0.089281,1.823159,960
live,1152,13683311270065,13683311418954,13683311508907,13683313289889,2.019824,0.089953,1.780982,960
live,1153,13683321270065,13683321415687,13683321503432,13683323694243,2.424178,0.087745,2.190811,960
live,1154,13683331270065,13683331414371,13683331499876,13683333713280,2.443215,0.085505,2.213404,960
live,1155,13683341270065,13683341411776,13683341514401,13683343724701,2.454636,0.102625,2.2103,960
live,1156,13683351270065,13683351412445,13683351504638,13683353586488,2.316423,0.092193,2.08185,960
live,1157,13683361270065,13683361412057,13683361485850,13683363248784,1.978719,0.073793,1.762934,960
live,1158,13683371270065,13683371407606,13683371491255,13683373261613,1.991548,0.083649,1.770358,960
live,1159,13683381270065,13683381405843,13683381490996,13683383271754,2.001689,0.085153,1.780758,960
live,1160,13683391270065,13683391414864,13683391508881,13683394509782,3.239717,0.094017,3.000901,960
live,1161,13683401270065,13683401415596,13683401518638,13683403324868,2.054803,0.103042,1.80623,960
live,1162,13683411270065,13683411415593,13683411488778,13683413248896,1.978831,0.073185,1.760118,960
live,1163,13683421270065,13683421407174,13683421491239,13683423539072,2.269007,0.084065,2.047833,960
live,1164,13683431270065,13683431408482,13683431482051,13683433675455,2.40539,0.073569,2.193404,960
live,1165,13683441270065,13683441402687,13683441502336,13683443698204,2.428139,0.099649,2.195868,960
live,1166,13683451270065,13683451412316,13683451808929,13683452920719,1.650654,0.396613,1.11179,960
live,1167,13683461270065,13683461447961,13683461572090,13683462624360,1.354295,0.124129,1.05227,960
live,1168,13683471270065,13683471425045,13683471528151,13683472528547,1.258482,0.103106,1.000396,960
live,1169,13683481270065,13683481448818,13683481556532,13683482515648,1.245583,0.107714,0.959116,960
live,1170,13683491270065,13683491423599,13683491515728,13683492476892,1.206827,0.092129,0.961164,960
live,1171,13683501270065,13683501411467,13683501493836,13683502430296,1.160231,0.082369,0.93646,960
live,1172,13683511270065,13683511404808,13683511474409,13683512405908,1.135843,0.069601,0.931499,960
live,1173,13683521270065,13683521401285,13683521466949,13683522366897,1.096832,0.065664,0.899948,960
live,1174,13683531270065,13683531407425,13683531789190,13683533596701,2.326636,0.381765,1.807511,960
live,1175,13683541270065,13683541398878,13683541471295,13683542447723,1.177658,0.072417,0.976428,960
live,1176,13683551270065,13683551403707,13683551484124,13683552456232,1.186167,0.080417,0.972108,960
live,1177,13683561270065,13683561408248,13683561490777,13683562708520,1.438455,0.082529,1.217743,960
live,1178,13683571270065,13683571402452,13683571470581,13683572391681,1.121616,0.068129,0.9211,960
live,1179,13683581270065,13683581405873,13683581484306,13683582375325,1.10526,0.078433,0.891019,960
live,1180,13683591270065,13683591402734,13683591480079,13683593650314,2.380249,0.077345,2.170235,960
live,1181,13683601270065,13683601411210,13683601498668,13683602426807,1.156742,0.087458,0.928139,960
live,1182,13683611270065,13683611401223,13683611466632,13683612388179,1.118114,0.065409,0.921547,960
live,1183,13683621270065,13683621400452,13683621468293,13683622681588,1.411523,0.067841,1.213295,960
live,1184,13683631270065,13683631405856,13683631783845,13683632841714,1.571649,0.377989,1.057869,960
live,1185,13683641270065,13683641433758,13683641840003,13683642996081,1.726016,0.406245,1.156078,960
live,1186,13683651270065,13683651403258,13683651482171,13683652492711,1.222646,0.078913,1.01054,960
live,1187,13683661270065,13683661409591,13683661490040,13683662410883,1.140818,0.080449,0.920843,960
live,1188,13683671270065,13683671400083,13683671477012,13683672411488,1.141423,0.076929,0.934476,960
live,1189,13683681270065,13683681407760,13683681489585,13683682410397,1.140332,0.081825,0.920812,960
live,1190,13683691270065,13683691460589,13683691571279,13683692523611,1.253546,0.11069,0.952332,960
live,1191,13683701270065,13683701572268,13683701765582,13683703297409,2.027344,0.193314,1.531827,960
live,1192,13683711270065,13683711429414,13683711517896,13683712467987,1.197922,0.088482,0.950091,960
live,1193,13683721270065,13683721422019,13683721505444,13683722410159,1.140094,0.083425,0.904715,960
live,1194,13683731270065,13683731415680,13683731496353,13683732439788,1.169723,0.080673,0.943435,960
live,1195,13683741270065,13683741416220,13683741504382,13683742708109,1.438044,0.088162,1.203727,960
live,1196,13683751270065,13683751415641,13683751483834,13683752394277,1.124212,0.068193,0.910443,960
live,1197,13683761270065,13683761407862,13683761480055,13683762394242,1.124177,0.072193,0.914187,960
live,1198,13683771270065,13683771410930,13683771482195,13683772478080,1.208015,0.071265,0.995885,960
live,1199,13683781270065,13683781480208,13683781886101,13683783815053,2.544988,0.405893,1.928952,960
live,1200,13683791270065,13683791410828,13683791487917,13683794768342,3.498277,0.077089,3.280425,960
live,1201,13683801270065,13683801414025,13683801502922,13683803284640,2.014575,0.088897,1.781718,960
live,1202,13683811270065,13683811409093,13683811486598,13683813316317,2.046252,0.077505,1.829719,960
live,1203,13683821270065,13683821405922,13683821490787,13683823289785,2.01972,0.084865,1.798998,960
live,1204,13683831270065,13683831404607,13683831476896,13683833273814,2.003749,0.072289,1.796918,960
live,1205,13683841270065,13683841413276,13683841506717,13683843309587,2.039522,0.093441,1.80287,960
live,1206,13683851270065,13683851414392,13683851503545,13683853532947,2.262882,0.089153,2.029402,960
live,1207,13683861270065,13683861408757,13683861499926,13683863307629,2.037564,0.091169,1.807703,960
live,1208,13683871270065,13683871413074,13683871489523,13683873277833,2.007768,0.076449,1.78831,960
live,1209,13683881270065,13683881409838,13683881494031,13683883281286,2.011221,0.084193,1.787255,960
live,1210,13683891270065,13683891408427,13683891491180,13683893264546,1.994481,0.082753,1.773366,960
live,1211,13683901270065,13683901414664,13683901499561,13683903285663,2.015598,0.084897,1.786102,960
live,1212,13683911270065,13683911415269,13683911515110,13683913365085,2.09502,0.099841,1.849975,960
live,1213,13683921270065,13683921416897,13683921520003,13683923316665,2.0466,0.103106,1.796662,960
live,1214,13683931270065,13683931434206,13683931533503,13683933363798,2.093733,0.099297,1.830295,960
live,1215,13683941270065,13683941421659,13683941513468,13683942517128,1.247063,0.091809,1.00366,960
live,1216,13683951270065,13683951414743,13683951502808,13683952461316,1.191251,0.088065,0.958508,960
live,1217,13683961270065,13683961413492,13683961497557,13683962419489,1.149424,0.084065,0.921932,960
live,1218,13683971270065,13683971461553,13683971545106,13683972490014,1.219949,0.083553,0.944908,960
live,1219,13683981270065,13683981441038,13683981525359,13683982421434,1.151369,0.084321,0.896075,960
live,1220,13683991270065,13683991415530,13683991512203,13683993664038,2.393973,0.096673,2.151835,960
live,1221,13684001270065,13684001413383,13684001497320,13684002392563,1.122498,0.083937,0.895243,960
live,1222,13684011270065,13684011414340,13684011496165,13684012453777,1.183712,0.081825,0.957612,960
live,1223,13684021270065,13684021413856,13684021498881,13684022387500,1.117435,0.085025,0.888619,960
live,1224,13684031270065,13684031413981,13684031497918,13684032427626,1.157561,0.083937,0.929708,960
live,1225,13684041270065,13684041411002,13684041477979,13684042368934,1.098869,0.066977,0.890955,960
live,1226,13684051270065,13684051420503,13684051491255,13684052416291,1.146226,0.070752,0.925036,960
live,1227,13684061270065,13684061411155,13684061479380,13684062393887,1.123822,0.068225,0.914507,960
live,1228,13684071270065,13684071422768,13684071521361,13684072605663,1.335598,0.098593,1.084302,960
live,1229,13684081270065,13684081395308,13684081466733,13684082180598,0.910533,0.071425,0.713865,960
live,1230,13684091270065,13684091421097,13684091512170,13684092542455,1.27239,0.091073,1.030285,960
live,1231,13684101270065,13684101415718,13684101483431,13684102408978,1.138913,0.067713,0.925547,960
live,1232,13684111270065,13684111413347,13684111496388,13684112522832,1.252767,0.083041,1.026444,960
live,1233,13684121270065,13684121414111,13684121492224,13684122413580,1.143515,0.078113,0.921356,960
live,1234,13684131270065,13684131420604,13684131499933,13684134927336,3.657271,0.079329,3.427403,960
live,1235,13684141270065,13684141455033,13684141569499,13684142896171,1.626106,0.114466,1.326672,960
live,1236,13684151270065,13684151476022,13684151587992,13684152598372,1.328307,0.11197,1.01038,960
live,1237,13684161270065,13684161635541,13684161817911,13684163221001,1.950936,0.18237,1.40309,960
live,1238,13684171270065,13684171424815,13684171514992,13684172825601,1.555536,0.090177,1.310609,960
live,1239,13684181270065,13684181420396,13684181504909,13684182431512,1.161447,0.084513,0.926603,960
live,1240,13684191270065,13684191414216,13684191497449,13684193731973,2.461908,0.083233,2.234524,960
live,1241,13684201270065,13684201412773,13684201494246,13684202397905,1.12784,0.081473,0.903659,960
live,1242,13684211270065,13684211415810,13684211496035,13684212640305,1.37024,0.080225,1.14427,960
live,1243,13684221270065,13684221419551,13684221495487,13684222414091,1.144026,0.075936,0.918604,960
live,1244,13684231270065,13684231412251,13684231479996,13684232417160,1.147095,0.067745,0.937164,960
live,1245,13684241270065,13684241409592,13684241490905,13684242404964,1.134899,0.081313,0.914059,960
live,1246,13684251270065,13684251410869,13684251503254,13684252432801,1.162736,0.092385,0.929547,960
live,1247,13684261270065,13684261409617,13684261490962,13684262721858,1.451793,0.081345,1.230896,960
live,1248,13684271270065,13684271412526,13684271483247,13684272751391,1.481326,0.070721,1.268144,960
live,1249,13684281270065,13684281415115,13684281509676,13684282749211,1.479146,0.094561,1.239535,960
live,1250,13684291270065,13684291437352,13684291506569,13684292855545,1.58548,0.069217,1.348976,960
live,1251,13684301270065,13684301440324,13684301536902,13684302425361,1.155296,0.096578,0.888459,960
live,1252,13684311270065,13684311427521,13684311517442,13684312421933,1.151868,0.089921,0.904491,960
live,1253,13684321270065,13684321421054,13684321500991,13684322417834,1.147769,0.079937,0.916843,960
live,1254,13684331270065,13684331419802,13684331487515,13684332411271,1.141206,0.067713,0.923756,960
live,1255,13684341270065,13684341417975,13684341485944,13684342371555,1.10149,0.067969,0.885611,960
live,1256,13684351270065,13684351445556,13684351545045,13684352464097,1.194032,0.099489,0.919052,960
live,1257,13684361270065,13684361433009,13684361520370,13684362406493,1.136428,0.087361,0.886123,960
live,1258,13684371270065,13684371458350,13684371564847,13684372861887,1.591822,0.106497,1.29704,960
live,1259,13684381270065,13684381474987,13684381601036,13684382912156,1.642091,0.126049,1.31112,960
live,1260,13684391270065,13684391427943,13684391505608,13684394020391,2.750326,0.077665,2.514783,960
live,1261,13684401270065,13684401426947,13684401511844,13684402409744,1.139679,0.084897,0.8979,960
live,1262,13684411270065,13684411418144,13684411496897,13684412418860,1.148795,0.078753,0.921963,960
live,1263,13684421270065,13684421416445,13684421498622,13684422407689,1.137624,0.082177,0.909067,960
live,1264,13684431270065,13684431416025,13684431496730,13684432417510,1.147445,0.080705,0.92078,960
live,1265,13684441270065,13684441420374,13684441489687,13684442366242,1.096177,0.069313,0.876555,960
live,1266,13684451270065,13684451421907,13684451489268,13684452428863,1.158798,0.067361,0.939595,960
live,1267,13684461270065,13684461409455,13684461485872,13684462378459,1.108394,0.076417,0.892587,960
live,1268,13684471270065,13684471415276,13684471494925,13684472767421,1.497356,0.079649,1.272496,960
live,1269,13684481270065,13684481413641,13684481480490,13684482700057,1.429992,0.066849,1.219567,960
live,1270,13684491270065,13684491411910,13684491479974,13684492722230,1.452165,0.068064,1.242256,960
live,1271,13684501270065,13684501421314,13684501492835,13684502701170,1.431105,0.071521,1.208335,960
live,1272,13684511270065,13684511415711,13684511482336,13684512389675,1.11961,0.066625,0.907339,960
live,1273,13684521270065,13684521411964,13684521490109,13684522378504,1.108439,0.078145,0.888395,960
live,1274,13684531270065,13684531414744,13684531495289,13684532405797,1.135732,0.080545,0.910508,960
live,1275,13684541270065,13684541412437,13684541490646,13684542404385,1.13432,0.078209,0.913739,960
live,1276,13684551270065,13684551416114,13684551485843,13684552394750,1.124685,0.069729,0.908907,960
live,1277,13684561270065,13684561416111,13684561484335,13684562363866,1.093801,0.068224,0.879531,960
live,1278,13684571270065,13684571415403,13684571487692,13684572443704,1.173639,0.072289,0.956012,960
live,1279,13684581270065,13684581418056,13684581487945,13684582730904,1.460839,0.069889,1.242959,960
live,1280,13684591270065,13684591418757,13684591489990,13684593982565,2.7125,0.071233,2.492575,960
live,1281,13684601270065,13684601474082,13684601610148,13684602969333,1.699268,0.136066,1.359185,960
live,1282,13684611270065,13684611424318,13684611504415,13684612469547,1.199482,0.080097,0.965132,960
live,1283,13684621270065,13684621439611,13684621582269,13684622770604,1.500539,0.142658,1.188335,960
live,1284,13684631270065,13684631418776,13684631495992,13684632422756,1.152691,0.077216,0.926764,960
live,1285,13684641270065,13684641415188,13684641493173,13684642377536,1.107471,0.077985,0.884363,960
live,1286,13684651270065,13684651411025,13684651486578,13684652412701,1.142636,0.075553,0.926123,960
live,1287,13684661270065,13684661411566,13684661478830,13684662367289,1.097224,0.067264,0.888459,960
live,1288,13684671270065,13684671414922,13684671482219,13684672954910,1.684845,0.067297,1.472691,960
live,1289,13684681270065,13684681414087,13684681489736,13684682719287,1.449222,0.075649,1.229551,960
live,1290,13684691270065,13684691416740,13684691504485,13684692764341,1.494276,0.087745,1.259856,960
live,1291,13684701270065,13684701412480,13684701477345,13684702690992,1.420927,0.064865,1.213647,960
live,1292,13684711270065,13684711412765,13684711522910,13684712761038,1.490973,0.110145,1.238128,960
live,1293,13684721270065,13684721412858,13684721478651,13684722359558,1.089493,0.065793,0.880907,960
live,1294,13684731270065,13684731464503,13684731546968,13684732474404,1.204339,0.082465,0.927436,960
live,1295,13684741270065,13684741441844,13684741519765,13684742404224,1.134159,0.077921,0.884459,960
live,1296,13684751270065,13684751416720,13684751495633,13684752397500,1.127435,0.078913,0.901867,960
live,1297,13684761270065,13684761416173,13684761500270,13684762382745,1.11268,0.084097,0.882475,960
live,1298,13684771270065,13684771411753,13684771479402,13684772388086,1.118021,0.067649,0.908684,960
live,1299,13684781270065,13684781415270,13684781483975,13684782388114,1.118049,0.068705,0.904139,960
live,1300,13684791270065,13684791409155,13684791476452,13684793648927,2.378862,0.067297,2.172475,960
live,1301,13684801270065,13684801418944,13684801519425,13684802765808,1.495743,0.100481,1.246383,960
live,1302,13684811270065,13684811420636,13684811489661,13684812741549,1.471484,0.069025,1.251888,960
live,1303,13684821270065,13684821409401,13684821782910,13684823040493,1.770428,0.373509,1.257583,960
live,1304,13684831270065,13684831426102,13684831519767,13684832551044,1.280979,0.093665,1.031277,960
live,1305,13684841270065,13684841422546,13684841509076,13684842420991,1.150926,0.08653,0.911915,960
live,1306,13684851270065,13684851412431,13684851495760,13684852425212,1.155147,0.083329,0.929452,960
live,1307,13684861270065,13684861412428,13684861481357,13684862380696,1.110631,0.068929,0.899339,960
live,1308,13684871270065,13684871409768,13684871478185,13684872392565,1.1225,0.068417,0.91438,960
live,1309,13684881270065,13684881417957,13684881806634,13684882876535,1.60647,0.388677,1.069901,960
live,1310,13684891270065,13684891452994,13684891867848,13684893010902,1.740837,0.414854,1.143054,960
live,1311,13684901270065,13684901417567,13684901523200,13684902450348,1.180283,0.105633,0.927148,960
live,1312,13684911270065,13684911412859,13684911491356,13684912441864,1.171799,0.078497,0.950508,960
live,1313,13684921270065,13684921411704,13684921492473,13684922394212,1.124147,0.080769,0.901739,960
live,1314,13684931270065,13684931414997,13684931503670,13684932496674,1.226609,0.088673,0.993004,960
live,1315,13684941270065,13684941416721,13684941494642,13684942400478,1.130413,0.077921,0.905836,960
live,1316,13684951270065,13684951408206,13684951481423,13684952439963,1.169898,0.073217,0.95854,960
live,1317,13684961270065,13684961411947,13684961480172,13684962378711,1.108646,0.068225,0.898539,960
live,1318,13684971270065,13684971412808,13684971481672,13684972409940,1.139875,0.068864,0.928268,960
live,1319,13684981270065,13684981411204,13684981481989,13684982396592,1.126527,0.070785,0.914603,960
live,1320,13684991270065,13684991405953,13684991478594,13684993659165,2.3891,0.072641,2.180571,960
live,1321,13685001270065,13685001412190,13685001483743,13685002378410,1.108345,0.071553,0.894667,960
live,1322,13685011270065,13685011433147,13685011839616,13685012933517,1.663452,0.406469,1.093901,960
live,1323,13685021270065,13685021414519,13685021483960,13685022410659,1.140594,0.069441,0.926699,960
live,1324,13685031270065,13685031411604,13685031503637,13685032538370,1.268305,0.092033,1.034733,960
live,1325,13685041270065,13685041416785,13685041514098,13685042438461,1.168396,0.097313,0.924363,960
live,1326,13685051270065,13685051432141,13685051523887,13685052470874,1.200809,0.091746,0.946987,960
live,1327,13685061270065,13685061429386,13685061515275,13685062407670,1.137605,0.085889,0.892395,960
live,1328,13685071270065,13685071419751,13685071488680,13685072415955,1.14589,0.068929,0.927275,960
live,1329,13685081270065,13685081408643,13685081486116,13685082396144,1.126079,0.077473,0.910028,960
live,1330,13685091270065,13685091420928,13685091803589,13685092875506,1.605441,0.382661,1.071917,960
live,1331,13685101270065,13685101494206,13685101927075,13685103087826,1.817761,0.432869,1.160751,960
live,1332,13685111270065,13685111421689,13685111513275,13685112491783,1.221718,0.091586,0.978508,960
live,1333,13685121270065,13685121414678,13685121496375,13685122402498,1.132433,0.081697,0.906123,960
live,1334,13685131270065,13685131475956,13685131605589,13685133099848,1.829783,0.129633,1.494259,960
live,1335,13685141270065,13685141421712,13685141504721,13685142750752,1.480687,0.083009,1.246031,960
live,1336,13685151270065,13685151412332,13685151495053,13685152762397,1.492332,0.082721,1.267344,960
live,1337,13685161270065,13685161412809,13685161501866,13685162419797,1.149732,0.089057,0.917931,960
live,1338,13685171270065,13685171415910,13685171487367,13685172408306,1.138241,0.071457,0.920939,960
live,1339,13685181270065,13685181413250,13685181478755,13685182373614,1.103549,0.065505,0.894859,960
live,1340,13685191270065,13685191413887,13685191488704,13685194835018,3.564953,0.074817,3.346314,960
live,1341,13685201270065,13685201450364,13685201850081,13685203749305,2.47924,0.399717,1.899224,960
live,1342,13685211270065,13685211443449,13685211832606,13685213779190,2.509125,0.389157,1.946584,960
live,1343,13685221270065,13685221413397,13685221488630,13685223323437,2.053372,0.075233,1.834807,960
live,1344,13685231270065,13685231411538,13685231486803,13685233293449,2.023384,0.075265,1.806646,960
live,1345,13685241270065,13685241411023,13685241499024,13685243314726,2.044661,0.088001,1.815702,960
live,1346,13685251270065,13685251411915,13685251498572,13685253277219,2.007154,0.086657,1.778647,960
live,1347,13685261270065,13685261410632,13685261496329,13685263277567,2.007502,0.085697,1.781238,960
live,1348,13685271270065,13685271458245,13685271576583,13685272721173,1.451108,0.118338,1.14459,960
live,1349,13685281270065,13685281435010,13685281529795,13685282490415,1.22035,0.094785,0.96062,960
live,1350,13685291270065,13685291416830,13685291508415,13685292522060,1.251995,0.091585,1.013645,960
live,1351,13685301270065,13685301413595,13685301491932,13685302428263,1.158198,0.078337,0.936331,960
live,1352,13685311270065,13685311408279,13685311484344,13685312435684,1.165619,0.076065,0.95134,960
live,1353,13685321270065,13685321406420,13685321472469,13685322371936,1.101871,0.066049,0.899467,960
live,1354,13685331270065,13685331405329,13685331472274,13685332407837,1.137772,0.066945,0.935563,960
live,1355,13685341270065,13685341399725,13685341487919,13685342442842,1.172777,0.088194,0.954923,960
live,1356,13685351270065,13685351407050,13685351481227,13685352429527,1.159462,0.074177,0.9483,960
live,1357,13685361270065,13685361403271,13685361472232,13685362714807,1.444742,0.068961,1.242575,960
live,1358,13685371270065,13685371397412,13685371458404,13685372397136,1.127071,0.060992,0.938732,960
live,1359,13685381270065,13685381397376,13685381464193,13685382368716,1.098651,0.066817,0.904523,960
live,1360,13685391270065,13685391404573,13685391497022,13685393770811,2.500746,0.092449,2.273789,960
live,1361,13685401270065,13685401408762,13685401498299,13685402424486,1.154421,0.089537,0.926187,960
live,1362,13685411270065,13685411408886,13685411476887,13685412755719,1.485654,0.068001,1.278832,960
live,1363,13685421270065,13685421406931,13685421479668,13685422757380,1.487315,0.072737,1.277712,960
live,1364,13685431270065,13685431400176,13685431461617,13685432718688,1.448623,0.061441,1.257071,960
live,1365,13685441270065,13685441403021,13685441494446,13685442764638,1.494573,0.091425,1.270192,960
live,1366,13685451270065,13685451411529,13685451480810,13685452440342,1.170277,0.069281,0.959532,960
live,1367,13685461270065,13685461397318,13685461476743,13685462381202,1.111137,0.079425,0.904459,960
live,1368,13685471270065,13685471403235,13685471472163,13685472827060,1.556995,0.068928,1.354897,960
live,1369,13685481270065,13685481405311,13685481492608,13685482424588,1.154523,0.087297,0.93198,960
live,1370,13685491270065,13685491461085,13685491569118,13685492688364,1.418299,0.108033,1.119246,960
live,1371,13685501270065,13685501450745,13685501533818,13685502479462,1.209397,0.083073,0.945644,960
live,1372,13685511270065,13685511417814,13685511501367,13685512794631,1.524566,0.083553,1.293264,960
live,1373,13685521270065,13685521416722,13685521488467,13685522716323,1.446258,0.071745,1.227856,960
live,1374,13685531270065,13685531411855,13685531482800,13685532730623,1.460558,0.070945,1.247823,960
live,1375,13685541270065,13685541419116,13685541506861,13685542459193,1.189128,0.087745,0.952332,960
live,1376,13685551270065,13685551413320,13685551487913,13685552440629,1.170564,0.074593,0.952716,960
live,1377,13685561270065,13685561413381,13685561490726,13685562407505,1.13744,0.077345,0.916779,960
live,1378,13685571270065,13685571410114,13685571480163,13685572410254,1.140189,0.070049,0.930091,960
live,1379,13685581270065,13685581410494,13685581476511,13685582381387,1.111322,0.066017,0.904876,960
live,1380,13685591270065,13685591503484,13685592155204,13685594445441,3.175376,0.65172,2.290237,960
live,1381,13685601270065,13685601418200,13685601499417,13685602448229,1.178164,0.081217,0.948812,960
live,1382,13685611270065,13685611411829,13685611492118,13685612459682,1.189617,0.080289,0.967564,960
live,1383,13685621270065,13685621417009,13685621484754,13685622729538,1.459473,0.067745,1.244784,960
live,1384,13685631270065,13685631415182,13685631487791,13685632732062,1.461997,0.072609,1.244271,960
live,1385,13685641270065,13685641417867,13685641497996,13685643180449,1.910384,0.080129,1.682453,960
live,1386,13685651270065,13685651412519,13685651490792,13685652450708,1.180643,0.078273,0.959916,960
live,1387,13685661270065,13685661411716,13685661489797,13685662383952,1.113887,0.078081,0.894155,960
live,1388,13685671270065,13685671411009,13685671477218,13685672410381,1.140316,0.066209,0.933163,960
live,1389,13685681270065,13685681410046,13685681477054,13685682371177,1.101112,0.067008,0.894123,960
live,1390,13685691270065,13685691412538,13685691482363,13685692444455,1.17439,0.069825,0.962092,960
live,1391,13685701270065,13685701415287,13685701530456,13685702602854,1.332789,0.115169,1.072398,960
live,1392,13685711270065,13685711422036,13685711494101,13685712503169,1.233104,0.072065,1.009068,960
live,1393,13685721270065,13685721501873,13685721935735,13685723845615,2.57555,0.433862,1.90988,960
live,1394,13685731270065,13685731456142,13685731854035,13685733782347,2.512282,0.397893,1.928312,960
live,1395,13685741270065,13685741451658,13685741851567,13685743758887,2.488822,0.399909,1.90732,960
live,1396,13685751270065,13685751422311,13685751816684,13685753710883,2.440818,0.394373,1.894199,960
live,1397,13685761270065,13685761405955,13685761492260,13685763264634,1.994569,0.086305,1.772374,960
live,1398,13685771270065,13685771414400,13685771487265,13685773253303,1.983238,0.072865,1.766038,960
live,1399,13685781270065,13685781402876,13685781475997,13685783266004,1.995939,0.073121,1.790007,960
live,1400,13685791270065,13685791513627,13685791675677,13685794280861,3.010796,0.16205,2.605184,960
live,1401,13685801270065,13685801448406,13685801552248,13685802528644,1.258579,0.103842,0.976396,960
live,1402,13685811270065,13685811423859,13685811510548,13685812475072,1.205007,0.086689,0.964524,960
live,1403,13685821270065,13685821426288,13685821513745,13685822414620,1.144555,0.087457,0.900875,960
live,1404,13685831270065,13685831417388,13685831499405,13685832436953,1.166888,0.082017,0.937548,960
live,1405,13685841270065,13685841414825,13685841495690,13685842397429,1.127364,0.080865,0.901739,960
live,1406,13685851270065,13685851414918,13685851500615,13685852440466,1.170401,0.085697,0.939851,960
live,1407,13685861270065,13685861415234,13685861492995,13685862400591,1.130526,0.077761,0.907596,960
live,1408,13685871270065,13685871416159,13685871482624,13685872401515,1.13145,0.066465,0.918891,960
live,1409,13685881270065,13685881408668,13685881499101,13685882383208,1.113143,0.090433,0.884107,960
live,1410,13685891270065,13685891417432,13685891812861,13685892886507,1.616442,0.395429,1.073646,960
live,1411,13685901270065,13685901438965,13685901846522,13685902995849,1.725784,0.407557,1.149327,960
live,1412,13685911270065,13685911411570,13685911489811,13685912470367,1.200302,0.078241,0.980556,960
live,1413,13685921270065,13685921416238,13685921516944,13685922503292,1.233227,0.100706,0.986348,960
live,1414,13685931270065,13685931421227,13685931521293,13685932485145,1.21508,0.100066,0.963852,960
live,1415,13685941270065,13685941417288,13685941504585,13685942470549,1.200484,0.087297,0.965964,960
live,1416,13685951270065,13685951414437,13685951500678,13685952452818,1.182753,0.086241,0.95214,960
live,1417,13685961270065,13685961412065,13685961477570,13685962386413,1.116348,0.065505,0.908843,960
live,1418,13685971270065,13685971409182,13685971475679,13685972400266,1.130201,0.066497,0.924587,960
live,1419,13685981270065,13685981411547,13685981476539,13685982365415,1.09535,0.064992,0.888876,960
live,1420,13685991270065,13685991419895,13685991821148,13685994934755,3.66469,0.401253,3.113607,960
live,1421,13686001270065,13686001421812,13686001812633,13686003689744,2.419679,0.390821,1.877111,960
live,1422,13686011270065,13686011411185,13686011488562,13686013288360,2.018295,0.077377,1.799798,960
live,1423,13686021270065,13686021412813,13686021485742,13686023279077,2.009012,0.072929,1.793335,960
live,1424,13686031270065,13686031416234,13686031507979,13686033573573,2.303508,0.091745,2.065594,960
live,1425,13686041270065,13686041418983,13686041493160,13686043301566,2.031501,0.074177,1.808406,960
live,1426,13686051270065,13686051456580,13686051572102,13686053420733,2.150668,0.115522,1.848631,960
live,1427,13686061270065,13686061417888,13686061488897,13686063285848,2.015783,0.071009,1.796951,960
live,1428,13686071270065,13686071409789,13686071495518,13686073290196,2.020131,0.085729,1.794678,960
live,1429,13686081270065,13686081414426,13686081487003,13686083272273,2.002208,0.072577,1.78527,960
live,1430,13686091270065,13686091409942,13686091485655,13686093543121,2.273056,0.075713,2.057466,960
live,1431,13686101270065,13686101407251,13686101481172,13686103885714,2.615649,0.073921,2.404542,960
live,1432,13686111270065,13686111415984,13686111502545,13686113336104,2.066039,0.086561,1.833559,960
live,1433,13686121270065,13686121410316,13686121500846,13686123284516,2.014451,0.09053,1.78367,960
live,1434,13686131270065,13686131460650,13686131573835,13686133390466,2.120401,0.113185,1.816631,960
live,1435,13686141270065,13686141430342,13686141529255,13686143244797,1.974732,0.098913,1.715542,960
live,1436,13686151270065,13686151443043,13686151553476,13686152750227,1.480162,0.110433,1.196751,960
live,1437,13686161270065,13686161430432,13686161526625,13686162485773,1.215708,0.096193,0.959148,960
live,1438,13686171270065,13686171421084,13686171511101,13686172491817,1.221752,0.090017,0.980716,960
live,1439,13686181270065,13686181416953,13686181499290,13686183262960,1.992895,0.082337,1.76367,960
live,1440,13686191270065,13686191416661,13686191495702,13686194562973,3.292908,0.079041,3.067271,960
live,1441,13686201270065,13686201415666,13686201503699,13686203295306,2.025241,0.088033,1.791607,960
live,1442,13686211270065,13686211417743,13686211504496,13686213325767,2.055702,0.086753,1.821271,960
live,1443,13686221270065,13686221413132,13686221486508,13686223279491,2.009426,0.073376,1.792983,960
live,1444,13686231270065,13686231411400,13686231483817,13686233266303,1.996238,0.072417,1.782486,960
live,1445,13686241270065,13686241421669,13686241512550,13686243300444,2.030379,0.090881,1.787894,960
live,1446,13686251270065,13686251461890,13686251554243,13686253473915,2.20385,0.092353,1.919672,960
live,1447,13686261270065,13686261443167,13686261547008,13686263360119,2.090054,0.103841,1.813111,960
live,1448,13686271270065,13686271424475,13686271504060,13686273317331,2.047266,0.079585,1.813271,960
live,1449,13686281270065,13686281415192,13686281506361,13686283293071,2.023006,0.091169,1.78671,960
live,1450,13686291270065,13686291412340,13686291486069,13686293279564,2.009499,0.073729,1.793495,960
live,1451,13686301270065,13686301411025,13686301495954,13686303274536,2.004471,0.084929,1.778582,960
live,1452,13686311270065,13686311414798,13686311496591,13686313278597,2.008532,0.081793,1.782006,960
live,1453,13686321270065,13686321410058,13686321492460,13686323269410,1.999345,0.082402,1.77695,960
live,1454,13686331270065,13686331409447,13686331481800,13686333266270,1.996205,0.072353,1.78447,960
live,1455,13686341270065,13686341412964,13686341508197,13686343289243,2.019178,0.095233,1.781046,960
live,1456,13686351270065,13686351418945,13686351504770,13686353286136,2.016071,0.085825,1.781366,960
live,1457,13686361270065,13686361415165,13686361491870,13686363292757,2.022692,0.076705,1.800887,960
live,1458,13686371270065,13686371414298,13686371501883,13686373274193,2.004128,0.087585,1.77231,960
live,1459,13686381270065,13686381415543,13686381504280,13686383317614,2.047549,0.088737,1.813334,960
live,1460,13686391270065,13686391416563,13686391496084,13686394741469,3.471404,0.079521,3.245385,960
live,1461,13686401270065,13686401436816,13686401542578,13686403350536,2.080471,0.105762,1.807958,960
live,1462,13686411270065,13686411422637,13686411517038,13686413314405,2.04434,0.094401,1.797367,960
live,1463,13686421270065,13686421420266,13686421497899,13686423274401,2.004336,0.077633,1.776502,960
live,1464,13686431270065,13686431413350,13686431502503,13686433277502,2.007437,0.089153,1.774999,960
live,1465,13686441270065,13686441419459,13686441513092,13686443297818,2.027753,0.093633,1.784726,960
live,1466,13686451270065,13686451408864,13686451486657,13686453262199,1.992134,0.077793,1.775542,960
live,1467,13686461270065,13686461410844,13686461505854,13686463303508,2.033443,0.09501,1.797654,960
live,1468,13686471270065,13686471420281,13686471511866,13686473343313,2.073248,0.091585,1.831447,960
live,1469,13686481270065,13686481416374,13686481494935,13686483296557,2.026492,0.078561,1.801622,960
live,1470,13686491270065,13686491411122,13686491488979,13686493304074,2.034009,0.077857,1.815095,960
live,1471,13686501270065,13686501414063,13686501488848,13686503290407,2.020342,0.074785,1.801559,960
live,1472,13686511270065,13686511415660,13686511494957,13686513279075,2.00901,0.079297,1.784118,960
live,1473,13686521270065,13686521413769,13686521492202,13686523329440,2.059375,0.078433,1.837238,960
live,1474,13686531270065,13686531413157,13686531496710,13686533367678,2.097613,0.083553,1.870968,960
live,1475,13686541270065,13686541411490,13686541498179,13686543280601,2.010536,0.086689,1.782422,960
live,1476,13686551270065,13686551417759,13686551508512,13686553311254,2.041189,0.090753,1.802742,960
live,1477,13686561270065,13686561531549,13686561623262,13686563663031,2.392966,0.091713,2.039769,960
live,1478,13686571270065,13686571417240,13686571519257,13686573314416,2.044351,0.102017,1.795159,960
live,1479,13686581270065,13686581417301,13686581495318,13686583273196,2.003131,0.078017,1.777878,960
live,1480,13686591270065,13686591412817,13686591503059,13686594549401,3.279336,0.090242,3.046342,960
live,1481,13686601270065,13686601420974,13686601518864,13686603329190,2.059125,0.09789,1.810326,960
live,1482,13686611270065,13686611416651,13686611534284,13686614133933,2.863868,0.117633,2.599649,960
live,1483,13686621270065,13686621431720,13686621525641,13686623399296,2.129231,0.093921,1.873655,960
live,1484,13686631270065,13686631422372,13686631500869,13686633323644,2.053579,0.078497,1.822775,960
live,1485,13686641270065,13686641412385,13686641486018,13686643281720,2.011655,0.073633,1.795702,960
live,1486,13686651270065,13686651418430,13686651513535,13686653678810,2.408745,0.095105,2.165275,960
live,1487,13686661270065,13686661416922,13686661494299,13686663571605,2.30154,0.077377,2.077306,960
live,1488,13686671270065,13686671414007,13686671511928,13686673337519,2.067454,0.097921,1.825591,960
live,1489,13686681270065,13686681416148,13686681498197,13686683297099,2.027034,0.082049,1.798902,960
live,1490,13686691270065,13686691411056,13686691499410,13686693279976,2.009911,0.088354,1.780566,960
live,1491,13686701270065,13686701413325,13686701484302,13686703545192,2.275127,0.070977,2.06089,960
live,1492,13686711270065,13686711410634,13686711483467,13686713243489,1.973424,0.072833,1.760022,960
live,1493,13686721270065,13686721410695,13686721488808,13686723311774,2.041709,0.078113,1.822966,960
live,1494,13686731270065,13686731408771,13686731482628,13686733236442,1.966377,0.073857,1.753814,960
live,1495,13686741270065,13686741407264,13686741480161,13686743266039,1.995974,0.072897,1.785878,960
live,1496,13686751270065,13686751411389,13686751483742,13686753244372,1.974307,0.072353,1.76063,960
live,1497,13686761270065,13686761419289,13686761508539,13686763573748,2.303683,0.08925,2.065209,960
live,1498,13686771270065,13686771415350,13686771504279,13686773315502,2.045437,0.088929,1.811223,960
live,1499,13686781270065,13686781418035,13686781640566,13686783431020,2.160955,0.222531,1.790454,960
