stage,sequence,release_ns,queued_ns,start_ns,end_ns,age_ms,queue_ms,service_ms,output_samples
live,0,14452422459195,14452422736207,14452423049971,14452426774889,4.315694,0.313764,3.724918,960
live,1,14452432459195,14452432645054,14452432998691,14452434634010,2.174815,0.353637,1.635319,960
live,2,14452442459195,14452442627437,14452442991283,14452444984175,2.52498,0.363846,1.992892,960
live,3,14452452459195,14452452624189,14452452991651,14452454852189,2.392994,0.367462,1.860538,960
live,4,14452462459195,14452462616557,14452462985683,14452465027280,2.568085,0.369126,2.041597,960
live,5,14452472459195,14452472618781,14452472995843,14452475474055,3.01486,0.377062,2.478212,960
live,6,14452482459195,14452482601645,14452482930962,14452484681451,2.222256,0.329317,1.750489,960
live,7,14452492459195,14452492573789,14452492843585,14452494384087,1.924892,0.269796,1.540502,960
live,8,14452502459195,14452502609069,14452502992147,14452505139378,2.680183,0.383078,2.147231,960
live,9,14452512459195,14452512614750,14452513000291,14452515114722,2.655527,0.385541,2.114431,960
live,10,14452522459195,14452522595661,14452522665166,14452524738252,2.279057,0.069505,2.073086,960
live,11,14452532459195,14452532614334,14452532703711,14452534886622,2.427427,0.089377,2.182911,960
live,12,14452542459195,14452542609678,14452542683055,14452544763021,2.303826,0.073377,2.079966,960
live,13,14452552459195,14452552601342,14452552682655,14452554718972,2.259777,0.081313,2.036317,960
live,14,14452562459195,14452562604014,14452562697135,14452564766381,2.307186,0.093121,2.069246,960
live,15,14452572459195,14452572601950,14452572680863,14452574716764,2.257569,0.078913,2.035901,960
live,16,14452582459195,14452582607342,14452582693167,14452584713932,2.254737,0.085825,2.020765,960
live,17,14452592459195,14452592608734,14452592707775,14452594740125,2.28093,0.099041,2.03235,960
live,18,14452602459195,14452602655599,14452602770416,14452604868174,2.408979,0.114817,2.097758,960
live,19,14452612459195,14452614013714,14452614113972,14452616121297,3.662102,0.100258,2.007325,960
live,20,14452622459195,14452622604430,14452622680943,14452629259182,6.799987,0.076513,6.578239,960
live,21,14452632459195,14452632599678,14452632698975,14452634903295,2.4441,0.099297,2.20432,960
live,22,14452642459195,14452642637615,14452642725232,14452645185043,2.725848,0.087617,2.459811,960
live,23,14452652459195,14452652617214,14452652700960,14452655103586,2.644391,0.083746,2.402626,960
live,24,14452662459195,14452662619598,14452662698352,14452665032657,2.573462,0.078754,2.334305,960
live,25,14452672459195,14452672616190,14452672695424,14452674284214,1.825019,0.079234,1.58879,960
live,26,14452682459195,14452682614158,14452682705232,14452684347463,1.888268,0.091074,1.642231,960
live,27,14452692459195,14452692622271,14452692700992,14452694232470,1.773275,0.078721,1.531478,960
live,28,14452702459195,14452702625903,14452702703216,14452703901633,1.442438,0.077313,1.198417,960
live,29,14452712459195,14452712619871,14452712700288,14452713896113,1.436918,0.080417,1.195825,960
live,30,14452722459195,14452722616335,14452722688304,14452724210630,1.751435,0.071969,1.522326,960
live,31,14452732459195,14452732621791,14452732707424,14452734306615,1.84742,0.085633,1.599191,960
live,32,14452742459195,14452742641743,14452742710576,14452743924770,1.465575,0.068833,1.214194,960
live,33,14452752459195,14452752604895,14452753418186,14452754641628,2.182433,0.813291,1.223442,960
live,34,14452762459195,14452762643951,14452762729745,14452763906049,1.446854,0.085794,1.176304,960
live,35,14452772459195,14452772626591,14452772703520,14452774220470,1.761275,0.076929,1.51695,960
live,36,14452782459195,14452782798066,14452782882611,14452784682861,2.223666,0.084545,1.80025,960
live,37,14452792459195,14452792628703,14452792705472,14452794217302,1.758107,0.076769,1.51183,960
live,38,14452802459195,14452802620847,14452803010581,14452805086067,2.626872,0.389734,2.075486,960
live,39,14452812459195,14452812610527,14452813001285,14452815072643,2.613448,0.390758,2.071358,960
live,40,14452822459195,14452822615439,14452823002389,14452829323120,6.863925,0.38695,6.320731,960
live,41,14452832459195,14452832634464,14452832727969,14452836649337,4.190142,0.093505,3.921368,960
live,42,14452842459195,14452842605903,14452842680880,14452844742830,2.283635,0.074977,2.06195,960
live,43,14452852459195,14452852588895,14452852665696,14452854523867,2.064672,0.076801,1.858171,960
live,44,14452862459195,14452862588719,14452862666416,14452864665677,2.206482,0.077697,1.999261,960
live,45,14452872459195,14452872613471,14452872696225,14452874710270,2.251075,0.082754,2.014045,960
live,46,14452882459195,14452882616432,14452882697585,14452885124436,2.665241,0.081153,2.426851,960
live,47,14452892459195,14452892613312,14452892707777,14452895248069,2.788874,0.094465,2.540292,960
live,48,14452902459195,14452902625648,14452902704561,14452905060147,2.600952,0.078913,2.355586,960
live,49,14452912459195,14452912616576,14452912693569,14452914725982,2.266787,0.076993,2.032413,960
live,50,14452922459195,14452922616304,14452922693809,14452924724462,2.265267,0.077505,2.030653,960
live,51,14452932459195,14452932607168,14452932682753,14452934708382,2.249187,0.075585,2.025629,960
live,52,14452942459195,14452942622192,14452942705617,14452944803055,2.34386,0.083425,2.097438,960
live,53,14452952459195,14452952622752,14452952702785,14452954979810,2.520615,0.080033,2.277025,960
live,54,14452962459195,14452962619280,14452962700529,14452964724494,2.265299,0.081249,2.023965,960
live,55,14452972459195,14452972614016,14452972691553,14452974683742,2.224547,0.077537,1.992189,960
live,56,14452982459195,14452982614928,14452982691953,14452984743023,2.283828,0.077025,2.05107,960
live,57,14452992459195,14452992624224,14452992708481,14452995153669,2.694474,0.084257,2.445188,960
live,58,14453002459195,14453002608112,14453002693681,14453005143028,2.683833,0.085569,2.449347,960
live,59,14453012459195,14453012618592,14453012695041,14453015036931,2.577736,0.076449,2.34189,960
live,60,14453022459195,14453022617424,14453022697937,14453029124334,6.665139,0.080513,6.426397,960
live,61,14453032459195,14453032620128,14453032701377,14453034723550,2.264355,0.081249,2.022173,960
live,62,14453042459195,14453042630288,14453042713841,14453044833648,2.374453,0.083553,2.119807,960
live,63,14453052459195,14453052614528,14453052692449,14453054733983,2.274788,0.077921,2.041534,960
live,64,14453062459195,14453062620976,14453062706769,14453065031795,2.5726,0.085793,2.325026,960
live,65,14453072459195,14453072604608,14453072672897,14453074599709,2.140514,0.068289,1.926812,960
live,66,14453082459195,14453082587632,14453082658897,14453084456299,1.997104,0.071265,1.797402,960
live,67,14453092459195,14453092621888,14453092710754,14453095185253,2.726058,0.088866,2.474499,960
live,68,14453102459195,14453102614704,14453102697809,14453105114196,2.655001,0.083105,2.416387,960
live,69,14453112459195,14453113076295,14453113225225,14453115575627,3.116432,0.14893,2.350402,960
live,70,14453122459195,14453122642641,14453122731506,14453124983122,2.523927,0.088865,2.251616,960
live,71,14453132459195,14453132611808,14453132688865,14453134638493,2.179298,0.077057,1.949628,960
live,72,14453142459195,14453142916853,14453143112919,14453145515450,3.056255,0.196066,2.402531,960
live,73,14453152459195,14453152657505,14453152758242,14453154798688,2.339493,0.100737,2.040446,960
live,74,14453162459195,14453162621328,14453162712178,14453164769359,2.310164,0.09085,2.057181,960
live,75,14453172459195,14453172611136,14453172699073,14453174719519,2.260324,0.087937,2.020446,960
live,76,14453182459195,14453182656529,14453182741874,14453184785040,2.325845,0.085345,2.043166,960
live,77,14453192459195,14453192631969,14453192713154,14453195326535,2.86734,0.081185,2.613381,960
live,78,14453202459195,14453202612528,14453202703954,14453205214870,2.755675,0.091426,2.510916,960
live,79,14453212459195,14453212612352,14453212697698,14453215107460,2.648265,0.085346,2.409762,960
live,80,14453222459195,14453222603920,14453222683857,14453229109102,6.649907,0.079937,6.425245,960
live,81,14453232459195,14453232612672,14453232712802,14453234742687,2.283492,0.10013,2.029885,960
live,82,14453242459195,14453242603344,14453242683153,14453244725839,2.266644,0.079809,2.042686,960
live,83,14453252459195,14453252606944,14453252691362,14453254798112,2.338917,0.084418,2.10675,960
live,84,14453262459195,14453262606416,14453262705266,14453264786416,2.327221,0.09885,2.08115,960
live,85,14453272459195,14453272607104,14453272686465,14453274718815,2.25962,0.079361,2.03235,960
live,86,14453282459195,14453282610000,14453282678737,14453283972612,1.513417,0.068737,1.293875,960
live,87,14453292459195,14453292620097,14453292703106,14453293929587,1.470392,0.083009,1.226481,960
live,88,14453302459195,14453302609520,14453302688466,14453303937828,1.478633,0.078946,1.249362,960
live,89,14453312459195,14453312605984,14453312687042,14453313878867,1.419672,0.081058,1.191825,960
live,90,14453322459195,14453322601584,14453322664945,14453324217032,1.757837,0.063361,1.552087,960
live,91,14453332459195,14453332603872,14453332678241,14453334182519,1.723324,0.074369,1.504278,960
live,92,14453342459195,14453342597488,14453342670545,14453344207720,1.748525,0.073057,1.537175,960
live,93,14453352459195,14453352612065,14453352688610,14453353927283,1.468088,0.076545,1.238673,960
live,94,14453362459195,14453362607088,14453362680498,14453363878339,1.419144,0.07341,1.197841,960
live,95,14453372459195,14453372602208,14453372681858,14453373864115,1.40492,0.07965,1.182257,960
live,96,14453382459195,14453382602320,14453382673041,14453383854018,1.394823,0.070721,1.180977,960
live,97,14453392459195,14453392605313,14453392670369,14453393840722,1.381527,0.065056,1.170353,960
live,98,14453402459195,14453402609073,14453402682098,14453403920131,1.460936,0.073025,1.238033,960
live,99,14453412459195,14453412604705,14453412985478,14453415453386,2.994191,0.380773,2.467908,960
live,100,14453422459195,14453422600977,14453422979606,14453429512692,7.053497,0.378629,6.533086,960
live,101,14453432459195,14453432598849,14453432692802,14453435040164,2.580969,0.093953,2.347362,960
live,102,14453442459195,14453442604497,14453442689714,14453444767376,2.308181,0.085217,2.077662,960
live,103,14453452459195,14453452606241,14453452687938,14453454021845,1.56265,0.081697,1.333907,960
live,104,14453462459195,14453462606513,14453462685778,14453464700271,2.241076,0.079265,2.014493,960
live,105,14453472459195,14453472606785,14453472685762,14453474729247,2.270052,0.078977,2.043485,960
live,106,14453482459195,14453482601521,14453482682002,14453484757328,2.298133,0.080481,2.075326,960
live,107,14453492459195,14453492603297,14453492682882,14453494712927,2.253732,0.079585,2.030045,960
live,108,14453502459195,14453502647601,14453502758483,14453504921426,2.462231,0.110882,2.162943,960
live,109,14453512459195,14453512623137,14453512725442,14453515029668,2.570473,0.102305,2.304226,960
live,110,14453522459195,14453522617841,14453522710258,14453524778352,2.319157,0.092417,2.068094,960
live,111,14453532459195,14453532612737,14453532699362,14453534726879,2.267684,0.086625,2.027517,960
live,112,14453542459195,14453542609937,14453542692530,14453544723727,2.264532,0.082593,2.031197,960
live,113,14453552459195,14453552794180,14453553026311,14453555459562,3.000367,0.232131,2.433251,960
live,114,14453562459195,14453562636113,14453562732435,14453564819889,2.360694,0.096322,2.087454,960
live,115,14453572459195,14453572618337,14453572705538,14453575048132,2.588937,0.087201,2.342594,960
live,116,14453582459195,14453582611569,14453582712370,14453585059956,2.600761,0.100801,2.347586,960
live,117,14453592459195,14453592602945,14453592684706,14453594985827,2.526632,0.081761,2.301121,960
live,118,14453602459195,14453602600657,14453602682994,14453605837311,3.378116,0.082337,3.154317,960
live,119,14453612459195,14453612618433,14453612706850,14453615067876,2.608681,0.088417,2.361026,960
live,120,14453622459195,14453622610609,14453622697298,14453629026957,6.567762,0.086689,6.329659,960
live,121,14453632459195,14453632611969,14453632703330,14453635252167,2.792972,0.091361,2.548837,960
live,122,14453642459195,14453642605233,14453642674098,14453644736496,2.277301,0.068865,2.062398,960
live,123,14453652459195,14453652605025,14453652672738,14453654982179,2.522984,0.067713,2.309441,960
live,124,14453662459195,14453662620625,14453662711027,14453665149014,2.689819,0.090402,2.437987,960
live,125,14453672459195,14453672611617,14453672695906,14453675001668,2.542473,0.084289,2.305762,960
live,126,14453682459195,14453682603185,14453682682834,14453685020436,2.561241,0.079649,2.337602,960
live,127,14453692459195,14453692606081,14453692676610,14453694975555,2.51636,0.070529,2.298945,960
live,128,14453702459195,14453702602737,14453702670642,14453704308234,1.849039,0.067905,1.637592,960
live,129,14453712459195,14453712609185,14453712692034,14453714304410,1.845215,0.082849,1.612376,960
live,130,14453722459195,14453722609585,14453722692274,14453723896196,1.437001,0.082689,1.203922,960
live,131,14453732459195,14453732607521,14453732691426,14453733898164,1.438969,0.083905,1.206738,960
live,132,14453742459195,14453742621681,14453742699250,14453743900708,1.441513,0.077569,1.201458,960
live,133,14453752459195,14453752602081,14453752677122,14453753860115,1.40092,0.075041,1.182993,960
live,134,14453762459195,14453762617105,14453762696370,14453763944228,1.485033,0.079265,1.247858,960
live,135,14453772459195,14453772607009,14453772680962,14453773868979,1.409784,0.073953,1.188017,960
live,136,14453782459195,14453782600721,14453782672946,14453783856323,1.397128,0.072225,1.183377,960
live,137,14453792459195,14453792598529,14453792664418,14453794159096,1.699901,0.065889,1.494678,960
live,138,14453802459195,14453802601425,14453802669810,14453804199144,1.739949,0.068385,1.529334,960
live,139,14453812459195,14453812605121,14453812687234,14453814250393,1.791198,0.082113,1.563159,960
live,140,14453822459195,14453822613105,14453822998391,14453829362771,6.903576,0.385286,6.36438,960
live,141,14453832459195,14453832620386,14453833003143,14453835427466,2.968271,0.382757,2.424323,960
live,142,14453842459195,14453842613329,14453842992887,14453845444250,2.985055,0.379558,2.451363,960
live,143,14453852459195,14453852600737,14453852672354,14453855004996,2.545801,0.071617,2.332642,960
live,144,14453862459195,14453862614321,14453862703955,14453865107925,2.64873,0.089634,2.40397,960
live,145,14453872459195,14453872603361,14453872681794,14453875029188,2.569993,0.078433,2.347394,960
live,146,14453882459195,14453882597745,14453882679058,14453885025876,2.566681,0.081313,2.346818,960
live,147,14453892459195,14453892597441,14453892666210,14453894990596,2.531401,0.068769,2.324386,960
live,148,14453902459195,14453902593297,14453902690995,14453905021748,2.562553,0.097698,2.330753,960
live,149,14453912459195,14453912609857,14453912702659,14453915088965,2.62977,0.092802,2.386306,960
live,150,14453922459195,14453922612306,14453922692787,14453925067125,2.60793,0.080481,2.374338,960
live,151,14453932459195,14453932613378,14453932698595,14453935019684,2.560489,0.085217,2.321089,960
live,152,14453942459195,14453942646994,14453942735859,14453945127638,2.668443,0.088865,2.391779,960
live,153,14453952459195,14453952627458,14453952710211,14453954760321,2.301126,0.082753,2.05011,960
live,154,14453962459195,14453962716755,14453962804276,14453964920019,2.460824,0.087521,2.115743,960
live,155,14453972459195,14453972621346,14453972710019,14453974780321,2.321126,0.088673,2.070302,960
live,156,14453982459195,14453982600145,14453982679795,14453984754960,2.295765,0.07965,2.075165,960
live,157,14453992459195,14453992599393,14453992666722,14453994720288,2.261093,0.067329,2.053566,960
live,158,14454002459195,14454002595825,14454002674994,14454004790033,2.330838,0.079169,2.115039,960
live,159,14454012459195,14454012600225,14454012685123,14454014939683,2.480488,0.084898,2.25456,960
live,160,14454022459195,14454022608561,14454022695635,14454029053038,6.593843,0.087074,6.357403,960
live,161,14454032459195,14454032610337,14454032694755,14454035044389,2.585194,0.084418,2.349634,960
live,162,14454042459195,14454042603185,14454042681042,14454045037492,2.578297,0.077857,2.35645,960
live,163,14454052459195,14454052604961,14454052686979,14454055007268,2.548073,0.082018,2.320289,960
live,164,14454062459195,14454062600337,14454062699987,14454065260824,2.801629,0.09965,2.560837,960
live,165,14454072459195,14454072600321,14454072684642,14454075063525,2.60433,0.084321,2.378883,960
live,166,14454082459195,14454082599505,14454082669266,14454085051349,2.592154,0.069761,2.382083,960
live,167,14454092459195,14454092597345,14454092691747,14454095005508,2.546313,0.094402,2.313761,960
live,168,14454102459195,14454102597873,14454102664274,14454105006324,2.547129,0.066401,2.34205,960
live,169,14454112459195,14454112599457,14454112667970,14454114965507,2.506312,0.068513,2.297537,960
live,170,14454122459195,14454122607025,14454122689394,14454124819857,2.360662,0.082369,2.130463,960
live,171,14454132459195,14454132606081,14454132684418,14454135009156,2.549961,0.078337,2.324738,960
live,172,14454142459195,14454142604753,14454142687122,14454144764112,2.304917,0.082369,2.07699,960
live,173,14454152459195,14454152599073,14454152679042,14454154981315,2.52212,0.079969,2.302273,960
live,174,14454162459195,14454162598353,14454162690066,14454164783825,2.32463,0.091713,2.093759,960
live,175,14454172459195,14454172603457,14454172689986,14454175184102,2.724907,0.086529,2.494116,960
live,176,14454182459195,14454182606769,14454182676434,14454185055380,2.596185,0.069665,2.378946,960
live,177,14454192459195,14454192603201,14454192674146,14454194962755,2.50356,0.070945,2.288609,960
live,178,14454202459195,14454202597937,14454202667122,14454204769616,2.310421,0.069185,2.102494,960
live,179,14454212459195,14454212598401,14454212667906,14454214721728,2.262533,0.069505,2.053822,960
live,180,14454222459195,14454222609137,14454222700082,14454228794186,6.334991,0.090945,6.094104,960
live,181,14454232459195,14454232607969,14454232699554,14454234777312,2.318117,0.091585,2.077758,960
live,182,14454242459195,14454242611505,14454242699026,14454244796369,2.337174,0.087521,2.097343,960
live,183,14454252459195,14454252605249,14454252679266,14454254748832,2.289637,0.074017,2.069566,960
live,184,14454262459195,14454262599249,14454262685138,14454264903954,2.444759,0.085889,2.218816,960
live,185,14454272459195,14454272618273,14454272714339,14454275232455,2.77326,0.096066,2.518116,960
live,186,14454282459195,14454282602673,14454282685906,14454285174678,2.715483,0.083233,2.488772,960
live,187,14454292459195,14454292600737,14454292681730,14454295140357,2.681162,0.080993,2.458627,960
live,188,14454302459195,14454302598673,14454302680530,14454305165238,2.706043,0.081857,2.484708,960
live,189,14454312459195,14454312601793,14454312702402,14454315169862,2.710667,0.100609,2.46746,960
live,190,14454322459195,14454322616177,14454322710450,14454325235895,2.7767,0.094273,2.525445,960
live,191,14454332459195,14454332605441,14454332676066,14454335149477,2.690282,0.070625,2.473411,960
live,192,14454342459195,14454342596081,14454342666226,14454345132117,2.672922,0.070145,2.465891,960
live,193,14454352459195,14454352607937,14454352690434,14454355017508,2.558313,0.082497,2.327074,960
live,194,14454362459195,14454362600177,14454362679858,14454364774768,2.315573,0.079681,2.09491,960
live,195,14454372459195,14454372614337,14454372702754,14454374847393,2.388198,0.088417,2.144639,960
live,196,14454382459195,14454382605585,14454382677586,14454384768816,2.309621,0.072001,2.09123,960
live,197,14454392459195,14454392595553,14454392673698,14454394730687,2.271492,0.078145,2.056989,960
live,198,14454402459195,14454402595761,14454402672946,14454404775600,2.316405,0.077185,2.102654,960
live,199,14454412459195,14454412600065,14454412700866,14454414762784,2.303589,0.100801,2.061918,960
live,200,14454422459195,14454422865716,14454422961110,14454429166223,6.707028,0.095394,6.205113,960
live,201,14454432459195,14454432614177,14454432713314,14454434785312,2.326117,0.099137,2.071998,960
live,202,14454442459195,14454442597361,14454442676722,14454444758480,2.299285,0.079361,2.081758,960
live,203,14454452459195,14454452606401,14454452694114,14454454749152,2.289957,0.087713,2.055038,960
live,204,14454462459195,14454462604785,14454462691058,14454464777424,2.318229,0.086273,2.086366,960
live,205,14454472459195,14454472597088,14454472677474,14454475509002,3.049807,0.080386,2.831528,960
live,206,14454482459195,14454482615089,14454482701586,14454484858705,2.39951,0.086497,2.157119,960
live,207,14454492459195,14454492608001,14454492690242,14454494757504,2.298309,0.082241,2.067262,960
live,208,14454502459195,14454502599696,14454502678994,14454504774224,2.315029,0.079298,2.09523,960
live,209,14454512459195,14454512595424,14454512688674,14454514750911,2.291716,0.09325,2.062237,960
live,210,14454522459195,14454522599312,14454522678706,14454524802256,2.343061,0.079394,2.12355,960
live,211,14454532459195,14454532608513,14454532697826,14454534849025,2.38983,0.089313,2.151199,960
live,212,14454542459195,14454542606832,14454542693810,14454544802960,2.343765,0.086978,2.10915,960
live,213,14454552459195,14454552602592,14454552685026,14454554725983,2.266788,0.082434,2.040957,960
live,214,14454562459195,14454562596848,14454562666929,14454564756655,2.29746,0.070081,2.089726,960
live,215,14454572459195,14454572595488,14454572674881,14454574769152,2.309957,0.079393,2.094271,960
live,216,14454582459195,14454582606992,14454582702322,14454584872689,2.413494,0.09533,2.170367,960
live,217,14454592459195,14454592608800,14454592691650,14454594760191,2.300996,0.08285,2.068541,960
live,218,14454602459195,14454602647761,14454602757523,14454604900401,2.441206,0.109762,2.142878,960
live,219,14454612459195,14454612623905,14454612714530,14454614790048,2.330853,0.090625,2.075518,960
live,220,14454622459195,14454622617040,14454622705522,14454629316881,6.857686,0.088482,6.611359,960
live,221,14454632459195,14454632632161,14454632732290,14454634832512,2.373317,0.100129,2.100222,960
live,222,14454642459195,14454642767219,14454642860596,14454645016083,2.556888,0.093377,2.155487,960
live,223,14454652459195,14454652608224,14454652693762,14454654763615,2.30442,0.085538,2.069853,960
live,224,14454662459195,14454662612400,14454662700818,14454664810576,2.351381,0.088418,2.109758,960
live,225,14454672459195,14454672610880,14454672695746,14454674770079,2.310884,0.084866,2.074333,960
live,226,14454682459195,14454682613264,14454682701906,14454684864305,2.40511,0.088642,2.162399,960
live,227,14454692459195,14454692605568,14454692690369,14454694775519,2.316324,0.084801,2.08515,960
live,228,14454702459195,14454702640401,14454702725650,14454704825456,2.366261,0.085249,2.099806,960
live,229,14454712459195,14454712621952,14454712705634,14454714779039,2.319844,0.083682,2.073405,960
live,230,14454722459195,14454722603280,14454722686961,14454723965028,1.505833,0.083681,1.278067,960
live,231,14454732459195,14454732602624,14454732693089,14454733992500,1.533305,0.090465,1.299411,960
live,232,14454742459195,14454742603568,14454742692177,14454743913731,1.454536,0.088609,1.221554,960
live,233,14454752459195,14454752604000,14454752679873,14454753876914,1.417719,0.075873,1.197041,960
live,234,14454762459195,14454762603024,14454762680145,14454763874402,1.415207,0.077121,1.194257,960
live,235,14454772459195,14454772600832,14454772692801,14454773892915,1.43372,0.091969,1.200114,960
live,236,14454782459195,14454782599888,14454782682225,14454783939619,1.480424,0.082337,1.257394,960
live,237,14454792459195,14454792604640,14454792684193,14454793895635,1.43644,0.079553,1.211442,960
live,238,14454802459195,14454802600112,14454802675281,14454803870050,1.410855,0.075169,1.194769,960
live,239,14454812459195,14454812600800,14454812674209,14454813853490,1.394295,0.073409,1.179281,960
live,240,14454822459195,14454822601104,14454822675217,14454827791643,5.332448,0.074113,5.116426,960
live,241,14454832459195,14454832607232,14454832694561,14454833940019,1.480824,0.087329,1.245458,960
live,242,14454842459195,14454842604080,14454842670801,14454843861442,1.402247,0.066721,1.190641,960
live,243,14454852459195,14454852616448,14454853002310,14454854423930,1.964735,0.385862,1.42162,960
live,244,14454862459195,14454862618928,14454863012566,14454865177173,2.717978,0.393638,2.164607,960
live,245,14454872459195,14454872643296,14454872748482,14454874905313,2.446118,0.105186,2.156831,960
live,246,14454882459195,14454882922644,14454883028214,14454885584955,3.12576,0.10557,2.556741,960
live,247,14454892459195,14454892608224,14454892699489,14454895167173,2.707978,0.091265,2.467684,960
live,248,14454902459195,14454902603536,14454902678801,14454905163381,2.704186,0.075265,2.48458,960
live,249,14454912459195,14454912597376,14454912679809,14454915144708,2.685513,0.082433,2.464899,960
live,250,14454922459195,14454922602160,14454922683505,14454925171445,2.71225,0.081345,2.48794,960
live,251,14454932459195,14454932597952,14454932684417,14454935825454,3.366259,0.086465,3.141037,960
live,252,14454942459195,14454942603856,14454942691185,14454944845200,2.386005,0.087329,2.154015,960
live,253,14454952459195,14454952602016,14454952700321,14454955082915,2.62372,0.098305,2.382594,960
live,254,14454962459195,14454962597264,14454962682481,14454965079891,2.620696,0.085217,2.39741,960
live,255,14454972459195,14454972607872,14454972695777,14454975071491,2.612296,0.087905,2.375714,960
live,256,14454982459195,14454982601392,14454982680785,14454985060115,2.60092,0.079393,2.37933,960
live,257,14454992459195,14454992606656,14454992698689,14454995107780,2.648585,0.092033,2.409091,960
live,258,14455002459195,14455002605039,14455002693425,14455005063667,2.604472,0.088386,2.370242,960
live,259,14455012459195,14455012599391,14455012672544,14455015020994,2.561799,0.073153,2.34845,960
live,260,14455022459195,14455022596175,14455022691153,14455029011180,6.551985,0.094978,6.320027,960
live,261,14455032459195,14455032604863,14455032697473,14455035059843,2.600648,0.09261,2.36237,960
live,262,14455042459195,14455042604975,14455042700689,14455045124532,2.665337,0.095714,2.423843,960
live,263,14455052459195,14455052602623,14455052693729,14455055074243,2.615048,0.091106,2.380514,960
live,264,14455062459195,14455062599311,14455062668528,14455064780270,2.321075,0.069217,2.111742,960
live,265,14455072459195,14455072602015,14455072675712,14455075035074,2.575879,0.073697,2.359362,960
live,266,14455082459195,14455082606639,14455082691792,14455084792623,2.333428,0.085153,2.100831,960
live,267,14455092459195,14455092606911,14455092696832,14455095027138,2.567943,0.089921,2.330306,960
live,268,14455102459195,14455102604367,14455102691184,14455104818927,2.359732,0.086817,2.127743,960
live,269,14455112459195,14455112599807,14455112685920,14455114752638,2.293443,0.086113,2.066718,960
live,270,14455122459195,14455122599503,14455122684208,14455124803663,2.344468,0.084705,2.119455,960
live,271,14455132459195,14455132604127,14455132696704,14455134790270,2.331075,0.092577,2.093566,960
live,272,14455142459195,14455142604911,14455142698896,14455144873359,2.414164,0.093985,2.174463,960
live,273,14455152459195,14455152606783,14455152699328,14455154774750,2.315555,0.092545,2.075422,960
live,274,14455162459195,14455162602031,14455162673840,14455164787054,2.327859,0.071809,2.113214,960
live,275,14455172459195,14455172597278,14455172668416,14455175026305,2.56711,0.071138,2.357889,960
live,276,14455182459195,14455182601582,14455182692336,14455184782734,2.323539,0.090754,2.090398,960
live,277,14455192459195,14455192606271,14455192697088,14455195108323,2.649128,0.090817,2.411235,960
live,278,14455202459195,14455202605550,14455202691504,14455204793550,2.334355,0.085954,2.102046,960
live,279,14455212459195,14455212602942,14455212682367,14455214765501,2.306306,0.079425,2.083134,960
live,280,14455222459195,14455222601038,14455222682575,14455229085292,6.626097,0.081537,6.402717,960
live,281,14455232459195,14455232603422,14455232694592,14455235178147,2.718952,0.09117,2.483555,960
live,282,14455242459195,14455242605102,14455242696272,14455245229460,2.770265,0.09117,2.533188,960
live,283,14455252459195,14455252604350,14455252691679,14455255180611,2.721416,0.087329,2.488932,960
live,284,14455262459195,14455262599342,14455262680367,14455265061009,2.601814,0.081025,2.380642,960
live,285,14455272459195,14455272602846,14455272693535,14455274778269,2.319074,0.090689,2.084734,960
live,286,14455282459195,14455282598542,14455282667375,14455284784365,2.32517,0.068833,2.11699,960
live,287,14455292459195,14455292646335,14455292734080,14455294866879,2.407684,0.087745,2.132799,960
live,288,14455302459195,14455302604302,14455302678127,14455303977730,1.518535,0.073825,1.299603,960
live,289,14455312459195,14455312604574,14455312706239,14455313936753,1.477558,0.101665,1.230514,960
live,290,14455322459195,14455322600686,14455322680783,14455323903200,1.444005,0.080097,1.222417,960
live,291,14455332459195,14455332601950,14455332677215,14455333871184,1.411989,0.075265,1.193969,960
live,292,14455342459195,14455342597422,14455342672815,14455344480905,2.02171,0.075393,1.80809,960
live,293,14455352459195,14455352607518,14455352693631,14455354232053,1.772858,0.086113,1.538422,960
live,294,14455362459195,14455362601070,14455362677327,14455364231365,1.77217,0.076257,1.554038,960
live,295,14455372459195,14455372598013,14455372670334,14455374191508,1.732313,0.072321,1.521174,960
live,296,14455382459195,14455382599949,14455382689263,14455384248805,1.78961,0.089314,1.559542,960
live,297,14455392459195,14455392599645,14455392668254,14455394488569,2.029374,0.068609,1.820315,960
live,298,14455402459195,14455402597997,14455402679310,14455404263013,1.803818,0.081313,1.583703,960
live,299,14455412459195,14455412608509,14455412676350,14455414201524,1.742329,0.067841,1.525174,960
live,300,14455422459195,14455422611277,14455422989107,14455429480080,7.020885,0.37783,6.490973,960
live,301,14455432459195,14455432609021,14455433003235,14455435553896,3.094701,0.394214,2.550661,960
live,302,14455442459195,14455442598317,14455442670094,14455445173906,2.714711,0.071777,2.503812,960
live,303,14455452459195,14455452604477,14455452696478,14455455097697,2.638502,0.092001,2.401219,960
live,304,14455462459195,14455462644078,14455462732111,14455465104689,2.645494,0.088033,2.372578,960
live,305,14455472459195,14455472627325,14455472719167,14455475060000,2.600805,0.091842,2.340833,960
live,306,14455482459195,14455482602349,14455482700558,14455485099441,2.640246,0.098209,2.398883,960
live,307,14455492459195,14455492600189,14455492683198,14455495018368,2.559173,0.083009,2.33517,960
live,308,14455502459195,14455502602317,14455502700046,14455505147313,2.688118,0.097729,2.447267,960
live,309,14455512459195,14455512604637,14455512678078,14455515069728,2.610533,0.073441,2.39165,960
live,310,14455522459195,14455522600845,14455522681582,14455524760300,2.301105,0.080737,2.078718,960
live,311,14455532459195,14455532599613,14455532670430,14455534761340,2.302145,0.070817,2.09091,960
live,312,14455542459195,14455542614157,14455542688270,14455544794892,2.335697,0.074113,2.106622,960
live,313,14455552459195,14455552604221,14455552682302,14455554827357,2.368162,0.078081,2.145055,960
live,314,14455562459195,14455562602988,14455562673486,14455564807212,2.348017,0.070498,2.133726,960
live,315,14455572459195,14455572594780,14455572673213,14455574733659,2.274464,0.078433,2.060446,960
live,316,14455582459195,14455582598412,14455582683598,14455584798956,2.339761,0.085186,2.115358,960
live,317,14455592459195,14455592599228,14455592679485,14455595011711,2.552516,0.080257,2.332226,960
live,318,14455602459195,14455602608972,14455602699470,14455605151825,2.69263,0.090498,2.452355,960
live,319,14455612459195,14455612600924,14455612676669,14455615068640,2.609445,0.075745,2.391971,960
live,320,14455622459195,14455622595628,14455622666061,14455628952904,6.493709,0.070433,6.286843,960
live,321,14455632459195,14455632603292,14455632693917,14455635044159,2.584964,0.090625,2.350242,960
live,322,14455642459195,14455642598668,14455642672493,14455645047887,2.588692,0.073825,2.375394,960
live,323,14455652459195,14455652604380,14455652698205,14455654392470,1.933275,0.093825,1.694265,960
live,324,14455662459195,14455662608460,14455662679661,14455664267876,1.808681,0.071201,1.588215,960
live,325,14455672459195,14455672597372,14455672680253,14455674221267,1.762072,0.082881,1.541014,960
live,326,14455682459195,14455682598988,14455682675629,14455684219651,1.760456,0.076641,1.544022,960
live,327,14455692459195,14455692595580,14455692677821,14455693883566,1.424371,0.082241,1.205745,960
live,328,14455702459195,14455702607532,14455702696205,14455703915519,1.456324,0.088673,1.219314,960
live,329,14455712459195,14455712602396,14455712678077,14455714213139,1.753944,0.075681,1.535062,960
live,330,14455722459195,14455722597388,14455722672685,14455724214915,1.75572,0.075297,1.54223,960
live,331,14455732459195,14455732598300,14455732681789,14455734204979,1.745784,0.083489,1.52319,960
live,332,14455742459195,14455742597739,14455742664332,14455744272452,1.813257,0.066593,1.60812,960
live,333,14455752459195,14455753131715,14455753203364,14455754437686,1.978491,0.071649,1.234322,960
live,334,14455762459195,14455762600523,14455762666380,14455763857341,1.398146,0.065857,1.190961,960
live,335,14455772459195,14455772610011,14455772997889,14455774342388,1.883193,0.387878,1.344499,960
live,336,14455782459195,14455782594763,14455782662508,14455783877086,1.417891,0.067745,1.214578,960
live,337,14455792459195,14455792595899,14455792661980,14455793865197,1.406002,0.066081,1.203217,960
live,338,14455802459195,14455802595019,14455802659948,14455804993486,2.534291,0.064929,2.333538,960
live,339,14455812459195,14455812611899,14455812697181,14455813914030,1.454835,0.085282,1.216849,960
live,340,14455822459195,14455822600555,14455822674764,14455827821782,5.362587,0.074209,5.147018,960
live,341,14455832459195,14455832603515,14455832684092,14455833887982,1.428787,0.080577,1.20389,960
live,342,14455842459195,14455842597707,14455842662764,14455843851965,1.39277,0.065057,1.189201,960
live,343,14455852459195,14455852596955,14455852658748,14455853856077,1.396882,0.061793,1.197329,960
live,344,14455862459195,14455862599883,14455862681004,14455863908574,1.449379,0.081121,1.22757,960
live,345,14455872459195,14455872605019,14455872998369,14455875125663,2.666468,0.39335,2.127294,960
live,346,14455882459195,14455882601835,14455882986064,14455885183824,2.724629,0.384229,2.19776,960
live,347,14455892459195,14455892596507,14455892675420,14455894758106,2.298911,0.078913,2.082686,960
live,348,14455902459195,14455902595243,14455902665676,14455904747146,2.287951,0.070433,2.08147,960
live,349,14455912459195,14455912607483,14455912696412,14455914872123,2.412928,0.088929,2.175711,960
live,350,14455922459195,14455922601835,14455922673900,14455924818698,2.359503,0.072065,2.144798,960
live,351,14455932459195,14455932597434,14455932680028,14455934751993,2.292798,0.082594,2.071965,960
live,352,14455942459195,14455942598730,14455942679692,14455944801514,2.342319,0.080962,2.121822,960
live,353,14455952459195,14455952596730,14455952666939,14455954762169,2.302974,0.070209,2.09523,960
live,354,14455962459195,14455962606730,14455962693580,14455964878219,2.419024,0.08685,2.184639,960
live,355,14455972459195,14455972607418,14455972694140,14455974036527,1.577332,0.086722,1.342387,960
live,356,14455982459195,14455982602570,14455982690923,14455983965790,1.506595,0.088353,1.274867,960
live,357,14455992459195,14455992609370,14455992689883,14455993911725,1.45253,0.080513,1.221842,960
live,358,14456002459195,14456002601866,14456002715596,14456003922077,1.462882,0.11373,1.206481,960
live,359,14456012459195,14456012616186,14456012700379,14456014310802,1.851607,0.084193,1.610423,960
live,360,14456022459195,14456022608618,14456022688715,14456028199866,5.740671,0.080097,5.511151,960
live,361,14456032459195,14456032607514,14456032688923,14456034134992,1.675797,0.081409,1.446069,960
live,362,14456042459195,14456042598090,14456042672267,14456044227777,1.768582,0.074177,1.55551,960
live,363,14456052459195,14456052598681,14456052668955,14456054204401,1.745206,0.070274,1.535446,960
live,364,14456062459195,14456062602633,14456062683371,14456064307938,1.848743,0.080738,1.624567,960
live,365,14456072459195,14456072604281,14456072674554,14456074209969,1.750774,0.070273,1.535415,960
live,366,14456082459195,14456082603145,14456082670442,14456084228801,1.769606,0.067297,1.558359,960
live,367,14456092459195,14456092610233,14456092996223,14456095490339,3.031144,0.38599,2.494116,960
live,368,14456102459195,14456102607145,14456102995087,14456105428562,2.969367,0.387942,2.433475,960
live,369,14456112459195,14456112602073,14456112677306,14456115055644,2.596449,0.075233,2.378338,960
live,370,14456122459195,14456122601577,14456122681226,14456125076173,2.616978,0.079649,2.394947,960
live,371,14456132459195,14456132596505,14456132677754,14456135022524,2.563329,0.081249,2.34477,960
live,372,14456142459195,14456142601545,14456142671050,14456144960907,2.501712,0.069505,2.289857,960
live,373,14456152459195,14456152600441,14456152673466,14456154945818,2.486623,0.073025,2.272352,960
live,374,14456162459195,14456162618889,14456162728938,14456165152237,2.693042,0.110049,2.423299,960
live,375,14456172459195,14456172612345,14456172700826,14456175059740,2.600545,0.088481,2.358914,960
live,376,14456182459195,14456182603784,14456182688266,14456185084876,2.625681,0.084482,2.39661,960
live,377,14456192459195,14456192601848,14456192683641,14456195065820,2.606625,0.081793,2.382179,960
live,378,14456202459195,14456202598216,14456202671497,14456204799144,2.339949,0.073281,2.127647,960
live,379,14456212459195,14456212817115,14456212964669,14456215105436,2.646241,0.147554,2.140767,960
live,380,14456222459195,14456222660585,14456222757834,14456228907043,6.447848,0.097249,6.149209,960
live,381,14456232459195,14456232637112,14456232737338,14456234837336,2.378141,0.100226,2.099998,960
live,382,14456242459195,14456242609384,14456242690473,14456244812552,2.353357,0.081089,2.122079,960
live,383,14456252459195,14456252599704,14456252679577,14456254760503,2.301308,0.079873,2.080926,960
live,384,14456262459195,14456262599592,14456262681065,14456265597459,3.138264,0.081473,2.916394,960
live,385,14456272459195,14456272609752,14456272697561,14456275073947,2.614752,0.087809,2.376386,960
live,386,14456282459195,14456282603112,14456282677129,14456285080587,2.621392,0.074017,2.403458,960
live,387,14456292459195,14456292599159,14456292682649,14456295028090,2.568895,0.08349,2.345441,960
live,388,14456302459195,14456302597991,14456302686601,14456305066123,2.606928,0.08861,2.379522,960
live,389,14456312459195,14456312602711,14456312688088,14456315290174,2.830979,0.085377,2.602086,960
live,390,14456322459195,14456322609031,14456322697833,14456325182252,2.723057,0.088802,2.484419,960
live,391,14456332459195,14456332610135,14456332702937,14456335065307,2.606112,0.092802,2.36237,960
live,392,14456342459195,14456342599399,14456342668680,14456345044362,2.585167,0.069281,2.375682,960
live,393,14456352459195,14456352597303,14456352680632,14456355045530,2.586335,0.083329,2.364898,960
live,394,14456362459195,14456362599015,14456362679816,14456365072010,2.612815,0.080801,2.392194,960
live,395,14456372459195,14456372613207,14456372709272,14456375130491,2.671296,0.096065,2.421219,960
live,396,14456382459195,14456382604455,14456382689256,14456385085706,2.626511,0.084801,2.39645,960
live,397,14456392459195,14456392602359,14456392684184,14456395038202,2.579007,0.081825,2.354018,960
live,398,14456402459195,14456402602470,14456402674087,14456405059242,2.600047,0.071617,2.385155,960
live,399,14456412459195,14456412598038,14456412678743,14456415036249,2.577054,0.080705,2.357506,960
live,400,14456422459195,14456422611270,14456422706344,14456428823232,6.364037,0.095074,6.116888,960
live,401,14456432459195,14456432621654,14456432734264,14456434838198,2.379003,0.11261,2.103934,960
live,402,14456442459195,14456442611110,14456442695623,14456444817510,2.358315,0.084513,2.121887,960
live,403,14456452459195,14456452602646,14456452678711,14456454773301,2.314106,0.076065,2.09459,960
live,404,14456462459195,14456462595142,14456462665319,14456464791653,2.332458,0.070177,2.126334,960
live,405,14456472459195,14456472602326,14456472694551,14456474832054,2.372859,0.092225,2.137503,960
live,406,14456482459195,14456482608646,14456482685863,14456484820614,2.361419,0.077217,2.134751,960
live,407,14456492459195,14456492598902,14456492681143,14456494773333,2.314138,0.082241,2.09219,960
live,408,14456502459195,14456502601478,14456502673639,14456504824614,2.365419,0.072161,2.150975,960
live,409,14456512459195,14456512597365,14456512676695,14456514755188,2.295993,0.07933,2.078493,960
live,410,14456522459195,14456522603461,14456522698247,14456524859270,2.400075,0.094786,2.161023,960
live,411,14456532459195,14456532614453,14456532701207,14456534802005,2.34281,0.086754,2.100798,960
live,412,14456542459195,14456542600453,14456542672294,14456544809669,2.350474,0.071841,2.137375,960
live,413,14456552459195,14456552596437,14456552684950,14456554770292,2.311097,0.088513,2.085342,960
live,414,14456562459195,14456562601189,14456562681990,14456564785956,2.326761,0.080801,2.103966,960
live,415,14456572459195,14456572607317,14456572700854,14456574867126,2.407931,0.093537,2.166272,960
live,416,14456582459195,14456582606117,14456582678310,14456584802309,2.343114,0.072193,2.123999,960
live,417,14456592459195,14456592599893,14456592667862,14456594745620,2.286425,0.067969,2.077758,960
live,418,14456602459195,14456602653637,14456602766983,14456604901926,2.442731,0.113346,2.134943,960
live,419,14456612459195,14456612620661,14456612714806,14456614779252,2.320057,0.094145,2.064446,960
live,420,14456622459195,14456622613541,14456622707878,14456628851454,6.392259,0.094337,6.143576,960
live,421,14456632459195,14456632616021,14456632715606,14456634813236,2.354041,0.099585,2.09763,960
live,422,14456642459195,14456642638149,14456642735494,14456644895493,2.436298,0.097345,2.159999,960
live,423,14456652459195,14456652615316,14456652709590,14456654841204,2.382009,0.094274,2.131614,960
live,424,14456662459195,14456662605956,14456662709606,14456664826948,2.367753,0.10365,2.117342,960
live,425,14456672459195,14456672891096,14456672983514,14456675177721,2.718526,0.092418,2.194207,960
live,426,14456682459195,14456682606660,14456682692581,14456684813380,2.354185,0.085921,2.120799,960
live,427,14456692459195,14456692605076,14456692688821,14456694777459,2.318264,0.083745,2.088638,960
live,428,14456702459195,14456702598212,14456702672421,14456704772451,2.313256,0.074209,2.10003,960
live,429,14456712459195,14456712597684,14456712679253,14456714766995,2.3078,0.081569,2.087742,960
live,430,14456722459195,14456722604036,14456722674917,14456725068743,2.609548,0.070881,2.393826,960
live,431,14456732459195,14456732602772,14456732685685,14456734787795,2.3286,0.082913,2.10211,960
live,432,14456742459195,14456742610756,14456742696197,14456744808739,2.349544,0.085441,2.112542,960
live,433,14456752459195,14456752605811,14456752689301,14456754776659,2.317464,0.08349,2.087358,960
live,434,14456762459195,14456762602531,14456762685092,14456764806819,2.347624,0.082561,2.121727,960
live,435,14456772459195,14456772598483,14456772679060,14456773955399,1.496204,0.080577,1.276339,960
live,436,14456782459195,14456782611107,14456782698308,14456783996439,1.537244,0.087201,1.298131,960
live,437,14456792459195,14456792602163,14456792676724,14456793891622,1.432427,0.074561,1.214898,960
live,438,14456802459195,14456802603299,14456802681700,14456803882741,1.423546,0.078401,1.201041,960
live,439,14456812459195,14456812600371,14456812704244,14456813895365,1.43617,0.103873,1.191121,960
live,440,14456822459195,14456822601955,14456822684996,14456828036273,5.577078,0.083041,5.351277,960
live,441,14456832459195,14456832616179,14456832711028,14456833938438,1.479243,0.094849,1.22741,960
live,442,14456842459195,14456842603299,14456842680868,14456843885077,1.425882,0.077569,1.204209,960
live,443,14456852459195,14456852609459,14456852689396,14456853883429,1.424234,0.079937,1.194033,960
live,444,14456862459195,14456862599746,14456862675075,14456863868021,1.408826,0.075329,1.192946,960
live,445,14456872459195,14456872604978,14456872689204,14456873908261,1.449066,0.084226,1.219057,960
live,446,14456882459195,14456882609794,14456882696036,14456883941397,1.482202,0.086242,1.245361,960
live,447,14456892459195,14456892614514,14456893010648,14456895131159,2.671964,0.396134,2.120511,960
live,448,14456902459195,14456902623458,14456903022760,14456905290153,2.830958,0.399302,2.267393,960
live,449,14456912459195,14456912598962,14456912681907,14456914774193,2.314998,0.082945,2.092286,960
live,450,14456922459195,14456922601922,14456922683139,14456924806178,2.346983,0.081217,2.123039,960
live,451,14456932459195,14456932609778,14456932701107,14456934841074,2.381879,0.091329,2.139967,960
live,452,14456942459195,14456942605346,14456942689411,14456944839842,2.380647,0.084065,2.150431,960
live,453,14456952459195,14456952608850,14456952684051,14456954787729,2.328534,0.075201,2.103678,960
live,454,14456962459195,14456962595009,14456962669154,14456964756928,2.297733,0.074145,2.087774,960
live,455,14456972459195,14456972594801,14456972665554,14456974772785,2.31359,0.070753,2.107231,960
live,456,14456982459195,14456982645378,14456982742947,14456984933859,2.474664,0.097569,2.190912,960
live,457,14456992459195,14456992627761,14456992700915,14456994771024,2.311829,0.073154,2.070109,960
live,458,14457002459195,14457002598913,14457002671522,14457004773408,2.314213,0.072609,2.101886,960
live,459,14457012459195,14457012600433,14457012685202,14457014759568,2.300373,0.084769,2.074366,960
live,460,14457022459195,14457022598593,14457022680514,14457028698520,6.239325,0.081921,6.018006,960
live,461,14457032459195,14457032605265,14457032695570,14457034832977,2.373782,0.090305,2.137407,960
live,462,14457042459195,14457042602113,14457042688162,14457044835489,2.376294,0.086049,2.147327,960
live,463,14457052459195,14457052605552,14457052695346,14457054814064,2.354869,0.089794,2.118718,960
live,464,14457062459195,14457062599008,14457062681505,14457064826944,2.367749,0.082497,2.145439,960
live,465,14457072459195,14457072599824,14457072695697,14457074782928,2.323733,0.095873,2.087231,960
live,466,14457082459195,14457082604736,14457082700513,14457084878177,2.418982,0.095777,2.177664,960
live,467,14457092459195,14457092601040,14457092684049,14457094840976,2.381781,0.083009,2.156927,960
live,468,14457102459195,14457102598304,14457102672577,14457104816192,2.356997,0.074273,2.143615,960
live,469,14457112459195,14457112601232,14457112672721,14457114745998,2.286803,0.071489,2.073277,960
live,470,14457122459195,14457122606688,14457122698881,14457124862592,2.403397,0.092193,2.163711,960
live,471,14457132459195,14457132609007,14457132689489,14457134831887,2.372692,0.080482,2.142398,960
live,472,14457142459195,14457142600287,14457142676000,14457144787423,2.328228,0.075713,2.111423,960
live,473,14457152459195,14457152598863,14457152681968,14457154767918,2.308723,0.083105,2.08595,960
live,474,14457162459195,14457162629599,14457162727361,14457164845247,2.386052,0.097762,2.117886,960
live,475,14457172459195,14457172611759,14457172701840,14457174786062,2.326867,0.090081,2.084222,960
live,476,14457182459195,14457182696032,14457182794434,14457184962273,2.503078,0.098402,2.167839,960
live,477,14457192459195,14457192608495,14457192690832,14457194769710,2.310515,0.082337,2.078878,960
live,478,14457202459195,14457202600415,14457202673312,14457204785374,2.326179,0.072897,2.112062,960
live,479,14457212459195,14457212596494,14457212670671,14457214749069,2.289874,0.074177,2.078398,960
live,480,14457222459195,14457222597502,14457222697952,14457228761431,6.302236,0.10045,6.063479,960
live,481,14457232459195,14457232601550,14457232700176,14457235358262,2.899067,0.098626,2.658086,960
live,482,14457242459195,14457242608862,14457242708192,14457245267588,2.808393,0.09933,2.559396,960
live,483,14457252459195,14457252602830,14457252700303,14457255094482,2.635287,0.097473,2.394179,960
live,484,14457262459195,14457262604478,14457262690527,14457264811262,2.352067,0.086049,2.120735,960
live,485,14457272459195,14457272599982,14457272671023,14457274746861,2.287666,0.071041,2.075838,960
live,486,14457282459195,14457282599101,14457282680255,14457285602345,3.14315,0.081154,2.92209,960
live,487,14457292459195,14457292607245,14457292695567,14457294805357,2.346162,0.088322,2.10979,960
live,488,14457302459195,14457302597853,14457302684734,14457304805213,2.346018,0.086881,2.120479,960
live,489,14457312459195,14457312599853,14457312681486,14457313966177,1.506982,0.081633,1.284691,960
live,490,14457322459195,14457322599037,14457322696286,14457323955825,1.49663,0.097249,1.259539,960
live,491,14457332459195,14457332601901,14457332683502,14457333943392,1.484197,0.081601,1.25989,960
live,492,14457342459195,14457342615293,14457342716830,14457344101714,1.642519,0.101537,1.384884,960
live,493,14457352459195,14457352607853,14457352687822,14457353912128,1.452933,0.079969,1.224306,960
live,494,14457362459195,14457362602749,14457362680094,14457363875791,1.416596,0.077345,1.195697,960
live,495,14457372459195,14457372608813,14457372689166,14457374221316,1.762121,0.080353,1.53215,960
live,496,14457382459195,14457382600412,14457382690558,14457384242356,1.783161,0.090146,1.551798,960
live,497,14457392459195,14457392603724,14457392688397,14457394260772,1.801577,0.084673,1.572375,960
live,498,14457402459195,14457402601084,14457402664573,14457404146450,1.687255,0.063489,1.481877,960
live,499,14457412459195,14457412582188,14457412644589,14457413797757,1.338562,0.062401,1.153168,960
live,500,14457422459195,14457422598652,14457422667869,14457427806567,5.347372,0.069217,5.138698,960
live,501,14457432459195,14457432603244,14457432709645,14457433933407,1.474212,0.106401,1.223762,960
live,502,14457442459195,14457442616508,14457443009313,14457445227905,2.76871,0.392805,2.218592,960
live,503,14457452459195,14457452616588,14457453010225,14457455444436,2.985241,0.393637,2.434211,960
live,504,14457462459195,14457462616796,14457463002337,14457465218049,2.758854,0.385541,2.215712,960
live,505,14457472459195,14457472625164,14457472722797,14457474799627,2.340432,0.097633,2.07683,960
live,506,14457482459195,14457482612315,14457482699836,14457484786042,2.326847,0.087521,2.086206,960
live,507,14457492459195,14457492611435,14457492700076,14457494812811,2.353616,0.088641,2.112735,960
live,508,14457502459195,14457502613019,14457502685276,14457504800250,2.341055,0.072257,2.114974,960
live,509,14457512459195,14457512596491,14457512670508,14457514750954,2.291759,0.074017,2.080446,960
live,510,14457522459195,14457522599611,14457522673308,14457524769914,2.310719,0.073697,2.096606,960
live,511,14457532459195,14457532598026,14457532696172,14457534784458,2.325263,0.098146,2.088286,960
live,512,14457542459195,14457542610682,14457542701564,14457545048798,2.589603,0.090882,2.347234,960
live,513,14457552459195,14457552610154,14457552684107,14457554748713,2.289518,0.073953,2.064606,960
live,514,14457562459195,14457562605882,14457562702108,14457564799354,2.340159,0.096226,2.097246,960
live,515,14457572459195,14457572608842,14457572697611,14457574776649,2.317454,0.088769,2.079038,960
live,516,14457582459195,14457582605370,14457582689179,14457584796697,2.337502,0.083809,2.107518,960
live,517,14457592459195,14457592609802,14457592701579,14457594835370,2.376175,0.091777,2.133791,960
live,518,14457602459195,14457602606778,14457602680891,14457604820730,2.361535,0.074113,2.139839,960
live,519,14457612459195,14457612597993,14457612679275,14457614762441,2.303246,0.081282,2.083166,960
live,520,14457622459195,14457622600473,14457622674170,14457629083767,6.624572,0.073697,6.409597,960
live,521,14457632459195,14457632601577,14457632683306,14457634767624,2.308429,0.081729,2.084318,960
live,522,14457642459195,14457642601465,14457642690522,14457644874970,2.415775,0.089057,2.184448,960
live,523,14457652459195,14457652609065,14457652680938,14457655029452,2.570257,0.071873,2.348514,960
live,524,14457662459195,14457662596857,14457662669850,14457664794264,2.335069,0.072993,2.124414,960
live,525,14457672459195,14457672597609,14457672692650,14457675028204,2.569009,0.095041,2.335554,960
live,526,14457682459195,14457682627961,14457682728346,14457684815192,2.355997,0.100385,2.086846,960
live,527,14457692459195,14457692678410,14457692798571,14457695257487,2.798292,0.120161,2.458916,960
live,528,14457702459195,14457702609240,14457702705306,14457704817720,2.358525,0.096066,2.112414,960
live,529,14457712459195,14457712606344,14457712677481,14457714785992,2.326797,0.071137,2.108511,960
live,530,14457722459195,14457722596056,14457722675769,14457725200253,2.741058,0.079713,2.524484,960
live,531,14457732459195,14457732597288,14457732685385,14457735078124,2.618929,0.088097,2.392739,960
live,532,14457742459195,14457742634744,14457742711257,14457745661060,3.201865,0.076513,2.949803,960
live,533,14457752459195,14457752629800,14457752724073,14457754807143,2.347948,0.094273,2.08307,960
live,534,14457762459195,14457762622616,14457762708921,14457764811031,2.351836,0.086305,2.10211,960
live,535,14457772459195,14457772602151,14457772672585,14457774726854,2.267659,0.070434,2.054269,960
live,536,14457782459195,14457782606295,14457782694425,14457784785687,2.326492,0.08813,2.091262,960
live,537,14457792459195,14457792603303,14457792677928,14457793954139,1.494944,0.074625,1.276211,960
live,538,14457802459195,14457802615799,14457802704985,14457803973323,1.514128,0.089186,1.268338,960
live,539,14457812459195,14457812603591,14457812684008,14457813884057,1.424862,0.080417,1.200049,960
live,540,14457822459195,14457822598615,14457822681752,14457827981124,5.521929,0.083137,5.299372,960
live,541,14457832459195,14457832603815,14457832695528,14457834238750,1.779555,0.091713,1.543222,960
live,542,14457842459195,14457842602583,14457842680856,14457844248846,1.789651,0.078273,1.56799,960
live,543,14457852459195,14457852607559,14457852694024,14457854291679,1.832484,0.086465,1.597655,960
live,544,14457862459195,14457862603574,14457862683768,14457864253166,1.793971,0.080194,1.569398,960
live,545,14457872459195,14457872601286,14457872677831,14457874193821,1.734626,0.076545,1.51599,960
live,546,14457882459195,14457882600118,14457882677751,14457884220397,1.761202,0.077633,1.542646,960
live,547,14457892459195,14457892610406,14457892684135,14457894195997,1.736802,0.073729,1.511862,960
live,548,14457902459195,14457902600566,14457902691063,14457904304366,1.845171,0.090497,1.613303,960
live,549,14457912459195,14457912603238,14457912674279,14457914181148,1.721953,0.071041,1.506869,960
live,550,14457922459195,14457922609878,14457923001051,14457925433438,2.974243,0.391173,2.432387,960
live,551,14457932459195,14457932624134,14457933023692,14457935538576,3.079381,0.399558,2.514884,960
live,552,14457942459195,14457942618230,14457943014011,14457945470911,3.011716,0.395781,2.4569,960
live,553,14457952459195,14457952614181,14457952708231,14457955127946,2.668751,0.09405,2.419715,960
live,554,14457962459195,14457962602645,14457962678166,14457965051416,2.592221,0.075521,2.37325,960
live,555,14457972459195,14457972596261,14457972675718,14457975035144,2.575949,0.079457,2.359426,960
live,556,14457982459195,14457982598261,14457982673366,14457985071928,2.612733,0.075105,2.398562,960
live,557,14457992459195,14457992601637,14457992685734,14457995038536,2.579341,0.084097,2.352802,960
live,558,14458002459195,14458002604821,14458002682998,14458004852533,2.393338,0.078177,2.169535,960
live,559,14458012459195,14458012605028,14458012706790,14458014804708,2.345513,0.101762,2.097918,960
live,560,14458022459195,14458022612404,14458022698390,14458028758701,6.299506,0.085986,6.060311,960
live,561,14458032459195,14458032604580,14458032703397,14458034795364,2.336169,0.098817,2.091967,960
live,562,14458042459195,14458042600308,14458042679029,14458044796403,2.337208,0.078721,2.117374,960
live,563,14458052459195,14458052602628,14458052701253,14458054840836,2.381641,0.098625,2.139583,960
live,564,14458062459195,14458062609748,14458062695605,14458064826260,2.367065,0.085857,2.130655,960
live,565,14458072459195,14458072598051,14458072667268,14458074752962,2.293767,0.069217,2.085694,960
live,566,14458082459195,14458082595027,14458082663764,14458084793075,2.33388,0.068737,2.129311,960
live,567,14458092459195,14458092604643,14458092679140,14458094753986,2.294791,0.074497,2.074846,960
live,568,14458102459195,14458102654708,14458102959224,14458105374843,2.915648,0.304516,2.415619,960
live,569,14458112459195,14458112603875,14458112705572,14458115076966,2.617771,0.101697,2.371394,960
live,570,14458122459195,14458122598835,14458122670612,14458125063222,2.604027,0.071777,2.39261,960
live,571,14458132459195,14458132595426,14458132692708,14458135065638,2.606443,0.097282,2.37293,960
live,572,14458142459195,14458142601138,14458142672211,14458145080886,2.621691,0.071073,2.408675,960
live,573,14458152459195,14458152599330,14458152671043,14458155534412,3.075217,0.071713,2.863369,960
live,574,14458162459195,14458162603410,14458162697043,14458165124118,2.664923,0.093633,2.427075,960
live,575,14458172459195,14458172600834,14458172687555,14458175039845,2.58065,0.086721,2.35229,960
live,576,14458182459195,14458182598290,14458182667219,14458185048309,2.589114,0.068929,2.38109,960
live,577,14458192459195,14458192597761,14458192670050,14458194992452,2.533257,0.072289,2.322402,960
live,578,14458202459195,14458202599089,14458202676658,14458205329337,2.870142,0.077569,2.652679,960
live,579,14458212459195,14458212601281,14458212688322,14458215100933,2.641738,0.087041,2.412611,960
live,580,14458222459195,14458222603313,14458222676082,14458228711241,6.252046,0.072769,6.035159,960
live,581,14458232459195,14458232596961,14458232684482,14458234777376,2.318181,0.087521,2.092894,960
live,582,14458242459195,14458242605073,14458242678738,14458244798800,2.339605,0.073665,2.120062,960
live,583,14458252459195,14458252597088,14458252667393,14458254754399,2.295204,0.070305,2.087006,960
live,584,14458262459195,14458262600016,14458262697010,14458264852465,2.39327,0.096994,2.155455,960
live,585,14458272459195,14458272605888,14458272679137,14458274752863,2.293668,0.073249,2.073726,960
live,586,14458282459195,14458282592752,14458282662801,14458284768783,2.309588,0.070049,2.105982,960
live,587,14458292459195,14458292595392,14458292687905,14458295044707,2.585512,0.092513,2.356802,960
live,588,14458302459195,14458302605968,14458302679697,14458305090420,2.631225,0.073729,2.410723,960
live,589,14458312459195,14458312603680,14458312700513,14458315109156,2.649961,0.096833,2.408643,960
live,590,14458322459195,14458322712241,14458322870035,14458325557466,3.098271,0.157794,2.687431,960
live,591,14458332459195,14458332634240,14458332728897,14458334819807,2.360612,0.094657,2.09091,960
live,592,14458342459195,14458342608719,14458342705873,14458344800367,2.341172,0.097154,2.094494,960
live,593,14458352459195,14458352602847,14458352686464,14458354761918,2.302723,0.083617,2.075454,960
live,594,14458362459195,14458362605263,14458362698224,14458364865743,2.406548,0.092961,2.167519,960
live,595,14458372459195,14458372610367,14458372702592,14458374804382,2.345187,0.092225,2.10179,960
live,596,14458382459195,14458382602606,14458382675632,14458384769934,2.310739,0.073026,2.094302,960
live,597,14458392459195,14458392601694,14458392705280,14458394793118,2.333923,0.103586,2.087838,960
live,598,14458402459195,14458402597710,14458402670767,14458404783598,2.324403,0.073057,2.112831,960
live,599,14458412459195,14458412613918,14458412699455,14458414861310,2.402115,0.085537,2.161855,960
live,600,14458422459195,14458422600654,14458422676879,14458429134284,6.675089,0.076225,6.457405,960
live,601,14458432459195,14458432603710,14458432707583,14458435187843,2.728648,0.103873,2.48026,960
live,602,14458442459195,14458442609454,14458442682639,14458445200659,2.741464,0.073185,2.51802,960
live,603,14458452459195,14458452595677,14458452672414,14458454820861,2.361666,0.076737,2.148447,960
live,604,14458462459195,14458462603405,14458462682446,14458464852718,2.393523,0.079041,2.170272,960
live,605,14458472459195,14458472613245,14458472707199,14458474815805,2.35661,0.093954,2.108606,960
live,606,14458482459195,14458482607949,14458482683342,14458484790540,2.331345,0.075393,2.107198,960
live,607,14458492459195,14458492603901,14458492687454,14458494768124,2.308929,0.083553,2.08067,960
live,608,14458502459195,14458502604333,14458502676878,14458504798188,2.338993,0.072545,2.12131,960
live,609,14458512459195,14458512646685,14458512736702,14458515175297,2.716102,0.090017,2.438595,960
live,610,14458522459195,14458522625293,14458522702094,14458525087696,2.628501,0.076801,2.385602,960
live,611,14458532459195,14458532601532,14458532685853,14458535029375,2.57018,0.084321,2.343522,960
live,612,14458542459195,14458542598924,14458542681389,14458545040079,2.580884,0.082465,2.35869,960
live,613,14458552459195,14458552600956,14458552674397,14458555018687,2.559492,0.073441,2.34429,960
live,614,14458562459195,14458562608172,14458562747726,14458565401716,2.942521,0.139554,2.65399,960
live,615,14458572459195,14458572601979,14458572676797,14458575076255,2.61706,0.074818,2.399458,960
live,616,14458582459195,14458582598283,14458582674092,14458585056783,2.597588,0.075809,2.382691,960
live,617,14458592459195,14458592594715,14458592666428,14458595018014,2.558819,0.071713,2.351586,960
live,618,14458602459195,14458602645324,14458602751021,14458604885964,2.426769,0.105697,2.134943,960
live,619,14458612459195,14458612635547,14458612735709,14458615396899,2.937704,0.100162,2.66119,960
live,620,14458622459195,14458622621099,14458622719916,14458628813764,6.354569,0.098817,6.093848,960
live,621,14458632459195,14458632617851,14458632710396,14458634808314,2.349119,0.092545,2.097918,960
live,622,14458642459195,14458642600138,14458642700108,14458645094382,2.635187,0.09997,2.394274,960
live,623,14458652459195,14458652601914,14458652675803,14458655043709,2.584514,0.073889,2.367906,960
live,624,14458662459195,14458662599466,14458662671339,14458665666102,3.206907,0.071873,2.994763,960
live,625,14458672459195,14458672606490,14458672703579,14458675171295,2.7121,0.097089,2.467716,960
live,626,14458682459195,14458682603722,14458682675499,14458684816682,2.357487,0.071777,2.141183,960
live,627,14458692459195,14458692598522,14458692673307,14458694749464,2.290269,0.074785,2.076157,960
live,628,14458702459195,14458702615754,14458702690667,14458704795145,2.33595,0.074913,2.104478,960
live,629,14458712459195,14458712596281,14458712671194,14458714746648,2.287453,0.074913,2.075454,960
live,630,14458722459195,14458722605001,14458722697578,14458724895498,2.436303,0.092577,2.19792,960
live,631,14458732459195,14458732604697,14458732689114,14458734759192,2.299997,0.084417,2.070078,960
live,632,14458742459195,14458742597641,14458742668138,14458744756328,2.297133,0.070497,2.08819,960
live,633,14458752459195,14458752600729,14458752672666,14458755048636,2.589441,0.071937,2.37597,960
live,634,14458762459195,14458762596616,14458762668393,14458765045164,2.585969,0.071777,2.376771,960
live,635,14458772459195,14458772605624,14458772694394,14458775124189,2.664994,0.08877,2.429795,960
live,636,14458782459195,14458782604552,14458782684777,14458785085932,2.626737,0.080225,2.401155,960
live,637,14458792459195,14458792601752,14458792684985,14458795028315,2.56912,0.083233,2.34333,960
live,638,14458802459195,14458802598312,14458802681545,14458805034667,2.575472,0.083233,2.353122,960
live,639,14458812459195,14458812598008,14458812668953,14458815030459,2.571264,0.070945,2.361506,960
live,640,14458822459195,14458822608200,14458822703913,14458828381531,5.922336,0.095713,5.677618,960
live,641,14458832459195,14458832610103,14458832709817,14458834275727,1.816532,0.099714,1.56591,960
live,642,14458842459195,14458842606087,14458842685160,14458844245023,1.785828,0.079073,1.559863,960
live,643,14458852459195,14458852601111,14458852682648,14458854217486,1.758291,0.081537,1.534838,960
live,644,14458862459195,14458862596359,14458862674792,14458864240670,1.781475,0.078433,1.565878,960
live,645,14458872459195,14458872605943,14458872700120,14458874301903,1.842708,0.094177,1.601783,960
live,646,14458882459195,14458882604583,14458882675912,14458884237822,1.778627,0.071329,1.56191,960
live,647,14458892459195,14458892597398,14458892680056,14458894203821,1.744626,0.082658,1.523765,960
live,648,14458902459195,14458902598918,14458902676263,14458903870072,1.410877,0.077345,1.193809,960
live,649,14458912459195,14458912597494,14458912662135,14458913856360,1.397165,0.064641,1.194225,960
live,650,14458922459195,14458922605990,14458922684775,14458923911129,1.451934,0.078785,1.226354,960
live,651,14458932459195,14458932607830,14458932675895,14458933873640,1.414445,0.068065,1.197745,960
live,652,14458942459195,14458942607398,14458942995019,14458945162218,2.703023,0.387621,2.167199,960
live,653,14458952459195,14458952603509,14458952996187,14458955217339,2.758144,0.392678,2.221152,960
live,654,14458962459195,14458962620870,14458963014443,14458965195179,2.735984,0.393573,2.180736,960
live,655,14458972459195,14458972595637,14458972678998,14458975417534,2.958339,0.083361,2.738536,960
live,656,14458982459195,14458982602213,14458982692006,14458985117897,2.658702,0.089793,2.425891,960
live,657,14458992459195,14458992608437,14458992680470,14458995054648,2.595453,0.072033,2.374178,960
live,658,14459002459195,14459002594852,14459002677766,14459005049448,2.590253,0.082914,2.371682,960
live,659,14459012459195,14459012600628,14459012673461,14459015007767,2.548572,0.072833,2.334306,960
live,660,14459022459195,14459022597860,14459022669125,14459029059457,6.600262,0.071265,6.390332,960
live,661,14459032459195,14459032612660,14459032715062,14459035103032,2.643837,0.102402,2.38797,960
live,662,14459042459195,14459042602852,14459042685253,14459045083367,2.624172,0.082401,2.398114,960
live,663,14459052459195,14459052605908,14459052704597,14459055077591,2.618396,0.098689,2.372994,960
live,664,14459062459195,14459062599939,14459062682724,14459065073895,2.6147,0.082785,2.391171,960
live,665,14459072459195,14459072599347,14459072684916,14459075235673,2.776478,0.085569,2.550757,960
live,666,14459082459195,14459082600867,14459082687908,14459084869732,2.410537,0.087041,2.181824,960
live,667,14459092459195,14459092597811,14459092672852,14459094768242,2.309047,0.075041,2.09539,960
live,668,14459102459195,14459102596450,14459102666371,14459104787234,2.328039,0.069921,2.120863,960
live,669,14459112459195,14459112596722,14459112680788,14459115034165,2.57497,0.084066,2.353377,960
live,670,14459122459195,14459122611522,14459122727748,14459125140199,2.681004,0.116226,2.412451,960
live,671,14459132459195,14459132609874,14459132712276,14459134840114,2.380919,0.102402,2.127838,960
live,672,14459142459195,14459142610594,14459142684451,14459145045093,2.585898,0.073857,2.360642,960
live,673,14459152459195,14459152613234,14459152693459,14459154799729,2.340534,0.080225,2.10627,960
live,674,14459162459195,14459162598497,14459162683043,14459164789601,2.330406,0.084546,2.106558,960
live,675,14459172459195,14459172598001,14459172695027,14459174716976,2.257781,0.097026,2.021949,960
live,676,14459182459195,14459182599329,14459182697058,14459184837633,2.378438,0.097729,2.140575,960
live,677,14459192459195,14459192602353,14459192670770,14459194729807,2.270612,0.068417,2.059037,960
live,678,14459202459195,14459202599969,14459202688418,14459204811072,2.351877,0.088449,2.122654,960
live,679,14459212459195,14459212603344,14459212676754,14459214786800,2.327605,0.07341,2.110046,960
live,680,14459222459195,14459222598528,14459222679297,14459229842472,7.383277,0.080769,7.163175,960
live,681,14459232459195,14459232618192,14459232719058,14459234860209,2.401014,0.100866,2.141151,960
live,682,14459242459195,14459242610656,14459242699201,14459244840832,2.381637,0.088545,2.141631,960
live,683,14459252459195,14459252625584,14459252720561,14459254802031,2.342836,0.094977,2.08147,960
live,684,14459262459195,14459262611360,14459262696353,14459265191589,2.732394,0.084993,2.495236,960
live,685,14459272459195,14459272645072,14459272733969,14459275235861,2.776666,0.088897,2.501892,960
live,686,14459282459195,14459282630463,14459282732321,14459285175940,2.716745,0.101858,2.443619,960
live,687,14459292459195,14459292612175,14459292698448,14459294758798,2.299603,0.086273,2.06035,960
live,688,14459302459195,14459302599999,14459302703776,14459304825279,2.366084,0.103777,2.121503,960
live,689,14459312459195,14459312602446,14459312685808,14459314837999,2.378804,0.083362,2.152191,960
live,690,14459322459195,14459322599326,14459322684287,14459324791390,2.332195,0.084961,2.107103,960
live,691,14459332459195,14459332607438,14459332707024,14459334064611,1.605416,0.099586,1.357587,960
live,692,14459342459195,14459342607550,14459342691679,14459343921649,1.462454,0.084129,1.22997,960
live,693,14459352459195,14459352603406,14459352683535,14459353899072,1.439877,0.080129,1.215537,960
live,694,14459362459195,14459362607262,14459362693055,14459364209973,1.750778,0.085793,1.516918,960
live,695,14459372459195,14459372607117,14459372688495,14459373933376,1.474181,0.081378,1.244881,960
live,696,14459382459195,14459382663710,14459382792064,14459384295605,1.83641,0.128354,1.503541,960
live,697,14459392459195,14459392603981,14459392683694,14459393880351,1.421156,0.079713,1.196657,960
live,698,14459402459195,14459402605725,14459402682014,14459403862319,1.403124,0.076289,1.180305,960
live,699,14459412459195,14459412602669,14459412680430,14459413862879,1.403684,0.077761,1.182449,960
live,700,14459422459195,14459422599068,14459422665117,14459428212013,5.752818,0.066049,5.546896,960
live,701,14459432459195,14459432599660,14459432691245,14459434910317,2.451122,0.091585,2.219072,960
live,702,14459442459195,14459442606940,14459442694525,14459444292244,1.833049,0.087585,1.597719,960
live,703,14459452459195,14459452622316,14459453013586,14459455416468,2.957273,0.39127,2.402882,960
live,704,14459462459195,14459462622748,14459463023714,14459465511557,3.052362,0.400966,2.487843,960
live,705,14459472459195,14459472602571,14459472678797,14459475039694,2.580499,0.076226,2.360897,960
live,706,14459482459195,14459482605531,14459482690492,14459485066431,2.607236,0.084961,2.375939,960
live,707,14459492459195,14459492608747,14459492709037,14459495144272,2.685077,0.10029,2.435235,960
live,708,14459502459195,14459502606107,14459502679228,14459505090623,2.631428,0.073121,2.411395,960
live,709,14459512459195,14459512594827,14459512675212,14459515040654,2.581459,0.080385,2.365442,960
live,710,14459522459195,14459522600570,14459522670619,14459525085278,2.626083,0.070049,2.414659,960
live,711,14459532459195,14459532600586,14459532674379,14459535024045,2.56485,0.073793,2.349666,960
live,712,14459542459195,14459542607930,14459542713404,14459545210080,2.750885,0.105474,2.496676,960
live,713,14459552459195,14459552615370,14459552703787,14459555075405,2.61621,0.088417,2.371618,960
live,714,14459562459195,14459562600890,14459562676603,14459565050493,2.591298,0.075713,2.37389,960
live,715,14459572459195,14459572596905,14459572669130,14459575029676,2.570481,0.072225,2.360546,960
live,716,14459582459195,14459582598809,14459582677882,14459584814041,2.354846,0.079073,2.136159,960
live,717,14459592459195,14459592632714,14459592739275,14459594901834,2.442639,0.106561,2.162559,960
live,718,14459602459195,14459602625177,14459602723547,14459604852025,2.39283,0.09837,2.128478,960
live,719,14459612459195,14459612608649,14459612684234,14459614769800,2.310605,0.075585,2.085566,960
live,720,14459622459195,14459622603801,14459622691226,14459628793234,6.334039,0.087425,6.102008,960
live,721,14459632459195,14459632602664,14459632700042,14459634802824,2.343629,0.097378,2.102782,960
live,722,14459642459195,14459642604632,14459642698457,14459644885625,2.42643,0.093825,2.187168,960
live,723,14459652459195,14459652609256,14459652699881,14459655073227,2.614032,0.090625,2.373346,960
live,724,14459662459195,14459662606872,14459662680697,14459665061883,2.602688,0.073825,2.381186,960
live,725,14459672459195,14459672599975,14459672682057,14459675037963,2.578768,0.082082,2.355906,960
live,726,14459682459195,14459682602135,14459682703673,14459685086555,2.62736,0.101538,2.382882,960
live,727,14459692459195,14459692607367,14459692706761,14459695132268,2.673073,0.099394,2.425507,960
live,728,14459702459195,14459702606647,14459702692600,14459705058106,2.598911,0.085953,2.365506,960
live,729,14459712459195,14459712598791,14459712670376,14459715030410,2.571215,0.071585,2.360034,960
live,730,14459722459195,14459722599415,14459722682616,14459725080762,2.621567,0.083201,2.398146,960
live,731,14459732459195,14459732596742,14459732667015,14459735005257,2.546062,0.070273,2.338242,960
live,732,14459742459195,14459742598934,14459742696440,14459744856887,2.397692,0.097506,2.160447,960
live,733,14459752459195,14459752604966,14459752677927,14459755054409,2.595214,0.072961,2.376482,960
live,734,14459762459195,14459762602934,14459762697591,14459764803925,2.34473,0.094657,2.106334,960
live,735,14459772459195,14459772600902,14459772672455,14459775048489,2.589294,0.071553,2.376034,960
live,736,14459782459195,14459782597269,14459782671638,14459784788629,2.329434,0.074369,2.116991,960
live,737,14459792459195,14459792838409,14459792933866,14459795066953,2.607758,0.095457,2.133087,960
live,738,14459802459195,14459802604405,14459802677590,14459804862518,2.403323,0.073185,2.184928,960
live,739,14459812459195,14459812598725,14459812672518,14459814864805,2.40561,0.073793,2.192287,960
live,740,14459822459195,14459822598133,14459822701558,14459828988432,6.529237,0.103425,6.286874,960
live,741,14459832459195,14459832609349,14459832702438,14459834792772,2.333577,0.093089,2.090334,960
live,742,14459842459195,14459842598548,14459842683733,14459844548496,2.089301,0.085185,1.864763,960
live,743,14459852459195,14459852602756,14459852693445,14459853932151,1.472956,0.090689,1.238706,960
live,744,14459862459195,14459862596788,14459862669749,14459863864678,1.405483,0.072961,1.194929,960
live,745,14459872459195,14459872605796,14459872683717,14459873870870,1.411675,0.077921,1.187153,960
live,746,14459882459195,14459882601491,14459882680117,14459883862502,1.403307,0.078626,1.182385,960
live,747,14459892459195,14459892603459,14459892679236,14459893862261,1.403066,0.075777,1.183025,960
live,748,14459902459195,14459902601363,14459902683412,14459903904454,1.445259,0.082049,1.221042,960
live,749,14459912459195,14459912606051,14459912684804,14459914225594,1.766399,0.078753,1.54079,960
live,750,14459922459195,14459922597587,14459922692116,14459924238762,1.779567,0.094529,1.546646,960
live,751,14459932459195,14459932599970,14459932675780,14459934195097,1.735902,0.07581,1.519317,960
live,752,14459942459195,14459942599602,14459942665779,14459943862820,1.403625,0.066177,1.197041,960
live,753,14459952459195,14459952601570,14459952696771,14459953930293,1.471098,0.095201,1.233522,960
live,754,14459962459195,14459962607282,14459962674067,14459963869764,1.410569,0.066785,1.195697,960
live,755,14459972459195,14459972628994,14459973022568,14459974396347,1.937152,0.393574,1.373779,960
live,756,14459982459195,14459982599249,14459982678035,14459983896932,1.437737,0.078786,1.218897,960
live,757,14459992459195,14459992600833,14459992688930,14459993890868,1.431673,0.088097,1.201938,960
live,758,14460002459195,14460002604721,14460002691218,14460003951876,1.492681,0.086497,1.260658,960
live,759,14460012459195,14460012603361,14460012684194,14460014221048,1.761853,0.080833,1.536854,960
live,760,14460022459195,14460022597456,14460022673906,14460028223809,5.764614,0.07645,5.549903,960
live,761,14460032459195,14460032648833,14460032748258,14460034328793,1.869598,0.099425,1.580535,960
live,762,14460042459195,14460042620880,14460042691281,14460043914467,1.455272,0.070401,1.223186,960
live,763,14460052459195,14460052606336,14460052704673,14460053977588,1.518393,0.098337,1.272915,960
live,764,14460062459195,14460062608016,14460062678641,14460063887362,1.428167,0.070625,1.208721,960
live,765,14460072459195,14460072601855,14460072672480,14460073860881,1.401686,0.070625,1.188401,960
live,766,14460082459195,14460082602703,14460082671024,14460083857793,1.398598,0.068321,1.186769,960
live,767,14460092459195,14460092617247,14460093009445,14460095158436,2.699241,0.392198,2.148991,960
live,768,14460102459195,14460102624559,14460103017589,14460105303062,2.843867,0.39303,2.285473,960
live,769,14460112459195,14460112603487,14460112682048,14460115063586,2.604391,0.078561,2.381538,960
live,770,14460122459195,14460122599790,14460122669231,14460125063826,2.604631,0.069441,2.394595,960
live,771,14460132459195,14460132598814,14460132682143,14460135056673,2.597478,0.083329,2.37453,960
live,772,14460142459195,14460142601582,14460142671407,14460145066481,2.607286,0.069825,2.395074,960
live,773,14460152459195,14460152605822,14460152701887,14460155128866,2.669671,0.096065,2.426979,960
live,774,14460162459195,14460162605261,14460162678510,14460165074129,2.614934,0.073249,2.395619,960
live,775,14460172459195,14460172601149,14460172684798,14460175057120,2.597925,0.083649,2.372322,960
live,776,14460182459195,14460182605421,14460182691566,14460185080817,2.621622,0.086145,2.389251,960
live,777,14460192459195,14460192601245,14460192674238,14460195033408,2.574213,0.072993,2.35917,960
live,778,14460202459195,14460202604716,14460202698062,14460205144369,2.685174,0.093346,2.446307,960
live,779,14460212459195,14460212608028,14460212694014,14460215039711,2.580516,0.085986,2.345697,960
live,780,14460222459195,14460222602540,14460222695341,14460229023688,6.564493,0.092801,6.328347,960
live,781,14460232459195,14460232609532,14460232706109,14460235099872,2.640677,0.096577,2.393763,960
live,782,14460242459195,14460242601356,14460242675597,14460245066767,2.607572,0.074241,2.39117,960
live,783,14460252459195,14460252764478,14460252863615,14460255280258,2.821063,0.099137,2.416643,960
live,784,14460262459195,14460262604619,14460262678156,14460264772362,2.313167,0.073537,2.094206,960
live,785,14460272459195,14460272596219,14460272667932,14460274750490,2.291295,0.071713,2.082558,960
live,786,14460282459195,14460282599499,14460282693164,14460284799498,2.340303,0.093665,2.106334,960
live,787,14460292459195,14460292603258,14460292673819,14460294769626,2.310431,0.070561,2.095807,960
live,788,14460302459195,14460302596618,14460302668235,14460304924076,2.464881,0.071617,2.255841,960
live,789,14460312459195,14460312601946,14460312684603,14460314785913,2.326718,0.082657,2.10131,960
live,790,14460322459195,14460322596074,14460322666987,14460324776969,2.317774,0.070913,2.109982,960
live,791,14460332459195,14460332594585,14460332677339,14460335031420,2.572225,0.082754,2.354081,960
live,792,14460342459195,14460342598473,14460342671466,14460345063597,2.604402,0.072993,2.392131,960
live,793,14460352459195,14460352597721,14460352683482,14460355796519,3.337324,0.085761,3.113037,960
live,794,14460362459195,14460362609513,14460362699626,14460365166382,2.707187,0.090113,2.466756,960
live,795,14460372459195,14460372602809,14460372702106,14460375080700,2.621505,0.099297,2.378594,960
live,796,14460382459195,14460382603720,14460382695210,14460384816232,2.357037,0.09149,2.121022,960
live,797,14460392459195,14460392611768,14460392697657,14460395063547,2.604352,0.085889,2.36589,960
live,798,14460402459195,14460402599752,14460402683369,14460405067307,2.608112,0.083617,2.383938,960
live,799,14460412459195,14460412604632,14460412694297,14460415126972,2.667777,0.089665,2.432675,960
live,800,14460422459195,14460422602727,14460422673800,14460428981667,6.522472,0.071073,6.307867,960
live,801,14460432459195,14460432602871,14460432696793,14460435057690,2.598495,0.093922,2.360897,960
live,802,14460442459195,14460442600935,14460442673480,14460445064618,2.605423,0.072545,2.391138,960
live,803,14460452459195,14460452597943,14460452671000,14460455053690,2.594495,0.073057,2.38269,960
live,804,14460462459195,14460462603687,14460462694472,14460465146059,2.686864,0.090785,2.451587,960
live,805,14460472459195,14460472604118,14460472692120,14460475075322,2.616127,0.088002,2.383202,960
live,806,14460482459195,14460482601958,14460482691111,14460484865703,2.406508,0.089153,2.174592,960
live,807,14460492459195,14460492612726,14460492698679,14460494772757,2.313562,0.085953,2.074078,960
live,808,14460502459195,14460502603014,14460502700903,14460504809029,2.349834,0.097889,2.108126,960
live,809,14460512459195,14460512617430,14460512712023,14460514858230,2.399035,0.094593,2.146207,960
live,810,14460522459195,14460522606533,14460522688294,14460524816325,2.35713,0.081761,2.128031,960
live,811,14460532459195,14460532602261,14460532672534,14460534769140,2.309945,0.070273,2.096606,960
live,812,14460542459195,14460542596069,14460542680614,14460544786948,2.327753,0.084545,2.106334,960
live,813,14460552459195,14460552599380,14460552683190,14460554761139,2.301944,0.08381,2.077949,960
live,814,14460562459195,14460562612932,14460562711590,14460565178185,2.71899,0.098658,2.466595,960
live,815,14460572459195,14460572605972,14460572692597,14460574790035,2.33084,0.086625,2.097438,960
live,816,14460582459195,14460582602660,14460582685701,14460585080743,2.621548,0.083041,2.395042,960
live,817,14460592459195,14460592602644,14460592687381,14460595040375,2.58118,0.084737,2.352994,960
live,818,14460602459195,14460602649188,14460602762214,14460604902276,2.443081,0.113026,2.140062,960
live,819,14460612459195,14460612624531,14460612727989,14460614871124,2.411929,0.103458,2.143135,960
live,820,14460622459195,14460622606019,14460622695108,14460628765275,6.30608,0.089089,6.070167,960
live,821,14460632459195,14460632612563,14460632706452,14460634809074,2.349879,0.093889,2.102622,960
live,822,14460642459195,14460642603746,14460642689956,14460645082310,2.623115,0.08621,2.392354,960
live,823,14460652459195,14460652598994,14460652686995,14460655023381,2.564186,0.088001,2.336386,960
live,824,14460662459195,14460662877286,14460662973127,14460665430091,2.970896,0.095841,2.456964,960
live,825,14460672459195,14460672611058,14460672684403,14460675063765,2.60457,0.073345,2.379362,960
live,826,14460682459195,14460682597825,14460682682627,14460685070309,2.611114,0.084802,2.387682,960
live,827,14460692459195,14460692600081,14460692675570,14460695031924,2.572729,0.075489,2.356354,960
live,828,14460702459195,14460702602433,14460702692866,14460705074853,2.615658,0.090433,2.381987,960
live,829,14460712459195,14460712600337,14460712682802,14460715500154,3.040959,0.082465,2.817352,960
live,830,14460722459195,14460722607777,14460722717282,14460724890081,2.430886,0.109505,2.172799,960
live,831,14460732459195,14460732605328,14460732692146,14460734768879,2.309684,0.086818,2.076733,960
live,832,14460742459195,14460742600416,14460742673025,14460744786687,2.327492,0.072609,2.113662,960
live,833,14460752459195,14460752599760,14460752673617,14460754763055,2.30386,0.073857,2.089438,960
live,834,14460762459195,14460762596928,14460762707297,14460764829632,2.370437,0.110369,2.122335,960
live,835,14460772459195,14460772599855,14460772686705,14460774867632,2.408437,0.08685,2.180927,960
live,836,14460782459195,14460782601311,14460782684704,14460784840895,2.3817,0.083393,2.156191,960
live,837,14460792459195,14460792637519,14460792721169,14460795069362,2.610167,0.08365,2.348193,960
live,838,14460802459195,14460802627999,14460802715872,14460805130115,2.67092,0.087873,2.414243,960
live,839,14460812459195,14460812602222,14460812682448,14460815042290,2.583095,0.080226,2.359842,960
live,840,14460822459195,14460822602974,14460822697120,14460829061595,6.6024,0.094146,6.364475,960
live,841,14460832459195,14460832606894,14460832699471,14460834784429,2.325234,0.092577,2.084958,960
live,842,14460842459195,14460842600190,14460842673631,14460844789629,2.330434,0.073441,2.115998,960
live,843,14460852459195,14460852595885,14460852670767,14460854761229,2.302034,0.074882,2.090462,960
live,844,14460862459195,14460862596765,14460862668926,14460864782685,2.32349,0.072161,2.113759,960
live,845,14460872459195,14460872599469,14460872697422,14460874061186,1.601991,0.097953,1.363764,960
live,846,14460882459195,14460882605501,14460882682750,14460883905552,1.446357,0.077249,1.222802,960
live,847,14460892459195,14460892597965,14460892686414,14460893879263,1.420068,0.088449,1.192849,960
live,848,14460902459195,14460902597180,14460902664829,14460903847502,1.388307,0.067649,1.182673,960
live,849,14460912459195,14460912605676,14460912684493,14460914214659,1.755464,0.078817,1.530166,960
live,850,14460922459195,14460922606588,14460922693053,14460924294164,1.834969,0.086465,1.601111,960
live,851,14460932459195,14460932606220,14460932682893,14460934097505,1.63831,0.076673,1.414612,960
live,852,14460942459195,14460942598907,14460942663068,14460943846317,1.387122,0.064161,1.183249,960
live,853,14460952459195,14460952595915,14460952660524,14460953848861,1.389666,0.064609,1.188337,960
live,854,14460962459195,14460962603579,14460962673948,14460963859181,1.399986,0.070369,1.185233,960
live,855,14460972459195,14460972601227,14460972673804,14460973894109,1.434914,0.072577,1.220305,960
live,856,14460982459195,14460982604347,14460982681724,14460983870189,1.410994,0.077377,1.188465,960
live,857,14460992459195,14460992608522,14460992999280,14460995120142,2.660947,0.390758,2.120862,960
live,858,14461002459195,14461002617594,14461003005248,14461005200479,2.741284,0.387654,2.195231,960
live,859,14461012459195,14461012616074,14461013000719,14461015585525,3.12633,0.384645,2.584806,960
live,860,14461022459195,14461022602073,14461022694235,14461029179320,6.720125,0.092162,6.485085,960
live,861,14461032459195,14461032609929,14461032700139,14461035188910,2.729715,0.09021,2.488771,960
live,862,14461042459195,14461042604729,14461042688762,14461045196670,2.737475,0.084033,2.507908,960
live,863,14461052459195,14461052596905,14461052685034,14461055147021,2.687826,0.088129,2.461987,960
live,864,14461062459195,14461062601304,14461062706746,14461065228894,2.769699,0.105442,2.522148,960
live,865,14461072459195,14461072600648,14461072697066,14461075235726,2.776531,0.096418,2.53866,960
live,866,14461082459195,14461082603928,14461082687577,14461085083868,2.624673,0.083649,2.396291,960
live,867,14461092459195,14461092600296,14461092701705,14461094775047,2.315852,0.101409,2.073342,960
live,868,14461102459195,14461102595959,14461102680729,14461105064379,2.605184,0.08477,2.38365,960
live,869,14461112459195,14461112607847,14461112679272,14461115031530,2.572335,0.071425,2.352258,960
live,870,14461122459195,14461122922331,14461123016509,14461125517857,3.058662,0.094178,2.501348,960
live,871,14461132459195,14461132605063,14461132689672,14461135039082,2.579887,0.084609,2.34941,960
live,872,14461142459195,14461142598230,14461142670359,14461144785206,2.326011,0.072129,2.114847,960
live,873,14461152459195,14461152596870,14461152669927,14461154772453,2.313258,0.073057,2.102526,960
live,874,14461162459195,14461162598198,14461162682583,14461164810774,2.351579,0.084385,2.128191,960
live,875,14461172459195,14461172600486,14461172700487,14461175631537,3.172342,0.100001,2.93105,960
live,876,14461182459195,14461182614293,14461182702647,14461184879958,2.420763,0.088354,2.177311,960
live,877,14461192459195,14461192604549,14461192689990,14461194800037,2.340842,0.085441,2.110047,960
live,878,14461202459195,14461202598933,14461202670934,14461204808340,2.349145,0.072001,2.137406,960
live,879,14461212459195,14461212594980,14461212675590,14461214763908,2.304713,0.08061,2.088318,960
live,880,14461222459195,14461222604116,14461222693430,14461229319861,6.860666,0.089314,6.626431,960
live,881,14461232459195,14461232611140,14461232716390,14461234848196,2.389001,0.10525,2.131806,960
live,882,14461242459195,14461242599924,14461242684757,14461244812275,2.35308,0.084833,2.127518,960
live,883,14461252459195,14461252601091,14461252689125,14461254776771,2.317576,0.088034,2.087646,960
live,884,14461262459195,14461262595027,14461262676084,14461264803187,2.343992,0.081057,2.127103,960
live,885,14461272459195,14461272599427,14461272679524,14461275184808,2.725613,0.080097,2.505284,960
live,886,14461282459195,14461282603859,14461282695636,14461285297625,2.83843,0.091777,2.601989,960
live,887,14461292459195,14461292602978,14461292686660,14461295071878,2.612683,0.083682,2.385218,960
live,888,14461302459195,14461302597682,14461302679251,14461305102486,2.643291,0.081569,2.423235,960
live,889,14461312459195,14461312599554,14461312670307,14461314778081,2.318886,0.070753,2.107774,960
live,890,14461322459195,14461322599410,14461322686803,14461324788849,2.329654,0.087393,2.102046,960
live,891,14461332459195,14461332603969,14461332691427,14461334831553,2.372358,0.087458,2.140126,960
live,892,14461342459195,14461342602865,14461342684018,14461344813041,2.353846,0.081153,2.129023,960
live,893,14461352459195,14461352599969,14461352685858,14461353962932,1.503737,0.085889,1.277074,960
live,894,14461362459195,14461362598864,14461362687314,14461363911203,1.452008,0.08845,1.223889,960
live,895,14461372459195,14461372598752,14461372677057,14461374212183,1.752988,0.078305,1.535126,960
live,896,14461382459195,14461382601584,14461382687473,14461384350857,1.891662,0.085889,1.663384,960
live,897,14461392459195,14461392601248,14461392684289,14461393970163,1.510968,0.083041,1.285874,960
live,898,14461402459195,14461402597423,14461402666416,14461404261895,1.8027,0.068993,1.595479,960
live,899,14461412459195,14461412597983,14461412674848,14461413888690,1.429495,0.076865,1.213842,960
live,900,14461422459195,14461422598383,14461422676464,14461427814586,5.355391,0.078081,5.138122,960
live,901,14461432459195,14461432602495,14461432699552,14461433931378,1.472183,0.097057,1.231826,960
live,902,14461442459195,14461442599470,14461442689104,14461443892097,1.432902,0.089634,1.202993,960
live,903,14461452459195,14461452599070,14461452669727,14461454190805,1.73161,0.070657,1.521078,960
live,904,14461462459195,14461462601678,14461462667535,14461464214501,1.755306,0.065857,1.546966,960
live,905,14461472459195,14461472622206,14461473007331,14461475428390,2.969195,0.385125,2.421059,960
live,906,14461482459195,14461482622414,14461483022387,14461485565400,3.106205,0.399973,2.543013,960
live,907,14461492459195,14461492607997,14461493000611,14461495453766,2.994571,0.392614,2.453155,960
live,908,14461502459195,14461502600333,14461502671982,14461505054160,2.594965,0.071649,2.382178,960
live,909,14461512459195,14461512601149,14461512680926,14461515053504,2.594309,0.079777,2.372578,960
live,910,14461522459195,14461522601772,14461522686958,14461525105488,2.646293,0.085186,2.41853,960
live,911,14461532459195,14461532826175,14461532920353,14461535348132,2.888937,0.094178,2.427779,960
live,912,14461542459195,14461542605228,14461542691565,14461544823180,2.363985,0.086337,2.131615,960
live,913,14461552459195,14461552633916,14461552719005,14461554845500,2.386305,0.085089,2.126495,960
live,914,14461562459195,14461562621868,14461562714061,14461565094095,2.6349,0.092193,2.380034,960
live,915,14461572459195,14461572604475,14461572688252,14461575061246,2.602051,0.083777,2.372994,960
live,916,14461582459195,14461582600203,14461582672364,14461585122543,2.663348,0.072161,2.450179,960
live,917,14461592459195,14461592598586,14461592689596,14461595089470,2.630275,0.09101,2.399874,960
live,918,14461602459195,14461602601738,14461602699756,14461605081774,2.622579,0.098018,2.382018,960
live,919,14461612459195,14461612605978,14461612703451,14461614920731,2.461536,0.097473,2.21728,960
live,920,14461622459195,14461622570409,14461622610602,14461625677046,3.217851,0.040193,3.066444,960
live,921,14461632459195,14461632584441,14461632674074,14461635655365,3.19617,0.089633,2.981291,960
live,922,14461642459195,14461642612841,14461642704971,14461644885706,2.426511,0.09213,2.180735,960
live,923,14461652459195,14461652605625,14461652700474,14461654813241,2.354046,0.094849,2.112767,960
live,924,14461662459195,14461662612457,14461662696362,14461664824489,2.365294,0.083905,2.128127,960
live,925,14461672459195,14461672602072,14461672676537,14461674787160,2.327965,0.074465,2.110623,960
live,926,14461682459195,14461682599432,14461682674089,14461684829128,2.369933,0.074657,2.155039,960
live,927,14461692459195,14461692602328,14461692699385,14461694863224,2.404029,0.097057,2.163839,960
live,928,14461702459195,14461702603848,14461702690025,14461704821607,2.362412,0.086177,2.131582,960
live,929,14461712459195,14461712600535,14461712680952,14461714799735,2.34054,0.080417,2.118783,960
live,930,14461722459195,14461722598567,14461722670472,14461724813095,2.3539,0.071905,2.142623,960
live,931,14461732459195,14461732597367,14461732679320,14461735062970,2.603775,0.081953,2.38365,960
live,932,14461742459195,14461742610215,14461742709192,14461745183340,2.724145,0.098977,2.474148,960
live,933,14461752459195,14461752605686,14461752690968,14461755059674,2.600479,0.085282,2.368706,960
live,934,14461762459195,14461762600902,14461762706855,14461765080650,2.621455,0.105953,2.373795,960
live,935,14461772459195,14461772599734,14461772683991,14461775055513,2.596318,0.084257,2.371522,960
live,936,14461782459195,14461782599653,14461782670278,14461785034696,2.575501,0.070625,2.364418,960
live,937,14461792459195,14461792601173,14461792701207,14461795122553,2.663358,0.100034,2.421346,960
live,938,14461802459195,14461802607749,14461802693062,14461805110985,2.65179,0.085313,2.417923,960
live,939,14461812459195,14461812599093,14461812681622,14461815042744,2.583549,0.082529,2.361122,960
live,940,14461822459195,14461822600644,14461822687238,14461829023329,6.564134,0.086594,6.336091,960
live,941,14461832459195,14461832609108,14461832690197,14461834811924,2.352729,0.081089,2.121727,960
live,942,14461842459195,14461842607972,14461842703333,14461844877253,2.418058,0.095361,2.17392,960
live,943,14461852459195,14461852615956,14461852708629,14461855088855,2.62966,0.092673,2.380226,960
live,944,14461862459195,14461862603811,14461862677060,14461864802499,2.343304,0.073249,2.125439,960
live,945,14461872459195,14461872599763,14461872673076,14461874753298,2.294103,0.073313,2.080222,960
live,946,14461882459195,14461882599939,14461882694276,14461884808131,2.348936,0.094337,2.113855,960
live,947,14461892459195,14461892615699,14461892709748,14461894037735,1.57854,0.094049,1.327987,960
live,948,14461902459195,14461902598658,14461902678147,14461903899829,1.440634,0.079489,1.221682,960
live,949,14461912459195,14461912597266,14461912688307,14461913883076,1.423881,0.091041,1.194769,960
live,950,14461922459195,14461922597410,14461922676003,14461923865524,1.406329,0.078593,1.189521,960
live,951,14461932459195,14461932598673,14461932677395,14461934190728,1.731533,0.078722,1.513333,960
live,952,14461942459195,14461942607105,14461942693251,14461944304218,1.845023,0.086146,1.610967,960
live,953,14461952459195,14461952619057,14461952704818,14461954251177,1.791982,0.085761,1.546359,960
live,954,14461962459195,14461962601889,14461962679042,14461964218808,1.759613,0.077153,1.539766,960
live,955,14461972459195,14461972604272,14461972679794,14461974195239,1.736044,0.075522,1.515445,960
live,956,14461982459195,14461982605792,14461982683713,14461984219671,1.760476,0.077921,1.535958,960
live,957,14461992459195,14461992603728,14461992674993,14461994238631,1.779436,0.071265,1.563638,960
live,958,14462002459195,14462002602304,14462002665792,14462004226551,1.767356,0.063488,1.560759,960
live,959,14462012459195,14462012605839,14462012985397,14462015378743,2.919548,0.379558,2.393346,960
live,960,14462022459195,14462022614431,14462023003333,14462029444225,6.98503,0.388902,6.440892,960
live,961,14462032459195,14462032603887,14462032699376,14462035080530,2.621335,0.095489,2.381154,960
live,962,14462042459195,14462042723776,14462042918147,14462045378374,2.919179,0.194371,2.460227,960
live,963,14462052459195,14462052611214,14462052707376,14462055090834,2.631639,0.096162,2.383458,960
live,964,14462062459195,14462062601694,14462062685055,14462065056417,2.597222,0.083361,2.371362,960
live,965,14462072459195,14462072599917,14462072700335,14462075058481,2.599286,0.100418,2.358146,960
live,966,14462082459195,14462082601245,14462082677182,14462085038592,2.579397,0.075937,2.36141,960
live,967,14462092459195,14462092595021,14462092665070,14462095379413,2.920218,0.070049,2.714343,960
live,968,14462102459195,14462102605245,14462102700126,14462104830109,2.370914,0.094881,2.129983,960
live,969,14462112459195,14462112608908,14462112696462,14462114783340,2.324145,0.087554,2.086878,960
live,970,14462122459195,14462122600284,14462122674397,14462124784155,2.32496,0.074113,2.109758,960
live,971,14462132459195,14462132607212,14462132690765,14462134771851,2.312656,0.083553,2.081086,960
live,972,14462142459195,14462142601947,14462142688861,14462144800443,2.341248,0.086914,2.111582,960
live,973,14462152459195,14462152607115,14462152698060,14462155124943,2.665748,0.090945,2.426883,960
live,974,14462162459195,14462162606171,14462162699484,14462165087070,2.627875,0.093313,2.387586,960
live,975,14462172459195,14462172596938,14462172698348,14462175056814,2.597619,0.10141,2.358466,960
live,976,14462182459195,14462182594426,14462182666267,14462185054461,2.595266,0.071841,2.388194,960
live,977,14462192459195,14462192593162,14462192675531,14462195055181,2.595986,0.082369,2.37965,960
live,978,14462202459195,14462202604506,14462202695003,14462205097053,2.637858,0.090497,2.40205,960
live,979,14462212459195,14462212601289,14462212696811,14462215007212,2.548017,0.095522,2.310401,960
live,980,14462222459195,14462222601369,14462222688314,14462229024501,6.565306,0.086945,6.336187,960
live,981,14462232459195,14462232611849,14462232759051,14462235148109,2.688914,0.147202,2.389058,960
live,982,14462242459195,14462242604248,14462242680730,14462245095644,2.636449,0.076482,2.414914,960
live,983,14462252459195,14462252604584,14462252710602,14462255213326,2.754131,0.106018,2.502724,960
live,984,14462262459195,14462262613624,14462262703449,14462265139356,2.680161,0.089825,2.435907,960
live,985,14462272459195,14462272603559,14462272686505,14462275054923,2.595728,0.082946,2.368418,960
live,986,14462282459195,14462282599351,14462282689976,14462285074011,2.614816,0.090625,2.384035,960
live,987,14462292459195,14462292601223,14462292682824,14462295037034,2.577839,0.081601,2.35421,960
live,988,14462302459195,14462302605975,14462302712024,14462305168891,2.709696,0.106049,2.456867,960
live,989,14462312459195,14462312644199,14462312729288,14462315098122,2.638927,0.085089,2.368834,960
live,990,14462322459195,14462322625238,14462322716248,14462324836822,2.377627,0.09101,2.120574,960
live,991,14462332459195,14462332605670,14462332689991,14462334773765,2.31457,0.084321,2.083774,960
live,992,14462342459195,14462342670134,14462342755032,14462344864086,2.404891,0.084898,2.109054,960
live,993,14462352459195,14462352607685,14462352702951,14462354852133,2.392938,0.095266,2.149182,960
live,994,14462362459195,14462362602357,14462362674294,14462364804148,2.344953,0.071937,2.129854,960
live,995,14462372459195,14462372608837,14462372702758,14462374811172,2.351977,0.093921,2.108414,960
live,996,14462382459195,14462382606452,14462382689205,14462384816212,2.357017,0.082753,2.127007,960
live,997,14462392459195,14462392598148,14462392681413,14462395033831,2.574636,0.083265,2.352418,960
live,998,14462402459195,14462402696501,14462402799542,14462405313595,2.8544,0.103041,2.514053,960
live,999,14462412459195,14462412607107,14462412685061,14462415063751,2.604556,0.077954,2.37869,960
live,1000,14462422459195,14462422597875,14462422706677,14462429053872,6.594677,0.108802,6.347195,960
live,1001,14462432459195,14462432605987,14462432704164,14462434782850,2.323655,0.098177,2.078686,960
live,1002,14462442459195,14462442601234,14462442675443,14462444796466,2.337271,0.074209,2.121023,960
live,1003,14462452459195,14462452598114,14462452695875,14462455432619,2.973424,0.097761,2.736744,960
live,1004,14462462459195,14462462603154,14462462687955,14462464837298,2.378103,0.084801,2.149343,960
live,1005,14462472459195,14462472613602,14462472704707,14462474814465,2.35527,0.091105,2.109758,960
live,1006,14462482459195,14462482602641,14462482675666,14462484774800,2.315605,0.073025,2.099134,960
live,1007,14462492459195,14462492600737,14462492672578,14462494755968,2.296773,0.071841,2.08339,960
live,1008,14462502459195,14462502602033,14462502675218,14462504806544,2.347349,0.073185,2.131326,960
live,1009,14462512459195,14462512603072,14462512691298,14462514832320,2.373125,0.088226,2.141022,960
live,1010,14462522459195,14462522606704,14462522690129,14462525210998,2.751803,0.083425,2.520869,960
live,1011,14462532459195,14462532600640,14462532671745,14462535173669,2.714474,0.071105,2.501924,960
live,1012,14462542459195,14462542595759,14462542664976,14462544759054,2.299859,0.069217,2.094078,960
live,1013,14462552459195,14462552600031,14462552669088,14462554828575,2.36938,0.069057,2.159487,960
live,1014,14462562459195,14462562614095,14462562712304,14462564899312,2.440117,0.098209,2.187008,960
live,1015,14462572459195,14462572611903,14462572704000,14462574787326,2.328131,0.092097,2.083326,960
live,1016,14462582459195,14462582598638,14462582679823,14462584787886,2.328691,0.081185,2.108063,960
live,1017,14462592459195,14462592598686,14462592679999,14462594746365,2.28717,0.081313,2.066366,960
live,1018,14462602459195,14462602648590,14462602759696,14462604911503,2.452308,0.111106,2.151807,960
live,1019,14462612459195,14462612616670,14462612709855,14462614850110,2.390915,0.093185,2.140255,960
live,1020,14462622459195,14462622613293,14462622702286,14462629139179,6.679984,0.088993,6.436893,960
live,1021,14462632459195,14462632615933,14462632714910,14462635190786,2.731591,0.098977,2.475876,960
live,1022,14462642459195,14462642602892,14462642677902,14462645166385,2.70719,0.07501,2.488483,960
live,1023,14462652459195,14462652602396,14462652692093,14462655198273,2.739078,0.089697,2.50618,960
live,1024,14462662459195,14462662604972,14462662700621,14462665285714,2.826519,0.095649,2.585093,960
live,1025,14462672459195,14462672610332,14462672697757,14462675181089,2.721894,0.087425,2.483332,960
live,1026,14462682459195,14462682611595,14462682703213,14462685198161,2.738966,0.091618,2.494948,960
live,1027,14462692459195,14462692606043,14462692708092,14462695182048,2.722853,0.102049,2.473956,960
live,1028,14462702459195,14462702599403,14462702674828,14462705037390,2.578195,0.075425,2.362562,960
live,1029,14462712459195,14462712603674,14462712702812,14462714850299,2.391104,0.099138,2.147487,960
live,1030,14462722459195,14462722606954,14462722680235,14462725171439,2.712244,0.073281,2.491204,960
live,1031,14462732459195,14462732598778,14462732682971,14462735169631,2.710436,0.084193,2.48666,960
live,1032,14462742459195,14462742596585,14462742679659,14462745061485,2.60229,0.083074,2.381826,960
live,1033,14462752459195,14462752602169,14462752686810,14462755040892,2.581697,0.084641,2.354082,960
live,1034,14462762459195,14462762611817,14462762709194,14462765133837,2.674642,0.097377,2.424643,960
live,1035,14462772459195,14462772601721,14462772677274,14462774784344,2.325149,0.075553,2.10707,960
live,1036,14462782459195,14462782607240,14462782709802,14462784792008,2.332813,0.102562,2.082206,960
live,1037,14462792459195,14462792617144,14462792704441,14462794782615,2.32342,0.087297,2.078174,960
live,1038,14462802459195,14462802598152,14462802680905,14462804804935,2.34574,0.082753,2.12403,960
live,1039,14462812459195,14462812605239,14462812702361,14462814830647,2.371452,0.097122,2.128286,960
live,1040,14462822459195,14462822601607,14462822677224,14462828730719,6.271524,0.075617,6.053495,960
live,1041,14462832459195,14462832601239,14462832691768,14462834766742,2.307547,0.090529,2.074974,960
live,1042,14462842459195,14462842601670,14462842674312,14462844776102,2.316907,0.072642,2.10179,960
live,1043,14462852459195,14462852600694,14462852671191,14462855031513,2.572318,0.070497,2.360322,960
live,1044,14462862459195,14462862654791,14462862763368,14462865188459,2.729264,0.108577,2.425091,960
live,1045,14462872459195,14462872614358,14462872704759,14462875062553,2.603358,0.090401,2.357794,960
live,1046,14462882459195,14462882598213,14462882668262,14462885049640,2.590445,0.070049,2.381378,960
live,1047,14462892459195,14462892602069,14462892702518,14462895039352,2.580157,0.100449,2.336834,960
live,1048,14462902459195,14462902600677,14462902685126,14462905053000,2.593805,0.084449,2.367874,960
live,1049,14462912459195,14462912603508,14462912672821,14462914629202,2.170007,0.069313,1.956381,960
live,1050,14462922459195,14462922610020,14462922701574,14462924334909,1.875714,0.091554,1.633335,960
live,1051,14462932459195,14462932606388,14462932683349,14462934215531,1.756336,0.076961,1.532182,960
live,1052,14462942459195,14462942598083,14462942675781,14462944214875,1.75568,0.077698,1.539094,960
live,1053,14462952459195,14462952597107,14462952672116,14462954184170,1.724975,0.075009,1.512054,960
live,1054,14462962459195,14462962595587,14462962662340,14462964181594,1.722399,0.066753,1.519254,960
live,1055,14462972459195,14462972603667,14462972695540,14462974268683,1.809488,0.091873,1.573143,960
live,1056,14462982459195,14462982599298,14462982676515,14462984219385,1.76019,0.077217,1.54287,960
live,1057,14462992459195,14462992601362,14462992692051,14462993886564,1.427369,0.090689,1.194513,960
live,1058,14463002459195,14463002601762,14463002684355,14463003858676,1.399481,0.082593,1.174321,960
live,1059,14463012459195,14463012608721,14463012679346,14463013855043,1.395848,0.070625,1.175697,960
live,1060,14463022459195,14463022611969,14463022698114,14463027866573,5.407378,0.086145,5.168459,960
live,1061,14463032459195,14463032606097,14463032676562,14463033872803,1.413608,0.070465,1.196241,960
live,1062,14463042459195,14463042611360,14463043011462,14463045160677,2.701482,0.400102,2.149215,960
live,1063,14463052459195,14463052606256,14463053000054,14463055193301,2.734106,0.393798,2.193247,960
live,1064,14463062459195,14463062607488,14463062998501,14463065198533,2.739338,0.391013,2.200032,960
live,1065,14463072459195,14463072650896,14463072752049,14463075166996,2.707801,0.101153,2.414947,960
live,1066,14463082459195,14463082629695,14463082718753,14463084818335,2.35914,0.089058,2.099582,960
live,1067,14463092459195,14463092609679,14463092695120,14463095051026,2.591831,0.085441,2.355906,960
live,1068,14463102459195,14463102599998,14463102699712,14463104783582,2.324387,0.099714,2.08387,960
live,1069,14463112459195,14463112600462,14463112671279,14463114971120,2.511925,0.070817,2.299841,960
live,1070,14463122459195,14463122601310,14463122698207,14463124830558,2.371363,0.096897,2.132351,960
live,1071,14463132459195,14463132604781,14463132690031,14463134753228,2.294033,0.08525,2.063197,960
live,1072,14463142459195,14463142598461,14463142681918,14463144777756,2.318561,0.083457,2.095838,960
live,1073,14463152459195,14463152600141,14463152675086,14463155017551,2.558356,0.074945,2.342465,960
live,1074,14463162459195,14463162597212,14463162702814,14463165109312,2.650117,0.105602,2.406498,960
live,1075,14463172459195,14463172607916,14463172704749,14463175125360,2.666165,0.096833,2.420611,960
live,1076,14463182459195,14463182604764,14463182681853,14463184776443,2.317248,0.077089,2.09459,960
live,1077,14463192459195,14463192601739,14463192702093,14463195060335,2.60114,0.100354,2.358242,960
live,1078,14463202459195,14463202601531,14463202688508,14463205049406,2.590211,0.086977,2.360898,960
live,1079,14463212459195,14463212604811,14463212686284,14463214731913,2.272718,0.081473,2.045629,960
live,1080,14463222459195,14463222605466,14463222694780,14463228749907,6.290712,0.089314,6.055127,960
live,1081,14463232459195,14463232608746,14463232700299,14463235061997,2.602802,0.091553,2.361698,960
live,1082,14463242459195,14463242607866,14463242679739,14463244800953,2.341758,0.071873,2.121214,960
live,1083,14463252459195,14463252597801,14463252670634,14463254758600,2.299405,0.072833,2.087966,960
live,1084,14463262459195,14463262594297,14463262673050,14463264778232,2.319037,0.078753,2.105182,960
live,1085,14463272459195,14463272694634,14463272803851,14463274956426,2.497231,0.109217,2.152575,960
live,1086,14463282459195,14463282602392,14463282685273,14463284818808,2.359613,0.082881,2.133535,960
live,1087,14463292459195,14463292606184,14463292688009,14463295040235,2.58104,0.081825,2.352226,960
live,1088,14463302459195,14463302602712,14463302690105,14463304798007,2.338812,0.087393,2.107902,960
live,1089,14463312459195,14463312600039,14463312680904,14463314727750,2.268555,0.080865,2.046846,960
live,1090,14463322459195,14463322601175,14463322672408,14463325432640,2.973445,0.071233,2.760232,960
live,1091,14463332459195,14463332603047,14463332690888,14463334800134,2.340939,0.087841,2.109246,960
live,1092,14463342459195,14463342599894,14463342668727,14463344794102,2.334907,0.068833,2.125375,960
live,1093,14463352459195,14463352598374,14463352697287,14463354781349,2.322154,0.098913,2.084062,960
live,1094,14463362459195,14463362599542,14463362670295,14463363938441,1.479246,0.070753,1.268146,960
live,1095,14463372459195,14463372596037,14463372671814,14463373882776,1.423581,0.075777,1.210962,960
live,1096,14463382459195,14463382603541,14463382694326,14463383963240,1.504045,0.090785,1.268914,960
live,1097,14463392459195,14463392605829,14463392684326,14463394217852,1.758657,0.078497,1.533526,960
live,1098,14463402459195,14463402599700,14463402675701,14463404221068,1.761873,0.076001,1.545367,960
live,1099,14463412459195,14463412604548,14463412694021,14463414217499,1.758304,0.089473,1.523478,960
live,1100,14463422459195,14463422600308,14463422676789,14463429049040,6.589845,0.076481,6.372251,960
live,1101,14463432459195,14463432605059,14463432698181,14463434273819,1.814624,0.093122,1.575638,960
live,1102,14463442459195,14463442609715,14463442686292,14463444363340,1.904145,0.076577,1.677048,960
live,1103,14463452459195,14463452595523,14463452677540,14463453885013,1.425818,0.082017,1.207473,960
live,1104,14463462459195,14463462611794,14463462679667,14463463862660,1.403465,0.067873,1.182993,960
live,1105,14463472459195,14463472596194,14463472657379,14463473827732,1.368537,0.061185,1.170353,960
live,1106,14463482459195,14463482598098,14463482672243,14463483889476,1.430281,0.074145,1.217233,960
live,1107,14463492459195,14463492606465,14463493000615,14463495167302,2.708107,0.39415,2.166687,960
live,1108,14463502459195,14463502629361,14463503036695,14463505284631,2.825436,0.407334,2.247936,960
live,1109,14463512459195,14463512630401,14463513024807,14463515451402,2.992207,0.394406,2.426595,960
live,1110,14463522459195,14463522606928,14463522713970,14463525105716,2.646521,0.107042,2.391746,960
live,1111,14463532459195,14463532614304,14463532711938,14463535169797,2.710602,0.097634,2.457859,960
live,1112,14463542459195,14463542604176,14463542676017,14463545077715,2.61852,0.071841,2.401698,960
live,1113,14463552459195,14463552598751,14463552703553,14463555073379,2.614184,0.104802,2.369826,960
live,1114,14463562459195,14463562599759,14463562679856,14463565039890,2.580695,0.080097,2.360034,960
live,1115,14463572459195,14463572599871,14463572682272,14463575034146,2.574951,0.082401,2.351874,960
live,1116,14463582459195,14463582699152,14463583061973,14463585481208,3.022013,0.362821,2.419235,960
live,1117,14463592459195,14463592608798,14463592695071,14463595053473,2.594278,0.086273,2.358402,960
live,1118,14463602459195,14463602598862,14463602670351,14463605060241,2.601046,0.071489,2.38989,960
live,1119,14463612459195,14463612601949,14463612686302,14463615046848,2.587653,0.084353,2.360546,960
live,1120,14463622459195,14463622600557,14463622705294,14463629050026,6.590831,0.104737,6.344732,960
live,1121,14463632459195,14463632603101,14463632704222,14463635701033,3.241838,0.101121,2.996811,960
live,1122,14463642459195,14463642600204,14463642696654,14463645100336,2.641141,0.09645,2.403682,960
live,1123,14463652459195,14463652603036,14463652675741,14463655042687,2.583492,0.072705,2.366946,960
live,1124,14463662459195,14463662599884,14463662684365,14463664824748,2.365553,0.084481,2.140383,960
live,1125,14463672459195,14463672661340,14463672780062,14463674253427,1.794232,0.118722,1.473365,960
live,1126,14463682459195,14463682702156,14463682897519,14463684644648,2.185453,0.195363,1.747129,960
live,1127,14463692459195,14463692628539,14463692737533,14463694069712,1.610517,0.108994,1.332179,960
live,1128,14463702459195,14463702623051,14463703018512,14463704437349,1.978154,0.395461,1.418837,960
live,1129,14463712459195,14463712605978,14463712992352,14463714385876,1.926681,0.386374,1.393524,960
live,1130,14463722459195,14463722598442,14463722989551,14463724724840,2.265645,0.391109,1.735289,960
live,1131,14463732459195,14463732602841,14463732994751,14463735139582,2.680387,0.39191,2.144831,960
live,1132,14463742459195,14463742596073,14463742703594,14463744887178,2.427983,0.107521,2.183584,960
live,1133,14463752459195,14463752599353,14463752682714,14463754807672,2.348477,0.083361,2.124958,960
live,1134,14463762459195,14463762592584,14463762675369,14463764826856,2.367661,0.082785,2.151487,960
live,1135,14463772459195,14463772590264,14463772662297,14463774740855,2.28166,0.072033,2.078558,960
live,1136,14463782459195,14463782591687,14463782665513,14463784802215,2.34302,0.073826,2.136702,960
live,1137,14463792459195,14463792605687,14463792709465,14463794869016,2.409821,0.103778,2.159551,960
live,1138,14463802459195,14463802600071,14463802679112,14463804815623,2.356428,0.079041,2.136511,960
live,1139,14463812459195,14463812590774,14463812680728,14463814773270,2.314075,0.089954,2.092542,960
live,1140,14463822459195,14463822592774,14463822667847,14463828755007,6.295812,0.075073,6.08716,960
live,1141,14463832459195,14463832596406,14463832676215,14463834778805,2.31961,0.079809,2.10259,960
live,1142,14463842459195,14463842636934,14463842739016,14463844945639,2.486444,0.102082,2.206623,960
live,1143,14463852459195,14463852626518,14463852703575,14463854795381,2.336186,0.077057,2.091806,960
live,1144,14463862459195,14463862591589,14463862661574,14463864792260,2.333065,0.069985,2.130686,960
live,1145,14463872459195,14463872587988,14463872666262,14463873974856,1.515661,0.078274,1.308594,960
live,1146,14463882459195,14463882589924,14463882659045,14463883907735,1.44854,0.069121,1.24869,960
live,1147,14463892459195,14463892593460,14463892690965,14463894054953,1.595758,0.097505,1.363988,960
live,1148,14463902459195,14463902593668,14463902668997,14463903947095,1.4879,0.075329,1.278098,960
live,1149,14463912459195,14463912589491,14463912678868,14463914121033,1.661838,0.089377,1.442165,960
live,1150,14463922459195,14463922590211,14463922666852,14463923858197,1.399002,0.076641,1.191345,960
live,1151,14463932459195,14463932591378,14463932669364,14463934197546,1.738351,0.077986,1.528182,960
live,1152,14463942459195,14463942606114,14463942695108,14463944307771,1.848576,0.088994,1.612663,960
live,1153,14463952459195,14463952593714,14463952681011,14463954199625,1.74043,0.087297,1.518614,960
live,1154,14463962459195,14463962591585,14463962669347,14463964213241,1.754046,0.077762,1.543894,960
live,1155,14463972459195,14463972591825,14463972684658,14463973884324,1.425129,0.092833,1.199666,960
live,1156,14463982459195,14463982584769,14463982647618,14463983836339,1.377144,0.062849,1.188721,960
live,1157,14463992459195,14463992599568,14463992687986,14463993927940,1.468745,0.088418,1.239954,960
live,1158,14464002459195,14464002597056,14464002665185,14464003856306,1.397111,0.068129,1.191121,960
live,1159,14464012459195,14464012602768,14464012993685,14464015145236,2.686041,0.390917,2.151551,960
live,1160,14464022459195,14464022595455,14464022976965,14464028393811,5.934616,0.38151,5.416846,960
live,1161,14464032459195,14464032588591,14464032683664,14464034755310,2.296115,0.095073,2.071646,960
live,1162,14464042459195,14464042643743,14464042948580,14464045129795,2.6706,0.304837,2.181215,960
live,1163,14464052459195,14464052604974,14464052701712,14464054793006,2.333811,0.096738,2.091294,960
live,1164,14464062459195,14464062604702,14464062681471,14464064830142,2.370947,0.076769,2.148671,960
live,1165,14464072459195,14464072598222,14464072672623,14464075007056,2.547861,0.074401,2.334433,960
live,1166,14464082459195,14464082597085,14464082683550,14464084809789,2.350594,0.086465,2.126239,960
live,1167,14464092459195,14464092599437,14464092686094,14464095423445,2.96425,0.086657,2.737351,960
live,1168,14464102459195,14464102602236,14464102696190,14464104844701,2.385506,0.093954,2.148511,960
live,1169,14464112459195,14464112599628,14464112671981,14464114922381,2.463186,0.072353,2.2504,960
live,1170,14464122459195,14464122596476,14464122679229,14464124811067,2.351872,0.082753,2.131838,960
live,1171,14464132459195,14464132653388,14464132768014,14464135024750,2.565555,0.114626,2.256736,960
live,1172,14464142459195,14464142632539,14464142737821,14464145754792,3.295597,0.105282,3.016971,960
live,1173,14464152459195,14464152634955,14464152733517,14464155261841,2.802646,0.098562,2.528324,960
live,1174,14464162459195,14464162610458,14464162709468,14464165213728,2.754533,0.09901,2.50426,960
live,1175,14464172459195,14464172604938,14464172678379,14464175022477,2.563282,0.073441,2.344098,960
live,1176,14464182459195,14464182598425,14464182682875,14464184777945,2.31875,0.08445,2.09507,960
live,1177,14464192459195,14464192597001,14464192669194,14464194756136,2.296941,0.072193,2.086942,960
live,1178,14464202459195,14464202602681,14464202702362,14464204872857,2.413662,0.099681,2.170495,960
live,1179,14464212459195,14464212602984,14464212672937,14464214616837,2.157642,0.069953,1.9439,960
live,1180,14464222459195,14464222577560,14464222657561,14464228347147,5.887952,0.080001,5.689586,960
live,1181,14464232459195,14464232603912,14464232702281,14464234833352,2.374157,0.098369,2.131071,960
live,1182,14464242459195,14464242604727,14464242675352,14464245174268,2.715073,0.070625,2.498916,960
live,1183,14464252459195,14464252605863,14464252704584,14464255256653,2.797458,0.098721,2.552069,960
live,1184,14464262459195,14464262601623,14464262673432,14464265083578,2.624383,0.071809,2.410146,960
live,1185,14464272459195,14464272597382,14464272679847,14464275051497,2.592302,0.082465,2.37165,960
live,1186,14464282459195,14464282597302,14464282668695,14464284786869,2.327674,0.071393,2.118174,960
live,1187,14464292459195,14464292594661,14464292665318,14464294755748,2.296553,0.070657,2.09043,960
live,1188,14464302459195,14464302605237,14464302697911,14464304866646,2.407451,0.092674,2.168735,960
live,1189,14464312459195,14464312605157,14464312676934,14464314791428,2.332233,0.071777,2.114494,960
live,1190,14464322459195,14464322598580,14464322678614,14464324805908,2.346713,0.080034,2.127294,960
live,1191,14464332459195,14464332598052,14464332667845,14464334753731,2.294536,0.069793,2.085886,960
live,1192,14464342459195,14464342599284,14464342683509,14464344916757,2.457562,0.084225,2.233248,960
live,1193,14464352459195,14464352607299,14464352705733,14464355025094,2.565899,0.098434,2.319361,960
live,1194,14464362459195,14464362610419,14464362718133,14464364386381,1.927186,0.107714,1.668248,960
live,1195,14464372459195,14464372605891,14464372686788,14464375068230,2.609035,0.080897,2.381442,960
live,1196,14464382459195,14464382602386,14464382674643,14464384778769,2.319574,0.072257,2.104126,960
live,1197,14464392459195,14464392596002,14464392695587,14464394786913,2.327718,0.099585,2.091326,960
live,1198,14464402459195,14464402601489,14464402695091,14464404837554,2.378359,0.093602,2.142463,960
live,1199,14464412459195,14464412601313,14464412684834,14464414797665,2.33847,0.083521,2.112831,960
live,1200,14464422459195,14464422595473,14464422684562,14464428696616,6.237421,0.089089,6.012054,960
live,1201,14464432459195,14464432603456,14464432693090,14464434781664,2.322469,0.089634,2.088574,960
live,1202,14464442459195,14464442594064,14464442663665,14464444785039,2.325844,0.069601,2.121374,960
live,1203,14464452459195,14464452602976,14464452707553,14464455251110,2.791915,0.104577,2.543557,960
live,1204,14464462459195,14464462601295,14464462677360,14464465187508,2.728313,0.076065,2.510148,960
live,1205,14464472459195,14464472599135,14464472681440,14464475026306,2.567111,0.082305,2.344866,960
live,1206,14464482459195,14464482600879,14464482684112,14464484771566,2.312371,0.083233,2.087454,960
live,1207,14464492459195,14464492601726,14464492681759,14464494781565,2.32237,0.080033,2.099806,960
live,1208,14464502459195,14464502800753,14464502938867,14464505366710,2.907515,0.138114,2.427843,960
live,1209,14464512459195,14464512607614,14464512684127,14464514809469,2.350274,0.076513,2.125342,960
live,1210,14464522459195,14464522599085,14464522684078,14464524813613,2.354418,0.084993,2.129535,960
live,1211,14464532459195,14464532603165,14464532676574,14464534785436,2.326241,0.073409,2.108862,960
live,1212,14464542459195,14464542596140,14464542668461,14464544788780,2.329585,0.072321,2.120319,960
live,1213,14464552459195,14464552598396,14464552673629,14464555504870,3.045675,0.075233,2.831241,960
live,1214,14464562459195,14464562602316,14464562699789,14464564992558,2.533363,0.097473,2.292769,960
live,1215,14464572459195,14464572603995,14464572697309,14464574098833,1.639638,0.093314,1.401524,960
live,1216,14464582459195,14464582605259,14464582679948,14464583927646,1.468451,0.074689,1.247698,960
live,1217,14464592459195,14464592603323,14464592673244,14464593902733,1.443538,0.069921,1.229489,960
live,1218,14464602459195,14464602652683,14464602748012,14464604044927,1.585732,0.095329,1.296915,960
live,1219,14464612459195,14464612635066,14464612724540,14464614027790,1.568595,0.089474,1.30325,960
live,1220,14464622459195,14464622604617,14464622708235,14464627844117,5.384922,0.103618,5.135882,960
live,1221,14464632459195,14464632607033,14464632680250,14464633897612,1.438417,0.073217,1.217362,960
live,1222,14464642459195,14464642597225,14464642663498,14464643865179,1.405984,0.066273,1.201681,960
live,1223,14464652459195,14464652592696,14464652656633,14464654189583,1.730388,0.063937,1.53295,960
live,1224,14464662459195,14464662603912,14464662695753,14464664406594,1.947399,0.091841,1.710841,960
live,1225,14464672459195,14464672606072,14464672690041,14464674242415,1.78322,0.083969,1.552374,960
live,1226,14464682459195,14464682601671,14464682682728,14464684243295,1.7841,0.081057,1.560567,960
live,1227,14464692459195,14464692599543,14464692666520,14464693866441,1.407246,0.066977,1.199921,960
live,1228,14464702459195,14464702595942,14464702662503,14464703860761,1.401566,0.066561,1.198258,960
live,1229,14464712459195,14464712604790,14464712690903,14464713986090,1.526895,0.086113,1.295187,960
live,1230,14464722459195,14464722605958,14464722684519,14464723889240,1.430045,0.078561,1.204721,960
live,1231,14464732459195,14464732597045,14464732685911,14464733888584,1.429389,0.088866,1.202673,960
live,1232,14464742459195,14464742600709,14464742665542,14464743861943,1.402748,0.064833,1.196401,960
live,1233,14464752459195,14464752597941,14464752662805,14464753843110,1.383915,0.064864,1.180305,960
live,1234,14464762459195,14464762605220,14464762709894,14464764376126,1.916931,0.104674,1.666232,960
live,1235,14464772459195,14464772606420,14464772682741,14464774245643,1.786448,0.076321,1.562902,960
live,1236,14464782459195,14464782595683,14464782673349,14464784216411,1.757216,0.077666,1.543062,960
live,1237,14464792459195,14464792601235,14464792665268,14464794189994,1.730799,0.064033,1.524726,960
live,1238,14464802459195,14464802598595,14464802679652,14464803877813,1.418618,0.081057,1.198161,960
live,1239,14464812459195,14464812609075,14464812695668,14464813993574,1.534379,0.086593,1.297906,960
live,1240,14464822459195,14464822611650,14464822696547,14464827911438,5.452243,0.084897,5.214891,960
live,1241,14464832459195,14464832612370,14464832714163,14464833945861,1.486666,0.101793,1.231698,960
live,1242,14464842459195,14464842602209,14464842679842,14464843892596,1.433401,0.077633,1.212754,960
live,1243,14464852459195,14464852598481,14464852658674,14464853865347,1.406152,0.060193,1.206673,960
live,1244,14464862459195,14464862603617,14464862694434,14464864384282,1.925087,0.090817,1.689848,960
live,1245,14464872459195,14464872603952,14464872686513,14464874236456,1.777261,0.082561,1.549943,960
live,1246,14464882459195,14464882604384,14464882672513,14464884250776,1.791581,0.068129,1.578263,960
live,1247,14464892459195,14464892595599,14464892675153,14464894194054,1.734859,0.079554,1.518901,960
live,1248,14464902459195,14464902599391,14464902668160,14464903859505,1.40031,0.068769,1.191345,960
live,1249,14464912459195,14464912598127,14464912681808,14464913970146,1.510951,0.083681,1.288338,960
live,1250,14464922459195,14464922603326,14464922672799,14464923880241,1.421046,0.069473,1.207442,960
live,1251,14464932459195,14464932594510,14464932659663,14464933848672,1.389477,0.065153,1.189009,960
live,1252,14464942459195,14464942596286,14464942662655,14464943845135,1.38594,0.066369,1.18248,960
live,1253,14464952459195,14464952600333,14464952675758,14464953870943,1.411748,0.075425,1.195185,960
live,1254,14464962459195,14464962610237,14464962739263,14464964623706,2.164511,0.129026,1.884443,960
live,1255,14464972459195,14464972600940,14464972676750,14464973927392,1.468197,0.07581,1.250642,960
live,1256,14464982459195,14464982594492,14464982663645,14464983886799,1.427604,0.069153,1.223154,960
live,1257,14464992459195,14464992597580,14464992663245,14464993859998,1.400803,0.065665,1.196753,960
live,1258,14465002459195,14465002607291,14465003004385,14465005142976,2.683781,0.397094,2.138591,960
live,1259,14465012459195,14465012628843,14465013031729,14465015868474,3.409279,0.402886,2.836745,960
live,1260,14465022459195,14465022610331,14465023006432,14465029243450,6.784255,0.396101,6.237018,960
live,1261,14465032459195,14465032625834,14465033042224,14465035539444,3.080249,0.41639,2.49722,960
live,1262,14465042459195,14465042630810,14465043039008,14465045293120,2.833925,0.408198,2.254112,960
live,1263,14465052459195,14465052606249,14465052679850,14465054849930,2.390735,0.073601,2.17008,960
live,1264,14465062459195,14465062600409,14465062673658,14465064815417,2.356222,0.073249,2.141759,960
live,1265,14465072459195,14465072601768,14465072696362,14465074852777,2.393582,0.094594,2.156415,960
live,1266,14465082459195,14465082605272,14465082676665,14465084823608,2.364413,0.071393,2.146943,960
live,1267,14465092459195,14465092609160,14465092693449,14465094767431,2.308236,0.084289,2.073982,960
live,1268,14465102459195,14465102601303,14465102695417,14465104820503,2.361308,0.094114,2.125086,960
live,1269,14465112459195,14465112607815,14465112697448,14465115063594,2.604399,0.089633,2.366146,960
live,1270,14465122459195,14465122613239,14465122703672,14465125147963,2.688768,0.090433,2.444291,960
live,1271,14465132459195,14465132602214,14465132687303,14465135063785,2.60459,0.085089,2.376482,960
live,1272,14465142459195,14465142599894,14465142672119,14465145038937,2.579742,0.072225,2.366818,960
live,1273,14465152459195,14465152601445,14465152673574,14465155005512,2.546317,0.072129,2.331938,960
live,1274,14465162459195,14465162595093,14465162666134,14465164784564,2.325369,0.071041,2.11843,960
live,1275,14465172459195,14465172611557,14465172717798,14465174106106,1.646911,0.106241,1.388308,960
live,1276,14465182459195,14465182615796,14465182701237,14465183915047,1.455852,0.085441,1.21381,960
live,1277,14465192459195,14465192599332,14465192679141,14465194194907,1.735712,0.079809,1.515766,960
live,1278,14465202459195,14465202597043,14465202663668,14465203860901,1.401706,0.066625,1.197233,960
live,1279,14465212459195,14465212599459,14465212676420,14465214194074,1.734879,0.076961,1.517654,960
live,1280,14465222459195,14465222605939,14465222693972,14465228258212,5.799017,0.088033,5.56424,960
live,1281,14465232459195,14465232608322,14465232704068,14465233911957,1.452762,0.095746,1.207889,960
live,1282,14465242459195,14465242598674,14465242672051,14465243843939,1.384744,0.073377,1.171888,960
live,1283,14465252459195,14465252596321,14465252659106,14465254188440,1.729245,0.062785,1.529334,960
live,1284,14465262459195,14465262607345,14465262717555,14465264145255,1.68606,0.11021,1.4277,960
live,1285,14465272459195,14465272643617,14465272759235,14465274145239,1.686044,0.115618,1.386004,960
live,1286,14465282459195,14465282622608,14465282730290,14465284070949,1.611754,0.107682,1.340659,960
live,1287,14465292459195,14465292618496,14465292700193,14465293901490,1.442295,0.081697,1.201297,960
live,1288,14465302459195,14465302640080,14465303048918,14465304476522,2.017327,0.408838,1.427604,960
live,1289,14465312459195,14465312607423,14465312677056,14465313909490,1.450295,0.069633,1.232434,960
live,1290,14465322459195,14465322604878,14465322695088,14465323976514,1.517319,0.09021,1.281426,960
live,1291,14465332459195,14465332608894,14465332693983,14465333896145,1.43695,0.085089,1.202162,960
live,1292,14465342459195,14465342598158,14465342704591,14465343916161,1.456966,0.106433,1.21157,960
live,1293,14465352459195,14465352601661,14465352668926,14465353880784,1.421589,0.067265,1.211858,960
live,1294,14465362459195,14465362649614,14465362725647,14465363940960,1.481765,0.076033,1.215313,960
live,1295,14465372459195,14465372630205,14465372724030,14465373990576,1.531381,0.093825,1.266546,960
live,1296,14465382459195,14465382620268,14465383007730,14465384389286,1.930091,0.387462,1.381556,960
live,1297,14465392459195,14465392635004,14465393049026,14465394506455,2.04726,0.414022,1.457429,960
live,1298,14465402459195,14465402607691,14465402693741,14465403932766,1.473571,0.08605,1.239025,960
live,1299,14465412459195,14465412599643,14465412684732,14465413909230,1.450035,0.085089,1.224498,960
live,1300,14465422459195,14465422760429,14465422914991,14465428279036,5.819841,0.154562,5.364045,960
live,1301,14465432459195,14465432614746,14465432706268,14465433936941,1.477746,0.091522,1.230673,960
live,1302,14465442459195,14465442601130,14465442679243,14465443884348,1.425153,0.078113,1.205105,960
live,1303,14465452459195,14465452603225,14465452685658,14465453882316,1.423121,0.082433,1.196658,960
live,1304,14465462459195,14465462601481,14465462670762,14465463872539,1.413344,0.069281,1.201777,960
live,1305,14465472459195,14465472602424,14465472669657,14465473850634,1.391439,0.067233,1.180977,960
live,1306,14465482459195,14465482605064,14465482693769,14465483969788,1.510593,0.088705,1.276019,960
live,1307,14465492459195,14465492635832,14465493039518,14465495224925,2.76573,0.403686,2.185407,960
live,1308,14465502459195,14465502640072,14465503045998,14465505264717,2.805522,0.405926,2.218719,960
live,1309,14465512459195,14465512655928,14465513062141,14465515259037,2.799842,0.406213,2.196896,960
live,1310,14465522459195,14465522609446,14465522698664,14465524894855,2.43566,0.089218,2.196191,960
live,1311,14465532459195,14465532604950,14465532711640,14465534842582,2.383387,0.10669,2.130942,960
live,1312,14465542459195,14465542611078,14465542693735,14465543977273,1.518078,0.082657,1.283538,960
live,1313,14465552459195,14465552601429,14465552677206,14465553886888,1.427693,0.075777,1.209682,960
live,1314,14465562459195,14465562600037,14465562674118,14465563876087,1.416892,0.074081,1.201969,960
live,1315,14465572459195,14465572599252,14465572695382,14465573902119,1.442924,0.09613,1.206737,960
live,1316,14465582459195,14465582605636,14465582692517,14465583952951,1.493756,0.086881,1.260434,960
live,1317,14465592459195,14465592601012,14465592680341,14465593889126,1.429931,0.079329,1.208785,960
live,1318,14465602459195,14465602598499,14465602674500,14465603862069,1.402874,0.076001,1.187569,960
live,1319,14465612459195,14465612602099,14465612701332,14465613883653,1.424458,0.099233,1.182321,960
live,1320,14465622459195,14465622598114,14465622672995,14465628619161,6.159966,0.074881,5.946166,960
live,1321,14465632459195,14465632610866,14465632700083,14465633928517,1.469322,0.089217,1.228434,960
live,1322,14465642459195,14465642600354,14465642670435,14465643909172,1.449977,0.070081,1.238737,960
live,1323,14465652459195,14465652602929,14465652667602,14465653851939,1.392744,0.064673,1.184337,960
live,1324,14465662459195,14465662616033,14465663024391,14465665219078,2.759883,0.408358,2.194687,960
live,1325,14465672459195,14465672604208,14465672675601,14465674766159,2.306964,0.071393,2.090558,960
live,1326,14465682459195,14465682604416,14465682686689,14465684866528,2.407333,0.082273,2.179839,960
live,1327,14465692459195,14465692605808,14465692691569,14465694828944,2.369749,0.085761,2.137375,960
live,1328,14465702459195,14465702603967,14465702689376,14465704853951,2.394756,0.085409,2.164575,960
live,1329,14465712459195,14465712600335,14465712695376,14465714794862,2.335667,0.095041,2.099486,960
live,1330,14465722459195,14465722605886,14465722683744,14465724828126,2.368931,0.077858,2.144382,960
live,1331,14465732459195,14465732606958,14465732703727,14465735197043,2.737848,0.096769,2.493316,960
live,1332,14465742459195,14465742605278,14465742679487,14465744827582,2.368387,0.074209,2.148095,960
live,1333,14465752459195,14465752604141,14465752672718,14465754771180,2.311985,0.068577,2.098462,960
live,1334,14465762459195,14465762602077,14465762687902,14465764821085,2.36189,0.085825,2.133183,960
live,1335,14465772459195,14465772600172,14465772685294,14465774785932,2.326737,0.085122,2.100638,960
live,1336,14465782459195,14465782603484,14465782684253,14465784840284,2.381089,0.080769,2.156031,960
live,1337,14465792459195,14465792601964,14465792677261,14465794769195,2.31,0.075297,2.091934,960
live,1338,14465802459195,14465802596251,14465802670268,14465804839035,2.37984,0.074017,2.168767,960
live,1339,14465812459195,14465812599915,14465812681452,14465814766314,2.307119,0.081537,2.084862,960
live,1340,14465822459195,14465822722236,14465822883902,14465829361499,6.902304,0.161666,6.477597,960
live,1341,14465832459195,14465832638314,14465832741804,14465834920043,2.460848,0.10349,2.178239,960
live,1342,14465842459195,14465842615386,14465842702299,14465844854234,2.395039,0.086913,2.151935,960
live,1343,14465852459195,14465852608521,14465852702251,14465854798857,2.339662,0.09373,2.096606,960
live,1344,14465862459195,14465862605177,14465862680186,14465864829913,2.370718,0.075009,2.149727,960
live,1345,14465872459195,14465872601256,14465872674729,14465874757255,2.29806,0.073473,2.082526,960
live,1346,14465882459195,14465882724506,14465882830843,14465885371552,2.912357,0.106337,2.540709,960
live,1347,14465892459195,14465892607272,14465892702601,14465895205005,2.74581,0.095329,2.502404,960
live,1348,14465902459195,14465902598935,14465902674968,14465904327664,1.868469,0.076033,1.652696,960
live,1349,14465912459195,14465912599239,14465912669960,14465914213310,1.754115,0.070721,1.54335,960
live,1350,14465922459195,14465922648887,14465922753945,14465924329327,1.870132,0.105058,1.575382,960
live,1351,14465932459195,14465932621766,14465932706087,14465934093467,1.634272,0.084321,1.38738,960
live,1352,14465942459195,14465942609462,14465942692471,14465943961289,1.502094,0.083009,1.268818,960
live,1353,14465952459195,14465952604389,14465952698919,14465953897112,1.437917,0.09453,1.198193,960
live,1354,14465962459195,14465962608597,14465962688726,14465963882535,1.42334,0.080129,1.193809,960
live,1355,14465972459195,14465972598948,14465972675589,14465973870710,1.411515,0.076641,1.195121,960
live,1356,14465982459195,14465982597972,14465982666101,14465983846502,1.387307,0.068129,1.180401,960
live,1357,14465992459195,14465992611940,14465992703461,14465993945015,1.48582,0.091521,1.241554,960
live,1358,14466002459195,14466002605427,14466002667668,14466003860101,1.400906,0.062241,1.192433,960
live,1359,14466012459195,14466012594146,14466012675588,14466013904309,1.445114,0.081442,1.228721,960
live,1360,14466022459195,14466022669779,14466023080185,14466028417702,5.958507,0.410406,5.337517,960
live,1361,14466032459195,14466032628322,14466032721635,14466033961141,1.501946,0.093313,1.239506,960
live,1362,14466042459195,14466042616241,14466042704339,14466043984837,1.525642,0.088098,1.280498,960
live,1363,14466052459195,14466052608961,14466052691682,14466053918420,1.459225,0.082721,1.226738,960
live,1364,14466062459195,14466062600240,14466062682737,14466063894819,1.435624,0.082497,1.212082,960
live,1365,14466072459195,14466072605280,14466072670401,14466073876050,1.416855,0.065121,1.205649,960
live,1366,14466082459195,14466082597455,14466082688337,14466083885154,1.425959,0.090882,1.196817,960
live,1367,14466092459195,14466092602015,14466092690560,14466093939442,1.480247,0.088545,1.248882,960
live,1368,14466102459195,14466102604591,14466102670576,14466103871457,1.412262,0.065985,1.200881,960
live,1369,14466112459195,14466112621086,14466113011716,14466115091906,2.632711,0.39063,2.08019,960
live,1370,14466122459195,14466122705103,14466123114229,14466124626283,2.167088,0.409126,1.512054,960
live,1371,14466132459195,14466132632190,14466132713567,14466133966993,1.507798,0.081377,1.253426,960
live,1372,14466142459195,14466142608333,14466142700014,14466143990465,1.53127,0.091681,1.290451,960
live,1373,14466152459195,14466152605212,14466152684926,14466153905487,1.446292,0.079714,1.220561,960
live,1374,14466162459195,14466162604524,14466162683501,14466163898687,1.439492,0.078977,1.215186,960
live,1375,14466172459195,14466172602972,14466172669884,14466173950223,1.491028,0.066912,1.280339,960
live,1376,14466182459195,14466182599787,14466182683372,14466184175970,1.716775,0.083585,1.492598,960
live,1377,14466192459195,14466192603931,14466192678812,14466193940078,1.480883,0.074881,1.261266,960
live,1378,14466202459195,14466202602090,14466202673067,14466203877981,1.418786,0.070977,1.204914,960
live,1379,14466212459195,14466212605146,14466212995935,14466214327571,1.868376,0.390789,1.331636,960
live,1380,14466222459195,14466222637354,14466223039824,14466228422205,5.96301,0.40247,5.382381,960
live,1381,14466232459195,14466232605209,14466232699418,14466233945132,1.485937,0.094209,1.245714,960
live,1382,14466242459195,14466242605449,14466242692170,14466243960188,1.500993,0.086721,1.268018,960
live,1383,14466252459195,14466252605400,14466252684121,14466253900107,1.440912,0.078721,1.215986,960
live,1384,14466262459195,14466262678377,14466262805899,14466264210047,1.750852,0.127522,1.404148,960
live,1385,14466272459195,14466272626455,14466272710009,14466273936842,1.477647,0.083554,1.226833,960
live,1386,14466282459195,14466282607335,14466282700648,14466283906873,1.447678,0.093313,1.206225,960
live,1387,14466292459195,14466292604822,14466292695256,14466293985802,1.526607,0.090434,1.290546,960
live,1388,14466302459195,14466302608582,14466302680359,14466303873208,1.414013,0.071777,1.192849,960
live,1389,14466312459195,14466312603125,14466312670550,14466313857255,1.39806,0.067425,1.186705,960
live,1390,14466322459195,14466322608037,14466322991307,14466325145833,2.686638,0.38327,2.154526,960
live,1391,14466332459195,14466332619093,14466333019547,14466334445103,1.985908,0.400454,1.425556,960
live,1392,14466342459195,14466342782215,14466342870632,14466344186779,1.727584,0.088417,1.316147,960
live,1393,14466352459195,14466352602708,14466352682709,14466353910918,1.451723,0.080001,1.228209,960
live,1394,14466362459195,14466362645892,14466362740133,14466363947063,1.487868,0.094241,1.20693,960
live,1395,14466372459195,14466372613523,14466372697140,14466373898757,1.439562,0.083617,1.201617,960
live,1396,14466382459195,14466382606242,14466382696548,14466383879797,1.420602,0.090306,1.183249,960
live,1397,14466392459195,14466392604818,14466392698963,14466394514445,2.05525,0.094145,1.815482,960
live,1398,14466402459195,14466402614178,14466402687395,14466403921684,1.462489,0.073217,1.234289,960
live,1399,14466412459195,14466412611825,14466412688626,14466413888484,1.429289,0.076801,1.199858,960
live,1400,14466422459195,14466422606529,14466422987430,14466429033373,6.574178,0.380901,6.045943,960
live,1401,14466432459195,14466432626417,14466433040790,14466434479307,2.020112,0.414373,1.438517,960
live,1402,14466442459195,14466442598400,14466442692641,14466443926867,1.467672,0.094241,1.234226,960
live,1403,14466452459195,14466452604143,14466452688977,14466453976867,1.517672,0.084834,1.28789,960
live,1404,14466462459195,14466462605951,14466462680928,14466463886577,1.427382,0.074977,1.205649,960
live,1405,14466472459195,14466472597134,14466472695760,14466473895073,1.435878,0.098626,1.199313,960
live,1406,14466482459195,14466482597470,14466482671711,14466483861232,1.402037,0.074241,1.189521,960
live,1407,14466492459195,14466492596909,14466492671983,14466493850751,1.391556,0.075074,1.178768,960
live,1408,14466502459195,14466502602397,14466502687166,14466503936368,1.477173,0.084769,1.249202,960
live,1409,14466512459195,14466512603821,14466512672878,14466513873727,1.414532,0.069057,1.200849,960
live,1410,14466522459195,14466522599356,14466522664285,14466523841550,1.382355,0.064929,1.177265,960
live,1411,14466532459195,14466532617068,14466532999889,14466534322372,1.863177,0.382821,1.322483,960
live,1412,14466542459195,14466542598811,14466542694717,14466543921134,1.461939,0.095906,1.226417,960
live,1413,14466552459195,14466552603371,14466552693740,14466553971487,1.512292,0.090369,1.277747,960
live,1414,14466562459195,14466562604379,14466562680668,14466563887917,1.428722,0.076289,1.207249,960
live,1415,14466572459195,14466572600970,14466572666123,14466573860732,1.401537,0.065153,1.194609,960
live,1416,14466582459195,14466582603130,14466582669275,14466583850732,1.391537,0.066145,1.181457,960
live,1417,14466592459195,14466592598793,14466592665418,14466593842267,1.383072,0.066625,1.176849,960
live,1418,14466602459195,14466602613561,14466602723290,14466604146927,1.687732,0.109729,1.423637,960
live,1419,14466612459195,14466612611048,14466612693290,14466613919451,1.460256,0.082242,1.226161,960
live,1420,14466622459195,14466622605208,14466622684953,14466627873220,5.414025,0.079745,5.188267,960
live,1421,14466632459195,14466632613864,14466633169136,14466635307694,2.848499,0.555272,2.138558,960
live,1422,14466642459195,14466642622519,14466643024861,14466644504498,2.045303,0.402342,1.479637,960
live,1423,14466652459195,14466652604327,14466652698408,14466654012891,1.553696,0.094081,1.314483,960
live,1424,14466662459195,14466662606646,14466662673015,14466663886825,1.42763,0.066369,1.21381,960
live,1425,14466672459195,14466672596998,14466672672359,14466673875960,1.416765,0.075361,1.203601,960
live,1426,14466682459195,14466682597973,14466682687190,14466683876456,1.417261,0.089217,1.189266,960
live,1427,14466692459195,14466692598117,14466692672006,14466693871959,1.412764,0.073889,1.199953,960
live,1428,14466702459195,14466702602228,14466702685846,14466703942312,1.483117,0.083618,1.256466,960
live,1429,14466712459195,14466712602468,14466712669157,14466713871158,1.411963,0.066689,1.202001,960
live,1430,14466722459195,14466722603028,14466722670676,14466723872262,1.413067,0.067648,1.201586,960
live,1431,14466732459195,14466732603331,14466732990537,14466734330140,1.870945,0.387206,1.339603,960
live,1432,14466742459195,14466742616723,14466743036025,14466744477486,2.018291,0.419302,1.441461,960
live,1433,14466752459195,14466752609666,14466752705348,14466754036375,1.57718,0.095682,1.331027,960
live,1434,14466762459195,14466762603442,14466762669875,14466763892900,1.433705,0.066433,1.223025,960
live,1435,14466772459195,14466772597217,14466772676066,14466773895604,1.436409,0.078849,1.219538,960
live,1436,14466782459195,14466782600401,14466782681906,14466783931300,1.472105,0.081505,1.249394,960
live,1437,14466792459195,14466792600064,14466792695746,14466793898387,1.439192,0.095682,1.202641,960
live,1438,14466802459195,14466802604752,14466802695057,14466803965348,1.506153,0.090305,1.270291,960
live,1439,14466812459195,14466812603872,14466812671553,14466813870770,1.411575,0.067681,1.199217,960
live,1440,14466822459195,14466822595055,14466822661904,14466827790874,5.331679,0.066849,5.12897,960
live,1441,14466832459195,14466832601823,14466832681184,14466833878129,1.418934,0.079361,1.196945,960
live,1442,14466842459195,14466842602766,14466842710224,14466843932129,1.472934,0.107458,1.221905,960
live,1443,14466852459195,14466852659839,14466852739968,14466853989394,1.530199,0.080129,1.249426,960
live,1444,14466862459195,14466862618030,14466862693647,14466863899776,1.440581,0.075617,1.206129,960
live,1445,14466872459195,14466872606621,14466872673374,14466873860975,1.40178,0.066753,1.187601,960
live,1446,14466882459195,14466882640813,14466882719694,14466883945664,1.486469,0.078881,1.22597,960
live,1447,14466892459195,14466892621468,14466892715230,14466893904815,1.44562,0.093762,1.189585,960
live,1448,14466902459195,14466902606380,14466902681005,14466904487751,2.028556,0.074625,1.806746,960
live,1449,14466912459195,14466912609563,14466912695901,14466914248947,1.789752,0.086338,1.553046,960
live,1450,14466922459195,14466922599691,14466922664908,14466924222146,1.762951,0.065217,1.557238,960
live,1451,14466932459195,14466932598906,14466932663355,14466934177553,1.718358,0.064449,1.514198,960
live,1452,14466942459195,14466942604330,14466942983439,14466944673320,2.214125,0.379109,1.689881,960
live,1453,14466952459195,14466952632858,14466953034272,14466955510883,3.051688,0.401414,2.476611,960
live,1454,14466962459195,14466962602441,14466962683242,14466964306177,1.846982,0.080801,1.622935,960
live,1455,14466972459195,14466972599865,14466972677882,14466974241072,1.781877,0.078017,1.56319,960
live,1456,14466982459195,14466982598472,14466982671849,14466984247168,1.787973,0.073377,1.575319,960
live,1457,14466992459195,14466992596888,14466992690361,14466994228399,1.769204,0.093473,1.538038,960
live,1458,14467002459195,14467002596839,14467002674056,14467004224894,1.765699,0.077217,1.550838,960
live,1459,14467012459195,14467012607447,14467012689592,14467014254638,1.795443,0.082145,1.565046,960
live,1460,14467022459195,14467022600774,14467022668967,14467028148310,5.689115,0.068193,5.479343,960
live,1461,14467032459195,14467032604822,14467032691063,14467034229837,1.770642,0.086241,1.538774,960
live,1462,14467042459195,14467042599877,14467042670662,14467044239293,1.780098,0.070785,1.568631,960
live,1463,14467052459195,14467052601013,14467052673910,14467054990391,2.531196,0.072897,2.316481,960
live,1464,14467062459195,14467062602852,14467062694342,14467064847301,2.388106,0.09149,2.152959,960
live,1465,14467072459195,14467072603476,14467072687221,14467074787027,2.327832,0.083745,2.099806,960
live,1466,14467082459195,14467082599971,14467082683077,14467085053095,2.5939,0.083106,2.370018,960
live,1467,14467092459195,14467092601107,14467092673556,14467094786514,2.327319,0.072449,2.112958,960
live,1468,14467102459195,14467102596770,14467102668867,14467104814370,2.355175,0.072097,2.145503,960
live,1469,14467112459195,14467112601234,14467112696371,14467114850450,2.391255,0.095137,2.154079,960
live,1470,14467122459195,14467122602657,14467122688355,14467124812545,2.35335,0.085698,2.12419,960
live,1471,14467132459195,14467132624977,14467132723379,14467135099253,2.640058,0.098402,2.375874,960
live,1472,14467142459195,14467142615585,14467142706402,14467145087044,2.627849,0.090817,2.380642,960
live,1473,14467152459195,14467152605712,14467152690001,14467155057395,2.5982,0.084289,2.367394,960
live,1474,14467162459195,14467162600928,14467162692961,14467164835552,2.376357,0.092033,2.142591,960
live,1475,14467172459195,14467172600975,14467172684912,14467175048306,2.589111,0.083937,2.363394,960
live,1476,14467182459195,14467182598975,14467182669664,14467184773342,2.314147,0.070689,2.103678,960
live,1477,14467192459195,14467192598702,14467192699280,14467195069490,2.610295,0.100578,2.37021,960
live,1478,14467202459195,14467202597246,14467202669407,14467205040225,2.58103,0.072161,2.370818,960
live,1479,14467212459195,14467212605389,14467212698287,14467215126385,2.66719,0.092898,2.428098,960
live,1480,14467222459195,14467222606397,14467222682238,14467228925816,6.466621,0.075841,6.243578,960
live,1481,14467232459195,14467232602604,14467232685454,14467235055120,2.595925,0.08285,2.369666,960
live,1482,14467242459195,14467242597788,14467242683389,14467244774235,2.31504,0.085601,2.090846,960
live,1483,14467252459195,14467252601323,14467252685133,14467254303620,1.844425,0.08381,1.618487,960
live,1484,14467262459195,14467262601083,14467262693436,14467263955470,1.496275,0.092353,1.262034,960
live,1485,14467272459195,14467272605930,14467272684908,14467274226402,1.767207,0.078978,1.541494,960
live,1486,14467282459195,14467282596762,14467282665147,14467283863980,1.404785,0.068385,1.198833,960
live,1487,14467292459195,14467292594697,14467292670794,14467293865372,1.406177,0.076097,1.194578,960
live,1488,14467302459195,14467302604953,14467302706715,14467303900844,1.441649,0.101762,1.194129,960
live,1489,14467312459195,14467312610313,14467312699018,14467313935516,1.476321,0.088705,1.236498,960
live,1490,14467322459195,14467322601912,14467322669081,14467324224079,1.764884,0.067169,1.554998,960
live,1491,14467332459195,14467332598760,14467332663048,14467334185534,1.726339,0.064288,1.522486,960
live,1492,14467342459195,14467342597591,14467342665272,14467343841161,1.381966,0.067681,1.175889,960
live,1493,14467352459195,14467352600327,14467352667112,14467353843256,1.384061,0.066785,1.176144,960
live,1494,14467362459195,14467362737016,14467363116062,14467365302013,2.842818,0.379046,2.185951,960
live,1495,14467372459195,14467372622182,14467373009900,14467374440064,1.980869,0.387718,1.430164,960
live,1496,14467382459195,14467382597653,14467382678358,14467383915528,1.456333,0.080705,1.23717,960
live,1497,14467392459195,14467392601573,14467392669958,14467393890647,1.431452,0.068385,1.220689,960
live,1498,14467402459195,14467402598260,14467402677461,14467403868582,1.409387,0.079201,1.191121,960
live,1499,14467412459195,14467412598692,14467412795687,14467414836484,2.377289,0.196995,2.040797,960
