stage,sequence,release_ns,queued_ns,start_ns,end_ns,age_ms,queue_ms,service_ms,output_samples
live,0,15486962289252,15486962552425,15486962653098,15486968075984,5.786732,0.100673,5.422886,7680
live,1,15486972289252,15486972470824,15486972545257,15486976105975,3.816723,0.074433,3.560718,7680
live,2,15486982289252,15486982424808,15486982490729,15486985604177,3.314925,0.065921,3.113448,7680
live,3,15486992289252,15486992402344,15486992465705,15486995879125,3.589873,0.063361,3.41342,7680
live,4,15487002289252,15487002402216,15487002467689,15487005690451,3.401199,0.065473,3.222762,7680
live,5,15487012289252,15487012400617,15487012472842,15487015872949,3.583697,0.072225,3.400107,7680
live,6,15487022289252,15487022402313,15487022472074,15487026864418,4.575166,0.069761,4.392344,7680
live,7,15487032289252,15487032420714,15487032493835,15487036716385,4.427133,0.073121,4.22255,7680
live,8,15487042289252,15487042410986,15487042487979,15487046351580,4.062328,0.076993,3.863601,7680
live,9,15487052289252,15487052408906,15487052484267,15487056976197,4.686945,0.075361,4.49193,7680
live,10,15487062289252,15487062410187,15487062499276,15487067301385,5.012133,0.089089,4.802109,7680
live,11,15487072289252,15487072404747,15487072487852,15487077746255,5.457003,0.083105,5.258403,7680
live,12,15487082289252,15487082425995,15487082503724,15487087103975,4.814723,0.077729,4.600251,7680
live,13,15487092289252,15487092412844,15487092485676,15487097078119,4.788867,0.072832,4.592443,7680
live,14,15487102289252,15487102391532,15487102445196,15487106660226,4.370974,0.053664,4.21503,7680
live,15,15487112289252,15487112407052,15487112487309,15487116676803,4.387551,0.080257,4.189494,7680
live,16,15487122289252,15487122410637,15487122491662,15487126599266,4.310014,0.081025,4.107604,7680
live,17,15487132289252,15487132428941,15487132518926,15487138078166,5.788914,0.089985,5.55924,7680
live,18,15487142289252,15487142420877,15487142496526,15487146902663,4.613411,0.075649,4.406137,7680
live,19,15487152289252,15487152408653,15487152466446,15487156302687,4.013435,0.057793,3.836241,7680
live,20,15487162289252,15487162409582,15487162490063,15487168247993,5.958741,0.080481,5.75793,7680
live,21,15487172289252,15487172399022,15487172465423,15487176582852,4.2936,0.066401,4.117429,7680
live,22,15487182289252,15487182424847,15487182508976,15487186416258,4.127006,0.084129,3.907282,7680
live,23,15487192289252,15487192407663,15487192463343,15487195930428,3.641176,0.05568,3.467085,7680
live,24,15487202289252,15487202407119,15487202481488,15487205984125,3.694873,0.074369,3.502637,7680
live,25,15487212289252,15487212391631,15487212442832,15487216750567,4.461315,0.051201,4.307735,7680
live,26,15487222289252,15487222406224,15487222484913,15487226804392,4.51514,0.078689,4.319479,7680
live,27,15487232289252,15487232428464,15487232520498,15487236608742,4.31949,0.092034,4.088244,7680
live,28,15487242289252,15487242417297,15487242500402,15487246985803,4.696551,0.083105,4.485401,7680
live,29,15487252289252,15487252394577,15487252460881,15487256705416,4.416164,0.066304,4.244535,7680
live,30,15487262289252,15487262405905,15487262464818,15487266365668,4.076416,0.058913,3.90085,7680
live,31,15487272289252,15487272410641,15487272488690,15487276985260,4.696008,0.078049,4.49657,7680
live,32,15487282289252,15487282441778,15487282532083,15487287045389,4.756137,0.090305,4.513306,7680
live,33,15487292289252,15487292411474,15487292493875,15487296598440,4.309188,0.082401,4.104565,7680
live,34,15487302289252,15487302412754,15487302498708,15487306428390,4.139138,0.085954,3.929682,7680
live,35,15487312289252,15487312410963,15487312472852,15487316843724,4.554472,0.061889,4.370872,7680
live,36,15487322289252,15487322392563,15487322444020,15487326315461,4.026209,0.051457,3.871441,7680
live,37,15487332289252,15487332427092,15487332520885,15487336633962,4.34471,0.093793,4.113077,7680
live,38,15487342289252,15487342421492,15487342508533,15487347356275,5.067023,0.087041,4.847742,7680
live,39,15487352289252,15487352415252,15487352489877,15487356733132,4.44388,0.074625,4.243255,7680
live,40,15487362289252,15487362410996,15487362482869,15487368266112,5.97686,0.071873,5.783243,7680
live,41,15487372289252,15487372408277,15487372468501,15487377625528,5.336276,0.060224,5.157027,7680
live,42,15487382289252,15487382429813,15487382521654,15487386741453,4.452201,0.091841,4.219799,7680
live,43,15487392289252,15487392417045,15487392494710,15487396710349,4.421097,0.077665,4.215639,7680
live,44,15487402289252,15487402420086,15487402507287,15487406439369,4.150117,0.087201,3.932082,7680
live,45,15487412289252,15487412414934,15487412492311,15487416493834,4.204582,0.077377,4.001523,7680
live,46,15487422289252,15487422410422,15487422474231,15487427128275,4.839023,0.063809,4.654044,7680
live,47,15487432289252,15487432427735,15487432510072,15487436825615,4.536363,0.082337,4.315543,7680
live,48,15487442289252,15487442420119,15487442508088,15487447287062,4.99781,0.087969,4.778974,7680
live,49,15487452289252,15487452395575,15487452462456,15487456847312,4.55806,0.066881,4.384856,7680
live,50,15487462289252,15487462413944,15487462503129,15487467266998,4.977746,0.089185,4.763869,7680
live,51,15487472289252,15487472394264,15487472458873,15487476718255,4.429003,0.064609,4.259382,7680
live,52,15487482289252,15487482882590,15487482979936,15487487795229,5.505977,0.097346,4.815293,7680
live,53,15487492289252,15487492428441,15487492506490,15487496830993,4.541741,0.078049,4.324503,7680
live,54,15487502289252,15487502462458,15487502569211,15487507092309,4.803057,0.106753,4.523098,7680
live,55,15487512289252,15487512427002,15487512525211,15487517023861,4.734609,0.098209,4.49865,7680
live,56,15487522289252,15487522416506,15487522507579,15487527334393,5.045141,0.091073,4.826814,7680
live,57,15487532289252,15487532409178,15487532472571,15487537729086,5.439834,0.063393,5.256515,7680
live,58,15487542289252,15487542408442,15487542471867,15487547265721,4.976469,0.063425,4.793854,7680
live,59,15487552289252,15487552410459,15487552486364,15487557122743,4.833491,0.075905,4.636379,7680
live,60,15487562289252,15487562411963,15487562491740,15487568389320,6.100068,0.079777,5.89758,7680
live,61,15487572289252,15487572408347,15487572486332,15487576952342,4.66309,0.077985,4.46601,7680
live,62,15487582289252,15487582405660,15487582481629,15487587414012,5.12476,0.075969,4.932383,7680
live,63,15487592289252,15487592405276,15487592467133,15487596719091,4.429839,0.061857,4.251958,7680
live,64,15487602289252,15487602400060,15487602455741,15487606902870,4.613618,0.055681,4.447129,7680
live,65,15487612289252,15487612399804,15487612475997,15487616756596,4.467344,0.076193,4.280599,7680
live,66,15487622289252,15487622405341,15487622484574,15487627277979,4.988727,0.079233,4.793405,7680
live,67,15487632289252,15487632388989,15487632442686,15487636718549,4.429297,0.053697,4.275863,7680
live,68,15487642289252,15487642415966,15487642489535,15487647083258,4.794006,0.073569,4.593723,7680
live,69,15487652289252,15487652406302,15487652469951,15487656732949,4.443697,0.063649,4.262998,7680
live,70,15487662289252,15487662407262,15487662488255,15487667760611,5.471359,0.080993,5.272356,7680
live,71,15487672289252,15487672391806,15487672465087,15487677074618,4.785366,0.073281,4.609531,7680
live,72,15487682289252,15487682408447,15487682489728,15487687245213,4.955961,0.081281,4.755485,7680
live,73,15487692289252,15487692408927,15487692475936,15487697617602,5.32835,0.067009,5.141666,7680
live,74,15487702289252,15487702406400,15487702468064,15487707259102,4.96985,0.061664,4.791038,7680
live,75,15487712289252,15487712401920,15487712465377,15487716778680,4.489428,0.063457,4.313303,7680
live,76,15487722289252,15487722441089,15487722532802,15487727340223,5.050971,0.091713,4.807421,7680
live,77,15487732289252,15487732431297,15487732505634,15487736920250,4.630998,0.074337,4.414616,7680
live,78,15487742289252,15487742413601,15487742501762,15487747389889,5.100637,0.088161,4.888127,7680
live,79,15487752289252,15487752406625,15487752466338,15487756487766,4.198514,0.059713,4.021428,7680
live,80,15487762289252,15487762390849,15487762442370,15487767992937,5.703685,0.051521,5.550567,7680
live,81,15487772289252,15487772400610,15487772457570,15487776413493,4.124241,0.05696,3.955923,7680
live,82,15487782289252,15487782399298,15487782474531,15487786772506,4.483254,0.075233,4.297975,7680
live,83,15487792289252,15487792401058,15487792472579,15487796973117,4.683865,0.071521,4.500538,7680
live,84,15487802289252,15487802404099,15487802485124,15487806489655,4.200403,0.081025,4.004531,7680
live,85,15487812289252,15487812399683,15487812452868,15487816456887,4.167635,0.053185,4.004019,7680
live,86,15487822289252,15487822383299,15487822434916,15487827203841,4.914589,0.051617,4.768925,7680
live,87,15487832289252,15487832397892,15487832463589,15487836699707,4.410455,0.065697,4.236118,7680
live,88,15487842289252,15487842408260,15487842491013,15487847298755,5.009503,0.082753,4.807742,7680
live,89,15487852289252,15487852404132,15487852463589,15487856751292,4.46204,0.059457,4.287703,7680
live,90,15487862289252,15487862405701,15487862485062,15487867286659,4.997407,0.079361,4.801597,7680
live,91,15487872289252,15487872388709,15487872436101,15487876669468,4.380216,0.047392,4.233367,7680
live,92,15487882289252,15487882398661,15487882454470,15487887201059,4.911807,0.055809,4.746589,7680
live,93,15487892289252,15487892399878,15487892471719,15487896777662,4.48841,0.071841,4.305943,7680
live,94,15487902289252,15487902408230,15487902486247,15487907247620,4.958368,0.078017,4.761373,7680
live,95,15487912289252,15487912403910,15487912477831,15487916729022,4.43977,0.073921,4.251191,7680
live,96,15487922289252,15487922404103,15487922460199,15487927153860,4.864608,0.056096,4.693661,7680
live,97,15487932289252,15487932383591,15487932436775,15487936694430,4.405178,0.053184,4.257655,7680
live,98,15487942289252,15487942406663,15487942471272,15487946081399,3.792147,0.064609,3.610127,7680
live,99,15487952289252,15487952407368,15487952489865,15487957048803,4.759551,0.082497,4.558938,7680
live,100,15487962289252,15487962413160,15487962500745,15487969323969,7.034717,0.087585,6.823224,7680
live,101,15487972289252,15487972409960,15487972476073,15487976961507,4.672255,0.066113,4.485434,7680
live,102,15487982289252,15487982404393,15487982463177,15487987211814,4.922562,0.058784,4.748637,7680
live,103,15487992289252,15487992615148,15487992689421,15487997007876,4.718624,0.074273,4.318455,7680
live,104,15488002289252,15488002408873,15488002490698,15488007766222,5.47697,0.081825,5.275524,7680
live,105,15488012289252,15488012407434,15488012470250,15488016753793,4.464541,0.062816,4.283543,7680
live,106,15488022289252,15488022402858,15488022459147,15488027187719,4.898467,0.056289,4.728572,7680
live,107,15488032289252,15488032399018,15488032460395,15488036753922,4.46467,0.061377,4.293527,7680
live,108,15488042289252,15488042402283,15488042458987,15488047689678,5.400426,0.056704,5.230691,7680
live,109,15488052289252,15488052400395,15488052464972,15488056722050,4.432798,0.064577,4.257078,7680
live,110,15488062289252,15488062409195,15488062491500,15488067263786,4.974534,0.082305,4.772286,7680
live,111,15488072289252,15488072404716,15488072474540,15488076736739,4.447487,0.069824,4.262199,7680
live,112,15488082289252,15488082404972,15488082483693,15488087240202,4.95095,0.078721,4.756509,7680
live,113,15488092289252,15488092403532,15488092468077,15488097779441,5.490189,0.064545,5.311364,7680
live,114,15488102289252,15488102411853,15488102492302,15488107254091,4.964839,0.080449,4.761789,7680
live,115,15488112289252,15488112409997,15488112497518,15488116768805,4.479553,0.087521,4.271287,7680
live,116,15488122289252,15488122454030,15488122813330,15488127189643,4.900391,0.3593,4.376313,7680
live,117,15488132289252,15488132474414,15488132568272,15488136555203,4.265951,0.093858,3.986931,7680
live,118,15488142289252,15488142431278,15488142543920,15488145616791,3.327539,0.112642,3.072871,7680
live,119,15488152289252,15488152454287,15488152513168,15488155239059,2.949807,0.058881,2.725891,7680
live,120,15488162289252,15488162412495,15488162467311,15488166247520,3.958268,0.054816,3.780209,7680
live,121,15488172289252,15488172417199,15488172504944,15488176945193,4.655941,0.087745,4.440249,7680
live,122,15488182289252,15488182563761,15488182647794,15488187358703,5.069451,0.084033,4.710909,7680
live,123,15488192289252,15488192419888,15488192498257,15488197606194,5.316942,0.078369,5.107937,7680
live,124,15488202289252,15488202417072,15488202527345,15488207151981,4.862729,0.110273,4.624636,7680
live,125,15488212289252,15488212419376,15488212499985,15488216810441,4.521189,0.080609,4.310456,7680
live,126,15488222289252,15488222409489,15488222470129,15488226930539,4.641287,0.06064,4.46041,7680
live,127,15488232289252,15488232409137,15488232491218,15488236762249,4.472997,0.082081,4.271031,7680
live,128,15488242289252,15488242415537,15488242527443,15488247324272,5.03502,0.111906,4.796829,7680
live,129,15488252289252,15488252447186,15488252536851,15488256918251,4.628999,0.089665,4.3814,7680
live,130,15488262289252,15488262412914,15488262478643,15488267225968,4.936716,0.065729,4.747325,7680
live,131,15488272289252,15488272411730,15488272478035,15488276751082,4.46183,0.066305,4.273047,7680
live,132,15488282289252,15488282409298,15488282518708,15488287314577,5.025325,0.10941,4.795869,7680
live,133,15488292289252,15488292405395,15488292489908,15488296736234,4.446982,0.084513,4.246326,7680
live,134,15488302289252,15488302414579,15488302526261,15488307360883,5.071631,0.111682,4.834622,7680
live,135,15488312289252,15488312416532,15488312493077,15488316820140,4.530888,0.076545,4.327063,7680
live,136,15488322289252,15488322408884,15488322474069,15488327205265,4.916013,0.065185,4.731196,7680
live,137,15488332289252,15488332403124,15488332461621,15488336769260,4.480008,0.058497,4.307639,7680
live,138,15488342289252,15488342411060,15488342519126,15488347315315,5.026063,0.108066,4.796189,7680
live,139,15488352289252,15488352419349,15488352499894,15488356933487,4.644235,0.080545,4.433593,7680
live,140,15488362289252,15488362414325,15488362521526,15488368513859,6.224607,0.107201,5.992333,7680
live,141,15488372289252,15488372412789,15488372473270,15488376864975,4.575723,0.060481,4.391705,7680
live,142,15488382289252,15488382401206,15488382484535,15488386832910,4.543658,0.083329,4.348375,7680
live,143,15488392289252,15488392415382,15488392488375,15488396529291,4.240039,0.072993,4.040916,7680
live,144,15488402289252,15488402422071,15488402501496,15488407047570,4.758318,0.079425,4.546074,7680
live,145,15488412289252,15488412407255,15488412477112,15488416889040,4.599788,0.069857,4.411928,7680
live,146,15488422289252,15488422424919,15488422506200,15488427278197,4.988945,0.081281,4.771997,7680
live,147,15488432289252,15488432429208,15488432516569,15488436724975,4.435723,0.087361,4.208406,7680
live,148,15488442289252,15488442412600,15488442473880,15488446422923,4.133671,0.06128,3.949043,7680
live,149,15488452289252,15488452409368,15488452514617,15488457141941,4.852689,0.105249,4.627324,7680
live,150,15488462289252,15488462420280,15488462484249,15488467270551,4.981299,0.063969,4.786302,7680
live,151,15488472289252,15488472423865,15488472485946,15488476661903,4.372651,0.062081,4.175957,7680
live,152,15488482289252,15488482450937,15488482513594,15488487196182,4.90693,0.062657,4.682588,7680
live,153,15488492289252,15488492422169,15488492503226,15488496779729,4.490477,0.081057,4.276503,7680
live,154,15488502289252,15488502416634,15488502482555,15488507291544,5.002292,0.065921,4.808989,7680
live,155,15488512289252,15488512406394,15488512485467,15488516728209,4.438957,0.079073,4.242742,7680
live,156,15488522289252,15488522412826,15488522519484,15488527284281,4.995029,0.106658,4.764797,7680
live,157,15488532289252,15488532406459,15488532463931,15488537878241,5.588989,0.057472,5.41431,7680
live,158,15488542289252,15488542404123,15488542462332,15488546922101,4.632849,0.058209,4.459769,7680
live,159,15488552289252,15488552561405,15488552665182,15488556908949,4.619697,0.103777,4.243767,7680
live,160,15488562289252,15488562415356,15488562527261,15488568944175,6.654923,0.111905,6.416914,7680
live,161,15488572289252,15488572415900,15488572490493,15488576697939,4.408687,0.074593,4.207446,7680
live,162,15488582289252,15488582412956,15488582514622,15488587063032,4.77378,0.101666,4.54841,7680
live,163,15488592289252,15488592408892,15488592489118,15488596847733,4.558481,0.080226,4.358615,7680
live,164,15488602289252,15488602433661,15488602499550,15488607394973,5.105721,0.065889,4.895423,7680
live,165,15488612289252,15488612446174,15488612535391,15488617160506,4.871254,0.089217,4.625115,7680
live,166,15488622289252,15488622427390,15488622515423,15488626837398,4.548146,0.088033,4.321975,7680
live,167,15488632289252,15488632419294,15488632495423,15488636780566,4.491314,0.076129,4.285143,7680
live,168,15488642289252,15488642408670,15488642467327,15488646944984,4.655732,0.058657,4.477657,7680
live,169,15488652289252,15488652392158,15488652456511,15488658481164,6.191912,0.064353,6.024653,7680
live,170,15488662289252,15488662409791,15488662671010,15488667228541,4.939289,0.261219,4.557531,7680
live,171,15488672289252,15488672407135,15488672664706,15488677037594,4.748342,0.257571,4.372888,7680
live,172,15488682289252,15488682406207,15488682652131,15488688455341,6.166089,0.245924,5.80321,7680
live,173,15488692289252,15488692391680,15488692625667,15488697136348,4.847096,0.233987,4.510681,7680
live,174,15488702289252,15488702404384,15488702651299,15488707848646,5.559394,0.246915,5.197347,7680
live,175,15488712289252,15488712401344,15488712647171,15488716834105,4.544853,0.245827,4.186934,7680
live,176,15488722289252,15488722402305,15488722469729,15488727233279,4.944027,0.067424,4.76355,7680
live,177,15488732289252,15488732402305,15488732477218,15488736952091,4.662839,0.074913,4.474873,7680
live,178,15488742289252,15488742404897,15488742483234,15488746510646,4.221394,0.078337,4.027412,7680
live,179,15488752289252,15488752405506,15488752480099,15488756739321,4.450069,0.074593,4.259222,7680
live,180,15488762289252,15488762405762,15488762483299,15488768055690,5.766438,0.077537,5.572391,7680
live,181,15488772289252,15488772406690,15488772480387,15488777024030,4.734778,0.073697,4.543643,7680
live,182,15488782289252,15488782403459,15488782478756,15488786557752,4.2685,0.075297,4.078996,7680
live,183,15488792289252,15488792405699,15488792480612,15488796515096,4.225844,0.074913,4.034484,7680
live,184,15488802289252,15488802405251,15488802478212,15488807044159,4.754907,0.072961,4.565947,7680
live,185,15488812289252,15488812408196,15488812488741,15488816617754,4.328502,0.080545,4.129013,7680
live,186,15488822289252,15488822406980,15488822474341,15488827217602,4.92835,0.067361,4.743261,7680
live,187,15488832289252,15488832403812,15488832478373,15488836755164,4.465912,0.074561,4.276791,7680
live,188,15488842289252,15488842412997,15488842494726,15488847011072,4.72182,0.081729,4.516346,7680
live,189,15488852289252,15488852409061,15488852479046,15488856751165,4.461913,0.069985,4.272119,7680
live,190,15488862289252,15488862409701,15488862493158,15488867890700,5.601448,0.083457,5.397542,7680
live,191,15488872289252,15488872404614,15488872478854,15488876927392,4.63814,0.07424,4.448538,7680
live,192,15488882289252,15488882408934,15488882491879,15488886562011,4.272759,0.082945,4.070132,7680
live,193,15488892289252,15488892388230,15488892447815,15488896809407,4.520155,0.059585,4.361592,7680
live,194,15488902289252,15488902407207,15488902488808,15488908251282,5.96203,0.081601,5.762474,7680
live,195,15488912289252,15488912409319,15488912482728,15488916908769,4.619517,0.073409,4.426041,7680
live,196,15488922289252,15488922410695,15488922666794,15488927103651,4.814399,0.256099,4.436857,7680
live,197,15488932289252,15488932384999,15488932443816,15488937551209,5.261957,0.058817,5.107393,7680
live,198,15488942289252,15488942399848,15488942472233,15488946369339,4.080087,0.072385,3.897106,7680
live,199,15488952289252,15488952400712,15488952470377,15488956359355,4.070103,0.069665,3.888978,7680
live,200,15488962289252,15488962409224,15488962487817,15488968088817,5.799565,0.078593,5.601,7680
live,201,15488972289252,15488972406185,15488972475882,15488978178867,5.889615,0.069697,5.702985,7680
live,202,15488982289252,15488982387913,15488982445130,15488986692224,4.402972,0.057217,4.247094,7680
live,203,15488992289252,15488992398473,15488992467338,15488996412093,4.122841,0.068865,3.944755,7680
live,204,15489002289252,15489002405034,15489002482891,15489006417245,4.127993,0.077857,3.934354,7680
live,205,15489012289252,15489012407530,15489012487051,15489017609837,5.320585,0.079521,5.122786,7680
live,206,15489022289252,15489022407274,15489022467147,15489027362090,5.072838,0.059873,4.894943,7680
live,207,15489032289252,15489032400139,15489032462763,15489036910564,4.621312,0.062624,4.447801,7680
live,208,15489042289252,15489042405931,15489042475916,15489046760291,4.471039,0.069985,4.284375,7680
live,209,15489052289252,15489052404779,15489052482540,15489056647714,4.358462,0.077761,4.165174,7680
live,210,15489062289252,15489062536877,15489062620942,15489067347947,5.058695,0.084065,4.727005,7680
live,211,15489072289252,15489072406028,15489072483405,15489076890118,4.600866,0.077377,4.406713,7680
live,212,15489082289252,15489082412716,15489082494189,15489087329771,5.040519,0.081473,4.835582,7680
live,213,15489092289252,15489092407309,15489092472461,15489096772389,4.483137,0.065152,4.299928,7680
live,214,15489102289252,15489102407149,15489102488110,15489107286092,4.99684,0.080961,4.797982,7680
live,215,15489112289252,15489112388685,15489112447118,15489117686609,5.397357,0.058433,5.239491,7680
live,216,15489122289252,15489122407118,15489122488239,15489126578947,4.289695,0.081121,4.090708,7680
live,217,15489132289252,15489132408590,15489132482927,15489136766054,4.476802,0.074337,4.283127,7680
live,218,15489142289252,15489142405806,15489142484239,15489146535971,4.246719,0.078433,4.051732,7680
live,219,15489152289252,15489152406927,15489152482863,15489157502960,5.213708,0.075936,5.020097,7680
live,220,15489162289252,15489162407503,15489162486768,15489169195974,6.906722,0.079265,6.709206,7680
live,221,15489172289252,15489172405967,15489172485200,15489176712614,4.423362,0.079233,4.227414,7680
live,222,15489182289252,15489182406575,15489182473616,15489187826837,5.537585,0.067041,5.353221,7680
live,223,15489192289252,15489192402672,15489192469873,15489197029579,4.740327,0.067201,4.559706,7680
live,224,15489202289252,15489202403536,15489202481009,15489206948138,4.658886,0.077473,4.467129,7680
live,225,15489212289252,15489212388336,15489212450929,15489216800489,4.511237,0.062593,4.34956,7680
live,226,15489222289252,15489222403217,15489222478866,15489227121517,4.832265,0.075649,4.642651,7680
live,227,15489232289252,15489232407281,15489232482290,15489236774569,4.485317,0.075009,4.292279,7680
live,228,15489242289252,15489242436626,15489242514163,15489246527590,4.238338,0.077537,4.013427,7680
live,229,15489252289252,15489252425682,15489252501043,15489257000333,4.711081,0.075361,4.49929,7680
live,230,15489262289252,15489262409266,15489262485619,15489266531911,4.242659,0.076353,4.046292,7680
live,231,15489272289252,15489272407890,15489272487347,15489276755114,4.465862,0.079457,4.267767,7680
live,232,15489282289252,15489282414355,15489282497588,15489287295665,5.006413,0.083233,4.798077,7680
live,233,15489292289252,15489292414547,15489292494036,15489296925645,4.636393,0.079489,4.431609,7680
live,234,15489302289252,15489302414003,15489302494196,15489306849772,4.56052,0.080193,4.355576,7680
live,235,15489312289252,15489312390899,15489312450612,15489316883053,4.593801,0.059713,4.432441,7680
live,236,15489322289252,15489322405876,15489322482869,15489327025551,4.736299,0.076993,4.542682,7680
live,237,15489332289252,15489332392532,15489332456181,15489336701067,4.411815,0.063649,4.244886,7680
live,238,15489342289252,15489342407061,15489342483638,15489346517129,4.227877,0.076577,4.033491,7680
live,239,15489352289252,15489352391061,15489352451285,15489356683980,4.394728,0.060224,4.232695,7680
live,240,15489362289252,15489362409973,15489362491574,15489367938524,5.649272,0.081601,5.44695,7680
live,241,15489372289252,15489372405270,15489372478038,15489376747117,4.457865,0.072768,4.269079,7680
live,242,15489382289252,15489382407350,15489382482423,15489387510583,5.221331,0.075073,5.02816,7680
live,243,15489392289252,15489392389430,15489392450775,15489396935632,4.64638,0.061345,4.484857,7680
live,244,15489402289252,15489402403926,15489402480439,15489407120435,4.831183,0.076513,4.639996,7680
live,245,15489412289252,15489412389815,15489412443543,15489416743502,4.45425,0.053728,4.299959,7680
live,246,15489422289252,15489422404887,15489422480888,15489426542668,4.253416,0.076001,4.06178,7680
live,247,15489432289252,15489432403671,15489432478584,15489437615866,5.326614,0.074913,5.137282,7680
live,248,15489442289252,15489442406488,15489442484921,15489446708943,4.419691,0.078433,4.224022,7680
live,249,15489452289252,15489452388344,15489452449945,15489456679791,4.390539,0.061601,4.229846,7680
live,250,15489462289252,15489462409432,15489462493178,15489466573326,4.284074,0.083746,4.080148,7680
live,251,15489472289252,15489472410041,15489472487994,15489476495309,4.206057,0.077953,4.007315,7680
live,252,15489482289252,15489482410489,15489482490266,15489487291160,5.001908,0.079777,4.800894,7680
live,253,15489492289252,15489492406137,15489492474682,15489496765905,4.476653,0.068545,4.291223,7680
live,254,15489502289252,15489502400314,15489502473211,15489506823186,4.533934,0.072897,4.349975,7680
live,255,15489512289252,15489512409082,15489512488443,15489517001557,4.712305,0.079361,4.513114,7680
live,256,15489522289252,15489522411578,15489522491131,15489526871796,4.582544,0.079553,4.380665,7680
live,257,15489532289252,15489532404443,15489532462267,15489536526704,4.237452,0.057824,4.064437,7680
live,258,15489542289252,15489542403611,15489542471708,15489546756243,4.466991,0.068097,4.284535,7680
live,259,15489552289252,15489552404699,15489552471580,15489556689202,4.39995,0.066881,4.217622,7680
live,260,15489562289252,15489562405916,15489562481725,15489568465641,6.176389,0.075809,5.983916,7680
live,261,15489572289252,15489572402140,15489572470237,15489576975639,4.686387,0.068097,4.505402,7680
live,262,15489582289252,15489582410844,15489582487069,15489587232634,4.943382,0.076225,4.745565,7680
live,263,15489592289252,15489592407837,15489592478717,15489596687347,4.398095,0.07088,4.20863,7680
live,264,15489602289252,15489602404477,15489602478078,15489607006488,4.717236,0.073601,4.52841,7680
live,265,15489612289252,15489612388445,15489612455102,15489616773589,4.484337,0.066657,4.318487,7680
live,266,15489622289252,15489622436926,15489622795907,15489629081779,6.792527,0.358981,6.285872,7680
live,267,15489632289252,15489632430622,15489632686753,15489637196379,4.907127,0.256131,4.509626,7680
live,268,15489642289252,15489642405918,15489642483903,15489647069114,4.779862,0.077985,4.585211,7680
live,269,15489652289252,15489652388574,15489652455231,15489656732086,4.442834,0.066657,4.276855,7680
live,270,15489662289252,15489662405983,15489662481760,15489667038970,4.749718,0.075777,4.55721,7680
live,271,15489672289252,15489672387743,15489672449344,15489677564321,5.275069,0.061601,5.114977,7680
live,272,15489682289252,15489682405535,15489682483776,15489687058523,4.769271,0.078241,4.574747,7680
live,273,15489692289252,15489692408384,15489692472193,15489696750231,4.460979,0.063809,4.278038,7680
live,274,15489702289252,15489702402336,15489702458849,15489706935674,4.646422,0.056513,4.476825,7680
live,275,15489712289252,15489712405472,15489712675076,15489719296313,7.007061,0.269604,6.621237,7680
live,276,15489722289252,15489722440545,15489722554915,15489727931272,5.64202,0.11437,5.376357,7680
live,277,15489732289252,15489732409633,15489732482786,15489736806041,4.516789,0.073153,4.323255,7680
live,278,15489742289252,15489742417569,15489742492834,15489747018109,4.728857,0.075265,4.525275,7680
live,279,15489752289252,15489752409602,15489752480163,15489756477142,4.18789,0.070561,3.996979,7680
live,280,15489762289252,15489762403746,15489762475907,15489767854600,5.565348,0.072161,5.378693,7680
live,281,15489772289252,15489772405602,15489772481603,15489777747015,5.457763,0.076001,5.265412,7680
live,282,15489782289252,15489782401091,15489782471747,15489787044862,4.75561,0.070656,4.573115,7680
live,283,15489792289252,15489792403971,15489792473764,15489797256033,4.966781,0.069793,4.782269,7680
live,284,15489802289252,15489802407523,15489802479588,15489807351587,5.062335,0.072065,4.871999,7680
live,285,15489812289252,15489812400996,15489812467204,15489816955294,4.666042,0.066208,4.48809,7680
live,286,15489822289252,15489822403588,15489822478917,15489827187425,4.898173,0.075329,4.708508,7680
live,287,15489832289252,15489832404868,15489832482725,15489837338724,5.049472,0.077857,4.855999,7680
live,288,15489842289252,15489842407909,15489842479813,15489847051520,4.762268,0.071904,4.571707,7680
live,289,15489852289252,15489852386117,15489852447493,15489857753769,5.464517,0.061376,5.306276,7680
live,290,15489862289252,15489862404069,15489862476806,15489867129730,4.840478,0.072737,4.652924,7680
live,291,15489872289252,15489872384197,15489872447942,15489876837982,4.54873,0.063745,4.39004,7680
live,292,15489882289252,15489882404902,15489882479751,15489887158083,4.868831,0.074849,4.678332,7680
live,293,15489892289252,15489892402086,15489892481351,15489898758776,6.469524,0.079265,6.277425,7680
live,294,15489902289252,15489902392966,15489902462855,15489906976769,4.687517,0.069889,4.513914,7680
live,295,15489912289252,15489912401479,15489912476424,15489916982113,4.692861,0.074945,4.505689,7680
live,296,15489922289252,15489922405767,15489922478344,15489927067843,4.778591,0.072577,4.589499,7680
live,297,15489932289252,15489932401287,15489932472520,15489937225829,4.936577,0.071233,4.753309,7680
live,298,15489942289252,15489942402728,15489942480617,15489947270726,4.981474,0.077889,4.790109,7680
live,299,15489952289252,15489952410504,15489952479913,15489956869601,4.580349,0.069409,4.389688,7680
live,300,15489962289252,15489962418313,15489962490345,15489968982493,6.693241,0.072032,6.492148,7680
live,301,15489972289252,15489972412713,15489972481098,15489977870767,5.581515,0.068385,5.389669,7680
live,302,15489982289252,15489982427849,15489982507754,15489985763956,3.474704,0.079905,3.256202,7680
live,303,15489992289252,15489992416617,15489992500843,15489997076229,4.786977,0.084226,4.575386,7680
live,304,15490002289252,15490002500459,15490002599404,15490006995301,4.706049,0.098945,4.395897,7680
live,305,15490012289252,15490012444138,15490012514379,15490015562450,3.273198,0.070241,3.048071,7680
live,306,15490022289252,15490022403082,15490022448939,15490026391773,4.102521,0.045857,3.942834,7680
live,307,15490032289252,15490032440299,15490032533420,15490038182837,5.893585,0.093121,5.649417,7680
live,308,15490042289252,15490042433419,15490042498380,15490045538259,3.249007,0.064961,3.039879,7680
live,309,15490052289252,15490052403531,15490052471116,15490056420287,4.131035,0.067585,3.949171,7680
live,310,15490062289252,15490062437644,15490062514125,15490066612257,4.323005,0.076481,4.098132,7680
live,311,15490072289252,15490072413868,15490072470925,15490075398098,3.108846,0.057057,2.927173,7680
live,312,15490082289252,15490082407980,15490082478029,15490086771236,4.481984,0.070049,4.293207,7680
live,313,15490092289252,15490092437037,15490092520942,15490096529313,4.240061,0.083905,4.008371,7680
live,314,15490102289252,15490102429965,15490102512366,15490106600867,4.311615,0.082401,4.088501,7680
live,315,15490112289252,15490112424525,15490112485902,15490115487669,3.198417,0.061377,3.001767,7680
live,316,15490122289252,15490122404845,15490122471278,15490126304895,4.015643,0.066433,3.833617,7680
live,317,15490132289252,15490132627473,15490132710418,15490138892833,6.603581,0.082945,6.182415,7680
live,318,15490142289252,15490142431374,15490142495119,15490145506966,3.217714,0.063745,3.011847,7680
live,319,15490152289252,15490152406606,15490152473327,15490156313344,4.024092,0.066721,3.840017,7680
live,320,15490162289252,15490162443503,15490162542928,15490168668607,6.379355,0.099425,6.125679,7680
live,321,15490172289252,15490172436783,15490172507600,15490175557079,3.267827,0.070817,3.049479,7680
live,322,15490182289252,15490182412367,15490182481104,15490186000765,3.711513,0.068737,3.519661,7680
live,323,15490192289252,15490192411632,15490192708979,15490198036248,5.746996,0.297347,5.327269,7680
live,324,15490202289252,15490202442864,15490202546578,15490206779624,4.490372,0.103714,4.233046,7680
live,325,15490212289252,15490212448913,15490212514962,15490215620313,3.331061,0.066049,3.105351,7680
live,326,15490222289252,15490222408273,15490222479537,15490226378852,4.0896,0.071264,3.899315,7680
live,327,15490232289252,15490232432785,15490232527986,15490237766198,5.476946,0.095201,5.238212,7680
live,328,15490242289252,15490242433522,15490242496178,15490245582106,3.292854,0.062656,3.085928,7680
live,329,15490252289252,15490252406802,15490252475474,15490256322500,4.033248,0.068672,3.847026,7680
live,330,15490262289252,15490262437234,15490262518707,15490266622632,4.33338,0.081473,4.103925,7680
live,331,15490272289252,15490272416114,15490272469139,15490275379160,3.089908,0.053025,2.910021,7680
live,332,15490282289252,15490282404242,15490282473107,15490286962541,4.673289,0.068865,4.489434,7680
live,333,15490292289252,15490292423027,15490292486164,15490295571099,3.281847,0.063137,3.084935,7680
live,334,15490302289252,15490302397331,15490302446580,15490305885248,3.595996,0.049249,3.438668,7680
live,335,15490312289252,15490312430484,15490312511957,15490316481032,4.19178,0.081473,3.969075,7680
live,336,15490322289252,15490322433588,15490322522997,15490327915738,5.626486,0.089409,5.392741,7680
live,337,15490332289252,15490332419348,15490332475573,15490335390330,3.101078,0.056225,2.914757,7680
live,338,15490342289252,15490342408020,15490342485589,15490347517014,5.227762,0.077569,5.031425,7680
live,339,15490352289252,15490352428117,15490352483894,15490355458620,3.169368,0.055777,2.974726,7680
live,340,15490362289252,15490362404501,15490362472758,15490368977385,6.688133,0.068257,6.504627,7680
live,341,15490372289252,15490372439798,15490372528759,15490380554590,8.265338,0.088961,8.025831,7680
live,342,15490382289252,15490382440758,15490382514999,15490386293991,4.004739,0.074241,3.778992,7680
live,343,15490392289252,15490392404950,15490392473015,15490396217895,3.928643,0.068065,3.74488,7680
live,344,15490402289252,15490402442839,15490402528024,15490407897757,5.608505,0.085185,5.369733,7680
live,345,15490412289252,15490412423127,15490412489560,15490415439517,3.150265,0.066433,2.949957,7680
live,346,15490422289252,15490422404727,15490422472632,15490426341673,4.052421,0.067905,3.869041,7680
live,347,15490432289252,15490432404951,15490432475160,15490436447467,4.158215,0.070209,3.972307,7680
live,348,15490442289252,15490442466968,15490442582106,15490446925393,4.636141,0.115138,4.343287,7680
live,349,15490452289252,15490452509881,15490452856702,15490456516621,4.227369,0.346821,3.659919,7680
live,350,15490462289252,15490462426968,15490462512505,15490466539469,4.250217,0.085537,4.026964,7680
live,351,15490472289252,15490472440153,15490472527578,15490478922060,6.632808,0.087425,6.394482,7680
live,352,15490482289252,15490482435065,15490482517754,15490486330955,4.041703,0.082689,3.813201,7680
live,353,15490492289252,15490492410009,15490492487706,15490497474266,5.185014,0.077697,4.98656,7680
live,354,15490502289252,15490502435034,15490502512955,15490506303467,4.014215,0.077921,3.790512,7680
live,355,15490512289252,15490512406490,15490512470587,15490516077737,3.788485,0.064097,3.60715,7680
live,356,15490522289252,15490522429850,15490522521019,15490526454606,4.165354,0.091169,3.933587,7680
live,357,15490532289252,15490532421563,15490532481083,15490535416353,3.127101,0.05952,2.93527,7680
live,358,15490542289252,15490542409243,15490542706110,15490546829715,4.540463,0.296867,4.123605,7680
live,359,15490552289252,15490552438907,15490552529533,15490556769587,4.480335,0.090626,4.240054,7680
live,360,15490562289252,15490562426716,15490562485052,15490566817268,4.528016,0.058336,4.332216,7680
live,361,15490572289252,15490572412028,15490572709087,15490576534065,4.244813,0.297059,3.824978,7680
live,362,15490582289252,15490582432956,15490582520189,15490586442960,4.153708,0.087233,3.922771,7680
live,363,15490592289252,15490592425308,15490592501405,15490596116524,3.827272,0.076097,3.615119,7680
live,364,15490602289252,15490602418589,15490602712032,15490606846581,4.557329,0.293443,4.134549,7680
live,365,15490612289252,15490612417725,15490612480734,15490615513669,3.224417,0.063009,3.032935,7680
live,366,15490622289252,15490622412349,15490622725121,15490627061465,4.772213,0.312772,4.336344,7680
live,367,15490632289252,15490632429918,15490632518911,15490637769122,5.47987,0.088993,5.250211,7680
live,368,15490642289252,15490642420606,15490642500543,15490645625287,3.336035,0.079937,3.124744,7680
live,369,15490652289252,15490652405054,15490652465727,15490656909624,4.620372,0.060673,4.443897,7680
live,370,15490662289252,15490662433919,15490662532480,15490666803447,4.514195,0.098561,4.270967,7680
live,371,15490672289252,15490672471392,15490672572161,15490675652360,3.363108,0.100769,3.080199,7680
live,372,15490682289252,15490682451648,15490682524897,15490685565992,3.27674,0.073249,3.041095,7680
live,373,15490692289252,15490692604002,15490692683363,15490699748894,7.459642,0.079361,7.065531,7680
live,374,15490702289252,15490702491329,15490702605730,15490707283262,4.99401,0.114401,4.677532,7680
live,375,15490712289252,15490712484577,15490712596066,15490716929146,4.639894,0.111489,4.33308,7680
live,376,15490722289252,15490722456161,15490722527042,15490725888557,3.599305,0.070881,3.361515,7680
live,377,15490732289252,15490732424289,15490732508514,15490736653719,4.364467,0.084225,4.145205,7680
live,378,15490742289252,15490742440929,15490742527010,15490747391969,5.102717,0.086081,4.864959,7680
live,379,15490752289252,15490752426305,15490752494242,15490755435336,3.146084,0.067937,2.941094,7680
live,380,15490762289252,15490762443682,15490762520451,15490769434684,7.145432,0.076769,6.914233,7680
live,381,15490772289252,15490772459235,15490772562500,15490777159167,4.869915,0.103265,4.596667,7680
live,382,15490782289252,15490782434435,15490782512740,15490786127346,3.838094,0.078305,3.614606,7680
live,383,15490792289252,15490792403298,15490792470883,15490798406351,6.117099,0.067585,5.935468,7680
live,384,15490802289252,15490802427779,15490802505444,15490805668141,3.378889,0.077665,3.162697,7680
live,385,15490812289252,15490812403587,15490812466852,15490816184404,3.895152,0.063265,3.717552,7680
live,386,15490822289252,15490822430724,15490822517605,15490827079359,4.790107,0.086881,4.561754,7680
live,387,15490832289252,15490832421636,15490832494245,15490836711931,4.422679,0.072609,4.217686,7680
live,388,15490842289252,15490842405700,15490842470501,15490847222114,4.932862,0.064801,4.751613,7680
live,389,15490852289252,15490852444485,15490852533670,15490858958232,6.66898,0.089185,6.424562,7680
live,390,15490862289252,15490862422533,15490862488774,15490865484524,3.195272,0.066241,2.99575,7680
live,391,15490872289252,15490872407845,15490872484678,15490876593691,4.304439,0.076833,4.109013,7680
live,392,15490882289252,15490882432102,15490882539207,15490886582203,4.292951,0.107105,4.042996,7680
live,393,15490892289252,15490892421030,15490892483783,15490895413644,3.124392,0.062753,2.929861,7680
live,394,15490902289252,15490902404262,15490902477927,15490906519771,4.230519,0.073665,4.041844,7680
live,395,15490912289252,15490912424070,15490912493031,15490915459341,3.170089,0.068961,2.96631,7680
live,396,15490922289252,15490922393894,15490922446663,15490925161898,2.872646,0.052769,2.715235,7680
live,397,15490932289252,15490932436583,15490932522984,15490937651882,5.36263,0.086401,5.128898,7680
live,398,15490942289252,15490942479144,15490942581833,15490947065475,4.776223,0.102689,4.483642,7680
live,399,15490952289252,15490952447912,15490952515433,15490955699634,3.410382,0.067521,3.184201,7680
live,400,15490962289252,15490962454632,15490962558218,15490969610692,7.32144,0.103586,7.052474,7680
live,401,15490972289252,15490972456617,15490972549546,15490976595006,4.305754,0.092929,4.04546,7680
live,402,15490982289252,15490982444201,15490982524234,15490986298970,4.009718,0.080033,3.774736,7680
live,403,15490992289252,15490992400201,15490992461481,15490996049048,3.759796,0.06128,3.587567,7680
live,404,15491002289252,15491002440586,15491002539307,15491006562910,4.273658,0.098721,4.023603,7680
live,405,15491012289252,15491012428394,15491012494475,15491015978487,3.689235,0.066081,3.484012,7680
live,406,15491022289252,15491022409962,15491022699085,15491026758594,4.469342,0.289123,4.059509,7680
live,407,15491032289252,15491032412458,15491032478763,15491035489554,3.200302,0.066305,3.010791,7680
live,408,15491042289252,15491042408938,15491042703534,15491046714050,4.424798,0.294596,4.010516,7680
live,409,15491052289252,15491052427115,15491052530316,15491058727132,6.43788,0.103201,6.196816,7680
live,410,15491062289252,15491062425579,15491062497196,15491065710677,3.421425,0.071617,3.213481,7680
live,411,15491072289252,15491072400747,15491072464044,15491076085530,3.796278,0.063297,3.621486,7680
live,412,15491082289252,15491082438636,15491082526573,15491087204361,4.915109,0.087937,4.677788,7680
live,413,15491092289252,15491092431212,15491092497197,15491095412626,3.123374,0.065985,2.915429,7680
live,414,15491102289252,15491102404396,15491102479789,15491106422400,4.133148,0.075393,3.942611,7680
live,415,15491112289252,15491112418605,15491112489262,15491115459636,3.170384,0.070657,2.970374,7680
live,416,15491122289252,15491122395821,15491122456173,15491126387040,4.097788,0.060352,3.930867,7680
live,417,15491132289252,15491132430541,15491132517743,15491136796549,4.507297,0.087202,4.278806,7680
live,418,15491142289252,15491142428878,15491142517103,15491146550723,4.261471,0.088225,4.03362,7680
live,419,15491152289252,15491152432206,15491152506543,15491155605367,3.316115,0.074337,3.098824,7680
live,420,15491162289252,15491162430990,15491162522800,15491167968341,5.679089,0.09181,5.445541,7680
live,421,15491172289252,15491172440687,15491172524208,15491178469916,6.180664,0.083521,5.945708,7680
live,422,15491182289252,15491182470575,15491182566289,15491186280288,3.991036,0.095714,3.713999,7680
live,423,15491192289252,15491192415919,15491192486800,15491196142623,3.853371,0.070881,3.655823,7680
live,424,15491202289252,15491202444944,15491202531793,15491206428227,4.138975,0.086849,3.896434,7680
live,425,15491212289252,15491212422032,15491212487761,15491216065823,3.776571,0.065729,3.578062,7680
live,426,15491222289252,15491222483441,15491222598930,15491227079788,4.790536,0.115489,4.480858,7680
live,427,15491232289252,15491232438993,15491232514354,15491235572153,3.282901,0.075361,3.057799,7680
live,428,15491242289252,15491242439601,15491242523826,15491246570662,4.28141,0.084225,4.046836,7680
live,429,15491252289252,15491252619252,15491252689620,15491255878429,3.589177,0.070368,3.188809,7680
live,430,15491262289252,15491262403633,15491262455154,15491266270563,3.981311,0.051521,3.815409,7680
live,431,15491272289252,15491272413586,15491272478610,15491276681608,4.392356,0.065024,4.202998,7680
live,432,15491282289252,15491282434642,15491282514995,15491286622024,4.332772,0.080353,4.107029,7680
live,433,15491292289252,15491292415730,15491292477779,15491295501306,3.212054,0.062049,3.023527,7680
live,434,15491302289252,15491302408754,15491302475347,15491308080987,5.791735,0.066593,5.60564,7680
live,435,15491312289252,15491312435411,15491312772151,15491315978753,3.689501,0.33674,3.206602,7680
live,436,15491322289252,15491322425587,15491322741815,15491327890969,5.601717,0.316228,5.149154,7680
live,437,15491332289252,15491332454868,15491332855705,15491337157296,4.868044,0.400837,4.301591,7680
live,438,15491342289252,15491342430004,15491342524021,15491346248997,3.959745,0.094017,3.724976,7680
live,439,15491352289252,15491352401716,15491352461173,15491356791788,4.502536,0.059457,4.330615,7680
live,440,15491362289252,15491362436437,15491362522710,15491369904084,7.614832,0.086273,7.381374,7680
live,441,15491372289252,15491372436981,15491372509846,15491376090756,3.801504,0.072865,3.58091,7680
live,442,15491382289252,15491382400597,15491382462902,15491385905570,3.616318,0.062305,3.442668,7680
live,443,15491392289252,15491392398549,15491392462070,15491396050852,3.7616,0.063521,3.588782,7680
live,444,15491402289252,15491402430550,15491402509623,15491406456265,4.167013,0.079073,3.946642,7680
live,445,15491412289252,15491412404438,15491412475895,15491416149766,3.860514,0.071457,3.673871,7680
live,446,15491422289252,15491422469527,15491422886300,15491427166803,4.877551,0.416773,4.280503,7680
live,447,15491432289252,15491432416663,15491432478999,15491435496926,3.207674,0.062336,3.017927,7680
live,448,15491442289252,15491442405911,15491442703451,15491446380266,4.091014,0.29754,3.676815,7680
live,449,15491452289252,15491452403607,15491452470072,15491457815292,5.52604,0.066465,5.34522,7680
live,450,15491462289252,15491462426200,15491462509849,15491466104359,3.815107,0.083649,3.59451,7680
live,451,15491472289252,15491472404600,15491472470584,15491476087879,3.798627,0.065984,3.617295,7680
live,452,15491482289252,15491482429304,15491482502137,15491486626638,4.337386,0.072833,4.124501,7680
live,453,15491492289252,15491492432089,15491492521146,15491495528480,3.239228,0.089057,3.007334,7680
live,454,15491502289252,15491502429433,15491502511258,15491508029569,5.740317,0.081825,5.518311,7680
live,455,15491512289252,15491512443225,15491512544411,15491517157750,4.868498,0.101186,4.613339,7680
live,456,15491522289252,15491522506298,15491522586812,15491526424077,4.134825,0.080514,3.837265,7680
live,457,15491532289252,15491532450330,15491532520283,15491535993640,3.704388,0.069953,3.473357,7680
live,458,15491542289252,15491542409498,15491542474875,15491546369005,4.079753,0.065377,3.89413,7680
live,459,15491552289252,15491552419802,15491552483803,15491555423425,3.134173,0.064001,2.939622,7680
live,460,15491562289252,15491562413467,15491562713374,15491569856730,7.567478,0.299907,7.143356,7680
live,461,15491572289252,15491572431643,15491572515420,15491576329965,4.040713,0.083777,3.814545,7680
live,462,15491582289252,15491582433403,15491582511484,15491585941256,3.652004,0.078081,3.429772,7680
live,463,15491592289252,15491592407099,15491592473660,15491596296301,4.007049,0.066561,3.822641,7680
live,464,15491602289252,15491602432252,15491602525405,15491606608114,4.318862,0.093153,4.082709,7680
live,465,15491612289252,15491612420924,15491612493277,15491615586469,3.297217,0.072353,3.093192,7680
live,466,15491622289252,15491622427741,15491622736769,15491627090040,4.800788,0.309028,4.353271,7680
live,467,15491632289252,15491632431133,15491632523614,15491638440778,6.151526,0.092481,5.917164,7680
live,468,15491642289252,15491642417917,15491642481054,15491645441828,3.152576,0.063137,2.960774,7680
live,469,15491652289252,15491652404349,15491652478462,15491656487250,4.197998,0.074113,4.008788,7680
live,470,15491662289252,15491662439710,15491662534399,15491666986488,4.697236,0.094689,4.452089,7680
live,471,15491672289252,15491672424446,15491672488255,15491675454853,3.165601,0.063809,2.966598,7680
live,472,15491682289252,15491682404734,15491682474943,15491686384689,4.095437,0.070209,3.909746,7680
live,473,15491692289252,15491692435359,15491692512896,15491695496710,3.207458,0.077537,2.983814,7680
live,474,15491702289252,15491702425951,15491702503808,15491705302788,3.013536,0.077857,2.79898,7680
live,475,15491712289252,15491712610306,15491712718211,15491718962611,6.673359,0.107905,6.2444,7680
live,476,15491722289252,15491722464768,15491722591586,15491727929926,5.640674,0.126818,5.33834,7680
live,477,15491732289252,15491732449664,15491732524801,15491735622185,3.332933,0.075137,3.097384,7680
live,478,15491742289252,15491742416704,15491742496513,15491747546946,5.257694,0.079809,5.050433,7680
live,479,15491752289252,15491752446177,15491752526754,15491757964808,5.675556,0.080577,5.438054,7680
live,480,15491762289252,15491762426177,15491762494562,15491767609091,5.319839,0.068385,5.114529,7680
live,481,15491772289252,15491772410753,15491772701189,15491776990716,4.701464,0.290436,4.289527,7680
live,482,15491782289252,15491782432130,15491782518723,15491786470293,4.181041,0.086593,3.95157,7680
live,483,15491792289252,15491792428610,15491792505763,15491796052848,3.763596,0.077153,3.547085,7680
live,484,15491802289252,15491802403874,15491802466307,15491806375861,4.086609,0.062433,3.909554,7680
live,485,15491812289252,15491812415458,15491812473795,15491816317908,4.028656,0.058337,3.844113,7680
live,486,15491822289252,15491822407523,15491822477571,15491827421411,5.132159,0.070048,4.94384,7680
live,487,15491832289252,15491832433827,15491832515172,15491837613158,5.323906,0.081345,5.097986,7680
live,488,15491842289252,15491842418595,15491842487876,15491845453450,3.164198,0.069281,2.965574,7680
live,489,15491852289252,15491852405315,15491852468580,15491856291221,4.001969,0.063265,3.822641,7680
live,490,15491862289252,15491862436580,15491862515749,15491867478789,5.189537,0.079169,4.96304,7680
live,491,15491872289252,15491872426468,15491872485477,15491875455019,3.165767,0.059009,2.969542,7680
live,492,15491882289252,15491882402116,15491882468613,15491886387479,4.098227,0.066497,3.918866,7680
live,493,15491892289252,15491892430885,15491892500742,15491895487244,3.197992,0.069857,2.986502,7680
live,494,15491902289252,15491902417125,15491902486182,15491905545165,3.255913,0.069057,3.058983,7680
live,495,15491912289252,15491912437862,15491912533287,15491917478918,5.189666,0.095425,4.945631,7680
live,496,15491922289252,15491922421446,15491922487847,15491925589070,3.299818,0.066401,3.101223,7680
live,497,15491932289252,15491932409062,15491932474567,15491937679178,5.389926,0.065505,5.204611,7680
live,498,15491942289252,15491942440807,15491942545576,15491947009665,4.720413,0.104769,4.464089,7680
live,499,15491952289252,15491952435943,15491952516904,15491955574959,3.285707,0.080961,3.058055,7680
live,500,15491962289252,15491962394375,15491962442599,15491968352307,6.063055,0.048224,5.909708,7680
live,501,15491972289252,15491972400071,15491972464680,15491976994050,4.704798,0.064609,4.52937,7680
live,502,15491982289252,15491982433480,15491982513801,15491985617745,3.328493,0.080321,3.103944,7680
live,503,15491992289252,15491992406760,15491992473641,15491996191096,3.901844,0.066881,3.717455,7680
live,504,15492002289252,15492002440841,15492002529322,15492006404155,4.114903,0.088481,3.874833,7680
live,505,15492012289252,15492012431465,15492012513578,15492015913045,3.623793,0.082113,3.399467,7680
live,506,15492022289252,15492022404489,15492022471306,15492026152569,3.863317,0.066817,3.681263,7680
live,507,15492032289252,15492032424169,15492032484810,15492035373839,3.084587,0.060641,2.889029,7680
live,508,15492042289252,15492042396617,15492042454666,15492047259624,4.970372,0.058049,4.804958,7680
live,509,15492052289252,15492052425706,15492052503435,15492056770466,4.481214,0.077729,4.267031,7680
live,510,15492062289252,15492062415786,15492062476235,15492065423217,3.133965,0.060449,2.946982,7680
live,511,15492072289252,15492072409738,15492072489099,15492076880772,4.59152,0.079361,4.391673,7680
live,512,15492082289252,15492082435307,15492082526860,15492086656065,4.366813,0.091553,4.129205,7680
live,513,15492092289252,15492092424235,15492092481484,15492095374417,3.085165,0.057249,2.892933,7680
live,514,15492102289252,15492102404939,15492102472108,15492106423839,4.134587,0.067169,3.951731,7680
live,515,15492112289252,15492112420076,15492112486412,15492115430290,3.141038,0.066336,2.943878,7680
live,516,15492122289252,15492122416620,15492122489357,15492125447347,3.158095,0.072737,2.95799,7680
live,517,15492132289252,15492132404236,15492132461133,15492138922912,6.63366,0.056897,6.461779,7680
live,518,15492142289252,15492142419437,15492142474957,15492145524084,3.234832,0.05552,3.049127,7680
live,519,15492152289252,15492152405037,15492152478222,15492156579554,4.290302,0.073185,4.101332,7680
live,520,15492162289252,15492162447789,15492162528495,15492169863437,7.574185,0.080706,7.334942,7680
live,521,15492172289252,15492172445582,15492172538415,15492176912999,4.623747,0.092833,4.374584,7680
live,522,15492182289252,15492182439054,15492182531695,15492186576995,4.287743,0.092641,4.0453,7680
live,523,15492192289252,15492192425070,15492192496271,15492195504598,3.215346,0.071201,3.008327,7680
live,524,15492202289252,15492202402286,15492202469647,15492206196767,3.907515,0.067361,3.72712,7680
live,525,15492212289252,15492212409967,15492212468975,15492216506275,4.217023,0.059008,4.0373,7680
live,526,15492222289252,15492222425295,15492222507792,15492226438179,4.148927,0.082497,3.930387,7680
live,527,15492232289252,15492232405839,15492232457712,15492235999741,3.710489,0.051873,3.542029,7680
live,528,15492242289252,15492242430800,15492242512113,15492246595045,4.305793,0.081313,4.082932,7680
live,529,15492252289252,15492252427440,15492252495441,15492255560600,3.271348,0.068001,3.065159,7680
live,530,15492262289252,15492262410288,15492262485713,15492267480433,5.191181,0.075425,4.99472,7680
live,531,15492272289252,15492272558482,15492273255995,15492278020472,5.73122,0.697513,4.764477,7680
live,532,15492282289252,15492282518514,15492282880759,15492286839561,4.550309,0.362245,3.958802,7680
live,533,15492292289252,15492292426545,15492292719125,15492298193595,5.904343,0.29258,5.47447,7680
live,534,15492302289252,15492302498066,15492302859703,15492306149537,3.860285,0.361637,3.289834,7680
live,535,15492312289252,15492312449810,15492312736566,15492315864702,3.57545,0.286756,3.128136,7680
live,536,15492322289252,15492322417650,15492322705942,15492327242416,4.953164,0.288292,4.536474,7680
live,537,15492332289252,15492332466483,15492332867896,15492336994861,4.705609,0.401413,4.126965,7680
live,538,15492342289252,15492342444019,15492342722230,15492346332965,4.043713,0.278211,3.610735,7680
live,539,15492352289252,15492352416627,15492352699735,15492356302757,4.013505,0.283108,3.603022,7680
live,540,15492362289252,15492362408243,15492362695831,15492367636662,5.34741,0.287588,4.940831,7680
live,541,15492372289252,15492372393779,15492372453428,15492376785644,4.496392,0.059649,4.332216,7680
live,542,15492382289252,15492382447924,15492382534005,15492386783756,4.494504,0.086081,4.249751,7680
live,543,15492392289252,15492392432660,15492392506741,15492396103715,3.814463,0.074081,3.596974,7680
live,544,15492402289252,15492402406100,15492402478517,15492406374983,4.085731,0.072417,3.896466,7680
live,545,15492412289252,15492412415253,15492412475157,15492415446236,3.156984,0.059904,2.971079,7680
live,546,15492422289252,15492422407125,15492422460854,15492425248953,2.959701,0.053729,2.788099,7680
live,547,15492432289252,15492432408341,15492432479414,15492437619288,5.330036,0.071073,5.139874,7680
live,548,15492442289252,15492442438806,15492442505879,15492446847470,4.558218,0.067073,4.341591,7680
live,549,15492452289252,15492452414966,15492452471543,15492455419420,3.130168,0.056577,2.947877,7680
live,550,15492462289252,15492462390646,15492462454647,15492466344073,4.054821,0.064001,3.889426,7680
live,551,15492472289252,15492472406166,15492472476599,15492479222382,6.93313,0.070433,6.745783,7680
live,552,15492482289252,15492482469528,15492482571673,15492487239381,4.950129,0.102145,4.667708,7680
live,553,15492492289252,15492492432439,15492492508856,15492495682625,3.393373,0.076417,3.173769,7680
live,554,15492502289252,15492502403799,15492502463544,15492506089927,3.800675,0.059745,3.626383,7680
live,555,15492512289252,15492512435992,15492512513145,15492516668302,4.37905,0.077153,4.155157,7680
live,556,15492522289252,15492522471513,15492522864414,15492527102196,4.812944,0.392901,4.237782,7680
live,557,15492532289252,15492532427065,15492532489209,15492535614337,3.325085,0.062144,3.125128,7680
live,558,15492542289252,15492542398168,15492542456153,15492546248202,3.95895,0.057985,3.792049,7680
live,559,15492552289252,15492552428665,15492552510010,15492559281585,6.992333,0.081345,6.771575,7680
live,560,15492562289252,15492562423897,15492562494074,15492567022164,4.732912,0.070177,4.52809,7680
live,561,15492572289252,15492572394329,15492572456218,15492576067752,3.7785,0.061889,3.611534,7680
live,562,15492582289252,15492582429146,15492582512667,15492587845728,5.556476,0.083521,5.333061,7680
live,563,15492592289252,15492592420218,15492592476667,15492595418401,3.129149,0.056449,2.941734,7680
live,564,15492602289252,15492602437883,15492602531356,15492606436558,4.147306,0.093473,3.905202,7680
live,565,15492612289252,15492612435739,15492612494044,15492615480802,3.19155,0.058305,2.986758,7680
live,566,15492622289252,15492622390587,15492622439259,15492626181931,3.892679,0.048672,3.742672,7680
live,567,15492632289252,15492632403195,15492632478044,15492636773459,4.484207,0.074849,4.295415,7680
live,568,15492642289252,15492642424604,15492642485181,15492645460899,3.171647,0.060577,2.975718,7680
live,569,15492652289252,15492652402396,15492652463741,15492656274990,3.985738,0.061345,3.811249,7680
live,570,15492662289252,15492662431901,15492662512702,15492666752724,4.463472,0.080801,4.240022,7680
live,571,15492672289252,15492672412349,15492672476221,15492675392291,3.103039,0.063872,2.91607,7680
live,572,15492682289252,15492682409725,15492682489310,15492687543615,5.254363,0.079585,5.054305,7680
live,573,15492692289252,15492692431037,15492692531199,15492698451819,6.162567,0.100162,5.92062,7680
live,574,15492702289252,15492702425054,15492702504895,15492705620039,3.330787,0.079841,3.115144,7680
live,575,15492712289252,15492712422718,15492712501087,15492715276643,2.987391,0.078369,2.775556,7680
live,576,15492722289252,15492722409662,15492722483807,15492726790838,4.501586,0.074145,4.307031,7680
live,577,15492732289252,15492732424063,15492732502720,15492735938252,3.649,0.078657,3.435532,7680
live,578,15492742289252,15492742402943,15492742473504,15492747515744,5.226492,0.070561,5.04224,7680
live,579,15492752289252,15492752432191,15492752521120,15492756774871,4.485619,0.088929,4.253751,7680
live,580,15492762289252,15492762434944,15492762534881,15492770044769,7.755517,0.099937,7.509888,7680
live,581,15492772289252,15492772437952,15492772505121,15492775520616,3.231364,0.067169,3.015495,7680
live,582,15492782289252,15492782392000,15492782442912,15492785934125,3.644873,0.050912,3.491213,7680
live,583,15492792289252,15492792436865,15492792516866,15492796730520,4.441268,0.080001,4.213654,7680
live,584,15492802289252,15492802419425,15492802484705,15492805446759,3.157507,0.06528,2.962054,7680
live,585,15492812289252,15492812398241,15492812466914,15492816266738,3.977486,0.068673,3.799824,7680
live,586,15492822289252,15492822423841,15492822513634,15492826558678,4.269426,0.089793,4.045044,7680
live,587,15492832289252,15492832535299,15492832601252,15492835697164,3.407912,0.065953,3.095912,7680
live,588,15492842289252,15492842406690,15492842473027,15492846330324,4.041072,0.066337,3.857297,7680
live,589,15492852289252,15492852419234,15492852477091,15492855414345,3.125093,0.057857,2.937254,7680
live,590,15492862289252,15492862391714,15492862438883,15492866221171,3.931919,0.047169,3.782288,7680
live,591,15492872289252,15492872423715,15492872499972,15492876711642,4.42239,0.076257,4.21167,7680
live,592,15492882289252,15492882423395,15492882476100,15492886062322,3.77307,0.052705,3.586222,7680
live,593,15492892289252,15492892412131,15492892702471,15492896742075,4.452823,0.29034,4.039604,7680
live,594,15492902289252,15492902431844,15492902519941,15492906588313,4.299061,0.088097,4.068372,7680
live,595,15492912289252,15492912453284,15492912787657,15492915927569,3.638317,0.334373,3.139912,7680
live,596,15492922289252,15492922406372,15492922472805,15492926433240,4.143988,0.066433,3.960435,7680
live,597,15492932289252,15492932430565,15492932517478,15492936503577,4.214325,0.086913,3.986099,7680
live,598,15492942289252,15492942424581,15492942488486,15492945504621,3.215369,0.063905,3.016135,7680
live,599,15492952289252,15492952398213,15492952470278,15492956624699,4.335447,0.072065,4.154421,7680
live,600,15492962289252,15492962437382,15492962531975,15492972849995,10.560743,0.094593,10.31802,7680
live,601,15492972289252,15492972448262,15492972977165,15492977529703,5.240451,0.528903,4.552538,7680
live,602,15492982289252,15492982476743,15492982590312,15492990639024,8.349772,0.113569,8.048712,7680
live,603,15492992289252,15492992461767,15492992540232,15492997307013,5.017761,0.078465,4.766781,7680
live,604,15493002289252,15493002432327,15493002501800,15493005477166,3.187914,0.069473,2.975366,7680
live,605,15493012289252,15493012412743,15493012490760,15493018000175,5.710923,0.078017,5.509415,7680
live,606,15493022289252,15493022431272,15493022534249,15493026710782,4.42153,0.102977,4.176533,7680
live,607,15493032289252,15493032417704,15493032479528,15493035442222,3.15297,0.061824,2.962694,7680
live,608,15493042289252,15493042426120,15493042508393,15493046597950,4.308698,0.082273,4.089557,7680
live,609,15493052289252,15493052474441,15493052542314,15493055513616,3.224364,0.067873,2.971302,7680
live,610,15493062289252,15493062422121,15493062492745,15493066361307,4.072055,0.070624,3.868562,7680
live,611,15493072289252,15493072434377,15493072521610,15493076701760,4.412508,0.087233,4.18015,7680
live,612,15493082289252,15493082441417,15493082537067,15493087249479,4.960227,0.09565,4.712412,7680
live,613,15493092289252,15493092445994,15493092516235,15493095724532,3.43528,0.070241,3.208297,7680
live,614,15493102289252,15493102407722,15493102477706,15493106385277,4.096025,0.069984,3.907571,7680
live,615,15493112289252,15493112418314,15493112475307,15493115408272,3.11902,0.056993,2.932965,7680
live,616,15493122289252,15493122389098,15493122437675,15493126257244,3.967992,0.048577,3.819569,7680
live,617,15493132289252,15493132418891,15493132504588,15493136681057,4.391805,0.085697,4.176469,7680
live,618,15493142289252,15493142441323,15493142514636,15493145753206,3.463954,0.073313,3.23857,7680
live,619,15493152289252,15493152411179,15493152482860,15493156424479,4.135227,0.071681,3.941619,7680
live,620,15493162289252,15493162454956,15493162560525,15493168318327,6.029075,0.105569,5.757802,7680
live,621,15493172289252,15493172427340,15493172504365,15493176228413,3.939161,0.077025,3.724048,7680
live,622,15493182289252,15493182410796,15493182476973,15493186119772,3.83052,0.066177,3.642799,7680
live,623,15493192289252,15493192461805,15493192832434,15493199110242,6.82099,0.370629,6.277808,7680
live,624,15493202289252,15493202428269,15493202501422,15493205936762,3.64751,0.073153,3.43534,7680
live,625,15493212289252,15493212416109,15493212483118,15493215630070,3.340818,0.067009,3.146952,7680
live,626,15493222289252,15493222407405,15493222480654,15493226809286,4.520034,0.073249,4.328632,7680
live,627,15493232289252,15493232450286,15493232545071,15493237571280,5.282028,0.094785,5.026209,7680
live,628,15493242289252,15493242455790,15493242534383,15493246187390,3.898138,0.078593,3.653007,7680
live,629,15493252289252,15493252416718,15493252485967,15493256877511,4.588259,0.069249,4.391544,7680
live,630,15493262289252,15493262436751,15493262528368,15493266387361,4.098109,0.091617,3.858993,7680
live,631,15493272289252,15493272424367,15493272503440,15493275989501,3.700249,0.079073,3.486061,7680
live,632,15493282289252,15493282412111,15493282477840,15493286064606,3.775354,0.065729,3.586766,7680
live,633,15493292289252,15493292456848,15493292565841,15493297982391,5.693139,0.108993,5.41655,7680
live,634,15493302289252,15493302429584,15493302497649,15493305499671,3.210419,0.068065,3.002022,7680
live,635,15493312289252,15493312412944,15493312490833,15493316555269,4.266017,0.077889,4.064436,7680
live,636,15493322289252,15493322429776,15493322515954,15493326580934,4.291682,0.086178,4.06498,7680
live,637,15493332289252,15493332414033,15493332474865,15493335365142,3.07589,0.060832,2.890277,7680
live,638,15493342289252,15493342421233,15493342495282,15493346473861,4.184609,0.074049,3.978579,7680
live,639,15493352289252,15493352438034,15493352508402,15493355598554,3.309302,0.070368,3.090152,7680
live,640,15493362289252,15493362411569,15493362470610,15493367220815,4.931563,0.059041,4.750205,7680
live,641,15493372289252,15493372406514,15493372476787,15493379956659,7.667407,0.070273,7.479872,7680
live,642,15493382289252,15493382423058,15493382504115,15493385707420,3.418168,0.081057,3.203305,7680
live,643,15493392289252,15493392539828,15493392669494,15493396975405,4.686153,0.129666,4.305911,7680
live,644,15493402289252,15493402462419,15493402552404,15493406606376,4.317124,0.089985,4.053972,7680
live,645,15493412289252,15493412433907,15493412495732,15493415477818,3.188566,0.061825,2.982086,7680
live,646,15493422289252,15493422411923,15493422485204,15493426347846,4.058594,0.073281,3.862642,7680
live,647,15493432289252,15493432468404,15493432560181,15493438453345,6.164093,0.091777,5.893164,7680
live,648,15493442289252,15493442424660,15493442476661,15493446175876,3.886624,0.052001,3.699215,7680
live,649,15493452289252,15493452414868,15493452483093,15493456265542,3.97629,0.068225,3.782449,7680
live,650,15493462289252,15493462414197,15493462484501,15493466539369,4.250117,0.070304,4.054868,7680
live,651,15493472289252,15493472421461,15493472473494,15493475453436,3.164184,0.052033,2.979942,7680
live,652,15493482289252,15493482405653,15493482465206,15493486080164,3.790912,0.059553,3.614958,7680
live,653,15493492289252,15493492493846,15493492598040,15493500640543,8.351291,0.104194,8.042503,7680
live,654,15493502289252,15493502449334,15493502536887,15493506033924,3.744672,0.087553,3.497037,7680
live,655,15493512289252,15493512430198,15493512701498,15493516328200,4.038948,0.2713,3.626702,7680
live,656,15493522289252,15493522413014,15493522699002,15493526449226,4.159974,0.285988,3.750224,7680
live,657,15493532289252,15493532442615,15493532815100,15493536040677,3.751425,0.372485,3.225577,7680
live,658,15493542289252,15493542428215,15493542500312,15493545384637,3.095385,0.072097,2.884325,7680
live,659,15493552289252,15493552404375,15493552483800,15493557207637,4.918385,0.079425,4.723837,7680
live,660,15493562289252,15493562431736,15493562526713,15493568383844,6.094592,0.094977,5.857131,7680
live,661,15493572289252,15493572426328,15493572502521,15493576243369,3.954117,0.076193,3.740848,7680
live,662,15493582289252,15493582407992,15493582480921,15493586320362,4.03111,0.072929,3.839441,7680
live,663,15493592289252,15493592431865,15493592511162,15493596626510,4.337258,0.079297,4.115348,7680
live,664,15493602289252,15493602434137,15493602511738,15493605725667,3.436415,0.077601,3.213929,7680
live,665,15493612289252,15493612406841,15493612472730,15493616099624,3.810372,0.065889,3.626894,7680
live,666,15493622289252,15493622417241,15493622480794,15493625475713,3.186461,0.063553,2.994919,7680
live,667,15493632289252,15493632404153,15493632465722,15493636316876,4.027624,0.061569,3.851154,7680
live,668,15493642289252,15493642432986,15493642532123,15493646878067,4.588815,0.099137,4.345944,7680
live,669,15493652289252,15493652429178,15493652758399,15493656114794,3.825542,0.329221,3.356395,7680
live,670,15493662289252,15493662413435,15493662482555,15493666455470,4.166218,0.06912,3.972915,7680
live,671,15493672289252,15493672426491,15493672486908,15493675456098,3.166846,0.060417,2.96919,7680
live,672,15493682289252,15493682454780,15493682791520,15493685800615,3.511363,0.33674,3.009095,7680
live,673,15493692289252,15493692406043,15493692482140,15493699310964,7.021712,0.076097,6.828824,7680
live,674,15493702289252,15493702426172,15493702499005,15493705850856,3.561604,0.072833,3.351851,7680
live,675,15493712289252,15493712395708,15493712452637,15493716977335,4.688083,0.056929,4.524698,7680
live,676,15493722289252,15493722405564,15493722469885,15493726482001,4.192749,0.064321,4.012116,7680
live,677,15493732289252,15493732422589,15493732495262,15493735461828,3.172576,0.072673,2.966566,7680
live,678,15493742289252,15493742404669,15493742476382,15493746378672,4.08942,0.071713,3.90229,7680
live,679,15493752289252,15493752433245,15493752526623,15493756674324,4.385072,0.093378,4.147701,7680
live,680,15493762289252,15493762443358,15493762512479,15493768761007,6.471755,0.069121,6.248528,7680
live,681,15493772289252,15493772404670,15493772471007,15493776231599,3.942347,0.066337,3.760592,7680
live,682,15493782289252,15493782483423,15493782867556,15493786964889,4.675637,0.384133,4.097333,7680
live,683,15493792289252,15493792439615,15493792513792,15493796073005,3.783753,0.074177,3.559213,7680
live,684,15493802289252,15493802411583,15493802705378,15493808178537,5.889285,0.293795,5.473159,7680
live,685,15493812289252,15493812487616,15493812570721,15493816229296,3.940044,0.083105,3.658575,7680
live,686,15493822289252,15493822447968,15493822746084,15493826494004,4.204752,0.298116,3.74792,7680
live,687,15493832289252,15493832434272,15493832508001,15493835732394,3.443142,0.073729,3.224393,7680
live,688,15493842289252,15493842419296,15493842474337,15493845485991,3.196739,0.055041,3.011654,7680
live,689,15493852289252,15493852427872,15493852517666,15493856666327,4.377075,0.089794,4.148661,7680
live,690,15493862289252,15493862486977,15493862842374,15493866109456,3.820204,0.355397,3.267082,7680
live,691,15493872289252,15493872412385,15493872485282,15493876956059,4.666807,0.072897,4.470777,7680
live,692,15493882289252,15493882432385,15493882520963,15493886492661,4.203409,0.088578,3.971698,7680
live,693,15493892289252,15493892424066,15493892482850,15493895452616,3.163364,0.058784,2.969766,7680
live,694,15493902289252,15493902408962,15493902481731,15493906448853,4.159601,0.072769,3.967122,7680
live,695,15493912289252,15493912443170,15493912537380,15493918337166,6.047914,0.09421,5.799786,7680
live,696,15493922289252,15493922438403,15493922540324,15493928897846,6.608594,0.101921,6.357522,7680
live,697,15493932289252,15493932426435,15493932487812,15493935479466,3.190214,0.061377,2.991654,7680
live,698,15493942289252,15493942403779,15493942479236,15493946861852,4.5726,0.075457,4.382616,7680
live,699,15493952289252,15493952587269,15493952657894,15493955958097,3.668845,0.070625,3.300203,7680
live,700,15493962289252,15493962400515,15493962449796,15493967364675,5.075423,0.049281,4.914879,7680
live,701,15493972289252,15493972403620,15493972472773,15493976382263,4.093011,0.069153,3.90949,7680
live,702,15493982289252,15493982437956,15493982520709,15493986404183,4.114931,0.082753,3.883474,7680
live,703,15493992289252,15493992424965,15493992505126,15493996049107,3.759855,0.080161,3.543981,7680
live,704,15494002289252,15494002399717,15494002460101,15494006980831,4.691579,0.060384,4.52073,7680
live,705,15494012289252,15494012452549,15494012564519,15494018706454,6.417202,0.11197,6.141935,7680
live,706,15494022289252,15494022440582,15494022511207,15494025854385,3.565133,0.070625,3.343178,7680
live,707,15494032289252,15494032396677,15494032448518,15494036638140,4.348888,0.051841,4.189622,7680
live,708,15494042289252,15494042432902,15494042525063,15494046734973,4.445721,0.092161,4.20991,7680
live,709,15494052289252,15494052419718,15494052480999,15494056047765,3.758513,0.061281,3.566766,7680
live,710,15494062289252,15494062406150,15494062479975,15494067473991,5.184739,0.073825,4.994016,7680
live,711,15494072289252,15494072437255,15494072519016,15494078368499,6.079247,0.081761,5.849483,7680
live,712,15494082289252,15494082427335,15494082493864,15494085479278,3.190026,0.066529,2.985414,7680
live,713,15494092289252,15494092409479,15494092478792,15494096561885,4.272633,0.069313,4.083093,7680
live,714,15494102289252,15494102432776,15494102521065,15494108797658,6.508406,0.088289,6.276593,7680
live,715,15494112289252,15494112421736,15494112485577,15494115547344,3.258092,0.063841,3.061767,7680
live,716,15494122289252,15494122407752,15494122481481,15494127474409,5.185157,0.073729,4.992928,7680
live,717,15494132289252,15494132427529,15494132511274,15494138931580,6.642328,0.083745,6.420306,7680
live,718,15494142289252,15494142428169,15494142485386,15494145469008,3.179756,0.057217,2.983622,7680
live,719,15494152289252,15494152404457,15494152481034,15494156554110,4.264858,0.076577,4.073076,7680
live,720,15494162289252,15494162444074,15494162536683,15494170926871,8.637619,0.092609,8.390188,7680
live,721,15494172289252,15494172430602,15494172497771,15494175494641,3.205389,0.067169,2.99687,7680
live,722,15494182289252,15494182422250,15494182481579,15494185278767,2.989515,0.059329,2.797188,7680
live,723,15494192289252,15494192402538,15494192460235,15494197020933,4.731681,0.057697,4.560698,7680
live,724,15494202289252,15494202418315,15494202482123,15494205517234,3.227982,0.063808,3.035111,7680
live,725,15494212289252,15494212404235,15494212479692,15494218199669,5.910417,0.075457,5.719977,7680
live,726,15494222289252,15494222426987,15494222488364,15494225566676,3.277424,0.061377,3.078312,7680
live,727,15494232289252,15494232420780,15494232489036,15494235197199,2.907947,0.068256,2.708163,7680
live,728,15494242289252,15494242404972,15494242475789,15494246361150,4.071898,0.070817,3.885361,7680
live,729,15494252289252,15494252449261,15494252545070,15494256981223,4.691971,0.095809,4.436153,7680
live,730,15494262289252,15494262448461,15494262560014,15494267794193,5.504941,0.111553,5.234179,7680
live,731,15494272289252,15494272429485,15494272493870,15494275495668,3.206416,0.064385,3.001798,7680
live,732,15494282289252,15494282409389,15494282481614,15494286844966,4.555714,0.072225,4.363352,7680
live,733,15494292289252,15494292447598,15494292539887,15494298399834,6.110582,0.092289,5.859947,7680
live,734,15494302289252,15494302426158,15494302496879,15494305485749,3.196497,0.070721,2.98887,7680
live,735,15494312289252,15494312407758,15494312488975,15494316652388,4.363136,0.081217,4.163413,7680
live,736,15494322289252,15494322424654,15494322497423,15494325479125,3.189873,0.072769,2.981702,7680
live,737,15494332289252,15494332393070,15494332446607,15494335644856,3.355604,0.053537,3.198249,7680
live,738,15494342289252,15494342426735,15494342507856,15494346805607,4.516355,0.081121,4.297751,7680
live,739,15494352289252,15494352417519,15494352480816,15494355374837,3.085585,0.063297,2.894021,7680
live,740,15494362289252,15494362409871,15494362484944,15494368203802,5.91455,0.075073,5.718858,7680
live,741,15494372289252,15494372440560,15494372540881,15494378441021,6.151769,0.100321,5.90014,7680
live,742,15494382289252,15494382431920,15494382501105,15494385508152,3.2189,0.069185,3.007047,7680
live,743,15494392289252,15494392402256,15494392474609,15494396285442,3.99619,0.072353,3.810833,7680
live,744,15494402289252,15494402431217,15494402530034,15494406542086,4.252834,0.098817,4.012052,7680
live,745,15494412289252,15494412423377,15494412494130,15494415582041,3.292789,0.070753,3.087911,7680
live,746,15494422289252,15494422412049,15494422486706,15494426434373,4.145121,0.074657,3.947667,7680
live,747,15494432289252,15494432435250,15494432514547,15494435523129,3.233877,0.079297,3.008582,7680
live,748,15494442289252,15494442418322,15494442483731,15494445363256,3.074004,0.065409,2.879525,7680
live,749,15494452289252,15494452402578,15494452470803,15494458387199,6.097947,0.068225,5.916396,7680
live,750,15494462289252,15494462528500,15494462604245,15494465718717,3.429465,0.075745,3.114472,7680
live,751,15494472289252,15494472422579,15494472512148,15494477666998,5.377746,0.089569,5.15485,7680
live,752,15494482289252,15494482417715,15494482498260,15494488910342,6.62109,0.080545,6.412082,7680
live,753,15494492289252,15494492427347,15494492502836,15494496175459,3.886207,0.075489,3.672623,7680
live,754,15494502289252,15494502405331,15494502476500,15494506250917,3.961665,0.071169,3.774417,7680
live,755,15494512289252,15494512442452,15494512549654,15494520082742,7.79349,0.107202,7.533088,7680
live,756,15494522289252,15494522441492,15494522529846,15494527799673,5.510421,0.088354,5.269827,7680
live,757,15494532289252,15494532464245,15494532547318,15494536571210,4.281958,0.083073,4.023892,7680
live,758,15494542289252,15494542412437,15494542474933,15494547389045,5.099793,0.062496,4.914112,7680
live,759,15494552289252,15494552418485,15494552479606,15494555541693,3.252441,0.061121,3.062087,7680
live,760,15494562289252,15494562402165,15494562470902,15494568432642,6.14339,0.068737,5.96174,7680
live,761,15494572289252,15494572501399,15494572608376,15494576639180,4.349928,0.106977,4.030804,7680
live,762,15494582289252,15494582456886,15494582541112,15494586505610,4.216358,0.084226,3.964498,7680
live,763,15494592289252,15494592406230,15494592464439,15494596453898,4.164646,0.058209,3.989459,7680
live,764,15494602289252,15494602438679,15494602522040,15494607546904,5.257652,0.083361,5.024864,7680
live,765,15494612289252,15494612426935,15494612509848,15494616906928,4.617676,0.082913,4.39708,7680
live,766,15494622289252,15494622416535,15494622485816,15494626433963,4.144711,0.069281,3.948147,7680
live,767,15494632289252,15494632445656,15494632551609,15494637462040,5.172788,0.105953,4.910431,7680
live,768,15494642289252,15494642430616,15494642506233,15494646316042,4.02679,0.075617,3.809809,7680
live,769,15494652289252,15494652409496,15494652484825,15494658350052,6.0608,0.075329,5.865227,7680
live,770,15494662289252,15494662426008,15494662495001,15494666251593,3.962341,0.068993,3.756592,7680
live,771,15494672289252,15494672401976,15494672475065,15494677648284,5.359032,0.073089,5.173219,7680
live,772,15494682289252,15494682437657,15494682517754,15494687638908,5.349656,0.080097,5.121154,7680
live,773,15494692289252,15494692421721,15494692487226,15494695548769,3.259517,0.065505,3.061543,7680
live,774,15494702289252,15494702401433,15494702463098,15494706264235,3.974983,0.061665,3.801137,7680
live,775,15494712289252,15494712428122,15494712516187,15494717763806,5.474554,0.088065,5.247619,7680
live,776,15494722289252,15494722419930,15494722479323,15494726382445,4.093193,0.059393,3.903122,7680
live,777,15494732289252,15494732393722,15494732444699,15494735954664,3.665412,0.050977,3.509965,7680
live,778,15494742289252,15494742403546,15494742479419,15494747638430,5.349178,0.075873,5.159011,7680
live,779,15494752289252,15494752435163,15494752510620,15494757091799,4.802547,0.075457,4.581179,7680
live,780,15494762289252,15494762406939,15494762478780,15494767893730,5.604478,0.071841,5.41495,7680
live,781,15494772289252,15494772442364,15494772522557,15494779160946,6.871694,0.080193,6.638389,7680
live,782,15494782289252,15494782438620,15494782512477,15494786612242,4.32299,0.073857,4.099765,7680
live,783,15494792289252,15494792403868,15494792471101,15494797551230,5.261978,0.067233,5.080129,7680
live,784,15494802289252,15494802486749,15494802609151,15494810298754,8.009502,0.122402,7.689603,7680
live,785,15494812289252,15494812441373,15494812780321,15494816100748,3.811496,0.338948,3.320427,7680
live,786,15494822289252,15494822399741,15494822452573,15494825862537,3.573285,0.052832,3.409964,7680
live,787,15494832289252,15494832410493,15494832696897,15494836898231,4.608979,0.286404,4.201334,7680
live,788,15494842289252,15494842420862,15494842482878,15494845488741,3.199489,0.062016,3.005863,7680
live,789,15494852289252,15494852404414,15494852470591,15494856380305,4.091053,0.066177,3.909714,7680
live,790,15494862289252,15494862428318,15494862508959,15494866638452,4.3492,0.080641,4.129493,7680
live,791,15494872289252,15494872422783,15494872492991,15494875585543,3.296291,0.070208,3.092552,7680
live,792,15494882289252,15494882417055,15494882498048,15494887541281,5.252029,0.080993,5.043233,7680
live,793,15494892289252,15494892442079,15494892531329,15494896611701,4.322449,0.08925,4.080372,7680
live,794,15494902289252,15494902433152,15494902525921,15494906582453,4.293201,0.092769,4.056532,7680
live,795,15494912289252,15494912415488,15494912472704,15494915437798,3.148546,0.057216,2.965094,7680
live,796,15494922289252,15494922406272,15494922473505,15494926496852,4.2076,0.067233,4.023347,7680
live,797,15494932289252,15494932443745,15494932521378,15494935740619,3.451367,0.077633,3.219241,7680
live,798,15494942289252,15494942425889,15494942494914,15494945491304,3.202052,0.069025,2.99639,7680
live,799,15494952289252,15494952431297,15494952505602,15494956498645,4.209393,0.074305,3.993043,7680
live,800,15494962289252,15494962431681,15494962493186,15494966738297,4.449045,0.061505,4.245111,7680
live,801,15494972289252,15494972406113,15494972480130,15494976887803,4.598551,0.074017,4.407673,7680
live,802,15494982289252,15494982451842,15494982545155,15494986699065,4.409813,0.093313,4.15391,7680
live,803,15494992289252,15494992428034,15494992495139,15494995511146,3.221894,0.067105,3.016007,7680
live,804,15495002289252,15495002403010,15495002464579,15495006074481,3.785229,0.061569,3.609902,7680
live,805,15495012289252,15495012420771,15495012490628,15495015472522,3.18327,0.069857,2.981894,7680
live,806,15495022289252,15495022558501,15495022677862,15495026104146,3.814894,0.119361,3.426284,7680
live,807,15495032289252,15495032414563,15495032502116,15495037573381,5.284129,0.087553,5.071265,7680
live,808,15495042289252,15495042438436,15495042527333,15495046843740,4.554488,0.088897,4.316407,7680
live,809,15495052289252,15495052456292,15495052539845,15495056166100,3.876848,0.083553,3.626255,7680
live,810,15495062289252,15495062422276,15495062495301,15495066315926,4.026674,0.073025,3.820625,7680
live,811,15495072289252,15495072430053,15495072509350,15495078622644,6.333392,0.079297,6.113294,7680
live,812,15495082289252,15495082432453,15495082508486,15495086296598,4.007346,0.076033,3.788112,7680
live,813,15495092289252,15495092409029,15495092484998,15495097643656,5.354404,0.075969,5.158658,7680
live,814,15495102289252,15495102430341,15495102511718,15495107316708,5.027456,0.081377,4.80499,7680
live,815,15495112289252,15495112419462,15495112481190,15495115529901,3.240649,0.061728,3.048711,7680
live,816,15495122289252,15495122397798,15495122454246,15495127939085,5.649833,0.056448,5.484839,7680
live,817,15495132289252,15495132432262,15495132533928,15495139058267,6.769015,0.101666,6.524339,7680
live,818,15495142289252,15495142435527,15495142511080,15495146230743,3.941491,0.075553,3.719663,7680
live,819,15495152289252,15495152407975,15495152481800,15495157597929,5.308677,0.073825,5.116129,7680
live,820,15495162289252,15495162427815,15495162512744,15495169027228,6.737976,0.084929,6.514484,7680
live,821,15495172289252,15495172423783,15495172493000,15495175595216,3.305964,0.069217,3.102216,7680
live,822,15495182289252,15495182390599,15495182462312,15495186283289,3.994037,0.071713,3.820977,7680
live,823,15495192289252,15495192397992,15495192459816,15495196285913,3.996661,0.061824,3.826097,7680
live,824,15495202289252,15495202439080,15495202541578,15495206551101,4.261849,0.102498,4.009523,7680
live,825,15495212289252,15495212425833,15495212500906,15495215911125,3.621873,0.075073,3.410219,7680
live,826,15495222289252,15495222404041,15495222459913,15495225910614,3.621362,0.055872,3.450701,7680
live,827,15495232289252,15495232400265,15495232467018,15495236214522,3.92527,0.066753,3.747504,7680
live,828,15495242289252,15495242429161,15495242507402,15495246284795,3.995543,0.078241,3.777393,7680
live,829,15495252289252,15495252399785,15495252463274,15495256125241,3.835989,0.063489,3.661967,7680
live,830,15495262289252,15495262437610,15495262526315,15495266642400,4.353148,0.088705,4.116085,7680
live,831,15495272289252,15495272423786,15495272509419,15495275534802,3.24555,0.085633,3.025383,7680
live,832,15495282289252,15495282426955,15495282512876,15495285465426,3.176174,0.085921,2.95255,7680
live,833,15495292289252,15495292448619,15495292530956,15495296690082,4.40083,0.082337,4.159126,7680
live,834,15495302289252,15495302448843,15495302522924,15495305543155,3.253903,0.074081,3.020231,7680
live,835,15495312289252,15495312411371,15495312483180,15495316069562,3.78031,0.071809,3.586382,7680
live,836,15495322289252,15495322449612,15495322540653,15495326846724,4.557472,0.091041,4.306071,7680
live,837,15495332289252,15495332641551,15495332717328,15495335921433,3.632181,0.075777,3.204105,7680
live,838,15495342289252,15495342433356,15495342516494,15495347574062,5.28481,0.083138,5.057568,7680
live,839,15495352289252,15495352431469,15495352519150,15495358432506,6.143254,0.087681,5.913356,7680
live,840,15495362289252,15495362426637,15495362499118,15495366841862,4.55261,0.072481,4.342744,7680
live,841,15495372289252,15495372400589,15495372460334,15495376046652,3.7574,0.059745,3.586318,7680
live,842,15495382289252,15495382434574,15495382532015,15495386584515,4.295263,0.097441,4.0525,7680
live,843,15495392289252,15495392433966,15495392508495,15495396036348,3.747096,0.074529,3.527853,7680
live,844,15495402289252,15495402401710,15495402467215,15495406414081,4.124829,0.065505,3.946866,7680
live,845,15495412289252,15495412438319,15495412514512,15495417923509,5.634257,0.076193,5.408997,7680
live,846,15495422289252,15495422415919,15495422476143,15495425475702,3.18645,0.060224,2.999559,7680
live,847,15495432289252,15495432408943,15495432481264,15495436516035,4.226783,0.072321,4.034771,7680
live,848,15495442289252,15495442436015,15495442527345,15495446821384,4.532132,0.09133,4.294039,7680
live,849,15495452289252,15495452420367,15495452476016,15495455425206,3.135954,0.055649,2.94919,7680
live,850,15495462289252,15495462402384,15495462471952,15495466338658,4.049406,0.069568,3.866706,7680
live,851,15495472289252,15495472422000,15495472482929,15495475445527,3.156275,0.060929,2.962598,7680
live,852,15495482289252,15495482423600,15495482494737,15495485473688,3.184436,0.071137,2.978951,7680
live,853,15495492289252,15495492412497,15495492486865,15495496815881,4.526629,0.074368,4.329016,7680
live,854,15495502289252,15495502422865,15495502486802,15495505476856,3.187604,0.063937,2.990054,7680
live,855,15495512289252,15495512401777,15495512458962,15495516772073,4.482821,0.057185,4.313111,7680
live,856,15495522289252,15495522431506,15495522514355,15495526872747,4.583495,0.082849,4.358392,7680
live,857,15495532289252,15495532434386,15495532510227,15495535689532,3.40028,0.075841,3.179305,7680
live,858,15495542289252,15495542412562,15495542476915,15495546200323,3.911071,0.064353,3.723408,7680
live,859,15495552289252,15495552407442,15495552474963,15495556656265,4.367013,0.067521,4.181302,7680
live,860,15495562289252,15495562473715,15495562573077,15495568832869,6.543617,0.099362,6.259792,7680
live,861,15495572289252,15495572444339,15495572539125,15495576595945,4.306693,0.094786,4.05682,7680
live,862,15495582289252,15495582503668,15495582791800,15495588738788,6.449536,0.288132,5.946988,7680
live,863,15495592289252,15495592413683,15495592486836,15495597937626,5.648374,0.073153,5.45079,7680
live,864,15495602289252,15495602445364,15495602529333,15495606405383,4.116131,0.083969,3.87605,7680
live,865,15495612289252,15495612410612,15495612696440,15495616993903,4.704651,0.285828,4.297463,7680
live,866,15495622289252,15495622464149,15495622838426,15495628858887,6.569635,0.374277,6.020461,7680
live,867,15495632289252,15495632460885,15495632791865,15495636896334,4.607082,0.33098,4.104469,7680
live,868,15495642289252,15495642409141,15495642691352,15495646494729,4.205477,0.282211,3.803377,7680
live,869,15495652289252,15495652470294,15495652813850,15495656033764,3.744512,0.343556,3.219914,7680
live,870,15495662289252,15495662398965,15495662658649,15495666916111,4.626859,0.259684,4.257462,7680
live,871,15495672289252,15495672427798,15495672511063,15495676659468,4.370216,0.083265,4.148405,7680
live,872,15495682289252,15495682426198,15495682488407,15495686906320,4.617068,0.062209,4.417913,7680
live,873,15495692289252,15495692397942,15495692461335,15495696422186,4.132934,0.063393,3.960851,7680
live,874,15495702289252,15495702443383,15495702531096,15495706507915,4.218663,0.087713,3.976819,7680
live,875,15495712289252,15495712432087,15495712490424,15495715432446,3.143194,0.058337,2.942022,7680
live,876,15495722289252,15495722396183,15495722453592,15495726000197,3.710945,0.057409,3.546605,7680
live,877,15495732289252,15495732425080,15495732502073,15495739041677,6.752425,0.076993,6.539604,7680
live,878,15495742289252,15495742428120,15495742495769,15495745530048,3.240796,0.067649,3.034279,7680
live,879,15495752289252,15495752407160,15495752478617,15495756296426,4.007174,0.071457,3.817809,7680
live,880,15495762289252,15495762431289,15495762513722,15495770385023,8.095771,0.082433,7.871301,7680
live,881,15495772289252,15495772438425,15495772509050,15495776289546,4.000294,0.070625,3.780496,7680
live,882,15495782289252,15495782402617,15495782463322,15495785924006,3.634754,0.060705,3.460684,7680
live,883,15495792289252,15495792404185,15495792473530,15495796188522,3.89927,0.069345,3.714992,7680
live,884,15495802289252,15495802474650,15495802618812,15495807902464,5.613212,0.144162,5.283652,7680
live,885,15495812289252,15495812452474,15495812541692,15495817011061,4.721809,0.089218,4.469369,7680
live,886,15495822289252,15495822471515,15495822579708,15495826995733,4.706481,0.108193,4.416025,7680
live,887,15495832289252,15495832432091,15495832483227,15495835426529,3.137277,0.051136,2.943302,7680
live,888,15495842289252,15495842409403,15495842490588,15495847520508,5.231256,0.081185,5.02992,7680
live,889,15495852289252,15495852432411,15495852508476,15495856714098,4.424846,0.076065,4.205622,7680
live,890,15495862289252,15495862444220,15495862523965,15495866872021,4.582769,0.079745,4.348056,7680
live,891,15495872289252,15495872426012,15495872484157,15495875395874,3.106622,0.058145,2.911717,7680
live,892,15495882289252,15495882408796,15495882479389,15495886807828,4.518576,0.070593,4.328439,7680
live,893,15495892289252,15495892436797,15495892533854,15495896865173,4.575921,0.097057,4.331319,7680
live,894,15495902289252,15495902430397,15495902495806,15495905473220,3.183968,0.065409,2.977414,7680
live,895,15495912289252,15495912404957,15495912474110,15495916774581,4.485329,0.069153,4.300471,7680
live,896,15495922289252,15495922438301,15495922520318,15495926853302,4.56405,0.082017,4.332984,7680
live,897,15495932289252,15495932417469,15495932476190,15495935449156,3.159904,0.058721,2.972966,7680
live,898,15495942289252,15495942408190,15495942487679,15495947588704,5.299452,0.079489,5.101025,7680
live,899,15495952289252,15495952447774,15495952542848,15495956602068,4.312816,0.095074,4.05922,7680
live,900,15495962289252,15495962441279,15495962524288,15495968271369,5.982117,0.083009,5.747081,7680
live,901,15495972289252,15495972432415,15495972512704,15495976531667,4.242415,0.080289,4.018963,7680
live,902,15495982289252,15495982428127,15495982493088,15495985486086,3.196834,0.064961,2.992998,7680
live,903,15495992289252,15495992406207,15495992482944,15495996415890,4.126638,0.076737,3.932946,7680
live,904,15496002289252,15496002420704,15496002473600,15496005451174,3.161922,0.052896,2.977574,7680
live,905,15496012289252,15496012405632,15496012485057,15496016531061,4.241809,0.079425,4.046004,7680
live,906,15496022289252,15496022447328,15496022544514,15496027051803,4.762551,0.097186,4.507289,7680
live,907,15496032289252,15496032431040,15496032503329,15496035587753,3.298501,0.072289,3.084424,7680
live,908,15496042289252,15496042433057,15496042511810,15496045389927,3.100675,0.078753,2.878117,7680
live,909,15496052289252,15496052412705,15496052484578,15496056672087,4.382835,0.071873,4.187509,7680
live,910,15496062289252,15496062439937,15496062553443,15496066929083,4.639831,0.113506,4.37564,7680
live,911,15496072289252,15496072458786,15496072553507,15496079678911,7.389659,0.094721,7.125404,7680
live,912,15496082289252,15496082434818,15496082484803,15496085498825,3.209573,0.049985,3.014022,7680
live,913,15496092289252,15496092446210,15496092519971,15496096906428,4.617176,0.073761,4.386457,7680
live,914,15496102289252,15496102479203,15496102575012,15496106898204,4.608952,0.095809,4.323192,7680
live,915,15496112289252,15496112426883,15496112481539,15496115437225,3.147973,0.054656,2.955686,7680
live,916,15496122289252,15496122410691,15496122488036,15496127461348,5.172096,0.077345,4.973312,7680
live,917,15496132289252,15496132430499,15496132509476,15496136788891,4.499639,0.078977,4.279415,7680
live,918,15496142289252,15496142486532,15496142593030,15496146045266,3.756014,0.106498,3.452236,7680
live,919,15496152289252,15496152408900,15496152475172,15496156291061,4.001809,0.066272,3.815889,7680
live,920,15496162289252,15496162443396,15496162546598,15496169442302,7.15305,0.103202,6.895704,7680
live,921,15496172289252,15496172433221,15496172491813,15496175523500,3.234248,0.058592,3.031687,7680
live,922,15496182289252,15496182391172,15496182437317,15496186440888,4.151636,0.046145,4.003571,7680
live,923,15496192289252,15496192432549,15496192526918,15496198939545,6.650293,0.094369,6.412627,7680
live,924,15496202289252,15496202430565,15496202498022,15496205531437,3.242185,0.067457,3.033415,7680
live,925,15496212289252,15496212402437,15496212477798,15496216371704,4.082452,0.075361,3.893906,7680
live,926,15496222289252,15496222415430,15496222474182,15496225441517,3.152265,0.058752,2.967335,7680
live,927,15496232289252,15496232414662,15496232469127,15496235281963,2.992711,0.054465,2.812836,7680
live,928,15496242289252,15496242412870,15496242479463,15496248393235,6.103983,0.066593,5.913772,7680
live,929,15496252289252,15496252422119,15496252748427,15496255967316,3.678064,0.326308,3.218889,7680
live,930,15496262289252,15496262405319,15496262480040,15496266308089,4.018837,0.074721,3.828049,7680
live,931,15496272289252,15496272429319,15496272504936,15496276324217,4.034965,0.075617,3.819281,7680
live,932,15496282289252,15496282425416,15496282500521,15496286179800,3.890548,0.075105,3.679279,7680
live,933,15496292289252,15496292407688,15496292471688,15496296074679,3.785427,0.064,3.602991,7680
live,934,15496302289252,15496302408488,15496302488201,15496309034173,6.744921,0.079713,6.545972,7680
live,935,15496312289252,15496312462793,15496312532394,15496315791892,3.50264,0.069601,3.259498,7680
live,936,15496322289252,15496322431113,15496322493066,15496326431836,4.142584,0.061953,3.93877,7680
live,937,15496332289252,15496332453481,15496332543275,15496336860706,4.571454,0.089794,4.317431,7680
live,938,15496342289252,15496342430761,15496342501450,15496345536657,3.247405,0.070689,3.035207,7680
live,939,15496352289252,15496352420458,15496352723053,15496358106386,5.817134,0.302595,5.383333,7680
live,940,15496362289252,15496362426474,15496362495307,15496366961508,4.672256,0.068833,4.466201,7680
live,941,15496372289252,15496372400650,15496372466155,15496376316828,4.027576,0.065505,3.850673,7680
live,942,15496382289252,15496382451243,15496382537356,15496386632832,4.34358,0.086113,4.095476,7680
live,943,15496392289252,15496392419787,15496392488940,15496395419601,3.130349,0.069153,2.930661,7680
live,944,15496402289252,15496402410283,15496402482732,15496406435038,4.145786,0.072449,3.952306,7680
live,945,15496412289252,15496412424107,15496412491820,15496415454930,3.165678,0.067713,2.96311,7680
live,946,15496422289252,15496422392203,15496422438316,15496425947385,3.658133,0.046113,3.509069,7680
live,947,15496432289252,15496432419724,15496432504365,15496438417433,6.128181,0.084641,5.913068,7680
live,948,15496442289252,15496442422828,15496442484173,15496445452563,3.163311,0.061345,2.96839,7680
live,949,15496452289252,15496452407500,15496452484301,15496456612226,4.322974,0.076801,4.127925,7680
live,950,15496462289252,15496462417709,15496462479885,15496465469876,3.180624,0.062176,2.989991,7680
live,951,15496472289252,15496472388429,15496472433133,15496476280094,3.990842,0.044704,3.846961,7680
live,952,15496482289252,15496482432141,15496482514446,15496486621699,4.332447,0.082305,4.107253,7680
live,953,15496492289252,15496492420622,15496492485870,15496495444052,3.1548,0.065248,2.958182,7680
live,954,15496502289252,15496502405934,15496502473455,15496506384513,4.095261,0.067521,3.911058,7680
live,955,15496512289252,15496512425422,15496512489967,15496515432661,3.143409,0.064545,2.942694,7680
live,956,15496522289252,15496522464431,15496522542640,15496525263475,2.974223,0.078209,2.720835,7680
live,957,15496532289252,15496532461423,15496532575153,15496537703314,5.414062,0.11373,5.128161,7680
live,958,15496542289252,15496542461296,15496542564657,15496547126443,4.837191,0.103361,4.561786,7680
live,959,15496552289252,15496552540369,15496552669138,15496560027697,7.738445,0.128769,7.358559,7680
live,960,15496562289252,15496562464688,15496562555601,15496568182297,5.893045,0.090913,5.626696,7680
live,961,15496572289252,15496572416912,15496572482961,15496576143968,3.854716,0.066049,3.661007,7680
live,962,15496582289252,15496582410672,15496582475601,15496586333314,4.044062,0.064929,3.857713,7680
live,963,15496592289252,15496592431217,15496592549426,15496597830230,5.540978,0.118209,5.280804,7680
live,964,15496602289252,15496602470609,15496602676372,15496607202734,4.913482,0.205763,4.526362,7680
live,965,15496612289252,15496612416081,15496612484018,15496616261890,3.972638,0.067937,3.777872,7680
live,966,15496622289252,15496622431345,15496622534067,15496627558003,5.268751,0.102722,5.023936,7680
live,967,15496632289252,15496632437522,15496632500851,15496635510201,3.220949,0.063329,3.00935,7680
live,968,15496642289252,15496642394098,15496642458066,15496646276803,3.987551,0.063968,3.818737,7680
live,969,15496652289252,15496652439954,15496652530900,15496658599297,6.310045,0.090946,6.068397,7680
live,970,15496662289252,15496662437651,15496662509972,15496666366277,4.077025,0.072321,3.856305,7680
live,971,15496672289252,15496672407731,15496672483028,15496676404198,4.114946,0.075297,3.92117,7680
live,972,15496682289252,15496682429779,15496682519380,15496686713418,4.424166,0.089601,4.194038,7680
live,973,15496692289252,15496692420211,15496692488052,15496695475610,3.186358,0.067841,2.987558,7680
live,974,15496702289252,15496702399091,15496702462420,15496707191281,4.902029,0.063329,4.728861,7680
live,975,15496712289252,15496712438804,15496712548630,15496717518197,5.228945,0.109826,4.969567,7680
live,976,15496722289252,15496722423892,15496722497237,15496726321094,4.031842,0.073345,3.823857,7680
live,977,15496732289252,15496732408276,15496732485333,15496736473416,4.184164,0.077057,3.988083,7680
live,978,15496742289252,15496742436437,15496742532310,15496747419157,5.129905,0.095873,4.886847,7680
live,979,15496752289252,15496752415733,15496752480086,15496756172709,3.883457,0.064353,3.692623,7680
live,980,15496762289252,15496762405045,15496762483414,15496769450095,7.160843,0.078369,6.966681,7680
live,981,15496772289252,15496772446262,15496772539479,15496776702125,4.412873,0.093217,4.162646,7680
live,982,15496782289252,15496782441622,15496782555064,15496786656236,4.366984,0.113442,4.101172,7680
live,983,15496792289252,15496792412662,15496792472791,15496797975837,5.686585,0.060129,5.503046,7680
live,984,15496802289252,15496802403414,15496802477847,15496809305135,7.015883,0.074433,6.827288,7680
live,985,15496812289252,15496812436247,15496812520056,15496817914205,5.624953,0.083809,5.394149,7680
live,986,15496822289252,15496822410103,15496822479544,15496826237384,3.948132,0.069441,3.75784,7680
live,987,15496832289252,15496832432055,15496832513080,15496838495717,6.206465,0.081025,5.982637,7680
live,988,15496842289252,15496842432280,15496842521657,15496846403307,4.114055,0.089377,3.88165,7680
live,989,15496852289252,15496852432664,15496852498777,15496856633358,4.344106,0.066113,4.134581,7680
live,990,15496862289252,15496862475929,15496862578170,15496866778512,4.48926,0.102241,4.200342,7680
live,991,15496872289252,15496872448665,15496872523162,15496876222249,3.932997,0.074497,3.699087,7680
live,992,15496882289252,15496882405625,15496882473369,15496886189737,3.900485,0.067744,3.716368,7680
live,993,15496892289252,15496892432313,15496892527994,15496897056917,4.767665,0.095681,4.528923,7680
live,994,15496902289252,15496902404025,15496902471354,15496906378572,4.08932,0.067329,3.907218,7680
live,995,15496912289252,15496912425850,15496912516923,15496917097846,4.808594,0.091073,4.580923,7680
live,996,15496922289252,15496922432570,15496922531163,15496927939265,5.650013,0.098593,5.408102,7680
live,997,15496932289252,15496932423194,15496932482203,15496936217355,3.928103,0.059009,3.735152,7680
live,998,15496942289252,15496942400954,15496942481851,15496947545212,5.25596,0.080897,5.063361,7680
live,999,15496952289252,15496952428187,15496952517436,15496957301657,5.012405,0.089249,4.784221,7680
live,1000,15496962289252,15496962428283,15496962497052,15496966860500,4.571248,0.068769,4.363448,7680
live,1001,15496972289252,15496972406395,15496972471132,15496977678783,5.389531,0.064737,5.207651,7680
live,1002,15496982289252,15496982435516,15496982525053,15496986873845,4.584593,0.089537,4.348792,7680
live,1003,15496992289252,15496992434524,15496992521469,15496997320731,5.031479,0.086945,4.799262,7680
live,1004,15497002289252,15497002406588,15497002471773,15497007812897,5.523645,0.065185,5.341124,7680
live,1005,15497012289252,15497012441469,15497012515102,15497016573362,4.28411,0.073633,4.05826,7680
live,1006,15497022289252,15497022403069,15497022472125,15497027581823,5.292571,0.069056,5.109698,7680
live,1007,15497032289252,15497032406141,15497032473790,15497038982673,6.693421,0.067649,6.508883,7680
live,1008,15497042289252,15497042424381,15497042502718,15497046467665,4.178413,0.078337,3.964947,7680
live,1009,15497052289252,15497052402877,15497052472574,15497056163662,3.87441,0.069697,3.691088,7680
live,1010,15497062289252,15497062432222,15497062639617,15497067967077,5.677825,0.207395,5.32746,7680
live,1011,15497072289252,15497072437214,15497072521759,15497077372958,5.083706,0.084545,4.851199,7680
live,1012,15497082289252,15497082406814,15497082476447,15497090164834,7.875582,0.069633,7.688387,7680
live,1013,15497092289252,15497092428607,15497092512000,15497096794039,4.504787,0.083393,4.282039,7680
live,1014,15497102289252,15497102397695,15497102449087,15497107330942,5.04169,0.051392,4.881855,7680
live,1015,15497112289252,15497112431455,15497112527393,15497118434828,6.145576,0.095938,5.907435,7680
live,1016,15497122289252,15497122425600,15497122496609,15497126330546,4.041294,0.071009,3.833937,7680
live,1017,15497132289252,15497132398048,15497132468000,15497136354226,4.064974,0.069952,3.886226,7680
live,1018,15497142289252,15497142429824,15497142512257,15497147828197,5.538945,0.082433,5.31594,7680
live,1019,15497152289252,15497152420928,15497152482305,15497156077391,3.788139,0.061377,3.595086,7680
live,1020,15497162289252,15497162392416,15497162450913,15497170726699,8.437447,0.058497,8.275786,7680
live,1021,15497172289252,15497172444577,15497172551843,15497176845658,4.556406,0.107266,4.293815,7680
live,1022,15497182289252,15497182429729,15497182510946,15497186141393,3.852141,0.081217,3.630447,7680
live,1023,15497192289252,15497192402145,15497192466786,15497196072528,3.783276,0.064641,3.605742,7680
live,1024,15497202289252,15497202434338,15497202517251,15497206266163,3.976911,0.082913,3.748912,7680
live,1025,15497212289252,15497212407362,15497212460995,15497215782477,3.493225,0.053633,3.321482,7680
live,1026,15497222289252,15497222400610,15497222460483,15497226111058,3.821806,0.059873,3.650575,7680
live,1027,15497232289252,15497232422915,15497232494020,15497236309461,4.020209,0.071105,3.815441,7680
live,1028,15497242289252,15497242422435,15497242482180,15497246162131,3.872879,0.059745,3.679951,7680
live,1029,15497252289252,15497252434275,15497252513124,15497257972874,5.683622,0.078849,5.45975,7680
live,1030,15497262289252,15497262430468,15497262510021,15497266604889,4.315637,0.079553,4.094868,7680
live,1031,15497272289252,15497272427684,15497272498117,15497275647533,3.358281,0.070433,3.149416,7680
live,1032,15497282289252,15497282410852,15497282490917,15497286817532,4.52828,0.080065,4.326615,7680
live,1033,15497292289252,15497292433797,15497292512006,15497296668283,4.379031,0.078209,4.156277,7680
live,1034,15497302289252,15497302434533,15497302510662,15497305699439,3.410187,0.076129,3.188777,7680
live,1035,15497312289252,15497312412901,15497312494854,15497317472902,5.18365,0.081953,4.978048,7680
live,1036,15497322289252,15497322413413,15497322489382,15497326924959,4.635707,0.075969,4.435577,7680
live,1037,15497332289252,15497332430278,15497332498118,15497335490957,3.201705,0.06784,2.992839,7680
live,1038,15497342289252,15497342406726,15497342490471,15497346473210,4.183958,0.083745,3.982739,7680
live,1039,15497352289252,15497352433382,15497352546920,15497359191677,6.902425,0.113538,6.644757,7680
live,1040,15497362289252,15497362435367,15497362524424,15497368530389,6.241137,0.089057,6.005965,7680
live,1041,15497372289252,15497372407398,15497372471559,15497375976468,3.687216,0.064161,3.504909,7680
live,1042,15497382289252,15497382405127,15497382466343,15497386299033,4.009781,0.061216,3.83269,7680
live,1043,15497392289252,15497392427495,15497392513320,15497398455157,6.165905,0.085825,5.941837,7680
live,1044,15497402289252,15497402430984,15497402509929,15497406369818,4.080566,0.078945,3.859889,7680
live,1045,15497412289252,15497412407176,15497412477960,15497416103767,3.814515,0.070784,3.625807,7680
live,1046,15497422289252,15497422421992,15497422497257,15497426407355,4.118103,0.075265,3.910098,7680
live,1047,15497432289252,15497432397384,15497432446953,15497437204838,4.915586,0.049569,4.757885,7680
live,1048,15497442289252,15497442432361,15497442518666,15497447725261,5.436009,0.086305,5.206595,7680
live,1049,15497452289252,15497452422793,15497452491178,15497455513745,3.224493,0.068385,3.022567,7680
live,1050,15497462289252,15497462400489,15497462476234,15497467491786,5.202534,0.075745,5.015552,7680
live,1051,15497472289252,15497472432298,15497472520427,15497479898953,7.609701,0.088129,7.378526,7680
live,1052,15497482289252,15497482422922,15497482493931,15497485581714,3.292462,0.071009,3.087783,7680
live,1053,15497492289252,15497492404074,15497492477675,15497496938340,4.649088,0.073601,4.460665,7680
live,1054,15497502289252,15497502434090,15497502517324,15497507876400,5.587148,0.083234,5.359076,7680
live,1055,15497512289252,15497512419083,15497512481643,15497516190747,3.901495,0.06256,3.709104,7680
live,1056,15497522289252,15497522403851,15497522469803,15497526472991,4.183739,0.065952,4.003188,7680
live,1057,15497532289252,15497532429003,15497532520044,15497536811619,4.522367,0.091041,4.291575,7680
live,1058,15497542289252,15497542419019,15497542490124,15497545499027,3.209775,0.071105,3.008903,7680
live,1059,15497552289252,15497552401387,15497552473708,15497556371518,4.082266,0.072321,3.89781,7680
live,1060,15497562289252,15497562417132,15497562484301,15497566947622,4.65837,0.067169,4.463321,7680
live,1061,15497572289252,15497572520974,15497572597967,15497575790711,3.501459,0.076993,3.192744,7680
live,1062,15497582289252,15497582408364,15497582479693,15497586521761,4.232509,0.071329,4.042068,7680
live,1063,15497592289252,15497592429773,15497592531726,15497597879699,5.590447,0.101953,5.347973,7680
live,1064,15497602289252,15497602401229,15497602462670,15497606511362,4.22211,0.061441,4.048692,7680
live,1065,15497612289252,15497612481902,15497612578415,15497620648471,8.359219,0.096513,8.070056,7680
live,1066,15497622289252,15497622459310,15497622549359,15497629013346,6.724094,0.090049,6.463987,7680
live,1067,15497632289252,15497632405678,15497632468879,15497636444034,4.154782,0.063201,3.975155,7680
live,1068,15497642289252,15497642406030,15497642466799,15497647249068,4.959816,0.060769,4.782269,7680
live,1069,15497652289252,15497652415790,15497652477359,15497655471446,3.182194,0.061569,2.994087,7680
live,1070,15497662289252,15497662394062,15497662457839,15497666550052,4.2608,0.063777,4.092213,7680
live,1071,15497672289252,15497672430031,15497672521424,15497679621931,7.332679,0.091393,7.100507,7680
live,1072,15497682289252,15497682434288,15497682506064,15497686319937,4.030685,0.071776,3.813873,7680
live,1073,15497692289252,15497692399727,15497692464080,15497696130047,3.840795,0.064353,3.665967,7680
live,1074,15497702289252,15497702437904,15497702537713,15497707367215,5.077963,0.099809,4.829502,7680
live,1075,15497712289252,15497712421680,15497712485425,15497715488696,3.199444,0.063745,3.003271,7680
live,1076,15497722289252,15497722392368,15497722452913,15497727531794,5.242542,0.060545,5.078881,7680
live,1077,15497732289252,15497732439153,15497732536722,15497737945432,5.65618,0.097569,5.40871,7680
live,1078,15497742289252,15497742426097,15497742503026,15497746223810,3.934558,0.076929,3.720784,7680
live,1079,15497752289252,15497752406513,15497752477778,15497756380260,4.091008,0.071265,3.902482,7680
live,1080,15497762289252,15497762414802,15497762484722,15497767854935,5.565683,0.06992,5.370213,7680
live,1081,15497772289252,15497772399154,15497772451154,15497777262544,4.973292,0.052,4.81139,7680
live,1082,15497782289252,15497782440562,15497782534452,15497787565588,5.276336,0.09389,5.031136,7680
live,1083,15497792289252,15497792424595,15497792494291,15497796071745,3.782493,0.069696,3.577454,7680
live,1084,15497802289252,15497802402515,15497802456019,15497806261476,3.972224,0.053504,3.805457,7680
live,1085,15497812289252,15497812431315,15497812503220,15497815642492,3.35324,0.071905,3.139272,7680
live,1086,15497822289252,15497822408947,15497822473684,15497825281336,2.992084,0.064737,2.807652,7680
live,1087,15497832289252,15497832412563,15497832502965,15497837109520,4.820268,0.090402,4.606555,7680
live,1088,15497842289252,15497842443860,15497842545109,15497846927502,4.63825,0.101249,4.382393,7680
live,1089,15497852289252,15497852430164,15497852513685,15497855619773,3.330521,0.083521,3.106088,7680
live,1090,15497862289252,15497862396436,15497862449269,15497866222789,3.933537,0.052833,3.77352,7680
live,1091,15497872289252,15497872421621,15497872501238,15497878438114,6.148862,0.079617,5.936876,7680
live,1092,15497882289252,15497882423989,15497882507990,15497885763040,3.473788,0.084001,3.25505,7680
live,1093,15497892289252,15497892403381,15497892471158,15497896903311,4.614059,0.067777,4.432153,7680
live,1094,15497902289252,15497902438390,15497902528599,15497906740781,4.451529,0.090209,4.212182,7680
live,1095,15497912289252,15497912411510,15497912471895,15497915400188,3.110936,0.060385,2.928293,7680
live,1096,15497922289252,15497922400406,15497922465047,15497926415593,4.126341,0.064641,3.950546,7680
live,1097,15497932289252,15497932434007,15497932526008,15497936694573,4.405321,0.092001,4.168565,7680
live,1098,15497942289252,15497942436759,15497942513912,15497946705166,4.415914,0.077153,4.191254,7680
live,1099,15497952289252,15497952415543,15497952480280,15497955406877,3.117625,0.064737,2.926597,7680
live,1100,15497962289252,15497962400439,15497962455896,15497967888541,5.599289,0.055457,5.432645,7680
live,1101,15497972289252,15497972418840,15497972480056,15497975462911,3.173659,0.061216,2.982855,7680
live,1102,15497982289252,15497982421432,15497982494873,15497985390334,3.101082,0.073441,2.895461,7680
live,1103,15497992289252,15497992403576,15497992468537,15497997510969,5.221717,0.064961,5.042432,7680
live,1104,15498002289252,15498002413688,15498002478777,15498005506240,3.216988,0.065089,3.027463,7680
live,1105,15498012289252,15498012404792,15498012472505,15498016347531,4.058279,0.067713,3.875026,7680
live,1106,15498022289252,15498022424441,15498022509146,15498026672943,4.383691,0.084705,4.163797,7680
live,1107,15498032289252,15498032536923,15498032625884,15498036049608,3.760356,0.088961,3.423724,7680
live,1108,15498042289252,15498042433146,15498042534843,15498048093506,5.804254,0.101697,5.558663,7680
live,1109,15498052289252,15498052456794,15498052605180,15498058018018,5.728766,0.148386,5.412838,7680
live,1110,15498062289252,15498062437274,15498062542876,15498067916033,5.626781,0.105602,5.373157,7680
live,1111,15498072289252,15498072428090,15498072494651,15498075574115,3.284863,0.066561,3.079464,7680
live,1112,15498082289252,15498082396762,15498082458523,15498087392154,5.102902,0.061761,4.933631,7680
live,1113,15498092289252,15498092441563,15498092542364,15498097205336,4.916084,0.100801,4.662972,7680
live,1114,15498102289252,15498102441755,15498102524444,15498107976642,5.68739,0.082689,5.452198,7680
live,1115,15498112289252,15498112429308,15498112504572,15498116594481,4.305229,0.075264,4.089909,7680
live,1116,15498122289252,15498122403323,15498122472156,15498127061911,4.772659,0.068833,4.589755,7680
live,1117,15498132289252,15498132426108,15498132494813,15498137493565,5.204313,0.068705,4.998752,7680
live,1118,15498142289252,15498142421084,15498142504157,15498146518993,4.229741,0.083073,4.014836,7680
live,1119,15498152289252,15498152444029,15498152561694,15498156782292,4.49304,0.117665,4.220598,7680
live,1120,15498162289252,15498162438493,15498162517726,15498167963172,5.67392,0.079233,5.445446,7680
live,1121,15498172289252,15498172419165,15498172486366,15498176130669,3.841417,0.067201,3.644303,7680
live,1122,15498182289252,15498182421597,15498182487966,15498185476741,3.187489,0.066369,2.988775,7680
live,1123,15498192289252,15498192423422,15498192495519,15498196211662,3.92241,0.072097,3.716143,7680
live,1124,15498202289252,15498202429630,15498202529471,15498206547155,4.257903,0.099841,4.017684,7680
live,1125,15498212289252,15498212417726,15498212480319,15498215413477,3.124225,0.062593,2.933158,7680
live,1126,15498222289252,15498222405566,15498222471871,15498226268560,3.979308,0.066305,3.796689,7680
live,1127,15498232289252,15498232424639,15498232504544,15498236740950,4.451698,0.079905,4.236406,7680
live,1128,15498242289252,15498242472544,15498242579073,15498246807703,4.518451,0.106529,4.22863,7680
live,1129,15498252289252,15498252421951,15498252481728,15498255433926,3.144674,0.059777,2.952198,7680
live,1130,15498262289252,15498262405791,15498262475168,15498266301553,4.012301,0.069377,3.826385,7680
live,1131,15498272289252,15498272416576,15498272475585,15498275349989,3.060737,0.059009,2.874404,7680
live,1132,15498282289252,15498282414624,15498282466305,15498285199844,2.910592,0.051681,2.733539,7680
live,1133,15498292289252,15498292426368,15498292501985,15498296811865,4.522613,0.075617,4.30988,7680
live,1134,15498302289252,15498302426177,15498302483745,15498305499016,3.209764,0.057568,3.015271,7680
live,1135,15498312289252,15498312419777,15498312496354,15498319186744,6.897492,0.076577,6.69039,7680
live,1136,15498322289252,15498322429345,15498322485890,15498325438632,3.14938,0.056545,2.952742,7680
live,1137,15498332289252,15498332415681,15498332468674,15498335464137,3.174885,0.052993,2.995463,7680
live,1138,15498342289252,15498342427138,15498342517315,15498347821031,5.531779,0.090177,5.303716,7680
live,1139,15498352289252,15498352445090,15498352524899,15498356872027,4.582775,0.079809,4.347128,7680
live,1140,15498362289252,15498362439299,15498362528740,15498368739283,6.450031,0.089441,6.210543,7680
live,1141,15498372289252,15498372442787,15498372539332,15498376964093,4.674841,0.096545,4.424761,7680
live,1142,15498382289252,15498382465795,15498382546757,15498385636524,3.347272,0.080962,3.089767,7680
live,1143,15498392289252,15498392421763,15498392476740,15498399085657,6.796405,0.054977,6.608917,7680
live,1144,15498402289252,15498402437892,15498402522821,15498407010302,4.72105,0.084929,4.487481,7680
live,1145,15498412289252,15498412434852,15498412528901,15498416787132,4.49788,0.094049,4.258231,7680
live,1146,15498422289252,15498422431748,15498422502437,15498425593325,3.304073,0.070689,3.090888,7680
live,1147,15498432289252,15498432393028,15498432439173,15498435835280,3.546028,0.046145,3.396107,7680
live,1148,15498442289252,15498442450565,15498442527302,15498447525094,5.235842,0.076737,4.997792,7680
live,1149,15498452289252,15498452419973,15498452479526,15498455451564,3.162312,0.059553,2.972038,7680
live,1150,15498462289252,15498462407941,15498462491686,15498467481350,5.192098,0.083745,4.989664,7680
live,1151,15498472289252,15498472431878,15498472513927,15498477541799,5.252547,0.082049,5.027872,7680
live,1152,15498482289252,15498482426886,15498482509991,15498486451129,4.161877,0.083105,3.941138,7680
live,1153,15498492289252,15498492438950,15498492500199,15498495617039,3.327787,0.061249,3.11684,7680
live,1154,15498502289252,15498502409350,15498502477415,15498506336600,4.047348,0.068065,3.859185,7680
live,1155,15498512289252,15498512418822,15498512476935,15498515414477,3.125225,0.058113,2.937542,7680
live,1156,15498522289252,15498522391750,15498522443047,15498525641168,3.351916,0.051297,3.198121,7680
live,1157,15498532289252,15498532402951,15498532471112,15498536654717,4.365465,0.068161,4.183605,7680
live,1158,15498542289252,15498542435656,15498542495912,15498545666513,3.377261,0.060256,3.170601,7680
live,1159,15498552289252,15498552410759,15498552484200,15498556498204,4.208952,0.073441,4.014004,7680
live,1160,15498562289252,15498562434408,15498562510313,15498570463151,8.173899,0.075905,7.952838,7680
live,1161,15498572289252,15498572422696,15498572491625,15498575451439,3.162187,0.068929,2.959814,7680
live,1162,15498582289252,15498582419304,15498582476649,15498585329422,3.04017,0.057345,2.852773,7680
live,1163,15498592289252,15498592558571,15498592686956,15498598789434,6.500182,0.128385,6.102478,7680
live,1164,15498602289252,15498602445321,15498602519562,15498605561777,3.272525,0.074241,3.042215,7680
live,1165,15498612289252,15498612425353,15498612503850,15498617437514,5.148262,0.078497,4.933664,7680
live,1166,15498622289252,15498622457866,15498622540747,15498626780097,4.490845,0.082881,4.23935,7680
live,1167,15498632289252,15498632441354,15498632510347,15498635536818,3.247566,0.068993,3.026471,7680
live,1168,15498642289252,15498642422538,15498642479755,15498645990808,3.701556,0.057217,3.511053,7680
live,1169,15498652289252,15498652420778,15498652513452,15498657558828,5.269576,0.092674,5.045376,7680
live,1170,15498662289252,15498662439179,15498662504012,15498665697973,3.408721,0.064833,3.193961,7680
live,1171,15498672289252,15498672411595,15498672485004,15498676274716,3.985464,0.073409,3.789712,7680
live,1172,15498682289252,15498682445612,15498682531885,15498686691074,4.401822,0.086273,4.159189,7680
live,1173,15498692289252,15498692445484,15498692511821,15498696660578,4.371326,0.066337,4.148757,7680
live,1174,15498702289252,15498702414252,15498702490989,15498706427807,4.138555,0.076737,3.936818,7680
live,1175,15498712289252,15498712433804,15498712492301,15498715409810,3.120558,0.058497,2.917509,7680
live,1176,15498722289252,15498722392076,15498722436621,15498725105039,2.815787,0.044545,2.668418,7680
live,1177,15498732289252,15498732408748,15498732463501,15498737065544,4.776292,0.054753,4.602043,7680
live,1178,15498742289252,15498742453229,15498742568751,15498748816287,6.527035,0.115522,6.247536,7680
live,1179,15498752289252,15498752438221,15498752510542,15498755564502,3.27525,0.072321,3.05396,7680
live,1180,15498762289252,15498762414765,15498762489102,15498769217541,6.928289,0.074337,6.728439,7680
live,1181,15498772289252,15498772454766,15498772535471,15498778309465,6.020213,0.080705,5.773994,7680
live,1182,15498782289252,15498782429838,15498782493295,15498785422997,3.133745,0.063457,2.929702,7680
live,1183,15498792289252,15498792410862,15498792517328,15498798429691,6.140439,0.106466,5.912363,7680
live,1184,15498802289252,15498802454799,15498802549552,15498806021757,3.732505,0.094753,3.472205,7680
live,1185,15498812289252,15498812421871,15498812474544,15498815401269,3.112017,0.052673,2.926725,7680
live,1186,15498822289252,15498822419439,15498822488400,15498826629893,4.340641,0.068961,4.141493,7680
live,1187,15498832289252,15498832461264,15498832545073,15498838405212,6.11596,0.083809,5.860139,7680
live,1188,15498842289252,15498842428496,15498842484624,15498845432502,3.14325,0.056128,2.947878,7680
live,1189,15498852289252,15498852411504,15498852493969,15498857549010,5.259758,0.082465,5.055041,7680
live,1190,15498862289252,15498862446481,15498862557106,15498866631270,4.342018,0.110625,4.074164,7680
live,1191,15498872289252,15498872424497,15498872483441,15498875411639,3.122387,0.058944,2.928198,7680
live,1192,15498882289252,15498882414609,15498882491794,15498886397828,4.108576,0.077185,3.906034,7680
live,1193,15498892289252,15498892436945,15498892514482,15498896694408,4.405156,0.077537,4.179926,7680
live,1194,15498902289252,15498902424849,15498902488530,15498905757660,3.468408,0.063681,3.26913,7680
live,1195,15498912289252,15498912417170,15498912486898,15498917028365,4.739113,0.069728,4.541467,7680
live,1196,15498922289252,15498922413490,15498922489331,15498926676457,4.387205,0.075841,4.187126,7680
live,1197,15498932289252,15498932420818,15498932482067,15498935473241,3.183989,0.061249,2.991174,7680
live,1198,15498942289252,15498942408082,15498942474003,15498946137218,3.847966,0.065921,3.663215,7680
live,1199,15498952289252,15498952438419,15498952528628,15498958396639,6.107387,0.090209,5.868011,7680
live,1200,15498962289252,15498962434739,15498962506676,15498967835608,5.546356,0.071937,5.328932,7680
live,1201,15498972289252,15498972508148,15498972610230,15498976880492,4.59124,0.102082,4.270262,7680
live,1202,15498982289252,15498982454484,15498982532405,15498987311282,5.02203,0.077921,4.778877,7680
live,1203,15498992289252,15498992433492,15498992505493,15498996392615,4.103363,0.072001,3.887122,7680
live,1204,15499002289252,15499002444532,15499002605078,15499007332691,5.043439,0.160546,4.727613,7680
live,1205,15499012289252,15499012444053,15499012516534,15499016049283,3.760031,0.072481,3.532749,7680
live,1206,15499022289252,15499022413205,15499022482965,15499026367399,4.078147,0.06976,3.884434,7680
live,1207,15499032289252,15499032416853,15499032474070,15499035389115,3.099863,0.057217,2.915045,7680
live,1208,15499042289252,15499042411445,15499042482006,15499046374568,4.085316,0.070561,3.892562,7680
live,1209,15499052289252,15499052428086,15499052496918,15499055624863,3.335611,0.068832,3.127945,7680
live,1210,15499062289252,15499062397589,15499062446294,15499066404489,4.115237,0.048705,3.958195,7680
live,1211,15499072289252,15499072429686,15499072514775,15499076665228,4.375976,0.085089,4.150453,7680
live,1212,15499082289252,15499082430678,15499082492823,15499085440669,3.151417,0.062145,2.947846,7680
live,1213,15499092289252,15499092409366,15499092489303,15499097766619,5.477367,0.079937,5.277316,7680
live,1214,15499102289252,15499102513496,15499102743643,15499108832841,6.543589,0.230147,6.089198,7680
live,1215,15499112289252,15499112444951,15499112521080,15499116785711,4.496459,0.076129,4.264631,7680
live,1216,15499122289252,15499122435224,15499122513177,15499126600237,4.310985,0.077953,4.08706,7680
live,1217,15499132289252,15499132425336,15499132487769,15499135400062,3.11081,0.062433,2.912293,7680
live,1218,15499142289252,15499142449240,15499142527001,15499146445260,4.156008,0.077761,3.918259,7680
live,1219,15499152289252,15499152452601,15499152515865,15499156036775,3.747523,0.063264,3.52091,7680
live,1220,15499162289252,15499162418744,15499162497785,15499167837822,5.54857,0.079041,5.340037,7680
live,1221,15499172289252,15499172439033,15499172507834,15499176437356,4.148104,0.068801,3.929522,7680
live,1222,15499182289252,15499182432377,15499182498106,15499186087688,3.798436,0.065729,3.589582,7680
live,1223,15499192289252,15499192411193,15499192479706,15499196155209,3.865957,0.068513,3.675503,7680
live,1224,15499202289252,15499202433978,15499202536635,15499205575906,3.286654,0.102657,3.039271,7680
live,1225,15499212289252,15499212424282,15499212490683,15499215657635,3.368383,0.066401,3.166952,7680
live,1226,15499222289252,15499222416922,15499222493243,15499226523631,4.234379,0.076321,4.030388,7680
live,1227,15499232289252,15499232448347,15499232537916,15499236756370,4.467118,0.089569,4.218454,7680
live,1228,15499242289252,15499242436667,15499242506460,15499245887655,3.598403,0.069793,3.381195,7680
live,1229,15499252289252,15499252418427,15499252495356,15499256682610,4.393358,0.076929,4.187254,7680
live,1230,15499262289252,15499262448700,15499262535165,15499266916053,4.626801,0.086465,4.380888,7680
live,1231,15499272289252,15499272427836,15499272486140,15499275400994,3.111742,0.058304,2.914854,7680
live,1232,15499282289252,15499282407644,15499282468380,15499286322702,4.03345,0.060736,3.854322,7680
live,1233,15499292289252,15499292444540,15499292525565,15499295597317,3.308065,0.081025,3.071752,7680
live,1234,15499302289252,15499302395004,15499302439133,15499305752103,3.462851,0.044129,3.31297,7680
live,1235,15499312289252,15499312442749,15499312521662,15499318855151,6.565899,0.078913,6.333489,7680
live,1236,15499322289252,15499322427133,15499322480830,15499325455876,3.166624,0.053697,2.975046,7680
live,1237,15499332289252,15499332391037,15499332438941,15499335975979,3.686727,0.047904,3.537038,7680
live,1238,15499342289252,15499342439006,15499342523999,15499347468510,5.179258,0.084993,4.944511,7680
live,1239,15499352289252,15499352420254,15499352471614,15499355384804,3.095552,0.05136,2.91319,7680
live,1240,15499362289252,15499362412830,15499362485087,15499369065651,6.776399,0.072257,6.580564,7680
live,1241,15499372289252,15499372450847,15499372536928,15499376824631,4.535379,0.086081,4.287703,7680
live,1242,15499382289252,15499382443551,15499382509120,15499386219791,3.930539,0.065569,3.710671,7680
live,1243,15499392289252,15499392412031,15499392465887,15499395928844,3.639592,0.053856,3.462957,7680
live,1244,15499402289252,15499402460896,15499402541217,15499406532500,4.243248,0.080321,3.991283,7680
live,1245,15499412289252,15499412426591,15499412495008,15499415659849,3.370597,0.068417,3.164841,7680
live,1246,15499422289252,15499422415967,15499422483776,15499426386258,4.097006,0.067809,3.902482,7680
live,1247,15499432289252,15499432442016,15499432525505,15499435787563,3.498311,0.083489,3.262058,7680
live,1248,15499442289252,15499442418688,15499442478337,15499445450471,3.161219,0.059649,2.972134,7680
live,1249,15499452289252,15499452410880,15499452472129,15499456488341,4.199089,0.061249,4.016212,7680
live,1250,15499462289252,15499462420193,15499462481409,15499465721675,3.432423,0.061216,3.240266,7680
live,1251,15499472289252,15499472419265,15499472480898,15499475431176,3.141924,0.061633,2.950278,7680
live,1252,15499482289252,15499482415681,15499482498498,15499486882202,4.59295,0.082817,4.383704,7680
live,1253,15499492289252,15499492435714,15499492494850,15499495474569,3.185317,0.059136,2.979719,7680
live,1254,15499502289252,15499502422658,15499502503107,15499507729670,5.440418,0.080449,5.226563,7680
live,1255,15499512289252,15499512492451,15499512621829,15499517361889,5.072637,0.129378,4.74006,7680
live,1256,15499522289252,15499522456867,15499522533732,15499525710636,3.421384,0.076865,3.176904,7680
live,1257,15499532289252,15499532428003,15499532488227,15499535783726,3.494474,0.060224,3.295499,7680
live,1258,15499542289252,15499542444163,15499542536836,15499546714842,4.42559,0.092673,4.178006,7680
live,1259,15499552289252,15499552433379,15499552489636,15499555446730,3.157478,0.056257,2.957094,7680
live,1260,15499562289252,15499562414659,15499562489924,15499569166650,6.877398,0.075265,6.676726,7680
live,1261,15499572289252,15499572440452,15499572527237,15499577016063,4.726811,0.086785,4.488826,7680
live,1262,15499582289252,15499582431844,15499582515461,15499586052339,3.763087,0.083617,3.536878,7680
live,1263,15499592289252,15499592411780,15499592480101,15499597635591,5.346339,0.068321,5.15549,7680
live,1264,15499602289252,15499602445669,15499602530118,15499606506137,4.216885,0.084449,3.976019,7680
live,1265,15499612289252,15499612425989,15499612687048,15499617068576,4.779324,0.261059,4.381528,7680
live,1266,15499622289252,15499622410117,15499622479302,15499626411320,4.122068,0.069185,3.932018,7680
live,1267,15499632289252,15499632431621,15499632497702,15499635436972,3.14772,0.066081,2.93927,7680
live,1268,15499642289252,15499642393989,15499642453958,15499646259895,3.970643,0.059969,3.805937,7680
live,1269,15499652289252,15499652427334,15499652508615,15499656661724,4.372472,0.081281,4.153109,7680
live,1270,15499662289252,15499662438054,15499662522919,15499668930714,6.641462,0.084865,6.407795,7680
live,1271,15499672289252,15499672426822,15499672497767,15499675477710,3.188458,0.070945,2.979943,7680
live,1272,15499682289252,15499682397446,15499682450855,15499686272856,3.983604,0.053409,3.822001,7680
live,1273,15499692289252,15499692428199,15499692512744,15499699264671,6.975419,0.084545,6.751927,7680
live,1274,15499702289252,15499702421383,15499702495112,15499705633520,3.344268,0.073729,3.138408,7680
live,1275,15499712289252,15499712407271,15499712474664,15499717160004,4.870752,0.067393,4.68534,7680
live,1276,15499722289252,15499722437640,15499722545129,15499726856609,4.567357,0.107489,4.31148,7680
live,1277,15499732289252,15499732486921,15499732601354,15499737166341,4.877089,0.114433,4.564987,7680
live,1278,15499742289252,15499742457513,15499742527754,15499745600497,3.311245,0.070241,3.072743,7680
live,1279,15499752289252,15499752426985,15499752505706,15499756548318,4.259066,0.078721,4.042612,7680
live,1280,15499762289252,15499762491562,15499762610475,15499770779860,8.490608,0.118913,8.169385,7680
live,1281,15499772289252,15499772489898,15499772839598,15499778137330,5.848078,0.3497,5.297732,7680
live,1282,15499782289252,15499782438698,15499782735085,15499786473757,4.184505,0.296387,3.738672,7680
live,1283,15499792289252,15499792478154,15499792852399,15499798088786,5.799534,0.374245,5.236387,7680
live,1284,15499802289252,15499802468235,15499802829839,15499806739361,4.450109,0.361604,3.909522,7680
live,1285,15499812289252,15499812409738,15499812702222,15499816431102,4.14185,0.292484,3.72888,7680
live,1286,15499822289252,15499822437451,15499822812496,15499827131431,4.842179,0.375045,4.318935,7680
live,1287,15499832289252,15499832456363,15499832810032,15499836996453,4.707201,0.353669,4.186421,7680
live,1288,15499842289252,15499842411371,15499842695599,15499846447359,4.158107,0.284228,3.75176,7680
live,1289,15499852289252,15499852415467,15499852475820,15499855454962,3.16571,0.060353,2.979142,7680
live,1290,15499862289252,15499862396363,15499862447020,15499865973209,3.683957,0.050657,3.526189,7680
live,1291,15499872289252,15499872438924,15499872531373,15499876655586,4.366334,0.092449,4.124213,7680
live,1292,15499882289252,15499882426124,15499882494669,15499885551444,3.262192,0.068545,3.056775,7680
live,1293,15499892289252,15499892417292,15499892719568,15499896689411,4.400159,0.302276,3.969843,7680
live,1294,15499902289252,15499902509870,15499902595631,15499906710500,4.421248,0.085761,4.114869,7680
live,1295,15499912289252,15499912477262,15499912808978,15499915983771,3.694519,0.331716,3.174793,7680
live,1296,15499922289252,15499922413549,15499922495150,15499927571855,5.282603,0.081601,5.076705,7680
live,1297,15499932289252,15499932436878,15499932517295,15499938368634,6.079382,0.080417,5.851339,7680
live,1298,15499942289252,15499942419182,15499942481871,15499945392212,3.10296,0.062689,2.910341,7680
live,1299,15499952289252,15499952401230,15499952469167,15499956278368,3.989116,0.067937,3.809201,7680
live,1300,15499962289252,15499962418734,15499962482607,15499966843911,4.554659,0.063873,4.361304,7680
live,1301,15499972289252,15499972406638,15499972478671,15499976397282,4.10803,0.072033,3.918611,7680
live,1302,15499982289252,15499982411503,15499982482896,15499986834183,4.544931,0.071393,4.351287,7680
live,1303,15499992289252,15499992438863,15499992515376,15499995557815,3.268563,0.076513,3.042439,7680
live,1304,15500002289252,15500002420335,15500002484048,15500005276020,2.986768,0.063713,2.791972,7680
live,1305,15500012289252,15500012403983,15500012471920,15500017565234,5.275982,0.067937,5.093314,7680
live,1306,15500022289252,15500022492497,15500022585714,15500026036606,3.747354,0.093217,3.450892,7680
live,1307,15500032289252,15500032454417,15500032527538,15500035744187,3.454935,0.073121,3.216649,7680
live,1308,15500042289252,15500042445681,15500042534130,15500046972139,4.682887,0.088449,4.438009,7680
live,1309,15500052289252,15500052424977,15500052481617,15500055376343,3.087091,0.05664,2.894726,7680
live,1310,15500062289252,15500062395889,15500062456753,15500066442373,4.153121,0.060864,3.98562,7680
live,1311,15500072289252,15500072427313,15500072508210,15500077679637,5.390385,0.080897,5.171427,7680
live,1312,15500082289252,15500082429042,15500082506931,15500085499001,3.209749,0.077889,2.99207,7680
live,1313,15500092289252,15500092403890,15500092462034,15500096213378,3.924126,0.058144,3.751344,7680
live,1314,15500102289252,15500102428114,15500102519315,15500107691766,5.402514,0.091201,5.172451,7680
live,1315,15500112289252,15500112415570,15500112479443,15500115409273,3.120021,0.063873,2.92983,7680
live,1316,15500122289252,15500122404114,15500122464755,15500128090427,5.801175,0.060641,5.625672,7680
live,1317,15500132289252,15500132436211,15500132532724,15500136769739,4.480487,0.096513,4.237015,7680
live,1318,15500142289252,15500142435891,15500142518708,15500146675178,4.385926,0.082817,4.15647,7680
live,1319,15500152289252,15500152422707,15500152484180,15500155420826,3.131574,0.061473,2.936646,7680
live,1320,15500162289252,15500162405011,15500162474356,15500169009544,6.720292,0.069345,6.535188,7680
live,1321,15500172289252,15500172440788,15500172529813,15500178620739,6.331487,0.089025,6.090926,7680
live,1322,15500182289252,15500182430836,15500182509429,15500186365895,4.076643,0.078593,3.856466,7680
live,1323,15500192289252,15500192402580,15500192461301,15500196024643,3.735391,0.058721,3.563342,7680
live,1324,15500202289252,15500202429621,15500202514422,15500206273990,3.984738,0.084801,3.759568,7680
live,1325,15500212289252,15500212421525,15500212494934,15500215941058,3.651806,0.073409,3.446124,7680
live,1326,15500222289252,15500222402357,15500222464214,15500226273159,3.983907,0.061857,3.808945,7680
live,1327,15500232289252,15500232428598,15500232492822,15500235627423,3.338171,0.064224,3.134601,7680
live,1328,15500242289252,15500242422774,15500242728666,15500247890652,5.6014,0.305892,5.161986,7680
live,1329,15500252289252,15500252413846,15500252488823,15500258415459,6.126207,0.074977,5.926636,7680
live,1330,15500262289252,15500262429654,15500262504151,15500266200519,3.911267,0.074497,3.696368,7680
live,1331,15500272289252,15500272400630,15500272466551,15500275976516,3.687264,0.065921,3.509965,7680
live,1332,15500282289252,15500282427991,15500282522840,15500286877712,4.58846,0.094849,4.354872,7680
live,1333,15500292289252,15500292425623,15500292498264,15500295491423,3.202171,0.072641,2.993159,7680
live,1334,15500302289252,15500302409367,15500302475032,15500306414091,4.124839,0.065665,3.939059,7680
live,1335,15500312289252,15500312439704,15500312522265,15500316728079,4.438827,0.082561,4.205814,7680
live,1336,15500322289252,15500322457496,15500322545050,15500326921234,4.631982,0.087554,4.376184,7680
live,1337,15500332289252,15500332430936,15500332505337,15500335556608,3.267356,0.074401,3.051271,7680
live,1338,15500342289252,15500342413848,15500342473177,15500347407704,5.118452,0.059329,4.934527,7680
live,1339,15500352289252,15500352441849,15500352532666,15500356820273,4.531021,0.090817,4.287607,7680
live,1340,15500362289252,15500362446137,15500362772606,15500367313080,5.023828,0.326469,4.540474,7680
live,1341,15500372289252,15500372412985,15500372700669,15500376737841,4.448589,0.287684,4.037172,7680
live,1342,15500382289252,15500382436666,15500382539035,15500388230020,5.940768,0.102369,5.690985,7680
live,1343,15500392289252,15500392492667,15500392591580,15500396313740,4.024488,0.098913,3.72216,7680
live,1344,15500402289252,15500402430234,15500402716862,15500407287289,4.998037,0.286628,4.570427,7680
live,1345,15500412289252,15500412424954,15500412493723,15500416621840,4.332588,0.068769,4.128117,7680
live,1346,15500422289252,15500422403066,15500422470779,15500426424494,4.135242,0.067713,3.953715,7680
live,1347,15500432289252,15500432449851,15500432528604,15500436765811,4.476559,0.078753,4.237207,7680
live,1348,15500442289252,15500442458876,15500442803072,15500446028105,3.738853,0.344196,3.225033,7680
live,1349,15500452289252,15500452407067,15500452478972,15500456403727,4.114475,0.071905,3.924755,7680
live,1350,15500462289252,15500462440252,15500462518973,15500466651538,4.362286,0.078721,4.132565,7680
live,1351,15500472289252,15500472418268,15500472479677,15500475492835,3.203583,0.061409,3.013158,7680
live,1352,15500482289252,15500482525022,15500482817761,15500487303131,5.013879,0.292739,4.48537,7680
live,1353,15500492289252,15500492442237,15500492534750,15500496588498,4.299246,0.092513,4.053748,7680
live,1354,15500502289252,15500502423485,15500502499550,15500505517061,3.227809,0.076065,3.017511,7680
live,1355,15500512289252,15500512402077,15500512464670,15500516184621,3.895369,0.062593,3.719951,7680
live,1356,15500522289252,15500522406109,15500522474814,15500526417393,4.128141,0.068705,3.942579,7680
live,1357,15500532289252,15500532449502,15500532520863,15500536340592,4.05134,0.071361,3.819729,7680
live,1358,15500542289252,15500542425438,15500542493279,15500546123277,3.834025,0.067841,3.629998,7680
live,1359,15500552289252,15500552475679,15500552581696,15500556665525,4.376273,0.106017,4.083829,7680
live,1360,15500562289252,15500562443551,15500562523744,15500568054311,5.765059,0.080193,5.530567,7680
live,1361,15500572289252,15500572424383,15500572489440,15500576054669,3.765417,0.065057,3.565229,7680
live,1362,15500582289252,15500582441375,15500582517024,15500587270109,4.980857,0.075649,4.753085,7680
live,1363,15500592289252,15500592433535,15500592521024,15500596088686,3.799434,0.087489,3.567662,7680
live,1364,15500602289252,15500602407391,15500602474368,15500606344594,4.055342,0.066977,3.870226,7680
live,1365,15500612289252,15500612448672,15500612541665,15500618500110,6.210858,0.092993,5.958445,7680
live,1366,15500622289252,15500622422784,15500622477889,15500625460935,3.171683,0.055105,2.983046,7680
live,1367,15500632289252,15500632418016,15500632502593,15500637778917,5.489665,0.084577,5.276324,7680
live,1368,15500642289252,15500642445089,15500642537634,15500646914682,4.62543,0.092545,4.377048,7680
live,1369,15500652289252,15500652422465,15500652490114,15500655452648,3.163396,0.067649,2.962534,7680
live,1370,15500662289252,15500662440225,15500662506690,15500666386964,4.097712,0.066465,3.880274,7680
live,1371,15500672289252,15500672446754,15500672532291,15500676717016,4.427764,0.085537,4.184725,7680
live,1372,15500682289252,15500682448450,15500682538051,15500688385838,6.096586,0.089601,5.847787,7680
live,1373,15500692289252,15500692427266,15500692499907,15500695537642,3.24839,0.072641,3.037735,7680
live,1374,15500702289252,15500702407106,15500702482019,15500707437571,5.148319,0.074913,4.955552,7680
live,1375,15500712289252,15500712431939,15500712514468,15500718291566,6.002314,0.082529,5.777098,7680
live,1376,15500722289252,15500722416355,15500722489284,15500725455146,3.165894,0.072929,2.965862,7680
live,1377,15500732289252,15500732410787,15500732486116,15500736497847,4.208595,0.075329,4.011731,7680
live,1378,15500742289252,15500742459780,15500742557861,15500746710778,4.421526,0.098081,4.152917,7680
live,1379,15500752289252,15500752427812,15500752496196,15500755463307,3.174055,0.068384,2.967111,7680
live,1380,15500762289252,15500762403812,15500762475364,15500767861322,5.57207,0.071552,5.385958,7680
live,1381,15500772289252,15500772455460,15500772560998,15500775841872,3.55262,0.105538,3.280874,7680
live,1382,15500782289252,15500782431108,15500782517702,15500785561453,3.272201,0.086594,3.043751,7680
live,1383,15500792289252,15500792426245,15500792499206,15500795496460,3.207208,0.072961,2.997254,7680
live,1384,15500802289252,15500802423077,15500802496230,15500806743356,4.454104,0.073153,4.247126,7680
live,1385,15500812289252,15500812484006,15500812600327,15500817989741,5.700489,0.116321,5.389414,7680
live,1386,15500822289252,15500822470150,15500822780618,15500827373957,5.084705,0.310468,4.593339,7680
live,1387,15500832289252,15500832428710,15500832496967,15500835430188,3.140936,0.068257,2.933221,7680
live,1388,15500842289252,15500842415302,15500842496935,15500846924800,4.635548,0.081633,4.427865,7680
live,1389,15500852289252,15500852427462,15500852484807,15500855417453,3.128201,0.057345,2.932646,7680
live,1390,15500862289252,15500862446919,15500862532904,15500866402554,4.113302,0.085985,3.86965,7680
live,1391,15500872289252,15500872456231,15500872545896,15500876720574,4.431322,0.089665,4.174678,7680
live,1392,15500882289252,15500882425383,15500882488072,15500885429774,3.140522,0.062689,2.941702,7680
live,1393,15500892289252,15500892410151,15500892492552,15500896875712,4.58646,0.082401,4.38316,7680
live,1394,15500902289252,15500902432968,15500902521481,15500906572093,4.282841,0.088513,4.050612,7680
live,1395,15500912289252,15500912419784,15500912478217,15500915394574,3.105322,0.058433,2.916357,7680
live,1396,15500922289252,15500922395816,15500922457993,15500926221177,3.931925,0.062177,3.763184,7680
live,1397,15500932289252,15500932426120,15500932518346,15500936672191,4.382939,0.092226,4.153845,7680
live,1398,15500942289252,15500942431625,15500942500330,15500945586609,3.297357,0.068705,3.086279,7680
live,1399,15500952289252,15500952421801,15500952499914,15500957538123,5.248871,0.078113,5.038209,7680
live,1400,15500962289252,15500962432713,15500962526699,15500968325493,6.036241,0.093986,5.798794,7680
live,1401,15500972289252,15500972431210,15500972507563,15500976172378,3.883126,0.076353,3.664815,7680
live,1402,15500982289252,15500982396905,15500982457546,15500985958391,3.669139,0.060641,3.500845,7680
live,1403,15500992289252,15500992422026,15500992507275,15500998418871,6.129619,0.085249,5.911596,7680
live,1404,15501002289252,15501002426890,15501002503499,15501005486930,3.197678,0.076609,2.983431,7680
live,1405,15501012289252,15501012405066,15501012480651,15501017317897,5.028645,0.075585,4.837246,7680
live,1406,15501022289252,15501022427595,15501022518604,15501026745154,4.455902,0.091009,4.22655,7680
live,1407,15501032289252,15501032435147,15501032547789,15501035838999,3.549747,0.112642,3.29121,7680
live,1408,15501042289252,15501042594541,15501042684207,15501046051930,3.762678,0.089666,3.367723,7680
live,1409,15501052289252,15501052421900,15501052503725,15501056711715,4.422463,0.081825,4.20799,7680
live,1410,15501062289252,15501062453356,15501062585006,15501066962534,4.673282,0.13165,4.377528,7680
live,1411,15501072289252,15501072455757,15501072735344,15501076998983,4.709731,0.279587,4.263639,7680
live,1412,15501082289252,15501082394732,15501082443693,15501086289598,4.000346,0.048961,3.845905,7680
live,1413,15501092289252,15501092438605,15501092527822,15501098126518,5.837266,0.089217,5.598696,7680
live,1414,15501102289252,15501102435757,15501102514414,15501106321119,4.031867,0.078657,3.806705,7680
live,1415,15501112289252,15501112409261,15501112479982,15501116467297,4.178045,0.070721,3.987315,7680
live,1416,15501122289252,15501122430958,15501122539951,15501127396525,5.107273,0.108993,4.856574,7680
live,1417,15501132289252,15501132425966,15501132487502,15501135471317,3.182065,0.061536,2.983815,7680
live,1418,15501142289252,15501142407214,15501142484911,15501147606800,5.317548,0.077697,5.121889,7680
live,1419,15501152289252,15501152430446,15501152497903,15501156322336,4.033084,0.067457,3.824433,7680
live,1420,15501162289252,15501162400622,15501162464079,15501168063831,5.774579,0.063457,5.599752,7680
live,1421,15501172289252,15501172436047,15501172535472,15501179400136,7.110884,0.099425,6.864664,7680
live,1422,15501182289252,15501182430959,15501182509968,15501186202687,3.913435,0.079009,3.692719,7680
live,1423,15501192289252,15501192402479,15501192464400,15501196067710,3.778458,0.061921,3.60331,7680
live,1424,15501202289252,15501202405167,15501202481296,15501207447760,5.158508,0.076129,4.966464,7680
live,1425,15501212289252,15501212435888,15501212510033,15501217044139,4.754887,0.074145,4.534106,7680
live,1426,15501222289252,15501222396432,15501222458480,15501226182688,3.893436,0.062048,3.724208,7680
live,1427,15501232289252,15501232400112,15501232467889,15501236164032,3.87478,0.067777,3.696143,7680
live,1428,15501242289252,15501242423441,15501242493201,15501245520856,3.231604,0.06976,3.027655,7680
live,1429,15501252289252,15501252403729,15501252474417,15501256209569,3.920317,0.070688,3.735152,7680
live,1430,15501262289252,15501262451825,15501262544115,15501267558035,5.268783,0.09229,5.01392,7680
live,1431,15501272289252,15501272427697,15501272497234,15501275621082,3.33183,0.069537,3.123848,7680
live,1432,15501282289252,15501282395345,15501282446770,15501286247651,3.958399,0.051425,3.800881,7680
live,1433,15501292289252,15501292405906,15501292479603,15501296235587,3.946335,0.073697,3.755984,7680
live,1434,15501302289252,15501302450227,15501302539988,15501307782007,5.492755,0.089761,5.242019,7680
live,1435,15501312289252,15501312405938,15501312468947,15501316132738,3.843486,0.063009,3.663791,7680
live,1436,15501322289252,15501322426803,15501322529524,15501327074414,4.785162,0.102721,4.54489,7680
live,1437,15501332289252,15501332443539,15501332532148,15501335599356,3.310104,0.088609,3.067208,7680
live,1438,15501342289252,15501342416467,15501342494516,15501346506984,4.217732,0.078049,4.012468,7680
live,1439,15501352289252,15501352446228,15501352538293,15501356714059,4.424807,0.092065,4.175766,7680
live,1440,15501362289252,15501362440212,15501362514453,15501367794393,5.505141,0.074241,5.27994,7680
live,1441,15501372289252,15501372411860,15501372472117,15501376047810,3.758558,0.060257,3.575693,7680
live,1442,15501382289252,15501382442773,15501382568726,15501386460968,4.171716,0.125953,3.892242,7680
live,1443,15501392289252,15501392427605,15501392495509,15501395920513,3.631261,0.067904,3.425004,7680
live,1444,15501402289252,15501402400596,15501402465813,15501406806829,4.517577,0.065217,4.341016,7680
live,1445,15501412289252,15501412427733,15501412495414,15501415478140,3.188888,0.067681,2.982726,7680
live,1446,15501422289252,15501422448854,15501422523095,15501426500298,4.211046,0.074241,3.977203,7680
live,1447,15501432289252,15501432432662,15501432504663,15501435418076,3.128824,0.072001,2.913413,7680
live,1448,15501442289252,15501442396405,15501442444342,15501446094533,3.805281,0.047937,3.650191,7680
live,1449,15501452289252,15501452433654,15501452524567,15501456954416,4.665164,0.090913,4.429849,7680
live,1450,15501462289252,15501462435639,15501462514808,15501466654861,4.365609,0.079169,4.140053,7680
live,1451,15501472289252,15501472423383,15501472486071,15501475388541,3.099289,0.062688,2.90247,7680
live,1452,15501482289252,15501482408247,15501482474840,15501486288424,3.999172,0.066593,3.813584,7680
live,1453,15501492289252,15501492436055,15501492509240,15501496507212,4.21796,0.073185,3.997972,7680
live,1454,15501502289252,15501502440088,15501502535897,15501508565670,6.276418,0.095809,6.029773,7680
live,1455,15501512289252,15501512446488,15501512537177,15501517972543,5.683291,0.090689,5.435366,7680
live,1456,15501522289252,15501522453048,15501522535609,15501526769168,4.479916,0.082561,4.233559,7680
live,1457,15501532289252,15501532416408,15501532478553,15501535403038,3.113786,0.062145,2.924485,7680
live,1458,15501542289252,15501542405176,15501542485305,15501546450028,4.160776,0.080129,3.964723,7680
live,1459,15501552289252,15501552616251,15501552763453,15501559031022,6.74177,0.147202,6.267569,7680
live,1460,15501562289252,15501562485946,15501562595515,15501569123023,6.833771,0.109569,6.527508,7680
live,1461,15501572289252,15501572458970,15501572564315,15501577944128,5.654876,0.105345,5.379813,7680
live,1462,15501582289252,15501582453690,15501582519291,15501585696100,3.406848,0.065601,3.176809,7680
live,1463,15501592289252,15501592419514,15501592722398,15501596785074,4.495822,0.302884,4.062676,7680
live,1464,15501602289252,15501602470779,15501602859168,15501611550575,9.261323,0.388389,8.691407,7680
live,1465,15501612289252,15501612462875,15501612793343,15501616122858,3.833606,0.330468,3.329515,7680
live,1466,15501622289252,15501622407738,15501622690430,15501626460686,4.171434,0.282692,3.770256,7680
live,1467,15501632289252,15501632426907,15501632514076,15501636593200,4.303948,0.087169,4.079124,7680
live,1468,15501642289252,15501642432283,15501642519996,15501646173931,3.884679,0.087713,3.653935,7680
live,1469,15501652289252,15501652399355,15501652471260,15501656049994,3.760742,0.071905,3.578734,7680
live,1470,15501662289252,15501662423804,15501662487132,15501665646053,3.356801,0.063328,3.158921,7680
live,1471,15501672289252,15501672414492,15501672704800,15501677005239,4.715987,0.290308,4.300439,7680
live,1472,15501682289252,15501682448444,15501682535422,15501686701555,4.412303,0.086978,4.166133,7680
live,1473,15501692289252,15501692413692,15501692474941,15501695427555,3.138303,0.061249,2.952614,7680
live,1474,15501702289252,15501702405532,15501702476701,15501706304686,4.015434,0.071169,3.827985,7680
live,1475,15501712289252,15501712420701,15501712495070,15501715611494,3.322242,0.074369,3.116424,7680
live,1476,15501722289252,15501722408477,15501722479902,15501726335375,4.046123,0.071425,3.855473,7680
live,1477,15501732289252,15501732428638,15501732519583,15501737764066,5.474814,0.090945,5.244483,7680
live,1478,15501742289252,15501742431358,15501742530399,15501746575475,4.286223,0.099041,4.045076,7680
live,1479,15501752289252,15501752425342,15501752482239,15501755427909,3.138657,0.056897,2.94567,7680
live,1480,15501762289252,15501762406750,15501762477311,15501768137096,5.847844,0.070561,5.659785,7680
live,1481,15501772289252,15501772421983,15501772484927,15501775472678,3.183426,0.062944,2.987751,7680
live,1482,15501782289252,15501782425279,15501782500416,15501785235843,2.946591,0.075137,2.735427,7680
live,1483,15501792289252,15501792414335,15501792478496,15501796173775,3.884523,0.064161,3.695279,7680
live,1484,15501802289252,15501802437920,15501802531265,15501807446720,5.157468,0.093345,4.915455,7680
live,1485,15501812289252,15501812427744,15501812504961,15501815754570,3.465318,0.077217,3.249609,7680
live,1486,15501822289252,15501822415168,15501822485313,15501826554997,4.265745,0.070145,4.069684,7680
live,1487,15501832289252,15501832438528,15501832515777,15501836776216,4.486964,0.077249,4.260439,7680
live,1488,15501842289252,15501842442273,15501842531042,15501846906874,4.617622,0.088769,4.375832,7680
live,1489,15501852289252,15501852416961,15501852478241,15501855415303,3.126051,0.06128,2.937062,7680
live,1490,15501862289252,15501862409889,15501862487682,15501867510242,5.22099,0.077793,5.02256,7680
live,1491,15501872289252,15501872420193,15501872485250,15501875417448,3.128196,0.065057,2.932198,7680
live,1492,15501882289252,15501882389025,15501882434082,15501885469129,3.179877,0.045057,3.035047,7680
live,1493,15501892289252,15501892434818,15501892512675,15501896744153,4.454901,0.077857,4.231478,7680
live,1494,15501902289252,15501902430914,15501902521955,15501906702361,4.413109,0.091041,4.180406,7680
live,1495,15501912289252,15501912417026,15501912487427,15501915539114,3.249862,0.070401,3.051687,7680
live,1496,15501922289252,15501922411906,15501922484867,15501926970461,4.681209,0.072961,4.485594,7680
live,1497,15501932289252,15501932445763,15501932531172,15501937870697,5.581445,0.085409,5.339525,7680
live,1498,15501942289252,15501942422627,15501942491172,15501945577932,3.28868,0.068545,3.08676,7680
live,1499,15501952289252,15501952404643,15501952533061,15501957054399,4.765147,0.128418,4.521338,7680
